{"applied_filters": "CONTAINS missense_variant[Consequence]"},,"Surface Area","Normalized SA","Confidence Score","|ddG|""Genomic Description (GRCh37)","HGVS Nucleotide Change","HGVS Protein Change","Variant Classification","Phenotype","Consequence","Exon","Intron","Protein Position","Impact","CADD Phred","Interpro Domain","Max MAF (%)","Max MAF Source","Surface Area","Normalized SA","Confidence Score","|ddG|"
"2:179318146:G>A","NM_001042702.4:c.10G>A","NP_001036167.1:p.Ala4Thr","Unknown significance","null","missense_variant","2/7","null","4","MODERATE","25.2","null","0","null"","12.936497703855363","0.1017350498747224","88.41","0.1"
"2:179318146:G>T","NM_001042702.4:c.10G>T","NP_001036167.1:p.Ala4Ser","Unknown significance","null","missense_variant","2/7","null","4","MODERATE","27.6","null","0.000883548","gnomad_AF_nfe_pass"","12.936497703855363","0.1017350498747224","88.41","0.3"
"2:179318165:T>G","NM_001042702.4:c.29T>G","NP_001036167.1:p.Val10Gly","Unknown significance","null","missense_variant","2/7","null","10","MODERATE","27.1","null","0.00264933","gnomad_AF_nfe_pass"","18.296144876528864","0.1064397014879209","94.11","3.9"
"2:179318174:T>C","NM_001042702.4:c.38T>C","NP_001036167.1:p.Val13Ala","Unknown significance","null","missense_variant","2/7","null","13","MODERATE","26.7","null","0.00556235","gnomad_AF_eas_pass"","39.379128160234046","0.2290921215652891","90.78","1.6"
"2:179318179:G>A","NM_001042702.4:c.43G>A","NP_001036167.1:p.Asp15Asn","Unknown significance","null","missense_variant","2/7","null","15","MODERATE","25.5","null","0.000883033","gnomad_AF_nfe_pass"","171.80326729467117","1.073905732714017","65.98","0.0"
"2:179318180:A>C","NM_001042702.4:c.44A>C","NP_001036167.1:p.Asp15Ala","Unknown significance","null","missense_variant","2/7","null","15","MODERATE","23.9","null","0.00645828","gnomad_AF_afr_pass"","171.80326729467117","1.073905732714017","65.98","0.0"
"2:179318183:G>A","NM_001042702.4:c.47G>A","NP_001036167.1:p.Gly16Glu","Unknown significance","null","missense_variant","2/7","null","16","MODERATE","22.9","null","0.000883002","gnomad_AF_nfe_pass"","64.37564196341826","0.6751779312185848","71.57","0.0"
"2:179318183:G>T","NM_001042702.4:c.47G>T","NP_001036167.1:p.Gly16Val","Unknown significance","null","missense_variant","2/7","null","16","MODERATE","26.4","null","0.001766","gnomad_AF_nfe_pass"","64.37564196341826","0.6751779312185848","71.57","0.2"
"2:179318185:G>A","NM_001042702.4:c.49G>A","NP_001036167.1:p.Gly17Arg","Unknown significance","null","missense_variant","2/7","null","17","MODERATE","31","null","0","null"","68.75392305886868","0.7210977649034975","79.09","0.0"
"2:179318186:G>T","NM_001042702.4:c.50G>T","NP_001036167.1:p.Gly17Val","Unknown significance","null","missense_variant","2/7","null","17","MODERATE","29.0","null","0.00326797","gnomad_AF_sas_pass"","68.75392305886868","0.7210977649034975","79.09","0.2"
"2:179318189:G>T","NM_001042702.4:c.53G>T","NP_001036167.1:p.Arg18Ile","Unknown significance","null","missense_variant","2/7","null","18","MODERATE","24.4","null","0.00645828","gnomad_AF_afr_pass"","101.02459955443106","0.3749629101825857","87.15","0.3"
"2:179318200:G>C","NM_001042702.4:c.64G>C","NP_001036167.1:p.Val22Leu","Unknown significance","null","missense_variant","2/7","null","22","MODERATE","24.9","null","0.00556235","gnomad_AF_eas_pass"","0.0","0.0","96.2","1.2"
"2:179318204:C>A","NM_001042702.4:c.68C>A","NP_001036167.1:p.Pro23Gln","Unknown significance","null","missense_variant","2/7","null","23","MODERATE","24.2","null","0.00326797","gnomad_AF_sas_pass"","47.845162109073584","0.3041648356703221","91.95","0.2"
"2:179318217:A>C","NM_001042702.4:c.81A>C","NP_001036167.1:p.Glu27Asp","Unknown significance","null","missense_variant","2/7","null","27","MODERATE","16.16","null","0.00326819","gnomad_AF_sas_pass"","16.942809376564192","0.0867657043905548","93.32","0.1"
"2:179318222:A>G","NM_001042702.4:c.86A>G","NP_001036167.1:p.Asp29Gly","Unknown significance","-","missense_variant","2/7","null","29","MODERATE","28.1","null","0.0442966","gnomad_AF_nfe_pass"","95.811283784424","0.5988959845467029","94.23","0.4"
"2:179318223:C>A","NM_001042702.4:c.87C>A","NP_001036167.1:p.Asp29Glu","Unknown significance","null","missense_variant","2/7","null","29","MODERATE","24.2","null","0.23152","gnomad_AF_afr_pass"","95.811283784424","0.5988959845467029","94.23","0.0"
"2:179318225:A>G","NM_001042702.4:c.89A>G","NP_001036167.1:p.Lys30Arg","Unknown significance","null","missense_variant","2/7","null","30","MODERATE","20.5","null","0.00441548","gnomad_AF_nfe_pass"","86.62187726542572","0.3659336166592832","95.7","0.6"
"2:179318240:G>T","NM_001042702.4:c.104G>T","NP_001036167.1:p.Ser35Ile","Unknown significance","null","missense_variant","2/7","null","35","MODERATE","28.5","null","0.000883221","gnomad_AF_nfe_pass"","8.328250063628037","0.06039024839622614","97.9","2.2"
"2:179318248:G>A","NM_001042702.4:c.112G>A","NP_001036167.1:p.Val38Ile","Unknown significance","null","missense_variant","2/7","null","38","MODERATE","21.7","null","0.0032684","gnomad_AF_sas_pass"","29.766690040752152","0.17317077578925613","95.72","0.0"
"2:179318249:T>C","NM_001042702.4:c.113T>C","NP_001036167.1:p.Val38Ala","Unknown significance","null","missense_variant","2/7","null","38","MODERATE","22.6","null","0.000883236","gnomad_AF_nfe_pass"","29.766690040752152","0.17317077578925613","95.72","1.4"
"2:179318252:A>C","NM_001042702.4:c.116A>C","NP_001036167.1:p.Lys39Thr","Unknown significance","null","missense_variant","2/7","null","39","MODERATE","26.7","null","0.000883236","gnomad_AF_nfe_pass"","39.66946425637504","0.16758342100795773","93.83","0.3"
"2:179318261:G>A","NM_001042702.4:c.125G>A","NP_001036167.1:p.Arg42Gln","Unknown significance","null","missense_variant","2/7","null","42","MODERATE","24.7","null","0.00556359","gnomad_AF_eas_pass"","90.06598709923647","0.3342889234913643","64.48","0.2"
"2:179318261:G>C","NM_001042702.4:c.125G>C","NP_001036167.1:p.Arg42Pro","Unknown significance","null","missense_variant","2/7","null","42","MODERATE","27.0","null","0.00980456","gnomad_AF_sas_pass"","90.06598709923647","0.3342889234913643","64.48","0.7"
"2:179318264:G>A","NM_001042702.4:c.128G>A","NP_001036167.1:p.Cys43Tyr","Unknown significance","null","missense_variant","2/7","null","43","MODERATE","23.3","null","0.00088358","gnomad_AF_nfe_pass"","39.4404642770473","0.2552318138119251","57.39","1.0"
"2:179318276:C>G","NM_001042702.4:c.140C>G","NP_001036167.1:p.Pro47Arg","Unknown significance","null","missense_variant","2/7","null","47","MODERATE","19.19","null","0.00176788","gnomad_AF_nfe_pass"","134.32869052726684","0.8539643775663402","53.97","0.1"
"2:179318281:T>C","NM_001042702.4:c.145T>C","NP_001036167.1:p.Tyr49His","Likely benign","null","missense_variant","2/7","null","49","MODERATE","18.39","null","0.00653723","gnomad_AF_sas_pass"","102.25545527904342","0.4262211753516811","79.9","0.4"
"2:179318285:A>G","NM_001042702.4:c.149A>G","NP_001036167.1:p.Lys50Arg","Unknown significance","null","missense_variant","2/7","null","50","MODERATE","22.5","null","0.0028999","gnomad_AF_amr_pass"","124.24127327205011","0.5248565362706837","87.12","0.4"
"2:179318290:A>T","NM_001042702.4:c.154A>T","NP_001036167.1:p.Thr52Ser","Unknown significance","null","missense_variant","2/7","null","52","MODERATE","19.90","null","0.025477","gnomad_AF_amr_pass"","56.69933736268744","0.3603673944839719","93.87","0.5"
"2:179318294:C>T","NM_001042702.4:c.158C>T","NP_001036167.1:p.Ser53Leu","Unknown significance","null","missense_variant","2/7","null","53","MODERATE","25.8","null","0","gnomad_AF_afr_pass,gnomad_AF_sas_pass,gnomad_AF_amr_pass,gnomad_AF_eas_pass,gnomad_AF_nfe_pass"","5.759309841656372","0.041762212862391325","95.77","1.3"
"2:179318297:C>T","NM_001042702.4:c.161C>T","NP_001036167.1:p.Thr54Ile","Pathogenic","Auditory neuropathy","missense_variant","2/7","null","54","MODERATE","31","null","0","null"","9.771861092917014","0.0621076062809721","96.22","1.0"
"2:179318299:C>A","NM_001042702.4:c.163C>A","NP_001036167.1:p.Pro55Thr","Unknown significance","null","missense_variant","2/7","null","55","MODERATE","25.1","null","0","null"","117.6892211231899","0.7481827007189626","95.98","0.1"
"2:179318311:A>G","NM_001042702.4:c.175A>G","NP_001036167.1:p.Lys59Glu","Unknown significance","null","missense_variant","2/7","null","59","MODERATE","23.2","null","0.00981932","gnomad_AF_sas_pass"","54.37776802729563","0.2297185647352644","95.93","0.2"
"2:179318314:G>A","NM_001042702.4:c.178G>A","NP_001036167.1:p.Asp60Asn","Unknown significance","null","missense_variant","2/7","null","60","MODERATE","32","null","0","null"","53.76834862744521","0.3360945268319134","96.47","0.1"
"2:179318315:A>G","NM_001042702.4:c.179A>G","NP_001036167.1:p.Asp60Gly","Unknown significance","null","missense_variant","2/7","null","60","MODERATE","32","null","0.0008878","gnomad_AF_nfe_pass"","53.76834862744521","0.3360945268319134","96.47","0.8"
"2:179318320:C>A","NM_001042702.4:c.184C>A","NP_001036167.1:p.Leu62Ile","Unknown significance","null","missense_variant","2/7","null","62","MODERATE","31","null","0.00557787","gnomad_AF_eas_pass"","5.3894040730918205","0.027945914957824333","97.14","1.3"
"2:179318329:G>A","NM_001042702.4:c.193G>A","NP_001036167.1:p.Asp65Asn","Unknown significance","null","missense_variant","2/7","null","65","MODERATE","24.7","null","0.00581835","gnomad_AF_amr_pass"","132.71691148965644","0.8295852245486459","89.78","0.0"
"2:179318329:G>T","NM_001042702.4:c.193G>T","NP_001036167.1:p.Asp65Tyr","Unknown significance","null","missense_variant","2/7","null","65","MODERATE","24.7","null","0.00648004","gnomad_AF_nfe_pass"","132.71691148965644","0.8295852245486459","89.78","0.1"
"2:179318331:C>G","NM_001042702.4:c.195C>G","NP_001036167.1:p.Asp65Glu","Likely benign","null","missense_variant","2/7","null","65","MODERATE","18.97","null","0","null"","132.71691148965644","0.8295852245486459","89.78","0.1"
"2:179318333:G>A","NM_001042702.4:c.197G>A","NP_001036167.1:p.Arg66Lys","Unknown significance","null","missense_variant","2/7","null","66","MODERATE","21.1","null","0.00291375","gnomad_AF_amr_pass"","136.24655881195295","0.5056927364207695","91.31","0.5"
"2:179318337:A>T","NM_001042702.4:c.201A>T","NP_001036167.1:p.Glu67Asp","Unknown significance","null","missense_variant","2/7","null","67","MODERATE","21.0","null","0.00329989","gnomad_AF_sas_pass"","129.57921113284374","0.6635872055472282","92.76","0.1"
"2:179318347:G>A","NM_001042702.4:c.211G>A","NP_001036167.1:p.Gly71Ser","Unknown significance","null","missense_variant&splice_region_variant","2/7","null","71","MODERATE","35","null","0","null"","38.56099215233406","0.4044313984774521","93.57","0.4"
"2:179319064:T>C","NM_001042702.4:c.217T>C","NP_001036167.1:p.Ser73Pro","Unknown significance","null","missense_variant","3/7","null","73","MODERATE","24.0","null","0.000885347","gnomad_AF_nfe_pass"","81.29623279545888","0.5894995532898853","96.56","0.2"
"2:179319068:C>T","NM_001042702.4:c.221C>T","NP_001036167.1:p.Ser74Phe","Unknown significance","null","missense_variant","3/7","null","74","MODERATE","32","null","0.00646329","gnomad_AF_afr_pass"","64.65741250504645","0.46884725746767725","96.99","0.4"
"2:179319074:A>G","NM_001042702.4:c.227A>G","NP_001036167.1:p.Gln76Arg","Unknown significance","null","missense_variant","3/7","null","76","MODERATE","24.1","null","0.0114758","gnomad_AF_afr_pass"","118.53870909620737","0.5994320609947089","97.3","0.1"
"2:179319097:T>A","NM_001042702.4:c.250T>A","NP_001036167.1:p.Ser84Thr","Unknown significance","Deafness, autosomal recessive 59","missense_variant","3/7","null","84","MODERATE","23.6","null","0.40516","gnomad_AF_afr_pass"","48.37601053112465","0.3507866922910816","74.04","0.4"
"2:179319100:G>T","NM_001042702.4:c.253G>T","NP_001036167.1:p.Asp85Tyr","Unknown significance","null","missense_variant","3/7","null","85","MODERATE","29.8","null","0.00290259","gnomad_AF_amr_pass"","82.6616687418897","0.5167005339040825","73.0","0.4"
"2:179319103:G>A","NM_001042702.4:c.256G>A","NP_001036167.1:p.Val86Ile","Unknown significance","null","missense_variant","3/7","null","86","MODERATE","18.67","null","0.00155579","gnomad_AF_nfe_pass"","17.909814094571946","0.10419218249500774","69.04","0.1"
"2:179319106:T>C","NM_001042702.4:c.259T>C","NP_001036167.1:p.Ser87Pro","Unknown significance","null","missense_variant","3/7","null","87","MODERATE","22.7","null","0","null"","53.66183687550808","0.3891155565155995","66.12","0.3"
"2:179319112:T>C","NM_001042702.4:c.265T>C","NP_001036167.1:p.Tyr89His","Likely benign","null","missense_variant","3/7","null","89","MODERATE","22.5","null","0.00265125","gnomad_AF_nfe_pass"","150.02469391864324","0.6253329096162673","60.85","0.2"
"2:179319113:A>G","NM_001042702.4:c.266A>G","NP_001036167.1:p.Tyr89Cys","Unknown significance","null","missense_variant","3/7","null","89","MODERATE","23.8","null","0.00511823","gnomad_AF_eas_pass"","150.02469391864324","0.6253329096162673","60.85","0.6"
"2:179319120:G>T","NM_001042702.4:c.273G>T","NP_001036167.1:p.Arg91Ser","Unknown significance","null","missense_variant","3/7","null","91","MODERATE","22.4","null","0.000883751","gnomad_AF_nfe_pass"","236.0424787151666","0.87609527913113","57.05","0.1"
"2:179319122:G>A","NM_001042702.4:c.275G>A","NP_001036167.1:p.Arg92Gln","Unknown significance","null","missense_variant","3/7","null","92","MODERATE","22.9","null","0.00176744","gnomad_AF_nfe_pass"","233.17808144405726","0.8654637820360532","51.9","0.1"
"2:179319128:A>G","NM_001042702.4:c.281A>G","NP_001036167.1:p.Asn94Ser","Unknown significance","null","missense_variant","3/7","null","94","MODERATE","23.7","null","0.000883626","gnomad_AF_nfe_pass"","75.00138183755652","0.4692657661323654","57.66","0.1"
"2:179319131:A>C","NM_001042702.4:c.284A>C","NP_001036167.1:p.His95Pro","Unknown significance","null","missense_variant","3/7","null","95","MODERATE","25.2","null","0.000883689","gnomad_AF_nfe_pass"","119.5540606763289","0.5820482489016137","58.0","0.4"
"2:179319131:A>G","NM_001042702.4:c.284A>G","NP_001036167.1:p.His95Arg","Unknown significance","null","missense_variant","3/7","null","95","MODERATE","22.2","null","0.0032684","gnomad_AF_sas_pass"","119.5540606763289","0.5820482489016137","58.0","0.1"
"2:179319142:G>A","NM_001042702.4:c.295G>A","NP_001036167.1:p.Asp99Asn","Unknown significance","null","missense_variant","3/7","null","99","MODERATE","23.3","null","0.00556235","gnomad_AF_eas_pass"","32.027524594497166","0.20019725356955706","68.56","0.1"
"2:179319143:A>C","NM_001042702.4:c.296A>C","NP_001036167.1:p.Asp99Ala","Unknown significance","null","missense_variant","3/7","null","99","MODERATE","22.7","null","0.000883704","gnomad_AF_nfe_pass"","32.027524594497166","0.20019725356955706","68.56","0.1"
"2:179319143:A>G","NM_001042702.4:c.296A>G","NP_001036167.1:p.Asp99Gly","Unknown significance","null","missense_variant","3/7","null","99","MODERATE","22.8","null","0.00645911","gnomad_AF_afr_pass"","32.027524594497166","0.20019725356955706","68.56","0.6"
"2:179319145:G>A","NM_001042702.4:c.298G>A","NP_001036167.1:p.Val100Ile","Unknown significance","Deafness, autosomal recessive 59","missense_variant","3/7","null","100","MODERATE","22.7","null","0.0435513","gnomad_AF_nfe_pass"","3.564148277481415","0.02073479857499809","67.77","0.1"
"2:179319146:T>C","NM_001042702.4:c.299T>C","NP_001036167.1:p.Val100Ala","Unknown significance","null","missense_variant","3/7","null","100","MODERATE","21.1","null","0.000883658","gnomad_AF_nfe_pass"","3.564148277481415","0.02073479857499809","67.77","1.6"
"2:179319157:G>A","NM_001042702.4:c.310G>A","NP_001036167.1:p.Val104Ile","Likely benign","null","missense_variant","3/7","null","104","MODERATE","8.935","null","0.00653637","gnomad_AF_sas_pass"","26.579750040537668","0.15463042509942818","62.6","0.1"
"2:179319160:G>A","NM_001042702.4:c.313G>A","NP_001036167.1:p.Ala105Thr","Likely benign","null","missense_variant","3/7","null","105","MODERATE","6.919","null","0","null"","68.47535493948988","0.5385030639229501","63.07","0.2"
"2:179319175:A>G","NM_001042702.4:c.328A>G","NP_001036167.1:p.Ile110Val","Likely benign","null","missense_variant","3/7","null","110","MODERATE","12.39","null","0.000884064","gnomad_AF_nfe_pass"","0.0","0.0","74.07","0.0"
"2:179319177:T>G","NM_001042702.4:c.330T>G","NP_001036167.1:p.Ile110Met","Unknown significance","null","missense_variant","3/7","null","110","MODERATE","23.3","null","0.00556297","gnomad_AF_eas_pass"","0.0","0.0","74.07","0.6"
"2:179319178:G>T","NM_001042702.4:c.331G>T","NP_001036167.1:p.Ala111Ser","Unknown significance","null","missense_variant","3/7","null","111","MODERATE","24.9","null","0.0017686","gnomad_AF_nfe_pass"","0.00913685515272547","7.185394655800983E-5","77.28","0.4"
"2:179319179:C>G","NM_001042702.4:c.332C>G","NP_001036167.1:p.Ala111Gly","Unknown significance","null","missense_variant","3/7","null","111","MODERATE","24.9","null","0.000884267","gnomad_AF_nfe_pass"","0.00913685515272547","7.185394655800983E-5","77.28","1.4"
"2:179319179:C>T","NM_001042702.4:c.332C>T","NP_001036167.1:p.Ala111Val","Unknown significance","null","missense_variant","3/7","null","111","MODERATE","26.0","null","0","null"","0.00913685515272547","7.185394655800983E-5","77.28","0.6"
"2:179319182:T>A","NM_001042702.4:c.335T>A","NP_001036167.1:p.Val112Glu","Unknown significance","null","missense_variant","3/7","null","112","MODERATE","24.1","null","0.00326819","gnomad_AF_sas_pass"","12.520471195969492","0.07283912679860345","82.38","2.1"
"2:179319182:T>C","NM_001042702.4:c.335T>C","NP_001036167.1:p.Val112Ala","Unknown significance","null","missense_variant","3/7","null","112","MODERATE","22.1","null","0","null"","12.520471195969492","0.07283912679860345","82.38","1.4"
"2:179319187:G>T","NM_001042702.4:c.340G>T","NP_001036167.1:p.Ala114Ser","Unknown significance","null","missense_variant","3/7","null","114","MODERATE","23.2","null","0.0032684","gnomad_AF_sas_pass"","0.0","0.0","90.66","0.5"
"2:179319193:T>C","NM_001042702.4:c.346T>C","NP_001036167.1:p.Phe116Leu","Unknown significance","null","missense_variant","3/7","null","116","MODERATE","25.1","null","0.000884267","gnomad_AF_nfe_pass"","0.0","0.0","94.42","0.7"
"2:179319196:G>C","NM_001042702.4:c.349G>C","NP_001036167.1:p.Gly117Arg","Unknown significance","null","missense_variant","3/7","null","117","MODERATE","28.5","null","0.00646245","gnomad_AF_afr_pass"","17.02964582170262","0.17860856505036804","94.43","0.3"
"2:179319197:G>A","NM_001042702.4:c.350G>A","NP_001036167.1:p.Gly117Asp","Unknown significance","null","missense_variant","3/7","null","117","MODERATE","27.5","null","0.0114969","gnomad_AF_afr_pass"","17.02964582170262","0.17860856505036804","94.43","0.6"
"2:179319197:G>C","NM_001042702.4:c.350G>C","NP_001036167.1:p.Gly117Ala","Unknown significance","null","missense_variant","3/7","null","117","MODERATE","26.2","null","0.00648508","gnomad_AF_nfe_pass"","17.02964582170262","0.17860856505036804","94.43","0.4"
"2:179319199:A>G","NM_001042702.4:c.352A>G","NP_001036167.1:p.Ile118Val","Likely benign","null","missense_variant","3/7","null","118","MODERATE","13.72","null","0.00579341","gnomad_AF_amr_pass"","50.956992638951505","0.2597742921596935","96.24","0.1"
"2:179319199:A>T","NM_001042702.4:c.352A>T","NP_001036167.1:p.Ile118Leu","Likely benign","null","missense_variant","3/7","null","118","MODERATE","15.71","null","0.0111235","gnomad_AF_eas_pass"","50.956992638951505","0.2597742921596935","96.24","0.2"
"2:179319202:G>C","NM_001042702.4:c.355G>C","NP_001036167.1:p.Val119Leu","Unknown significance","null","missense_variant","3/7","null","119","MODERATE","23.1","null","0","null"","0.0","0.0","97.06","0.7"
"2:179319205:A>G","NM_001042702.4:c.358A>G","NP_001036167.1:p.Thr120Ala","Unknown significance","null","missense_variant","3/7","null","120","MODERATE","24.0","null","0.00088458","gnomad_AF_nfe_pass"","24.34822499543435","0.15475148052944213","97.9","0.2"
"2:179319206:C>T","NM_001042702.4:c.359C>T","NP_001036167.1:p.Thr120Ile","Unknown significance","null","missense_variant","3/7","null","120","MODERATE","26.3","null","0.00326861","gnomad_AF_sas_pass"","24.34822499543435","0.15475148052944213","97.9","0.6"
"2:179319208:A>G","NM_001042702.4:c.361A>G","NP_001036167.1:p.Lys121Glu","Unknown significance","null","missense_variant","3/7","null","121","MODERATE","23.6","null","0.000884658","gnomad_AF_nfe_pass"","27.34978258001238","0.11553899742534983","97.15","0.3"
"2:179319211:C>T","NM_001042702.4:c.364C>T","NP_001036167.1:p.His122Tyr","Unknown significance","null","missense_variant","3/7","null","122","MODERATE","25.8","null","0","null"","37.4445439625132","0.18229854444931878","97.97","0.7"
"2:179319215:A>G","NM_001042702.4:c.368A>G","NP_001036167.1:p.Glu123Gly","Unknown significance","null","missense_variant","3/7","null","123","MODERATE","28.9","null","0.0206748","gnomad_AF_afr_pass"","53.152394914549646","0.2721983634653313","96.46","0.9"
"2:179319217:G>A","NM_001042702.4:c.370G>A","NP_001036167.1:p.Val124Met","Pathogenic","Hearing loss","missense_variant","3/7","null","124","MODERATE","28.8","null","0","null"","1.3277576397517041","0.007724366404901913","97.72","1.1"
"2:179319218:T>G","NM_001042702.4:c.371T>G","NP_001036167.1:p.Val124Gly","Unknown significance","null","missense_variant","3/7","null","124","MODERATE","32","null","0.000884956","gnomad_AF_nfe_pass"","1.3277576397517041","0.007724366404901913","97.72","4.0"
"2:179319229:A>G","NM_001042702.4:c.382A>G","NP_001036167.1:p.Thr128Ala","Unknown significance","null","missense_variant","3/7","null","128","MODERATE","18.20","null","0.000885598","gnomad_AF_nfe_pass"","37.13818075384454","0.23604137290932534","95.21","0.1"
"2:179319230:C>G","NM_001042702.4:c.383C>G","NP_001036167.1:p.Thr128Arg","Unknown significance","null","missense_variant","3/7","null","128","MODERATE","23.8","null","0.000885787","gnomad_AF_nfe_pass"","37.13818075384454","0.23604137290932534","95.21","0.4"
"2:179319233:T>C","NM_001042702.4:c.386T>C","NP_001036167.1:p.Leu129Ser","Unknown significance","null","missense_variant","3/7","null","129","MODERATE","24.5","null","0.00289855","gnomad_AF_amr_pass"","0.0","0.0","96.74","4.0"
"2:179319234:A>C","NM_001042702.4:c.387A>C","NP_001036167.1:p.Leu129Phe","Likely pathogenic","Hearing loss, non-syndromic","missense_variant","3/7","null","129","MODERATE","23.5","null","0","null"","0.0","0.0","96.74","0.6"
"2:179319244:A>G","NM_001042702.4:c.397A>G","NP_001036167.1:p.Ile133Val","Unknown significance","null","missense_variant","3/7","null","133","MODERATE","16.90","null","0.000886729","gnomad_AF_nfe_pass"","2.2659054220302726","0.011551387682537247","94.0","0.3"
"2:179319254:G>A","NM_001042702.4:c.407G>A","NP_001036167.1:p.Arg136Gln","Unknown significance","null","missense_variant&splice_region_variant","3/7","null","136","MODERATE","36","null","0","gnomad_AF_afr_pass,gnomad_AF_sas_pass,gnomad_AF_amr_pass,gnomad_AF_eas_pass,gnomad_AF_nfe_pass"","6.992123555455477","0.025951966236670905","94.75","1.0"
"2:179320741:A>G","NM_001042702.4:c.412A>G","NP_001036167.1:p.Ile138Val","Unknown significance","null","missense_variant","4/7","null","138","MODERATE","19.34","null","0","null"","0.20962231239123863","0.001068636216586439","97.12","0.6"
"2:179320744:A>G","NM_001042702.4:c.415A>G","NP_001036167.1:p.Asn139Asp","Unknown significance","null","missense_variant","4/7","null","139","MODERATE","20.3","null","0.000884236","gnomad_AF_nfe_pass"","31.003520723595763","0.19398163805394794","96.52","0.2"
"2:179320748:T>G","NM_001042702.4:c.419T>G","NP_001036167.1:p.Phe140Cys","Unknown significance","null","missense_variant","4/7","null","140","MODERATE","27.0","null","0.00289973","gnomad_AF_amr_pass"","58.329344370087455","0.25388138365685164","95.7","1.0"
"2:179320751:A>G","NM_001042702.4:c.422A>G","NP_001036167.1:p.Asp141Gly","Unknown significance","null","missense_variant","4/7","null","141","MODERATE","26.0","null","0.000883501","gnomad_AF_nfe_pass"","124.27411768303483","0.7768111137192963","94.93","0.3"
"2:179320753:C>T","NM_001042702.4:c.424C>T","NP_001036167.1:p.His142Tyr","Unknown significance","null","missense_variant","4/7","null","142","MODERATE","26.1","null","0.000883455","gnomad_AF_nfe_pass"","35.99550862499258","0.17524392433830632","96.15","0.6"
"2:179320754:A>C","NM_001042702.4:c.425A>C","NP_001036167.1:p.His142Pro","Unknown significance","null","missense_variant","4/7","null","142","MODERATE","28.5","null","0.00645995","gnomad_AF_afr_pass"","35.99550862499258","0.17524392433830632","96.15","1.3"
"2:179320762:A>G","NM_001042702.4:c.433A>G","NP_001036167.1:p.Ile145Val","Likely benign","null","missense_variant","4/7","null","145","MODERATE","16.39","null","0.000883111","gnomad_AF_nfe_pass"","0.0","0.0","95.21","0.6"
"2:179320763:T>C","NM_001042702.4:c.434T>C","NP_001036167.1:p.Ile145Thr","Unknown significance","null","missense_variant","4/7","null","145","MODERATE","23.0","null","0.0114758","gnomad_AF_afr_pass"","0.0","0.0","95.21","2.9"
"2:179320765:C>A","NM_001042702.4:c.436C>A","NP_001036167.1:p.Arg146Ser","Unknown significance","null","missense_variant","4/7","null","146","MODERATE","24.1","null","0.0196207","gnomad_AF_sas_pass"","150.38821660981054","0.5581809144098735","92.22","0.6"
"2:179320765:C>T","NM_001042702.4:c.436C>T","NP_001036167.1:p.Arg146Cys","Unknown significance","null","missense_variant","4/7","null","146","MODERATE","32","null","0.00155463","gnomad_AF_nfe_pass"","150.38821660981054","0.5581809144098735","92.22","0.4"
"2:179320766:G>A","NM_001042702.4:c.437G>A","NP_001036167.1:p.Arg146His","Unknown significance","Deafness, autosomal recessive 59","missense_variant","4/7","null","146","MODERATE","23.0","null","0.00621813","gnomad_AF_nfe_pass"","150.38821660981054","0.5581809144098735","92.22","0.1"
"2:179320774:A>G","NM_001042702.4:c.445A>G","NP_001036167.1:p.Arg149Gly","Likely benign","null","missense_variant","4/7","null","149","MODERATE","22.9","null","0.00176594","gnomad_AF_nfe_pass"","99.9252008122051","0.37088238174046095","87.18","1.3"
"2:179320777:A>T","NM_001042702.4:c.448A>T","NP_001036167.1:p.Ser150Cys","Unknown significance","null","missense_variant","4/7","null","150","MODERATE","27.5","null","0.00645828","gnomad_AF_afr_pass"","103.47886880905219","0.7503514595978469","81.59","0.2"
"2:179320785:A>C","NM_001042702.4:c.456A>C","NP_001036167.1:p.Arg152Ser","Likely benign","null","missense_variant","4/7","null","152","MODERATE","19.32","null","0.000882909","gnomad_AF_nfe_pass"","117.29437484465792","0.4353498091927942","74.69","0.6"
"2:179320798:T>G","NM_001042702.4:c.469T>G","NP_001036167.1:p.Cys157Gly","Unknown significance","null","missense_variant","4/7","null","157","MODERATE","25.0","null","0.00289821","gnomad_AF_amr_pass"","0.0","0.0","96.9","3.2"
"2:179320801:G>A","NM_001042702.4:c.472G>A","NP_001036167.1:p.Val158Met","Unknown significance","null","missense_variant","4/7","null","158","MODERATE","28.9","null","0.000883033","gnomad_AF_nfe_pass"","0.0","0.0","97.89","2.2"
"2:179320807:A>G","NM_001042702.4:c.478A>G","NP_001036167.1:p.Met160Val","Unknown significance","null","missense_variant","4/7","null","160","MODERATE","16.96","null","0.00088294","gnomad_AF_nfe_pass"","0.28955226368002857","0.0013372189134248551","97.38","0.7"
"2:179320808:T>C","NM_001042702.4:c.479T>C","NP_001036167.1:p.Met160Thr","Unknown significance","null","missense_variant","4/7","null","160","MODERATE","21.0","null","0.0032684","gnomad_AF_sas_pass"","0.28955226368002857","0.0013372189134248551","97.38","0.4"
"2:179320812:G>C","NM_001042702.4:c.483G>C","NP_001036167.1:p.Glu161Asp","Unknown significance","null","missense_variant","4/7","null","161","MODERATE","23.1","null","0.00326926","gnomad_AF_sas_pass"","33.18287672989892","0.16993260144667255","96.33","0.6"
"2:179320817:T>A","NM_001042702.4:c.488T>A","NP_001036167.1:p.Ile163Asn","Unknown significance","null","missense_variant","4/7","null","163","MODERATE","29.5","null","0.00326904","gnomad_AF_sas_pass"","0.02388363588045528","1.2175668703616786E-4","97.55","4.3"
"2:179320820:G>A","NM_001042702.4:c.491G>A","NP_001036167.1:p.Arg164Gln","Unknown significance","null","missense_variant","4/7","null","164","MODERATE","26.3","null","0.00980841","gnomad_AF_sas_pass"","29.08270191479776","0.10794335829136104","97.69","0.1"
"2:179320822:A>G","NM_001042702.4:c.493A>G","NP_001036167.1:p.Thr165Ala","Unknown significance","null","missense_variant","4/7","null","165","MODERATE","25.8","null","0.00653851","gnomad_AF_sas_pass"","0.0","0.0","97.26","0.9"
"2:179320828:C>G","NM_001042702.4:c.499C>G","NP_001036167.1:p.Arg167Gly","Unknown significance","null","missense_variant","4/7","null","167","MODERATE","24.1","null","0.00326926","gnomad_AF_sas_pass"","189.45746379613482","0.7031903347712374","94.9","0.6"
"2:179320831:C>G","NM_001042702.4:c.502C>G","NP_001036167.1:p.Gln168Glu","Unknown significance","null","missense_variant","4/7","null","168","MODERATE","22.7","null","0.00289771","gnomad_AF_amr_pass"","126.42205165604294","0.6392969145450731","95.43","0.1"
"2:179320844:C>T","NM_001042702.4:c.515C>T","NP_001036167.1:p.Ser172Phe","Unknown significance","null","missense_variant","4/7","null","172","MODERATE","26.9","null","0.000883423","gnomad_AF_nfe_pass"","28.839355395267884","0.20912146280446478","87.88","1.0"
"2:179320852:G>A","NM_001042702.4:c.523G>A","NP_001036167.1:p.Ala175Thr","Unknown significance","null","missense_variant","4/7","null","175","MODERATE","22.7","null","0.000883423","gnomad_AF_nfe_pass"","0.0","0.0","72.69","0.4"
"2:179320862:G>A","NM_001042702.4:c.533G>A","NP_001036167.1:p.Arg178Gln","Unknown significance","null","missense_variant","4/7","null","178","MODERATE","26.4","null","0.0166963","gnomad_AF_eas_pass"","148.61163433125824","0.5515869515109079","55.47","0.0"
"2:179320870:G>A","NM_001042702.4:c.541G>A","NP_001036167.1:p.Ala181Thr","Unknown significance","null","missense_variant","4/7","null","181","MODERATE","17.19","null","0.000883954","gnomad_AF_nfe_pass"","39.89636299106381","0.3137524986771556","46.74","0.2"
"2:179320876:C>T","NM_001042702.4:c.547C>T","NP_001036167.1:p.Arg183Trp","Pathogenic","Auditory neuropathy","missense_variant&splice_region_variant","4/7","null","183","MODERATE","33","null","0.00328235","gnomad_AF_sas_pass"","146.27684987595504","0.542921165376929","50.05","0.6"
"2:179320877:G>A","NM_001042702.4:c.548G>A","NP_001036167.1:p.Arg183Gln","Pathogenic","Auditory neuropathy spectrum disorder","missense_variant&splice_region_variant","4/7","null","183","MODERATE","29.8","null","0.0501169","gnomad_AF_eas_pass"","146.27684987595504","0.542921165376929","50.05","0.1"
"2:179323239:T>G","NM_001042702.4:c.552T>G","NP_001036167.1:p.Phe184Leu","Unknown significance","null","missense_variant&splice_region_variant","5/7","null","184","MODERATE","22.9","null","0.000883861","gnomad_AF_nfe_pass"","36.78566945270535","0.160111462939497","51.04","0.2"
"2:179323240:C>T","NM_001042702.4:c.553C>T","NP_001036167.1:p.His185Tyr","Unknown significance","null","missense_variant","5/7","null","185","MODERATE","21.3","null","0.00646412","gnomad_AF_afr_pass"","163.96602251425338","0.79826762674469","46.48","0.2"
"2:179323246:A>T","NM_001042702.4:c.559A>T","NP_001036167.1:p.Met187Leu","Likely benign","null","missense_variant","5/7","null","187","MODERATE","20.7","null","0.000883423","gnomad_AF_nfe_pass"","19.942733547119893","0.092100127782356","45.82","0.1"
"2:179323249:G>T","NM_001042702.4:c.562G>T","NP_001036167.1:p.Asp188Tyr","Unknown significance","null","missense_variant","5/7","null","188","MODERATE","33","null","0.0129149","gnomad_AF_afr_pass"","135.70949204814832","0.8482912099933861","49.71","0.3"
"2:179323255:C>G","NM_001042702.4:c.568C>G","NP_001036167.1:p.Gln190Glu","Unknown significance","null","missense_variant","5/7","null","190","MODERATE","19.45","null","0.000883221","gnomad_AF_nfe_pass"","70.11394010376723","0.35455543544640694","41.28","0.4"
"2:179323261:C>T","NM_001042702.4:c.574C>T","NP_001036167.1:p.Pro192Ser","Unknown significance","null","missense_variant","5/7","null","192","MODERATE","16.21","null","0.000883158","gnomad_AF_nfe_pass"","139.39404351111844","0.8861662176276829","47.35","0.1"
"2:179323275:C>G","NM_001042702.4:c.588C>G","NP_001036167.1:p.Asp196Glu","Likely benign","null","missense_variant","5/7","null","196","MODERATE","18.16","null","0.04095","gnomad_AF_eas_pass"","52.7224991234234","0.32955714372150513","73.9","0.1"
"2:179323279:G>C","NM_001042702.4:c.592G>C","NP_001036167.1:p.Ala198Pro","Unknown significance","null","missense_variant","5/7","null","198","MODERATE","25.1","null","0.00289637","gnomad_AF_amr_pass"","62.71977130059603","0.4932400721947874","87.02","0.4"
"2:179323280:C>A","NM_001042702.4:c.593C>A","NP_001036167.1:p.Ala198Asp","Pathogenic","Hearing loss, autosomal recessive","missense_variant","5/7","null","198","MODERATE","24.6","null","0.0511876","gnomad_AF_eas_pass"","62.71977130059603","0.4932400721947874","87.02","0.6"
"2:179323284:T>G","NM_001042702.4:c.597T>G","NP_001036167.1:p.Ile199Met","Unknown significance","null","missense_variant","5/7","null","199","MODERATE","24.8","null","0.000883018","gnomad_AF_nfe_pass"","58.37997723047009","0.2976160184490911","90.54","0.8"
"2:179323289:T>C","NM_001042702.4:c.602T>C","NP_001036167.1:p.Phe201Ser","Unknown significance","null","missense_variant","5/7","null","201","MODERATE","25.4","null","0.0028962","gnomad_AF_amr_pass"","4.120199981031077","0.017933376132092043","93.21","3.3"
"2:179323300:A>G","NM_001042702.4:c.613A>G","NP_001036167.1:p.Thr205Ala","Unknown significance","null","missense_variant","5/7","null","205","MODERATE","25.4","null","0.000882909","gnomad_AF_nfe_pass"","4.020044705710161","0.025550440334761455","97.54","0.6"
"2:179323301:C>A","NM_001042702.4:c.614C>A","NP_001036167.1:p.Thr205Lys","Unknown significance","null","missense_variant","5/7","null","205","MODERATE","27.8","null","0","gnomad_AF_afr_pass,gnomad_AF_sas_pass,gnomad_AF_amr_pass,gnomad_AF_eas_pass,gnomad_AF_nfe_pass"","4.020044705710161","0.025550440334761455","97.54","1.8"
"2:179323303:A>G","NM_001042702.4:c.616A>G","NP_001036167.1:p.Thr206Ala","Unknown significance","null","missense_variant","5/7","null","206","MODERATE","23.7","null","0.000882909","gnomad_AF_nfe_pass"","0.0","0.0","97.77","0.5"
"2:179323304:C>T","NM_001042702.4:c.617C>T","NP_001036167.1:p.Thr206Ile","Unknown significance","null","missense_variant","5/7","null","206","MODERATE","24.5","null","0.0114732","gnomad_AF_afr_pass"","0.0","0.0","97.77","2.2"
"2:179323306:A>G","NM_001042702.4:c.619A>G","NP_001036167.1:p.Ile207Val","Unknown significance","null","missense_variant","5/7","null","207","MODERATE","23.4","null","0.00326797","gnomad_AF_sas_pass"","0.0","0.0","96.68","0.7"
"2:179323317:T>A","NM_001042702.4:c.630T>A","NP_001036167.1:p.Ser210Arg","Unknown significance","null","missense_variant","5/7","null","210","MODERATE","23.6","null","0","null"","0.48909568739359777","0.0035465565785803626","95.61","1.0"
"2:179323333:A>G","NM_001042702.4:c.646A>G","NP_001036167.1:p.Ile216Val","Likely benign","null","missense_variant","5/7","null","216","MODERATE","15.05","null","0.0086886","gnomad_AF_amr_pass"","0.0","0.0","95.07","0.6"
"2:179323335:A>G","NM_001042702.4:c.648A>G","NP_001036167.1:p.Ile216Met","Unknown significance","null","missense_variant","5/7","null","216","MODERATE","23.6","null","0.00826583","gnomad_AF_afr_pass"","0.0","0.0","95.07","1.6"
"2:179323343:A>G","NM_001042702.4:c.656A>G","NP_001036167.1:p.Asp219Gly","Unknown significance","null","missense_variant","5/7","null","219","MODERATE","32","null","0.0028962","gnomad_AF_amr_pass"","99.70744168870213","0.6232500400594359","92.37","0.6"
"2:179323346:G>T","NM_001042702.4:c.659G>T","NP_001036167.1:p.Gly220Val","Unknown significance","null","missense_variant","5/7","null","220","MODERATE","28.1","null","0.000882877","gnomad_AF_nfe_pass"","0.6996463917508228","0.007337958721022206","93.59","0.1"
"2:179323348:G>A","NM_001042702.4:c.661G>A","NP_001036167.1:p.Ala221Thr","Unknown significance","null","missense_variant","5/7","null","221","MODERATE","22.8","null","0.000882893","gnomad_AF_nfe_pass"","33.12492222387813","0.2605006155211714","94.97","0.4"
"2:179323349:C>T","NM_001042702.4:c.662C>T","NP_001036167.1:p.Ala221Val","Unknown significance","null","missense_variant","5/7","null","221","MODERATE","22.3","null","0.00826515","gnomad_AF_afr_pass"","33.12492222387813","0.2605006155211714","94.97","0.5"
"2:179325078:T>G","NM_001042702.4:c.671T>G","NP_001036167.1:p.Leu224Arg","Unknown significance","null","missense_variant","6/7","null","224","MODERATE","27.2","null","0.00441571","gnomad_AF_nfe_pass"","5.6781069470277785","0.0294429387203171","95.36","2.7"
"2:179325089:T>A","NM_001042702.4:c.682T>A","NP_001036167.1:p.Ser228Thr","Likely benign","null","missense_variant","6/7","null","228","MODERATE","22.0","null","0.00645745","gnomad_AF_afr_pass"","91.28003736493044","0.6618946462906248","74.05","0.1"
"2:179325090:C>T","NM_001042702.4:c.683C>T","NP_001036167.1:p.Ser228Leu","Unknown significance","null","missense_variant","6/7","null","228","MODERATE","26.6","null","0","null"","91.28003736493044","0.6618946462906248","74.05","0.1"
"2:179325092:G>A","NM_001042702.4:c.685G>A","NP_001036167.1:p.Val229Met","Likely benign","null","missense_variant","6/7","null","229","MODERATE","22.7","null","0.00556235","gnomad_AF_eas_pass"","149.16174536209786","0.8677637697396224","77.34","0.0"
"2:179325104:G>A","NM_001042702.4:c.697G>A","NP_001036167.1:p.Gly233Arg","Unknown significance","null","missense_variant","6/7","null","233","MODERATE","28.5","null","0.0114758","gnomad_AF_afr_pass"","2.8787721365138266","0.030192839345751576","93.04","0.6"
"2:179325110:G>C","NM_001042702.4:c.703G>C","NP_001036167.1:p.Glu235Gln","Unknown significance","null","missense_variant","6/7","null","235","MODERATE","23.7","null","0.00326776","gnomad_AF_sas_pass"","59.636971186655565","0.30540648234447104","89.93","0.3"
"2:179325122:A>G","NM_001042702.4:c.715A>G","NP_001036167.1:p.Thr239Ala","Unknown significance","null","missense_variant","6/7","null","239","MODERATE","19.12","null","0.00556235","gnomad_AF_eas_pass"","54.30910890837448","0.3451756754909903","48.87","0.4"
"2:179325123:C>T","NM_001042702.4:c.716C>T","NP_001036167.1:p.Thr239Met","Unknown significance","null","missense_variant","6/7","null","239","MODERATE","22.8","null","0.0139901","gnomad_AF_nfe_pass"","54.30910890837448","0.3451756754909903","48.87","0.2"
"2:179325138:T>G","NM_001042702.4:c.731T>G","NP_001036167.1:p.Leu244Arg","Pathogenic","Progressive hearing loss, autosomal recessive","missense_variant","6/7","null","244","MODERATE","21.1","null","0","null"","104.10801044601595","0.5398358643915103","45.07","1.1"
"2:179325146:A>G","NM_001042702.4:c.739A>G","NP_001036167.1:p.Arg247Gly","Likely benign","null","missense_variant","6/7","null","247","MODERATE","21.9","null","0.000883018","gnomad_AF_nfe_pass"","168.23963610038805","0.6244382441354976","43.1","0.7"
"2:179325155:A>T","NM_001042702.4:c.748A>T","NP_001036167.1:p.Asn250Tyr","Unknown significance","null","missense_variant","6/7","null","250","MODERATE","24.4","null","0.000882987","gnomad_AF_nfe_pass"","61.08568617385612","0.3821985758099964","41.89","0.8"
"2:179325158:A>G","NM_001042702.4:c.751A>G","NP_001036167.1:p.Ile251Val","Likely benign","null","missense_variant","6/7","null","251","MODERATE","18.54","null","0.0496032","gnomad_AF_afr_pass"","101.77373303180988","0.5188335906342063","46.97","0.2"
"2:179325161:C>G","NM_001042702.4:c.754C>G","NP_001036167.1:p.Leu252Val","Unknown significance","null","missense_variant","6/7","null","252","MODERATE","18.50","null","0","null"","86.0793215635232","0.4463509077101722","43.69","0.3"
"2:179325167:G>A","NM_001042702.4:c.760G>A","NP_001036167.1:p.Glu254Lys","Likely benign","null","missense_variant","6/7","null","254","MODERATE","23.2","null","0.000883252","gnomad_AF_nfe_pass"","104.71278523204043","0.5362439231549274","42.6","0.1"
"2:179325169:A>C","NM_001042702.4:c.762A>C","NP_001036167.1:p.Glu254Asp","Unknown significance","null","missense_variant","6/7","null","254","MODERATE","18.79","null","0.0115935","gnomad_AF_amr_pass"","104.71278523204043","0.5362439231549274","42.6","0.2"
"2:179325173:A>C","NM_001042702.4:c.766A>C","NP_001036167.1:p.Asn256His","Unknown significance","null","missense_variant&splice_region_variant","6/7","null","256","MODERATE","24.4","null","0.00088347","gnomad_AF_nfe_pass"","59.30200545206374","0.371038510755991","36.11","0.2"
"2:179325709:A>G","NM_001042702.4:c.767A>G","NP_001036167.1:p.Asn256Ser","Unknown significance","null","missense_variant&splice_region_variant","7/7","null","256","MODERATE","18.65","null","0.000883314","gnomad_AF_nfe_pass"","59.30200545206374","0.371038510755991","36.11","0.4"
"2:179325711:A>G","NM_001042702.4:c.769A>G","NP_001036167.1:p.Arg257Gly","Unknown significance","null","missense_variant&splice_region_variant","7/7","null","257","MODERATE","22.4","null","0.000883267","gnomad_AF_nfe_pass"","142.83905348124242","0.5301614400579276","36.79","1.0"
"2:179325720:A>G","NM_001042702.4:c.778A>G","NP_001036167.1:p.Met260Val","Benign","null","missense_variant","7/7","null","260","MODERATE","20.2","null","1.08824","gnomad_AF_sas_pass"","12.93202728995481","0.0597230747267223","30.6","0.4"
"2:179325722:G>T","NM_001042702.4:c.780G>T","NP_001036167.1:p.Met260Ile","Unknown significance","null","missense_variant","7/7","null","260","MODERATE","22.7","null","0.00648088","gnomad_AF_nfe_pass"","12.93202728995481","0.0597230747267223","30.6","0.0"
"2:179325726:G>A","NM_001042702.4:c.784G>A","NP_001036167.1:p.Val262Ile","Likely benign","null","missense_variant","7/7","null","262","MODERATE","20.4","null","0.000883205","gnomad_AF_nfe_pass"","109.78555358830428","0.6386887309039623","35.63","0.1"
"2:179325727:T>A","NM_001042702.4:c.785T>A","NP_001036167.1:p.Val262Asp","Unknown significance","null","missense_variant","7/7","null","262","MODERATE","22.4","null","0.000883096","gnomad_AF_nfe_pass"","109.78555358830428","0.6386887309039623","35.63","0.8"
"2:179325732:T>C","NM_001042702.4:c.790T>C","NP_001036167.1:p.Ser264Pro","Unknown significance","null","missense_variant","7/7","null","264","MODERATE","22.3","null","0.000883018","gnomad_AF_nfe_pass"","39.33125258022432","0.28520086391591104","29.1","0.5"
"2:179325735:C>G","NM_001042702.4:c.793C>G","NP_001036167.1:p.Arg265Gly","Benign","null","missense_variant","7/7","null","265","MODERATE","23.9","null","6.85648","gnomad_AF_nfe_pass"","212.88906954303425","0.7901590841635535","34.68","0.5"
"2:179325735:C>T","NM_001042702.4:c.793C>T","NP_001036167.1:p.Arg265Cys","Benign","null","missense_variant","7/7","null","265","MODERATE","29.5","null","8.16466","gnomad_AF_nfe_pass"","212.88906954303425","0.7901590841635535","34.68","0.3"
"2:179325736:G>A","NM_001042702.4:c.794G>A","NP_001036167.1:p.Arg265His","Unknown significance","Deafness, autosomal recessive 59","missense_variant","7/7","null","265","MODERATE","18.19","null","0.0334235","gnomad_AF_nfe_pass"","212.88906954303425","0.7901590841635535","34.68","0.1"
"2:179325742:A>G","NM_001042702.4:c.800A>G","NP_001036167.1:p.Gln267Arg","Unknown significance","null","missense_variant","7/7","null","267","MODERATE","22.6","null","0.00826651","gnomad_AF_afr_pass"","73.21741183035668","0.3702492157101895","31.86","0.0"
"2:179325754:A>G","NM_001042702.4:c.812A>G","NP_001036167.1:p.Asp271Gly","Unknown significance","null","missense_variant","7/7","null","271","MODERATE","28.8","null","0.0111247","gnomad_AF_eas_pass"","99.54551383676056","0.6222378634505483","39.22","0.5"
"2:179325757:A>C","NM_001042702.4:c.815A>C","NP_001036167.1:p.Asp272Ala","Unknown significance","null","missense_variant","7/7","null","272","MODERATE","28.1","null","0.0028967","gnomad_AF_amr_pass"","22.69111121400988","0.14183731658945203","38.1","0.3"
"2:179325759:C>G","NM_001042702.4:c.817C>G","NP_001036167.1:p.Leu273Val","Likely benign","null","missense_variant","7/7","null","273","MODERATE","20.3","null","0.0028967","gnomad_AF_amr_pass"","57.43571964568264","0.2978239736696657","31.74","0.7"
"2:179325768:G>A","NM_001042702.4:c.826G>A","NP_001036167.1:p.Asp276Asn","Unknown significance","null","missense_variant","7/7","null","276","MODERATE","24.0","null","0.0952381","gnomad_AF_afr_pass"","20.497067558962858","0.12812281571829837","32.63","0.4"
"2:179325774:T>G","NM_001042702.4:c.832T>G","NP_001036167.1:p.Tyr278Asp","Unknown significance","null","missense_variant","7/7","null","278","MODERATE","28.4","null","0.00289637","gnomad_AF_amr_pass"","145.09838574376198","0.6047990725245185","34.6","1.7"
"2:179325775:A>C","NM_001042702.4:c.833A>C","NP_001036167.1:p.Tyr278Ser","Unknown significance","null","missense_variant","7/7","null","278","MODERATE","24.9","null","0.00645745","gnomad_AF_afr_pass"","145.09838574376198","0.6047990725245185","34.6","1.6"
"2:179325775:A>G","NM_001042702.4:c.833A>G","NP_001036167.1:p.Tyr278Cys","Unknown significance","null","missense_variant","7/7","null","278","MODERATE","28.0","null","0.00289637","gnomad_AF_amr_pass"","145.09838574376198","0.6047990725245185","34.6","1.5"
"2:179325781:A>C","NM_001042702.4:c.839A>C","NP_001036167.1:p.Lys280Thr","Unknown significance","null","missense_variant","7/7","null","280","MODERATE","27.0","null","0.00264896","gnomad_AF_nfe_pass"","128.57922148882795","0.543182173280167","27.86","0.2"
"2:179325783:C>T","NM_001042702.4:c.841C>T","NP_001036167.1:p.Pro281Ser","Likely benign","null","missense_variant","7/7","null","281","MODERATE","20.6","null","0.00466316","gnomad_AF_nfe_pass"","141.80166839103623","0.9014721502167814","26.24","0.0"
"2:179325784:C>G","NM_001042702.4:c.842C>G","NP_001036167.1:p.Pro281Arg","Unknown significance","null","missense_variant","7/7","null","281","MODERATE","23.2","null","0.000883002","gnomad_AF_nfe_pass"","141.80166839103623","0.9014721502167814","26.24","0.0"
"2:179325792:A>G","NM_001042702.4:c.850A>G","NP_001036167.1:p.Met284Val","Unknown significance","null","missense_variant","7/7","null","284","MODERATE","22.9","null","0.00326776","gnomad_AF_sas_pass"","171.08748165518267","0.790121318382627","25.21","0.3"
"2:179325796:C>T","NM_001042702.4:c.854C>T","NP_001036167.1:p.Thr285Ile","Unknown significance","null","missense_variant","7/7","null","285","MODERATE","24.4","null","0.0359454","gnomad_AF_sas_pass"","92.10361846142729","0.5853885168917821","24.7","0.2"
"2:179325799:A>G","NM_001042702.4:c.857A>G","NP_001036167.1:p.Asp286Gly","Unknown significance","null","missense_variant","7/7","null","286","MODERATE","28.4","null","0.0424809","gnomad_AF_sas_pass"","150.73336563035429","0.9422022526735512","22.44","0.3"
"2:179325807:C>G","NM_001042702.4:c.865C>G","NP_001036167.1:p.Leu289Val","Likely benign","null","missense_variant","7/7","null","289","MODERATE","21.3","null","0","gnomad_AF_afr_pass,gnomad_AF_sas_pass,gnomad_AF_amr_pass,gnomad_AF_eas_pass,gnomad_AF_nfe_pass"","197.4231883589485","1.0237071775946076","24.91","0.1"
"2:179325807:C>T","NM_001042702.4:c.865C>T","NP_001036167.1:p.Leu289Phe","Likely benign","null","missense_variant","7/7","null","289","MODERATE","22.3","null","0.00289637","gnomad_AF_amr_pass"","197.4231883589485","1.0237071775946076","24.91","0.1"
"2:179325816:G>A","NM_001042702.4:c.874G>A","NP_001036167.1:p.Gly292Arg","Benign","null","missense_variant","7/7","null","292","MODERATE","24.1","null","13.5549","gnomad_AF_eas_pass"","52.06981930693735","0.5461132783508592","30.02","0.2"
"2:179325823:A>G","NM_001042702.4:c.881A>G","NP_001036167.1:p.His294Arg","Unknown significance","null","missense_variant","7/7","null","294","MODERATE","25.2","null","0.000883049","gnomad_AF_nfe_pass"","73.31673724136006","0.35694210874229687","39.0","0.9"
"2:179325827:C>G","NM_001042702.4:c.885C>G","NP_001036167.1:p.Ile295Met","Likely benign","null","missense_variant","7/7","null","295","MODERATE","14.41","null","0.000883174","gnomad_AF_nfe_pass"","102.87596256950523","0.5244526604247073","39.3","0.6"
"2:179325829:G>A","NM_001042702.4:c.887G>A","NP_001036167.1:p.Arg296Gln","Unknown significance","null","missense_variant","7/7","null","296","MODERATE","31","null","0.0307094","gnomad_AF_eas_pass"","199.95139729584307","0.7421396190214865","40.15","0.3"
"2:179325829:G>C","NM_001042702.4:c.887G>C","NP_001036167.1:p.Arg296Pro","Unknown significance","Deafness, autosomal recessive 59","missense_variant","7/7","null","296","MODERATE","31","null","0","null"","199.95139729584307","0.7421396190214865","40.15","0.5"
"2:179325834:A>C","NM_001042702.4:c.892A>C","NP_001036167.1:p.Asn298His","Unknown significance","null","missense_variant","7/7","null","298","MODERATE","26.2","null","0.000883002","gnomad_AF_nfe_pass"","31.853491958596635","0.19929970544165346","45.9","0.2"
"2:179325840:C>T","NM_001042702.4:c.898C>T","NP_001036167.1:p.Leu300Phe","Unknown significance","null","missense_variant","7/7","null","300","MODERATE","28.1","null","0.000777194","gnomad_AF_nfe_pass"","63.852507540987794","0.3310972273341881","44.94","0.8"
"2:179325841:T>G","NM_001042702.4:c.899T>G","NP_001036167.1:p.Leu300Arg","Unknown significance","null","missense_variant","7/7","null","300","MODERATE","28.6","null","0","null"","63.852507540987794","0.3310972273341881","44.94","2.0"
"2:179325846:C>T","NM_001042702.4:c.904C>T","NP_001036167.1:p.His302Tyr","Unknown significance","null","missense_variant","7/7","null","302","MODERATE","23.5","null","0.0028962","gnomad_AF_amr_pass"","109.74424939684278","0.5342892397556307","46.97","0.2"
"2:179325849:A>G","NM_001042702.4:c.907A>G","NP_001036167.1:p.Asn303Asp","Unknown significance","null","missense_variant","7/7","null","303","MODERATE","23.7","null","0.0028962","gnomad_AF_amr_pass"","153.37284559218327","0.9596173314059793","47.29","0.1"
"2:179325862:G>A","NM_001042702.4:c.920G>A","NP_001036167.1:p.Gly307Glu","Unknown significance","null","missense_variant","7/7","null","307","MODERATE","25.4","null","0.0057924","gnomad_AF_amr_pass"","31.89046678188469","0.33447028613125773","43.36","1.0"
"2:179325864:C>A","NM_001042702.4:c.922C>A","NP_001036167.1:p.Pro308Thr","Unknown significance","null","missense_variant","7/7","null","308","MODERATE","26.5","null","0.00326776","gnomad_AF_sas_pass"","106.23552523256723","0.6753684103117743","40.83","0.7"
"2:179325864:C>G","NM_001042702.4:c.922C>G","NP_001036167.1:p.Pro308Ala","Unknown significance","null","missense_variant","7/7","null","308","MODERATE","26.2","null","0.00176641","gnomad_AF_nfe_pass"","106.23552523256723","0.6753684103117743","40.83","0.8"
"2:179325874:T>C","NM_001042702.4:c.932T>C","NP_001036167.1:p.Leu311Pro","Unknown significance","null","missense_variant","7/7","null","311","MODERATE","29.0","null","0.000883018","gnomad_AF_nfe_pass"","144.00291583664014","0.7467046792319663","36.33","1.2"
"2:179325876:T>A","NM_001042702.4:c.934T>A","NP_001036167.1:p.Cys312Ser","Unknown significance","null","missense_variant","7/7","null","312","MODERATE","25.3","null","0.00556235","gnomad_AF_eas_pass"","69.24030200935827","0.4480760608342674","40.51","2.4"
"2:179325877:G>C","NM_001042702.4:c.935G>C","NP_001036167.1:p.Cys312Ser","Unknown significance","null","missense_variant","7/7","null","312","MODERATE","27.3","null","0.0115848","gnomad_AF_amr_pass"","69.24030200935827","0.4480760608342674","40.51","2.4"
"2:179325886:G>A","NM_001042702.4:c.944G>A","NP_001036167.1:p.Gly315Glu","Unknown significance","null","missense_variant","7/7","null","315","MODERATE","28.5","null","0.000883018","gnomad_AF_nfe_pass"","41.83079220334746","0.4387253762399757","39.57","1.1"
"2:179325886:G>T","NM_001042702.4:c.944G>T","NP_001036167.1:p.Gly315Val","Unknown significance","null","missense_variant","7/7","null","315","MODERATE","28.2","null","0.0028962","gnomad_AF_amr_pass"","41.83079220334746","0.4387253762399757","39.57","0.9"
"2:179325888:A>C","NM_001042702.4:c.946A>C","NP_001036167.1:p.Asn316His","Unknown significance","null","missense_variant","7/7","null","316","MODERATE","22.3","null","0.0193723","gnomad_AF_afr_pass"","171.51012049907243","1.0730979366456115","44.44","0.0"
"2:179325901:A>G","NM_001042702.4:c.959A>G","NP_001036167.1:p.Glu320Gly","Unknown significance","null","missense_variant","7/7","null","320","MODERATE","31","null","0","null"","168.4221274259254","0.86250539661266","44.47","0.5"
"2:179325904:C>T","NM_001042702.4:c.962C>T","NP_001036167.1:p.Thr321Ile","Unknown significance","null","missense_variant","7/7","null","321","MODERATE","27.9","null","0","null"","67.41816929608761","0.4284937203886726","44.6","0.4"
"2:179325912:G>T","NM_001042702.4:c.970G>T","NP_001036167.1:p.Gly324Trp","Pathogenic","Hearing loss, non-syndromic, autosomal recessive","missense_variant","7/7","null","324","MODERATE","32","null","0","null"","0.0","0.0","43.67","0.8"
"2:179325922:A>C","NM_001042702.4:c.980A>C","NP_001036167.1:p.Gln327Pro","Unknown significance","null","missense_variant","7/7","null","327","MODERATE","23.9","null","0.000882987","gnomad_AF_nfe_pass"","70.10669422036733","0.3545187941260041","41.89","0.8"
"2:179325925:G>A","NM_001042702.4:c.983G>A","NP_001036167.1:p.Cys328Tyr","Unknown significance","null","missense_variant","7/7","null","328","MODERATE","29.0","null","0","null"","8.788671456015095","0.05687429389671876","36.35","3.2"
"2:179325930:G>C","NM_001042702.4:c.988G>C","NP_001036167.1:p.Val330Leu","Likely benign","null","missense_variant","7/7","null","330","MODERATE","18.82","null","0.00826378","gnomad_AF_afr_pass"","88.19176412208671","0.5130646434096755","38.84","0.0"
"2:179325936:G>A","NM_001042702.4:c.994G>A","NP_001036167.1:p.Gly332Ser","Unknown significance","null","missense_variant","7/7","null","332","MODERATE","29.6","null","0.000882987","gnomad_AF_nfe_pass"","68.92414508891834","0.7228830699442157","40.76","0.3"
"2:179325952:G>A","NM_001042702.4:c.1010G>A","NP_001036167.1:p.Arg337Lys","Unknown significance","null","missense_variant","7/7","null","337","MODERATE","28.2","null","0","null"","152.49384417932285","0.5659961618318603","39.4","0.6"
"2:179325952:G>T","NM_001042702.4:c.1010G>T","NP_001036167.1:p.Arg337Ile","Unknown significance","null","missense_variant","7/7","null","337","MODERATE","29.6","null","0","null"","152.49384417932285","0.5659961618318603","39.4","0.1"
"2:179325960:G>A","NM_001042702.4:c.1018G>A","NP_001036167.1:p.Ala340Thr","Unknown significance","null","missense_variant","7/7","null","340","MODERATE","24.8","null","0.00326776","gnomad_AF_sas_pass"","16.05930764428819","0.12629341430318214","39.03","0.9"
"2:179325963:G>A","NM_001042702.4:c.1021G>A","NP_001036167.1:p.Val341Ile","Unknown significance","null","missense_variant","7/7","null","341","MODERATE","26.8","null","0.000883065","gnomad_AF_nfe_pass"","102.69568171683254","0.5974426732956651","37.65","0.4"
"2:179325966:C>T","NM_001042702.4:c.1024C>T","NP_001036167.1:p.Pro342Ser","Unknown significance","null","missense_variant","7/7","null","342","MODERATE","27.5","null","0.000883096","gnomad_AF_nfe_pass"","83.83130206507747","0.532938610564719","34.21","1.1"
"2:179325970:G>C","NM_001042702.4:c.1028G>C","NP_001036167.1:p.Cys343Ser","Pathogenic","Progressive hearing loss","missense_variant","7/7","null","343","MODERATE","27.0","null","0.013071","gnomad_AF_sas_pass"","103.42699147693374","0.6693090235028183","27.52","1.5"
"2:179325971:T>G","NM_001042702.4:c.1029T>G","NP_001036167.1:p.Cys343Trp","Unknown significance","null","missense_variant","7/7","null","343","MODERATE","25.0","null","0.000883049","gnomad_AF_nfe_pass"","103.42699147693374","0.6693090235028183","27.52","0.9"
"2:179325976:A>G","NM_001042702.4:c.1034A>G","NP_001036167.1:p.Asp345Gly","Unknown significance","null","missense_variant","7/7","null","345","MODERATE","28.3","null","0.0123967","gnomad_AF_afr_pass"","116.80011309234361","0.7300926985071595","26.69","0.4"
"2:179325985:A>G","NM_001042702.4:c.1043A>G","NP_001036167.1:p.His348Arg","Unknown significance","null","missense_variant","7/7","null","348","MODERATE","23.5","null","0.00544036","gnomad_AF_nfe_pass"","161.12502237980232","0.7844362341175227","24.8","0.4"
"2:179325992:G>C","NM_001042702.4:c.1050G>C","NP_001036167.1:p.Arg350Ser","Likely benign","null","missense_variant","7/7","null","350","MODERATE","18.26","null","0.00413326","gnomad_AF_afr_pass"","214.4445259703722","0.7959323163389764","25.44","0.1"
"2:179325995:G>T","NM_001042702.4:c.1053G>T","NP_001036167.1:p.Met351Ile","Unknown significance","null","missense_variant","7/7","null","351","MODERATE","23.7","null","0.00556235","gnomad_AF_eas_pass"","159.32734920925944","0.7358103234306144","27.01","0.1"