{"applied_filters": "CONTAINS missense_variant[Consequence]"},,"Surface Area","Normalized SA","Confidence Score","|ddG|""Genomic Description (GRCh37)","HGVS Nucleotide Change","HGVS Protein Change","Variant Classification","Phenotype","Consequence","Exon","Intron","Protein Position","Impact","CADD Phred","Interpro Domain","Max MAF (%)","Max MAF Source","Surface Area","Normalized SA","Confidence Score","|ddG|"
"11:67286614:C>T","NM_001318496.2:c.677G>A","NP_001305425.1:p.Arg226Gln","Unknown significance","null","missense_variant","7/7","null","226","MODERATE","26.2","EF-hand_domain&EF-hand_domain&EF-hand_domain&EF-hand_domain","0.0115654","gnomad_AF_amr_pass"","103.99617619543528","0.38599221423383506","47.54","0.1"
"11:67286615:G>A","NM_001318496.2:c.676C>T","NP_001305425.1:p.Arg226Trp","Unknown significance","null","missense_variant","7/7","null","226","MODERATE","28.2","EF-hand_domain&EF-hand_domain&EF-hand_domain&EF-hand_domain","0.00289134","gnomad_AF_amr_pass"","103.99617619543528","0.38599221423383506","47.54","0.2"
"11:67286618:A>G","NM_001318496.2:c.673T>C","NP_001305425.1:p.Ser225Pro","Unknown significance","null","missense_variant","7/7","null","225","MODERATE","25.7","EF-hand_domain&EF-hand_domain&EF-hand_domain&EF-hand_domain&EF-hand_domain&EF-hand_domain","0.00289134","gnomad_AF_amr_pass"","52.33372304455586","0.37948506709262364","64.97","0.2"
"11:67286619:C>T","NM_001318496.2:c.672G>A","NP_001305425.1:p.Met224Ile","Benign","null","missense_variant","7/7","null","224","MODERATE","23.6","EF-hand_domain&EF-hand_domain&EF-hand_domain&EF-hand_domain&EF-hand_domain&EF-hand_domain&EF-hand_domain&EF-hand_domain","0.536395","gnomad_AF_eas_pass"","30.913940875990114","0.14276768519258856","73.46","0.4"
"11:67286626:C>T","NM_001318496.2:c.665G>A","NP_001305425.1:p.Arg222Gln","Unknown significance","null","missense_variant","7/7","null","222","MODERATE","24.6","EF-hand_domain&EF-hand_domain&EF-hand_domain&EF-hand_domain&EF-hand_domain&EF-hand_domain&EF-hand_domain&EF-hand_domain","0.0815483","gnomad_AF_eas_pass"","117.20968530729338","0.4350354755004828","79.86","0.1"
"11:67286632:A>G","NM_001318496.2:c.659T>C","NP_001305425.1:p.Phe220Ser","Unknown significance","null","missense_variant","7/7","null","220","MODERATE","25.6","EF-hand_domain&EF-Hand_1&_calcium-binding_site&EF-hand_domain&EF-hand_domain&EF-hand_domain&EF-hand_domain&EF-Hand_1&_calcium-binding_site&EF-hand_domain&EF-hand_domain&EF-hand_domain","0.000879755","gnomad_AF_nfe_pass"","0.0","0.0","86.36","5.3"
"11:67287269:A>G","NM_001318496.2:c.650T>C","NP_001305425.1:p.Phe217Ser","Unknown significance","null","missense_variant","6/7","null","217","MODERATE","27.8","EF-hand_domain&EF-Hand_1&_calcium-binding_site&EF-hand_domain&EF-hand_domain&EF-hand_domain&EF-hand_domain&EF-Hand_1&_calcium-binding_site&EF-hand_domain&EF-hand_domain&EF-hand_domain","0.00326733","gnomad_AF_sas_pass"","40.781521977935626","0.17750361056175673","89.31","2.7"
"11:67287282:C>A","NM_001318496.2:c.637G>T","NP_001305425.1:p.Gly213Cys","Unknown significance","null","missense_variant","6/7","null","213","MODERATE","28.6","EF-hand_domain&EF-Hand_1&_calcium-binding_site&EF-hand_domain&EF-hand_domain&EF-hand_domain&EF-hand_domain&EF-Hand_1&_calcium-binding_site&EF-hand_domain&EF-hand_domain&EF-hand_domain","0.00289201","gnomad_AF_amr_pass"","18.49801632337203","0.19400897625159416","89.91","0.3"
"11:67287282:C>T","NM_001318496.2:c.637G>A","NP_001305425.1:p.Gly213Ser","Unknown significance","null","missense_variant","6/7","null","213","MODERATE","27.4","EF-hand_domain&EF-Hand_1&_calcium-binding_site&EF-hand_domain&EF-hand_domain&EF-hand_domain&EF-hand_domain&EF-Hand_1&_calcium-binding_site&EF-hand_domain&EF-hand_domain&EF-hand_domain","0.0184547","gnomad_AF_afr_pass"","18.49801632337203","0.19400897625159416","89.91","0.3"
"11:67287285:C>T","NM_001318496.2:c.634G>A","NP_001305425.1:p.Asp212Asn","Unknown significance","null","missense_variant","6/7","null","212","MODERATE","26.7","EF-hand_domain&EF-Hand_1&_calcium-binding_site&EF-hand_domain&EF-hand_domain&EF-hand_domain&EF-hand_domain&EF-Hand_1&_calcium-binding_site&EF-hand_domain&EF-hand_domain&EF-hand_domain","0.00543715","gnomad_AF_eas_pass"","75.00531869142723","0.46884231595323034","91.21","0.0"
"11:67287287:C>G","NM_001318496.2:c.632G>C","NP_001305425.1:p.Gly211Ala","Unknown significance","null","missense_variant","6/7","null","211","MODERATE","23.2","EF-hand_domain&EF-Hand_1&_calcium-binding_site&EF-hand_domain&EF-hand_domain&EF-hand_domain&EF-hand_domain&EF-Hand_1&_calcium-binding_site&EF-hand_domain&EF-hand_domain&EF-hand_domain","0.000879492","gnomad_AF_nfe_pass"","78.35183214572683","0.8217615595258704","89.12","0.0"
"11:67287287:C>T","NM_001318496.2:c.632G>A","NP_001305425.1:p.Gly211Glu","Unknown significance","null","missense_variant","6/7","null","211","MODERATE","25.9","EF-hand_domain&EF-Hand_1&_calcium-binding_site&EF-hand_domain&EF-hand_domain&EF-hand_domain&EF-hand_domain&EF-Hand_1&_calcium-binding_site&EF-hand_domain&EF-hand_domain&EF-hand_domain","0","null"","78.35183214572683","0.8217615595258704","89.12","0.1"
"11:67287290:T>C","NM_001318496.2:c.629A>G","NP_001305425.1:p.Asn210Ser","Unknown significance","null","missense_variant","6/7","null","210","MODERATE","24.8","EF-hand_domain&EF-Hand_1&_calcium-binding_site&EF-hand_domain&EF-hand_domain&EF-hand_domain&EF-hand_domain&EF-Hand_1&_calcium-binding_site&EF-hand_domain&EF-hand_domain&EF-hand_domain","0.0160295","gnomad_AF_afr_pass"","89.7913932814659","0.5618033418581663","89.99","0.3"
"11:67287291:T>C","NM_001318496.2:c.628A>G","NP_001305425.1:p.Asn210Asp","Unknown significance","null","missense_variant","6/7","null","210","MODERATE","23.9","EF-hand_domain&EF-Hand_1&_calcium-binding_site&EF-hand_domain&EF-hand_domain&EF-hand_domain&EF-hand_domain&EF-Hand_1&_calcium-binding_site&EF-hand_domain&EF-hand_domain&EF-hand_domain","0","gnomad_AF_afr_pass,gnomad_AF_amr_pass,gnomad_AF_eas_pass,gnomad_AF_nfe_pass"","89.7913932814659","0.5618033418581663","89.99","0.1"
"11:67287294:G>T","NM_001318496.2:c.625C>A","NP_001305425.1:p.Leu209Ile","Unknown significance","null","missense_variant","6/7","null","209","MODERATE","23.0","EF-hand_domain&EF-Hand_1&_calcium-binding_site&EF-hand_domain&EF-hand_domain&EF-hand_domain&EF-hand_domain&EF-Hand_1&_calcium-binding_site&EF-hand_domain&EF-hand_domain&EF-hand_domain","0.00326627","gnomad_AF_sas_pass"","127.8556618182054","0.6629756098429106","87.77","0.1"
"11:67287297:C>A","NM_001318496.2:c.622G>T","NP_001305425.1:p.Asp208Tyr","Unknown significance","null","missense_variant","6/7","null","208","MODERATE","27.2","EF-hand_domain&EF-Hand_1&_calcium-binding_site&EF-hand_domain&EF-hand_domain&EF-hand_domain&EF-hand_domain&EF-Hand_1&_calcium-binding_site&EF-hand_domain&EF-hand_domain&EF-hand_domain","0.00289168","gnomad_AF_amr_pass"","7.829210602428831","0.04893873254548092","90.76","1.0"
"11:67287299:A>G","NM_001318496.2:c.620T>C","NP_001305425.1:p.Val207Ala","Likely benign","null","missense_variant","6/7","null","207","MODERATE","18.50","EF-hand_domain&EF-hand_domain&EF-hand_domain&EF-hand_domain&EF-hand_domain&EF-hand_domain&EF-hand_domain&EF-hand_domain","0.000879446","gnomad_AF_nfe_pass"","0.020633769055479152","1.2003907017884156E-4","86.16","1.5"
"11:67287300:C>T","NM_001318496.2:c.619G>A","NP_001305425.1:p.Val207Met","Likely benign","null","missense_variant","6/7","null","207","MODERATE","17.22","EF-hand_domain&EF-hand_domain&EF-hand_domain&EF-hand_domain&EF-hand_domain&EF-hand_domain&EF-hand_domain&EF-hand_domain","0.00578336","gnomad_AF_amr_pass"","0.020633769055479152","1.2003907017884156E-4","86.16","0.0"
"11:67287301:G>T","NM_001318496.2:c.618C>A","NP_001305425.1:p.Asp206Glu","Unknown significance","null","missense_variant","6/7","null","206","MODERATE","15.10","EF-hand_domain&EF-hand_domain&EF-hand_domain&EF-hand_domain&EF-hand_domain&EF-hand_domain&EF-hand_domain&EF-hand_domain","0.000879554","gnomad_AF_nfe_pass"","76.46663289845743","0.4779766806771243","85.1","0.2"
"11:67287308:A>C","NM_001318496.2:c.611T>G","NP_001305425.1:p.Leu204Arg","Unknown significance","null","missense_variant","6/7","null","204","MODERATE","24.8","EF-hand_domain&EF-hand_domain&EF-hand_domain&EF-hand_domain&EF-hand_domain&EF-hand_domain&EF-hand_domain&EF-hand_domain","0.00326648","gnomad_AF_sas_pass"","13.054810512638074","0.06769368550378484","87.22","2.0"
"11:67287309:G>A","NM_001318496.2:c.610C>T","NP_001305425.1:p.Leu204Phe","Unknown significance","null","missense_variant","6/7","null","204","MODERATE","23.2","EF-hand_domain&EF-hand_domain&EF-hand_domain&EF-hand_domain&EF-hand_domain&EF-hand_domain&EF-hand_domain&EF-hand_domain","0.000879616","gnomad_AF_nfe_pass"","13.054810512638074","0.06769368550378484","87.22","0.4"
"11:67287311:A>G","NM_001318496.2:c.608T>C","NP_001305425.1:p.Ile203Thr","Pathogenic","Hearing loss, non-syndromic, autosomal recessive","missense_variant","6/7","null","203","MODERATE","25.2","EF-hand_domain&EF-hand_domain&EF-hand_domain&EF-hand_domain&EF-hand_domain&EF-hand_domain&EF-hand_domain&EF-hand_domain","0.0488032","gnomad_AF_nfe_pass"","0.0","0.0","85.03","2.4"
"11:67287312:T>C","NM_001318496.2:c.607A>G","NP_001305425.1:p.Ile203Val","Likely benign","null","missense_variant","6/7","null","203","MODERATE","17.31","EF-hand_domain&EF-hand_domain&EF-hand_domain&EF-hand_domain&EF-hand_domain&EF-hand_domain&EF-hand_domain&EF-hand_domain","0.00154933","gnomad_AF_nfe_pass"","0.0","0.0","85.03","0.5"
"11:67287315:C>T","NM_001318496.2:c.604G>A","NP_001305425.1:p.Glu202Lys","Unknown significance","null","missense_variant","6/7","null","202","MODERATE","28.3","EF-hand_domain&EF-hand_domain&EF-hand_domain&EF-hand_domain&EF-hand_domain&EF-hand_domain&EF-hand_domain&EF-hand_domain","0.00542274","gnomad_AF_nfe_pass"","99.55691462372825","0.5098402296980703","87.47","0.0"
"11:67287316:G>T","NM_001318496.2:c.603C>A","NP_001305425.1:p.Asp201Glu","Likely benign","null","missense_variant","6/7","null","201","MODERATE","2.077","EF-hand_domain&EF-hand_domain&EF-hand_domain&EF-hand_domain&EF-hand_domain&EF-hand_domain&EF-hand_domain&EF-hand_domain","0.00289184","gnomad_AF_amr_pass"","64.39062974868409","0.402492149940168","86.5","0.2"
"11:67287317:T>G","NM_001318496.2:c.602A>C","NP_001305425.1:p.Asp201Ala","Unknown significance","null","missense_variant","6/7","null","201","MODERATE","24.3","EF-hand_domain&EF-hand_domain&EF-hand_domain&EF-hand_domain&EF-hand_domain&EF-hand_domain&EF-hand_domain&EF-hand_domain","0.000879863","gnomad_AF_nfe_pass"","64.39062974868409","0.402492149940168","86.5","0.4"
"11:67287323:T>A","NM_001318496.2:c.596A>T","NP_001305425.1:p.Glu199Val","Unknown significance","null","missense_variant","6/7","null","199","MODERATE","28.7","EF-hand_domain&EF-hand_domain&EF-hand_domain&EF-hand_domain&EF-hand_domain&EF-hand_domain&EF-hand_domain&EF-hand_domain","0.000880065","gnomad_AF_nfe_pass"","57.2709759930586","0.2932900006563121","86.7","0.6"
"11:67287326:C>T","NM_001318496.2:c.593G>A","NP_001305425.1:p.Arg198Gln","Unknown significance","null","missense_variant","6/7","null","198","MODERATE","22.9","EF-hand_domain&EF-hand_domain&EF-hand_domain&EF-hand_domain&EF-hand_domain&EF-hand_domain","0.00543715","gnomad_AF_eas_pass"","216.35388293171485","0.8030190857590984","87.43","0.1"
"11:67287327:G>A","NM_001318496.2:c.592C>T","NP_001305425.1:p.Arg198Trp","Unknown significance","null","missense_variant","6/7","null","198","MODERATE","29.4","EF-hand_domain&EF-hand_domain&EF-hand_domain&EF-hand_domain&EF-hand_domain&EF-hand_domain","0.00615839","gnomad_AF_afr_pass"","216.35388293171485","0.8030190857590984","87.43","0.0"
"11:67287332:C>G","NM_001318496.2:c.587G>C","NP_001305425.1:p.Ser196Thr","Unknown significance","null","missense_variant","6/7","null","196","MODERATE","16.07","EF-hand_domain&EF-hand_domain&EF-hand_domain&EF-hand_domain&EF-hand_domain&EF-hand_domain","0.000880731","gnomad_AF_nfe_pass"","71.44021437898446","0.5180310700165363","85.26","0.2"
"11:67287338:C>T","NM_001318496.2:c.581G>A","NP_001305425.1:p.Arg194His","Unknown significance","null","missense_variant","6/7","null","194","MODERATE","24.8","EF-hand_domain&EF-hand_domain&EF-hand_domain&EF-hand_domain","0.0392054","gnomad_AF_sas_pass"","215.18158706487426","0.7986679923445809","80.84","0.1"
"11:67287339:G>T","NM_001318496.2:c.580C>A","NP_001305425.1:p.Arg194Ser","Unknown significance","null","missense_variant","6/7","null","194","MODERATE","24.9","EF-hand_domain&EF-hand_domain&EF-hand_domain&EF-hand_domain","0.00326712","gnomad_AF_sas_pass"","215.18158706487426","0.7986679923445809","80.84","0.2"
"11:67287354:C>A","NM_001318496.2:c.565G>T","NP_001305425.1:p.Ala189Ser","Likely benign","null","missense_variant","6/7","null","189","MODERATE","19.75","EF-hand_domain&EF-hand_domain&EF-hand_domain&EF-hand_domain&EF-hand_domain&EF-hand_domain&EF-hand_domain&EF-hand_domain","0","null"","59.888132553947095","0.4709715327715034","81.13","0.3"
"11:67287354:C>T","NM_001318496.2:c.565G>A","NP_001305425.1:p.Ala189Thr","Likely benign","null","missense_variant","6/7","null","189","MODERATE","21.1","EF-hand_domain&EF-hand_domain&EF-hand_domain&EF-hand_domain&EF-hand_domain&EF-hand_domain&EF-hand_domain&EF-hand_domain","0.0819135","gnomad_AF_eas_pass"","59.888132553947095","0.4709715327715034","81.13","0.1"
"11:67287356:T>G","NM_001318496.2:c.563A>C","NP_001305425.1:p.Lys188Thr","Unknown significance","null","missense_variant","6/7","null","188","MODERATE","23.2","EF-hand_domain&EF-hand_domain&EF-hand_domain&EF-hand_domain&EF-hand_domain&EF-hand_domain&EF-hand_domain&EF-hand_domain","0.000883829","gnomad_AF_nfe_pass"","97.10812411434688","0.4102327054777997","84.73","0.4"
"11:67287357:T>G","NM_001318496.2:c.562A>C","NP_001305425.1:p.Lys188Gln","Unknown significance","null","missense_variant","6/7","null","188","MODERATE","23.5","EF-hand_domain&EF-hand_domain&EF-hand_domain&EF-hand_domain&EF-hand_domain&EF-hand_domain&EF-hand_domain&EF-hand_domain","0.00546209","gnomad_AF_eas_pass"","97.10812411434688","0.4102327054777997","84.73","0.4"
"11:67287360:G>T","NM_001318496.2:c.559C>A","NP_001305425.1:p.Leu187Ile","Unknown significance","null","missense_variant","6/7","null","187","MODERATE","22.4","EF-hand_domain&EF-hand_domain&EF-hand_domain&EF-hand_domain&EF-hand_domain&EF-hand_domain&EF-hand_domain&EF-hand_domain","0","null"","4.432188803931589","0.02298242434819622","83.1","0.6"
"11:67287363:C>A","NM_001318496.2:c.556G>T","NP_001305425.1:p.Ala186Ser","Unknown significance","null","missense_variant","6/7","null","186","MODERATE","25.9","EF-hand_domain&EF-hand_domain&EF-hand_domain&EF-hand_domain&EF-hand_domain&EF-hand_domain&EF-hand_domain&EF-hand_domain","0.00289939","gnomad_AF_amr_pass"","3.0780672836608316","0.02420649976443479","85.82","0.9"
"11:67287365:G>A","NM_001318496.2:c.554C>T","NP_001305425.1:p.Ala185Val","Unknown significance","null","missense_variant","6/7","null","185","MODERATE","26.1","EF-hand_domain&EF-hand_domain&EF-hand_domain&EF-hand_domain&EF-hand_domain&EF-hand_domain&EF-hand_domain&EF-hand_domain","0.00327354","gnomad_AF_sas_pass"","54.895992910475485","0.43171240814314243","87.9","0.4"
"11:67287368:C>T","NM_001318496.2:c.551G>A","NP_001305425.1:p.Arg184Gln","Unknown significance","null","missense_variant","6/7","null","184","MODERATE","25.2","EF-hand_domain&EF-hand_domain&EF-hand_domain&EF-hand_domain&EF-hand_domain&EF-hand_domain&EF-hand_domain&EF-hand_domain","0.039303","gnomad_AF_sas_pass"","86.03946282662133","0.31934407574299856","87.41","0.5"
"11:67287369:G>A","NM_001318496.2:c.550C>T","NP_001305425.1:p.Arg184Trp","Unknown significance","null","missense_variant","6/7","null","184","MODERATE","26.6","EF-hand_domain&EF-hand_domain&EF-hand_domain&EF-hand_domain&EF-hand_domain&EF-hand_domain&EF-hand_domain&EF-hand_domain","0.00327461","gnomad_AF_sas_pass"","86.03946282662133","0.31934407574299856","87.41","0.3"
"11:67287373:C>A","NM_001318496.2:c.546G>T","NP_001305425.1:p.Glu182Asp","Unknown significance","null","missense_variant","6/7","null","182","MODERATE","24.5","EF-hand_domain&EF-Hand_1&_calcium-binding_site&EF-hand_domain&EF-hand_domain&EF-hand_domain&EF-hand_domain&EF-Hand_1&_calcium-binding_site&EF-hand_domain&EF-hand_domain&EF-hand_domain","0.0114811","gnomad_AF_afr_pass"","33.9984425746612","0.17410919007639286","91.93","0.3"
"11:67287377:C>A","NM_001318496.2:c.542G>T","NP_001305425.1:p.Gly181Val","Likely benign","null","missense_variant","6/7","null","181","MODERATE","15.84","EF-hand_domain&EF-Hand_1&_calcium-binding_site&EF-hand_domain&EF-hand_domain&EF-hand_domain&EF-hand_domain&EF-Hand_1&_calcium-binding_site&EF-hand_domain&EF-hand_domain&EF-hand_domain","0.00088968","gnomad_AF_nfe_pass"","29.820500963046726","0.31276028531991995","89.47","0.9"
"11:67287378:C>T","NM_001318496.2:c.541G>A","NP_001305425.1:p.Gly181Ser","Likely benign","null","missense_variant","6/7","null","181","MODERATE","17.77","EF-hand_domain&EF-Hand_1&_calcium-binding_site&EF-hand_domain&EF-hand_domain&EF-hand_domain&EF-hand_domain&EF-Hand_1&_calcium-binding_site&EF-hand_domain&EF-hand_domain&EF-hand_domain","0.00290293","gnomad_AF_amr_pass"","29.820500963046726","0.31276028531991995","89.47","0.6"
"11:67287381:C>T","NM_001318496.2:c.538G>A","NP_001305425.1:p.Val180Met","Likely benign","null","missense_variant","6/7","null","180","MODERATE","13.68","EF-hand_domain&EF-Hand_1&_calcium-binding_site&EF-hand_domain&EF-hand_domain&EF-hand_domain&EF-hand_domain&EF-Hand_1&_calcium-binding_site&EF-hand_domain&EF-hand_domain&EF-hand_domain","0.00980095","gnomad_AF_nfe_pass"","53.57403396490812","0.3116724436328585","89.94","0.0"
"11:67287384:T>G","NM_001318496.2:c.535A>C","NP_001305425.1:p.Ser179Arg","Unknown significance","null","missense_variant","6/7","null","179","MODERATE","26.6","EF-hand_domain&EF-Hand_1&_calcium-binding_site&EF-hand_domain&EF-hand_domain&EF-hand_domain&EF-hand_domain&EF-Hand_1&_calcium-binding_site&EF-hand_domain&EF-hand_domain&EF-hand_domain","0.00089214","gnomad_AF_nfe_pass"","37.18637115067203","0.26964778597978956","92.04","0.3"
"11:67287386:A>G","NM_001318496.2:c.533T>C","NP_001305425.1:p.Ile178Thr","Unknown significance","null","missense_variant","6/7","null","178","MODERATE","26.3","EF-hand_domain&EF-Hand_1&_calcium-binding_site&EF-hand_domain&EF-hand_domain&EF-hand_domain&EF-hand_domain&EF-Hand_1&_calcium-binding_site&EF-hand_domain&EF-hand_domain&EF-hand_domain","0","null"","0.0","0.0","91.55","2.8"
"11:67287387:T>A","NM_001318496.2:c.532A>T","NP_001305425.1:p.Ile178Phe","Unknown significance","null","missense_variant","6/7","null","178","MODERATE","26.6","EF-hand_domain&EF-Hand_1&_calcium-binding_site&EF-hand_domain&EF-hand_domain&EF-hand_domain&EF-hand_domain&EF-Hand_1&_calcium-binding_site&EF-hand_domain&EF-hand_domain&EF-hand_domain","0.0261415","gnomad_AF_amr_pass"","0.0","0.0","91.55","1.0"
"11:67287401:T>C","NM_001318496.2:c.518A>G","NP_001305425.1:p.Asn173Ser","Unknown significance","null","missense_variant","6/7","null","173","MODERATE","24.7","EF-hand_domain&EF-Hand_1&_calcium-binding_site&EF-hand_domain&EF-hand_domain&EF-hand_domain&EF-hand_domain&EF-Hand_1&_calcium-binding_site&EF-hand_domain&EF-hand_domain&EF-hand_domain","0.00290867","gnomad_AF_amr_pass"","92.80457992813199","0.5806561323748808","91.63","0.3"
"11:67287402:T>A","NM_001318496.2:c.517A>T","NP_001305425.1:p.Asn173Tyr","Unknown significance","null","missense_variant","6/7","null","173","MODERATE","26.0","EF-hand_domain&EF-Hand_1&_calcium-binding_site&EF-hand_domain&EF-hand_domain&EF-hand_domain&EF-hand_domain&EF-Hand_1&_calcium-binding_site&EF-hand_domain&EF-hand_domain&EF-hand_domain","0.000895897","gnomad_AF_nfe_pass"","92.80457992813199","0.5806561323748808","91.63","0.1"
"11:67287404:G>A","NM_001318496.2:c.515C>T","NP_001305425.1:p.Thr172Ile","Unknown significance","null","missense_variant","6/7","null","172","MODERATE","22.1","EF-hand_domain&EF-Hand_1&_calcium-binding_site&EF-hand_domain&EF-hand_domain&EF-hand_domain&EF-hand_domain&EF-Hand_1&_calcium-binding_site&EF-hand_domain&EF-hand_domain&EF-hand_domain","0.00551937","gnomad_AF_eas_pass"","98.27084265252758","0.624585915244587","89.5","0.1"
"11:67287408:C>T","NM_001318496.2:c.511G>A","NP_001305425.1:p.Asp171Asn","Unknown significance","null","missense_variant","6/7","null","171","MODERATE","27.8","EF-hand_domain&EF-Hand_1&_calcium-binding_site&EF-hand_domain&EF-hand_domain&EF-hand_domain&EF-hand_domain&EF-Hand_1&_calcium-binding_site&EF-hand_domain&EF-hand_domain&EF-hand_domain","0","null"","4.242594418978204","0.0265195565827432","91.94","0.2"
"11:67287410:A>G","NM_001318496.2:c.509T>C","NP_001305425.1:p.Phe170Ser","Unknown significance","null","missense_variant&splice_region_variant","6/7","null","170","MODERATE","32","EF-hand_domain&EF-hand_domain&EF-hand_domain&EF-hand_domain&EF-hand_domain&EF-hand_domain&EF-hand_domain&EF-hand_domain","0.00657938","gnomad_AF_sas_pass"","0.0","0.0","89.08","4.1"
"11:67287526:C>T","NM_001318496.2:c.503G>A","NP_001305425.1:p.Arg168Gln","Unknown significance","null","missense_variant","5/7","null","168","MODERATE","26.2","EF-hand_domain&EF-hand_domain&EF-hand_domain&EF-hand_domain&EF-hand_domain&EF-hand_domain&EF-hand_domain&EF-hand_domain","0.000883673","gnomad_AF_nfe_pass"","158.83714758985968","0.5895399671770575","89.13","0.1"
"11:67287527:G>A","NM_001318496.2:c.502C>T","NP_001305425.1:p.Arg168Trp","Unknown significance","null","missense_variant","5/7","null","168","MODERATE","28.9","EF-hand_domain&EF-hand_domain&EF-hand_domain&EF-hand_domain&EF-hand_domain&EF-hand_domain&EF-hand_domain&EF-hand_domain","0.00326755","gnomad_AF_sas_pass"","158.83714758985968","0.5895399671770575","89.13","0.3"
"11:67287533:C>T","NM_001318496.2:c.496G>A","NP_001305425.1:p.Ala166Thr","Unknown significance","null","missense_variant","5/7","null","166","MODERATE","24.3","EF-hand_domain&EF-hand_domain&EF-hand_domain&EF-hand_domain&EF-hand_domain&EF-hand_domain&EF-hand_domain&EF-hand_domain","0.0308566","gnomad_AF_afr_pass"","6.133459113434584","0.04823467549674406","84.24","0.1"
"11:67287534:G>C","NM_001318496.2:c.495C>G","NP_001305425.1:p.Asp165Glu","Likely benign","null","missense_variant","5/7","null","165","MODERATE","14.83","EF-hand_domain&EF-hand_domain&EF-hand_domain&EF-hand_domain&EF-hand_domain&EF-hand_domain&EF-hand_domain&EF-hand_domain","0.00289318","gnomad_AF_amr_pass"","59.740543559597","0.3734254488540369","85.31","0.3"
"11:67287538:C>T","NM_001318496.2:c.491G>A","NP_001305425.1:p.Arg164Gln","Unknown significance","null","missense_variant","5/7","null","164","MODERATE","23.2","EF-hand_domain&EF-hand_domain&EF-hand_domain&EF-hand_domain&EF-hand_domain&EF-hand_domain&EF-hand_domain&EF-hand_domain","0.0555338","gnomad_AF_sas_pass"","107.11888548518537","0.3975824622338583","84.92","0.3"
"11:67287539:G>A","NM_001318496.2:c.490C>T","NP_001305425.1:p.Arg164Trp","Unknown significance","null","missense_variant","5/7","null","164","MODERATE","29.6","EF-hand_domain&EF-hand_domain&EF-hand_domain&EF-hand_domain&EF-hand_domain&EF-hand_domain&EF-hand_domain&EF-hand_domain","0.00616447","gnomad_AF_afr_pass"","107.11888548518537","0.3975824622338583","84.92","0.5"
"11:67287541:A>G","NM_001318496.2:c.488T>C","NP_001305425.1:p.Leu163Pro","Unknown significance","null","missense_variant","5/7","null","163","MODERATE","26.5","EF-hand_domain&EF-hand_domain&EF-hand_domain&EF-hand_domain&EF-hand_domain&EF-hand_domain&EF-hand_domain&EF-hand_domain","0.00653296","gnomad_AF_sas_pass"","17.720283457549638","0.09188576841096445","82.44","2.8"
"11:67287545:C>T","NM_001318496.2:c.484G>A","NP_001305425.1:p.Glu162Lys","Pathogenic","Hearing loss, non-syndromic, autosomal recessive","missense_variant","5/7","null","162","MODERATE","26.9","EF-hand_domain&EF-hand_domain&EF-hand_domain&EF-hand_domain&EF-hand_domain&EF-hand_domain&EF-hand_domain&EF-hand_domain","0.00930911","gnomad_AF_nfe_pass"","22.952048309667788","0.11753957649721321","75.92","0.2"
"11:67287547:C>G","NM_001318496.2:c.482G>C","NP_001305425.1:p.Arg161Pro","Unknown significance","null","missense_variant","5/7","null","161","MODERATE","25.7","EF-hand_domain&EF-hand_domain","0.00326627","gnomad_AF_sas_pass"","75.76812501270308","0.28122097765439746","72.62","0.9"
"11:67287548:G>A","NM_001318496.2:c.481C>T","NP_001305425.1:p.Arg161Trp","Unknown significance","null","missense_variant","5/7","null","161","MODERATE","21.9","EF-hand_domain&EF-hand_domain","0.00616143","gnomad_AF_afr_pass"","75.76812501270308","0.28122097765439746","72.62","0.3"
"11:67287553:C>A","NM_001318496.2:c.476G>T","NP_001305425.1:p.Gly159Val","Unknown significance","null","missense_variant","5/7","null","159","MODERATE","25.3","EF-hand_domain&EF-hand_domain","0.00289184","gnomad_AF_amr_pass"","27.17917109407811","0.2850577633379335","70.55","1.2"
"11:67287554:C>G","NM_001318496.2:c.475G>C","NP_001305425.1:p.Gly159Arg","Unknown significance","null","missense_variant","5/7","null","159","MODERATE","25.8","EF-hand_domain&EF-hand_domain","0.0641849","gnomad_AF_eas_pass"","27.17917109407811","0.2850577633379335","70.55","1.1"
"11:67287554:C>T","NM_001318496.2:c.475G>A","NP_001305425.1:p.Gly159Ser","Unknown significance","null","missense_variant","5/7","null","159","MODERATE","24.2","EF-hand_domain&EF-hand_domain","0.000880887","gnomad_AF_nfe_pass"","27.17917109407811","0.2850577633379335","70.55","0.6"
"11:67287558:C>G","NM_001318496.2:c.471G>C","NP_001305425.1:p.Met157Ile","Unknown significance","null","missense_variant","5/7","null","157","MODERATE","23.6","null","0.00289218","gnomad_AF_amr_pass"","119.70080333551881","0.5528058255807208","57.71","0.0"
"11:67287558:C>T","NM_001318496.2:c.471G>A","NP_001305425.1:p.Met157Ile","Unknown significance","null","missense_variant","5/7","null","157","MODERATE","24.0","null","0","null"","119.70080333551881","0.5528058255807208","57.71","0.0"
"11:67287562:T>C","NM_001318496.2:c.467A>G","NP_001305425.1:p.Asp156Gly","Unknown significance","null","missense_variant","5/7","null","156","MODERATE","22.4","null","0.000880654","gnomad_AF_nfe_pass"","139.5031942252134","0.8720048365169849","59.99","0.1"
"11:67287565:G>T","NM_001318496.2:c.464C>A","NP_001305425.1:p.Ala155Glu","Unknown significance","null","missense_variant","5/7","null","155","MODERATE","23.3","null","0","null"","16.251378620450893","0.12780389656713956","58.24","0.2"
"11:67287566:C>T","NM_001318496.2:c.463G>A","NP_001305425.1:p.Ala155Thr","Unknown significance","null","missense_variant","5/7","null","155","MODERATE","24.1","null","0.00289235","gnomad_AF_amr_pass"","16.251378620450893","0.12780389656713956","58.24","0.3"
"11:67287568:G>A","NM_001318496.2:c.461C>T","NP_001305425.1:p.Thr154Met","Unknown significance","null","missense_variant","5/7","null","154","MODERATE","26.0","null","0.0114863","gnomad_AF_afr_pass"","25.967061389594907","0.1650404165310712","62.3","0.3"
"11:67287570:C>G","NM_001318496.2:c.459G>C","NP_001305425.1:p.Glu153Asp","Unknown significance","null","missense_variant","5/7","null","153","MODERATE","22.4","null","0.00615536","gnomad_AF_afr_pass"","59.56513085812849","0.3050385813329114","64.65","0.2"
"11:67287575:C>A","NM_001318496.2:c.454G>T","NP_001305425.1:p.Ala152Ser","Unknown significance","null","missense_variant","5/7","null","152","MODERATE","23.5","EF-hand_domain&EF-hand_domain","0.00326669","gnomad_AF_sas_pass"","72.61534812618416","0.5710607486202413","66.49","0.1"
"11:67287577:A>G","NM_001318496.2:c.452T>C","NP_001305425.1:p.Leu151Pro","Unknown significance","null","missense_variant","5/7","null","151","MODERATE","26.8","EF-hand_domain&EF-hand_domain","0","null"","0.8923472026359702","0.004627127359446814","68.45","2.0"
"11:67287586:G>A","NM_001318496.2:c.443C>T","NP_001305425.1:p.Pro148Leu","Unknown significance","null","missense_variant","5/7","null","148","MODERATE","27.0","EF-hand_domain&EF-hand_domain","0","null"","77.64850434879489","0.49363286744551477","75.16","0.9"
"11:67287589:C>A","NM_001318496.2:c.440G>T","NP_001305425.1:p.Gly147Val","Unknown significance","null","missense_variant","5/7","null","147","MODERATE","25.6","EF-hand_domain&EF-hand_domain","0.000880483","gnomad_AF_nfe_pass"","0.0","0.0","78.43","2.4"
"11:67287599:C>T","NM_001318496.2:c.430G>A","NP_001305425.1:p.Glu144Lys","Unknown significance","null","missense_variant","5/7","null","144","MODERATE","24.8","EF-hand_domain&EF-hand_domain","0.00543656","gnomad_AF_eas_pass"","137.0676338434984","0.7019361155079882","81.18","0.0"
"11:67287601:A>T","NM_001318496.2:c.428T>A","NP_001305425.1:p.Val143Glu","Unknown significance","null","missense_variant","5/7","null","143","MODERATE","23.9","EF-hand_domain&EF-hand_domain","0.00326627","gnomad_AF_sas_pass"","27.674658800555964","0.16100016923729638","84.68","2.3"
"11:67287606:G>C","NM_001318496.2:c.423C>G","NP_001305425.1:p.Asp141Glu","Likely benign","null","missense_variant","5/7","null","141","MODERATE","16.17","EF-hand_domain&EF-hand_domain","0.0114863","gnomad_AF_afr_pass"","20.887808395784383","0.13056525369561806","83.71","0.3"
"11:67287608:C>A","NM_001318496.2:c.421G>T","NP_001305425.1:p.Asp141Tyr","Unknown significance","null","missense_variant","5/7","null","141","MODERATE","26.0","EF-hand_domain&EF-hand_domain","0.00176128","gnomad_AF_nfe_pass"","20.887808395784383","0.13056525369561806","83.71","1.4"
"11:67287610:T>G","NM_001318496.2:c.419A>C","NP_001305425.1:p.Glu140Ala","Unknown significance","null","missense_variant","5/7","null","140","MODERATE","24.4","EF-hand_domain&EF-hand_domain","0.000880731","gnomad_AF_nfe_pass"","144.2346471184772","0.7386390578216846","85.83","0.0"
"11:67287611:C>T","NM_001318496.2:c.418G>A","NP_001305425.1:p.Glu140Lys","Unknown significance","null","missense_variant","5/7","null","140","MODERATE","25.3","EF-hand_domain&EF-hand_domain","0.0200401","gnomad_AF_afr_pass"","144.2346471184772","0.7386390578216846","85.83","0.1"
"11:67287617:C>A","NM_001318496.2:c.412G>T","NP_001305425.1:p.Asp138Tyr","Unknown significance","null","missense_variant","5/7","null","138","MODERATE","28.7","EF-hand_domain&EF-hand_domain","0.00653552","gnomad_AF_sas_pass"","43.65506817829245","0.27287855881273826","86.27","1.1"
"11:67287617:C>T","NM_001318496.2:c.412G>A","NP_001305425.1:p.Asp138Asn","Unknown significance","null","missense_variant","5/7","null","138","MODERATE","27.6","EF-hand_domain&EF-hand_domain","0.00264326","gnomad_AF_nfe_pass"","43.65506817829245","0.27287855881273826","86.27","0.3"
"11:67287619:A>G","NM_001318496.2:c.410T>C","NP_001305425.1:p.Val137Ala","Unknown significance","null","missense_variant","5/7","null","137","MODERATE","24.9","EF-hand_domain&EF-hand_domain","0.00868307","gnomad_AF_amr_pass"","0.0","0.0","81.19","2.6"
"11:67287626:C>T","NM_001318496.2:c.403G>A","NP_001305425.1:p.Gly135Arg","Unknown significance","null","missense_variant","5/7","null","135","MODERATE","25.4","EF-hand_domain&EF-hand_domain","0.00155349","gnomad_AF_nfe_pass"","25.064886770377463","0.2628829457804591","69.98","0.3"
"11:67288496:T>A","NM_001318496.2:c.397A>T","NP_001305425.1:p.Ser133Cys","Unknown significance","null","missense_variant&splice_region_variant","4/7","null","133","MODERATE","23.9","null","0.000881928","gnomad_AF_nfe_pass"","126.9398512799217","0.9204729795102917","60.17","0.1"
"11:67288500:T>G","NM_001318496.2:c.393A>C","NP_001305425.1:p.Gln131His","Likely benign","null","missense_variant","4/7","null","131","MODERATE","11.42","null","0.000881399","gnomad_AF_nfe_pass"","170.55735833677693","0.8624823874423174","69.98","0.0"
"11:67288511:T>C","NM_001318496.2:c.382A>G","NP_001305425.1:p.Ile128Val","Unknown significance","null","missense_variant","4/7","null","128","MODERATE","22.4","null","0","null"","27.99150678016088","0.14269825363950622","73.72","0.4"
"11:67288514:C>T","NM_001318496.2:c.379G>A","NP_001305425.1:p.Glu127Lys","Unknown significance","null","missense_variant","4/7","null","127","MODERATE","29.7","null","0.00578402","gnomad_AF_amr_pass"","110.64012203088997","0.5665983668060268","77.29","0.0"
"11:67288519:A>G","NM_001318496.2:c.374T>C","NP_001305425.1:p.Leu125Pro","Unknown significance","null","missense_variant","4/7","null","125","MODERATE","28.1","null","0","null"","6.062829448565716","0.03143785729842489","77.88","3.2"
"11:67288520:G>A","NM_001318496.2:c.373C>T","NP_001305425.1:p.Leu125Phe","Unknown significance","null","missense_variant","4/7","null","125","MODERATE","26.1","null","0.00352131","gnomad_AF_nfe_pass"","6.062829448565716","0.03143785729842489","77.88","0.3"
"11:67288525:A>T","NM_001318496.2:c.368T>A","NP_001305425.1:p.Met123Lys","Unknown significance","null","missense_variant","4/7","null","123","MODERATE","26.7","null","0.000880127","gnomad_AF_nfe_pass"","129.826470071605","0.5995684821679754","80.27","0.4"
"11:67288529:C>T","NM_001318496.2:c.364G>A","NP_001305425.1:p.Glu122Lys","Unknown significance","null","missense_variant","4/7","null","122","MODERATE","29.2","null","0.0360779","gnomad_AF_afr_pass"","83.4319273573285","0.427262668482445","79.45","0.0"
"11:67288531:G>T","NM_001318496.2:c.362C>A","NP_001305425.1:p.Thr121Asn","Unknown significance","null","missense_variant","4/7","null","121","MODERATE","25.6","null","0.0114995","gnomad_AF_afr_pass"","83.89003596776179","0.5331849557868643","83.21","0.4"
"11:67288535:G>A","NM_001318496.2:c.358C>T","NP_001305425.1:p.Pro120Ser","Unknown significance","null","missense_variant","4/7","null","120","MODERATE","26.3","null","0.000882457","gnomad_AF_nfe_pass"","9.769564748193005","0.06210780620682977","75.38","0.3"
"11:67288536:C>G","NM_001318496.2:c.357G>C","NP_001305425.1:p.Met119Ile","Unknown significance","null","missense_variant","4/7","null","119","MODERATE","26.2","EF-hand_domain&EF-hand_domain","0.00087991","gnomad_AF_nfe_pass"","149.10252220704774","0.6885897219402946","72.7","0.0"
"11:67288536:C>T","NM_001318496.2:c.357G>A","NP_001305425.1:p.Met119Ile","Unknown significance","null","missense_variant","4/7","null","119","MODERATE","26.8","EF-hand_domain&EF-hand_domain","0.0326193","gnomad_AF_eas_pass"","149.10252220704774","0.6885897219402946","72.7","0.0"
"11:67288552:C>T","NM_001318496.2:c.341G>A","NP_001305425.1:p.Arg114Gln","Unknown significance","null","missense_variant","4/7","null","114","MODERATE","29.6","EF-hand_domain&EF-hand_domain&EF-hand_domain&EF-hand_domain&EF-hand_domain&EF-hand_domain","0.00289737","gnomad_AF_amr_pass"","126.81014404879073","0.47066853878087866","79.3","0.2"
"11:67288553:G>A","NM_001318496.2:c.340C>T","NP_001305425.1:p.Arg114Trp","Unknown significance","null","missense_variant","4/7","null","114","MODERATE","26.0","EF-hand_domain&EF-hand_domain&EF-hand_domain&EF-hand_domain&EF-hand_domain&EF-hand_domain","0.0108731","gnomad_AF_eas_pass"","126.81014404879073","0.47066853878087866","79.3","0.4"
"11:67288555:A>G","NM_001318496.2:c.338T>C","NP_001305425.1:p.Met113Thr","Unknown significance","null","missense_variant","4/7","null","113","MODERATE","25.2","EF-hand_domain&EF-hand_domain&EF-hand_domain&EF-hand_domain&EF-hand_domain&EF-hand_domain","0.00615233","gnomad_AF_afr_pass"","8.655840031638515","0.03997465899516423","76.5","1.7"
"11:67288556:T>G","NM_001318496.2:c.337A>C","NP_001305425.1:p.Met113Leu","Unknown significance","null","missense_variant","4/7","null","113","MODERATE","25.2","EF-hand_domain&EF-hand_domain&EF-hand_domain&EF-hand_domain&EF-hand_domain&EF-hand_domain","0.000879554","gnomad_AF_nfe_pass"","8.655840031638515","0.03997465899516423","76.5","1.0"
"11:67288559:A>T","NM_001318496.2:c.334T>A","NP_001305425.1:p.Cys112Ser","Unknown significance","null","missense_variant","4/7","null","112","MODERATE","25.5","EF-hand_domain&EF-hand_domain&EF-hand_domain&EF-hand_domain&EF-hand_domain&EF-hand_domain","0.00326627","gnomad_AF_sas_pass"","0.0","0.0","77.65","1.2"
"11:67288564:C>T","NM_001318496.2:c.329G>A","NP_001305425.1:p.Gly110Asp","Pathogenic","Hearing loss, non-syndromic","missense_variant","4/7","null","110","MODERATE","26.0","EF-hand_domain&EF-hand_domain&EF-hand_domain&EF-hand_domain&EF-hand_domain&EF-hand_domain","0","null"","6.921213919249168","0.07259035798315469","80.86","0.0"
"11:67288571:C>T","NM_001318496.2:c.322G>A","NP_001305425.1:p.Glu108Lys","Unknown significance","null","missense_variant","4/7","null","108","MODERATE","26.1","EF-hand_domain&EF-Hand_1&_calcium-binding_site&EF-hand_domain&EF-hand_domain&EF-hand_domain&EF-Hand_1&_calcium-binding_site&EF-hand_domain&EF-hand_domain","0.00326627","gnomad_AF_sas_pass"","25.651333276882337","0.13136286614923315","82.85","0.5"
"11:67288573:C>T","NM_001318496.2:c.320G>A","NP_001305425.1:p.Arg107Gln","Unknown significance","null","missense_variant","4/7","null","107","MODERATE","19.38","EF-hand_domain&EF-Hand_1&_calcium-binding_site&EF-hand_domain&EF-hand_domain&EF-hand_domain&EF-Hand_1&_calcium-binding_site&EF-hand_domain&EF-hand_domain","0","null"","132.9311432607032","0.49338723984821037","77.14","0.3"
"11:67288574:G>A","NM_001318496.2:c.319C>T","NP_001305425.1:p.Arg107Trp","Unknown significance","null","missense_variant","4/7","null","107","MODERATE","24.8","EF-hand_domain&EF-Hand_1&_calcium-binding_site&EF-hand_domain&EF-hand_domain&EF-hand_domain&EF-Hand_1&_calcium-binding_site&EF-hand_domain&EF-hand_domain","0.00326627","gnomad_AF_sas_pass"","132.9311432607032","0.49338723984821037","77.14","0.1"
"11:67288575:G>C","NM_001318496.2:c.318C>G","NP_001305425.1:p.Cys106Trp","Unknown significance","null","missense_variant","4/7","null","106","MODERATE","24.1","EF-hand_domain&EF-Hand_1&_calcium-binding_site&EF-hand_domain&EF-hand_domain&EF-hand_domain&EF-Hand_1&_calcium-binding_site&EF-hand_domain&EF-hand_domain","0","null"","36.68371279992538","0.23739199644080955","77.1","1.0"
"11:67288576:C>A","NM_001318496.2:c.317G>T","NP_001305425.1:p.Cys106Phe","Likely benign","null","missense_variant","4/7","null","106","MODERATE","14.54","EF-hand_domain&EF-Hand_1&_calcium-binding_site&EF-hand_domain&EF-hand_domain&EF-hand_domain&EF-Hand_1&_calcium-binding_site&EF-hand_domain&EF-hand_domain","0.0173471","gnomad_AF_amr_pass"","36.68371279992538","0.23739199644080955","77.1","1.1"
"11:67288576:C>T","NM_001318496.2:c.317G>A","NP_001305425.1:p.Cys106Tyr","Likely benign","null","missense_variant","4/7","null","106","MODERATE","10.29","EF-hand_domain&EF-Hand_1&_calcium-binding_site&EF-hand_domain&EF-hand_domain&EF-hand_domain&EF-Hand_1&_calcium-binding_site&EF-hand_domain&EF-hand_domain","0.0130651","gnomad_AF_sas_pass"","36.68371279992538","0.23739199644080955","77.1","1.3"
"11:67288582:A>G","NM_001318496.2:c.311T>C","NP_001305425.1:p.Ile104Thr","Unknown significance","null","missense_variant","4/7","null","104","MODERATE","24.2","EF-hand_domain&EF-Hand_1&_calcium-binding_site&EF-hand_domain&EF-hand_domain&EF-hand_domain&EF-Hand_1&_calcium-binding_site&EF-hand_domain&EF-hand_domain","0.00615157","gnomad_AF_afr_pass"","0.0","0.0","82.53","2.9"
"11:67288583:T>C","NM_001318496.2:c.310A>G","NP_001305425.1:p.Ile104Val","Unknown significance","null","missense_variant","4/7","null","104","MODERATE","23.3","EF-hand_domain&EF-Hand_1&_calcium-binding_site&EF-hand_domain&EF-hand_domain&EF-hand_domain&EF-Hand_1&_calcium-binding_site&EF-hand_domain&EF-hand_domain","0.00400962","gnomad_AF_afr_pass"","0.0","0.0","82.53","0.8"
"11:67288589:C>T","NM_001318496.2:c.304G>A","NP_001305425.1:p.Gly102Ser","Unknown significance","null","missense_variant","4/7","null","102","MODERATE","24.6","EF-hand_domain&EF-Hand_1&_calcium-binding_site&EF-hand_domain&EF-hand_domain&EF-hand_domain&EF-Hand_1&_calcium-binding_site&EF-hand_domain&EF-hand_domain","0.00653253","gnomad_AF_sas_pass"","44.78764403499827","0.46973712294610326","85.5","0.4"
"11:67288594:C>T","NM_001318496.2:c.299G>A","NP_001305425.1:p.Arg100Gln","Benign","null","missense_variant","4/7","null","100","MODERATE","16.97","EF-hand_domain&EF-Hand_1&_calcium-binding_site&EF-hand_domain&EF-hand_domain&EF-hand_domain&EF-Hand_1&_calcium-binding_site&EF-hand_domain&EF-hand_domain","69.6357","gnomad_AF_eas_pass"","178.24403796447916","0.6615705827356079","82.86","0.3"
"11:67288595:G>C","NM_001318496.2:c.298C>G","NP_001305425.1:p.Arg100Gly","Benign","null","missense_variant","4/7","null","100","MODERATE","22.8","EF-hand_domain&EF-Hand_1&_calcium-binding_site&EF-hand_domain&EF-hand_domain&EF-hand_domain&EF-Hand_1&_calcium-binding_site&EF-hand_domain&EF-hand_domain","2.575","gnomad_AF_afr_pass"","178.24403796447916","0.6615705827356079","82.86","0.5"
"11:67288600:C>T","NM_001318496.2:c.293G>A","NP_001305425.1:p.Arg98Gln","Unknown significance","null","missense_variant","4/7","null","98","MODERATE","24.3","EF-hand_domain&EF-Hand_1&_calcium-binding_site&EF-hand_domain&EF-hand_domain&EF-hand_domain&EF-Hand_1&_calcium-binding_site&EF-hand_domain&EF-hand_domain","0.0100251","gnomad_AF_eas_pass"","167.10544528445078","0.6202285814303555","80.07","0.3"
"11:67288605:A>T","NM_001318496.2:c.288T>A","NP_001305425.1:p.Phe96Leu","Unknown significance","null","missense_variant","4/7","null","96","MODERATE","24.5","EF-hand_domain&EF-hand_domain&EF-hand_domain&EF-hand_domain&EF-hand_domain&EF-hand_domain","0.00289201","gnomad_AF_amr_pass"","10.25957288933539","0.04465530324404856","81.55","0.4"
"11:67288619:C>T","NM_001318496.2:c.274G>A","NP_001305425.1:p.Ala92Thr","Unknown significance","null","missense_variant","4/7","null","92","MODERATE","28.3","EF-hand_domain&EF-hand_domain&EF-hand_domain&EF-hand_domain&EF-hand_domain&EF-hand_domain","0.00326819","gnomad_AF_sas_pass"","0.0","0.0","83.6","0.1"
"11:67288622:C>A","NM_001318496.2:c.271G>T","NP_001305425.1:p.Val91Phe","Likely benign","null","missense_variant","4/7","null","91","MODERATE","22.5","EF-hand_domain&EF-hand_domain&EF-hand_domain&EF-hand_domain&EF-hand_domain&EF-hand_domain","0.0359524","gnomad_AF_sas_pass"","58.603590458750396","0.3409324049762982","85.18","0.1"
"11:67288629:C>G","NM_001318496.2:c.264G>C","NP_001305425.1:p.Glu88Asp","Unknown significance","null","missense_variant&splice_region_variant","4/7","null","88","MODERATE","26.1","EF-hand_domain&EF-hand_domain&EF-hand_domain&EF-hand_domain&EF-hand_domain&EF-hand_domain","0.008036","gnomad_AF_afr_pass"","32.02533686029467","0.16400473199396606","79.72","0.3"
"11:67289423:C>T","NM_001318496.2:c.262G>A","NP_001305425.1:p.Glu88Lys","Unknown significance","null","missense_variant&splice_region_variant","3/7","null","88","MODERATE","39","EF-hand_domain&EF-hand_domain&EF-hand_domain&EF-hand_domain&EF-hand_domain&EF-hand_domain","0.00621813","gnomad_AF_afr_pass"","32.02533686029467","0.16400473199396606","79.72","0.2"
"11:67289426:C>T","NM_001318496.2:c.259G>A","NP_001305425.1:p.Glu87Lys","Unknown significance","null","missense_variant","3/7","null","87","MODERATE","32","EF-hand_domain&EF-hand_domain","0.000886022","gnomad_AF_nfe_pass"","113.13123514785397","0.5793555890296863","83.01","0.0"
"11:67289429:T>C","NM_001318496.2:c.256A>G","NP_001305425.1:p.Ile86Val","Unknown significance","null","missense_variant","3/7","null","86","MODERATE","21.5","EF-hand_domain&EF-hand_domain","0.00580383","gnomad_AF_amr_pass"","51.10337904492927","0.26052055725551876","83.33","0.3"
"11:67289435:C>T","NM_001318496.2:c.250G>A","NP_001305425.1:p.Glu84Lys","Pathogenic","Deafness, autosomal recessive 93","missense_variant","3/7","null","84","MODERATE","27.7","EF-hand_domain&EF-hand_domain","0.00622278","gnomad_AF_afr_pass"","112.91797181463687","0.5782634476429778","72.0","0.1"
"11:67289440:C>T","NM_001318496.2:c.245G>A","NP_001305425.1:p.Arg82Gln","Likely pathogenic","Hearing loss, autosomal recessive","missense_variant","3/7","null","82","MODERATE","23.4","null","0.0195053","gnomad_AF_nfe_pass"","50.29918120180024","0.18669044417311909","71.52","0.4"
"11:67289441:G>A","NM_001318496.2:c.244C>T","NP_001305425.1:p.Arg82Trp","Unknown significance","null","missense_variant","3/7","null","82","MODERATE","28.8","null","0.00404989","gnomad_AF_afr_pass"","50.29918120180024","0.18669044417311909","71.52","0.3"
"11:67289443:A>G","NM_001318496.2:c.242T>C","NP_001305425.1:p.Leu81Pro","Unknown significance","null","missense_variant","3/7","null","81","MODERATE","25.5","null","0.00858115","gnomad_AF_nfe_pass"","15.59522605747169","0.0808666144233132","72.78","2.4"
"11:67289447:C>T","NM_001318496.2:c.238G>A","NP_001305425.1:p.Glu80Lys","Unknown significance","null","missense_variant","3/7","null","80","MODERATE","24.2","null","0.000887233","gnomad_AF_nfe_pass"","185.90785979541943","0.9520514602024717","68.44","0.0"
"11:67289449:C>G","NM_001318496.2:c.236G>C","NP_001305425.1:p.Arg79Pro","Unknown significance","null","missense_variant","3/7","null","79","MODERATE","26.7","null","0","null"","56.05890453729083","0.20806823367436314","67.83","0.9"
"11:67289449:C>T","NM_001318496.2:c.236G>A","NP_001305425.1:p.Arg79Gln","Unknown significance","null","missense_variant","3/7","null","79","MODERATE","27.1","null","0.0081011","gnomad_AF_afr_pass"","56.05890453729083","0.20806823367436314","67.83","0.3"
"11:67289450:G>A","NM_001318496.2:c.235C>T","NP_001305425.1:p.Arg79Trp","Unknown significance","null","missense_variant","3/7","null","79","MODERATE","28.7","null","0.00547602","gnomad_AF_nfe_pass"","56.05890453729083","0.20806823367436314","67.83","0.4"
"11:67290015:A>G","NM_001318496.2:c.229T>C","NP_001305425.1:p.Tyr77His","Unknown significance","null","missense_variant&splice_region_variant","2/7","null","77","MODERATE","31","null","0","null"","131.42210024711977","0.5477935811019143","46.16","0.5"
"11:67290017:G>A","NM_001318496.2:c.227C>T","NP_001305425.1:p.Ser76Leu","Unknown significance","null","missense_variant","2/7","null","76","MODERATE","14.86","null","0.00435958","gnomad_AF_sas_pass"","12.218072158848155","0.08859633259792206","44.38","0.7"
"11:67290024:G>C","NM_001318496.2:c.220C>G","NP_001305425.1:p.Pro74Ala","Unknown significance","null","missense_variant","2/7","null","74","MODERATE","17.45","null","0.00167639","gnomad_AF_nfe_pass"","65.65224940742675","0.4173693801449138","46.08","0.2"
"11:67290029:G>A","NM_001318496.2:c.215C>T","NP_001305425.1:p.Pro72Leu","Likely benign","null","missense_variant","2/7","null","72","MODERATE","9.312","null","0.15556","gnomad_AF_nfe_pass"","96.7196342876191","0.6148732781408679","46.32","0.1"
"11:67290029:G>T","NM_001318496.2:c.215C>A","NP_001305425.1:p.Pro72Gln","Unknown significance","null","missense_variant","2/7","null","72","MODERATE","8.796","null","0.273988","gnomad_AF_afr_pass"","96.7196342876191","0.6148732781408679","46.32","0.0"
"11:67290033:A>T","NM_001318496.2:c.211T>A","NP_001305425.1:p.Leu71Met","Unknown significance","null","missense_variant","2/7","null","71","MODERATE","24.4","null","0","gnomad_AF_afr_pass,gnomad_AF_sas_pass,gnomad_AF_amr_pass,gnomad_AF_eas_pass,gnomad_AF_nfe_pass"","46.781647913709506","0.2425789449914813","46.57","0.2"
"11:67290038:G>A","NM_001318496.2:c.206C>T","NP_001305425.1:p.Pro69Leu","Unknown significance","null","missense_variant","2/7","null","69","MODERATE","12.13","null","0.00164652","gnomad_AF_nfe_pass"","123.66439640286451","0.7861685309874514","45.09","0.2"
"11:67290042:C>T","NM_001318496.2:c.202G>A","NP_001305425.1:p.Gly68Ser","Benign","null","missense_variant","2/7","null","68","MODERATE","22.8","null","0.608413","gnomad_AF_nfe_pass"","20.234778688067642","0.21222430715392254","45.97","0.5"
"11:67290043:G>C","NM_001318496.2:c.201C>G","NP_001305425.1:p.Cys67Trp","Likely benign","null","missense_variant","2/7","null","67","MODERATE","23.6","null","0","null"","160.32592356035255","1.0375201464145727","32.25","0.1"
"11:67290045:A>C","NM_001318496.2:c.199T>G","NP_001305425.1:p.Cys67Gly","Unknown significance","null","missense_variant","2/7","null","67","MODERATE","26.4","null","0.037219","gnomad_AF_eas_pass"","160.32592356035255","1.0375201464145727","32.25","0.1"
"11:67290047:G>A","NM_001318496.2:c.197C>T","NP_001305425.1:p.Ser66Phe","Unknown significance","null","missense_variant","2/7","null","66","MODERATE","10.40","null","0","null"","58.19112955599513","0.4219586037276889","46.27","0.3"
"11:67290062:C>G","NM_001318496.2:c.182G>C","NP_001305425.1:p.Gly61Ala","Unknown significance","null","missense_variant","2/7","null","61","MODERATE","10.27","null","0","null"","72.47211107392927","0.7600944788052698","37.52","0.2"
"11:67290063:C>G","NM_001318496.2:c.181G>C","NP_001305425.1:p.Gly61Arg","Unknown significance","null","missense_variant","2/7","null","61","MODERATE","23.8","null","0","null"","72.47211107392927","0.7600944788052698","37.52","0.2"
"11:67290066:A>C","NM_001318496.2:c.178T>G","NP_001305425.1:p.Trp60Gly","Unknown significance","null","missense_variant","2/7","null","60","MODERATE","24.3","null","0","null"","46.48963963841397","0.1772193817157583","40.32","1.8"
"11:67290072:C>T","NM_001318496.2:c.172G>A","NP_001305425.1:p.Ala58Thr","Likely benign","null","missense_variant","2/7","null","58","MODERATE","14.10","null","0","null"","43.49086568151611","0.34202034356526667","39.94","0.1"
"11:67290074:G>A","NM_001318496.2:c.170C>T","NP_001305425.1:p.Thr57Ile","Unknown significance","null","missense_variant","2/7","null","57","MODERATE","8.986","null","0.00886525","gnomad_AF_eas_pass"","104.50793894406597","0.6642274039157837","39.33","0.1"
"11:67290077:G>A","NM_001318496.2:c.167C>T","NP_001305425.1:p.Ser56Leu","Unknown significance","null","missense_variant","2/7","null","56","MODERATE","9.626","null","0","null"","145.56056494530725","1.0554964856461972","39.11","0.0"
"11:67290083:C>T","NM_001318496.2:c.161G>A","NP_001305425.1:p.Arg54Gln","Unknown significance","null","missense_variant","2/7","null","54","MODERATE","6.746","null","0.00555247","gnomad_AF_nfe_pass"","236.12232761448715","0.8763916463109669","40.2","0.1"
"11:67290084:G>A","NM_001318496.2:c.160C>T","NP_001305425.1:p.Arg54Trp","Unknown significance","null","missense_variant","2/7","null","54","MODERATE","20.1","null","0.0791418","gnomad_AF_sas_pass"","236.12232761448715","0.8763916463109669","40.2","0.0"
"11:67290086:G>A","NM_001318496.2:c.158C>T","NP_001305425.1:p.Thr53Ile","Unknown significance","null","missense_variant","2/7","null","53","MODERATE","9.421","null","0.00288309","gnomad_AF_nfe_pass"","154.86906279183833","0.9843106328998578","34.68","0.0"
"11:67290087:T>A","NM_001318496.2:c.157A>T","NP_001305425.1:p.Thr53Ser","Unknown significance","null","missense_variant","2/7","null","53","MODERATE","15.55","null","0","gnomad_AF_afr_pass,gnomad_AF_sas_pass,gnomad_AF_amr_pass,gnomad_AF_eas_pass,gnomad_AF_nfe_pass"","154.86906279183833","0.9843106328998578","34.68","0.0"
"11:67290087:T>G","NM_001318496.2:c.157A>C","NP_001305425.1:p.Thr53Pro","Unknown significance","null","missense_variant","2/7","null","53","MODERATE","17.29","null","0.024548","gnomad_AF_nfe_pass"","154.86906279183833","0.9843106328998578","34.68","0.0"
"11:67290089:G>T","NM_001318496.2:c.155C>A","NP_001305425.1:p.Ala52Asp","Unknown significance","null","missense_variant","2/7","null","52","MODERATE","10.42","null","0.0313283","gnomad_AF_eas_pass"","62.129509857761605","0.4885981452451162","39.72","0.1"
"11:67290096:A>G","NM_001318496.2:c.148T>C","NP_001305425.1:p.Ser50Pro","Likely benign","null","missense_variant","2/7","null","50","MODERATE","7.469","null","0.00407","gnomad_AF_amr_pass"","85.89462893642578","0.6228436871782314","38.91","0.1"
"11:67290104:C>T","NM_001318496.2:c.140G>A","NP_001305425.1:p.Arg47His","Unknown significance","null","missense_variant","2/7","null","47","MODERATE","1.411","null","0.0133014","gnomad_AF_sas_pass"","233.44304346715424","0.8664472150979659","41.72","0.0"
"11:67290105:G>A","NM_001318496.2:c.139C>T","NP_001305425.1:p.Arg47Cys","Unknown significance","null","missense_variant","2/7","null","47","MODERATE","1.677","null","0.0123946","gnomad_AF_afr_pass"","233.44304346715424","0.8664472150979659","41.72","0.2"
"11:67290105:G>C","NM_001318496.2:c.139C>G","NP_001305425.1:p.Arg47Gly","Likely benign","null","missense_variant","2/7","null","47","MODERATE","2.265","null","0.00192589","gnomad_AF_nfe_pass"","233.44304346715424","0.8664472150979659","41.72","0.2"
"11:67290107:G>A","NM_001318496.2:c.137C>T","NP_001305425.1:p.Pro46Leu","Unknown significance","null","missense_variant","2/7","null","46","MODERATE","0.462","null","0.005978","gnomad_AF_afr_pass"","138.6260874511599","0.8812841100439148","44.68","0.0"
"11:67290119:C>G","NM_001318496.2:c.125G>C","NP_001305425.1:p.Ser42Thr","Likely benign","null","missense_variant","2/7","null","42","MODERATE","7.727","null","0.00824538","gnomad_AF_amr_pass"","113.050397175786","0.8197570335398443","43.17","0.1"
"11:67290119:C>T","NM_001318496.2:c.125G>A","NP_001305425.1:p.Ser42Asn","Unknown significance","null","missense_variant","2/7","null","42","MODERATE","2.686","null","0.0044964","gnomad_AF_sas_pass"","113.050397175786","0.8197570335398443","43.17","0.0"
"11:67290120:T>C","NM_001318496.2:c.124A>G","NP_001305425.1:p.Ser42Gly","Unknown significance","null","missense_variant","2/7","null","42","MODERATE","20.2","null","0.00412065","gnomad_AF_amr_pass"","113.050397175786","0.8197570335398443","43.17","0.2"
"11:67290123:T>C","NM_001318496.2:c.121A>G","NP_001305425.1:p.Arg41Gly","Unknown significance","null","missense_variant","2/7","null","41","MODERATE","17.38","null","0.0132275","gnomad_AF_afr_pass"","265.6905837652154","0.9861371877355349","55.58","0.1"
"11:67290137:G>A","NM_001318496.2:c.107C>T","NP_001305425.1:p.Pro36Leu","Unknown significance","null","missense_variant","2/7","null","36","MODERATE","7.733","null","0.00923702","gnomad_AF_sas_pass"","145.6477118411542","0.9259225047023439","59.17","0.1"
"11:67290146:G>C","NM_001318496.2:c.98C>G","NP_001305425.1:p.Ala33Gly","Unknown significance","null","missense_variant","2/7","null","33","MODERATE","18.55","null","0.00479524","gnomad_AF_sas_pass"","106.41947062450689","0.836902722782473","59.97","0.2"
"11:67290149:G>A","NM_001318496.2:c.95C>T","NP_001305425.1:p.Pro32Leu","Unknown significance","null","missense_variant","2/7","null","32","MODERATE","11.08","null","0","null"","149.4721335259385","0.9502354036875021","56.46","0.0"
"11:67290150:G>A","NM_001318496.2:c.94C>T","NP_001305425.1:p.Pro32Ser","Unknown significance","null","missense_variant","2/7","null","32","MODERATE","22.6","null","0.00491352","gnomad_AF_sas_pass"","149.4721335259385","0.9502354036875021","56.46","0.1"
"11:67290153:C>A","NM_001318496.2:c.91G>T","NP_001305425.1:p.Ala31Ser","Unknown significance","null","missense_variant","2/7","null","31","MODERATE","20.3","null","0.00441891","gnomad_AF_amr_pass"","110.18039134510389","0.8664793103445598","55.71","0.0"
"11:67290153:C>T","NM_001318496.2:c.91G>A","NP_001305425.1:p.Ala31Thr","Unknown significance","null","missense_variant","2/7","null","31","MODERATE","18.76","null","0","null"","110.18039134510389","0.8664793103445598","55.71","0.0"
"11:67290158:T>C","NM_001318496.2:c.86A>G","NP_001305425.1:p.Gln29Arg","Unknown significance","null","missense_variant","2/7","null","29","MODERATE","5.733","null","0","null"","205.05607304500805","1.036937093562321","49.96","0.0"
"11:67290159:G>C","NM_001318496.2:c.85C>G","NP_001305425.1:p.Gln29Glu","Likely benign","null","missense_variant","2/7","null","29","MODERATE","9.346","null","0.00965065","gnomad_AF_eas_pass"","205.05607304500805","1.036937093562321","49.96","0.1"
"11:67290162:G>T","NM_001318496.2:c.82C>A","NP_001305425.1:p.His28Asn","Likely benign","null","missense_variant","2/7","null","28","MODERATE","14.38","null","0","gnomad_AF_afr_pass,gnomad_AF_amr_pass,gnomad_AF_eas_pass,gnomad_AF_nfe_pass"","180.26991943827653","0.8776430540720112","48.32","0.1"
"11:67290165:G>T","NM_001318496.2:c.79C>A","NP_001305425.1:p.Pro27Thr","Likely benign","null","missense_variant","2/7","null","27","MODERATE","16.43","null","0.00649182","gnomad_AF_nfe_pass"","93.8706764112298","0.5967616704859888","47.3","0.2"
"11:67290168:C>T","NM_001318496.2:c.76G>A","NP_001305425.1:p.Ala26Thr","Likely benign","null","missense_variant","2/7","null","26","MODERATE","15.06","null","0.00649266","gnomad_AF_nfe_pass"","121.58052833757179","0.9561321307645524","50.41","0.0"
"11:67290170:G>C","NM_001318496.2:c.74C>G","NP_001305425.1:p.Ser25Trp","Likely benign","null","missense_variant","2/7","null","25","MODERATE","2.324","null","0.0144023","gnomad_AF_amr_pass"","111.82534188097132","0.810873847637914","44.08","0.1"
"11:67290171:A>C","NM_001318496.2:c.73T>G","NP_001305425.1:p.Ser25Ala","Likely benign","null","missense_variant","2/7","null","25","MODERATE","13.87","null","0.00745268","gnomad_AF_nfe_pass"","111.82534188097132","0.810873847637914","44.08","0.0"
"11:67290179:C>A","NM_001318496.2:c.65G>T","NP_001305425.1:p.Cys22Phe","Likely benign","null","missense_variant","2/7","null","22","MODERATE","12.84","null","0.00629723","gnomad_AF_sas_pass"","128.21390687137227","0.8297130524839624","33.13","0.2"
"11:67290182:G>C","NM_001318496.2:c.62C>G","NP_001305425.1:p.Pro21Arg","Unknown significance","null","missense_variant","2/7","null","21","MODERATE","5.796","null","0.00648677","gnomad_AF_nfe_pass"","148.06482210972035","0.9412887385121369","42.58","0.2"
"11:67290185:G>A","NM_001318496.2:c.59C>T","NP_001305425.1:p.Thr20Ile","Unknown significance","null","missense_variant&splice_region_variant","2/7","null","20","MODERATE","12.36","null","0.019984","gnomad_AF_afr_pass"","68.8982809517091","0.43790095521171446","50.87","0.1"
"11:67290186:T>C","NM_001318496.2:c.58A>G","NP_001305425.1:p.Thr20Ala","Unknown significance","null","missense_variant&splice_region_variant","2/7","null","20","MODERATE","18.10","null","0.0108284","gnomad_AF_amr_pass"","68.8982809517091","0.43790095521171446","50.87","0.1"
"11:67290756:C>G","NM_001318496.2:c.56G>C","NP_001305425.1:p.Arg19Thr","Unknown significance","null","missense_variant&splice_region_variant","1/7","null","19","MODERATE","33","null","0","null"","242.12696721442876","0.8986784670350482","38.54","0.0"
"11:67290757:T>C","NM_001318496.2:c.55A>G","NP_001305425.1:p.Arg19Gly","Unknown significance","null","missense_variant&splice_region_variant","1/7","null","19","MODERATE","23.1","null","0","null"","242.12696721442876","0.8986784670350482","38.54","0.2"
"11:67290766:C>T","NM_001318496.2:c.46G>A","NP_001305425.1:p.Gly16Arg","Unknown significance","null","missense_variant","1/7","null","16","MODERATE","6.536","null","0.213833","gnomad_AF_eas_pass"","79.0123875305609","0.8286895280025344","35.59","0.1"
"11:67290769:C>T","NM_001318496.2:c.43G>A","NP_001305425.1:p.Ala15Thr","Likely benign","null","missense_variant","1/7","null","15","MODERATE","6.996","null","0.00870171","gnomad_AF_sas_pass"","128.8685523857983","1.0134465219551088","35.18","0.0"
"11:67290771:C>A","NM_001318496.2:c.41G>T","NP_001305425.1:p.Gly14Val","Likely benign","null","missense_variant","1/7","null","14","MODERATE","10.33","null","0.00162866","gnomad_AF_nfe_pass"","75.59485442535808","0.79284611174343","38.88","0.2"
"11:67290778:C>A","NM_001318496.2:c.34G>T","NP_001305425.1:p.Gly12Cys","Likely benign","null","missense_variant","1/7","null","12","MODERATE","2.723","null","0.00162575","gnomad_AF_nfe_pass"","59.89989374637602","0.6282358529779505","43.84","0.0"
"11:67290778:C>T","NM_001318496.2:c.34G>A","NP_001305425.1:p.Gly12Ser","Likely benign","null","missense_variant","1/7","null","12","MODERATE","6.485","null","0.00390168","gnomad_AF_nfe_pass"","59.89989374637602","0.6282358529779505","43.84","0.2"
"11:67290783:G>T","NM_001318496.2:c.29C>A","NP_001305425.1:p.Pro10Gln","Unknown significance","null","missense_variant","1/7","null","10","MODERATE","7.011","null","0","null"","113.12853950452586","0.7191891951285087","39.41","0.1"
"11:67290784:G>A","NM_001318496.2:c.28C>T","NP_001305425.1:p.Pro10Ser","Likely benign","null","missense_variant","1/7","null","10","MODERATE","11.49","null","0.019791","gnomad_AF_amr_pass"","113.12853950452586","0.7191891951285087","39.41","0.2"
"11:67290789:G>A","NM_001318496.2:c.23C>T","NP_001305425.1:p.Thr8Ile","Unknown significance","null","missense_variant","1/7","null","8","MODERATE","4.642","null","0.00165235","gnomad_AF_nfe_pass"","86.67739140184077","0.5509007186511549","38.0","0.2"
"11:67290790:T>C","NM_001318496.2:c.22A>G","NP_001305425.1:p.Thr8Ala","Likely benign","null","missense_variant","1/7","null","8","MODERATE","17.98","null","0.0641849","gnomad_AF_eas_pass"","86.67739140184077","0.5509007186511549","38.0","0.1"
"11:67290793:C>T","NM_001318496.2:c.19G>A","NP_001305425.1:p.Gly7Arg","Unknown significance","null","missense_variant","1/7","null","7","MODERATE","23.2","null","0.00400224","gnomad_AF_amr_pass"","44.08031293511769","0.4623185662663062","42.88","0.5"
"11:67290799:G>C","NM_001318496.2:c.13C>G","NP_001305425.1:p.Pro5Ala","Unknown significance","null","missense_variant","1/7","null","5","MODERATE","11.93","null","0.0115075","gnomad_AF_afr_pass"","103.31202270197616","0.6567829018172725","40.25","0.3"