{"applied_filters": "CONTAINS missense_variant[Consequence]"},,"Surface Area","Normalized SA","Confidence Score","|ddG|""Genomic Description (GRCh37)","HGVS Nucleotide Change","HGVS Protein Change","Variant Classification","Phenotype","Consequence","Exon","Intron","Protein Position","Impact","CADD Phred","Interpro Domain","Max MAF (%)","Max MAF Source","Surface Area","Normalized SA","Confidence Score","|ddG|"
"6:35773452:T>G","NM_182548.4:c.5T>G","NP_872354.1:p.Val2Gly","Likely benign","null","missense_variant","1/4","null","2","MODERATE","21.6","null","0.00543656","gnomad_AF_eas_pass"","150.5036437709944","0.8755704015210145","59.43","0.1"
"6:35773464:C>T","NM_182548.4:c.17C>T","NP_872354.1:p.Pro6Leu","Unknown significance","null","missense_variant","1/4","null","6","MODERATE","27.1","null","0.00087943","gnomad_AF_nfe_pass"","92.61816726705678","0.5887991258687408","77.72","0.0"
"6:35773470:A>C","NM_182548.4:c.23A>C","NP_872354.1:p.Gln8Pro","Unknown significance","null","missense_variant","1/4","null","8","MODERATE","23.5","null","0.00543715","gnomad_AF_eas_pass"","171.55435284491108","0.8675240356715572","81.29","0.2"
"6:35773472:G>A","NM_182548.4:c.25G>A","NP_872354.1:p.Glu9Lys","Unknown significance","null","missense_variant","1/4","null","9","MODERATE","27.2","null","0","null"","86.07294564278415","0.4407875690318699","84.65","0.3"
"6:35773472:G>C","NM_182548.4:c.25G>C","NP_872354.1:p.Glu9Gln","Unknown significance","null","missense_variant","1/4","null","9","MODERATE","25.5","null","0.00543715","gnomad_AF_eas_pass"","86.07294564278415","0.4407875690318699","84.65","0.2"
"6:35773473:A>G","NM_182548.4:c.26A>G","NP_872354.1:p.Glu9Gly","Unknown significance","null","missense_variant","1/4","null","9","MODERATE","26.8","null","0.00615233","gnomad_AF_afr_pass"","86.07294564278415","0.4407875690318699","84.65","0.8"
"6:35773484:A>G","NM_182548.4:c.37A>G","NP_872354.1:p.Ile13Val","Unknown significance","null","missense_variant","1/4","null","13","MODERATE","23.7","null","0.00578168","gnomad_AF_amr_pass"","96.34608205290135","0.49116390060508835","84.75","0.3"
"6:35773485:T>C","NM_182548.4:c.38T>C","NP_872354.1:p.Ile13Thr","Unknown significance","null","missense_variant","1/4","null","13","MODERATE","26.5","null","0.00326627","gnomad_AF_sas_pass"","96.34608205290135","0.49116390060508835","84.75","1.0"
"6:35773488:A>C","NM_182548.4:c.41A>C","NP_872354.1:p.Tyr14Ser","Unknown significance","null","missense_variant","1/4","null","14","MODERATE","27.8","null","0","null"","159.10236316108384","0.663170449368142","83.09","1.5"
"6:35773490:C>T","NM_182548.4:c.43C>T","NP_872354.1:p.His15Tyr","Unknown significance","Deafness, autosomal recessive 67","missense_variant","1/4","null","15","MODERATE","24.5","null","0.20316","gnomad_AF_amr_pass"","97.6155692910719","0.47524083121880956","85.79","0.2"
"6:35773494:C>A","NM_182548.4:c.47C>A","NP_872354.1:p.Thr16Asn","Unknown significance","null","missense_variant","1/4","null","16","MODERATE","24.6","null","0.000879136","gnomad_AF_nfe_pass"","46.57753868272754","0.2960356687980764","88.3","0.6"
"6:35773498:C>A","NM_182548.4:c.51C>A","NP_872354.1:p.Asn17Lys","Unknown significance","null","missense_variant","1/4","null","17","MODERATE","22.7","null","0.00543656","gnomad_AF_eas_pass"","74.44081515468002","0.46575843403443073","87.44","0.4"
"6:35773502:G>A","NM_182548.4:c.55G>A","NP_872354.1:p.Val19Met","Unknown significance","null","missense_variant","1/4","null","19","MODERATE","23.4","null","0.000879075","gnomad_AF_nfe_pass"","17.965411226812865","0.1045156245205953","87.41","0.6"
"6:35773505:C>T","NM_182548.4:c.58C>T","NP_872354.1:p.Arg20Trp","Unknown significance","null","missense_variant","1/4","null","20","MODERATE","25.4","null","0.00801218","gnomad_AF_afr_pass"","179.71675595681617","0.6670367229303771","89.41","0.1"
"6:35773506:G>A","NM_182548.4:c.59G>A","NP_872354.1:p.Arg20Gln","Unknown significance","null","missense_variant","1/4","null","20","MODERATE","29.1","null","0.0309669","gnomad_AF_nfe_pass"","179.71675595681617","0.6670367229303771","89.41","0.2"
"6:35773506:G>T","NM_182548.4:c.59G>T","NP_872354.1:p.Arg20Leu","Unknown significance","null","missense_variant","1/4","null","20","MODERATE","28.5","null","0","null"","179.71675595681617","0.6670367229303771","89.41","0.1"
"6:35773509:A>C","NM_182548.4:c.62A>C","NP_872354.1:p.Asn21Thr","Unknown significance","null","missense_variant","1/4","null","21","MODERATE","25.0","null","0","null"","97.08400403242747","0.6074314687981085","91.09","0.2"
"6:35773512:C>T","NM_182548.4:c.65C>T","NP_872354.1:p.Ser22Leu","Unknown significance","null","missense_variant","1/4","null","22","MODERATE","23.2","null","0.00289084","gnomad_AF_amr_pass"","0.0","0.0","90.03","2.0"
"6:35773514:C>G","NM_182548.4:c.67C>G","NP_872354.1:p.Arg23Gly","Unknown significance","null","missense_variant","1/4","null","23","MODERATE","22.5","null","0","null"","161.22328232482081","0.5983963450123065","89.66","0.7"
"6:35773518:C>T","NM_182548.4:c.71C>T","NP_872354.1:p.Ala24Val","Unknown significance","null","missense_variant","1/4","null","24","MODERATE","25.3","null","0.00615157","gnomad_AF_afr_pass"","69.22009024281977","0.5443598023510915","93.26","0.4"
"6:35773520:G>A","NM_182548.4:c.73G>A","NP_872354.1:p.Val25Met","Unknown significance","null","missense_variant","1/4","null","25","MODERATE","19.47","null","0.0801925","gnomad_AF_eas_pass"","35.95640380293476","0.20918007116751758","93.63","0.7"
"6:35773524:G>A","NM_182548.4:c.77G>A","NP_872354.1:p.Gly26Asp","Unknown significance","null","missense_variant","1/4","null","26","MODERATE","25.7","null","0.000879059","gnomad_AF_nfe_pass"","5.0991776059374425","0.05348066569727405","93.51","1.1"
"6:35773526:G>A","NM_182548.4:c.79G>A","NP_872354.1:p.Val27Met","Unknown significance","null","missense_variant","1/4","null","27","MODERATE","27.0","null","0.00648004","gnomad_AF_nfe_pass"","121.61218045270678","0.7074913470589591","93.08","0.3"
"6:35773529:A>T","NM_182548.4:c.82A>T","NP_872354.1:p.Met28Leu","Unknown significance","Deafness, autosomal recessive 67","missense_variant","1/4","null","28","MODERATE","16.24","null","0","null"","86.39086967334356","0.3989728949315923","93.7","0.7"
"6:35773531:G>A","NM_182548.4:c.84G>A","NP_872354.1:p.Met28Ile","Unknown significance","null","missense_variant","1/4","null","28","MODERATE","22.5","null","0.00615157","gnomad_AF_afr_pass"","86.39086967334356","0.3989728949315923","93.7","0.6"
"6:35773531:G>T","NM_182548.4:c.84G>T","NP_872354.1:p.Met28Ile","Unknown significance","null","missense_variant","1/4","null","28","MODERATE","22.4","null","0.00543656","gnomad_AF_eas_pass"","86.39086967334356","0.3989728949315923","93.7","0.6"
"6:35773533:G>T","NM_182548.4:c.86G>T","NP_872354.1:p.Trp29Leu","Likely pathogenic","Nonsyndromic hearing loss, autosomal recessive","missense_variant","1/4","null","29","MODERATE","29.2","null","0","null"","0.5833225657594606","0.0022236366048172733","96.43","2.1"
"6:35773535:G>C","NM_182548.4:c.88G>C","NP_872354.1:p.Gly30Arg","Unknown significance","null","missense_variant","1/4","null","30","MODERATE","23.4","null","0.00615157","gnomad_AF_afr_pass"","9.149962648106882","0.09596568924293945","95.61","0.9"
"6:35773538:A>C","NM_182548.4:c.91A>C","NP_872354.1:p.Thr31Pro","Unknown significance","null","missense_variant","1/4","null","31","MODERATE","24.4","null","0","null"","77.90581391199265","0.49515067513105193","95.17","0.4"
"6:35773538:A>G","NM_182548.4:c.91A>G","NP_872354.1:p.Thr31Ala","Unknown significance","null","missense_variant","1/4","null","31","MODERATE","22.8","null","0.000879028","gnomad_AF_nfe_pass"","77.90581391199265","0.49515067513105193","95.17","0.1"
"6:35773539:C>T","NM_182548.4:c.92C>T","NP_872354.1:p.Thr31Ile","Unknown significance","null","missense_variant","1/4","null","31","MODERATE","18.34","null","0.00326627","gnomad_AF_sas_pass"","77.90581391199265","0.49515067513105193","95.17","1.3"
"6:35773556:T>G","NM_182548.4:c.109T>G","NP_872354.1:p.Ser37Ala","Unknown significance","null","missense_variant","1/4","null","37","MODERATE","17.79","null","0.00326627","gnomad_AF_sas_pass"","6.274969704281472","0.04550139299675051","97.05","1.4"
"6:35773559:G>A","NM_182548.4:c.112G>A","NP_872354.1:p.Val38Ile","Unknown significance","null","missense_variant","1/4","null","38","MODERATE","16.36","null","0.00615157","gnomad_AF_afr_pass"","97.43679212307161","0.5668485430952683","97.17","0.2"
"6:35773571:G>A","NM_182548.4:c.124G>A","NP_872354.1:p.Ala42Thr","Unknown significance","null","missense_variant","1/4","null","42","MODERATE","24.9","null","0.00326627","gnomad_AF_sas_pass"","38.72349939128608","0.30452887884192975","97.68","0.0"
"6:35773571:G>T","NM_182548.4:c.124G>T","NP_872354.1:p.Ala42Ser","Unknown significance","null","missense_variant","1/4","null","42","MODERATE","24.5","null","0.00653253","gnomad_AF_sas_pass"","38.72349939128608","0.30452887884192975","97.68","0.7"
"6:35773572:C>G","NM_182548.4:c.125C>G","NP_872354.1:p.Ala42Gly","Unknown significance","null","missense_variant","1/4","null","42","MODERATE","24.2","null","0.0217462","gnomad_AF_eas_pass"","38.72349939128608","0.30452887884192975","97.68","1.2"
"6:35773574:C>T","NM_182548.4:c.127C>T","NP_872354.1:p.Leu43Phe","Unknown significance","null","missense_variant","1/4","null","43","MODERATE","23.7","null","0.0209007","gnomad_AF_nfe_pass"","0.05414294127379024","2.8074978455564035E-4","97.8","0.1"
"6:35773586:C>A","NM_182548.4:c.139C>A","NP_872354.1:p.Pro47Thr","Unknown significance","null","missense_variant","1/4","null","47","MODERATE","26.9","null","0.00351685","gnomad_AF_nfe_pass"","15.157725520022304","0.0963618240319241","95.64","1.2"
"6:35773586:C>T","NM_182548.4:c.139C>T","NP_872354.1:p.Pro47Ser","Unknown significance","null","missense_variant","1/4","null","47","MODERATE","27.9","null","0.00543656","gnomad_AF_eas_pass"","15.157725520022304","0.0963618240319241","95.64","1.4"
"6:35773587:C>A","NM_182548.4:c.140C>A","NP_872354.1:p.Pro47His","Unknown significance","Deafness, autosomal recessive 67","missense_variant","1/4","null","47","MODERATE","28.7","null","0","null"","15.157725520022304","0.0963618240319241","95.64","1.0"
"6:35773598:G>A","NM_182548.4:c.151G>A","NP_872354.1:p.Gly51Ser","Unknown significance","null","missense_variant","1/4","null","51","MODERATE","29.5","null","0.000879306","gnomad_AF_nfe_pass"","0.0","0.0","96.01","0.5"
"6:35773611:A>G","NM_182548.4:c.164A>G","NP_872354.1:p.Asn55Ser","Likely benign","null","missense_variant","1/4","null","55","MODERATE","14.96","null","0.0114916","gnomad_AF_afr_pass"","116.44282573674391","0.7285550011374412","91.3","0.0"
"6:35773616:C>A","NM_182548.4:c.169C>A","NP_872354.1:p.Pro57Thr","Unknown significance","null","missense_variant","1/4","null","57","MODERATE","26.1","null","0.00543656","gnomad_AF_eas_pass"","94.4464742414526","0.600422175429201","86.94","0.2"
"6:35773616:C>T","NM_182548.4:c.169C>T","NP_872354.1:p.Pro57Ser","Unknown significance","null","missense_variant","1/4","null","57","MODERATE","26.7","null","0.0293964","gnomad_AF_sas_pass"","94.4464742414526","0.600422175429201","86.94","0.0"
"6:35773617:C>T","NM_182548.4:c.170C>T","NP_872354.1:p.Pro57Leu","Unknown significance","null","missense_variant","1/4","null","57","MODERATE","28.6","null","0.000879183","gnomad_AF_nfe_pass"","94.4464742414526","0.600422175429201","86.94","0.3"
"6:35773620:A>G","NM_182548.4:c.173A>G","NP_872354.1:p.Gln58Arg","Unknown significance","null","missense_variant","1/4","null","58","MODERATE","24.5","null","0.140323","gnomad_AF_eas_pass"","15.394450758041495","0.07784737505690972","88.02","0.4"
"6:35773623:C>A","NM_182548.4:c.176C>A","NP_872354.1:p.Ala59Glu","Unknown significance","null","missense_variant","1/4","null","59","MODERATE","27.6","null","0.0129634","gnomad_AF_nfe_pass"","42.01237491026482","0.3303932141987349","91.65","0.2"
"6:35773628:T>C","NM_182548.4:c.181T>C","NP_872354.1:p.Tyr61His","Unknown significance","null","missense_variant","1/4","null","61","MODERATE","25.3","null","0.00326627","gnomad_AF_sas_pass"","33.325186667757805","0.13890603872023344","96.23","1.1"
"6:35773634:G>A","NM_182548.4:c.187G>A","NP_872354.1:p.Gly63Ser","Unknown significance","null","missense_variant","1/4","null","63","MODERATE","29.1","null","0.0404718","gnomad_AF_amr_pass"","0.0","0.0","96.86","1.0"
"6:35773646:T>G","NM_182548.4:c.199T>G","NP_872354.1:p.Tyr67Asp","Pathogenic","Hearing loss, non-syndromic","missense_variant","1/4","null","67","MODERATE","28.6","null","0","null"","3.086843342921926","0.012866580019191751","95.16","3.0"
"6:35773647:A>G","NM_182548.4:c.200A>G","NP_872354.1:p.Tyr67Cys","Unknown significance","null","missense_variant","1/4","null","67","MODERATE","28.5","null","0.0108731","gnomad_AF_eas_pass"","3.086843342921926","0.012866580019191751","95.16","0.9"
"6:35773649:T>A","NM_182548.4:c.202T>A","NP_872354.1:p.Cys68Ser","Unknown significance","null","missense_variant","1/4","null","68","MODERATE","26.8","null","0.000878966","gnomad_AF_nfe_pass"","7.3252848962036765","0.04740425309433336","94.48","4.2"
"6:35773652:G>A","NM_182548.4:c.205G>A","NP_872354.1:p.Val69Met","Unknown significance","null","missense_variant","1/4","null","69","MODERATE","23.0","null","0.00175803","gnomad_AF_nfe_pass"","6.680772741607681","0.03886608141355459","92.86","0.2"
"6:35773653:T>C","NM_182548.4:c.206T>C","NP_872354.1:p.Val69Ala","Unknown significance","Deafness, autosomal recessive 67","missense_variant","1/4","null","69","MODERATE","23.9","null","0","gnomad_AF_afr_pass,gnomad_AF_amr_pass,gnomad_AF_eas_pass,gnomad_AF_nfe_pass,gnomad_AF_sas_pass"","6.680772741607681","0.03886608141355459","92.86","1.3"
"6:35773655:G>A","NM_182548.4:c.208G>A","NP_872354.1:p.Gly70Ser","Unknown significance","null","missense_variant","1/4","null","70","MODERATE","31","null","0.00326627","gnomad_AF_sas_pass"","0.37651187636467087","0.003948892811159592","89.78","0.8"
"6:35773659:A>G","NM_182548.4:c.212A>G","NP_872354.1:p.Asn71Ser","Unknown significance","null","missense_variant","1/4","null","71","MODERATE","21.9","null","0.000878966","gnomad_AF_nfe_pass"","45.65370388245972","0.2856443415347156","84.14","0.1"
"6:35773661:G>A","NM_182548.4:c.214G>A","NP_872354.1:p.Val72Met","Unknown significance","null","missense_variant","1/4","null","72","MODERATE","22.8","null","0","null"","123.6316916565788","0.7192400608531642","76.85","0.1"
"6:35773668:C>T","NM_182548.4:c.221C>T","NP_872354.1:p.Ser74Phe","Unknown significance","null","missense_variant","1/4","null","74","MODERATE","24.5","null","0","null"","73.048837531835","0.5296956035060897","78.4","0.3"
"6:35773676:C>T","NM_182548.4:c.229C>T","NP_872354.1:p.Leu77Phe","Unknown significance","null","missense_variant","1/4","null","77","MODERATE","23.1","null","0.00543656","gnomad_AF_eas_pass"","66.18970622379794","0.34321640688419747","90.93","0.2"
"6:35773691:G>A","NM_182548.4:c.244G>A","NP_872354.1:p.Gly82Ser","Unknown significance","null","missense_variant","1/4","null","82","MODERATE","14.76","null","0.0163313","gnomad_AF_sas_pass"","10.859350279578925","0.11389391130748641","89.3","0.7"
"6:35773691:G>C","NM_182548.4:c.244G>C","NP_872354.1:p.Gly82Arg","Unknown significance","null","missense_variant","1/4","null","82","MODERATE","22.3","null","0.000879013","gnomad_AF_nfe_pass"","10.859350279578925","0.11389391130748641","89.3","1.4"
"6:35773707:C>T","NM_182548.4:c.260C>T","NP_872354.1:p.Ser87Phe","Unknown significance","null","missense_variant","1/4","null","87","MODERATE","19.55","null","0","null"","128.0852577169282","0.928778611391778","87.36","0.1"
"6:35773710:C>T","NM_182548.4:c.263C>T","NP_872354.1:p.Ser88Phe","Unknown significance","null","missense_variant","1/4","null","88","MODERATE","24.6","null","0.00232202","gnomad_AF_nfe_pass"","37.97197392105264","0.2753443904382994","89.46","0.8"
"6:35773716:C>G","NM_182548.4:c.269C>G","NP_872354.1:p.Pro90Arg","Likely pathogenic","Hearing loss, non-syndromic","missense_variant","1/4","null","90","MODERATE","24.8","null","0","null"","15.861724604411416","0.10083733955692349","89.6","0.1"
"6:35773731:A>G","NM_182548.4:c.284A>G","NP_872354.1:p.Lys95Arg","Unknown significance","null","missense_variant","1/4","null","95","MODERATE","15.76","null","0.0641026","gnomad_AF_eas_pass"","73.30192018367421","0.3096635354448547","95.88","0.7"
"6:35773736:G>T","NM_182548.4:c.289G>T","NP_872354.1:p.Ala97Ser","Unknown significance","null","missense_variant","1/4","null","97","MODERATE","23.0","null","0.0280314","gnomad_AF_afr_pass"","0.0","0.0","97.3","1.2"
"6:35773737:C>A","NM_182548.4:c.290C>A","NP_872354.1:p.Ala97Asp","Unknown significance","null","missense_variant","1/4","null","97","MODERATE","25.5","null","0.00543656","gnomad_AF_eas_pass"","0.0","0.0","97.3","2.4"
"6:35773760:A>G","NM_182548.4:c.313A>G","NP_872354.1:p.Met105Val","Unknown significance","null","missense_variant","1/4","null","105","MODERATE","21.7","null","0.000879105","gnomad_AF_nfe_pass"","7.734362273202005","0.035719062885429406","97.79","0.8"
"6:35773761:T>C","NM_182548.4:c.314T>C","NP_872354.1:p.Met105Thr","Unknown significance","null","missense_variant","1/4","null","105","MODERATE","22.3","null","0.0200224","gnomad_AF_afr_pass"","7.734362273202005","0.035719062885429406","97.79","1.6"
"6:35773762:G>A","NM_182548.4:c.315G>A","NP_872354.1:p.Met105Ile","Unknown significance","null","missense_variant","1/4","null","105","MODERATE","22.9","null","0.000879105","gnomad_AF_nfe_pass"","7.734362273202005","0.035719062885429406","97.79","1.1"
"6:35773773:T>C","NM_182548.4:c.326T>C","NP_872354.1:p.Ile109Thr","Unknown significance","null","missense_variant","1/4","null","109","MODERATE","24.1","null","0.000879167","gnomad_AF_nfe_pass"","50.60886912994884","0.25799958895505054","96.99","2.0"
"6:35773774:T>G","NM_182548.4:c.327T>G","NP_872354.1:p.Ile109Met","Unknown significance","Deafness, autosomal recessive 67","missense_variant","1/4","null","109","MODERATE","21.0","null","0.00154823","gnomad_AF_nfe_pass"","50.60886912994884","0.25799958895505054","96.99","0.8"
"6:35773779:C>T","NM_182548.4:c.332C>T","NP_872354.1:p.Ser111Phe","Unknown significance","null","missense_variant","1/4","null","111","MODERATE","24.1","null","0.00867253","gnomad_AF_amr_pass"","0.0","0.0","95.28","2.4"
"6:35773782:T>C","NM_182548.4:c.335T>C","NP_872354.1:p.Ile112Thr","Unknown significance","Deafness, autosomal recessive 67","missense_variant","1/4","null","112","MODERATE","23.3","null","0.481155","gnomad_AF_eas_pass"","40.42183357474151","0.20606697257578718","93.42","2.0"
"6:35773784:A>G","NM_182548.4:c.337A>G","NP_872354.1:p.Ile113Val","Likely benign","null","missense_variant","1/4","null","113","MODERATE","15.57","null","0.00326627","gnomad_AF_sas_pass"","132.87603106511233","0.677390386035922","91.02","0.1"
"6:35773795:C>A","NM_182548.4:c.348C>A","NP_872354.1:p.Ser116Arg","Unknown significance","null","missense_variant","1/4","null","116","MODERATE","22.8","null","0.00087926","gnomad_AF_nfe_pass"","67.7683666666347","0.4914055732161534","78.38","0.3"
"6:35773795:C>G","NM_182548.4:c.348C>G","NP_872354.1:p.Ser116Arg","Unknown significance","null","missense_variant","1/4","null","116","MODERATE","22.8","null","0.00326627","gnomad_AF_sas_pass"","67.7683666666347","0.4914055732161534","78.38","0.3"
"6:35773797:T>G","NM_182548.4:c.350T>G","NP_872354.1:p.Leu117Arg","Unknown significance","null","missense_variant","1/4","null","117","MODERATE","29.0","null","0.00648508","gnomad_AF_nfe_pass"","51.06291345480119","0.26477878027949936","78.51","2.6"
"6:35773805:A>G","NM_182548.4:c.358A>G","NP_872354.1:p.Ile120Val","Likely benign","null","missense_variant","1/4","null","120","MODERATE","14.48","null","0.000879353","gnomad_AF_nfe_pass"","158.58680125443422","0.8084616439913261","80.72","0.0"
"6:35773808:T>C","NM_182548.4:c.361T>C","NP_872354.1:p.Cys121Arg","Unknown significance","null","missense_variant","1/4","null","121","MODERATE","28.0","null","0.00289101","gnomad_AF_amr_pass"","47.426057362644734","0.30690913163668343","83.65","1.2"
"6:35773809:G>C","NM_182548.4:c.362G>C","NP_872354.1:p.Cys121Ser","Unknown significance","null","missense_variant","1/4","null","121","MODERATE","27.1","null","0.00289101","gnomad_AF_amr_pass"","47.426057362644734","0.30690913163668343","83.65","1.4"
"6:35773815:C>A","NM_182548.4:c.368C>A","NP_872354.1:p.Thr123Lys","Unknown significance","null","missense_variant","1/4","null","123","MODERATE","23.8","null","0","null"","50.77745526681608","0.32272933166712464","89.06","0.5"
"6:35773815:C>T","NM_182548.4:c.368C>T","NP_872354.1:p.Thr123Met","Unknown significance","null","missense_variant","1/4","null","123","MODERATE","25.7","null","0.00543656","gnomad_AF_eas_pass"","50.77745526681608","0.32272933166712464","89.06","0.3"
"6:35773827:A>G","NM_182548.4:c.380A>G","NP_872354.1:p.Tyr127Cys","Pathogenic","Nonsyndromic hearing loss, autosomal recessive","missense_variant","1/4","null","127","MODERATE","25.5","null","0.00653253","gnomad_AF_sas_pass"","13.235630060177963","0.055168751489831185","95.14","1.9"
"6:35773832:A>G","NM_182548.4:c.385A>G","NP_872354.1:p.Ile129Val","Unknown significance","null","missense_variant","1/4","null","129","MODERATE","22.2","null","0.00289134","gnomad_AF_amr_pass"","68.39039828137405","0.34864826953078637","95.62","0.2"
"6:35773839:C>A","NM_182548.4:c.392C>A","NP_872354.1:p.Ala131Glu","Unknown significance","null","missense_variant","1/4","null","131","MODERATE","26.7","null","0","null"","0.0","0.0","97.62","1.9"
"6:35773842:G>T","NM_182548.4:c.395G>T","NP_872354.1:p.Trp132Leu","Unknown significance","null","missense_variant","1/4","null","132","MODERATE","31","null","0","gnomad_AF_afr_pass,gnomad_AF_amr_pass,gnomad_AF_eas_pass,gnomad_AF_nfe_pass,gnomad_AF_sas_pass"","173.53451559435447","0.6615168411536498","97.98","0.1"
"6:35773844:A>G","NM_182548.4:c.397A>G","NP_872354.1:p.Met133Val","Unknown significance","null","missense_variant","1/4","null","133","MODERATE","25.4","null","0.00289218","gnomad_AF_amr_pass"","43.263704081117496","0.1998017305297853","97.74","0.3"
"6:35773851:T>G","NM_182548.4:c.404T>G","NP_872354.1:p.Leu135Arg","Unknown significance","null","missense_variant","1/4","null","135","MODERATE","26.8","null","0.000886383","gnomad_AF_nfe_pass"","65.04785575450565","0.3372955192170963","98.35","2.2"
"6:35773854:C>A","NM_182548.4:c.407C>A","NP_872354.1:p.Ala136Asp","Unknown significance","null","missense_variant","1/4","null","136","MODERATE","24.0","null","0","null"","41.45477570399242","0.32600814921755983","98.23","1.2"
"6:35773854:C>T","NM_182548.4:c.407C>T","NP_872354.1:p.Ala136Val","Unknown significance","null","missense_variant","1/4","null","136","MODERATE","23.5","null","0.000887201","gnomad_AF_nfe_pass"","41.45477570399242","0.32600814921755983","98.23","1.3"
"6:35773857:C>T","NM_182548.4:c.410C>T","NP_872354.1:p.Ala137Val","Unknown significance","null","missense_variant&splice_region_variant","1/4","null","137","MODERATE","23.7","null","0.00579173","gnomad_AF_amr_pass"","0.0","0.0","98.44","0.6"
"6:35782328:G>T","NM_182548.4:c.418G>T","NP_872354.1:p.Gly140Cys","Unknown significance","null","missense_variant","2/4","null","140","MODERATE","20.5","null","0.00617088","gnomad_AF_nfe_pass"","0.14305854322029646","0.0015004117754586735","98.17","3.2"
"6:35782335:T>C","NM_182548.4:c.425T>C","NP_872354.1:p.Met142Thr","Unknown significance","null","missense_variant","2/4","null","142","MODERATE","23.2","null","0.00289084","gnomad_AF_amr_pass"","86.10370145303193","0.3976466860784658","98.38","1.0"
"6:35782341:G>T","NM_182548.4:c.431G>T","NP_872354.1:p.Gly144Val","Unknown significance","null","missense_variant","2/4","null","144","MODERATE","31","null","0.00615309","gnomad_AF_afr_pass"","0.0","0.0","97.82","2.3"
"6:35782346:C>G","NM_182548.4:c.436C>G","NP_872354.1:p.Leu146Val","Unknown significance","null","missense_variant","2/4","null","146","MODERATE","19.40","null","0","gnomad_AF_afr_pass,gnomad_AF_amr_pass,gnomad_AF_eas_pass,gnomad_AF_nfe_pass,gnomad_AF_sas_pass"","120.61882087246563","0.6254500988791497","98.06","0.0"
"6:35782353:A>G","NM_182548.4:c.443A>G","NP_872354.1:p.Tyr148Cys","Unknown significance","null","missense_variant","2/4","null","148","MODERATE","28.9","null","0.00289084","gnomad_AF_amr_pass"","0.0","0.0","97.68","3.4"
"6:35782356:C>T","NM_182548.4:c.446C>T","NP_872354.1:p.Pro149Leu","Unknown significance","null","missense_variant","2/4","null","149","MODERATE","29.2","null","0.0114811","gnomad_AF_afr_pass"","7.652029873362196","0.048646055450070544","97.56","0.4"
"6:35782358:G>T","NM_182548.4:c.448G>T","NP_872354.1:p.Asp150Tyr","Unknown significance","null","missense_variant","2/4","null","150","MODERATE","25.0","null","0.0114784","gnomad_AF_afr_pass"","32.28326624865181","0.2017958403299554","96.97","2.1"
"6:35782361:G>A","NM_182548.4:c.451G>A","NP_872354.1:p.Gly151Ser","Unknown significance","null","missense_variant","2/4","null","151","MODERATE","26.5","null","0","null"","0.565136632341616","0.005927207413280288","95.85","0.2"
"6:35782361:G>T","NM_182548.4:c.451G>T","NP_872354.1:p.Gly151Cys","Unknown significance","null","missense_variant","2/4","null","151","MODERATE","27.5","null","0.000879662","gnomad_AF_nfe_pass"","0.565136632341616","0.005927207413280288","95.85","0.3"
"6:35782362:G>T","NM_182548.4:c.452G>T","NP_872354.1:p.Gly151Val","Pathogenic","Hearing loss, non-syndromic","missense_variant","2/4","null","151","MODERATE","25.8","null","0.00653253","gnomad_AF_sas_pass"","0.565136632341616","0.005927207413280288","95.85","1.0"
"6:35782364:T>G","NM_182548.4:c.454T>G","NP_872354.1:p.Trp152Gly","Unknown significance","null","missense_variant","2/4","null","152","MODERATE","28.7","null","0","gnomad_AF_afr_pass,gnomad_AF_amr_pass,gnomad_AF_eas_pass,gnomad_AF_nfe_pass"","7.632064128373923","0.02909357217146172","97.07","5.2"
"6:35782370:T>A","NM_182548.4:c.460T>A","NP_872354.1:p.Ser154Thr","Unknown significance","null","missense_variant","2/4","null","154","MODERATE","23.4","null","0.0320461","gnomad_AF_afr_pass"","13.669869910660926","0.09912368542513318","94.76","0.2"
"6:35782370:T>G","NM_182548.4:c.460T>G","NP_872354.1:p.Ser154Ala","Unknown significance","null","missense_variant","2/4","null","154","MODERATE","20.7","null","0.0228639","gnomad_AF_sas_pass"","13.669869910660926","0.09912368542513318","94.76","0.0"
"6:35782371:C>T","NM_182548.4:c.461C>T","NP_872354.1:p.Ser154Leu","Unknown significance","null","missense_variant","2/4","null","154","MODERATE","28.9","null","0.00289084","gnomad_AF_amr_pass"","13.669869910660926","0.09912368542513318","94.76","0.7"
"6:35782382:C>T","NM_182548.4:c.472C>T","NP_872354.1:p.Arg158Trp","Pathogenic","Sensorineural hearing loss","missense_variant","2/4","null","158","MODERATE","30","null","0.0100261","gnomad_AF_eas_pass"","86.25162098884293","0.320131521991501","94.41","0.2"
"6:35782383:G>A","NM_182548.4:c.473G>A","NP_872354.1:p.Arg158Gln","Unknown significance","null","missense_variant","2/4","null","158","MODERATE","23.0","null","0.00326627","gnomad_AF_sas_pass"","86.25162098884293","0.320131521991501","94.41","0.5"
"6:35782385:C>T","NM_182548.4:c.475C>T","NP_872354.1:p.Arg159Cys","Unknown significance","null","missense_variant","2/4","null","159","MODERATE","32","null","0.0293964","gnomad_AF_sas_pass"","133.16177718122108","0.4942432607223897","91.62","0.1"
"6:35782386:G>A","NM_182548.4:c.476G>A","NP_872354.1:p.Arg159His","Unknown significance","null","missense_variant","2/4","null","159","MODERATE","31","null","0.196393","gnomad_AF_afr_pass"","133.16177718122108","0.4942432607223897","91.62","0.0"
"6:35782404:C>T","NM_182548.4:c.494C>T","NP_872354.1:p.Thr165Met","Pathogenic","Nonsyndromic hearing loss, autosomal recessive","missense_variant","2/4","null","165","MODERATE","28.8","null","0.00929498","gnomad_AF_nfe_pass"","1.1378076539798938","0.007231632656759861","94.19","0.3"
"6:35782406:G>A","NM_182548.4:c.496G>A","NP_872354.1:p.Gly166Ser","Unknown significance","null","missense_variant","2/4","null","166","MODERATE","23.1","null","0.0200501","gnomad_AF_eas_pass"","12.839713675887678","0.13466415328411113","94.22","0.6"
"6:35782409:A>C","NM_182548.4:c.499A>C","NP_872354.1:p.Lys167Gln","Unknown significance","null","missense_variant","2/4","null","167","MODERATE","27.4","null","0.0375809","gnomad_AF_amr_pass"","116.8585558645272","0.49366828952523234","94.7","0.3"
"6:35782411:G>C","NM_182548.4:c.501G>C","NP_872354.1:p.Lys167Asn","Unknown significance","null","missense_variant","2/4","null","167","MODERATE","24.7","null","0.0008796","gnomad_AF_nfe_pass"","116.8585558645272","0.49366828952523234","94.7","0.0"
"6:35782413:A>G","NM_182548.4:c.503A>G","NP_872354.1:p.Tyr168Cys","Unknown significance","null","missense_variant","2/4","null","168","MODERATE","28.8","null","0.0008796","gnomad_AF_nfe_pass"","135.72659689291254","0.5657355834592513","95.89","1.3"
"6:35782416:C>T","NM_182548.4:c.506C>T","NP_872354.1:p.Thr169Met","Unknown significance","Deafness, autosomal recessive 67","missense_variant","2/4","null","169","MODERATE","25.8","null","0.0173451","gnomad_AF_amr_pass"","85.6549796823042","0.5444025148872828","95.89","0.4"
"6:35782419:T>A","NM_182548.4:c.509T>A","NP_872354.1:p.Leu170Gln","Unknown significance","null","missense_variant","2/4","null","170","MODERATE","28.6","null","0.0130651","gnomad_AF_sas_pass"","18.90677193618167","0.09803811951928786","92.37","1.6"
"6:35782427:T>A","NM_182548.4:c.517T>A","NP_872354.1:p.Cys173Ser","Pathogenic","Hearing loss, non-syndromic","missense_variant","2/4","null","173","MODERATE","27.1","null","0","null"","3.1922123190091836","0.02065782325812119","96.06","2.1"
"6:35782430:A>C","NM_182548.4:c.520A>C","NP_872354.1:p.Thr174Pro","Unknown significance","null","missense_variant","2/4","null","174","MODERATE","26.5","null","0","null"","80.40529655638004","0.5110367875622096","96.25","0.4"
"6:35782431:C>G","NM_182548.4:c.521C>G","NP_872354.1:p.Thr174Ser","Unknown significance","null","missense_variant","2/4","null","174","MODERATE","16.01","null","0.000879569","gnomad_AF_nfe_pass"","80.40529655638004","0.5110367875622096","96.25","0.2"
"6:35782431:C>T","NM_182548.4:c.521C>T","NP_872354.1:p.Thr174Ile","Unknown significance","null","missense_variant","2/4","null","174","MODERATE","24.4","null","0.00326627","gnomad_AF_sas_pass"","80.40529655638004","0.5110367875622096","96.25","0.3"
"6:35782436:C>T","NM_182548.4:c.526C>T","NP_872354.1:p.Arg176Cys","Unknown significance","null","missense_variant","2/4","null","176","MODERATE","32","null","0.00326627","gnomad_AF_sas_pass"","50.47942459801291","0.18735943557405688","97.28","0.2"
"6:35782437:G>A","NM_182548.4:c.527G>A","NP_872354.1:p.Arg176His","Unknown significance","Deafness, autosomal recessive 67","missense_variant","2/4","null","176","MODERATE","26.6","null","0.0150391","gnomad_AF_eas_pass"","50.47942459801291","0.18735943557405688","97.28","0.0"
"6:35782437:G>T","NM_182548.4:c.527G>T","NP_872354.1:p.Arg176Leu","Unknown significance","null","missense_variant","2/4","null","176","MODERATE","31","null","0.00175926","gnomad_AF_nfe_pass"","50.47942459801291","0.18735943557405688","97.28","0.5"
"6:35782442:G>A","NM_182548.4:c.532G>A","NP_872354.1:p.Ala178Thr","Unknown significance","null","missense_variant","2/4","null","178","MODERATE","28.9","null","0.000879662","gnomad_AF_nfe_pass"","0.0","0.0","97.67","0.8"
"6:35782461:T>A","NM_182548.4:c.551T>A","NP_872354.1:p.Leu184His","Unknown significance","null","missense_variant","2/4","null","184","MODERATE","28.2","null","0.00543715","gnomad_AF_eas_pass"","130.49797631811072","0.6766769199144372","97.58","0.9"
"6:35782466:A>G","NM_182548.4:c.556A>G","NP_872354.1:p.Ile186Val","Unknown significance","null","missense_variant","2/4","null","186","MODERATE","23.5","null","0.00648256","gnomad_AF_nfe_pass"","18.660312672400455","0.09512864211389867","98.44","0.1"
"6:35782472:G>A","NM_182548.4:c.562G>A","NP_872354.1:p.Asp188Asn","Unknown significance","null","missense_variant","2/4","null","188","MODERATE","24.1","null","0","null"","39.915896254304606","0.24950578931885797","97.19","0.4"
"6:35782475:G>A","NM_182548.4:c.565G>A","NP_872354.1:p.Ala189Thr","Unknown significance","null","missense_variant","2/4","null","189","MODERATE","26.0","null","0.000879647","gnomad_AF_nfe_pass"","0.0","0.0","98.14","0.5"
"6:35782476:C>G","NM_182548.4:c.566C>G","NP_872354.1:p.Ala189Gly","Unknown significance","null","missense_variant","2/4","null","189","MODERATE","24.5","null","0.000879569","gnomad_AF_nfe_pass"","0.0","0.0","98.14","2.4"
"6:35782478:C>T","NM_182548.4:c.568C>T","NP_872354.1:p.Leu190Phe","Unknown significance","null","missense_variant","2/4","null","190","MODERATE","22.3","null","0.00615385","gnomad_AF_afr_pass"","77.0394243856246","0.3994759296356295","98.3","0.0"
"6:35782485:T>C","NM_182548.4:c.575T>C","NP_872354.1:p.Leu192Pro","Pathogenic","Sensorineural hearing loss","missense_variant","2/4","null","192","MODERATE","29.6","null","0","null"","0.0","0.0","98.08","3.5"
"6:35782494:T>A","NM_182548.4:c.584T>A","NP_872354.1:p.Leu195Gln","Unknown significance","null","missense_variant","2/4","null","195","MODERATE","32","null","0.000879492","gnomad_AF_nfe_pass"","24.46393761412858","0.12685393613579016","96.29","3.7"
"6:35782496:G>T","NM_182548.4:c.586G>T","NP_872354.1:p.Ala196Ser","Unknown significance","null","missense_variant","2/4","null","196","MODERATE","22.8","null","0.0163313","gnomad_AF_sas_pass"","0.0","0.0","96.8","1.4"
"6:35782497:C>A","NM_182548.4:c.587C>A","NP_872354.1:p.Ala196Asp","Unknown significance","null","missense_variant","2/4","null","196","MODERATE","24.5","null","0.000879477","gnomad_AF_nfe_pass"","0.0","0.0","96.8","2.7"
"6:35782502:G>A","NM_182548.4:c.592G>A","NP_872354.1:p.Val198Met","Unknown significance","null","missense_variant","2/4","null","198","MODERATE","25.3","null","0.013165","gnomad_AF_nfe_pass"","31.06271041817393","0.18071050741173594","95.77","0.7"
"6:35782502:G>C","NM_182548.4:c.592G>C","NP_872354.1:p.Val198Leu","Unknown significance","null","missense_variant","2/4","null","198","MODERATE","23.2","null","0.00578269","gnomad_AF_amr_pass"","31.06271041817393","0.18071050741173594","95.77","0.4"
"6:35782509:G>T","NM_182548.4:c.599G>T","NP_872354.1:p.Gly200Val","Unknown significance","null","missense_variant","2/4","null","200","MODERATE","28.9","null","0.000879461","gnomad_AF_nfe_pass"","0.0","0.0","93.31","1.8"
"6:35782511:T>C","NM_182548.4:c.601T>C","NP_872354.1:p.Tyr201His","Unknown significance","null","missense_variant","2/4","null","201","MODERATE","24.4","null","0.000879724","gnomad_AF_nfe_pass"","116.54050866481015","0.48576413301030125","92.21","0.5"
"6:35782512:A>T","NM_182548.4:c.602A>T","NP_872354.1:p.Tyr201Phe","Unknown significance","null","missense_variant","2/4","null","201","MODERATE","23.7","null","0.0202429","gnomad_AF_amr_pass"","116.54050866481015","0.48576413301030125","92.21","0.2"
"6:35782514:C>T","NM_182548.4:c.604C>T","NP_872354.1:p.Arg202Trp","Unknown significance","null","missense_variant","2/4","null","202","MODERATE","32","null","0.00400802","gnomad_AF_afr_pass"","67.99597935127022","0.2523738813191762","90.79","0.3"
"6:35782515:G>A","NM_182548.4:c.605G>A","NP_872354.1:p.Arg202Gln","Unknown significance","null","missense_variant","2/4","null","202","MODERATE","32","null","0.0200541","gnomad_AF_eas_pass"","67.99597935127022","0.2523738813191762","90.79","0.4"
"6:35782515:G>C","NM_182548.4:c.605G>C","NP_872354.1:p.Arg202Pro","Unknown significance","null","missense_variant","2/4","null","202","MODERATE","32","null","0","null"","67.99597935127022","0.2523738813191762","90.79","1.1"
"6:35782515:G>T","NM_182548.4:c.605G>T","NP_872354.1:p.Arg202Leu","Unknown significance","null","missense_variant","2/4","null","202","MODERATE","31","null","0.00289184","gnomad_AF_amr_pass"","67.99597935127022","0.2523738813191762","90.79","0.1"
"6:35782521:A>G","NM_182548.4:c.611A>G","NP_872354.1:p.Asp204Gly","Unknown significance","null","missense_variant","2/4","null","204","MODERATE","26.0","null","0","null"","53.31826392814348","0.3332811429749116","87.96","0.6"
"6:35782522:C>G","NM_182548.4:c.612C>G","NP_872354.1:p.Asp204Glu","Unknown significance","null","missense_variant","2/4","null","204","MODERATE","24.0","null","0","null"","53.31826392814348","0.3332811429749116","87.96","0.2"
"6:35782525:G>C","NM_182548.4:c.615G>C","NP_872354.1:p.Lys205Asn","Likely benign","null","missense_variant","2/4","null","205","MODERATE","17.25","null","0.228475","gnomad_AF_afr_pass"","178.13101142187864","0.7525134216272837","84.56","0.0"
"6:35782529:C>T","NM_182548.4:c.619C>T","NP_872354.1:p.Leu207Phe","Unknown significance","null","missense_variant","2/4","null","207","MODERATE","28.8","null","0.00289168","gnomad_AF_amr_pass"","72.74974231165197","0.37723245172795616","67.04","0.2"
"6:35782537:C>G","NM_182548.4:c.627C>G","NP_872354.1:p.Asp209Glu","Likely benign","null","missense_variant","2/4","null","209","MODERATE","0.227","null","0.000880111","gnomad_AF_nfe_pass"","97.10676735719274","0.6069937771983817","56.17","0.1"
"6:35782538:G>A","NM_182548.4:c.628G>A","NP_872354.1:p.Asp210Asn","Unknown significance","null","missense_variant","2/4","null","210","MODERATE","26.0","null","0.00578269","gnomad_AF_amr_pass"","111.71661849404038","0.6983168535112948","48.76","0.0"
"6:35782541:T>A","NM_182548.4:c.631T>A","NP_872354.1:p.Tyr211Asn","Unknown significance","null","missense_variant","2/4","null","211","MODERATE","29.0","null","0.00326627","gnomad_AF_sas_pass"","177.65998960616827","0.7405223454951191","49.78","0.7"
"6:35782544:A>C","NM_182548.4:c.634A>C","NP_872354.1:p.Lys212Gln","Unknown significance","null","missense_variant","2/4","null","212","MODERATE","22.7","null","0.00175966","gnomad_AF_nfe_pass"","181.3085783904364","0.7659370348031844","43.4","0.0"
"6:35782544:A>G","NM_182548.4:c.634A>G","NP_872354.1:p.Lys212Glu","Unknown significance","null","missense_variant","2/4","null","212","MODERATE","22.9","null","0.00615764","gnomad_AF_afr_pass"","181.3085783904364","0.7659370348031844","43.4","0.1"
"6:35782547:G>A","NM_182548.4:c.637G>A","NP_872354.1:p.Ala213Thr","Unknown significance","null","missense_variant","2/4","null","213","MODERATE","22.7","null","0.00653253","gnomad_AF_sas_pass"","76.23520472400412","0.5995279814021716","44.35","0.2"
"6:35782548:C>A","NM_182548.4:c.638C>A","NP_872354.1:p.Ala213Glu","Unknown significance","null","missense_variant","2/4","null","213","MODERATE","23.0","null","0.0217486","gnomad_AF_eas_pass"","76.23520472400412","0.5995279814021716","44.35","0.1"
"6:35782550:G>A","NM_182548.4:c.640G>A","NP_872354.1:p.Asp214Asn","Unknown significance","null","missense_variant","2/4","null","214","MODERATE","23.3","null","0.000879941","gnomad_AF_nfe_pass"","70.53326952252297","0.4408884864650632","45.12","0.0"
"6:35782559:G>A","NM_182548.4:c.649G>A","NP_872354.1:p.Glu217Lys","Unknown significance","null","missense_variant&splice_region_variant","2/4","null","217","MODERATE","31","null","0.00615764","gnomad_AF_afr_pass"","155.14775336243218","0.794526091034457","41.98","0.1"
"6:35787214:A>G","NM_182548.4:c.650A>G","NP_872354.1:p.Glu217Gly","Unknown significance","Deafness, autosomal recessive 67","missense_variant&splice_region_variant","3/4","null","217","MODERATE","33","null","0.0163097","gnomad_AF_eas_pass"","155.14775336243218","0.794526091034457","41.98","0.2"
"6:35787216:G>A","NM_182548.4:c.652G>A","NP_872354.1:p.Glu218Lys","Unknown significance","null","missense_variant&splice_region_variant","3/4","null","218","MODERATE","18.38","null","0","null"","174.82237947187537","0.8952816832780862","43.15","0.1"