{"applied_filters": "CONTAINS missense_variant[Consequence]"},,"Surface Area","Normalized SA","Confidence Score","|ddG|""Genomic Description (GRCh37)","HGVS Nucleotide Change","HGVS Protein Change","Variant Classification","Phenotype","Consequence","Exon","Intron","Protein Position","Impact","CADD Phred","Interpro Domain","Max MAF (%)","Max MAF Source","Surface Area","Normalized SA","Confidence Score","|ddG|"
"20:25275622:G>A","NM_015600.5:c.1202C>T","NP_056415.1:p.Ser401Leu","Likely benign","null","missense_variant","13/13","null","401","MODERATE","0.986","null","0.00501153","gnomad_AF_eas_pass"","83.1069244928657","0.6026293369226966","37.05","0.6"
"20:25275628:A>C","NM_015600.5:c.1196T>G","NP_056415.1:p.Met399Arg","Likely benign","null","missense_variant","13/13","null","399","MODERATE","0.549","null","0.000879028","gnomad_AF_nfe_pass"","95.02276665043492","0.4388369793970371","32.38","0.5"
"20:25275631:C>T","NM_015600.5:c.1193G>A","NP_056415.1:p.Ser398Asn","Likely benign","null","missense_variant","13/13","null","398","MODERATE","12.24","null","0.00289084","gnomad_AF_amr_pass"","66.51727171413202","0.4823335671678638","37.35","0.1"
"20:25275632:T>A","NM_015600.5:c.1192A>T","NP_056415.1:p.Ser398Cys","Likely benign","null","missense_variant","13/13","null","398","MODERATE","12.59","null","0.000879013","gnomad_AF_nfe_pass"","66.51727171413202","0.4823335671678638","37.35","0.1"
"20:25275642:G>C","NM_015600.5:c.1182C>G","NP_056415.1:p.Ser394Arg","Likely benign","null","missense_variant","13/13","null","394","MODERATE","2.456","null","0.00263708","gnomad_AF_nfe_pass"","107.95408960376102","0.782802417885078","31.97","0.2"
"20:25275647:A>C","NM_015600.5:c.1177T>G","NP_056415.1:p.Ser393Ala","Likely benign","null","missense_variant","13/13","null","393","MODERATE","9.650","null","0.00326627","gnomad_AF_sas_pass"","74.6381602774611","0.5412201848595367","34.06","0.0"
"20:25275649:C>A","NM_015600.5:c.1175G>T","NP_056415.1:p.Gly392Val","Likely benign","null","missense_variant","13/13","null","392","MODERATE","6.718","null","0.000879028","gnomad_AF_nfe_pass"","85.73121440234124","0.8991572311453211","32.7","0.2"
"20:25275652:G>A","NM_015600.5:c.1172C>T","NP_056415.1:p.Pro391Leu","Likely benign","null","missense_variant","13/13","null","391","MODERATE","6.730","null","0.0120135","gnomad_AF_afr_pass"","185.7040702756734","1.1805717763050096","31.32","0.0"
"20:25275658:T>G","NM_015600.5:c.1166A>C","NP_056415.1:p.Gln389Pro","Unknown significance","null","missense_variant","13/13","null","389","MODERATE","14.44","null","0.00263704","gnomad_AF_nfe_pass"","87.87395488201514","0.44436510473495366","32.22","0.4"
"20:25275664:G>A","NM_015600.5:c.1160C>T","NP_056415.1:p.Pro387Leu","Likely benign","null","missense_variant&splice_region_variant","13/13","null","387","MODERATE","5.981","null","0.00615233","gnomad_AF_afr_pass"","101.50125123492623","0.6452713302929428","58.82","0.1"
"20:25275666:T>A","NM_015600.5:c.1158A>T","NP_056415.1:p.Arg386Ser","Likely benign","null","missense_variant&splice_region_variant","13/13","null","386","MODERATE","17.80","null","0.000879105","gnomad_AF_nfe_pass"","159.07564438068394","0.59042517188117","77.03","0.4"
"20:25281486:G>A","NM_001042472.3:c.1192C>T","NP_001035937.1:p.His398Tyr","Likely pathogenic","Autism spectrum disorder","missense_variant","13/13","null","398","MODERATE","18.13","null","0","null"","245.7594809785755","1.196478603447982","36.8","0.0"
"20:25281488:T>C","NM_001042472.3:c.1190A>G","NP_001035937.1:p.Gln397Arg","Unknown significance","-","missense_variant","13/13","null","397","MODERATE","19.16","null","0.00353932","gnomad_AF_nfe_pass"","186.36187935861224","0.9424034248940072","31.91","0.0"
"20:25281492:G>A","NM_001042472.3:c.1186C>T","NP_001035937.1:p.His396Tyr","Unknown significance","null","missense_variant","13/13","null","396","MODERATE","16.28","null","0.00556545","gnomad_AF_eas_pass"","174.75668589959858","0.850801908661979","35.65","0.2"
"20:25281503:G>A","NM_001042472.3:c.1175C>T","NP_001035937.1:p.Ser392Leu","Likely benign","null","missense_variant","13/13","null","392","MODERATE","15.23","null","0.026087","gnomad_AF_amr_pass"","0.5117071299142594","0.003710517869366207","52.0","0.6"
"20:25281506:T>C","NM_001042472.3:c.1172A>G","NP_001035937.1:p.Lys391Arg","Unknown significance","null","missense_variant","13/13","null","391","MODERATE","17.87","null","0","null"","146.10219847234956","0.6172078876221584","59.8","0.4"
"20:25281519:C>G","NM_001042472.3:c.1159G>C","NP_001035937.1:p.Glu387Gln","Unknown significance","null","missense_variant&splice_region_variant","13/13","null","387","MODERATE","22.1","null","0.0114758","gnomad_AF_afr_pass"","94.2724637150427","0.48277806455067557","95.46","0.3"
"20:25282860:T>C","NM_001042472.3:c.1152A>G","NP_001035937.1:p.Ile384Met","Unknown significance","null","missense_variant","12/13","null","384","MODERATE","22.7","null","0","null"","5.356662476563535","0.027307796852281335","97.75","0.7"
"20:25282862:T>C","NM_001042472.3:c.1150A>G","NP_001035937.1:p.Ile384Val","Unknown significance","null","missense_variant","12/13","null","384","MODERATE","22.8","null","0.00175849","gnomad_AF_nfe_pass"","5.356662476563535","0.027307796852281335","97.75","0.2"
"20:25282864:C>T","NM_001042472.3:c.1148G>A","NP_001035937.1:p.Arg383Gln","Unknown significance","-","missense_variant","12/13","null","383","MODERATE","23.1","null","0.180303","gnomad_AF_afr_pass"","133.08445214970715","0.49395626113046553","96.5","0.1"
"20:25282865:G>A","NM_001042472.3:c.1147C>T","NP_001035937.1:p.Arg383Trp","Unknown significance","null","missense_variant","12/13","null","383","MODERATE","28.8","null","0.00543656","gnomad_AF_eas_pass"","133.08445214970715","0.49395626113046553","96.5","0.3"
"20:25282867:G>A","NM_001042472.3:c.1145C>T","NP_001035937.1:p.Pro382Leu","Unknown significance","-","missense_variant","12/13","null","382","MODERATE","22.4","null","0.0231267","gnomad_AF_amr_pass"","36.22822754516463","0.2303127921853623","96.37","1.4"
"20:25282879:C>T","NM_001042472.3:c.1133G>A","NP_001035937.1:p.Ser378Asn","Unknown significance","null","missense_variant","12/13","null","378","MODERATE","23.8","null","0.00289084","gnomad_AF_amr_pass"","4.728517584776996","0.03428767740028799","97.88","0.1"
"20:25282881:C>G","NM_001042472.3:c.1131G>C","NP_001035937.1:p.Lys377Asn","Unknown significance","-","missense_variant","12/13","null","377","MODERATE","19.80","null","0.00289101","gnomad_AF_amr_pass"","136.84768229419566","0.578112237857761","97.9","0.2"
"20:25282894:T>C","NM_001042472.3:c.1118A>G","NP_001035937.1:p.Lys373Arg","Unknown significance","null","missense_variant","12/13","null","373","MODERATE","26.5","null","0","gnomad_AF_afr_pass,gnomad_AF_amr_pass,gnomad_AF_eas_pass,gnomad_AF_nfe_pass,gnomad_AF_sas_pass"","70.95552143598778","0.29975118758341646","96.77","0.7"
"20:25282896:G>C","NM_001042472.3:c.1116C>G","NP_001035937.1:p.His372Gln","Pathogenic","Retinitis pigmentosa","missense_variant","12/13","null","372","MODERATE","24.4","null","0","null"","2.8570733970273707","0.013909645212514497","96.47","1.5"
"20:25282898:G>A","NM_001042472.3:c.1114C>T","NP_001035937.1:p.His372Tyr","Unknown significance","-","missense_variant","12/13","null","372","MODERATE","28.9","null","0","null"","2.8570733970273707","0.013909645212514497","96.47","0.4"
"20:25282900:C>G","NM_001042472.3:c.1112G>C","NP_001035937.1:p.Arg371Thr","Unknown significance","null","missense_variant","12/13","null","371","MODERATE","23.7","null","0.0130651","gnomad_AF_sas_pass"","116.94618144831674","0.43405745456061273","97.23","0.3"
"20:25282901:T>C","NM_001042472.3:c.1111A>G","NP_001035937.1:p.Arg371Gly","Unknown significance","null","missense_variant","12/13","null","371","MODERATE","23.0","null","0.00653253","gnomad_AF_sas_pass"","116.94618144831674","0.43405745456061273","97.23","0.6"
"20:25282904:A>G","NM_001042472.3:c.1108T>C","NP_001035937.1:p.Tyr370His","Unknown significance","null","missense_variant","12/13","null","370","MODERATE","27.3","null","0.00326627","gnomad_AF_sas_pass"","8.684950836272012","0.03620061094252507","97.89","1.0"
"20:25282909:A>C","NM_001042472.3:c.1103T>G","NP_001035937.1:p.Leu368Arg","Unknown significance","null","missense_variant","12/13","null","368","MODERATE","26.0","null","0.00087909","gnomad_AF_nfe_pass"","92.3002594974687","0.4786086119205395","96.73","0.1"
"20:25282912:T>A","NM_001042472.3:c.1100A>T","NP_001035937.1:p.Asp367Val","Unknown significance","null","missense_variant","12/13","null","367","MODERATE","23.3","null","0.00326627","gnomad_AF_sas_pass"","132.26542226044597","0.8267630612735078","96.88","0.0"
"20:25282913:C>A","NM_001042472.3:c.1099G>T","NP_001035937.1:p.Asp367Tyr","Unknown significance","null","missense_variant","12/13","null","367","MODERATE","25.4","null","0.00326627","gnomad_AF_sas_pass"","132.26542226044597","0.8267630612735078","96.88","0.2"
"20:25282913:C>G","NM_001042472.3:c.1099G>C","NP_001035937.1:p.Asp367His","Unknown significance","null","missense_variant","12/13","null","367","MODERATE","23.6","null","0.000879044","gnomad_AF_nfe_pass"","132.26542226044597","0.8267630612735078","96.88","0.1"
"20:25282921:A>C","NM_001042472.3:c.1091T>G","NP_001035937.1:p.Phe364Cys","Unknown significance","null","missense_variant","12/13","null","364","MODERATE","25.2","null","0.000879136","gnomad_AF_nfe_pass"","7.689954823743084","0.0334709123168505","98.48","1.9"
"20:25282924:G>A","NM_001042472.3:c.1088C>T","NP_001035937.1:p.Pro363Leu","Unknown significance","null","missense_variant","12/13","null","363","MODERATE","24.8","null","0.000879198","gnomad_AF_nfe_pass"","76.51688935330468","0.48643888013368003","98.26","0.3"
"20:25282925:G>C","NM_001042472.3:c.1087C>G","NP_001035937.1:p.Pro363Ala","Unknown significance","null","missense_variant","12/13","null","363","MODERATE","22.4","null","0","null"","76.51688935330468","0.48643888013368003","98.26","0.1"
"20:25282933:T>C","NM_001042472.3:c.1079A>G","NP_001035937.1:p.Gln360Arg","Unknown significance","null","missense_variant","12/13","null","360","MODERATE","23.9","null","0.0163313","gnomad_AF_sas_pass"","47.13657115964388","0.23836240679419635","98.11","0.3"
"20:25282939:T>C","NM_001042472.3:c.1073A>G","NP_001035937.1:p.Lys358Arg","Likely benign","null","missense_variant","12/13","null","358","MODERATE","20.4","null","0.00289084","gnomad_AF_amr_pass"","119.95261268322997","0.5067391145588193","95.82","0.5"
"20:25282943:A>C","NM_001042472.3:c.1069T>G","NP_001035937.1:p.Phe357Val","Unknown significance","null","missense_variant","12/13","null","357","MODERATE","21.6","null","0.00175849","gnomad_AF_nfe_pass"","87.04685910904755","0.3788758003753793","95.59","0.1"
"20:25282948:C>G","NM_001042472.3:c.1064G>C","NP_001035937.1:p.Arg355Pro","Unknown significance","null","missense_variant","12/13","null","355","MODERATE","25.1","null","0.00615233","gnomad_AF_afr_pass"","195.5752701735751","0.7258971853139374","92.22","0.1"
"20:25282948:C>T","NM_001042472.3:c.1064G>A","NP_001035937.1:p.Arg355Gln","Unknown significance","-","missense_variant","12/13","null","355","MODERATE","23.1","null","0.00615233","gnomad_AF_afr_pass"","195.5752701735751","0.7258971853139374","92.22","0.1"
"20:25282957:C>T","NM_001042472.3:c.1055G>A","NP_001035937.1:p.Arg352Gln","Unknown significance","null","missense_variant","12/13","null","352","MODERATE","22.3","null","0.00615309","gnomad_AF_afr_pass"","217.95797459498456","0.8089728324793234","95.38","0.1"
"20:25282960:G>C","NM_001042472.3:c.1052C>G","NP_001035937.1:p.Ala351Gly","Unknown significance","null","missense_variant","12/13","null","351","MODERATE","23.8","null","0.000879368","gnomad_AF_nfe_pass"","16.113752624846587","0.12672157986540275","96.48","0.9"
"20:25282963:G>A","NM_001042472.3:c.1049C>T","NP_001035937.1:p.Pro350Leu","Unknown significance","null","missense_variant","12/13","null","350","MODERATE","22.8","null","0","null"","108.42649004476496","0.6892969753470927","96.28","0.4"
"20:25282967:C>T","NM_001042472.3:c.1045G>A","NP_001035937.1:p.Ala349Thr","Benign","null","missense_variant","12/13","null","349","MODERATE","22.8","null","6.34208","gnomad_AF_nfe_pass"","32.926448629208025","0.2589397818616438","96.15","0.1"
"20:25282969:G>A","NM_001042472.3:c.1043C>T","NP_001035937.1:p.Ala348Val","Unknown significance","-","missense_variant","12/13","null","348","MODERATE","25.4","null","0.00564334","gnomad_AF_amr_pass"","0.0","0.0","97.68","1.5"
"20:25282970:C>T","NM_001042472.3:c.1042G>A","NP_001035937.1:p.Ala348Thr","Unknown significance","null","missense_variant","12/13","null","348","MODERATE","28.0","null","0.0543715","gnomad_AF_eas_pass"","0.0","0.0","97.68","0.2"
"20:25282978:T>C","NM_001042472.3:c.1034A>G","NP_001035937.1:p.Tyr345Cys","Unknown significance","null","missense_variant","12/13","null","345","MODERATE","27.0","null","0.00289084","gnomad_AF_amr_pass"","69.25067376841007","0.2886506493655669","98.34","1.8"
"20:25282982:G>T","NM_001042472.3:c.1030C>A","NP_001035937.1:p.Leu344Ile","Unknown significance","null","missense_variant&splice_region_variant","12/13","null","344","MODERATE","29.1","null","0.00175997","gnomad_AF_nfe_pass"","0.0","0.0","98.32","0.3"
"20:25284186:C>A","NM_001042472.3:c.1029G>T","NP_001035937.1:p.Lys343Asn","Unknown significance","null","missense_variant&splice_region_variant","11/13","null","343","MODERATE","34","null","0.00655093","gnomad_AF_sas_pass"","97.16790822672694","0.4104852631128064","98.27","0.0"
"20:25284193:C>G","NM_001042472.3:c.1022G>C","NP_001035937.1:p.Gly341Ala","Unknown significance","null","missense_variant","11/13","null","341","MODERATE","25.1","null","0","null"","0.0","0.0","97.81","1.1"
"20:25284196:A>G","NM_001042472.3:c.1019T>C","NP_001035937.1:p.Leu340Pro","Unknown significance","null","missense_variant","11/13","null","340","MODERATE","31","null","0.000884705","gnomad_AF_nfe_pass"","8.470141908552794","0.043920600913734356","97.09","1.7"
"20:25284196:A>T","NM_001042472.3:c.1019T>A","NP_001035937.1:p.Leu340His","Unknown significance","null","missense_variant","11/13","null","340","MODERATE","23.9","null","0.00648172","gnomad_AF_nfe_pass"","8.470141908552794","0.043920600913734356","97.09","0.5"
"20:25284197:G>A","NM_001042472.3:c.1018C>T","NP_001035937.1:p.Leu340Phe","Unknown significance","-","missense_variant","11/13","null","340","MODERATE","25.8","null","0.00578737","gnomad_AF_amr_pass"","8.470141908552794","0.043920600913734356","97.09","0.1"
"20:25284198:C>G","NM_001042472.3:c.1017G>C","NP_001035937.1:p.Gln339His","Likely benign","null","missense_variant","11/13","null","339","MODERATE","17.12","null","0","gnomad_AF_afr_pass,gnomad_AF_amr_pass,gnomad_AF_eas_pass,gnomad_AF_nfe_pass,gnomad_AF_sas_pass"","130.7250813593847","0.6610566754135853","97.06","0.1"
"20:25284209:C>T","NM_001042472.3:c.1006G>A","NP_001035937.1:p.Val336Met","Unknown significance","-","missense_variant","11/13","null","336","MODERATE","28.2","null","0","null"","3.7077165617596894","0.0215700218105397","94.34","0.7"
"20:25284214:G>A","NM_001042472.3:c.1001C>T","NP_001035937.1:p.Pro334Leu","Unknown significance","null","missense_variant","11/13","null","334","MODERATE","23.1","null","0.00326733","gnomad_AF_sas_pass"","75.54648131108793","0.48026972969750586","93.03","0.4"
"20:25284214:G>C","NM_001042472.3:c.1001C>G","NP_001035937.1:p.Pro334Arg","Unknown significance","null","missense_variant","11/13","null","334","MODERATE","22.6","null","0.000883767","gnomad_AF_nfe_pass"","75.54648131108793","0.48026972969750586","93.03","0.5"
"20:25284215:G>A","NM_001042472.3:c.1000C>T","NP_001035937.1:p.Pro334Ser","Unknown significance","null","missense_variant","11/13","null","334","MODERATE","22.1","null","0.00088347","gnomad_AF_nfe_pass"","75.54648131108793","0.48026972969750586","93.03","0.0"
"20:25284215:G>T","NM_001042472.3:c.1000C>A","NP_001035937.1:p.Pro334Thr","Unknown significance","null","missense_variant","11/13","null","334","MODERATE","21.6","null","0.0815838","gnomad_AF_eas_pass"","75.54648131108793","0.48026972969750586","93.03","0.2"
"20:25284218:C>T","NM_001042472.3:c.997G>A","NP_001035937.1:p.Asp333Asn","Unknown significance","null","missense_variant","11/13","null","333","MODERATE","32","null","0.00326712","gnomad_AF_sas_pass"","7.031466414297398","0.043952203066945174","96.77","0.4"
"20:25284224:C>T","NM_001042472.3:c.991G>A","NP_001035937.1:p.Glu331Lys","Unknown significance","null","missense_variant","11/13","null","331","MODERATE","28.2","null","0.00326691","gnomad_AF_sas_pass"","63.198491062055496","0.32364535724543514","98.27","0.1"
"20:25284227:C>T","NM_001042472.3:c.988G>A","NP_001035937.1:p.Ala330Thr","Unknown significance","null","missense_variant","11/13","null","330","MODERATE","29.7","null","0.0112943","gnomad_AF_amr_pass"","0.0","0.0","98.44","0.2"
"20:25284228:G>T","NM_001042472.3:c.987C>A","NP_001035937.1:p.His329Gln","Unknown significance","null","missense_variant","11/13","null","329","MODERATE","22.6","null","0.00653595","gnomad_AF_sas_pass"","0.0","0.0","98.67","0.8"
"20:25284232:A>G","NM_001042472.3:c.983T>C","NP_001035937.1:p.Leu328Pro","Unknown significance","null","missense_variant","11/13","null","328","MODERATE","32","null","0.00088308","gnomad_AF_nfe_pass"","0.0","0.0","98.84","4.0"
"20:25284236:T>A","NM_001042472.3:c.979A>T","NP_001035937.1:p.Ile327Phe","Unknown significance","null","missense_variant","11/13","null","327","MODERATE","28.9","null","0.00932459","gnomad_AF_nfe_pass"","0.0","0.0","98.83","0.5"
"20:25284241:A>C","NM_001042472.3:c.974T>G","NP_001035937.1:p.Leu325Arg","Unknown significance","null","missense_variant","11/13","null","325","MODERATE","29.3","null","0.00616903","gnomad_AF_afr_pass"","0.0","0.0","98.67","2.8"
"20:25284242:G>C","NM_001042472.3:c.973C>G","NP_001035937.1:p.Leu325Val","Unknown significance","null","missense_variant","11/13","null","325","MODERATE","22.0","null","0.0130685","gnomad_AF_sas_pass"","0.0","0.0","98.67","0.3"
"20:25284244:G>A","NM_001042472.3:c.971C>T","NP_001035937.1:p.Pro324Leu","Likely pathogenic","-","missense_variant","11/13","null","324","MODERATE","29.8","null","0","null"","28.808984981695744","0.18314662959673547","98.12","0.1"
"20:25284245:G>A","NM_001042472.3:c.970C>T","NP_001035937.1:p.Pro324Ser","Unknown significance","-","missense_variant","11/13","null","324","MODERATE","22.8","null","0.000883221","gnomad_AF_nfe_pass"","28.808984981695744","0.18314662959673547","98.12","1.5"
"20:25284245:G>C","NM_001042472.3:c.970C>G","NP_001035937.1:p.Pro324Ala","Unknown significance","-","missense_variant","11/13","null","324","MODERATE","24.8","null","0.00289318","gnomad_AF_amr_pass"","28.808984981695744","0.18314662959673547","98.12","1.0"
"20:25284248:A>G","NM_001042472.3:c.967T>C","NP_001035937.1:p.Cys323Arg","Unknown significance","null","missense_variant","11/13","null","323","MODERATE","29.6","null","0.00310979","gnomad_AF_nfe_pass"","0.028201117711644966","1.824984202646819E-4","96.79","0.6"
"20:25284250:G>A","NM_001042472.3:c.965C>T","NP_001035937.1:p.Ser322Phe","Unknown significance","null","missense_variant","11/13","null","322","MODERATE","32","null","0","null"","33.80390721915751","0.24512068419312052","95.9","0.8"
"20:25284263:C>T","NM_001042472.3:c.952G>A","NP_001035937.1:p.Val318Met","Unknown significance","-","missense_variant&splice_region_variant","11/13","null","318","MODERATE","28.3","null","0.170512","gnomad_AF_eas_pass"","0.0","0.0","97.64","0.3"
"20:25287478:T>A","NM_001042472.3:c.941A>T","NP_001035937.1:p.Asn314Ile","Unknown significance","null","missense_variant","10/13","null","314","MODERATE","27.0","null","0.00327182","gnomad_AF_sas_pass"","0.0","0.0","97.92","1.7"
"20:25287478:T>C","NM_001042472.3:c.941A>G","NP_001035937.1:p.Asn314Ser","Unknown significance","null","missense_variant","10/13","null","314","MODERATE","19.91","null","0","gnomad_AF_afr_pass,gnomad_AF_amr_pass,gnomad_AF_eas_pass,gnomad_AF_nfe_pass,gnomad_AF_sas_pass"","0.0","0.0","97.92","0.1"
"20:25287484:A>C","NM_001042472.3:c.935T>G","NP_001035937.1:p.Phe312Cys","Unknown significance","-","missense_variant","10/13","null","312","MODERATE","32","null","0","null"","0.0","0.0","96.78","2.1"
"20:25287490:A>G","NM_001042472.3:c.929T>C","NP_001035937.1:p.Ile310Thr","Unknown significance","-","missense_variant","10/13","null","310","MODERATE","24.0","null","0","null"","3.5944726713466815","0.018324307333095778","93.21","1.4"
"20:25287496:C>T","NM_001042472.3:c.923G>A","NP_001035937.1:p.Ser308Asn","Likely benign","null","missense_variant","10/13","null","308","MODERATE","15.59","null","0.00440443","gnomad_AF_nfe_pass"","46.56929998837944","0.3376857770180197","88.66","0.0"
"20:25287500:T>G","NM_001042472.3:c.919A>C","NP_001035937.1:p.Ser307Arg","Unknown significance","null","missense_variant","10/13","null","307","MODERATE","21.8","null","0.0200501","gnomad_AF_eas_pass"","109.05519076791481","0.7907867810231433","89.42","0.1"
"20:25287502:G>A","NM_001042472.3:c.917C>T","NP_001035937.1:p.Thr306Ile","Unknown significance","null","missense_variant","10/13","null","306","MODERATE","27.0","null","0.00264089","gnomad_AF_nfe_pass"","33.06856151857451","0.210175848750286","90.79","0.8"
"20:25287502:G>C","NM_001042472.3:c.917C>G","NP_001035937.1:p.Thr306Arg","Unknown significance","null","missense_variant","10/13","null","306","MODERATE","22.8","null","0.000880297","gnomad_AF_nfe_pass"","33.06856151857451","0.210175848750286","90.79","0.2"
"20:25287535:G>A","NM_001042472.3:c.884C>T","NP_001035937.1:p.Pro295Leu","Unknown significance","null","missense_variant","10/13","null","295","MODERATE","31","null","0","null"","127.86959158480074","0.812902111669221","81.25","0.2"
"20:25287541:T>C","NM_001042472.3:c.878A>G","NP_001035937.1:p.Tyr293Cys","Unknown significance","null","missense_variant","10/13","null","293","MODERATE","24.0","null","0","null"","205.1315155462439","0.8550291563340211","79.46","0.3"
"20:25287544:C>T","NM_001042472.3:c.875G>A","NP_001035937.1:p.Arg292Gln","Unknown significance","-","missense_variant","10/13","null","292","MODERATE","28.5","null","0.00578503","gnomad_AF_amr_pass"","93.90271302272382","0.34852931567494","80.21","0.3"
"20:25287549:T>C","NM_001042472.3:c.870A>G","NP_001035937.1:p.Ile290Met","Unknown significance","-","missense_variant&splice_region_variant","10/13","null","290","MODERATE","21.1","null","0.0112931","gnomad_AF_amr_pass"","126.35426893828162","0.6441430130573936","77.29","0.1"
"20:25287551:T>G","NM_001042472.3:c.868A>C","NP_001035937.1:p.Ile290Leu","Unknown significance","null","missense_variant&splice_region_variant","10/13","null","290","MODERATE","22.4","null","0.00653766","gnomad_AF_sas_pass"","126.35426893828162","0.6441430130573936","77.29","0.0"
"20:25288613:G>C","NM_001042472.3:c.856C>G","NP_001035937.1:p.Pro286Ala","Unknown significance","null","missense_variant","9/13","null","286","MODERATE","24.5","Serine_aminopeptidase&_S33&Serine_aminopeptidase&_S33","0.000879755","gnomad_AF_nfe_pass"","61.61626254108521","0.3917115031965662","71.76","0.1"
"20:25288615:T>C","NM_001042472.3:c.854A>G","NP_001035937.1:p.His285Arg","Unknown significance","null","missense_variant","9/13","null","285","MODERATE","23.7","Serine_aminopeptidase&_S33&Serine_aminopeptidase&_S33","0.00648172","gnomad_AF_nfe_pass"","26.939173978640287","0.1311532117974144","77.62","0.0"
"20:25288630:T>C","NM_001042472.3:c.839A>G","NP_001035937.1:p.Glu280Gly","Unknown significance","null","missense_variant","9/13","null","280","MODERATE","25.3","Serine_aminopeptidase&_S33&Serine_aminopeptidase&_S33","0","null"","54.96993823200425","0.28150617202849854","90.65","0.5"
"20:25288631:C>T","NM_001042472.3:c.838G>A","NP_001035937.1:p.Glu280Lys","Unknown significance","null","missense_variant","9/13","null","280","MODERATE","32","Serine_aminopeptidase&_S33&Serine_aminopeptidase&_S33","0.0163168","gnomad_AF_eas_pass"","54.96993823200425","0.28150617202849854","90.65","0.1"
"20:25288633:C>T","NM_001042472.3:c.836G>A","NP_001035937.1:p.Arg279His","Unknown significance","-","missense_variant","9/13","null","279","MODERATE","26.8","Serine_aminopeptidase&_S33&Serine_aminopeptidase&_S33","0.0551378","gnomad_AF_eas_pass"","99.79867551772125","0.3704127704493435","92.23","0.2"
"20:25288634:G>A","NM_001042472.3:c.835C>T","NP_001035937.1:p.Arg279Cys","Unknown significance","-","missense_variant","9/13","null","279","MODERATE","31","Serine_aminopeptidase&_S33&Serine_aminopeptidase&_S33","0.0160256","gnomad_AF_afr_pass"","99.79867551772125","0.3704127704493435","92.23","0.5"
"20:25288634:G>T","NM_001042472.3:c.835C>A","NP_001035937.1:p.Arg279Ser","Unknown significance","null","missense_variant","9/13","null","279","MODERATE","25.3","Serine_aminopeptidase&_S33&Serine_aminopeptidase&_S33","0.000879214","gnomad_AF_nfe_pass"","99.79867551772125","0.3704127704493435","92.23","0.6"
"20:25288642:G>A","NM_001042472.3:c.827C>T","NP_001035937.1:p.Thr276Ile","Unknown significance","null","missense_variant","9/13","null","276","MODERATE","28.4","Serine_aminopeptidase&_S33&Serine_aminopeptidase&_S33","0.00289134","gnomad_AF_amr_pass"","0.0","0.0","97.35","1.1"
"20:25288643:T>C","NM_001042472.3:c.826A>G","NP_001035937.1:p.Thr276Ala","Unknown significance","null","missense_variant","9/13","null","276","MODERATE","26.9","Serine_aminopeptidase&_S33&Serine_aminopeptidase&_S33","0.00154835","gnomad_AF_nfe_pass"","0.0","0.0","97.35","0.3"
"20:25288649:G>C","NM_001042472.3:c.820C>G","NP_001035937.1:p.Pro274Ala","Unknown significance","null","missense_variant","9/13","null","274","MODERATE","24.5","Serine_aminopeptidase&_S33&Serine_aminopeptidase&_S33","0","null"","0.0","0.0","98.52","0.3"
"20:25288652:A>G","NM_001042472.3:c.817T>C","NP_001035937.1:p.Ser273Pro","Unknown significance","null","missense_variant","9/13","null","273","MODERATE","27.6","Serine_aminopeptidase&_S33&Serine_aminopeptidase&_S33","0.000879121","gnomad_AF_nfe_pass"","0.0","0.0","98.37","0.5"
"20:25288655:C>G","NM_001042472.3:c.814G>C","NP_001035937.1:p.Glu272Gln","Unknown significance","null","missense_variant","9/13","null","272","MODERATE","27.2","Serine_aminopeptidase&_S33&Serine_aminopeptidase&_S33","0.00326648","gnomad_AF_sas_pass"","0.04439734373720021","2.2736293118874351E-4","98.8","0.9"
"20:25288659:T>C","NM_001042472.3:c.810A>G","NP_001035937.1:p.Ile270Met","Unknown significance","null","missense_variant","9/13","null","270","MODERATE","22.8","Serine_aminopeptidase&_S33&Serine_aminopeptidase&_S33","0.000879136","gnomad_AF_nfe_pass"","0.0","0.0","98.87","1.3"
"20:25288660:A>G","NM_001042472.3:c.809T>C","NP_001035937.1:p.Ile270Thr","Unknown significance","null","missense_variant","9/13","null","270","MODERATE","26.7","Serine_aminopeptidase&_S33&Serine_aminopeptidase&_S33","0.000879152","gnomad_AF_nfe_pass"","0.0","0.0","98.87","2.8"
"20:25288663:A>G","NM_001042472.3:c.806T>C","NP_001035937.1:p.Leu269Pro","Unknown significance","-","missense_variant","9/13","null","269","MODERATE","31","Serine_aminopeptidase&_S33&Serine_aminopeptidase&_S33","0","null"","0.0","0.0","98.79","4.0"
"20:25288664:G>C","NM_001042472.3:c.805C>G","NP_001035937.1:p.Leu269Val","Unknown significance","null","missense_variant","9/13","null","269","MODERATE","23.4","Serine_aminopeptidase&_S33&Serine_aminopeptidase&_S33","0.000879198","gnomad_AF_nfe_pass"","0.0","0.0","98.79","0.2"
"20:25288666:G>A","NM_001042472.3:c.803C>T","NP_001035937.1:p.Ala268Val","Unknown significance","null","missense_variant","9/13","null","268","MODERATE","25.4","Serine_aminopeptidase&_S33&Serine_aminopeptidase&_S33","0","null"","0.37613443266038077","0.002957991887935799","98.27","1.1"
"20:25288666:G>C","NM_001042472.3:c.803C>G","NP_001035937.1:p.Ala268Gly","Unknown significance","null","missense_variant","9/13","null","268","MODERATE","23.6","Serine_aminopeptidase&_S33&Serine_aminopeptidase&_S33","0.00289168","gnomad_AF_amr_pass"","0.37613443266038077","0.002957991887935799","98.27","1.7"
"20:25288667:C>A","NM_001042472.3:c.802G>T","NP_001035937.1:p.Ala268Ser","Unknown significance","-","missense_variant","9/13","null","268","MODERATE","24.9","Serine_aminopeptidase&_S33&Serine_aminopeptidase&_S33","0.320738","gnomad_AF_eas_pass"","0.37613443266038077","0.002957991887935799","98.27","1.2"
"20:25288669:T>C","NM_001042472.3:c.800A>G","NP_001035937.1:p.Asp267Gly","Unknown significance","null","missense_variant","9/13","null","267","MODERATE","24.0","Serine_aminopeptidase&_S33&Serine_aminopeptidase&_S33","0","null"","55.24686577115048","0.34533642345904636","97.32","0.1"
"20:25288675:G>A","NM_001042472.3:c.794C>T","NP_001035937.1:p.Pro265Leu","Unknown significance","null","missense_variant","9/13","null","265","MODERATE","28.0","Serine_aminopeptidase&_S33&Serine_aminopeptidase&_S33","0.00087926","gnomad_AF_nfe_pass"","70.41824839851037","0.4476681446599775","96.08","0.5"
"20:25288678:G>A","NM_001042472.3:c.791C>T","NP_001035937.1:p.Thr264Met","Unknown significance","null","missense_variant","9/13","null","264","MODERATE","26.6","Serine_aminopeptidase&_S33&Serine_aminopeptidase&_S33","0.00653253","gnomad_AF_sas_pass"","68.16490570835566","0.4332397979933191","95.8","0.4"
"20:25289095:C>T","NM_001042472.3:c.785G>A","NP_001035937.1:p.Arg262Gln","Unknown significance","null","missense_variant&splice_region_variant","8/13","null","262","MODERATE","25.2","Serine_aminopeptidase&_S33&Serine_aminopeptidase&_S33","0.00292672","gnomad_AF_amr_pass"","110.14480997172795","0.4088134837520919","96.2","0.3"
"20:25289097:C>A","NM_001042472.3:c.783G>T","NP_001035937.1:p.Glu261Asp","Unknown significance","-","missense_variant","8/13","null","261","MODERATE","19.83","Serine_aminopeptidase&_S33&Serine_aminopeptidase&_S33","0.00395545","gnomad_AF_nfe_pass"","89.58280488697784","0.4587618850302195","96.36","0.1"
"20:25289098:T>G","NM_001042472.3:c.782A>C","NP_001035937.1:p.Glu261Ala","Unknown significance","null","missense_variant","8/13","null","261","MODERATE","24.6","Serine_aminopeptidase&_S33&Serine_aminopeptidase&_S33","0.00333178","gnomad_AF_sas_pass"","89.58280488697784","0.4587618850302195","96.36","0.0"
"20:25289101:C>A","NM_001042472.3:c.779G>T","NP_001035937.1:p.Cys260Phe","Unknown significance","null","missense_variant","8/13","null","260","MODERATE","22.7","Serine_aminopeptidase&_S33&Serine_aminopeptidase&_S33","0.000900463","gnomad_AF_nfe_pass"","14.089889973507464","0.09118016839476199","96.96","1.0"
"20:25289104:A>T","NM_001042472.3:c.776T>A","NP_001035937.1:p.Leu259His","Unknown significance","null","missense_variant","8/13","null","259","MODERATE","24.6","Serine_aminopeptidase&_S33&Serine_aminopeptidase&_S33","0","null"","0.0","0.0","98.26","1.4"
"20:25289107:C>T","NM_001042472.3:c.773G>A","NP_001035937.1:p.Arg258His","Unknown significance","null","missense_variant","8/13","null","258","MODERATE","23.6","Serine_aminopeptidase&_S33&Serine_aminopeptidase&_S33","0.00649435","gnomad_AF_afr_pass"","129.55218024584815","0.48084588050566","98.08","0.1"
"20:25289108:G>A","NM_001042472.3:c.772C>T","NP_001035937.1:p.Arg258Cys","Unknown significance","null","missense_variant","8/13","null","258","MODERATE","27.6","Serine_aminopeptidase&_S33&Serine_aminopeptidase&_S33","0.0066778","gnomad_AF_sas_pass"","129.55218024584815","0.48084588050566","98.08","0.4"
"20:25289110:C>T","NM_001042472.3:c.770G>A","NP_001035937.1:p.Arg257Gln","Unknown significance","null","missense_variant","8/13","null","257","MODERATE","25.2","Serine_aminopeptidase&_S33&Serine_aminopeptidase&_S33&Alpha/beta_hydrolase_fold-1","0.000902869","gnomad_AF_nfe_pass"","55.797165811000774","0.20709676420108578","98.18","0.2"
"20:25289111:G>A","NM_001042472.3:c.769C>T","NP_001035937.1:p.Arg257Trp","Unknown significance","-","missense_variant","8/13","null","257","MODERATE","32","Serine_aminopeptidase&_S33&Serine_aminopeptidase&_S33&Alpha/beta_hydrolase_fold-1","0.200083","gnomad_AF_nfe_pass"","55.797165811000774","0.20709676420108578","98.18","1.0"
"20:25289114:C>A","NM_001042472.3:c.766G>T","NP_001035937.1:p.Val256Leu","Unknown significance","null","missense_variant","8/13","null","256","MODERATE","24.3","Serine_aminopeptidase&_S33&Serine_aminopeptidase&_S33&Alpha/beta_hydrolase_fold-1","0.00548546","gnomad_AF_eas_pass"","0.0","0.0","98.65","0.0"
"20:25289120:T>C","NM_001042472.3:c.760A>G","NP_001035937.1:p.Asn254Asp","Unknown significance","null","missense_variant","8/13","null","254","MODERATE","23.6","Serine_aminopeptidase&_S33&Serine_aminopeptidase&_S33&Alpha/beta_hydrolase_fold-1","0.00549269","gnomad_AF_eas_pass"","16.44530145679184","0.1028943307219811","98.62","0.6"
"20:25289122:G>A","NM_001042472.3:c.758C>T","NP_001035937.1:p.Thr253Ile","Unknown significance","null","missense_variant","8/13","null","253","MODERATE","24.7","Serine_aminopeptidase&_S33&Serine_aminopeptidase&_S33&Alpha/beta_hydrolase_fold-1","0","null"","0.0","0.0","98.75","2.3"
"20:25289122:G>C","NM_001042472.3:c.758C>G","NP_001035937.1:p.Thr253Arg","Pathogenic","Polyneuropathy, hearing loss, ataxia, retinitis pigmentosa & early onset cataract","missense_variant","8/13","null","253","MODERATE","25.1","Serine_aminopeptidase&_S33&Serine_aminopeptidase&_S33&Alpha/beta_hydrolase_fold-1","0.00452031","gnomad_AF_nfe_pass"","0.0","0.0","98.75","0.1"
"20:25289125:G>A","NM_001042472.3:c.755C>T","NP_001035937.1:p.Ala252Val","Likely pathogenic","-","missense_variant","8/13","null","252","MODERATE","26.9","Serine_aminopeptidase&_S33&Serine_aminopeptidase&_S33&Alpha/beta_hydrolase_fold-1","0.0101554","gnomad_AF_eas_pass"","0.0","0.0","98.87","1.0"
"20:25289129:C>T","NM_001042472.3:c.751G>A","NP_001035937.1:p.Val251Met","Unknown significance","-","missense_variant&splice_region_variant","8/13","null","251","MODERATE","28.4","Serine_aminopeptidase&_S33&Serine_aminopeptidase&_S33&Alpha/beta_hydrolase_fold-1","0.0131596","gnomad_AF_afr_pass"","0.0","0.0","98.75","0.4"
"20:25290086:T>C","NM_001042472.3:c.745A>G","NP_001035937.1:p.Thr249Ala","Unknown significance","null","missense_variant","7/13","null","249","MODERATE","26.1","Serine_aminopeptidase&_S33&Serine_aminopeptidase&_S33&Alpha/beta_hydrolase_fold-1","0.00263889","gnomad_AF_nfe_pass"","0.0","0.0","98.78","0.6"
"20:25290088:C>A","NM_001042472.3:c.743G>T","NP_001035937.1:p.Gly248Val","Unknown significance","null","missense_variant","7/13","null","248","MODERATE","28.5","Serine_aminopeptidase&_S33&Serine_aminopeptidase&_S33&Alpha/beta_hydrolase_fold-1","0.00326627","gnomad_AF_sas_pass"","0.0","0.0","98.49","0.4"
"20:25290096:G>C","NM_001042472.3:c.735C>G","NP_001035937.1:p.His245Gln","Unknown significance","null","missense_variant","7/13","null","245","MODERATE","22.7","Serine_aminopeptidase&_S33&Serine_aminopeptidase&_S33&Alpha/beta_hydrolase_fold-1","0.00326627","gnomad_AF_sas_pass"","0.1659288054261444","8.078234239328184E-4","98.68","1.0"
"20:25290101:C>T","NM_001042472.3:c.730G>A","NP_001035937.1:p.Gly244Ser","Unknown significance","null","missense_variant","7/13","null","244","MODERATE","31","Serine_aminopeptidase&_S33&Serine_aminopeptidase&_S33&Alpha/beta_hydrolase_fold-1","0.000879492","gnomad_AF_nfe_pass"","0.0","0.0","98.79","1.0"
"20:25290113:C>T","NM_001042472.3:c.718G>A","NP_001035937.1:p.Val240Met","Unknown significance","-","missense_variant","7/13","null","240","MODERATE","23.3","Serine_aminopeptidase&_S33&Serine_aminopeptidase&_S33&Alpha/beta_hydrolase_fold-1","0.163313","gnomad_AF_sas_pass"","0.0","0.0","98.19","1.0"
"20:25290121:T>C","NM_001042472.3:c.710A>G","NP_001035937.1:p.Asp237Gly","Unknown significance","-","missense_variant","7/13","null","237","MODERATE","22.8","Serine_aminopeptidase&_S33&Serine_aminopeptidase&_S33&Alpha/beta_hydrolase_fold-1","0","null"","159.86421209731606","0.9992772345397773","92.61","0.1"
"20:25290122:C>T","NM_001042472.3:c.709G>A","NP_001035937.1:p.Asp237Asn","Unknown significance","-","missense_variant","7/13","null","237","MODERATE","22.9","Serine_aminopeptidase&_S33&Serine_aminopeptidase&_S33&Alpha/beta_hydrolase_fold-1","0.004397","gnomad_AF_nfe_pass"","159.86421209731606","0.9992772345397773","92.61","0.0"
"20:25290124:C>A","NM_001042472.3:c.707G>T","NP_001035937.1:p.Gly236Val","Unknown significance","null","missense_variant","7/13","null","236","MODERATE","27.6","Serine_aminopeptidase&_S33&Serine_aminopeptidase&_S33&Alpha/beta_hydrolase_fold-1","0.00175883","gnomad_AF_nfe_pass"","45.68623142597338","0.4791615940217073","93.02","0.6"
"20:25290140:T>C","NM_001042472.3:c.691A>G","NP_001035937.1:p.Ile231Val","Unknown significance","null","missense_variant","7/13","null","231","MODERATE","19.69","Serine_aminopeptidase&_S33&Serine_aminopeptidase&_S33&Alpha/beta_hydrolase_fold-1","0","null"","0.0","0.0","98.38","0.4"
"20:25290152:C>T","NM_001042472.3:c.679G>A","NP_001035937.1:p.Val227Ile","Unknown significance","null","missense_variant","7/13","null","227","MODERATE","22.2","Serine_aminopeptidase&_S33&Serine_aminopeptidase&_S33&Alpha/beta_hydrolase_fold-1","0.0150346","gnomad_AF_eas_pass"","0.0","0.0","98.73","0.1"
"20:25290154:T>A","NM_001042472.3:c.677A>T","NP_001035937.1:p.His226Leu","Unknown significance","null","missense_variant","7/13","null","226","MODERATE","20.8","Serine_aminopeptidase&_S33&Serine_aminopeptidase&_S33&Alpha/beta_hydrolase_fold-1","0.000879538","gnomad_AF_nfe_pass"","56.87153563021821","0.27687874036777294","98.6","0.8"
"20:25290161:C>T","NM_001042472.3:c.670G>A","NP_001035937.1:p.Ala224Thr","Unknown significance","null","missense_variant","7/13","null","224","MODERATE","25.4","Serine_aminopeptidase&_S33&Serine_aminopeptidase&_S33&Alpha/beta_hydrolase_fold-1","0.000879647","gnomad_AF_nfe_pass"","0.0","0.0","98.8","0.1"
"20:25290166:T>C","NM_001042472.3:c.665A>G","NP_001035937.1:p.Tyr222Cys","Unknown significance","-","missense_variant","7/13","null","222","MODERATE","22.6","Serine_aminopeptidase&_S33&Serine_aminopeptidase&_S33&Alpha/beta_hydrolase_fold-1","0.00387267","gnomad_AF_nfe_pass"","110.67372878853217","0.46131022189550464","98.15","0.9"
"20:25290166:T>G","NM_001042472.3:c.665A>C","NP_001035937.1:p.Tyr222Ser","Unknown significance","null","missense_variant","7/13","null","222","MODERATE","14.71","Serine_aminopeptidase&_S33&Serine_aminopeptidase&_S33&Alpha/beta_hydrolase_fold-1","0.000879631","gnomad_AF_nfe_pass"","110.67372878853217","0.46131022189550464","98.15","1.0"
"20:25290175:C>T","NM_001042472.3:c.656G>A","NP_001035937.1:p.Gly219Asp","Unknown significance","null","missense_variant","7/13","null","219","MODERATE","23.8","Serine_aminopeptidase&_S33&Serine_aminopeptidase&_S33&Alpha/beta_hydrolase_fold-1","0.000880003","gnomad_AF_nfe_pass"","2.536984436614175","0.026608137040719185","97.59","0.3"
"20:25290178:C>T","NM_001042472.3:c.653G>A","NP_001035937.1:p.Arg218Gln","Likely benign","null","missense_variant","7/13","null","218","MODERATE","16.90","Serine_aminopeptidase&_S33&Serine_aminopeptidase&_S33&Alpha/beta_hydrolase_fold-1","0.0057867","gnomad_AF_amr_pass"","217.24277655468683","0.8063183033871053","96.68","0.1"
"20:25290179:G>A","NM_001042472.3:c.652C>T","NP_001035937.1:p.Arg218Trp","Unknown significance","null","missense_variant","7/13","null","218","MODERATE","24.4","Serine_aminopeptidase&_S33&Serine_aminopeptidase&_S33&Alpha/beta_hydrolase_fold-1","0.000880003","gnomad_AF_nfe_pass"","217.24277655468683","0.8063183033871053","96.68","0.1"
"20:25290182:C>T","NM_001042472.3:c.649G>A","NP_001035937.1:p.Glu217Lys","Unknown significance","null","missense_variant","7/13","null","217","MODERATE","25.9","Serine_aminopeptidase&_S33&Serine_aminopeptidase&_S33&Alpha/beta_hydrolase_fold-1","0","null"","13.314440986851896","0.06818449202342068","97.03","0.1"
"20:25290190:G>A","NM_001042472.3:c.641C>T","NP_001035937.1:p.Thr214Met","Likely pathogenic","Schizophrenia","missense_variant","7/13","null","214","MODERATE","19.92","Serine_aminopeptidase&_S33&Serine_aminopeptidase&_S33&Alpha/beta_hydrolase_fold-1","0.040093","gnomad_AF_afr_pass"","132.57460508278544","0.8426124048473441","94.72","0.1"
"20:25290196:A>C","NM_001042472.3:c.635T>G","NP_001035937.1:p.Val212Gly","Likely benign","null","missense_variant","7/13","null","212","MODERATE","15.93","Serine_aminopeptidase&_S33&Serine_aminopeptidase&_S33&Alpha/beta_hydrolase_fold-1","0.000880251","gnomad_AF_nfe_pass"","98.61820381689078","0.5737215269327416","97.4","0.7"
"20:25290208:C>A","NM_001042472.3:c.623G>T","NP_001035937.1:p.Trp208Leu","Unknown significance","null","missense_variant","7/13","null","208","MODERATE","24.9","Serine_aminopeptidase&_S33&Serine_aminopeptidase&_S33&Alpha/beta_hydrolase_fold-1","0.00289352","gnomad_AF_amr_pass"","0.0","0.0","95.64","1.0"
"20:25295561:C>T","NM_001042472.3:c.619G>A","NP_001035937.1:p.Gly207Ser","Unknown significance","-","missense_variant&splice_region_variant","6/13","null","207","MODERATE","37","Serine_aminopeptidase&_S33&Serine_aminopeptidase&_S33&Alpha/beta_hydrolase_fold-1","0.00867253","gnomad_AF_amr_pass"","4.781775874304999","0.050151725775392286","95.77","0.5"
"20:25295573:A>T","NM_001042472.3:c.607T>A","NP_001035937.1:p.Phe203Ile","Unknown significance","-","missense_variant","6/13","null","203","MODERATE","23.0","Serine_aminopeptidase&_S33&Serine_aminopeptidase&_S33&Alpha/beta_hydrolase_fold-1","0.0838344","gnomad_AF_amr_pass"","0.0","0.0","98.68","0.1"
"20:25295575:G>A","NM_001042472.3:c.605C>T","NP_001035937.1:p.Thr202Ile","Pathogenic","Retinitis pigmentosa","missense_variant","6/13","null","202","MODERATE","24.0","Serine_aminopeptidase&_S33&Serine_aminopeptidase&_S33&Alpha/beta_hydrolase_fold-1","0","null"","0.0","0.0","98.71","1.5"
"20:25295582:C>T","NM_001042472.3:c.598G>A","NP_001035937.1:p.Val200Met","Unknown significance","null","missense_variant","6/13","null","200","MODERATE","26.2","Serine_aminopeptidase&_S33&Serine_aminopeptidase&_S33&Alpha/beta_hydrolase_fold-1","0.00928807","gnomad_AF_nfe_pass"","0.0","0.0","98.72","1.5"
"20:25295590:C>T","NM_001042472.3:c.590G>A","NP_001035937.1:p.Gly197Asp","Unknown significance","null","missense_variant","6/13","null","197","MODERATE","25.1","Serine_aminopeptidase&_S33&Serine_aminopeptidase&_S33&Alpha/beta_hydrolase_fold-1","0","null"","1.3241355212352444","0.013887660838996986","97.13","0.7"
"20:25295596:G>T","NM_001042472.3:c.584C>A","NP_001035937.1:p.Ser195Tyr","Unknown significance","null","missense_variant","6/13","null","195","MODERATE","24.7","Serine_aminopeptidase&_S33&Serine_aminopeptidase&_S33&Alpha/beta_hydrolase_fold-1","0.0108731","gnomad_AF_eas_pass"","69.36787247282376","0.5030039945182251","97.58","0.5"
"20:25295600:T>C","NM_001042472.3:c.580A>G","NP_001035937.1:p.Ser194Gly","Unknown significance","null","missense_variant","6/13","null","194","MODERATE","24.0","Serine_aminopeptidase&_S33&Serine_aminopeptidase&_S33&Alpha/beta_hydrolase_fold-1","0.0115634","gnomad_AF_amr_pass"","0.0","0.0","98.16","0.9"
"20:25295602:A>T","NM_001042472.3:c.578T>A","NP_001035937.1:p.Leu193Gln","Unknown significance","null","missense_variant","6/13","null","193","MODERATE","27.9","Serine_aminopeptidase&_S33&Serine_aminopeptidase&_S33&Alpha/beta_hydrolase_fold-1","0.00326627","gnomad_AF_sas_pass"","0.0","0.0","98.43","3.0"
"20:25297685:T>C","NM_001042472.3:c.572A>G","NP_001035937.1:p.Lys191Arg","Unknown significance","null","missense_variant&splice_region_variant","5/13","null","191","MODERATE","27.2","Serine_aminopeptidase&_S33&Serine_aminopeptidase&_S33&Alpha/beta_hydrolase_fold-1","0.00868307","gnomad_AF_amr_pass"","51.12305017065201","0.21596902808140417","98.28","0.8"
"20:25297686:T>C","NM_001042472.3:c.571A>G","NP_001035937.1:p.Lys191Glu","Unknown significance","-","missense_variant&splice_region_variant","5/13","null","191","MODERATE","24.0","Serine_aminopeptidase&_S33&Serine_aminopeptidase&_S33&Alpha/beta_hydrolase_fold-1","0","null"","51.12305017065201","0.21596902808140417","98.28","0.1"
"20:25297692:G>C","NM_001042472.3:c.565C>G","NP_001035937.1:p.Leu189Val","Unknown significance","null","missense_variant","5/13","null","189","MODERATE","24.2","Serine_aminopeptidase&_S33&Serine_aminopeptidase&_S33&Alpha/beta_hydrolase_fold-1","0.00544188","gnomad_AF_eas_pass"","0.12978098779464273","6.729590876586203E-4","98.47","0.5"
"20:25297697:A>C","NM_001042472.3:c.560T>G","NP_001035937.1:p.Val187Gly","Unknown significance","null","missense_variant","5/13","null","187","MODERATE","26.2","Serine_aminopeptidase&_S33&Serine_aminopeptidase&_S33&Alpha/beta_hydrolase_fold-1","0.000884533","gnomad_AF_nfe_pass"","0.3702843220943665","0.002154167064994237","97.22","2.4"
"20:25297698:C>T","NM_001042472.3:c.559G>A","NP_001035937.1:p.Val187Met","Unknown significance","-","missense_variant","5/13","null","187","MODERATE","24.4","Serine_aminopeptidase&_S33&Serine_aminopeptidase&_S33&Alpha/beta_hydrolase_fold-1","0.0950757","gnomad_AF_sas_pass"","0.3702843220943665","0.002154167064994237","97.22","0.0"
"20:25297700:C>G","NM_001042472.3:c.557G>C","NP_001035937.1:p.Arg186Pro","Pathogenic","Retinitis pigmentosa","missense_variant","5/13","null","186","MODERATE","26.2","Serine_aminopeptidase&_S33&Serine_aminopeptidase&_S33&Alpha/beta_hydrolase_fold-1","0","null"","0.8255422516732631","0.003064082674233319","96.67","1.4"
"20:25297700:C>T","NM_001042472.3:c.557G>A","NP_001035937.1:p.Arg186His","Unknown significance","null","missense_variant","5/13","null","186","MODERATE","29.2","Serine_aminopeptidase&_S33&Serine_aminopeptidase&_S33&Alpha/beta_hydrolase_fold-1","0.00327912","gnomad_AF_sas_pass"","0.8255422516732631","0.003064082674233319","96.67","0.0"
"20:25297701:G>A","NM_001042472.3:c.556C>T","NP_001035937.1:p.Arg186Cys","Unknown significance","null","missense_variant","5/13","null","186","MODERATE","27.3","Serine_aminopeptidase&_S33&Serine_aminopeptidase&_S33&Alpha/beta_hydrolase_fold-1","0.00501706","gnomad_AF_eas_pass"","0.8255422516732631","0.003064082674233319","96.67","0.5"
"20:25297704:G>A","NM_001042472.3:c.553C>T","NP_001035937.1:p.His185Tyr","Unknown significance","null","missense_variant","5/13","null","185","MODERATE","26.5","Serine_aminopeptidase&_S33&Serine_aminopeptidase&_S33&Alpha/beta_hydrolase_fold-1","0.00402576","gnomad_AF_afr_pass"","23.855059989440516","0.11613822078270837","94.79","0.8"
"20:25297705:G>C","NM_001042472.3:c.552C>G","NP_001035937.1:p.Asp184Glu","Unknown significance","null","missense_variant","5/13","null","184","MODERATE","23.3","Serine_aminopeptidase&_S33&Serine_aminopeptidase&_S33&Alpha/beta_hydrolase_fold-1","0.00655953","gnomad_AF_sas_pass"","92.1904562120978","0.576262960458629","93.08","0.1"
"20:25297707:C>T","NM_001042472.3:c.550G>A","NP_001035937.1:p.Asp184Asn","Unknown significance","null","missense_variant","5/13","null","184","MODERATE","24.6","Serine_aminopeptidase&_S33&Serine_aminopeptidase&_S33&Alpha/beta_hydrolase_fold-1","0.0026551","gnomad_AF_nfe_pass"","92.1904562120978","0.576262960458629","93.08","0.2"
"20:25297709:C>T","NM_001042472.3:c.548G>A","NP_001035937.1:p.Gly183Asp","Unknown significance","null","missense_variant","5/13","null","183","MODERATE","22.7","Serine_aminopeptidase&_S33&Serine_aminopeptidase&_S33&Alpha/beta_hydrolase_fold-1","0.00088494","gnomad_AF_nfe_pass"","0.45125499929700413","0.004732805880996565","94.3","0.5"
"20:25297710:C>T","NM_001042472.3:c.547G>A","NP_001035937.1:p.Gly183Ser","Unknown significance","null","missense_variant","5/13","null","183","MODERATE","22.9","Serine_aminopeptidase&_S33&Serine_aminopeptidase&_S33&Alpha/beta_hydrolase_fold-1","0.00621272","gnomad_AF_afr_pass"","0.45125499929700413","0.004732805880996565","94.3","0.9"
"20:25300845:C>T","NM_001042472.3:c.532G>A","NP_001035937.1:p.Ala178Thr","Unknown significance","null","missense_variant","4/13","null","178","MODERATE","26.4","Serine_aminopeptidase&_S33&Serine_aminopeptidase&_S33&Alpha/beta_hydrolase_fold-1","0.0100783","gnomad_AF_nfe_pass"","17.89763696326337","0.14075038165504644","92.0","0.1"
"20:25300850:C>A","NM_001042472.3:c.527G>T","NP_001035937.1:p.Gly176Val","Unknown significance","null","missense_variant","4/13","null","176","MODERATE","26.1","Serine_aminopeptidase&_S33&Serine_aminopeptidase&_S33&Alpha/beta_hydrolase_fold-1","0.0324128","gnomad_AF_nfe_pass"","0.0","0.0","96.46","0.3"
"20:25300850:C>T","NM_001042472.3:c.527G>A","NP_001035937.1:p.Gly176Glu","Pathogenic","Ataxia","missense_variant","4/13","null","176","MODERATE","26.4","Serine_aminopeptidase&_S33&Serine_aminopeptidase&_S33&Alpha/beta_hydrolase_fold-1","0","null"","0.0","0.0","96.46","1.6"
"20:25300853:T>C","NM_001042472.3:c.524A>G","NP_001035937.1:p.His175Arg","Unknown significance","null","missense_variant","4/13","null","175","MODERATE","25.2","Serine_aminopeptidase&_S33&Serine_aminopeptidase&_S33&Alpha/beta_hydrolase_fold-1","0.00088008","gnomad_AF_nfe_pass"","0.0","0.0","98.28","1.1"
"20:25300866:T>A","NM_001042472.3:c.511A>T","NP_001035937.1:p.Ile171Phe","Unknown significance","null","missense_variant","4/13","null","171","MODERATE","25.7","Serine_aminopeptidase&_S33&Serine_aminopeptidase&_S33&Alpha/beta_hydrolase_fold-1","0.00648677","gnomad_AF_nfe_pass"","0.0","0.0","98.74","0.9"
"20:25300875:G>A","NM_001042472.3:c.502C>T","NP_001035937.1:p.His168Tyr","Likely benign","null","missense_variant","4/13","null","168","MODERATE","19.66","null","0","null"","6.525751921735621","0.03177058526766212","96.7","1.1"
"20:25300875:G>T","NM_001042472.3:c.502C>A","NP_001035937.1:p.His168Asn","Unknown significance","null","missense_variant","4/13","null","168","MODERATE","17.04","null","0","null"","6.525751921735621","0.03177058526766212","96.7","0.7"
"20:25300889:G>A","NM_001042472.3:c.488C>T","NP_001035937.1:p.Ala163Val","Unknown significance","null","missense_variant","4/13","null","163","MODERATE","22.9","null","0.00979944","gnomad_AF_sas_pass"","10.107172621963695","0.0794847055460353","97.59","0.9"
"20:25300889:G>T","NM_001042472.3:c.488C>A","NP_001035937.1:p.Ala163Asp","Unknown significance","null","missense_variant","4/13","null","163","MODERATE","23.9","null","0","null"","10.107172621963695","0.0794847055460353","97.59","0.7"
"20:25300903:C>T","NM_001042472.3:c.474G>A","NP_001035937.1:p.Met158Ile","Likely benign","null","missense_variant","4/13","null","158","MODERATE","22.0","null","0.00326648","gnomad_AF_sas_pass"","112.90850005811934","0.521437407690218","96.63","0.1"
"20:25300904:A>G","NM_001042472.3:c.473T>C","NP_001035937.1:p.Met158Thr","Likely benign","null","missense_variant","4/13","null","158","MODERATE","15.27","null","0.00326627","gnomad_AF_sas_pass"","112.90850005811934","0.521437407690218","96.63","0.6"
"20:25300905:T>C","NM_001042472.3:c.472A>G","NP_001035937.1:p.Met158Val","Likely benign","null","missense_variant","4/13","null","158","MODERATE","18.52","null","0.00289101","gnomad_AF_amr_pass"","112.90850005811934","0.521437407690218","96.63","0.1"
"20:25300907:T>G","NM_001042472.3:c.470A>C","NP_001035937.1:p.Gln157Pro","Unknown significance","null","missense_variant","4/13","null","157","MODERATE","21.1","null","0.011564","gnomad_AF_amr_pass"","75.13227246431748","0.37993237208235114","95.39","0.4"
"20:25300908:G>C","NM_001042472.3:c.469C>G","NP_001035937.1:p.Gln157Glu","Unknown significance","null","missense_variant","4/13","null","157","MODERATE","20.1","null","0.0064834","gnomad_AF_nfe_pass"","75.13227246431748","0.37993237208235114","95.39","0.3"
"20:25300909:G>T","NM_001042472.3:c.468C>A","NP_001035937.1:p.Asp156Glu","Unknown significance","null","missense_variant","4/13","null","156","MODERATE","21.9","null","0.00263848","gnomad_AF_nfe_pass"","104.33212648038338","0.6521579624056593","94.61","0.0"
"20:25300923:C>T","NM_001042472.3:c.454G>A","NP_001035937.1:p.Ala152Thr","Unknown significance","null","missense_variant","4/13","null","152","MODERATE","28.4","null","0.0123047","gnomad_AF_afr_pass"","4.553988881970865","0.035813424671977755","96.51","0.4"
"20:25300926:T>G","NM_001042472.3:c.451A>C","NP_001035937.1:p.Asn151His","Unknown significance","null","missense_variant","4/13","null","151","MODERATE","22.8","null","0.00263834","gnomad_AF_nfe_pass"","78.88184916714103","0.4935449251259034","96.12","0.2"
"20:25300938:C>A","NM_001042472.3:c.439G>T","NP_001035937.1:p.Val147Phe","Unknown significance","null","missense_variant","4/13","null","147","MODERATE","15.82","null","0","gnomad_AF_afr_pass,gnomad_AF_amr_pass,gnomad_AF_eas_pass,gnomad_AF_nfe_pass,gnomad_AF_sas_pass"","121.26869874904324","0.7054931069788092","97.04","0.0"
"20:25300938:C>T","NM_001042472.3:c.439G>A","NP_001035937.1:p.Val147Ile","Likely benign","null","missense_variant","4/13","null","147","MODERATE","15.70","null","0.00615233","gnomad_AF_afr_pass"","121.26869874904324","0.7054931069788092","97.04","0.0"
"20:25300941:C>A","NM_001042472.3:c.436G>T","NP_001035937.1:p.Ala146Ser","Likely benign","null","missense_variant","4/13","null","146","MODERATE","0.550","null","0.0114758","gnomad_AF_afr_pass"","24.157622477815277","0.1899800845558694","97.52","0.4"
"20:25300941:C>T","NM_001042472.3:c.436G>A","NP_001035937.1:p.Ala146Thr","Likely benign","null","missense_variant","4/13","null","146","MODERATE","4.777","null","0","null"","24.157622477815277","0.1899800845558694","97.52","0.1"
"20:25300947:C>T","NM_001042472.3:c.430G>A","NP_001035937.1:p.Val144Ile","Unknown significance","null","missense_variant","4/13","null","144","MODERATE","16.42","null","0.00543774","gnomad_AF_eas_pass"","0.0","0.0","98.53","0.1"
"20:25300949:G>A","NM_001042472.3:c.428C>T","NP_001035937.1:p.Thr143Ile","Unknown significance","null","missense_variant","4/13","null","143","MODERATE","23.7","null","0.00326627","gnomad_AF_sas_pass"","0.0","0.0","98.6","1.3"
"20:25300953:G>C","NM_001042472.3:c.424C>G","NP_001035937.1:p.His142Asp","Unknown significance","null","missense_variant&splice_region_variant","4/13","null","142","MODERATE","26.5","null","0","null"","0.0","0.0","98.57","1.5"
"20:25303964:A>G","NM_001042472.3:c.419T>C","NP_001035937.1:p.Val140Ala","Unknown significance","null","missense_variant","3/13","null","140","MODERATE","25.3","null","0.000879229","gnomad_AF_nfe_pass"","0.0","0.0","98.59","1.5"
"20:25303968:C>T","NM_001042472.3:c.415G>A","NP_001035937.1:p.Gly139Arg","Unknown significance","null","missense_variant","3/13","null","139","MODERATE","30","null","0.0326193","gnomad_AF_eas_pass"","0.0","0.0","98.29","1.6"
"20:25303970:A>G","NM_001042472.3:c.413T>C","NP_001035937.1:p.Ile138Thr","Unknown significance","-","missense_variant","3/13","null","138","MODERATE","23.0","null","0.00543656","gnomad_AF_eas_pass"","0.0","0.0","98.52","1.5"
"20:25303971:T>C","NM_001042472.3:c.412A>G","NP_001035937.1:p.Ile138Val","Unknown significance","null","missense_variant","3/13","null","138","MODERATE","0.961","null","0.00653253","gnomad_AF_sas_pass"","0.0","0.0","98.52","0.3"
"20:25303973:G>C","NM_001042472.3:c.410C>G","NP_001035937.1:p.Thr137Ser","Likely benign","null","missense_variant","3/13","null","137","MODERATE","11.77","null","0.00615385","gnomad_AF_afr_pass"","33.22050617370127","0.21114157254919988","98.42","0.4"
"20:25303977:C>T","NM_001042472.3:c.406G>A","NP_001035937.1:p.Val136Met","Unknown significance","-","missense_variant","3/13","null","136","MODERATE","18.44","null","0.00801089","gnomad_AF_afr_pass"","1.648642746190056","0.009591148460450314","98.27","0.1"
"20:25303978:G>T","NM_001042472.3:c.405C>A","NP_001035937.1:p.Asp135Glu","Unknown significance","-","missense_variant","3/13","null","135","MODERATE","0.064","null","0.192246","gnomad_AF_afr_pass"","113.3204340739463","0.7083419640496347","94.79","0.1"
"20:25303980:C>A","NM_001042472.3:c.403G>T","NP_001035937.1:p.Asp135Tyr","Unknown significance","null","missense_variant","3/13","null","135","MODERATE","29.3","null","0.00326648","gnomad_AF_sas_pass"","113.3204340739463","0.7083419640496347","94.79","0.5"
"20:25303980:C>T","NM_001042472.3:c.403G>A","NP_001035937.1:p.Asp135Asn","Unknown significance","null","missense_variant","3/13","null","135","MODERATE","25.4","null","0.000879059","gnomad_AF_nfe_pass"","113.3204340739463","0.7083419640496347","94.79","0.1"
"20:25303991:T>C","NM_001042472.3:c.392A>G","NP_001035937.1:p.Gln131Arg","Unknown significance","null","missense_variant","3/13","null","131","MODERATE","23.8","null","0.00289084","gnomad_AF_amr_pass"","89.85385882969996","0.4543771751630957","97.87","0.2"
"20:25303997:T>C","NM_001042472.3:c.386A>G","NP_001035937.1:p.Tyr129Cys","Unknown significance","null","missense_variant","3/13","null","129","MODERATE","28.2","null","0.00564334","gnomad_AF_amr_pass"","74.60826178074679","0.31098214701952365","98.04","1.6"
"20:25303998:A>G","NM_001042472.3:c.385T>C","NP_001035937.1:p.Tyr129His","Unknown significance","null","missense_variant","3/13","null","129","MODERATE","27.7","null","0.000879044","gnomad_AF_nfe_pass"","74.60826178074679","0.31098214701952365","98.04","1.4"
"20:25304009:G>A","NM_001042472.3:c.374C>T","NP_001035937.1:p.Thr125Met","Unknown significance","null","missense_variant","3/13","null","125","MODERATE","27.3","null","0.00175809","gnomad_AF_nfe_pass"","11.896519764400729","0.07561142740524199","98.07","0.7"
"20:25304013:G>C","NM_001042472.3:c.370C>G","NP_001035937.1:p.His124Asp","Unknown significance","null","missense_variant","3/13","null","124","MODERATE","26.8","null","0.000879013","gnomad_AF_nfe_pass"","11.125009952096274","0.054162046232468425","97.27","1.5"
"20:25304029:C>A","NM_001042472.3:c.354G>T","NP_001035937.1:p.Gln118His","Unknown significance","null","missense_variant","3/13","null","118","MODERATE","23.3","null","0.000879075","gnomad_AF_nfe_pass"","106.94760779004629","0.5408176404554109","93.54","0.1"
"20:25304045:T>A","NM_001042472.3:c.338A>T","NP_001035937.1:p.Asp113Val","Unknown significance","-","missense_variant","3/13","null","113","MODERATE","31","null","0","null"","56.2106764883879","0.3513609995383662","92.87","0.7"
"20:25304046:C>A","NM_001042472.3:c.337G>T","NP_001035937.1:p.Asp113Tyr","Unknown significance","-","missense_variant","3/13","null","113","MODERATE","32","null","0","null"","56.2106764883879","0.3513609995383662","92.87","1.1"
"20:25304049:T>A","NM_001042472.3:c.334A>T","NP_001035937.1:p.Ile112Phe","Unknown significance","-","missense_variant","3/13","null","112","MODERATE","28.5","null","0","gnomad_AF_afr_pass,gnomad_AF_amr_pass,gnomad_AF_eas_pass,gnomad_AF_nfe_pass,gnomad_AF_sas_pass"","22.736036551994395","0.11590632602004335","87.05","0.3"
"20:25304057:G>A","NM_001042472.3:c.326C>T","NP_001035937.1:p.Pro109Leu","Unknown significance","null","missense_variant","3/13","null","109","MODERATE","29.1","null","0","null"","18.091518946209465","0.11501275457601057","76.27","0.6"
"20:25304061:C>G","NM_001042472.3:c.322G>C","NP_001035937.1:p.Val108Leu","Unknown significance","null","missense_variant","3/13","null","108","MODERATE","19.76","null","0.00326669","gnomad_AF_sas_pass"","67.46787615991347","0.39250129723763044","75.43","0.1"
"20:25319863:C>T","NM_001042472.3:c.316G>A","NP_001035937.1:p.Val106Ile","Unknown significance","null","missense_variant&splice_region_variant","2/13","null","106","MODERATE","29.4","null","0","gnomad_AF_afr_pass,gnomad_AF_amr_pass,gnomad_AF_eas_pass,gnomad_AF_nfe_pass,gnomad_AF_sas_pass"","33.0361684121569","0.19219130192861614","85.47","0.2"
"20:25319873:G>T","NM_001042472.3:c.306C>A","NP_001035937.1:p.Phe102Leu","Unknown significance","null","missense_variant","2/13","null","102","MODERATE","27.5","null","0","null"","1.2394338091221178","0.0053946975370492","93.3","0.3"
"20:25319877:A>G","NM_001042472.3:c.302T>C","NP_001035937.1:p.Ile101Thr","Unknown significance","null","missense_variant","2/13","null","101","MODERATE","23.9","null","0.000879121","gnomad_AF_nfe_pass"","17.821601239565044","0.0908529645766706","91.06","1.4"
"20:25319892:A>G","NM_001042472.3:c.287T>C","NP_001035937.1:p.Ile96Thr","Unknown significance","null","missense_variant","2/13","null","96","MODERATE","25.8","null","0.0160231","gnomad_AF_afr_pass"","57.44933726265905","0.29287169727993256","88.13","1.0"
"20:25319898:G>A","NM_001042472.3:c.281C>T","NP_001035937.1:p.Pro94Leu","Unknown significance","null","missense_variant","2/13","null","94","MODERATE","28.3","null","0","null"","88.78956589081315","0.5644596554370697","89.09","0.1"
"20:25319906:T>A","NM_001042472.3:c.273A>T","NP_001035937.1:p.Lys91Asn","Unknown significance","null","missense_variant","2/13","null","91","MODERATE","24.0","null","0.00543656","gnomad_AF_eas_pass"","53.35515048893802","0.22539852289267348","89.09","0.1"
"20:25319907:T>C","NM_001042472.3:c.272A>G","NP_001035937.1:p.Lys91Arg","Unknown significance","null","missense_variant","2/13","null","91","MODERATE","19.01","null","0.00326648","gnomad_AF_sas_pass"","53.35515048893802","0.22539852289267348","89.09","0.8"
"20:25319907:T>G","NM_001042472.3:c.272A>C","NP_001035937.1:p.Lys91Thr","Unknown significance","null","missense_variant","2/13","null","91","MODERATE","22.9","null","0.0520352","gnomad_AF_amr_pass"","53.35515048893802","0.22539852289267348","89.09","0.5"
"20:25319911:T>A","NM_001042472.3:c.268A>T","NP_001035937.1:p.Ile90Phe","Likely benign","null","missense_variant","2/13","null","90","MODERATE","18.48","null","0.00543656","gnomad_AF_eas_pass"","2.0432199404543714","0.010416156571853505","87.95","0.3"
"20:25319911:T>C","NM_001042472.3:c.268A>G","NP_001035937.1:p.Ile90Val","Likely benign","null","missense_variant","2/13","null","90","MODERATE","10.60","null","0.00282167","gnomad_AF_amr_pass"","2.0432199404543714","0.010416156571853505","87.95","0.2"
"20:25319920:G>T","NM_001042472.3:c.259C>A","NP_001035937.1:p.Pro87Thr","Unknown significance","-","missense_variant","2/13","null","87","MODERATE","26.1","null","0.00351685","gnomad_AF_nfe_pass"","0.0","0.0","88.72","0.1"
"20:25319925:G>T","NM_001042472.3:c.254C>A","NP_001035937.1:p.Ala85Asp","Unknown significance","null","missense_variant","2/13","null","85","MODERATE","27.3","null","0.00289118","gnomad_AF_amr_pass"","53.47797802707829","0.42056087252755464","90.77","1.0"
"20:25319929:T>C","NM_001042472.3:c.250A>G","NP_001035937.1:p.Ile84Val","Unknown significance","-","missense_variant","2/13","null","84","MODERATE","0.106","null","0.0163324","gnomad_AF_sas_pass"","85.76355230897359","0.4372150894386627","88.22","0.2"
"20:25319933:C>A","NM_001042472.3:c.246G>T","NP_001035937.1:p.Leu82Phe","Likely benign","null","missense_variant","2/13","null","82","MODERATE","18.64","null","0.00326691","gnomad_AF_sas_pass"","115.64594106341897","0.5996640055830548","90.43","0.2"
"20:25319937:C>T","NM_001042472.3:c.242G>A","NP_001035937.1:p.Gly81Glu","Unknown significance","null","missense_variant","2/13","null","81","MODERATE","23.4","null","0","null"","33.09869110428246","0.3471422591565219","91.61","0.2"
"20:25319946:C>T","NM_001042472.3:c.233G>A","NP_001035937.1:p.Cys78Tyr","Unknown significance","-","missense_variant","2/13","null","78","MODERATE","10.80","null","0","null"","80.97885626302035","0.5240399864271879","93.13","0.2"
"20:25319947:A>G","NM_001042472.3:c.232T>C","NP_001035937.1:p.Cys78Arg","Unknown significance","null","missense_variant","2/13","null","78","MODERATE","21.2","null","0","null"","80.97885626302035","0.5240399864271879","93.13","0.7"
"20:25319950:A>G","NM_001042472.3:c.229T>C","NP_001035937.1:p.Phe77Leu","Likely benign","null","missense_variant","2/13","null","77","MODERATE","11.78","null","0.00282167","gnomad_AF_amr_pass"","113.78060870330603","0.49523578025553655","93.5","0.2"
"20:25319953:G>C","NM_001042472.3:c.226C>G","NP_001035937.1:p.Leu76Val","Unknown significance","null","missense_variant","2/13","null","76","MODERATE","17.21","null","0.0160231","gnomad_AF_afr_pass"","110.21354512874666","0.5714951630266847","93.07","0.2"
"20:25319955:A>T","NM_001042472.3:c.224T>A","NP_001035937.1:p.Ile75Lys","Unknown significance","null","missense_variant","2/13","null","75","MODERATE","22.1","null","0.000879306","gnomad_AF_nfe_pass"","107.88317399894217","0.5499789863990863","93.37","2.0"
"20:25319967:C>A","NM_001042472.3:c.212G>T","NP_001035937.1:p.Arg71Leu","Unknown significance","null","missense_variant","2/13","null","71","MODERATE","23.4","null","0.000879353","gnomad_AF_nfe_pass"","180.9269695152949","0.6715285516516096","88.7","0.2"
"20:25319967:C>T","NM_001042472.3:c.212G>A","NP_001035937.1:p.Arg71His","Unknown significance","-","missense_variant","2/13","null","71","MODERATE","25.0","null","0.0100663","gnomad_AF_nfe_pass"","180.9269695152949","0.6715285516516096","88.7","0.2"
"20:25319968:G>A","NM_001042472.3:c.211C>T","NP_001035937.1:p.Arg71Cys","Unknown significance","null","missense_variant","2/13","null","71","MODERATE","28.0","null","0.00653424","gnomad_AF_sas_pass"","180.9269695152949","0.6715285516516096","88.7","0.3"
"20:25319976:A>G","NM_001042472.3:c.203T>C","NP_001035937.1:p.Val68Ala","Unknown significance","-","missense_variant","2/13","null","68","MODERATE","21.6","null","0.0503267","gnomad_AF_nfe_pass"","78.40901259582962","0.45615248190175584","83.37","0.7"
"20:25319977:C>T","NM_001042472.3:c.202G>A","NP_001035937.1:p.Val68Met","Benign","null","missense_variant","2/13","null","68","MODERATE","16.18","null","2.39564","gnomad_AF_afr_pass"","78.40901259582962","0.45615248190175584","83.37","0.2"
"20:25319980:C>A","NM_001042472.3:c.199G>T","NP_001035937.1:p.Gly67Cys","Unknown significance","null","missense_variant","2/13","null","67","MODERATE","23.4","null","0.0108401","gnomad_AF_nfe_pass"","26.627412131380208","0.2792708622119241","79.63","0.2"
"20:25319985:C>G","NM_001042472.3:c.194G>C","NP_001035937.1:p.Arg65Pro","Unknown significance","null","missense_variant&splice_region_variant","2/13","null","65","MODERATE","26.3","null","0.0114837","gnomad_AF_afr_pass"","183.94351053664306","0.6827247454998261","70.36","0.4"
"20:25319985:C>T","NM_001042472.3:c.194G>A","NP_001035937.1:p.Arg65Gln","Unknown significance","null","missense_variant&splice_region_variant","2/13","null","65","MODERATE","27.8","null","0.00326669","gnomad_AF_sas_pass"","183.94351053664306","0.6827247454998261","70.36","0.2"
"20:25371150:T>C","NM_001042472.3:c.190A>G","NP_001035937.1:p.Arg64Gly","Unknown significance","null","missense_variant&splice_region_variant","1/13","null","64","MODERATE","27.0","null","0","null"","208.40719322777866","0.7735241517445324","67.28","0.4"
"20:25371152:C>T","NM_001042472.3:c.188G>A","NP_001035937.1:p.Gly63Asp","Unknown significance","null","missense_variant","1/13","null","63","MODERATE","25.1","null","0","null"","36.67930658793435","0.3846960991029274","62.01","0.0"
"20:25371153:C>A","NM_001042472.3:c.187G>T","NP_001035937.1:p.Gly63Cys","Unknown significance","null","missense_variant","1/13","null","63","MODERATE","25.0","null","0.0130242","gnomad_AF_amr_pass"","36.67930658793435","0.3846960991029274","62.01","0.5"
"20:25371155:A>C","NM_001042472.3:c.185T>G","NP_001035937.1:p.Leu62Arg","Unknown significance","null","missense_variant","1/13","null","62","MODERATE","25.1","null","0","null"","72.1952959701623","0.37435745662686365","59.18","1.4"
"20:25371156:G>C","NM_001042472.3:c.184C>G","NP_001035937.1:p.Leu62Val","Likely benign","null","missense_variant","1/13","null","62","MODERATE","20.2","null","0","null"","72.1952959701623","0.37435745662686365","59.18","0.5"
"20:25371158:G>C","NM_001042472.3:c.182C>G","NP_001035937.1:p.Ala61Gly","Unknown significance","null","missense_variant","1/13","null","61","MODERATE","22.3","null","0","null"","45.97410089158244","0.36154897208050035","58.54","0.7"
"20:25371158:G>T","NM_001042472.3:c.182C>A","NP_001035937.1:p.Ala61Glu","Unknown significance","null","missense_variant","1/13","null","61","MODERATE","19.07","null","0.0277008","gnomad_AF_afr_pass"","45.97410089158244","0.36154897208050035","58.54","0.1"
"20:25371161:C>G","NM_001042472.3:c.179G>C","NP_001035937.1:p.Arg60Pro","Unknown significance","null","missense_variant","1/13","null","60","MODERATE","25.2","null","0.00636051","gnomad_AF_amr_pass"","216.5773772551984","0.8038486073044675","59.94","0.3"
"20:25371165:T>C","NM_001042472.3:c.175A>G","NP_001035937.1:p.Lys59Glu","Unknown significance","null","missense_variant","1/13","null","59","MODERATE","20.3","null","0","null"","158.82521512648262","0.6709561974723018","58.29","0.1"
"20:25371170:C>T","NM_001042472.3:c.170G>A","NP_001035937.1:p.Gly57Glu","Likely benign","null","missense_variant","1/13","null","57","MODERATE","15.53","null","0.0291579","gnomad_AF_sas_pass"","33.37448617809942","0.350034824445204","54.99","0.1"
"20:25371173:G>A","NM_001042472.3:c.167C>T","NP_001035937.1:p.Ala56Val","Unknown significance","-","missense_variant","1/13","null","56","MODERATE","16.51","null","0.133422","gnomad_AF_eas_pass"","39.59610839148269","0.3113912400612014","58.11","0.1"
"20:25371174:C>T","NM_001042472.3:c.166G>A","NP_001035937.1:p.Ala56Thr","Likely benign","null","missense_variant","1/13","null","56","MODERATE","18.62","null","0","null"","39.59610839148269","0.3113912400612014","58.11","0.2"
"20:25371177:C>G","NM_001042472.3:c.163G>C","NP_001035937.1:p.Asp55His","Unknown significance","null","missense_variant","1/13","null","55","MODERATE","24.9","null","0.00660066","gnomad_AF_nfe_pass"","63.60967756968527","0.3976105837440847","56.66","0.1"
"20:25371177:C>T","NM_001042472.3:c.163G>A","NP_001035937.1:p.Asp55Asn","Likely benign","null","missense_variant","1/13","null","55","MODERATE","22.4","null","0","null"","63.60967756968527","0.3976105837440847","56.66","0.1"
"20:25371180:C>A","NM_001042472.3:c.160G>T","NP_001035937.1:p.Ala54Ser","Likely benign","null","missense_variant","1/13","null","54","MODERATE","16.71","null","0","null"","67.0329408412343","0.5271596482949088","54.98","0.2"
"20:25371182:G>A","NM_001042472.3:c.158C>T","NP_001035937.1:p.Ala53Val","Likely benign","null","missense_variant","1/13","null","53","MODERATE","22.0","null","0","null"","75.0602386011656","0.5902878269303423","54.46","0.1"
"20:25371183:C>A","NM_001042472.3:c.157G>T","NP_001035937.1:p.Ala53Ser","Likely benign","null","missense_variant","1/13","null","53","MODERATE","17.80","null","0.00572213","gnomad_AF_sas_pass"","75.0602386011656","0.5902878269303423","54.46","0.1"
"20:25371183:C>G","NM_001042472.3:c.157G>C","NP_001035937.1:p.Ala53Pro","Likely benign","null","missense_variant","1/13","null","53","MODERATE","23.2","null","0.00659457","gnomad_AF_nfe_pass"","75.0602386011656","0.5902878269303423","54.46","0.2"
"20:25371189:G>C","NM_001042472.3:c.151C>G","NP_001035937.1:p.Arg51Gly","Likely benign","null","missense_variant","1/13","null","51","MODERATE","17.47","null","0","gnomad_AF_afr_pass,gnomad_AF_amr_pass,gnomad_AF_eas_pass,gnomad_AF_nfe_pass"","168.98721923856584","0.6272129737590834","49.46","1.0"
"20:25371191:G>A","NM_001042472.3:c.149C>T","NP_001035937.1:p.Pro50Leu","Likely benign","null","missense_variant","1/13","null","50","MODERATE","21.7","null","0","null"","114.9539591972289","0.7307938894462878","48.85","0.0"
"20:25371191:G>C","NM_001042472.3:c.149C>G","NP_001035937.1:p.Pro50Arg","Likely benign","null","missense_variant","1/13","null","50","MODERATE","16.81","null","0.00567022","gnomad_AF_sas_pass"","114.9539591972289","0.7307938894462878","48.85","0.2"
"20:25371191:G>T","NM_001042472.3:c.149C>A","NP_001035937.1:p.Pro50Gln","Likely benign","null","missense_variant","1/13","null","50","MODERATE","20.7","null","0.0117454","gnomad_AF_afr_pass"","114.9539591972289","0.7307938894462878","48.85","0.0"
"20:25371203:G>C","NM_001042472.3:c.137C>G","NP_001035937.1:p.Ala46Gly","Unknown significance","-","missense_variant","1/13","null","46","MODERATE","12.37","null","0.00288517","gnomad_AF_nfe_pass"","125.44424056752594","0.9865170900799948","37.91","0.2"
"20:25371209:C>T","NM_001042472.3:c.131G>A","NP_001035937.1:p.Gly44Asp","Unknown significance","null","missense_variant","1/13","null","44","MODERATE","23.1","null","0.00562177","gnomad_AF_sas_pass"","53.920915705586395","0.5655277556097618","35.53","0.6"
"20:25371212:G>A","NM_001042472.3:c.128C>T","NP_001035937.1:p.Thr43Met","Likely benign","null","missense_variant","1/13","null","43","MODERATE","20.9","null","0","null"","164.28863136585352","1.0441791523936113","29.06","0.0"
"20:25371213:T>A","NM_001042472.3:c.127A>T","NP_001035937.1:p.Thr43Ser","Likely benign","null","missense_variant","1/13","null","43","MODERATE","14.75","null","0","null"","164.28863136585352","1.0441791523936113","29.06","0.0"
"20:25371222:G>C","NM_001042472.3:c.118C>G","NP_001035937.1:p.Leu40Val","Unknown significance","null","missense_variant","1/13","null","40","MODERATE","17.42","null","0.0060993","gnomad_AF_nfe_pass"","154.77878236843227","0.8025812558645972","32.97","0.1"
"20:25371223:G>C","NM_001042472.3:c.117C>G","NP_001035937.1:p.Asn39Lys","Likely benign","null","missense_variant","1/13","null","39","MODERATE","16.26","null","0","null"","115.93175933677104","0.7253573805089678","28.43","0.1"
"20:25371225:T>C","NM_001042472.3:c.115A>G","NP_001035937.1:p.Asn39Asp","Likely benign","null","missense_variant","1/13","null","39","MODERATE","20.6","null","0","null"","115.93175933677104","0.7253573805089678","28.43","0.1"
"20:25371228:G>C","NM_001042472.3:c.112C>G","NP_001035937.1:p.Gln38Glu","Likely benign","null","missense_variant","1/13","null","38","MODERATE","19.20","null","0","null"","179.47108477489908","0.9075577341428624","31.84","0.1"
"20:25371234:G>C","NM_001042472.3:c.106C>G","NP_001035937.1:p.Leu36Val","Likely benign","null","missense_variant","1/13","null","36","MODERATE","23.2","null","0","null"","158.0923385149878","0.8197631848912128","27.43","0.3"
"20:25371236:C>A","NM_001042472.3:c.104G>T","NP_001035937.1:p.Arg35Leu","Likely benign","null","missense_variant","1/13","null","35","MODERATE","23.5","null","0.0207512","gnomad_AF_afr_pass"","237.8866084154045","0.8829399510447541","30.2","0.1"
"20:25371236:C>G","NM_001042472.3:c.104G>C","NP_001035937.1:p.Arg35Pro","Likely benign","null","missense_variant","1/13","null","35","MODERATE","23.9","null","0.006222","gnomad_AF_amr_pass"","237.8866084154045","0.8829399510447541","30.2","0.2"
"20:25371237:G>A","NM_001042472.3:c.103C>T","NP_001035937.1:p.Arg35Cys","Unknown significance","null","missense_variant","1/13","null","35","MODERATE","24.0","null","0.103885","gnomad_AF_afr_pass"","237.8866084154045","0.8829399510447541","30.2","0.2"
"20:25371242:T>G","NM_001042472.3:c.98A>C","NP_001035937.1:p.Asp33Ala","Likely benign","null","missense_variant","1/13","null","33","MODERATE","22.5","null","0.0117","gnomad_AF_sas_pass"","128.07692878240604","0.8005816781814886","32.64","0.5"
"20:25371246:C>A","NM_001042472.3:c.94G>T","NP_001035937.1:p.Ala32Ser","Likely benign","null","missense_variant","1/13","null","32","MODERATE","16.73","null","0.125313","gnomad_AF_amr_pass"","80.27356041854742","0.6312863697543599","29.66","0.2"
"20:25371251:A>G","NM_001042472.3:c.89T>C","NP_001035937.1:p.Leu30Pro","Unknown significance","null","missense_variant","1/13","null","30","MODERATE","25.3","null","0","null"","203.8594984077745","1.057081660343958","34.41","0.2"
"20:25371252:G>C","NM_001042472.3:c.88C>G","NP_001035937.1:p.Leu30Val","Unknown significance","null","missense_variant","1/13","null","30","MODERATE","21.3","null","0.0232829","gnomad_AF_afr_pass"","203.8594984077745","1.057081660343958","34.41","0.1"
"20:25371255:C>T","NM_001042472.3:c.85G>A","NP_001035937.1:p.Ala29Thr","Likely benign","null","missense_variant","1/13","null","29","MODERATE","21.3","null","0","null"","111.45479600076354","0.8765014681319395","26.38","0.0"
"20:25371257:G>A","NM_001042472.3:c.83C>T","NP_001035937.1:p.Ala28Val","Likely benign","null","missense_variant","1/13","null","28","MODERATE","22.1","null","0.00353407","gnomad_AF_nfe_pass"","116.56959161794582","0.916725182395652","32.9","0.0"
"20:25371260:G>A","NM_001042472.3:c.80C>T","NP_001035937.1:p.Ala27Val","Likely benign","null","missense_variant","1/13","null","27","MODERATE","22.6","null","0","null"","122.84384645858157","0.9660671019592882","26.72","0.0"
"20:25371263:G>C","NM_001042472.3:c.77C>G","NP_001035937.1:p.Ala26Gly","Likely benign","null","missense_variant","1/13","null","26","MODERATE","19.35","null","0.0116469","gnomad_AF_afr_pass"","119.05310164427647","0.936255972117651","32.0","0.1"
"20:25371264:C>A","NM_001042472.3:c.76G>T","NP_001035937.1:p.Ala26Ser","Likely benign","null","missense_variant","1/13","null","26","MODERATE","14.20","null","0.0361011","gnomad_AF_eas_pass"","119.05310164427647","0.936255972117651","32.0","0.0"
"20:25371266:G>A","NM_001042472.3:c.74C>T","NP_001035937.1:p.Ser25Leu","Likely benign","null","missense_variant","1/13","null","25","MODERATE","16.86","null","0.011636","gnomad_AF_afr_pass"","146.2348975849776","1.0603862422337458","26.11","0.1"
"20:25371269:C>A","NM_001042472.3:c.71G>T","NP_001035937.1:p.Gly24Val","Unknown significance","null","missense_variant","1/13","null","24","MODERATE","18.85","null","0.0364166","gnomad_AF_eas_pass"","61.52205561010527","0.6452492427920167","28.3","0.7"
"20:25371270:C>T","NM_001042472.3:c.70G>A","NP_001035937.1:p.Gly24Ser","Likely benign","null","missense_variant","1/13","null","24","MODERATE","15.60","null","0.0141831","gnomad_AF_nfe_pass"","61.52205561010527","0.6452492427920167","28.3","0.4"
"20:25371272:G>C","NM_001042472.3:c.68C>G","NP_001035937.1:p.Ser23Cys","Likely benign","null","missense_variant","1/13","null","23","MODERATE","18.95","null","0","gnomad_AF_afr_pass,gnomad_AF_amr_pass,gnomad_AF_eas_pass,gnomad_AF_nfe_pass"","131.43115396819752","0.9530405516767618","30.11","0.2"
"20:25371275:G>A","NM_001042472.3:c.65C>T","NP_001035937.1:p.Ser22Phe","Unknown significance","null","missense_variant","1/13","null","22","MODERATE","22.0","null","0.00738116","gnomad_AF_nfe_pass"","126.58600713578481","0.9179071660927408","26.93","0.2"
"20:25371278:G>A","NM_001042472.3:c.62C>T","NP_001035937.1:p.Ser21Phe","Unknown significance","null","missense_variant","1/13","null","21","MODERATE","22.0","null","0.0757863","gnomad_AF_sas_pass"","126.45867353751277","0.9169838379541662","32.18","0.3"
"20:25371281:G>A","NM_001042472.3:c.59C>T","NP_001035937.1:p.Ser20Leu","Unknown significance","null","missense_variant","1/13","null","20","MODERATE","19.65","null","0.0414938","gnomad_AF_eas_pass"","130.9126607289763","0.9492808260118132","27.16","0.2"
"20:25371285:C>T","NM_001042472.3:c.55G>A","NP_001035937.1:p.Gly19Ser","Likely benign","null","missense_variant","1/13","null","19","MODERATE","16.98","null","0","null"","81.94998186562846","0.8594993002303193","29.94","0.2"
"20:25371287:G>C","NM_001042472.3:c.53C>G","NP_001035937.1:p.Ala18Gly","Likely benign","null","missense_variant","1/13","null","18","MODERATE","15.50","null","0.00490172","gnomad_AF_nfe_pass"","116.48277052828071","0.916042405025033","32.57","0.3"
"20:25371293:G>A","NM_001042472.3:c.47C>T","NP_001035937.1:p.Ala16Val","Likely benign","null","missense_variant","1/13","null","16","MODERATE","15.10","null","0.0158479","gnomad_AF_amr_pass"","103.76954246090374","0.8160631895440252","32.35","0.2"
"20:25371296:C>G","NM_001042472.3:c.44G>C","NP_001035937.1:p.Cys15Ser","Likely benign","null","missense_variant","1/13","null","15","MODERATE","11.56","null","0","null"","140.54320408564305","0.9094998640417556","28.98","0.0"
"20:25371299:C>T","NM_001042472.3:c.41G>A","NP_001035937.1:p.Arg14His","Unknown significance","null","missense_variant","1/13","null","14","MODERATE","22.8","null","0","null"","216.09504356451924","0.8020583775472219","30.86","0.0"
"20:25371301:C>G","NM_001042472.3:c.39G>C","NP_001035937.1:p.Glu13Asp","Unknown significance","null","missense_variant","1/13","null","13","MODERATE","16.35","null","0.00783453","gnomad_AF_nfe_pass"","153.74036422688525","0.7873187202269772","31.07","0.2"
"20:25371303:C>G","NM_001042472.3:c.37G>C","NP_001035937.1:p.Glu13Gln","Unknown significance","null","missense_variant","1/13","null","13","MODERATE","22.5","null","0","null"","153.74036422688525","0.7873187202269772","31.07","0.0"
"20:25371304:A>C","NM_001042472.3:c.36T>G","NP_001035937.1:p.His12Gln","Unknown significance","null","missense_variant","1/13","null","12","MODERATE","21.5","null","0.00391819","gnomad_AF_nfe_pass"","153.5031621307516","0.7473292518348946","32.47","0.4"
"20:25371305:T>A","NM_001042472.3:c.35A>T","NP_001035937.1:p.His12Leu","Unknown significance","null","missense_variant","1/13","null","12","MODERATE","23.1","null","0.00659805","gnomad_AF_nfe_pass"","153.5031621307516","0.7473292518348946","32.47","0.5"
"20:25371314:G>A","NM_001042472.3:c.26C>T","NP_001035937.1:p.Ala9Val","Unknown significance","-","missense_variant","1/13","null","9","MODERATE","17.65","null","0.0129601","gnomad_AF_sas_pass"","100.10109147845499","0.7872138013861181","31.9","0.1"
"20:25371321:G>A","NM_001042472.3:c.19C>T","NP_001035937.1:p.Pro7Ser","Likely benign","null","missense_variant","1/13","null","7","MODERATE","13.95","null","0.00827815","gnomad_AF_amr_pass"","138.46271752281388","0.8802455225416809","33.67","0.0"
"20:25371324:C>G","NM_001042472.3:c.16G>C","NP_001035937.1:p.Glu6Gln","Likely benign","null","missense_variant","1/13","null","6","MODERATE","17.79","null","0.0132714","gnomad_AF_nfe_pass"","157.6947351097108","0.8075694217159789","32.75","0.1"
"20:25371327:T>C","NM_001042472.3:c.13A>G","NP_001035937.1:p.Thr5Ala","Likely benign","null","missense_variant","1/13","null","5","MODERATE","18.34","null","0.00669434","gnomad_AF_sas_pass"","103.67639632925633","0.6589423184202601","35.66","0.4"
"20:25371329:C>T","NM_001042472.3:c.11G>A","NP_001035937.1:p.Arg4Gln","Unknown significance","null","missense_variant","1/13","null","4","MODERATE","31","null","0","null"","236.11685563725604","0.8763713365199252","33.58","0.2"
"20:25371330:G>A","NM_001042472.3:c.10C>T","NP_001035937.1:p.Arg4Trp","Unknown significance","null","missense_variant","1/13","null","4","MODERATE","31","null","0","null"","236.11685563725604","0.8763713365199252","33.58","0.2"
"20:25371331:C>G","NM_001042472.3:c.9G>C","NP_001035937.1:p.Lys3Asn","Unknown significance","null","missense_variant","1/13","null","3","MODERATE","24.6","null","0.00674855","gnomad_AF_sas_pass"","205.00199374419492","0.8660297301490064","33.61","0.1"