{"applied_filters": "CONTAINS missense_variant[Consequence]"},,"Surface Area","Normalized SA","Confidence Score","|ddG|""Genomic Description (GRCh37)","HGVS Nucleotide Change","HGVS Protein Change","Variant Classification","Phenotype","Consequence","Exon","Intron","Protein Position","Impact","CADD Phred","Interpro Domain","Max MAF (%)","Max MAF Source","Surface Area","Normalized SA","Confidence Score","|ddG|"
"19:3585599:G>A","NM_133261.3:c.4G>A","NP_573568.1:p.Glu2Lys","Unknown significance","null","missense_variant","1/6","null","2","MODERATE","17.60","null","0.159317","gnomad_AF_nfe_pass"","205.91866342627557","1.054528648835305","37.37","0.1"
"19:3585600:A>C","NM_133261.3:c.5A>C","NP_573568.1:p.Glu2Ala","Likely benign","null","missense_variant","1/6","null","2","MODERATE","16.43","null","0","null"","205.91866342627557","1.054528648835305","37.37","0.1"
"19:3585609:C>A","NM_133261.3:c.14C>A","NP_573568.1:p.Ala5Glu","Likely benign","null","missense_variant","1/6","null","5","MODERATE","0.455","null","0.00660764","gnomad_AF_nfe_pass"","92.31819304887972","0.7260076250292231","43.2","0.5"
"19:3585615:G>A","NM_133261.3:c.20G>A","NP_573568.1:p.Arg7Gln","Likely benign","null","missense_variant","1/6","null","7","MODERATE","15.80","null","0.0707714","gnomad_AF_afr_pass"","259.6557139936787","0.9637381647046234","40.22","0.1"
"19:3585617:G>C","NM_133261.3:c.22G>C","NP_573568.1:p.Glu8Gln","Likely benign","null","missense_variant","1/6","null","8","MODERATE","18.24","null","0","gnomad_AF_afr_pass,gnomad_AF_amr_pass,gnomad_AF_eas_pass,gnomad_AF_nfe_pass"","179.00197490166613","0.916685780643129","37.52","0.0"
"19:3585626:G>A","NM_133261.3:c.31G>A","NP_573568.1:p.Gly11Arg","Unknown significance","null","missense_variant","1/6","null","11","MODERATE","19.22","null","0","null"","56.67416031714267","0.5944040501875405","37.85","0.5"
"19:3585636:C>T","NM_133261.3:c.41C>T","NP_573568.1:p.Thr14Ile","Likely benign","null","missense_variant","1/6","null","14","MODERATE","12.31","null","0.0236128","gnomad_AF_afr_pass"","94.40549791045375","0.6000187107890349","40.08","0.1"
"19:3585644:G>A","NM_133261.3:c.49G>A","NP_573568.1:p.Ala17Thr","Likely benign","null","missense_variant","1/6","null","17","MODERATE","9.496","null","0.0974659","gnomad_AF_nfe_pass"","108.34079692902613","0.8520123940312553","47.0","0.1"
"19:3585645:C>G","NM_133261.3:c.50C>G","NP_573568.1:p.Ala17Gly","Unknown significance","null","missense_variant","1/6","null","17","MODERATE","12.70","null","0.0268817","gnomad_AF_nfe_pass"","108.34079692902613","0.8520123940312553","47.0","0.2"
"19:3585651:C>A","NM_133261.3:c.56C>A","NP_573568.1:p.Ala19Glu","Likely benign","null","missense_variant","1/6","null","19","MODERATE","4.911","null","0.00674127","gnomad_AF_nfe_pass"","100.91522182498599","0.793616275479564","49.72","0.2"
"19:3585653:C>T","NM_133261.3:c.58C>T","NP_573568.1:p.Pro20Ser","Likely pathogenic","Hearing loss","missense_variant","1/6","null","20","MODERATE","16.91","null","0.193798","gnomad_AF_eas_pass"","133.25774396984318","0.8471560761772079","47.71","0.6"
"19:3585663:C>A","NM_133261.3:c.68C>A","NP_573568.1:p.Ala23Glu","Likely benign","null","missense_variant","1/6","null","23","MODERATE","19.46","null","0","null"","98.9040402731082","0.7777999656736703","50.51","0.2"
"19:3585669:C>T","NM_133261.3:c.74C>T","NP_573568.1:p.Ser25Leu","Likely benign","null","missense_variant","1/6","null","25","MODERATE","18.84","null","0.00574317","gnomad_AF_nfe_pass"","129.20736585390995","0.93691530140493","49.97","0.0"
"19:3585674:C>G","NM_133261.3:c.79C>G","NP_573568.1:p.Pro27Ala","Likely benign","null","missense_variant","1/6","null","27","MODERATE","15.18","null","0.0074118","gnomad_AF_sas_pass"","131.95530332150233","0.8388761032748314","45.02","0.0"
"19:3585674:C>T","NM_133261.3:c.79C>T","NP_573568.1:p.Pro27Ser","Likely benign","null","missense_variant","1/6","null","27","MODERATE","16.61","null","0.2477","gnomad_AF_eas_pass"","131.95530332150233","0.8388761032748314","45.02","0.0"
"19:3585680:G>A","NM_133261.3:c.85G>A","NP_573568.1:p.Ala29Thr","Likely benign","null","missense_variant","1/6","null","29","MODERATE","17.81","null","0.00359144","gnomad_AF_nfe_pass"","117.55835259213175","0.9245009845737799","47.6","0.0"
"19:3585680:G>C","NM_133261.3:c.85G>C","NP_573568.1:p.Ala29Pro","Likely benign","null","missense_variant","1/6","null","29","MODERATE","18.84","null","0.0117675","gnomad_AF_afr_pass"","117.55835259213175","0.9245009845737799","47.6","0.0"
"19:3585686:C>T","NM_133261.3:c.91C>T","NP_573568.1:p.Pro31Ser","Likely benign","null","missense_variant","1/6","null","31","MODERATE","21.0","null","0.0372024","gnomad_AF_eas_pass"","147.2971781991973","0.9364086153480586","46.03","0.1"
"19:3585687:C>T","NM_133261.3:c.92C>T","NP_573568.1:p.Pro31Leu","Unknown significance","null","missense_variant","1/6","null","31","MODERATE","23.6","null","0.0117592","gnomad_AF_afr_pass"","147.2971781991973","0.9364086153480586","46.03","0.0"
"19:3585692:G>A","NM_133261.3:c.97G>A","NP_573568.1:p.Ala33Thr","Likely benign","null","missense_variant","1/6","null","33","MODERATE","18.26","null","0.00337154","gnomad_AF_nfe_pass"","114.38238043478515","0.8995245424775475","47.11","0.0"
"19:3585696:G>A","NM_133261.3:c.101G>A","NP_573568.1:p.Arg34His","Unknown significance","null","missense_variant","1/6","null","34","MODERATE","28.9","null","0.0117343","gnomad_AF_afr_pass"","189.52536340853968","0.703442350976992","53.51","0.1"
"19:3585699:C>T","NM_133261.3:c.104C>T","NP_573568.1:p.Pro35Leu","Unknown significance","null","missense_variant","1/6","null","35","MODERATE","27.2","null","0","null"","89.99826270124366","0.5721436730161452","54.02","0.2"
"19:3585713:C>T","NM_133261.3:c.118C>T","NP_573568.1:p.Arg40Cys","Unknown significance","null","missense_variant","1/6","null","40","MODERATE","24.1","null","0.0111694","gnomad_AF_sas_pass"","163.04551735553903","0.6051597526691379","92.26","0.1"
"19:3585717:C>A","NM_133261.3:c.122C>A","NP_573568.1:p.Thr41Lys","Pathogenic","Nonsyndromic hearing loss","missense_variant","1/6","null","41","MODERATE","23.9","null","0.00277639","gnomad_AF_nfe_pass"","0.0","0.0","95.61","1.8"
"19:3585731:G>A","NM_133261.3:c.136G>A","NP_573568.1:p.Gly46Arg","Pathogenic","Hearing loss, non-syndromic","missense_variant","1/6","null","46","MODERATE","28.8","null","0","gnomad_AF_afr_pass,gnomad_AF_amr_pass,gnomad_AF_eas_pass,gnomad_AF_nfe_pass,gnomad_AF_sas_pass"","19.808331695107583","0.20775169003198726","91.27","0.8"
"19:3585731:G>T","NM_133261.3:c.136G>T","NP_573568.1:p.Gly46Trp","Unknown significance","null","missense_variant","1/6","null","46","MODERATE","31","null","0.0231642","gnomad_AF_afr_pass"","19.808331695107583","0.20775169003198726","91.27","0.0"
"19:3585740:A>G","NM_133261.3:c.145A>G","NP_573568.1:p.Thr49Ala","Unknown significance","null","missense_variant","1/6","null","49","MODERATE","25.8","null","0.00459137","gnomad_AF_sas_pass"","68.91346742342697","0.4379974767849626","94.79","0.8"
"19:3585741:C>T","NM_133261.3:c.146C>T","NP_573568.1:p.Thr49Met","Unknown significance","null","missense_variant","1/6","null","49","MODERATE","25.8","null","0","null"","68.91346742342697","0.4379974767849626","94.79","0.4"
"19:3585743:G>T","NM_133261.3:c.148G>T","NP_573568.1:p.Gly50Cys","Unknown significance","null","missense_variant","1/6","null","50","MODERATE","26.8","null","0.0136376","gnomad_AF_sas_pass"","15.462271201494511","0.16216978912145405","92.78","0.1"
"19:3585751:C>G","NM_133261.3:c.156C>G","NP_573568.1:p.Ile52Met","Unknown significance","null","missense_variant","1/6","null","52","MODERATE","23.7","null","0.00296428","gnomad_AF_nfe_pass"","3.041939421478392","0.015507541145651808","93.55","2.3"
"19:3585752:G>A","NM_133261.3:c.157G>A","NP_573568.1:p.Glu53Lys","Unknown significance","null","missense_variant","1/6","null","53","MODERATE","22.9","null","0","gnomad_AF_afr_pass,gnomad_AF_amr_pass,gnomad_AF_eas_pass,gnomad_AF_nfe_pass,gnomad_AF_sas_pass"","51.111068964117884","0.2617445432019147","91.2","0.4"
"19:3585752:G>C","NM_133261.3:c.157G>C","NP_573568.1:p.Glu53Gln","Unknown significance","null","missense_variant","1/6","null","53","MODERATE","23.2","null","0","gnomad_AF_afr_pass,gnomad_AF_amr_pass,gnomad_AF_eas_pass,gnomad_AF_nfe_pass,gnomad_AF_sas_pass"","51.111068964117884","0.2617445432019147","91.2","0.2"
"19:3585756:G>A","NM_133261.3:c.161G>A","NP_573568.1:p.Gly54Asp","Unknown significance","null","missense_variant","1/6","null","54","MODERATE","23.8","null","0","null"","65.95214359673332","0.6917124321397445","88.63","0.4"
"19:3585762:C>T","NM_133261.3:c.167C>T","NP_573568.1:p.Thr56Ile","Unknown significance","null","missense_variant","1/6","null","56","MODERATE","24.8","null","0.00794913","gnomad_AF_amr_pass"","41.43898111119974","0.26337622885414563","85.33","0.0"
"19:3585765:A>C","NM_133261.3:c.170A>C","NP_573568.1:p.Asn57Thr","Unknown significance","null","missense_variant","1/6","null","57","MODERATE","24.8","null","0.00397583","gnomad_AF_amr_pass"","16.438466014045552","0.10285156298625941","86.83","0.0"
"19:3585765:A>T","NM_133261.3:c.170A>T","NP_573568.1:p.Asn57Ile","Unknown significance","null","missense_variant","1/6","null","57","MODERATE","25.6","null","0.00190288","gnomad_AF_nfe_pass"","16.438466014045552","0.10285156298625941","86.83","0.3"
"19:3585767:G>A","NM_133261.3:c.172G>A","NP_573568.1:p.Val58Ile","Unknown significance","null","missense_variant","1/6","null","58","MODERATE","24.0","null","0.00649942","gnomad_AF_nfe_pass"","13.95587338706946","0.08118972643403737","90.1","0.2"
"19:3585771:G>A","NM_133261.3:c.176G>A","NP_573568.1:p.Arg59His","Unknown significance","null","missense_variant","1/6","null","59","MODERATE","25.6","null","0","null"","165.2885928150313","0.6134851516883857","91.17","0.4"
"19:3585798:C>A","NM_133261.3:c.203C>A","NP_573568.1:p.Ala68Asp","Unknown significance","null","missense_variant","1/6","null","68","MODERATE","25.1","null","0","null"","44.27896529766561","0.3482181071014766","96.53","0.9"
"19:3585803:G>C","NM_133261.3:c.208G>C","NP_573568.1:p.Gly70Arg","Unknown significance","null","missense_variant","1/6","null","70","MODERATE","22.7","null","0.00446508","gnomad_AF_sas_pass"","81.3204206276564","0.8528964013501662","96.24","0.2"
"19:3585809:G>A","NM_133261.3:c.214G>A","NP_573568.1:p.Ala72Thr","Unknown significance","null","missense_variant","1/6","null","72","MODERATE","22.7","null","0.00822098","gnomad_AF_amr_pass"","51.023592897526655","0.40125912646901385","96.49","0.2"
"19:3585809:G>C","NM_133261.3:c.214G>C","NP_573568.1:p.Ala72Pro","Unknown significance","null","missense_variant","1/6","null","72","MODERATE","22.3","null","0","null"","51.023592897526655","0.40125912646901385","96.49","0.1"
"19:3585810:C>T","NM_133261.3:c.215C>T","NP_573568.1:p.Ala72Val","Unknown significance","null","missense_variant","1/6","null","72","MODERATE","24.6","null","0.00821828","gnomad_AF_amr_pass"","51.023592897526655","0.40125912646901385","96.49","0.2"
"19:3585813:C>G","NM_133261.3:c.218C>G","NP_573568.1:p.Pro73Arg","Unknown significance","null","missense_variant","1/6","null","73","MODERATE","27.3","null","0.00299088","gnomad_AF_nfe_pass"","61.026659125021695","0.3879632323526137","95.0","0.0"
"19:3585819:A>C","NM_133261.3:c.224A>C","NP_573568.1:p.Glu75Ala","Unknown significance","null","missense_variant&splice_region_variant","1/6","null","75","MODERATE","32","null","0.0130259","gnomad_AF_nfe_pass"","41.80475093144592","0.21408602202984625","95.7","0.1"
"19:3586497:T>C","NM_133261.3:c.230T>C","NP_573568.1:p.Leu77Ser","Unknown significance","null","missense_variant","2/6","null","77","MODERATE","23.1","null","0.000886352","gnomad_AF_nfe_pass"","0.0","0.0","96.29","4.6"
"19:3586498:A>T","NM_133261.3:c.231A>T","NP_573568.1:p.Leu77Phe","Unknown significance","null","missense_variant","2/6","null","77","MODERATE","22.4","null","0.00544307","gnomad_AF_eas_pass"","0.0","0.0","96.29","1.1"
"19:3586508:C>T","NM_133261.3:c.241C>T","NP_573568.1:p.Leu81Phe","Pathogenic","Hearing loss, non-syndromic, autosomal recessive","missense_variant","2/6","null","81","MODERATE","25.6","null","0.0229674","gnomad_AF_afr_pass"","14.402175670793035","0.07468023756339556","93.64","1.0"
"19:3586509:T>C","NM_133261.3:c.242T>C","NP_573568.1:p.Leu81Pro","Unknown significance","null","missense_variant","2/6","null","81","MODERATE","28.5","null","0","null"","14.402175670793035","0.07468023756339556","93.64","3.8"
"19:3586512:A>C","NM_133261.3:c.245A>C","NP_573568.1:p.Asn82Thr","Unknown significance","null","missense_variant","2/6","null","82","MODERATE","23.8","null","0.000885724","gnomad_AF_nfe_pass"","15.33833780484432","0.09596832304739028","92.78","0.4"
"19:3586512:A>G","NM_133261.3:c.245A>G","NP_573568.1:p.Asn82Ser","Unknown significance","null","missense_variant","2/6","null","82","MODERATE","24.3","null","0.0294022","gnomad_AF_sas_pass"","15.33833780484432","0.09596832304739028","92.78","0.7"
"19:3586515:G>A","NM_133261.3:c.248G>A","NP_573568.1:p.Ser83Asn","Unknown significance","null","missense_variant","2/6","null","83","MODERATE","23.2","null","0.0173491","gnomad_AF_amr_pass"","3.293456094368927","0.023881683439072994","92.86","0.0"
"19:3586519:C>A","NM_133261.3:c.252C>A","NP_573568.1:p.His84Gln","Unknown significance","null","missense_variant","2/6","null","84","MODERATE","23.9","null","0.000883689","gnomad_AF_nfe_pass"","18.08263941036899","0.08803522477433064","91.96","0.9"
"19:3586521:A>G","NM_133261.3:c.254A>G","NP_573568.1:p.Lys85Arg","Unknown significance","null","missense_variant","2/6","null","85","MODERATE","23.6","null","0.00088358","gnomad_AF_nfe_pass"","90.6484903758116","0.3829440203227387","93.37","0.6"
"19:3586524:T>C","NM_133261.3:c.257T>C","NP_573568.1:p.Val86Ala","Unknown significance","null","missense_variant","2/6","null","86","MODERATE","23.4","null","0.00867453","gnomad_AF_amr_pass"","23.69136253691001","0.1378269342141999","93.12","1.8"
"19:3586524:T>G","NM_133261.3:c.257T>G","NP_573568.1:p.Val86Gly","Unknown significance","null","missense_variant","2/6","null","86","MODERATE","23.8","null","0","null"","23.69136253691001","0.1378269342141999","93.12","3.0"
"19:3586527:A>G","NM_133261.3:c.260A>G","NP_573568.1:p.Asp87Gly","Unknown significance","null","missense_variant","2/6","null","87","MODERATE","24.5","null","0","null"","43.162989071691065","0.2698026768353504","92.08","1.3"
"19:3586531:G>A","NM_133261.3:c.264G>A","NP_573568.1:p.Met88Ile","Pathogenic","Hearing loss, non-syndromic","missense_variant","2/6","null","88","MODERATE","23.5","null","0","null"","16.581647752712605","0.07657786096667775","92.12","0.8"
"19:3586531:G>C","NM_133261.3:c.264G>C","NP_573568.1:p.Met88Ile","Unknown significance","null","missense_variant","2/6","null","88","MODERATE","23.3","null","0.00088294","gnomad_AF_nfe_pass"","16.581647752712605","0.07657786096667775","92.12","0.8"
"19:3586532:C>A","NM_133261.3:c.265C>A","NP_573568.1:p.Gln89Lys","Unknown significance","null","missense_variant","2/6","null","89","MODERATE","21.0","null","0.00616675","gnomad_AF_afr_pass"","193.1925718446962","0.976945188560686","89.94","0.1"
"19:3586538:C>T","NM_133261.3:c.271C>T","NP_573568.1:p.Leu91Phe","Unknown significance","null","missense_variant","2/6","null","91","MODERATE","24.2","null","0","null"","23.226454018136355","0.12043715779327079","92.96","1.1"
"19:3586544:G>A","NM_133261.3:c.277G>A","NP_573568.1:p.Gly93Arg","Unknown significance","null","missense_variant","2/6","null","93","MODERATE","25.8","null","0.00578302","gnomad_AF_amr_pass"","21.85673124143472","0.22923550170075724","84.25","0.3"
"19:3586544:G>C","NM_133261.3:c.277G>C","NP_573568.1:p.Gly93Arg","Unknown significance","null","missense_variant","2/6","null","93","MODERATE","25.5","null","0","gnomad_AF_afr_pass,gnomad_AF_amr_pass,gnomad_AF_eas_pass,gnomad_AF_nfe_pass,gnomad_AF_sas_pass"","21.85673124143472","0.22923550170075724","84.25","0.3"
"19:3586547:G>A","NM_133261.3:c.280G>A","NP_573568.1:p.Gly94Ser","Unknown significance","null","missense_variant","2/6","null","94","MODERATE","23.8","null","0.00289151","gnomad_AF_amr_pass"","12.222282570825737","0.12818847640585","79.54","0.3"
"19:3586548:G>A","NM_133261.3:c.281G>A","NP_573568.1:p.Gly94Asp","Pathogenic","Hearing loss, non-syndromic","missense_variant","2/6","null","94","MODERATE","25.1","null","0.00980008","gnomad_AF_sas_pass"","12.222282570825737","0.12818847640585","79.54","1.0"
"19:3586548:G>C","NM_133261.3:c.281G>C","NP_573568.1:p.Gly94Ala","Unknown significance","null","missense_variant","2/6","null","94","MODERATE","23.0","null","0.000882021","gnomad_AF_nfe_pass"","12.222282570825737","0.12818847640585","79.54","0.2"
"19:3586553:A>T","NM_133261.3:c.286A>T","NP_573568.1:p.Ile96Leu","Unknown significance","null","missense_variant","2/6","null","96","MODERATE","22.0","null","0.00289151","gnomad_AF_amr_pass"","0.1900742345457377","9.689818252573107E-4","83.07","1.0"
"19:3586555:A>G","NM_133261.3:c.288A>G","NP_573568.1:p.Ile96Met","Unknown significance","null","missense_variant","2/6","null","96","MODERATE","22.7","null","0.00289151","gnomad_AF_amr_pass"","0.1900742345457377","9.689818252573107E-4","83.07","2.1"
"19:3586560:T>C","NM_133261.3:c.293T>C","NP_573568.1:p.Leu98Pro","Unknown significance","null","missense_variant","2/6","null","98","MODERATE","26.2","null","0.00802118","gnomad_AF_afr_pass"","42.50244320672435","0.2203897958375705","82.82","2.8"
"19:3586565:G>A","NM_133261.3:c.298G>A","NP_573568.1:p.Asp100Asn","Unknown significance","null","missense_variant","2/6","null","100","MODERATE","26.0","null","0","null"","11.521002486286168","0.07201533947206203","89.74","0.1"
"19:3586572:T>A","NM_133261.3:c.305T>A","NP_573568.1:p.Ile102Asn","Unknown significance","null","missense_variant","2/6","null","102","MODERATE","25.1","null","0.00289151","gnomad_AF_amr_pass"","0.0","0.0","95.29","5.7"
"19:3586592:G>A","NM_133261.3:c.325G>A","NP_573568.1:p.Glu109Lys","Unknown significance","null","missense_variant","2/6","null","109","MODERATE","22.6","null","0.00802053","gnomad_AF_afr_pass"","162.0593042405257","0.8299207866271754","94.54","0.3"
"19:3586598:A>C","NM_133261.3:c.331A>C","NP_573568.1:p.Lys111Gln","Unknown significance","null","missense_variant","2/6","null","111","MODERATE","25.5","null","0.0115022","gnomad_AF_afr_pass"","50.25695549409412","0.21231021615804863","95.89","0.3"
"19:3586604:G>A","NM_133261.3:c.337G>A","NP_573568.1:p.Val113Met","Unknown significance","null","missense_variant","2/6","null","113","MODERATE","25.9","PDZ_domain&PDZ_domain&PDZ_domain","0.000881834","gnomad_AF_nfe_pass"","14.723832587566424","0.08565740793784207","96.3","1.7"
"19:3586605:T>G","NM_133261.3:c.338T>G","NP_573568.1:p.Val113Gly","Unknown significance","null","missense_variant","2/6","null","113","MODERATE","26.2","PDZ_domain&PDZ_domain&PDZ_domain","0","null"","14.723832587566424","0.08565740793784207","96.3","4.7"
"19:3586626:A>G","NM_133261.3:c.359A>G","NP_573568.1:p.Asp120Gly","Unknown significance","null","missense_variant","2/6","null","120","MODERATE","23.1","PDZ_domain&PDZ_domain&PDZ_domain&PDZ_domain&PDZ_domain&PDZ_domain&PDZ_domain&PDZ_domain&PDZ_domain","0.000882659","gnomad_AF_nfe_pass"","108.59404913509826","0.6787983356846604","84.69","0.3"
"19:3586627:T>G","NM_133261.3:c.360T>G","NP_573568.1:p.Asp120Glu","Likely benign","null","missense_variant","2/6","null","120","MODERATE","6.655","PDZ_domain&PDZ_domain&PDZ_domain&PDZ_domain&PDZ_domain&PDZ_domain&PDZ_domain&PDZ_domain&PDZ_domain","0.000882846","gnomad_AF_nfe_pass"","108.59404913509826","0.6787983356846604","84.69","0.0"
"19:3586632:T>C","NM_133261.3:c.365T>C","NP_573568.1:p.Leu122Pro","Unknown significance","null","missense_variant","2/6","null","122","MODERATE","24.1","PDZ_domain&PDZ_domain&PDZ_domain&PDZ_domain&PDZ_domain&PDZ_domain&PDZ_domain&PDZ_domain&PDZ_domain","0.000883127","gnomad_AF_nfe_pass"","7.711408680082101","0.03998630799545381","91.73","4.1"
"19:3586638:T>C","NM_133261.3:c.371T>C","NP_573568.1:p.Leu124Pro","Unknown significance","null","missense_variant","2/6","null","124","MODERATE","23.1","PDZ_domain&PDZ_domain&PDZ_domain&PDZ_domain&PDZ_domain&PDZ_domain&PDZ_domain&PDZ_domain&PDZ_domain","0","null"","14.801365245810647","0.07675017289654128","92.95","3.8"
"19:3586640:A>C","NM_133261.3:c.373A>C","NP_573568.1:p.Thr125Pro","Unknown significance","null","missense_variant","2/6","null","125","MODERATE","22.9","PDZ_domain&PDZ_domain&PDZ_domain&PDZ_domain&PDZ_domain&PDZ_domain&PDZ_domain&PDZ_domain&PDZ_domain","0.00615915","gnomad_AF_afr_pass"","5.499024686087309","0.034950482501272","92.63","2.0"
"19:3586641:C>T","NM_133261.3:c.374C>T","NP_573568.1:p.Thr125Ile","Unknown significance","null","missense_variant","2/6","null","125","MODERATE","23.1","PDZ_domain&PDZ_domain&PDZ_domain&PDZ_domain&PDZ_domain&PDZ_domain&PDZ_domain&PDZ_domain&PDZ_domain","0.000884189","gnomad_AF_nfe_pass"","5.499024686087309","0.034950482501272","92.63","0.3"
"19:3586655:G>C","NM_133261.3:c.388G>C","NP_573568.1:p.Gly130Arg","Unknown significance","null","missense_variant","2/6","null","130","MODERATE","27.1","PDZ_domain&PDZ_domain&PDZ_domain&PDZ_domain&PDZ_domain&PDZ_domain&PDZ_domain&PDZ_domain&PDZ_domain","0.0054401","gnomad_AF_eas_pass"","24.59123005952479","0.25791518859175355","87.49","0.6"
"19:3586662:G>A","NM_133261.3:c.395G>A","NP_573568.1:p.Gly132Asp","Unknown significance","null","missense_variant","2/6","null","132","MODERATE","27.2","PDZ_domain&PDZ_domain&PDZ_domain&PDZ_domain&PDZ_domain&PDZ_domain&PDZ_domain&PDZ_domain&PDZ_domain","0","gnomad_AF_afr_pass,gnomad_AF_amr_pass,gnomad_AF_eas_pass,gnomad_AF_nfe_pass,gnomad_AF_sas_pass"","4.351950335483782","0.045643674139167284","89.63","0.9"
"19:3586667:G>A","NM_133261.3:c.400G>A","NP_573568.1:p.Ala134Thr","Likely pathogenic","Sensorineural hearing loss","missense_variant","2/6","null","134","MODERATE","25.7","PDZ_domain&PDZ_domain&PDZ_domain&PDZ_domain&PDZ_domain&PDZ_domain&PDZ_domain&PDZ_domain&PDZ_domain","0.00657895","gnomad_AF_nfe_pass"","0.0","0.0","95.13","0.3"
"19:3586677:A>G","NM_133261.3:c.410A>G","NP_573568.1:p.Lys137Arg","Unknown significance","null","missense_variant&splice_region_variant","2/6","null","137","MODERATE","33","PDZ_domain&PDZ_domain&PDZ_domain&PDZ_domain&PDZ_domain&PDZ_domain&PDZ_domain&PDZ_domain&PDZ_domain","0.00839349","gnomad_AF_afr_pass"","29.197049699714356","0.12334276662763806","94.96","0.9"
"19:3586821:G>A","NM_133261.3:c.421G>A","NP_573568.1:p.Glu141Lys","Unknown significance","null","missense_variant","3/6","null","141","MODERATE","31","PDZ_domain&PDZ_domain&PDZ_domain&PDZ_domain&PDZ_domain&PDZ_domain&PDZ_domain&PDZ_domain&PDZ_domain","0","gnomad_AF_afr_pass,gnomad_AF_amr_pass,gnomad_AF_eas_pass,gnomad_AF_nfe_pass,gnomad_AF_sas_pass"","153.30325669211624","0.7850802518416153","92.87","0.1"
"19:3586822:A>C","NM_133261.3:c.422A>C","NP_573568.1:p.Glu141Ala","Unknown significance","null","missense_variant","3/6","null","141","MODERATE","29.3","PDZ_domain&PDZ_domain&PDZ_domain&PDZ_domain&PDZ_domain&PDZ_domain&PDZ_domain&PDZ_domain&PDZ_domain","0.00289503","gnomad_AF_amr_pass"","153.30325669211624","0.7850802518416153","92.87","0.0"
"19:3586825:G>A","NM_133261.3:c.425G>A","NP_573568.1:p.Gly142Asp","Unknown significance","null","missense_variant","3/6","null","142","MODERATE","25.3","PDZ_domain&PDZ_domain&PDZ_domain&PDZ_domain&PDZ_domain&PDZ_domain&PDZ_domain&PDZ_domain&PDZ_domain","0.00266033","gnomad_AF_nfe_pass"","57.78316715722939","0.606035420705329","91.58","0.4"
"19:3586831:T>C","NM_133261.3:c.431T>C","NP_573568.1:p.Ile144Thr","Unknown significance","null","missense_variant","3/6","null","144","MODERATE","22.6","PDZ_domain&PDZ_domain&PDZ_domain&PDZ_domain&PDZ_domain&PDZ_domain&PDZ_domain&PDZ_domain&PDZ_domain","0.0463177","gnomad_AF_amr_pass"","7.428053007653938","0.03786756463161025","92.72","1.5"
"19:3586833:A>T","NM_133261.3:c.433A>T","NP_573568.1:p.Ile145Phe","Unknown significance","null","missense_variant","3/6","null","145","MODERATE","26.2","PDZ_domain&PDZ_domain&PDZ_domain&PDZ_domain&PDZ_domain&PDZ_domain&PDZ_domain&PDZ_domain&PDZ_domain","0.000886431","gnomad_AF_nfe_pass"","0.0028333634173652784","1.4444238917165031E-5","94.32","0.7"
"19:3586839:C>T","NM_133261.3:c.439C>T","NP_573568.1:p.Arg147Trp","Unknown significance","null","missense_variant","3/6","null","147","MODERATE","26.0","PDZ_domain&PDZ_domain&PDZ_domain&PDZ_domain&PDZ_domain&PDZ_domain&PDZ_domain&PDZ_domain&PDZ_domain","0.00653595","gnomad_AF_sas_pass"","139.45188884883072","0.5175896395911284","93.42","0.1"
"19:3586840:G>A","NM_133261.3:c.440G>A","NP_573568.1:p.Arg147Gln","Likely benign","null","missense_variant","3/6","null","147","MODERATE","23.4","PDZ_domain&PDZ_domain&PDZ_domain&PDZ_domain&PDZ_domain&PDZ_domain&PDZ_domain&PDZ_domain&PDZ_domain","0.0389937","gnomad_AF_nfe_pass"","139.45188884883072","0.5175896395911284","93.42","0.5"
"19:3586845:G>A","NM_133261.3:c.445G>A","NP_573568.1:p.Glu149Lys","Unknown significance","null","missense_variant","3/6","null","149","MODERATE","17.93","PDZ_domain&PDZ_domain&PDZ_domain&PDZ_domain&PDZ_domain&PDZ_domain&PDZ_domain&PDZ_domain&PDZ_domain","0.000886525","gnomad_AF_nfe_pass"","176.3614196019414","0.9031632510867416","91.17","0.0"
"19:3586845:G>C","NM_133261.3:c.445G>C","NP_573568.1:p.Glu149Gln","Likely benign","null","missense_variant","3/6","null","149","MODERATE","18.80","PDZ_domain&PDZ_domain&PDZ_domain&PDZ_domain&PDZ_domain&PDZ_domain&PDZ_domain&PDZ_domain&PDZ_domain","0.00653552","gnomad_AF_sas_pass"","176.3614196019414","0.9031632510867416","91.17","0.1"
"19:3586855:G>T","NM_133261.3:c.455G>T","NP_573568.1:p.Cys152Phe","Unknown significance","null","missense_variant","3/6","null","152","MODERATE","23.7","PDZ_domain&PDZ_domain&PDZ_domain&PDZ_domain&PDZ_domain&PDZ_domain&PDZ_domain&PDZ_domain&PDZ_domain","0.0362406","gnomad_AF_afr_pass"","39.46580225744218","0.2553957839581457","95.15","0.7"
"19:3586857:G>A","NM_133261.3:c.457G>A","NP_573568.1:p.Val153Met","Unknown significance","null","missense_variant","3/6","null","153","MODERATE","26.3","PDZ_domain&PDZ_domain&PDZ_domain&PDZ_domain&PDZ_domain&PDZ_domain&PDZ_domain&PDZ_domain&PDZ_domain","0.00289553","gnomad_AF_amr_pass"","49.972064412580224","0.29071761590791007","95.79","0.7"
"19:3586857:G>T","NM_133261.3:c.457G>T","NP_573568.1:p.Val153Leu","Unknown significance","null","missense_variant","3/6","null","153","MODERATE","25.9","PDZ_domain&PDZ_domain&PDZ_domain&PDZ_domain&PDZ_domain&PDZ_domain&PDZ_domain&PDZ_domain&PDZ_domain","0.00326755","gnomad_AF_sas_pass"","49.972064412580224","0.29071761590791007","95.79","0.5"
"19:3586858:T>C","NM_133261.3:c.458T>C","NP_573568.1:p.Val153Ala","Unknown significance","null","missense_variant","3/6","null","153","MODERATE","25.8","PDZ_domain&PDZ_domain&PDZ_domain&PDZ_domain&PDZ_domain&PDZ_domain&PDZ_domain&PDZ_domain&PDZ_domain","0","gnomad_AF_afr_pass,gnomad_AF_amr_pass,gnomad_AF_eas_pass,gnomad_AF_nfe_pass,gnomad_AF_sas_pass"","49.972064412580224","0.29071761590791007","95.79","1.6"
"19:3586860:G>T","NM_133261.3:c.460G>T","NP_573568.1:p.Gly154Cys","Unknown significance","null","missense_variant","3/6","null","154","MODERATE","28.8","PDZ_domain&PDZ_domain&PDZ_domain&PDZ_domain&PDZ_domain&PDZ_domain&PDZ_domain&PDZ_domain&PDZ_domain","0.00443294","gnomad_AF_nfe_pass"","0.0","0.0","95.76","0.7"
"19:3586861:G>A","NM_133261.3:c.461G>A","NP_573568.1:p.Gly154Asp","Unknown significance","null","missense_variant","3/6","null","154","MODERATE","26.4","PDZ_domain&PDZ_domain&PDZ_domain&PDZ_domain&PDZ_domain&PDZ_domain&PDZ_domain&PDZ_domain&PDZ_domain","0.000886556","gnomad_AF_nfe_pass"","0.0","0.0","95.76","1.8"
"19:3586863:G>A","NM_133261.3:c.463G>A","NP_573568.1:p.Asp155Asn","Unknown significance","null","missense_variant","3/6","null","155","MODERATE","28.5","PDZ_domain&PDZ_domain&PDZ_domain&PDZ_domain&PDZ_domain&PDZ_domain&PDZ_domain&PDZ_domain&PDZ_domain","0.00326776","gnomad_AF_sas_pass"","0.0","0.0","96.94","0.4"
"19:3586867:G>A","NM_133261.3:c.467G>A","NP_573568.1:p.Ser156Asn","Unknown significance","null","missense_variant","3/6","null","156","MODERATE","23.1","PDZ_domain&PDZ_domain&PDZ_domain&PDZ_domain&PDZ_domain&PDZ_domain&PDZ_domain&PDZ_domain&PDZ_domain","0.00647836","gnomad_AF_nfe_pass"","0.0","0.0","96.72","0.1"
"19:3586872:G>A","NM_133261.3:c.472G>A","NP_573568.1:p.Glu158Lys","Pathogenic","Sensorineural hearing loss","missense_variant","3/6","null","158","MODERATE","29.9","PDZ_domain&PDZ_domain&PDZ_domain&PDZ_domain&PDZ_domain&PDZ_domain&PDZ_domain&PDZ_domain&PDZ_domain","0","null"","34.257048041751794","0.1754335327525491","96.69","0.3"
"19:3586875:G>A","NM_133261.3:c.475G>A","NP_573568.1:p.Ala159Thr","Unknown significance","null","missense_variant","3/6","null","159","MODERATE","24.5","PDZ_domain&PDZ_domain&PDZ_domain&PDZ_domain&PDZ_domain&PDZ_domain&PDZ_domain&PDZ_domain&PDZ_domain","0.000887595","gnomad_AF_nfe_pass"","6.191940550707371","0.04869458451337994","97.2","0.3"
"19:3586875:G>T","NM_133261.3:c.475G>T","NP_573568.1:p.Ala159Ser","Unknown significance","null","missense_variant","3/6","null","159","MODERATE","23.2","PDZ_domain&PDZ_domain&PDZ_domain&PDZ_domain&PDZ_domain&PDZ_domain&PDZ_domain&PDZ_domain&PDZ_domain","0.0064792","gnomad_AF_nfe_pass"","6.191940550707371","0.04869458451337994","97.2","0.8"
"19:3586878:A>C","NM_133261.3:c.478A>C","NP_573568.1:p.Ile160Leu","Unknown significance","null","missense_variant","3/6","null","160","MODERATE","24.6","PDZ_domain&PDZ_domain&PDZ_domain&PDZ_domain&PDZ_domain&PDZ_domain&PDZ_domain&PDZ_domain&PDZ_domain","0.00266368","gnomad_AF_nfe_pass"","1.4910655342634558","0.007601321696345979","96.24","1.1"
"19:3586882:A>C","NM_133261.3:c.482A>C","NP_573568.1:p.Asn161Thr","Unknown significance","null","missense_variant","3/6","null","161","MODERATE","26.2","PDZ_domain&PDZ_domain&PDZ_domain&PDZ_domain&PDZ_domain&PDZ_domain&PDZ_domain&PDZ_domain&PDZ_domain","0.000888273","gnomad_AF_nfe_pass"","73.88255460892483","0.4622655308866903","95.07","0.2"
"19:3586882:A>G","NM_133261.3:c.482A>G","NP_573568.1:p.Asn161Ser","Unknown significance","null","missense_variant","3/6","null","161","MODERATE","25.4","PDZ_domain&PDZ_domain&PDZ_domain&PDZ_domain&PDZ_domain&PDZ_domain&PDZ_domain&PDZ_domain&PDZ_domain","0.00177655","gnomad_AF_nfe_pass"","73.88255460892483","0.4622655308866903","95.07","0.5"
"19:3586888:A>G","NM_133261.3:c.488A>G","NP_573568.1:p.His163Arg","Unknown significance","null","missense_variant","3/6","null","163","MODERATE","21.9","PDZ_domain&PDZ_domain&PDZ_domain&PDZ_domain&PDZ_domain&PDZ_domain&PDZ_domain&PDZ_domain&PDZ_domain","0","gnomad_AF_afr_pass,gnomad_AF_amr_pass,gnomad_AF_eas_pass,gnomad_AF_nfe_pass,gnomad_AF_sas_pass"","135.50337515648474","0.6596973936637363","95.43","0.2"
"19:3586894:T>C","NM_133261.3:c.494T>C","NP_573568.1:p.Ile165Thr","Unknown significance","null","missense_variant","3/6","null","165","MODERATE","24.5","PDZ_domain&PDZ_domain&PDZ_domain&PDZ_domain&PDZ_domain&PDZ_domain&PDZ_domain&PDZ_domain&PDZ_domain","0.000891059","gnomad_AF_nfe_pass"","0.4065053459532387","0.0020723287037825223","94.14","2.4"
"19:3586896:G>C","NM_133261.3:c.496G>C","NP_573568.1:p.Val166Leu","Unknown significance","null","missense_variant","3/6","null","166","MODERATE","24.1","PDZ_domain&PDZ_domain&PDZ_domain&PDZ_domain&PDZ_domain&PDZ_domain&PDZ_domain&PDZ_domain&PDZ_domain","0.00648424","gnomad_AF_nfe_pass"","68.64731888539623","0.3993628263996307","94.14","0.1"
"19:3586908:C>A","NM_133261.3:c.508C>A","NP_573568.1:p.His170Asn","Pathogenic","Hearing loss","missense_variant","3/6","null","170","MODERATE","26.7","PDZ_domain&PDZ_domain&PDZ_domain&PDZ_domain&PDZ_domain&PDZ_domain&PDZ_domain&PDZ_domain&PDZ_domain","0","null"","0.0","0.0","90.43","1.9"
"19:3586914:G>C","NM_133261.3:c.514G>C","NP_573568.1:p.Glu172Gln","Unknown significance","null","missense_variant","3/6","null","172","MODERATE","28.5","PDZ_domain&PDZ_domain&PDZ_domain&PDZ_domain&PDZ_domain&PDZ_domain&PDZ_domain&PDZ_domain&PDZ_domain","0.00621891","gnomad_AF_afr_pass"","62.89936626209416","0.3221135112928254","92.09","0.2"
"19:3586929:C>T","NM_133261.3:c.529C>T","NP_573568.1:p.Leu177Phe","Unknown significance","null","missense_variant","3/6","null","177","MODERATE","25.2","PDZ_domain&PDZ_domain&PDZ_domain&PDZ_domain&PDZ_domain&PDZ_domain&PDZ_domain&PDZ_domain&PDZ_domain","0.00544544","gnomad_AF_eas_pass"","3.8782058771775385","0.020109832211998538","92.84","1.2"
"19:3586930:T>A","NM_133261.3:c.530T>A","NP_573568.1:p.Leu177His","Unknown significance","null","missense_variant","3/6","null","177","MODERATE","27.6","PDZ_domain&PDZ_domain&PDZ_domain&PDZ_domain&PDZ_domain&PDZ_domain&PDZ_domain&PDZ_domain&PDZ_domain","0","gnomad_AF_afr_pass,gnomad_AF_amr_pass,gnomad_AF_eas_pass,gnomad_AF_nfe_pass,gnomad_AF_sas_pass"","3.8782058771775385","0.020109832211998538","92.84","4.2"
"19:3586933:G>A","NM_133261.3:c.533G>A","NP_573568.1:p.Arg178Gln","Unknown significance","null","missense_variant","3/6","null","178","MODERATE","26.8","PDZ_domain&PDZ_domain&PDZ_domain&PDZ_domain&PDZ_domain&PDZ_domain&PDZ_domain&PDZ_domain&PDZ_domain","0.0108944","gnomad_AF_eas_pass"","132.66551134566885","0.49240132041534007","90.56","0.3"
"19:3586935:G>A","NM_133261.3:c.535G>A","NP_573568.1:p.Glu179Lys","Unknown significance","null","missense_variant","3/6","null","179","MODERATE","29.6","PDZ_domain&PDZ_domain&PDZ_domain&PDZ_domain&PDZ_domain&PDZ_domain&PDZ_domain&PDZ_domain&PDZ_domain","0.0114863","gnomad_AF_afr_pass"","124.8891086448351","0.6395687540028901","91.8","0.4"
"19:3586939:T>C","NM_133261.3:c.539T>C","NP_573568.1:p.Leu180Pro","Unknown significance","null","missense_variant","3/6","null","180","MODERATE","26.9","PDZ_domain&PDZ_domain&PDZ_domain&PDZ_domain&PDZ_domain&PDZ_domain","0.00653894","gnomad_AF_sas_pass"","24.654458266262605","0.1278418512874541","92.0","2.2"
"19:3586945:A>C","NM_133261.3:c.545A>C","NP_573568.1:p.Lys182Thr","Unknown significance","Deafness, autosomal recessive 15","missense_variant","3/6","null","182","MODERATE","23.9","PDZ_domain&PDZ_domain&PDZ_domain&PDZ_domain&PDZ_domain&PDZ_domain","0.0086891","gnomad_AF_amr_pass"","120.9930715275609","0.5111345268947179","89.23","0.4"
"19:3586946:G>T","NM_133261.3:c.546G>T","NP_573568.1:p.Lys182Asn","Unknown significance","null","missense_variant","3/6","null","182","MODERATE","25.0","PDZ_domain&PDZ_domain&PDZ_domain&PDZ_domain&PDZ_domain&PDZ_domain","0.00545019","gnomad_AF_eas_pass"","120.9930715275609","0.5111345268947179","89.23","0.1"
"19:3586947:T>A","NM_133261.3:c.547T>A","NP_573568.1:p.Ser183Thr","Likely benign","null","missense_variant","3/6","null","183","MODERATE","18.77","PDZ_domain&PDZ_domain&PDZ_domain","0.00089117","gnomad_AF_nfe_pass"","115.57236889667347","0.8380444885885108","87.67","0.0"
"19:3586959:A>C","NM_133261.3:c.559A>C","NP_573568.1:p.Thr187Pro","Unknown significance","null","missense_variant","3/6","null","187","MODERATE","26.2","PDZ_domain&PDZ_domain&PDZ_domain","0","null"","40.91939234301401","0.2600738472161294","96.3","1.3"
"19:3586960:C>T","NM_133261.3:c.560C>T","NP_573568.1:p.Thr187Ile","Unknown significance","null","missense_variant","3/6","null","187","MODERATE","25.8","PDZ_domain&PDZ_domain&PDZ_domain","0.00648172","gnomad_AF_nfe_pass"","40.91939234301401","0.2600738472161294","96.3","0.7"
"19:3586965:C>A","NM_133261.3:c.565C>A","NP_573568.1:p.Arg189Ser","Unknown significance","null","missense_variant","3/6","null","189","MODERATE","24.5","PDZ_domain&PDZ_domain&PDZ_domain","0","null"","92.93847511138316","0.34495045018139386","97.74","1.0"
"19:3586965:C>T","NM_133261.3:c.565C>T","NP_573568.1:p.Arg189Cys","Pathogenic","Hearing loss, non-syndromic","missense_variant","3/6","null","189","MODERATE","26.1","PDZ_domain&PDZ_domain&PDZ_domain","0","null"","92.93847511138316","0.34495045018139386","97.74","0.4"
"19:3586971:G>A","NM_133261.3:c.571G>A","NP_573568.1:p.Val191Met","Unknown significance","null","missense_variant","3/6","null","191","MODERATE","27.6","PDZ_domain&PDZ_domain&PDZ_domain","0.00545911","gnomad_AF_eas_pass"","0.0","0.0","97.26","0.8"
"19:3586982:G>C","NM_133261.3:c.582G>C","NP_573568.1:p.Lys194Asn","Unknown significance","null","missense_variant","3/6","null","194","MODERATE","24.1","PDZ_domain&PDZ_domain&PDZ_domain","0.000905978","gnomad_AF_nfe_pass"","72.46841509667537","0.30614239805302934","95.29","0.2"
"19:3586986:G>T","NM_133261.3:c.586G>T","NP_573568.1:p.Ala196Ser","Unknown significance","null","missense_variant","3/6","null","196","MODERATE","25.7","null","0.00547765","gnomad_AF_eas_pass"","14.037172182146355","0.11039096088774693","72.61","0.3"
"19:3586991:C>A","NM_133261.3:c.591C>A","NP_573568.1:p.Phe197Leu","Unknown significance","null","missense_variant&splice_region_variant","3/6","null","197","MODERATE","24.2","null","0.00651806","gnomad_AF_afr_pass"","137.99450243129047","0.6006279616655714","64.43","0.5"
"19:3586992:G>A","NM_133261.3:c.592G>A","NP_573568.1:p.Asp198Asn","Unknown significance","null","missense_variant&splice_region_variant","3/6","null","198","MODERATE","34","null","0","null"","95.51520411275924","0.5970452534066745","53.45","0.1"
"19:3586992:G>C","NM_133261.3:c.592G>C","NP_573568.1:p.Asp198His","Unknown significance","null","missense_variant&splice_region_variant","3/6","null","198","MODERATE","35","null","0.00330469","gnomad_AF_sas_pass"","95.51520411275924","0.5970452534066745","53.45","0.4"
"19:3589444:T>C","NM_133261.3:c.596T>C","NP_573568.1:p.Met199Thr","Unknown significance","null","missense_variant","4/6","null","199","MODERATE","18.78","null","0.00326648","gnomad_AF_sas_pass"","56.56431644273326","0.26122701584456137","48.05","1.1"
"19:3589447:T>C","NM_133261.3:c.599T>C","NP_573568.1:p.Ile200Thr","Unknown significance","null","missense_variant","4/6","null","200","MODERATE","24.7","null","0","null"","147.64951851014058","0.7527043330530531","47.93","0.7"
"19:3589449:G>C","NM_133261.3:c.601G>C","NP_573568.1:p.Gly201Arg","Unknown significance","null","missense_variant","4/6","null","201","MODERATE","23.9","null","0","null"","81.4815817366495","0.8545866745784269","40.33","0.0"
"19:3589456:G>A","NM_133261.3:c.608G>A","NP_573568.1:p.Arg203Lys","Unknown significance","null","missense_variant","4/6","null","203","MODERATE","24.6","null","0.000879972","gnomad_AF_nfe_pass"","244.13564883388463","0.9061338898625907","33.54","0.2"
"19:3589458:A>G","NM_133261.3:c.610A>G","NP_573568.1:p.Ser204Gly","Unknown significance","null","missense_variant","4/6","null","204","MODERATE","18.74","null","0.00543715","gnomad_AF_eas_pass"","114.641382768814","0.8312936726205303","34.73","0.1"
"19:3589461:C>T","NM_133261.3:c.613C>T","NP_573568.1:p.Arg205Trp","Unknown significance","null","missense_variant","4/6","null","205","MODERATE","24.1","null","0.116223","gnomad_AF_afr_pass"","256.80883426830104","0.9531716857334074","38.86","0.0"
"19:3589462:G>A","NM_133261.3:c.614G>A","NP_573568.1:p.Arg205Gln","Unknown significance","null","missense_variant","4/6","null","205","MODERATE","22.0","null","0.0261301","gnomad_AF_sas_pass"","256.80883426830104","0.9531716857334074","38.86","0.0"
"19:3589462:G>C","NM_133261.3:c.614G>C","NP_573568.1:p.Arg205Pro","Unknown significance","null","missense_variant","4/6","null","205","MODERATE","23.2","null","0","null"","256.80883426830104","0.9531716857334074","38.86","0.1"
"19:3589468:G>A","NM_133261.3:c.620G>A","NP_573568.1:p.Ser207Asn","Unknown significance","null","missense_variant","4/6","null","207","MODERATE","19.25","null","0","gnomad_AF_afr_pass,gnomad_AF_amr_pass,gnomad_AF_eas_pass,gnomad_AF_nfe_pass,gnomad_AF_sas_pass"","114.25859669706696","0.8285179939630923","43.44","0.0"
"19:3589474:G>A","NM_133261.3:c.626G>A","NP_573568.1:p.Cys209Tyr","Likely benign","null","missense_variant","4/6","null","209","MODERATE","14.90","null","0.0154976","gnomad_AF_nfe_pass"","46.71109994205149","0.30228241431473485","42.13","0.4"
"19:3589486:C>T","NM_133261.3:c.638C>T","NP_573568.1:p.Ala213Val","Likely benign","null","missense_variant","4/6","null","213","MODERATE","13.90","null","0.00774893","gnomad_AF_nfe_pass"","63.54059633908602","0.4996951946043336","44.04","0.2"
"19:3589488:A>G","NM_133261.3:c.640A>G","NP_573568.1:p.Lys214Glu","Unknown significance","null","missense_variant","4/6","null","214","MODERATE","22.6","null","0","gnomad_AF_afr_pass,gnomad_AF_amr_pass,gnomad_AF_eas_pass,gnomad_AF_nfe_pass,gnomad_AF_sas_pass"","214.33198200327033","0.9054442112802626","41.85","0.0"
"19:3589497:A>G","NM_133261.3:c.649A>G","NP_573568.1:p.Ser217Gly","Unknown significance","null","missense_variant","4/6","null","217","MODERATE","22.1","null","0.00088053","gnomad_AF_nfe_pass"","37.28765706824932","0.27038223579515297","53.17","1.0"
"19:3589499:C>A","NM_133261.3:c.651C>A","NP_573568.1:p.Ser217Arg","Unknown significance","null","missense_variant","4/6","null","217","MODERATE","15.83","null","0.00326627","gnomad_AF_sas_pass"","37.28765706824932","0.27038223579515297","53.17","0.1"
"19:3589500:G>A","NM_133261.3:c.652G>A","NP_573568.1:p.Gly218Arg","Unknown significance","null","missense_variant","4/6","null","218","MODERATE","27.0","null","0.00543774","gnomad_AF_eas_pass"","44.957630707451074","0.4715199595336845","54.96","0.3"
"19:3589501:G>A","NM_133261.3:c.653G>A","NP_573568.1:p.Gly218Glu","Unknown significance","null","missense_variant","4/6","null","218","MODERATE","24.9","null","0","null"","44.957630707451074","0.4715199595336845","54.96","0.7"
"19:3589506:G>A","NM_133261.3:c.658G>A","NP_573568.1:p.Glu220Lys","Unknown significance","null","missense_variant","4/6","null","220","MODERATE","23.9","null","0","null"","94.07722811172387","0.4817782448473679","78.39","0.3"
"19:3589507:A>T","NM_133261.3:c.659A>T","NP_573568.1:p.Glu220Val","Unknown significance","null","missense_variant","4/6","null","220","MODERATE","27.3","null","0.00543833","gnomad_AF_eas_pass"","94.07722811172387","0.4817782448473679","78.39","0.1"
"19:3589509:A>C","NM_133261.3:c.661A>C","NP_573568.1:p.Thr221Pro","Unknown significance","null","missense_variant","4/6","null","221","MODERATE","25.8","null","0","null"","6.397475296589153","0.04066081917607326","81.84","2.3"
"19:3589510:C>T","NM_133261.3:c.662C>T","NP_573568.1:p.Thr221Ile","Pathogenic","Hearing loss, non-syndromic","missense_variant","4/6","null","221","MODERATE","25.8","null","0.0326627","gnomad_AF_sas_pass"","6.397475296589153","0.04066081917607326","81.84","0.1"
"19:3589515:C>G","NM_133261.3:c.667C>G","NP_573568.1:p.Arg223Gly","Pathogenic","Hearing loss, non-syndromic, autosomal recessive","missense_variant","4/6","null","223","MODERATE","27.4","null","0","null"","20.45253993799571","0.07591164854501087","83.71","2.7"
"19:3589515:C>T","NM_133261.3:c.667C>T","NP_573568.1:p.Arg223Trp","Unknown significance","null","missense_variant","4/6","null","223","MODERATE","29.5","null","0.0163324","gnomad_AF_sas_pass"","20.45253993799571","0.07591164854501087","83.71","0.2"
"19:3589516:G>A","NM_133261.3:c.668G>A","NP_573568.1:p.Arg223Gln","Unknown significance","null","missense_variant","4/6","null","223","MODERATE","29.2","null","0.00282263","gnomad_AF_amr_pass"","20.45253993799571","0.07591164854501087","83.71","1.0"
"19:3589521:C>T","NM_133261.3:c.673C>T","NP_573568.1:p.Arg225Cys","Unknown significance","null","missense_variant","4/6","null","225","MODERATE","32","null","0.103418","gnomad_AF_eas_pass"","60.04006162729737","0.22284469658485048","79.21","1.7"
"19:3589522:G>A","NM_133261.3:c.674G>A","NP_573568.1:p.Arg225His","Unknown significance","null","missense_variant","4/6","null","225","MODERATE","26.0","null","0.00544484","gnomad_AF_eas_pass"","60.04006162729737","0.22284469658485048","79.21","0.7"
"19:3589525:C>A","NM_133261.3:c.677C>A","NP_573568.1:p.Ser226Tyr","Unknown significance","null","missense_variant","4/6","null","226","MODERATE","23.4","null","0","null"","116.6460689506043","0.8458301593434158","70.59","0.1"
"19:3589527:G>A","NM_133261.3:c.679G>A","NP_573568.1:p.Gly227Arg","Unknown significance","null","missense_variant","4/6","null","227","MODERATE","20.4","null","0.000780238","gnomad_AF_nfe_pass"","65.85573898045104","0.6907013312420108","63.27","0.5"
"19:3589527:G>C","NM_133261.3:c.679G>C","NP_573568.1:p.Gly227Arg","Unknown significance","null","missense_variant","4/6","null","227","MODERATE","19.87","null","0.0017738","gnomad_AF_nfe_pass"","65.85573898045104","0.6907013312420108","63.27","0.5"
"19:3589527:G>T","NM_133261.3:c.679G>T","NP_573568.1:p.Gly227Trp","Unknown significance","null","missense_variant","4/6","null","227","MODERATE","25.2","null","0.446653","gnomad_AF_eas_pass"","65.85573898045104","0.6907013312420108","63.27","0.4"
"19:3589528:G>A","NM_133261.3:c.680G>A","NP_573568.1:p.Gly227Glu","Unknown significance","null","missense_variant","4/6","null","227","MODERATE","22.3","null","0.00653339","gnomad_AF_sas_pass"","65.85573898045104","0.6907013312420108","63.27","0.3"
"19:3589528:G>C","NM_133261.3:c.680G>C","NP_573568.1:p.Gly227Ala","Unknown significance","null","missense_variant","4/6","null","227","MODERATE","21.2","null","0.00404563","gnomad_AF_afr_pass"","65.85573898045104","0.6907013312420108","63.27","0.1"
"19:3589533:G>A","NM_133261.3:c.685G>A","NP_573568.1:p.Ala229Thr","Likely benign","null","missense_variant","4/6","null","229","MODERATE","17.89","null","0.00547285","gnomad_AF_eas_pass"","64.98112440508947","0.5110237781201892","74.21","0.2"
"19:3589533:G>C","NM_133261.3:c.685G>C","NP_573568.1:p.Ala229Pro","Unknown significance","null","missense_variant","4/6","null","229","MODERATE","15.07","null","0.251938","gnomad_AF_afr_pass"","64.98112440508947","0.5110237781201892","74.21","0.3"
"19:3589540:C>T","NM_133261.3:c.692C>T","NP_573568.1:p.Thr231Ile","Unknown significance","null","missense_variant","4/6","null","231","MODERATE","23.6","null","0.00627431","gnomad_AF_afr_pass"","56.32999524687554","0.35801994454647196","79.88","0.4"
"19:3589545:G>A","NM_133261.3:c.697G>A","NP_573568.1:p.Glu233Lys","Unknown significance","null","missense_variant","4/6","null","233","MODERATE","22.8","null","0.00088469","gnomad_AF_nfe_pass"","53.595906475468304","0.27446962746489506","79.7","0.3"
"19:3589549:A>C","NM_133261.3:c.701A>C","NP_573568.1:p.Glu234Ala","Unknown significance","null","missense_variant","4/6","null","234","MODERATE","24.8","null","0.127359","gnomad_AF_amr_pass"","84.37598360559576","0.43209726843246954","76.88","0.1"
"19:3589552:C>T","NM_133261.3:c.704C>T","NP_573568.1:p.Ala235Val","Likely benign","null","missense_variant&splice_region_variant","4/6","null","235","MODERATE","7.169","null","0.00389864","gnomad_AF_nfe_pass"","35.76719649324218","0.28127995709646775","73.23","0.5"
"19:3589832:A>G","NM_133261.3:c.709A>G","NP_573568.1:p.Ser237Gly","Unknown significance","null","missense_variant","5/6","null","237","MODERATE","21.6","null","0.00326648","gnomad_AF_sas_pass"","65.08432080312942","0.47194287755192926","82.76","0.7"
"19:3589833:G>A","NM_133261.3:c.710G>A","NP_573568.1:p.Ser237Asn","Unknown significance","null","missense_variant","5/6","null","237","MODERATE","17.99","null","0.00176882","gnomad_AF_nfe_pass"","65.08432080312942","0.47194287755192926","82.76","0.1"
"19:3589835:G>C","NM_133261.3:c.712G>C","NP_573568.1:p.Glu238Gln","Unknown significance","null","missense_variant","5/6","null","238","MODERATE","23.4","null","0.000884158","gnomad_AF_nfe_pass"","135.18209319842214","0.6922800862987261","84.36","0.1"
"19:3589839:T>G","NM_133261.3:c.716T>G","NP_573568.1:p.Phe239Cys","Unknown significance","null","missense_variant","5/6","null","239","MODERATE","24.1","null","0.00544129","gnomad_AF_eas_pass"","30.721143889448186","0.13371531263386022","87.76","1.2"
"19:3589844:G>A","NM_133261.3:c.721G>A","NP_573568.1:p.Glu241Lys","Unknown significance","null","missense_variant","5/6","null","241","MODERATE","22.5","null","0.000882348","gnomad_AF_nfe_pass"","73.65374490538112","0.3771876856831859","86.85","0.1"
"19:3589846:G>C","NM_133261.3:c.723G>C","NP_573568.1:p.Glu241Asp","Likely benign","null","missense_variant","5/6","null","241","MODERATE","12.41","null","0.0054407","gnomad_AF_eas_pass"","73.65374490538112","0.3771876856831859","86.85","0.2"
"19:3589850:G>A","NM_133261.3:c.727G>A","NP_573568.1:p.Ala243Thr","Unknown significance","null","missense_variant","5/6","null","243","MODERATE","23.1","null","0.00616219","gnomad_AF_afr_pass"","0.0","0.0","91.76","0.6"
"19:3589853:T>A","NM_133261.3:c.730T>A","NP_573568.1:p.Ser244Thr","Likely benign","null","missense_variant","5/6","null","244","MODERATE","8.577","null","0.000881912","gnomad_AF_nfe_pass"","9.170146326686918","0.06649505121332983","90.68","1.0"
"19:3589854:C>A","NM_133261.3:c.731C>A","NP_573568.1:p.Ser244Tyr","Unknown significance","null","missense_variant","5/6","null","244","MODERATE","17.69","null","0.00264546","gnomad_AF_nfe_pass"","9.170146326686918","0.06649505121332983","90.68","2.2"
"19:3589856:C>G","NM_133261.3:c.733C>G","NP_573568.1:p.Arg245Gly","Unknown significance","null","missense_variant","5/6","null","245","MODERATE","14.57","null","0","null"","130.16621152714697","0.48312491904869226","89.92","0.9"
"19:3589856:C>T","NM_133261.3:c.733C>T","NP_573568.1:p.Arg245Trp","Unknown significance","null","missense_variant","5/6","null","245","MODERATE","22.6","null","0.0144567","gnomad_AF_amr_pass"","130.16621152714697","0.48312491904869226","89.92","0.4"
"19:3589857:G>A","NM_133261.3:c.734G>A","NP_573568.1:p.Arg245Gln","Likely benign","null","missense_variant","5/6","null","245","MODERATE","9.095","null","0.0035264","gnomad_AF_nfe_pass"","130.16621152714697","0.48312491904869226","89.92","0.0"
"19:3589860:A>C","NM_133261.3:c.737A>C","NP_573568.1:p.Lys246Thr","Likely benign","null","missense_variant","5/6","null","246","MODERATE","15.03","null","0.000881368","gnomad_AF_nfe_pass"","71.28421916526206","0.3011397692288184","91.66","0.1"
"19:3589862:G>A","NM_133261.3:c.739G>A","NP_573568.1:p.Val247Ile","Unknown significance","null","missense_variant","5/6","null","247","MODERATE","18.37","null","0.0228639","gnomad_AF_sas_pass"","0.0","0.0","91.86","0.7"
"19:3589880:A>G","NM_133261.3:c.757A>G","NP_573568.1:p.Ser253Gly","Unknown significance","null","missense_variant","5/6","null","253","MODERATE","24.2","null","0.00616295","gnomad_AF_afr_pass"","104.43562205438559","0.7572891194541372","81.64","0.3"
"19:3589882:C>G","NM_133261.3:c.759C>G","NP_573568.1:p.Ser253Arg","Pathogenic","Hearing loss, non-syndromic","missense_variant","5/6","null","253","MODERATE","23.1","null","0","null"","104.43562205438559","0.7572891194541372","81.64","0.1"
"19:3589886:A>C","NM_133261.3:c.763A>C","NP_573568.1:p.Met255Leu","Unknown significance","null","missense_variant","5/6","null","255","MODERATE","21.6","null","0.000882177","gnomad_AF_nfe_pass"","18.155739102984562","0.08384737666063262","77.46","0.3"
"19:3589887:T>A","NM_133261.3:c.764T>A","NP_573568.1:p.Met255Lys","Pathogenic","Hearing loss, non-syndromic","missense_variant","5/6","null","255","MODERATE","23.8","null","0","null"","18.155739102984562","0.08384737666063262","77.46","3.2"
"19:3589888:G>A","NM_133261.3:c.765G>A","NP_573568.1:p.Met255Ile","Unknown significance","null","missense_variant","5/6","null","255","MODERATE","23.8","null","0.000882566","gnomad_AF_nfe_pass"","18.155739102984562","0.08384737666063262","77.46","0.1"
"19:3589890:G>A","NM_133261.3:c.767G>A","NP_573568.1:p.Gly256Asp","Pathogenic","Hearing loss, non-syndromic","missense_variant","5/6","null","256","MODERATE","25.2","null","0","null"","30.069063414444983","0.315367232242625","71.75","1.2"
"19:3589895:C>T","NM_133261.3:c.772C>T","NP_573568.1:p.Arg258Trp","Pathogenic","Hearing loss, non-syndromic, autosomal recessive","missense_variant","5/6","null","258","MODERATE","27.0","null","0.0163313","gnomad_AF_sas_pass"","51.57552859330782","0.19142773523326115","77.15","0.5"
"19:3589896:G>A","NM_133261.3:c.773G>A","NP_573568.1:p.Arg258Gln","Unknown significance","null","missense_variant","5/6","null","258","MODERATE","26.1","null","0.00310892","gnomad_AF_nfe_pass"","51.57552859330782","0.19142773523326115","77.15","0.9"
"19:3589898:G>A","NM_133261.3:c.775G>A","NP_573568.1:p.Asp259Asn","Unknown significance","null","missense_variant","5/6","null","259","MODERATE","29.0","null","0.00176597","gnomad_AF_nfe_pass"","14.515598198280465","0.09073392121332578","80.82","0.4"
"19:3589899:A>C","NM_133261.3:c.776A>C","NP_573568.1:p.Asp259Ala","Unknown significance","null","missense_variant","5/6","null","259","MODERATE","29.1","null","0","null"","14.515598198280465","0.09073392121332578","80.82","1.2"
"19:3589899:A>G","NM_133261.3:c.776A>G","NP_573568.1:p.Asp259Gly","Unknown significance","null","missense_variant","5/6","null","259","MODERATE","31","null","0","null"","14.515598198280465","0.09073392121332578","80.82","1.6"
"19:3589900:C>A","NM_133261.3:c.777C>A","NP_573568.1:p.Asp259Glu","Unknown significance","null","missense_variant","5/6","null","259","MODERATE","24.9","null","0.00617436","gnomad_AF_afr_pass"","14.515598198280465","0.09073392121332578","80.82","0.6"
"19:3589904:G>A","NM_133261.3:c.781G>A","NP_573568.1:p.Glu261Lys","Unknown significance","null","missense_variant","5/6","null","261","MODERATE","25.1","null","0.00618549","gnomad_AF_nfe_pass"","59.093972928544936","0.3026257377052153","83.12","0.1"
"19:3589908:T>G","NM_133261.3:c.785T>G","NP_573568.1:p.Leu262Arg","Pathogenic","Sensorineural hearing loss","missense_variant&splice_region_variant","5/6","null","262","MODERATE","31","null","0","null"","7.33070455392712","0.038012226076686785","84.76","3.0"
"19:3589910:G>C","NM_133261.3:c.787G>C","NP_573568.1:p.Ala263Pro","Unknown significance","null","missense_variant&splice_region_variant","5/6","null","263","MODERATE","34","null","0.000884251","gnomad_AF_nfe_pass"","0.0","0.0","89.33","2.1"
"19:3590037:C>T","NM_133261.3:c.788C>T","NP_573568.1:p.Ala263Val","Unknown significance","null","missense_variant&splice_region_variant","6/6","null","263","MODERATE","32","null","0.00587959","gnomad_AF_amr_pass"","0.0","0.0","89.33","0.1"
"19:3590039:T>C","NM_133261.3:c.790T>C","NP_573568.1:p.Ser264Pro","Likely benign","null","missense_variant&splice_region_variant","6/6","null","264","MODERATE","22.7","null","0","null"","35.36635315797198","0.2564503750201003","89.07","0.3"
"19:3590040:C>T","NM_133261.3:c.791C>T","NP_573568.1:p.Ser264Phe","Unknown significance","null","missense_variant","6/6","null","264","MODERATE","23.4","null","0","null"","35.36635315797198","0.2564503750201003","89.07","1.1"
"19:3590049:T>C","NM_133261.3:c.800T>C","NP_573568.1:p.Val267Ala","Unknown significance","null","missense_variant","6/6","null","267","MODERATE","24.6","null","0.00330098","gnomad_AF_sas_pass"","3.8350873399015866","0.022311014390954807","92.02","2.0"
"19:3590055:C>T","NM_133261.3:c.806C>T","NP_573568.1:p.Thr269Met","Unknown significance","null","missense_variant","6/6","null","269","MODERATE","21.1","null","0.0101771","gnomad_AF_eas_pass"","2.4686535209078384","0.01569016991367313","89.04","1.3"
"19:3590058:C>T","NM_133261.3:c.809C>T","NP_573568.1:p.Ser270Phe","Unknown significance","null","missense_variant","6/6","null","270","MODERATE","23.6","null","0","null"","5.232024573830822","0.037938733973504085","90.41","0.8"
"19:3590062:G>T","NM_133261.3:c.813G>T","NP_573568.1:p.Lys271Asn","Unknown significance","null","missense_variant","6/6","null","271","MODERATE","23.3","null","0.00330491","gnomad_AF_sas_pass"","100.74999223407137","0.4256177561661303","87.89","0.0"
"19:3590069:G>A","NM_133261.3:c.820G>A","NP_573568.1:p.Ala274Thr","Likely benign","null","missense_variant","6/6","null","274","MODERATE","13.67","null","0.00331455","gnomad_AF_sas_pass"","99.82259907099828","0.7850236847401038","87.31","0.2"
"19:3590070:C>A","NM_133261.3:c.821C>A","NP_573568.1:p.Ala274Glu","Likely benign","null","missense_variant","6/6","null","274","MODERATE","0.005","null","0.0129299","gnomad_AF_afr_pass"","99.82259907099828","0.7850236847401038","87.31","0.1"
"19:3590070:C>T","NM_133261.3:c.821C>T","NP_573568.1:p.Ala274Val","Likely benign","null","missense_variant","6/6","null","274","MODERATE","0.254","null","0.00664143","gnomad_AF_sas_pass"","99.82259907099828","0.7850236847401038","87.31","0.1"
"19:3590074:C>A","NM_133261.3:c.825C>A","NP_573568.1:p.Ser275Arg","Unknown significance","null","missense_variant","6/6","null","275","MODERATE","15.48","null","0.00650787","gnomad_AF_afr_pass"","48.085530632730205","0.3486803490516101","88.1","0.2"
"19:3590075:G>A","NM_133261.3:c.826G>A","NP_573568.1:p.Ala276Thr","Unknown significance","null","missense_variant","6/6","null","276","MODERATE","17.77","null","0.0208445","gnomad_AF_amr_pass"","22.522897788033042","0.17712430228360324","87.27","0.4"
"19:3590076:C>A","NM_133261.3:c.827C>A","NP_573568.1:p.Ala276Asp","Unknown significance","null","missense_variant","6/6","null","276","MODERATE","17.58","null","0.00183362","gnomad_AF_nfe_pass"","22.522897788033042","0.17712430228360324","87.27","0.4"
"19:3590076:C>T","NM_133261.3:c.827C>T","NP_573568.1:p.Ala276Val","Likely benign","null","missense_variant","6/6","null","276","MODERATE","13.81","null","0.0102281","gnomad_AF_eas_pass"","22.522897788033042","0.17712430228360324","87.27","0.4"
"19:3590084:T>G","NM_133261.3:c.835T>G","NP_573568.1:p.Phe279Val","Unknown significance","null","missense_variant","6/6","null","279","MODERATE","26.6","null","0","null"","0.0","0.0","91.3","2.5"
"19:3590087:G>C","NM_133261.3:c.838G>C","NP_573568.1:p.Ala280Pro","Unknown significance","null","missense_variant","6/6","null","280","MODERATE","25.5","null","0.00320873","gnomad_AF_nfe_pass"","15.258638388495598","0.1199968007578529","88.03","1.3"
"19:3590090:C>T","NM_133261.3:c.841C>T","NP_573568.1:p.Arg281Cys","Unknown significance","null","missense_variant","6/6","null","281","MODERATE","23.3","null","0.00997539","gnomad_AF_sas_pass"","188.15990081528503","0.6983742999283328","87.81","0.1"
"19:3590091:G>A","NM_133261.3:c.842G>A","NP_573568.1:p.Arg281His","Likely benign","null","missense_variant","6/6","null","281","MODERATE","22.1","null","0.0232207","gnomad_AF_amr_pass"","188.15990081528503","0.6983742999283328","87.81","0.0"
"19:3590105:G>A","NM_133261.3:c.856G>A","NP_573568.1:p.Val286Ile","Unknown significance","null","missense_variant","6/6","null","286","MODERATE","23.4","null","0.195046","gnomad_AF_nfe_pass"","85.28696359366594","0.4961656680674054","79.09","0.1"
"19:3590114:G>A","NM_133261.3:c.865G>A","NP_573568.1:p.Glu289Lys","Unknown significance","null","missense_variant","6/6","null","289","MODERATE","24.9","null","0.0100113","gnomad_AF_sas_pass"","133.3145514678313","0.6827162312064528","74.71","0.1"
"19:3590117:T>C","NM_133261.3:c.868T>C","NP_573568.1:p.Phe290Leu","Unknown significance","null","missense_variant","6/6","null","290","MODERATE","27.0","null","0.00655308","gnomad_AF_afr_pass"","28.513995522006585","0.12410858916536541","74.63","1.9"
"19:3590120:G>A","NM_133261.3:c.871G>A","NP_573568.1:p.Ala291Thr","Likely benign","null","missense_variant","6/6","null","291","MODERATE","25.8","null","0.275123","gnomad_AF_amr_pass"","73.4005230438646","0.5772355117778766","77.19","0.2"
"19:3590120:G>C","NM_133261.3:c.871G>C","NP_573568.1:p.Ala291Pro","Unknown significance","null","missense_variant","6/6","null","291","MODERATE","26.4","null","0.000917011","gnomad_AF_nfe_pass"","73.4005230438646","0.5772355117778766","77.19","0.5"
"19:3590123:T>C","NM_133261.3:c.874T>C","NP_573568.1:p.Phe292Leu","Unknown significance","null","missense_variant","6/6","null","292","MODERATE","27.0","null","0.00654279","gnomad_AF_afr_pass"","6.0012631615374135","0.026120797543566252","84.06","2.1"
"19:3590124:T>C","NM_133261.3:c.875T>C","NP_573568.1:p.Phe292Ser","Unknown significance","null","missense_variant","6/6","null","292","MODERATE","27.9","null","0.0166847","gnomad_AF_afr_pass"","6.0012631615374135","0.026120797543566252","84.06","5.5"
"19:3590129:G>A","NM_133261.3:c.880G>A","NP_573568.1:p.Asp294Asn","Unknown significance","null","missense_variant","6/6","null","294","MODERATE","24.3","null","0.00320708","gnomad_AF_nfe_pass"","110.87236734267489","0.6930396188836975","85.57","0.0"
"19:3590132:G>A","NM_133261.3:c.883G>A","NP_573568.1:p.Glu295Lys","Unknown significance","null","missense_variant","6/6","null","295","MODERATE","24.7","null","0.0264567","gnomad_AF_nfe_pass"","153.96874228339883","0.7884882655190442","88.0","0.0"
"19:3590135:T>C","NM_133261.3:c.886T>C","NP_573568.1:p.Phe296Leu","Unknown significance","null","missense_variant","6/6","null","296","MODERATE","24.6","null","0.00335255","gnomad_AF_sas_pass"","4.08099117534544","0.017762717847715596","89.35","1.2"
"19:3590136:T>C","NM_133261.3:c.887T>C","NP_573568.1:p.Phe296Ser","Unknown significance","null","missense_variant","6/6","null","296","MODERATE","27.8","null","0.00335233","gnomad_AF_sas_pass"","4.08099117534544","0.017762717847715596","89.35","5.0"
"19:3590138:G>A","NM_133261.3:c.889G>A","NP_573568.1:p.Val297Met","Unknown significance","null","missense_variant","6/6","null","297","MODERATE","24.5","null","0","null"","0.12290258897633927","7.149984311457882E-4","90.01","1.1"
"19:3590141:G>A","NM_133261.3:c.892G>A","NP_573568.1:p.Val298Met","Unknown significance","null","missense_variant","6/6","null","298","MODERATE","23.4","null","0.00661901","gnomad_AF_afr_pass"","91.80944744196182","0.5341108875908371","91.19","0.0"
"19:3590154:C>T","NM_133261.3:c.905C>T","NP_573568.1:p.Ala302Val","Unknown significance","null","missense_variant","6/6","null","302","MODERATE","23.3","null","0.00679717","gnomad_AF_afr_pass"","48.37163636440111","0.3804036417513288","92.35","0.2"
"19:3590156:G>A","NM_133261.3:c.907G>A","NP_573568.1:p.Ala303Thr","Unknown significance","null","missense_variant","6/6","null","303","MODERATE","23.4","null","0.0113507","gnomad_AF_eas_pass"","6.18723882916586","0.048657609291301085","92.85","0.9"
"19:3590157:C>T","NM_133261.3:c.908C>T","NP_573568.1:p.Ala303Val","Unknown significance","null","missense_variant","6/6","null","303","MODERATE","22.0","null","0.0446797","gnomad_AF_sas_pass"","6.18723882916586","0.048657609291301085","92.85","0.9"
"19:3590161:C>G","NM_133261.3:c.912C>G","NP_573568.1:p.Ile304Met","Unknown significance","null","missense_variant","6/6","null","304","MODERATE","18.71","null","0.000946396","gnomad_AF_nfe_pass"","6.665509441930986","0.03398018421985516","92.7","1.7"
"19:3590162:G>A","NM_133261.3:c.913G>A","NP_573568.1:p.Gly305Ser","Unknown significance","null","missense_variant","6/6","null","305","MODERATE","14.40","null","0.0346981","gnomad_AF_sas_pass"","22.821702647172827","0.2393562147148749","89.51","0.3"
"19:3590165:G>A","NM_133261.3:c.916G>A","NP_573568.1:p.Glu306Lys","Unknown significance","null","missense_variant","6/6","null","306","MODERATE","23.6","null","0.0160342","gnomad_AF_eas_pass"","92.33081427675172","0.47283469698697783","89.28","0.7"
"19:3590165:G>C","NM_133261.3:c.916G>C","NP_573568.1:p.Glu306Gln","Unknown significance","null","missense_variant","6/6","null","306","MODERATE","23.0","null","0.000974982","gnomad_AF_nfe_pass"","92.33081427675172","0.47283469698697783","89.28","0.1"
"19:3590168:G>A","NM_133261.3:c.919G>A","NP_573568.1:p.Ala307Thr","Unknown significance","null","missense_variant","6/6","null","307","MODERATE","23.3","null","0.00310039","gnomad_AF_amr_pass"","0.0410571215544513","3.2288092223058335E-4","88.06","0.4"
"19:3590172:G>C","NM_133261.3:c.923G>C","NP_573568.1:p.Arg308Thr","Unknown significance","null","missense_variant","6/6","null","308","MODERATE","22.5","null","0.000982318","gnomad_AF_nfe_pass"","166.8373282436954","0.6192334382046997","86.62","0.6"
"19:3590175:A>G","NM_133261.3:c.926A>G","NP_573568.1:p.Glu309Gly","Unknown significance","null","missense_variant","6/6","null","309","MODERATE","23.5","null","0","null"","153.19175237366855","0.7845092278444922","85.44","0.3"
"19:3590177:G>A","NM_133261.3:c.928G>A","NP_573568.1:p.Ala310Thr","Unknown significance","null","missense_variant","6/6","null","310","MODERATE","23.4","null","0.014373","gnomad_AF_sas_pass"","89.83465390763412","0.7064766063420597","82.5","0.1"
"19:3590178:C>A","NM_133261.3:c.929C>A","NP_573568.1:p.Ala310Asp","Unknown significance","null","missense_variant","6/6","null","310","MODERATE","23.5","null","0","null"","89.83465390763412","0.7064766063420597","82.5","0.1"
"19:3590181:G>A","NM_133261.3:c.932G>A","NP_573568.1:p.Cys311Tyr","Unknown significance","null","missense_variant","6/6","null","311","MODERATE","23.8","null","0.0121832","gnomad_AF_eas_pass"","35.523248562991576","0.22988226252956714","76.96","0.9"
"19:3590183:G>A","NM_133261.3:c.934G>A","NP_573568.1:p.Gly312Ser","Unknown significance","null","missense_variant","6/6","null","312","MODERATE","23.0","null","0.00105141","gnomad_AF_nfe_pass"","126.12274978811053","1.3227875433059844","60.22","0.1"
"19:3590184:G>T","NM_133261.3:c.935G>T","NP_573568.1:p.Gly312Val","Unknown significance","null","missense_variant","6/6","null","312","MODERATE","23.0","null","0","null"","126.12274978811053","1.3227875433059844","60.22","0.2"