{"applied_filters": "CONTAINS missense_variant[Consequence]"},,"Surface Area","Normalized SA","Confidence Score","|ddG|""Genomic Description (GRCh37)","HGVS Nucleotide Change","HGVS Protein Change","Variant Classification","Phenotype","Consequence","Exon","Intron","Protein Position","Impact","CADD Phred","Interpro Domain","Max MAF (%)","Max MAF Source","Surface Area","Normalized SA","Confidence Score","|ddG|"
"1:169435095:T>C","NM_006996.3:c.1486A>G","NP_008927.1:p.Thr496Ala","Unknown significance","Thiamine-responsive megaloblastic anemia; Megaloblastic anemia, thiamine-responsive, with diabetes mellitus and sensorineural deafness","missense_variant","6/6","null","496","MODERATE","12.56","null","0.00309847","gnomad_AF_nfe_pass"","136.99748918717864","0.8707231958184858","36.22","0.3"
"1:169435098:T>C","NM_006996.3:c.1483A>G","NP_008927.1:p.Thr495Ala","Likely benign","null","missense_variant","6/6","null","495","MODERATE","14.89","null","0","null"","126.30304847390262","0.8027518946610446","40.04","0.1"
"1:169435109:C>T","NM_006996.3:c.1472G>A","NP_008927.1:p.Ser491Asn","Unknown significance","null","missense_variant","6/6","null","491","MODERATE","20.7","null","0.00154902","gnomad_AF_nfe_pass"","85.91901969566987","0.6230205507447754","46.33","0.1"
"1:169435119:G>C","NM_006996.3:c.1462C>G","NP_008927.1:p.Pro488Ala","Likely benign","null","missense_variant","6/6","null","488","MODERATE","14.44","null","0.00326648","gnomad_AF_sas_pass"","71.30013304666032","0.45327452756810105","52.92","0.2"
"1:169435137:A>G","NM_006996.3:c.1444T>C","NP_008927.1:p.Cys482Arg","Likely benign","null","missense_variant","6/6","null","482","MODERATE","22.3","null","0.0114837","gnomad_AF_afr_pass"","50.60111845747655","0.3274559638571451","79.58","0.2"
"1:169435142:T>C","NM_006996.3:c.1439A>G","NP_008927.1:p.Lys480Arg","Unknown significance","null","missense_variant","6/6","null","480","MODERATE","21.5","null","0.00543656","gnomad_AF_eas_pass"","146.8643755512864","0.6204277002588153","82.1","0.4"
"1:169435145:A>G","NM_006996.3:c.1436T>C","NP_008927.1:p.Met479Thr","Unknown significance","Thiamine-responsive megaloblastic anemia; Megaloblastic anemia, thiamine-responsive, with diabetes mellitus and sensorineural deafness","missense_variant","6/6","null","479","MODERATE","18.25","null","0.00615157","gnomad_AF_afr_pass"","101.02902091201625","0.4665752422423956","83.58","0.6"
"1:169435149:C>A","NM_006996.3:c.1432G>T","NP_008927.1:p.Val478Phe","Likely benign","null","missense_variant","6/6","null","478","MODERATE","16.12","null","0.00289118","gnomad_AF_amr_pass"","34.994120780041264","0.20358189087353262","82.35","0.1"
"1:169435149:C>T","NM_006996.3:c.1432G>A","NP_008927.1:p.Val478Ile","Likely benign","null","missense_variant","6/6","null","478","MODERATE","11.23","null","0.00543656","gnomad_AF_eas_pass"","34.994120780041264","0.20358189087353262","82.35","0.3"
"1:169435160:C>T","NM_006996.3:c.1421G>A","NP_008927.1:p.Gly474Asp","Unknown significance","null","missense_variant","6/6","null","474","MODERATE","24.1","null","0.0326669","gnomad_AF_sas_pass"","0.0","0.0","85.61","0.5"
"1:169435169:A>T","NM_006996.3:c.1412T>A","NP_008927.1:p.Leu471Gln","Unknown significance","null","missense_variant","6/6","null","471","MODERATE","32","null","0.000880964","gnomad_AF_nfe_pass"","101.90454852012076","0.5284101559534816","92.6","1.8"
"1:169435182:C>T","NM_006996.3:c.1399G>A","NP_008927.1:p.Ala467Thr","Unknown significance","null","missense_variant","6/6","null","467","MODERATE","23.8","null","0.0170815","gnomad_AF_nfe_pass"","0.7416545797208377","0.005832511038534739","96.3","1.0"
"1:169435183:G>C","NM_006996.3:c.1398C>G","NP_008927.1:p.Ile466Met","Unknown significance","null","missense_variant","6/6","null","466","MODERATE","22.5","null","0.00326648","gnomad_AF_sas_pass"","0.026895474240070362","1.37110775600852E-4","96.22","1.6"
"1:169435210:C>A","NM_006996.3:c.1371G>T","NP_008927.1:p.Leu457Phe","Unknown significance","null","missense_variant","6/6","null","457","MODERATE","21.4","null","0.000885583","gnomad_AF_nfe_pass"","79.56057398110717","0.4125489579771266","96.51","0.2"
"1:169435214:A>T","NM_006996.3:c.1367T>A","NP_008927.1:p.Phe456Tyr","Unknown significance","null","missense_variant&splice_region_variant","6/6","null","456","MODERATE","28.3","null","0.00615688","gnomad_AF_afr_pass"","0.0","0.0","96.88","1.5"
"1:169437360:T>C","NM_006996.3:c.1354A>G","NP_008927.1:p.Ile452Val","Unknown significance","null","missense_variant","5/6","null","452","MODERATE","23.1","null","0.00087991","gnomad_AF_nfe_pass"","0.0","0.0","93.13","0.6"
"1:169437374:C>A","NM_006996.3:c.1340G>T","NP_008927.1:p.Gly447Val","Unknown significance","null","missense_variant","5/6","null","447","MODERATE","23.4","null","0.00263964","gnomad_AF_nfe_pass"","35.27931028373801","0.37001280306809975","90.75","0.0"
"1:169437375:C>T","NM_006996.3:c.1339G>A","NP_008927.1:p.Gly447Ser","Unknown significance","null","missense_variant","5/6","null","447","MODERATE","29.3","null","0.0108731","gnomad_AF_eas_pass"","35.27931028373801","0.37001280306809975","90.75","0.4"
"1:169437387:C>T","NM_006996.3:c.1327G>A","NP_008927.1:p.Val443Ile","Unknown significance","Megaloblastic anemia, thiamine-responsive, with diabetes mellitus and sensorineural deafness","missense_variant","5/6","null","443","MODERATE","26.7","null","0.0947279","gnomad_AF_sas_pass"","0.0","0.0","95.02","0.0"
"1:169437389:A>C","NM_006996.3:c.1325T>G","NP_008927.1:p.Val442Gly","Unknown significance","null","missense_variant","5/6","null","442","MODERATE","28.5","null","0.0008796","gnomad_AF_nfe_pass"","13.348891697854292","0.07765854813146625","95.12","5.0"
"1:169437392:A>G","NM_006996.3:c.1322T>C","NP_008927.1:p.Ile441Thr","Benign","null","missense_variant","5/6","null","441","MODERATE","26.2","null","6.70243","gnomad_AF_eas_pass"","88.29914898434099","0.4501413395455527","95.96","1.6"
"1:169437396:G>C","NM_006996.3:c.1318C>G","NP_008927.1:p.Leu440Val","Likely benign","null","missense_variant","5/6","null","440","MODERATE","7.934","null","0.00615309","gnomad_AF_afr_pass"","86.77077066854645","0.449936309291605","96.49","0.2"
"1:169437399:T>A","NM_006996.3:c.1315A>T","NP_008927.1:p.Thr439Ser","Unknown significance","null","missense_variant","5/6","null","439","MODERATE","25.7","null","0.00653296","gnomad_AF_sas_pass"","0.0","0.0","96.4","1.5"
"1:169437401:A>G","NM_006996.3:c.1313T>C","NP_008927.1:p.Leu438Pro","Unknown significance","null","missense_variant","5/6","null","438","MODERATE","28.2","null","0.000879569","gnomad_AF_nfe_pass"","17.685625447393363","0.09170605470026488","95.97","4.1"
"1:169437402:G>A","NM_006996.3:c.1312C>T","NP_008927.1:p.Leu438Phe","Unknown significance","null","missense_variant","5/6","null","438","MODERATE","25.8","null","0.00175911","gnomad_AF_nfe_pass"","17.685625447393363","0.09170605470026488","95.97","0.8"
"1:169437407:G>A","NM_006996.3:c.1307C>T","NP_008927.1:p.Thr436Met","Unknown significance","null","missense_variant","5/6","null","436","MODERATE","26.7","null","0.0052776","gnomad_AF_nfe_pass"","28.90694870700583","0.1837256354759586","96.33","0.3"
"1:169437410:T>C","NM_006996.3:c.1304A>G","NP_008927.1:p.Gln435Arg","Unknown significance","null","missense_variant","5/6","null","435","MODERATE","26.5","null","0.0123047","gnomad_AF_afr_pass"","0.0","0.0","97.21","0.1"
"1:169437423:C>A","NM_006996.3:c.1291G>T","NP_008927.1:p.Ala431Ser","Unknown significance","null","missense_variant","5/6","null","431","MODERATE","28.0","null","0.0649497","gnomad_AF_amr_pass"","0.0","0.0","96.58","1.8"
"1:169437423:C>T","NM_006996.3:c.1291G>A","NP_008927.1:p.Ala431Thr","Unknown significance","null","missense_variant","5/6","null","431","MODERATE","29.7","null","0.00087943","gnomad_AF_nfe_pass"","0.0","0.0","96.58","1.5"
"1:169437426:T>C","NM_006996.3:c.1288A>G","NP_008927.1:p.Ile430Val","Unknown significance","null","missense_variant","5/6","null","430","MODERATE","18.18","null","0.00543715","gnomad_AF_eas_pass"","61.58058855248697","0.3139324550674422","94.27","0.1"
"1:169437428:A>G","NM_006996.3:c.1286T>C","NP_008927.1:p.Phe429Ser","Unknown significance","null","missense_variant","5/6","null","429","MODERATE","31","null","0.000879446","gnomad_AF_nfe_pass"","87.00229074157582","0.378681814330735","92.3","2.6"
"1:169437434:T>C","NM_006996.3:c.1280A>G","NP_008927.1:p.Asn427Ser","Unknown significance","null","missense_variant","5/6","null","427","MODERATE","25.8","null","0.00543715","gnomad_AF_eas_pass"","0.06297115631269151","3.939955129802558E-4","92.09","0.6"
"1:169437438:C>T","NM_006996.3:c.1276G>A","NP_008927.1:p.Val426Ile","Likely benign","Monogenic diabetes","missense_variant","5/6","null","426","MODERATE","22.5","null","0.00351815","gnomad_AF_nfe_pass"","27.21104857407466","0.1583030691407224","88.55","0.4"
"1:169437453:C>A","NM_006996.3:c.1261G>T","NP_008927.1:p.Ala421Ser","Unknown significance","null","missense_variant","5/6","null","421","MODERATE","28.1","null","0.00289553","gnomad_AF_amr_pass"","56.1154153204823","0.44130217521459836","75.43","0.5"
"1:169437455:T>C","NM_006996.3:c.1259A>G","NP_008927.1:p.Tyr420Cys","Unknown significance","null","missense_variant","5/6","null","420","MODERATE","29.2","null","0.00543715","gnomad_AF_eas_pass"","79.35128731967549","0.33075202545201","75.17","1.7"
"1:169437458:C>T","NM_006996.3:c.1256G>A","NP_008927.1:p.Arg419His","Pathogenic","Megaloblastic anaemia, thiamine responsive","missense_variant","5/6","null","419","MODERATE","32","null","0.00869112","gnomad_AF_amr_pass"","37.8346402083281","0.14042705302268663","73.21","0.2"
"1:169437459:G>A","NM_006996.3:c.1255C>T","NP_008927.1:p.Arg419Cys","Unknown significance","null","missense_variant","5/6","null","419","MODERATE","26.4","null","0.00326883","gnomad_AF_sas_pass"","37.8346402083281","0.14042705302268663","73.21","0.4"
"1:169437463:C>T","NM_006996.3:c.1251G>A","NP_008927.1:p.Met417Ile","Unknown significance","null","missense_variant","5/6","null","417","MODERATE","27.4","null","0.00653979","gnomad_AF_sas_pass"","130.78722069222832","0.6040054493829922","66.86","0.0"
"1:169437465:T>C","NM_006996.3:c.1249A>G","NP_008927.1:p.Met417Val","Unknown significance","null","missense_variant","5/6","null","417","MODERATE","20.5","null","0.0017596","gnomad_AF_nfe_pass"","130.78722069222832","0.6040054493829922","66.86","0.0"
"1:169437467:C>A","NM_006996.3:c.1247G>T","NP_008927.1:p.Ser416Ile","Unknown significance","null","missense_variant","5/6","null","416","MODERATE","27.3","null","0.000879863","gnomad_AF_nfe_pass"","78.0192939307593","0.5657376404622769","75.08","0.2"
"1:169437476:G>C","NM_006996.3:c.1238C>G","NP_008927.1:p.Ala413Gly","Unknown significance","null","missense_variant","5/6","null","413","MODERATE","25.4","null","0.00327182","gnomad_AF_sas_pass"","74.62216060304584","0.5868426991988661","83.22","0.7"
"1:169437477:C>T","NM_006996.3:c.1237G>A","NP_008927.1:p.Ala413Thr","Unknown significance","null","missense_variant","5/6","null","413","MODERATE","20.7","null","0.0061546","gnomad_AF_afr_pass"","74.62216060304584","0.5868426991988661","83.22","0.0"
"1:169437482:A>T","NM_006996.3:c.1232T>A","NP_008927.1:p.Ile411Asn","Unknown significance","null","missense_variant","5/6","null","411","MODERATE","30","null","0.000880855","gnomad_AF_nfe_pass"","0.0","0.0","87.48","4.8"
"1:169437882:G>A","NM_006996.3:c.1223C>T","NP_008927.1:p.Thr408Ile","Unknown significance","null","missense_variant&splice_region_variant","4/6","null","408","MODERATE","31","null","0.00615385","gnomad_AF_afr_pass"","52.97766158164812","0.3367133154997996","91.06","0.7"
"1:169437883:T>A","NM_006996.3:c.1222A>T","NP_008927.1:p.Thr408Ser","Unknown significance","null","missense_variant&splice_region_variant","4/6","null","408","MODERATE","32","null","0.000880375","gnomad_AF_nfe_pass"","52.97766158164812","0.3367133154997996","91.06","0.4"
"1:169437883:T>C","NM_006996.3:c.1222A>G","NP_008927.1:p.Thr408Ala","Unknown significance","null","missense_variant&splice_region_variant","4/6","null","408","MODERATE","27.6","null","0.000880375","gnomad_AF_nfe_pass"","52.97766158164812","0.3367133154997996","91.06","0.2"
"1:169437891:G>A","NM_006996.3:c.1214C>T","NP_008927.1:p.Thr405Met","Unknown significance","null","missense_variant","4/6","null","405","MODERATE","29.0","null","0.0123077","gnomad_AF_afr_pass"","27.192005224410373","0.17282586586212723","91.86","0.2"
"1:169437891:G>C","NM_006996.3:c.1214C>G","NP_008927.1:p.Thr405Arg","Unknown significance","null","missense_variant","4/6","null","405","MODERATE","27.7","null","0.00615385","gnomad_AF_afr_pass"","27.192005224410373","0.17282586586212723","91.86","1.0"
"1:169437892:T>C","NM_006996.3:c.1213A>G","NP_008927.1:p.Thr405Ala","Pathogenic","Diabetes mellitus, neonatal","missense_variant","4/6","null","405","MODERATE","26.8","null","0.140365","gnomad_AF_eas_pass"","27.192005224410373","0.17282586586212723","91.86","0.4"
"1:169437904:T>C","NM_006996.3:c.1201A>G","NP_008927.1:p.Met401Val","Unknown significance","null","missense_variant","4/6","null","401","MODERATE","24.9","null","0.00400641","gnomad_AF_afr_pass"","43.46383347528142","0.200725974076035","95.47","0.1"
"1:169437906:T>C","NM_006996.3:c.1199A>G","NP_008927.1:p.Tyr400Cys","Unknown significance","null","missense_variant","4/6","null","400","MODERATE","29.0","null","0.00615385","gnomad_AF_afr_pass"","9.58730131156413","0.039961788075897786","97.5","3.0"
"1:169437918:A>G","NM_006996.3:c.1187T>C","NP_008927.1:p.Phe396Ser","Unknown significance","null","missense_variant","4/6","null","396","MODERATE","30","null","0","null"","0.0","0.0","98.04","5.6"
"1:169437925:C>T","NM_006996.3:c.1180G>A","NP_008927.1:p.Val394Ile","Likely benign","null","missense_variant","4/6","null","394","MODERATE","18.02","null","0.0641026","gnomad_AF_eas_pass"","21.524604400718477","0.12522159627174556","98.07","0.3"
"1:169437927:T>A","NM_006996.3:c.1178A>T","NP_008927.1:p.Tyr393Phe","Unknown significance","null","missense_variant","4/6","null","393","MODERATE","23.2","null","0.00868106","gnomad_AF_amr_pass"","0.0018828307804263447","7.848015013298828E-6","98.1","0.1"
"1:169437927:T>C","NM_006996.3:c.1178A>G","NP_008927.1:p.Tyr393Cys","Unknown significance","null","missense_variant","4/6","null","393","MODERATE","24.0","null","0.0200481","gnomad_AF_eas_pass"","0.0018828307804263447","7.848015013298828E-6","98.1","3.0"
"1:169437928:A>G","NM_006996.3:c.1177T>C","NP_008927.1:p.Tyr393His","Unknown significance","null","missense_variant","4/6","null","393","MODERATE","26.0","null","0","null"","0.0018828307804263447","7.848015013298828E-6","98.1","2.8"
"1:169437934:C>T","NM_006996.3:c.1171G>A","NP_008927.1:p.Ala391Thr","Likely benign","null","missense_variant","4/6","null","391","MODERATE","21.4","null","0.00616067","gnomad_AF_nfe_pass"","62.581777595646834","0.4921548637576367","97.67","0.2"
"1:169437943:C>T","NM_006996.3:c.1162G>A","NP_008927.1:p.Val388Met","Unknown significance","null","missense_variant","4/6","null","388","MODERATE","22.7","null","0.00326755","gnomad_AF_sas_pass"","56.66352951583862","0.32964590123327137","96.53","0.5"
"1:169437951:T>C","NM_006996.3:c.1154A>G","NP_008927.1:p.Asn385Ser","Likely benign","null","missense_variant","4/6","null","385","MODERATE","16.61","null","0","null"","87.19229049260203","0.5455413753238079","93.2","0.0"
"1:169437952:T>A","NM_006996.3:c.1153A>T","NP_008927.1:p.Asn385Tyr","Unknown significance","null","missense_variant","4/6","null","385","MODERATE","24.1","null","0.0065368","gnomad_AF_sas_pass"","87.19229049260203","0.5455413753238079","93.2","0.4"
"1:169437957:A>T","NM_006996.3:c.1148T>A","NP_008927.1:p.Val383Glu","Pathogenic","Megaloblastic anaemia, thiamine responsive, without diabetes","missense_variant","4/6","null","383","MODERATE","19.24","null","0","null"","76.26486530740544","0.44367868488789536","91.32","0.9"
"1:169437960:G>A","NM_006996.3:c.1145C>T","NP_008927.1:p.Thr382Ile","Unknown significance","null","missense_variant","4/6","null","382","MODERATE","19.56","null","0.00263954","gnomad_AF_nfe_pass"","72.59288893996052","0.4613829977944909","92.5","0.7"
"1:169437966:A>G","NM_006996.3:c.1139T>C","NP_008927.1:p.Met380Thr","Unknown significance","null","missense_variant","4/6","null","380","MODERATE","26.8","null","0.0200288","gnomad_AF_afr_pass"","0.0","0.0","96.02","2.3"
"1:169437967:T>C","NM_006996.3:c.1138A>G","NP_008927.1:p.Met380Val","Unknown significance","null","missense_variant","4/6","null","380","MODERATE","24.6","null","0.00289201","gnomad_AF_amr_pass"","0.0","0.0","96.02","0.0"
"1:169437970:T>C","NM_006996.3:c.1135A>G","NP_008927.1:p.Ile379Val","Likely benign","null","missense_variant","4/6","null","379","MODERATE","10.72","null","0.00087974","gnomad_AF_nfe_pass"","73.13782017126732","0.3728502111518026","97.27","0.3"
"1:169437972:T>C","NM_006996.3:c.1133A>G","NP_008927.1:p.Tyr378Cys","Unknown significance","null","missense_variant","4/6","null","378","MODERATE","24.5","null","0.00543715","gnomad_AF_eas_pass"","122.74070628542847","0.5116077959235525","97.6","0.7"
"1:169437981:G>A","NM_006996.3:c.1124C>T","NP_008927.1:p.Ala375Val","Unknown significance","null","missense_variant","4/6","null","375","MODERATE","22.4","null","0.0217486","gnomad_AF_eas_pass"","41.195952773285214","0.32397271703436764","98.05","0.9"
"1:169437981:G>C","NM_006996.3:c.1124C>G","NP_008927.1:p.Ala375Gly","Unknown significance","null","missense_variant","4/6","null","375","MODERATE","17.31","null","0.00615309","gnomad_AF_afr_pass"","41.195952773285214","0.32397271703436764","98.05","0.7"
"1:169437984:G>A","NM_006996.3:c.1121C>T","NP_008927.1:p.Ala374Val","Unknown significance","null","missense_variant","4/6","null","374","MODERATE","31","null","0.000879538","gnomad_AF_nfe_pass"","3.2386142140338574","0.025469071006098264","98.09","0.4"
"1:169437996:G>A","NM_006996.3:c.1109C>T","NP_008927.1:p.Ser370Phe","Unknown significance","null","missense_variant","4/6","null","370","MODERATE","25.4","null","0.00289168","gnomad_AF_amr_pass"","0.0","0.0","96.71","2.6"
"1:169438003:G>A","NM_006996.3:c.1102C>T","NP_008927.1:p.Leu368Phe","Likely benign","null","missense_variant","4/6","null","368","MODERATE","16.85","null","0.00615385","gnomad_AF_afr_pass"","99.06041852448718","0.5136623630789764","95.07","0.2"
"1:169438006:A>G","NM_006996.3:c.1099T>C","NP_008927.1:p.Ser367Pro","Unknown significance","null","missense_variant","4/6","null","367","MODERATE","23.2","null","0.00543715","gnomad_AF_eas_pass"","1.2539469151402725","0.009092686350968424","94.01","0.2"
"1:169438007:T>G","NM_006996.3:c.1098A>C","NP_008927.1:p.Leu366Phe","Unknown significance","null","missense_variant","4/6","null","366","MODERATE","22.9","null","0.00543715","gnomad_AF_eas_pass"","0.0","0.0","92.78","1.2"
"1:169438011:G>A","NM_006996.3:c.1094C>T","NP_008927.1:p.Thr365Ile","Likely benign","null","missense_variant","4/6","null","365","MODERATE","17.52","null","0.000879678","gnomad_AF_nfe_pass"","7.957507948722492","0.05057601269170636","90.75","2.1"
"1:169438012:T>A","NM_006996.3:c.1093A>T","NP_008927.1:p.Thr365Ser","Benign","null","missense_variant","4/6","null","365","MODERATE","14.71","null","1.49308","gnomad_AF_amr_pass"","7.957507948722492","0.05057601269170636","90.75","0.8"
"1:169438012:T>C","NM_006996.3:c.1093A>G","NP_008927.1:p.Thr365Ala","Likely benign","null","missense_variant","4/6","null","365","MODERATE","10.44","null","0.0061546","gnomad_AF_afr_pass"","7.957507948722492","0.05057601269170636","90.75","0.2"
"1:169438013:C>A","NM_006996.3:c.1092G>T","NP_008927.1:p.Met364Ile","Unknown significance","null","missense_variant","4/6","null","364","MODERATE","19.17","null","0.00289184","gnomad_AF_amr_pass"","51.174359860132995","0.2363349573498759","88.68","0.5"
"1:169438035:G>C","NM_006996.3:c.1070C>G","NP_008927.1:p.Ser357Cys","Unknown significance","null","missense_variant","4/6","null","357","MODERATE","23.2","null","0.000880142","gnomad_AF_nfe_pass"","90.81143994442768","0.65849672783167","81.72","0.1"
"1:169438042:T>G","NM_006996.3:c.1063A>C","NP_008927.1:p.Lys355Gln","Pathogenic","Diabetes, early-onset","missense_variant","4/6","null","355","MODERATE","24.1","null","0.00847123","gnomad_AF_amr_pass"","216.03881526674743","0.9126547184737824","81.59","0.1"
"1:169438050:C>A","NM_006996.3:c.1055G>T","NP_008927.1:p.Gly352Val","Unknown significance","null","missense_variant","4/6","null","352","MODERATE","26.2","null","0.00326712","gnomad_AF_sas_pass"","66.02131970151547","0.6924379577872108","84.81","0.1"
"1:169438053:A>G","NM_006996.3:c.1052T>C","NP_008927.1:p.Val351Ala","Pathogenic","Megaloblastic anaemia, thiamine responsive","missense_variant","4/6","null","351","MODERATE","23.6","null","0.135325","gnomad_AF_eas_pass"","6.804070597186348","0.03958337934874584","89.43","1.6"
"1:169438054:C>T","NM_006996.3:c.1051G>A","NP_008927.1:p.Val351Ile","Unknown significance","null","missense_variant","4/6","null","351","MODERATE","22.9","null","0","null"","6.804070597186348","0.03958337934874584","89.43","0.0"
"1:169438071:G>A","NM_006996.3:c.1034C>T","NP_008927.1:p.Ala345Val","Unknown significance","null","missense_variant","4/6","null","345","MODERATE","28.2","null","0.0641026","gnomad_AF_eas_pass"","25.237520577250315","0.1984726062198202","92.81","0.4"
"1:169438072:C>T","NM_006996.3:c.1033G>A","NP_008927.1:p.Ala345Thr","Unknown significance","null","missense_variant&splice_region_variant","4/6","null","345","MODERATE","29.8","null","0.00579307","gnomad_AF_amr_pass"","25.237520577250315","0.1984726062198202","92.81","0.7"
"1:169439202:C>A","NM_006996.3:c.1030G>T","NP_008927.1:p.Gly344Cys","Unknown significance","null","missense_variant&splice_region_variant","3/6","null","344","MODERATE","34","null","0.00175991","gnomad_AF_nfe_pass"","0.0","0.0","95.11","0.6"
"1:169439202:C>T","NM_006996.3:c.1030G>A","NP_008927.1:p.Gly344Ser","Unknown significance","null","missense_variant&splice_region_variant","3/6","null","344","MODERATE","32","null","0","gnomad_AF_afr_pass,gnomad_AF_amr_pass,gnomad_AF_eas_pass,gnomad_AF_nfe_pass,gnomad_AF_sas_pass"","0.0","0.0","95.11","0.1"
"1:169439204:A>C","NM_006996.3:c.1028T>G","NP_008927.1:p.Leu343Arg","Unknown significance","null","missense_variant&splice_region_variant","3/6","null","343","MODERATE","28.2","null","0.00846836","gnomad_AF_amr_pass"","76.0109785385176","0.3941430839643471","96.12","1.6"
"1:169439208:A>C","NM_006996.3:c.1024T>G","NP_008927.1:p.Leu342Val","Unknown significance","null","missense_variant","3/6","null","342","MODERATE","21.5","null","0.000879662","gnomad_AF_nfe_pass"","79.48584980560818","0.41216148740979347","95.05","0.4"
"1:169439217:C>T","NM_006996.3:c.1015G>A","NP_008927.1:p.Val339Ile","Unknown significance","null","missense_variant","3/6","null","339","MODERATE","18.54","null","0.0451128","gnomad_AF_eas_pass"","73.78548674754711","0.42925464553054304","97.02","0.1"
"1:169439220:C>T","NM_006996.3:c.1012G>A","NP_008927.1:p.Ala338Thr","Unknown significance","null","missense_variant","3/6","null","338","MODERATE","25.0","null","0.00543656","gnomad_AF_eas_pass"","0.30075391370427457","0.0023651853160847145","96.51","1.0"
"1:169439225:A>G","NM_006996.3:c.1007T>C","NP_008927.1:p.Val336Ala","Unknown significance","null","missense_variant","3/6","null","336","MODERATE","26.0","null","0.00326627","gnomad_AF_sas_pass"","17.192842273272852","0.10002112530512804","97.04","2.5"
"1:169439226:C>A","NM_006996.3:c.1006G>T","NP_008927.1:p.Val336Leu","Unknown significance","null","missense_variant","3/6","null","336","MODERATE","27.0","null","0.0480731","gnomad_AF_afr_pass"","17.192842273272852","0.10002112530512804","97.04","1.0"
"1:169439226:C>G","NM_006996.3:c.1006G>C","NP_008927.1:p.Val336Leu","Unknown significance","null","missense_variant","3/6","null","336","MODERATE","26.8","null","0","null"","17.192842273272852","0.10002112530512804","97.04","1.0"
"1:169439226:C>T","NM_006996.3:c.1006G>A","NP_008927.1:p.Val336Met","Unknown significance","null","missense_variant","3/6","null","336","MODERATE","27.8","null","0.00154868","gnomad_AF_nfe_pass"","17.192842273272852","0.10002112530512804","97.04","1.3"
"1:169439229:C>A","NM_006996.3:c.1003G>T","NP_008927.1:p.Gly335Cys","Unknown significance","null","missense_variant","3/6","null","335","MODERATE","27.0","null","0.00578235","gnomad_AF_amr_pass"","20.747669696807918","0.21760355743648524","96.13","0.7"
"1:169439231:C>T","NM_006996.3:c.1001G>A","NP_008927.1:p.Gly334Asp","Likely pathogenic","Megaloblastic anaemia, thiamine responsive","missense_variant","3/6","null","334","MODERATE","28.2","null","0.00351679","gnomad_AF_nfe_pass"","0.0","0.0","95.61","1.9"
"1:169439241:T>A","NM_006996.3:c.991A>T","NP_008927.1:p.Ile331Phe","Unknown significance","null","missense_variant","3/6","null","331","MODERATE","24.0","null","0.0160244","gnomad_AF_afr_pass"","6.9505085516773395","0.03543308475747262","89.59","0.4"
"1:169439241:T>C","NM_006996.3:c.991A>G","NP_008927.1:p.Ile331Val","Unknown significance","null","missense_variant","3/6","null","331","MODERATE","15.61","null","0.00175852","gnomad_AF_nfe_pass"","6.9505085516773395","0.03543308475747262","89.59","0.2"
"1:169439241:T>G","NM_006996.3:c.991A>C","NP_008927.1:p.Ile331Leu","Unknown significance","null","missense_variant","3/6","null","331","MODERATE","23.4","null","0.00263778","gnomad_AF_nfe_pass"","6.9505085516773395","0.03543308475747262","89.59","0.2"
"1:169439252:C>A","NM_006996.3:c.980G>T","NP_008927.1:p.Arg327Leu","Unknown significance","Monogenic diabetes","missense_variant","3/6","null","327","MODERATE","22.8","null","0.000879384","gnomad_AF_nfe_pass"","101.85305682308838","0.37803781223404387","75.94","0.5"
"1:169439252:C>T","NM_006996.3:c.980G>A","NP_008927.1:p.Arg327His","Likely pathogenic","Schizophrenia","missense_variant","3/6","null","327","MODERATE","19.68","null","0.0130651","gnomad_AF_sas_pass"","101.85305682308838","0.37803781223404387","75.94","0.1"
"1:169439253:G>A","NM_006996.3:c.979C>T","NP_008927.1:p.Arg327Cys","Unknown significance","null","missense_variant","3/6","null","327","MODERATE","29.3","null","0.0225772","gnomad_AF_amr_pass"","101.85305682308838","0.37803781223404387","75.94","0.8"
"1:169439255:G>A","NM_006996.3:c.977C>T","NP_008927.1:p.Ser326Phe","Unknown significance","null","missense_variant","3/6","null","326","MODERATE","27.1","null","0.00326627","gnomad_AF_sas_pass"","24.503646963586228","0.17768214396047655","81.46","0.4"
"1:169439255:G>T","NM_006996.3:c.977C>A","NP_008927.1:p.Ser326Tyr","Unknown significance","null","missense_variant","3/6","null","326","MODERATE","26.2","null","0.0120173","gnomad_AF_afr_pass"","24.503646963586228","0.17768214396047655","81.46","0.9"
"1:169439258:G>A","NM_006996.3:c.974C>T","NP_008927.1:p.Pro325Leu","Unknown significance","null","missense_variant","3/6","null","325","MODERATE","31","null","0.00289118","gnomad_AF_amr_pass"","45.369894005978814","0.2884288765340267","84.97","0.1"
"1:169439259:G>A","NM_006996.3:c.973C>T","NP_008927.1:p.Pro325Ser","Unknown significance","null","missense_variant","3/6","null","325","MODERATE","24.3","null","0.00543656","gnomad_AF_eas_pass"","45.369894005978814","0.2884288765340267","84.97","0.6"
"1:169439259:G>C","NM_006996.3:c.973C>G","NP_008927.1:p.Pro325Ala","Unknown significance","null","missense_variant","3/6","null","325","MODERATE","23.7","null","0.000879538","gnomad_AF_nfe_pass"","45.369894005978814","0.2884288765340267","84.97","0.5"
"1:169439265:C>T","NM_006996.3:c.967G>A","NP_008927.1:p.Val323Met","Unknown significance","null","missense_variant","3/6","null","323","MODERATE","26.6","null","0.000879523","gnomad_AF_nfe_pass"","48.24078463392049","0.280645718025804","91.98","0.2"
"1:169439267:T>G","NM_006996.3:c.965A>C","NP_008927.1:p.Lys322Thr","Likely benign","null","missense_variant","3/6","null","322","MODERATE","17.91","null","0","null"","75.8270496669412","0.3203309302591402","91.27","0.5"
"1:169439271:C>T","NM_006996.3:c.961G>A","NP_008927.1:p.Glu321Lys","Unknown significance","null","missense_variant","3/6","null","321","MODERATE","32","null","0.00351871","gnomad_AF_nfe_pass"","3.463202622623762","0.017735383095014365","92.68","0.1"
"1:169439274:A>C","NM_006996.3:c.958T>G","NP_008927.1:p.Trp320Gly","Pathogenic","Diabetes, permanent neonatal","missense_variant","3/6","null","320","MODERATE","31","null","0","null"","0.0349679353672905","1.3329842807702254E-4","95.29","6.5"
"1:169439285:G>A","NM_006996.3:c.947C>T","NP_008927.1:p.Thr316Ile","Unknown significance","null","missense_variant","3/6","null","316","MODERATE","21.5","null","0.00615233","gnomad_AF_afr_pass"","0.0","0.0","96.07","2.6"
"1:169439295:C>A","NM_006996.3:c.937G>T","NP_008927.1:p.Val313Leu","Unknown significance","null","missense_variant","3/6","null","313","MODERATE","16.59","null","0","null"","43.90259765182483","0.25540786980754865","96.11","0.1"
"1:169439297:A>C","NM_006996.3:c.935T>G","NP_008927.1:p.Val312Gly","Unknown significance","null","missense_variant","3/6","null","312","MODERATE","30","null","0.00289268","gnomad_AF_amr_pass"","0.0","0.0","97.52","5.3"
"1:169439303:A>G","NM_006996.3:c.929T>C","NP_008927.1:p.Phe310Ser","Unknown significance","null","missense_variant","3/6","null","310","MODERATE","23.0","null","0.0008796","gnomad_AF_nfe_pass"","39.48701358099636","0.17186919813145188","96.18","2.7"
"1:169439306:T>C","NM_006996.3:c.926A>G","NP_008927.1:p.Tyr309Cys","Unknown significance","null","missense_variant","3/6","null","309","MODERATE","29.4","null","0","gnomad_AF_afr_pass,gnomad_AF_amr_pass,gnomad_AF_eas_pass,gnomad_AF_nfe_pass"","11.055020566885474","0.046079535284418265","97.93","2.2"
"1:169439306:T>G","NM_006996.3:c.926A>C","NP_008927.1:p.Tyr309Ser","Unknown significance","null","missense_variant","3/6","null","309","MODERATE","29.2","null","0.000879616","gnomad_AF_nfe_pass"","11.055020566885474","0.046079535284418265","97.93","3.6"
"1:169439307:A>T","NM_006996.3:c.925T>A","NP_008927.1:p.Tyr309Asn","Unknown significance","null","missense_variant","3/6","null","309","MODERATE","29.0","null","0.00289235","gnomad_AF_amr_pass"","11.055020566885474","0.046079535284418265","97.93","3.4"
"1:169439309:C>T","NM_006996.3:c.923G>A","NP_008927.1:p.Gly308Asp","Unknown significance","null","missense_variant","3/6","null","308","MODERATE","29.5","null","0.00615233","gnomad_AF_afr_pass"","0.0","0.0","97.14","1.2"
"1:169439321:A>G","NM_006996.3:c.911T>C","NP_008927.1:p.Leu304Pro","Unknown significance","null","missense_variant","3/6","null","304","MODERATE","29.6","null","0.00543656","gnomad_AF_eas_pass"","36.10984475190769","0.18724197274711543","97.07","3.3"
"1:169439324:G>A","NM_006996.3:c.908C>T","NP_008927.1:p.Ala303Val","Unknown significance","null","missense_variant","3/6","null","303","MODERATE","29.6","null","0.000879662","gnomad_AF_nfe_pass"","1.3723676484466993","0.010792557178715476","96.44","0.6"
"1:169439336:G>A","NM_006996.3:c.896C>T","NP_008927.1:p.Ser299Phe","Unknown significance","null","missense_variant","3/6","null","299","MODERATE","31","null","0.00326648","gnomad_AF_sas_pass"","4.644052716279181","0.03367520126780314","92.39","1.4"
"1:169439352:G>C","NM_006996.3:c.880C>G","NP_008927.1:p.Pro294Ala","Unknown significance","null","missense_variant","3/6","null","294","MODERATE","19.12","null","0","gnomad_AF_afr_pass,gnomad_AF_amr_pass,gnomad_AF_eas_pass,gnomad_AF_nfe_pass,gnomad_AF_sas_pass"","58.15713261470515","0.3697208642429122","83.52","0.2"
"1:169439354:C>T","NM_006996.3:c.878G>A","NP_008927.1:p.Arg293His","Unknown significance","null","missense_variant","3/6","null","293","MODERATE","25.7","null","0.00653296","gnomad_AF_sas_pass"","184.74322603617603","0.6856929695991598","82.96","0.1"
"1:169439355:G>A","NM_006996.3:c.877C>T","NP_008927.1:p.Arg293Cys","Unknown significance","null","missense_variant","3/6","null","293","MODERATE","32","null","0.0008796","gnomad_AF_nfe_pass"","184.74322603617603","0.6856929695991598","82.96","0.3"
"1:169439361:A>C","NM_006996.3:c.871T>G","NP_008927.1:p.Ser291Ala","Unknown significance","null","missense_variant","3/6","null","291","MODERATE","23.5","null","0.00615233","gnomad_AF_afr_pass"","69.88785491442081","0.5067745187663938","82.39","0.0"
"1:169439363:T>C","NM_006996.3:c.869A>G","NP_008927.1:p.Tyr290Cys","Unknown significance","null","missense_variant","3/6","null","290","MODERATE","28.5","null","0.00543656","gnomad_AF_eas_pass"","28.628596298909255","0.11932971135761627","82.35","2.5"
"1:169439369:A>G","NM_006996.3:c.863T>C","NP_008927.1:p.Met288Thr","Likely benign","null","missense_variant","3/6","null","288","MODERATE","14.57","null","0.000879554","gnomad_AF_nfe_pass"","136.4054771518141","0.6299518491891825","76.25","0.3"
"1:169439370:T>C","NM_006996.3:c.862A>G","NP_008927.1:p.Met288Val","Likely benign","null","missense_variant","3/6","null","288","MODERATE","9.187","null","0","null"","136.4054771518141","0.6299518491891825","76.25","0.0"
"1:169439376:A>G","NM_006996.3:c.856T>C","NP_008927.1:p.Phe286Leu","Unknown significance","null","missense_variant","3/6","null","286","MODERATE","22.3","null","0.000879585","gnomad_AF_nfe_pass"","48.30175563755576","0.21023580303786987","79.91","0.3"
"1:169439387:A>G","NM_006996.3:c.845T>C","NP_008927.1:p.Leu282Pro","Unknown significance","Thiamine-responsive megaloblastic anemia; Megaloblastic anemia, thiamine-responsive, with diabetes mellitus and sensorineural deafness","missense_variant","3/6","null","282","MODERATE","28.3","null","0","null"","77.37921782431228","0.4012378755598929","76.85","1.9"
"1:169439395:C>A","NM_006996.3:c.837G>T","NP_008927.1:p.Leu279Phe","Likely benign","null","missense_variant","3/6","null","279","MODERATE","20.6","null","0.000879616","gnomad_AF_nfe_pass"","122.68924040162368","0.6361859367016932","75.31","0.1"
"1:169439406:G>A","NM_006996.3:c.826C>T","NP_008927.1:p.Leu276Phe","Likely benign","null","missense_variant","3/6","null","276","MODERATE","16.72","null","0.00579274","gnomad_AF_amr_pass"","114.5893211563315","0.5941850677142765","69.38","0.1"
"1:169439408:C>A","NM_006996.3:c.824G>T","NP_008927.1:p.Arg275Leu","Unknown significance","Monogenic diabetes","missense_variant","3/6","null","275","MODERATE","16.11","null","0.336592","gnomad_AF_afr_pass"","241.1816654589729","0.895169884978898","66.58","0.2"
"1:169439408:C>T","NM_006996.3:c.824G>A","NP_008927.1:p.Arg275His","Likely benign","null","missense_variant","3/6","null","275","MODERATE","17.02","null","0.0173822","gnomad_AF_amr_pass"","241.1816654589729","0.895169884978898","66.58","0.0"
"1:169439409:G>A","NM_006996.3:c.823C>T","NP_008927.1:p.Arg275Cys","Unknown significance","null","missense_variant","3/6","null","275","MODERATE","23.3","null","0.00653339","gnomad_AF_sas_pass"","241.1816654589729","0.895169884978898","66.58","0.0"
"1:169439418:T>G","NM_006996.3:c.814A>C","NP_008927.1:p.Lys272Gln","Unknown significance","null","missense_variant","3/6","null","272","MODERATE","15.66","null","0.00289922","gnomad_AF_amr_pass"","223.67678716455717","0.9449212863287264","36.75","0.1"
"1:169439420:G>T","NM_006996.3:c.812C>A","NP_008927.1:p.Pro271His","Likely benign","null","missense_variant","3/6","null","271","MODERATE","16.41","null","0.0008807","gnomad_AF_nfe_pass"","146.029392956833","0.9283489563791977","40.34","0.0"
"1:169446394:G>A","NM_006996.3:c.806C>T","NP_008927.1:p.Pro269Leu","Likely benign","null","missense_variant&splice_region_variant","2/6","null","269","MODERATE","12.39","null","0.00628457","gnomad_AF_afr_pass"","151.77677222957792","0.9648866248699884","32.77","0.0"
"1:169446395:G>A","NM_006996.3:c.805C>T","NP_008927.1:p.Pro269Ser","Unknown significance","null","missense_variant&splice_region_variant","2/6","null","269","MODERATE","14.29","null","0.00176264","gnomad_AF_nfe_pass"","151.77677222957792","0.9648866248699884","32.77","0.0"
"1:169446404:C>T","NM_006996.3:c.796G>A","NP_008927.1:p.Val266Met","Benign","null","missense_variant","2/6","null","266","MODERATE","0.002","null","2.46134","gnomad_AF_afr_pass"","134.6084014391584","0.7830981971142154","29.82","0.0"
"1:169446407:G>A","NM_006996.3:c.793C>T","NP_008927.1:p.Pro265Ser","Unknown significance","Megaloblastic anemia, thiamine-responsive, with diabetes mellitus and sensorineural deafness","missense_variant","2/6","null","265","MODERATE","13.49","null","0.0300722","gnomad_AF_eas_pass"","135.91125439465523","0.8640251707049362","29.22","0.1"
"1:169446410:G>A","NM_006996.3:c.790C>T","NP_008927.1:p.Pro264Ser","Likely benign","null","missense_variant","2/6","null","264","MODERATE","8.570","null","0.000880158","gnomad_AF_nfe_pass"","110.5120621721862","0.7025555301403553","27.79","0.1"
"1:169446418:A>G","NM_006996.3:c.782T>C","NP_008927.1:p.Met261Thr","Likely benign","null","missense_variant","2/6","null","261","MODERATE","9.907","null","0.0123808","gnomad_AF_afr_pass"","184.13402202794805","0.8503732408490379","27.66","0.1"
"1:169446425:G>T","NM_006996.3:c.775C>A","NP_008927.1:p.Leu259Ile","Unknown significance","null","missense_variant","2/6","null","259","MODERATE","17.92","null","0","gnomad_AF_afr_pass,gnomad_AF_amr_pass,gnomad_AF_eas_pass,gnomad_AF_nfe_pass,gnomad_AF_sas_pass"","201.85629258881502","1.0466943487413332","29.55","0.0"
"1:169446428:G>A","NM_006996.3:c.772C>T","NP_008927.1:p.Pro258Ser","Unknown significance","null","missense_variant","2/6","null","258","MODERATE","22.5","null","0.00326627","gnomad_AF_sas_pass"","120.82916200806017","0.76814416727401","26.84","0.0"
"1:169446438:C>A","NM_006996.3:c.762G>T","NP_008927.1:p.Glu254Asp","Likely benign","null","missense_variant","2/6","null","254","MODERATE","16.06","null","0.00326627","gnomad_AF_sas_pass"","92.71681266900461","0.47481143069465737","31.69","0.2"
"1:169446443:T>C","NM_006996.3:c.757A>G","NP_008927.1:p.Ile253Val","Likely benign","null","missense_variant","2/6","null","253","MODERATE","12.00","null","0.0123229","gnomad_AF_afr_pass"","97.73765193519502","0.49825800216883054","34.62","0.1"
"1:169446446:C>T","NM_006996.3:c.754G>A","NP_008927.1:p.Asp252Asn","Unknown significance","null","missense_variant","2/6","null","252","MODERATE","23.8","null","0.000879214","gnomad_AF_nfe_pass"","57.56594011844891","0.35983246463084917","31.53","0.1"
"1:169446447:C>A","NM_006996.3:c.753G>T","NP_008927.1:p.Glu251Asp","Unknown significance","null","missense_variant","2/6","null","251","MODERATE","18.36","null","0","null"","158.1846302633431","0.8100782204126827","33.0","0.0"
"1:169446450:C>G","NM_006996.3:c.750G>C","NP_008927.1:p.Trp250Cys","Unknown significance","null","missense_variant","2/6","null","250","MODERATE","25.0","null","0.0173461","gnomad_AF_amr_pass"","170.69467909187478","0.6506913309312079","32.61","0.1"
"1:169446455:C>T","NM_006996.3:c.745G>A","NP_008927.1:p.Gly249Ser","Unknown significance","null","missense_variant","2/6","null","249","MODERATE","19.49","null","0.00326627","gnomad_AF_sas_pass"","35.66026169021124","0.374008258098491","23.98","0.4"
"1:169446473:C>T","NM_006996.3:c.727G>A","NP_008927.1:p.Ala243Thr","Likely benign","null","missense_variant","2/6","null","243","MODERATE","13.52","null","0.00154847","gnomad_AF_nfe_pass"","88.82389663790673","0.6985278211607111","24.19","0.1"
"1:169446484:G>A","NM_006996.3:c.716C>T","NP_008927.1:p.Thr239Ile","Likely benign","null","missense_variant","2/6","null","239","MODERATE","12.20","null","0.00615385","gnomad_AF_afr_pass"","107.95936013419967","0.686163809514304","19.5","0.1"
"1:169446490:A>G","NM_006996.3:c.710T>C","NP_008927.1:p.Ile237Thr","Unknown significance","null","missense_variant","2/6","null","237","MODERATE","15.35","null","0.000879214","gnomad_AF_nfe_pass"","190.41082706789456","0.9706977444994266","21.92","0.0"
"1:169446497:C>T","NM_006996.3:c.703G>A","NP_008927.1:p.Gly235Ser","Unknown significance","null","missense_variant","2/6","null","235","MODERATE","22.7","null","0.00175852","gnomad_AF_nfe_pass"","70.58651872764268","0.7403182047261573","23.63","0.2"
"1:169446499:T>C","NM_006996.3:c.701A>G","NP_008927.1:p.Asn234Ser","Unknown significance","null","missense_variant","2/6","null","234","MODERATE","16.93","null","0.000879214","gnomad_AF_nfe_pass"","175.3356831720222","1.0970335702916332","24.0","0.0"
"1:169446512:T>A","NM_006996.3:c.688A>T","NP_008927.1:p.Ile230Phe","Pathogenic","Megaloblastic anaemia, thiamine responsive","missense_variant","2/6","null","230","MODERATE","21.3","null","0.0100647","gnomad_AF_nfe_pass"","138.41208799795524","0.7056127201378315","24.75","0.0"
"1:169446526:T>C","NM_006996.3:c.674A>G","NP_008927.1:p.Gln225Arg","Likely benign","null","missense_variant","2/6","null","225","MODERATE","13.47","null","0.0114758","gnomad_AF_afr_pass"","111.69005682281059","0.5647994774396913","26.05","0.2"
"1:169446528:G>C","NM_006996.3:c.672C>G","NP_008927.1:p.Cys224Trp","Unknown significance","null","missense_variant","2/6","null","224","MODERATE","19.54","null","0.000879291","gnomad_AF_nfe_pass"","84.2835694404375","0.5454258385935178","27.65","0.6"
"1:169446535:G>A","NM_006996.3:c.665C>T","NP_008927.1:p.Ser222Phe","Unknown significance","null","missense_variant","2/6","null","222","MODERATE","21.7","null","0.00326648","gnomad_AF_sas_pass"","73.77081417784895","0.5349308388383561","32.2","0.2"
"1:169446538:G>A","NM_006996.3:c.662C>T","NP_008927.1:p.Pro221Leu","Likely benign","null","missense_variant","2/6","null","221","MODERATE","13.74","null","0.00309693","gnomad_AF_nfe_pass"","85.1438385136592","0.5412827652419264","30.94","0.2"
"1:169446542:T>G","NM_006996.3:c.658A>C","NP_008927.1:p.Ile220Leu","Likely benign","null","missense_variant","2/6","null","220","MODERATE","1.717","null","0.000879229","gnomad_AF_nfe_pass"","107.41664262047274","0.5476006502309596","28.36","0.0"
"1:169446545:G>A","NM_006996.3:c.655C>T","NP_008927.1:p.His219Tyr","Unknown significance","null","missense_variant","2/6","null","219","MODERATE","24.1","null","0.0359289","gnomad_AF_sas_pass"","123.04950191535414","0.5990657842392147","35.69","0.2"
"1:169446547:T>C","NM_006996.3:c.653A>G","NP_008927.1:p.His218Arg","Unknown significance","null","missense_variant","2/6","null","218","MODERATE","25.0","null","0.00543656","gnomad_AF_eas_pass"","76.64970365002577","0.37316863631348357","33.57","0.6"
"1:169446548:G>A","NM_006996.3:c.652C>T","NP_008927.1:p.His218Tyr","Unknown significance","null","missense_variant","2/6","null","218","MODERATE","26.1","null","0.000879322","gnomad_AF_nfe_pass"","76.64970365002577","0.37316863631348357","33.57","0.2"
"1:169446548:G>T","NM_006996.3:c.652C>A","NP_008927.1:p.His218Asn","Unknown significance","null","missense_variant","2/6","null","218","MODERATE","26.1","null","0","null"","76.64970365002577","0.37316863631348357","33.57","0.7"
"1:169446551:A>C","NM_006996.3:c.649T>G","NP_008927.1:p.Phe217Val","Unknown significance","null","missense_variant","2/6","null","217","MODERATE","27.2","null","0.00615385","gnomad_AF_afr_pass"","141.33273546386528","0.6151577876122132","40.09","0.9"
"1:169446569:G>A","NM_006996.3:c.631C>T","NP_008927.1:p.Pro211Ser","Unknown significance","null","missense_variant","2/6","null","211","MODERATE","26.6","null","0.00326648","gnomad_AF_sas_pass"","1.2880743868950602","0.008188642632831346","69.3","0.6"
"1:169446570:C>T","NM_006996.3:c.630G>A","NP_008927.1:p.Met210Ile","Unknown significance","null","missense_variant","2/6","null","210","MODERATE","26.9","null","0.00289151","gnomad_AF_amr_pass"","51.6506160749295","0.2385344180274335","80.78","0.1"
"1:169446572:T>C","NM_006996.3:c.628A>G","NP_008927.1:p.Met210Val","Unknown significance","null","missense_variant","2/6","null","210","MODERATE","24.9","null","0.00543715","gnomad_AF_eas_pass"","51.6506160749295","0.2385344180274335","80.78","0.1"
"1:169446574:G>T","NM_006996.3:c.626C>A","NP_008927.1:p.Pro209His","Unknown significance","null","missense_variant","2/6","null","209","MODERATE","27.3","null","0","gnomad_AF_afr_pass,gnomad_AF_amr_pass,gnomad_AF_eas_pass,gnomad_AF_nfe_pass,gnomad_AF_sas_pass"","3.7827778633035787","0.024048157774991887","85.51","1.2"
"1:169446575:G>T","NM_006996.3:c.625C>A","NP_008927.1:p.Pro209Thr","Unknown significance","null","missense_variant","2/6","null","209","MODERATE","25.9","null","0.00326648","gnomad_AF_sas_pass"","3.7827778633035787","0.024048157774991887","85.51","1.1"
"1:169446590:C>T","NM_006996.3:c.610G>A","NP_008927.1:p.Val204Met","Unknown significance","null","missense_variant","2/6","null","204","MODERATE","17.58","null","0.00326648","gnomad_AF_sas_pass"","24.48132310539379","0.14242261093539307","96.09","0.7"
"1:169446593:C>A","NM_006996.3:c.607G>T","NP_008927.1:p.Ala203Ser","Unknown significance","null","missense_variant","2/6","null","203","MODERATE","23.2","null","0","null"","53.25919196467336","0.4188402978032206","97.3","0.6"
"1:169446598:G>A","NM_006996.3:c.602C>T","NP_008927.1:p.Ala201Val","Pathogenic","Megaloblastic anaemia, thiamine responsive","missense_variant","2/6","null","201","MODERATE","27.5","null","0","null"","0.0","0.0","97.45","0.9"
"1:169446598:G>C","NM_006996.3:c.602C>G","NP_008927.1:p.Ala201Gly","Unknown significance","null","missense_variant","2/6","null","201","MODERATE","26.3","null","0.0123107","gnomad_AF_afr_pass"","0.0","0.0","97.45","2.4"
"1:169446601:A>G","NM_006996.3:c.599T>C","NP_008927.1:p.Val200Ala","Unknown significance","null","missense_variant","2/6","null","200","MODERATE","23.8","null","0.00543715","gnomad_AF_eas_pass"","63.322600396797576","0.3683857298441306","97.89","1.5"
"1:169446610:C>G","NM_006996.3:c.590G>C","NP_008927.1:p.Cys197Ser","Unknown significance","null","missense_variant","2/6","null","197","MODERATE","18.09","null","0.0114758","gnomad_AF_afr_pass"","6.333764717915197","0.04098781002819617","98.18","1.1"
"1:169446617:G>A","NM_006996.3:c.583C>T","NP_008927.1:p.Leu195Phe","Unknown significance","null","missense_variant","2/6","null","195","MODERATE","24.9","null","0.00326648","gnomad_AF_sas_pass"","27.654843384624115","0.14339988075069118","98.01","0.7"
"1:169446619:G>A","NM_006996.3:c.581C>T","NP_008927.1:p.Ser194Phe","Pathogenic","Retinal dystrophy","missense_variant","2/6","null","194","MODERATE","26.6","null","0","null"","0.0","0.0","97.71","1.6"
"1:169446619:G>C","NM_006996.3:c.581C>G","NP_008927.1:p.Ser194Cys","Unknown significance","null","missense_variant","2/6","null","194","MODERATE","25.4","null","0.00615612","gnomad_AF_afr_pass"","0.0","0.0","97.71","0.6"
"1:169446622:A>G","NM_006996.3:c.578T>C","NP_008927.1:p.Ile193Thr","Unknown significance","null","missense_variant","2/6","null","193","MODERATE","23.7","null","0.0008796","gnomad_AF_nfe_pass"","39.053376316020554","0.19909069714576316","97.28","2.7"
"1:169446629:T>C","NM_006996.3:c.571A>G","NP_008927.1:p.Asn191Asp","Unknown significance","null","missense_variant","2/6","null","191","MODERATE","24.0","null","0.00615839","gnomad_AF_afr_pass"","0.0","0.0","96.71","0.9"
"1:169446634:C>A","NM_006996.3:c.566G>T","NP_008927.1:p.Ser189Ile","Unknown significance","null","missense_variant","2/6","null","189","MODERATE","22.4","null","0.0123213","gnomad_AF_afr_pass"","35.310953662922785","0.2560486592645111","95.53","1.3"
"1:169446634:C>G","NM_006996.3:c.566G>C","NP_008927.1:p.Ser189Thr","Unknown significance","null","missense_variant","2/6","null","189","MODERATE","20.8","null","0.00326648","gnomad_AF_sas_pass"","35.310953662922785","0.2560486592645111","95.53","0.6"
"1:169446643:G>A","NM_006996.3:c.557C>T","NP_008927.1:p.Ser186Leu","Unknown significance","null","missense_variant","2/6","null","186","MODERATE","24.1","null","0.00154983","gnomad_AF_nfe_pass"","68.34084779367714","0.49555677871552134","92.96","0.3"
"1:169446645:C>A","NM_006996.3:c.555G>T","NP_008927.1:p.Trp185Cys","Unknown significance","null","missense_variant","2/6","null","185","MODERATE","27.3","null","0.00543715","gnomad_AF_eas_pass"","115.19562755952194","0.43912790142577485","91.51","0.7"
"1:169446649:C>A","NM_006996.3:c.551G>T","NP_008927.1:p.Gly184Val","Unknown significance","null","missense_variant","2/6","null","184","MODERATE","18.20","null","0.000879755","gnomad_AF_nfe_pass"","72.77182406035901","0.7632378974643329","87.48","0.7"
"1:169446650:C>T","NM_006996.3:c.550G>A","NP_008927.1:p.Gly184Ser","Unknown significance","null","missense_variant","2/6","null","184","MODERATE","18.72","null","0.0130659","gnomad_AF_sas_pass"","72.77182406035901","0.7632378974643329","87.48","0.2"
"1:169446656:C>T","NM_006996.3:c.544G>A","NP_008927.1:p.Val182Met","Unknown significance","null","missense_variant","2/6","null","182","MODERATE","22.6","null","0.00326627","gnomad_AF_sas_pass"","138.50553824968733","0.8057701906718542","90.65","0.0"
"1:169446665:G>A","NM_006996.3:c.535C>T","NP_008927.1:p.Leu179Phe","Unknown significance","null","missense_variant","2/6","null","179","MODERATE","25.9","null","0.00867453","gnomad_AF_amr_pass"","21.041517283046243","0.10910750884527023","95.37","1.0"
"1:169446673:C>T","NM_006996.3:c.527G>A","NP_008927.1:p.Gly176Glu","Unknown significance","null","missense_variant","2/6","null","176","MODERATE","27.0","null","0.00326627","gnomad_AF_sas_pass"","0.0","0.0","96.72","1.3"
"1:169446674:C>A","NM_006996.3:c.526G>T","NP_008927.1:p.Gly176Trp","Unknown significance","null","missense_variant","2/6","null","176","MODERATE","29.8","null","0.011489","gnomad_AF_afr_pass"","0.0","0.0","96.72","1.5"
"1:169446679:A>C","NM_006996.3:c.521T>G","NP_008927.1:p.Val174Gly","Unknown significance","null","missense_variant","2/6","null","174","MODERATE","26.2","null","0.00543656","gnomad_AF_eas_pass"","68.03202086921192","0.3957832670109868","97.26","2.2"
"1:169446682:G>C","NM_006996.3:c.518C>G","NP_008927.1:p.Ser173Cys","Unknown significance","Megaloblastic anemia, thiamine-responsive, with diabetes mellitus and sensorineural deafness","missense_variant","2/6","null","173","MODERATE","26.0","null","0.000879337","gnomad_AF_nfe_pass"","8.238752757345284E-4","5.97412807840728E-6","97.36","0.9"
"1:169446685:C>A","NM_006996.3:c.515G>T","NP_008927.1:p.Gly172Val","Unknown significance","null","missense_variant","2/6","null","172","MODERATE","26.9","null","0.00289118","gnomad_AF_amr_pass"","0.0","0.0","97.81","1.7"
"1:169446685:C>T","NM_006996.3:c.515G>A","NP_008927.1:p.Gly172Asp","Pathogenic","Megaloblastic anaemia, thiamine responsive","missense_variant","2/6","null","172","MODERATE","27.1","null","0.00154863","gnomad_AF_nfe_pass"","0.0","0.0","97.81","1.0"
"1:169446686:C>G","NM_006996.3:c.514G>C","NP_008927.1:p.Gly172Arg","Pathogenic","Megaloblastic anaemia, thiamine responsive","missense_variant","2/6","null","172","MODERATE","25.8","null","0","null"","0.0","0.0","97.81","0.3"
"1:169446692:T>G","NM_006996.3:c.508A>C","NP_008927.1:p.Thr170Pro","Pathogenic","Megaloblastic anaemia, thiamine responsive, without diabetes","missense_variant","2/6","null","170","MODERATE","25.7","null","0","null"","3.1247214273440096","0.019859980233229768","96.4","1.2"
"1:169446700:A>G","NM_006996.3:c.500T>C","NP_008927.1:p.Val167Ala","Unknown significance","null","missense_variant","2/6","null","167","MODERATE","22.4","null","0.0114784","gnomad_AF_afr_pass"","66.85753267518334","0.38895056134445805","96.14","1.1"
"1:169446702:C>G","NM_006996.3:c.498G>C","NP_008927.1:p.Leu166Phe","Unknown significance","null","missense_variant","2/6","null","166","MODERATE","23.9","null","0","null"","57.28133586369068","0.297023440626698","94.33","0.7"
"1:169446703:A>G","NM_006996.3:c.497T>C","NP_008927.1:p.Leu166Ser","Unknown significance","null","missense_variant","2/6","null","166","MODERATE","27.6","null","0.000879275","gnomad_AF_nfe_pass"","57.28133586369068","0.297023440626698","94.33","2.6"
"1:169446706:G>C","NM_006996.3:c.494C>G","NP_008927.1:p.Thr165Ser","Unknown significance","null","missense_variant","2/6","null","165","MODERATE","25.3","null","0.00439676","gnomad_AF_nfe_pass"","14.697268227403331","0.09341231315036241","95.4","1.0"
"1:169446712:C>T","NM_006996.3:c.488G>A","NP_008927.1:p.Ser163Asn","Unknown significance","null","missense_variant","2/6","null","163","MODERATE","24.5","null","0.000879384","gnomad_AF_nfe_pass"","60.124896885832165","0.43598083991141995","94.0","0.3"
"1:169446713:T>A","NM_006996.3:c.487A>T","NP_008927.1:p.Ser163Cys","Unknown significance","Thiamine-responsive megaloblastic anemia; Megaloblastic anemia, thiamine-responsive, with diabetes mellitus and sensorineural deafness","missense_variant","2/6","null","163","MODERATE","23.8","null","0.0228639","gnomad_AF_sas_pass"","60.124896885832165","0.43598083991141995","94.0","0.1"
"1:169446715:C>T","NM_006996.3:c.485G>A","NP_008927.1:p.Arg162Gln","Unknown significance","null","missense_variant","2/6","null","162","MODERATE","29.8","null","0.00543656","gnomad_AF_eas_pass"","132.15861767685178","0.4905199338416633","91.94","0.3"
"1:169446721:T>C","NM_006996.3:c.479A>G","NP_008927.1:p.Tyr160Cys","Unknown significance","null","missense_variant","2/6","null","160","MODERATE","26.3","null","0.00929238","gnomad_AF_nfe_pass"","95.39785924253967","0.3976373444471144","92.74","1.5"
"1:169446727:G>C","NM_006996.3:c.473C>G","NP_008927.1:p.Thr158Arg","Pathogenic","Megaloblastic anaemia, thiamine responsive","missense_variant","2/6","null","158","MODERATE","25.0","null","0","null"","16.95093323885368","0.10773606764190095","87.73","0.9"
"1:169446743:T>G","NM_006996.3:c.457A>C","NP_008927.1:p.Met153Leu","Unknown significance","null","missense_variant","2/6","null","153","MODERATE","14.81","null","0.00387123","gnomad_AF_nfe_pass"","35.650256133691585","0.16464107779552117","83.87","0.1"
"1:169446745:C>A","NM_006996.3:c.455G>T","NP_008927.1:p.Gly152Val","Likely benign","null","missense_variant","2/6","null","152","MODERATE","12.08","null","0","gnomad_AF_afr_pass,gnomad_AF_amr_pass,gnomad_AF_eas_pass,gnomad_AF_nfe_pass,gnomad_AF_sas_pass"","80.95109725884126","0.8490229022983201","76.64","0.1"
"1:169446750:G>C","NM_006996.3:c.450C>G","NP_008927.1:p.Asp150Glu","Unknown significance","null","missense_variant","2/6","null","150","MODERATE","17.32","null","0.00326627","gnomad_AF_sas_pass"","55.74081171222552","0.3484239746222119","78.49","0.1"
"1:169446763:T>C","NM_006996.3:c.437A>G","NP_008927.1:p.Tyr146Cys","Unknown significance","null","missense_variant","2/6","null","146","MODERATE","26.4","null","0.00326648","gnomad_AF_sas_pass"","67.55146108788577","0.2815679912923211","83.12","2.1"
"1:169446766:A>G","NM_006996.3:c.434T>C","NP_008927.1:p.Ile145Thr","Unknown significance","null","missense_variant","2/6","null","145","MODERATE","25.5","null","0.000879353","gnomad_AF_nfe_pass"","0.0","0.0","84.67","3.7"
"1:169446767:T>C","NM_006996.3:c.433A>G","NP_008927.1:p.Ile145Val","Unknown significance","null","missense_variant","2/6","null","145","MODERATE","23.6","null","0.00289101","gnomad_AF_amr_pass"","0.0","0.0","84.67","1.0"
"1:169446769:T>C","NM_006996.3:c.431A>G","NP_008927.1:p.Tyr144Cys","Unknown significance","null","missense_variant","2/6","null","144","MODERATE","26.4","null","0.0641026","gnomad_AF_eas_pass"","0.0","0.0","86.47","3.4"
"1:169446770:A>T","NM_006996.3:c.430T>A","NP_008927.1:p.Tyr144Asn","Unknown significance","null","missense_variant","2/6","null","144","MODERATE","26.4","null","0.00087943","gnomad_AF_nfe_pass"","0.0","0.0","86.47","4.9"
"1:169446772:G>A","NM_006996.3:c.428C>T","NP_008927.1:p.Ser143Phe","Pathogenic","Megaloblastic anaemia, thiamine responsive","missense_variant","2/6","null","143","MODERATE","27.5","null","0.00578202","gnomad_AF_amr_pass"","13.304459379136688","0.09647400120614942","86.03","1.2"
"1:169446772:G>C","NM_006996.3:c.428C>G","NP_008927.1:p.Ser143Cys","Unknown significance","null","missense_variant","2/6","null","143","MODERATE","26.6","null","0.00326627","gnomad_AF_sas_pass"","13.304459379136688","0.09647400120614942","86.03","0.4"
"1:169446778:T>C","NM_006996.3:c.422A>G","NP_008927.1:p.Tyr141Cys","Unknown significance","null","missense_variant","2/6","null","141","MODERATE","27.5","null","0.00653253","gnomad_AF_sas_pass"","0.0","0.0","90.08","3.0"
"1:169446778:T>G","NM_006996.3:c.422A>C","NP_008927.1:p.Tyr141Ser","Unknown significance","null","missense_variant","2/6","null","141","MODERATE","27.0","null","0.00326627","gnomad_AF_sas_pass"","0.0","0.0","90.08","4.6"
"1:169446779:A>G","NM_006996.3:c.421T>C","NP_008927.1:p.Tyr141His","Unknown significance","null","missense_variant","2/6","null","141","MODERATE","27.1","null","0.000879492","gnomad_AF_nfe_pass"","0.0","0.0","90.08","2.7"
"1:169446782:C>T","NM_006996.3:c.418G>A","NP_008927.1:p.Ala140Thr","Unknown significance","null","missense_variant","2/6","null","140","MODERATE","28.0","null","0.00615385","gnomad_AF_afr_pass"","0.21977285621303","0.0017283350563483226","86.55","1.4"
"1:169446788:C>T","NM_006996.3:c.412G>A","NP_008927.1:p.Glu138Lys","Pathogenic","Megaloblastic anaemia, thiamine responsive","missense_variant","2/6","null","138","MODERATE","29.3","null","0","null"","48.46030946866031","0.2481697570090497","91.85","0.2"
"1:169446793:G>C","NM_006996.3:c.407C>G","NP_008927.1:p.Ala136Gly","Unknown significance","null","missense_variant","2/6","null","136","MODERATE","27.0","null","0.0115647","gnomad_AF_amr_pass"","0.0","0.0","93.37","1.9"
"1:169446797:T>G","NM_006996.3:c.403A>C","NP_008927.1:p.Thr135Pro","Unknown significance","null","missense_variant","2/6","null","135","MODERATE","25.4","null","0","null"","20.95097438339466","0.13315937013776974","94.3","1.1"
"1:169446800:C>G","NM_006996.3:c.400G>C","NP_008927.1:p.Ala134Pro","Unknown significance","null","missense_variant","2/6","null","134","MODERATE","25.5","null","0","null"","1.4473802654923478","0.011382470500780856","96.07","1.1"
"1:169446800:C>T","NM_006996.3:c.400G>A","NP_008927.1:p.Ala134Thr","Unknown significance","null","missense_variant","2/6","null","134","MODERATE","25.2","null","0.000880685","gnomad_AF_nfe_pass"","1.4473802654923478","0.011382470500780856","96.07","0.0"
"1:169446803:T>A","NM_006996.3:c.397A>T","NP_008927.1:p.Ile133Phe","Unknown significance","null","missense_variant","2/6","null","133","MODERATE","18.11","null","0","null"","15.831945194914328","0.08070987206133037","96.36","0.1"
"1:169446803:T>G","NM_006996.3:c.397A>C","NP_008927.1:p.Ile133Leu","Unknown significance","null","missense_variant","2/6","null","133","MODERATE","11.87","null","0","null"","15.831945194914328","0.08070987206133037","96.36","0.0"
"1:169446805:C>G","NM_006996.3:c.395G>C","NP_008927.1:p.Gly132Ala","Unknown significance","null","missense_variant","2/6","null","132","MODERATE","23.1","null","0","null"","0.0","0.0","96.44","0.1"
"1:169446808:T>A","NM_006996.3:c.392A>T","NP_008927.1:p.Tyr131Phe","Unknown significance","null","missense_variant","2/6","null","131","MODERATE","18.24","null","0.00615688","gnomad_AF_afr_pass"","27.024380850114767","0.11264302073327125","97.35","0.2"
"1:169446809:A>T","NM_006996.3:c.391T>A","NP_008927.1:p.Tyr131Asn","Unknown significance","null","missense_variant","2/6","null","131","MODERATE","24.8","null","0.000879956","gnomad_AF_nfe_pass"","27.024380850114767","0.11264302073327125","97.35","3.6"
"1:169446818:C>T","NM_006996.3:c.382G>A","NP_008927.1:p.Glu128Lys","Pathogenic","Megaloblastic anaemia, thiamine responsive","missense_variant","2/6","null","128","MODERATE","25.2","null","0","null"","0.8122313446798232","0.004159512344317224","97.33","0.1"
"1:169446833:C>T","NM_006996.3:c.367G>A","NP_008927.1:p.Ala123Thr","Unknown significance","null","missense_variant","2/6","null","123","MODERATE","23.5","null","0.001761","gnomad_AF_nfe_pass"","28.98120657789016","0.2279136567042097","96.21","0.5"
"1:169446838:A>T","NM_006996.3:c.362T>A","NP_008927.1:p.Leu121Gln","Unknown significance","null","missense_variant","2/6","null","121","MODERATE","24.4","null","0.0359336","gnomad_AF_sas_pass"","39.05013063821492","0.2024883670081592","94.85","1.9"
"1:169446842:C>T","NM_006996.3:c.358G>A","NP_008927.1:p.Gly120Arg","Unknown significance","null","missense_variant","2/6","null","120","MODERATE","26.5","null","0","null"","35.2965668003851","0.37019379107621064","93.71","0.4"
"1:169446848:C>T","NM_006996.3:c.352G>A","NP_008927.1:p.Ala118Thr","Unknown significance","null","missense_variant","2/6","null","118","MODERATE","22.9","null","0.00543715","gnomad_AF_eas_pass"","18.999341087043845","0.14941438999376327","93.88","0.1"
"1:169446850:T>C","NM_006996.3:c.350A>G","NP_008927.1:p.Tyr117Cys","Unknown significance","null","missense_variant","2/6","null","117","MODERATE","25.9","null","0.00176295","gnomad_AF_nfe_pass"","127.74300163568711","0.5324583627497944","95.16","1.1"
"1:169446856:A>G","NM_006996.3:c.344T>C","NP_008927.1:p.Leu115Pro","Unknown significance","null","missense_variant","2/6","null","115","MODERATE","27.5","null","0.000882083","gnomad_AF_nfe_pass"","0.006978822500017635","3.618759652203222E-5","96.21","4.9"
"1:169446860:T>C","NM_006996.3:c.340A>G","NP_008927.1:p.Met114Val","Unknown significance","null","missense_variant","2/6","null","114","MODERATE","21.6","null","0.00326669","gnomad_AF_sas_pass"","26.78237853771301","0.12368718058688748","97.09","0.3"
"1:169446865:C>G","NM_006996.3:c.335G>C","NP_008927.1:p.Trp112Ser","Unknown significance","null","missense_variant","2/6","null","112","MODERATE","26.8","null","0.00615536","gnomad_AF_afr_pass"","2.655033235540331","0.010121036688967095","97.54","5.3"
"1:169446866:A>C","NM_006996.3:c.334T>G","NP_008927.1:p.Trp112Gly","Unknown significance","null","missense_variant","2/6","null","112","MODERATE","28.1","null","0.0114863","gnomad_AF_afr_pass"","2.655033235540331","0.010121036688967095","97.54","5.9"
"1:169446866:A>G","NM_006996.3:c.334T>C","NP_008927.1:p.Trp112Arg","Unknown significance","null","missense_variant","2/6","null","112","MODERATE","27.6","null","0.000884048","gnomad_AF_nfe_pass"","2.655033235540331","0.010121036688967095","97.54","4.2"
"1:169446881:T>C","NM_006996.3:c.319A>G","NP_008927.1:p.Ser107Gly","Unknown significance","Thiamine-responsive megaloblastic anemia","missense_variant","2/6","null","107","MODERATE","22.3","null","0.0203058","gnomad_AF_nfe_pass"","2.5552971105016233","0.018529105880632946","97.63","1.0"
"1:169446886:C>T","NM_006996.3:c.314G>A","NP_008927.1:p.Gly105Glu","Pathogenic","Diabetes, permanent neonatal","missense_variant","2/6","null","105","MODERATE","26.0","null","0","null"","0.0","0.0","96.76","1.0"
"1:169446892:A>C","NM_006996.3:c.308T>G","NP_008927.1:p.Leu103Arg","Unknown significance","null","missense_variant","2/6","null","103","MODERATE","27.2","null","0.00326669","gnomad_AF_sas_pass"","69.17264544252703","0.35868397335358987","95.72","1.6"
"1:169446899:C>T","NM_006996.3:c.301G>A","NP_008927.1:p.Val101Ile","Likely benign","null","missense_variant","2/6","null","101","MODERATE","8.142","null","0.000891679","gnomad_AF_nfe_pass"","0.0","0.0","93.02","0.8"
"1:169446902:C>T","NM_006996.3:c.298G>A","NP_008927.1:p.Val100Ile","Unknown significance","null","missense_variant","2/6","null","100","MODERATE","19.01","null","0.00089222","gnomad_AF_nfe_pass"","0.0","0.0","92.9","0.1"
"1:169446910:T>C","NM_006996.3:c.290A>G","NP_008927.1:p.Tyr97Cys","Unknown significance","null","missense_variant","2/6","null","97","MODERATE","27.1","null","0.000893975","gnomad_AF_nfe_pass"","0.0","0.0","84.69","4.1"
"1:169446913:C>G","NM_006996.3:c.287G>C","NP_008927.1:p.Arg96Pro","Unknown significance","null","missense_variant","2/6","null","96","MODERATE","29.5","null","0.000894855","gnomad_AF_nfe_pass"","102.5997341704063","0.38080917992421615","79.65","0.9"
"1:169446913:C>T","NM_006996.3:c.287G>A","NP_008927.1:p.Arg96His","Unknown significance","Megaloblastic anemia, thiamine-responsive, with diabetes mellitus and sensorineural deafness","missense_variant","2/6","null","96","MODERATE","29.5","null","0.0130676","gnomad_AF_sas_pass"","102.5997341704063","0.38080917992421615","79.65","0.3"
"1:169446914:G>A","NM_006996.3:c.286C>T","NP_008927.1:p.Arg96Cys","Unknown significance","null","missense_variant","2/6","null","96","MODERATE","25.4","null","0.00616143","gnomad_AF_afr_pass"","102.5997341704063","0.38080917992421615","79.65","0.7"
"1:169446917:G>A","NM_006996.3:c.283C>T","NP_008927.1:p.Leu95Phe","Unknown significance","Megaloblastic anemia, thiamine-responsive, with diabetes mellitus and sensorineural deafness; Thiamine-responsive megaloblastic anemia","missense_variant","2/6","null","95","MODERATE","26.8","null","0.00326797","gnomad_AF_sas_pass"","79.53066101109529","0.4123938489326477","83.16","0.2"
"1:169446923:C>G","NM_006996.3:c.277G>C","NP_008927.1:p.Asp93His","Pathogenic","Megaloblastic anaemia, thiamine responsive","missense_variant","2/6","null","93","MODERATE","26.8","null","0","null"","5.681246070902739","0.03551226248821563","78.45","0.3"
"1:169446928:G>T","NM_006996.3:c.272C>A","NP_008927.1:p.Ala91Asp","Pathogenic","Sideroblastic anaemia","missense_variant","2/6","null","91","MODERATE","25.7","null","0","null"","23.13911833362237","0.18197037649738954","86.74","1.3"
"1:169446929:C>G","NM_006996.3:c.271G>C","NP_008927.1:p.Ala91Pro","Pathogenic","Megaloblastic anaemia, thiamine responsive","missense_variant","2/6","null","91","MODERATE","25.8","null","0","null"","23.13911833362237","0.18197037649738954","86.74","0.6"
"1:169446935:A>G","NM_006996.3:c.265T>C","NP_008927.1:p.Phe89Leu","Unknown significance","null","missense_variant","2/6","null","89","MODERATE","26.8","null","0","gnomad_AF_afr_pass,gnomad_AF_amr_pass,gnomad_AF_eas_pass,gnomad_AF_nfe_pass,gnomad_AF_sas_pass"","72.77501345322582","0.316756879589169","85.13","0.8"
"1:169446938:C>T","NM_006996.3:c.262G>A","NP_008927.1:p.Val88Met","Unknown significance","null","missense_variant","2/6","null","88","MODERATE","25.5","null","0.00326926","gnomad_AF_sas_pass"","5.519589773503613","0.032110780265037255","89.36","1.3"
"1:169446956:G>C","NM_006996.3:c.244C>G","NP_008927.1:p.Leu82Val","Unknown significance","null","missense_variant","2/6","null","82","MODERATE","23.9","null","0.00580552","gnomad_AF_amr_pass"","23.274987923607576","0.12068882279676192","94.69","1.2"
"1:169446962:A>C","NM_006996.3:c.238T>G","NP_008927.1:p.Ser80Ala","Unknown significance","null","missense_variant","2/6","null","80","MODERATE","25.5","null","0","null"","4.100322028769453","0.02973247247982305","96.29","0.7"
"1:169446965:A>G","NM_006996.3:c.235T>C","NP_008927.1:p.Tyr79His","Unknown significance","null","missense_variant","2/6","null","79","MODERATE","26.7","null","0.00327826","gnomad_AF_sas_pass"","52.563298612117705","0.21909433441649998","96.39","1.6"
"1:169446984:T>G","NM_006996.3:c.216A>C","NP_008927.1:p.Glu72Asp","Unknown significance","null","missense_variant","2/6","null","72","MODERATE","23.9","null","0.00555926","gnomad_AF_eas_pass"","36.39125218433942","0.18636299088603883","95.11","0.4"
"1:169446988:T>C","NM_006996.3:c.212A>G","NP_008927.1:p.Asn71Ser","Unknown significance","Megaloblastic anemia, thiamine-responsive, with diabetes mellitus and sensorineural deafness; Thiamine-responsive megaloblastic anemia","missense_variant","2/6","null","71","MODERATE","24.4","null","0.0205402","gnomad_AF_eas_pass"","1.7600762243895767","0.011012377340972527","95.24","0.3"
"1:169446988:T>G","NM_006996.3:c.212A>C","NP_008927.1:p.Asn71Thr","Unknown significance","null","missense_variant","2/6","null","71","MODERATE","25.0","null","0.000940787","gnomad_AF_nfe_pass"","1.7600762243895767","0.011012377340972527","95.24","0.5"
"1:169446995:C>A","NM_006996.3:c.205G>T","NP_008927.1:p.Val69Phe","Pathogenic","Megaloblastic anaemia, thiamine responsive","missense_variant&splice_region_variant","2/6","null","69","MODERATE","33","null","0.0134971","gnomad_AF_nfe_pass"","0.0","0.0","95.62","0.7"
"1:169454802:T>A","NM_006996.3:c.203A>T","NP_008927.1:p.Glu68Val","Unknown significance","null","missense_variant&splice_region_variant","1/6","null","68","MODERATE","26.7","null","0.00122546","gnomad_AF_nfe_pass"","38.41326207058934","0.19671789178622928","95.31","0.7"
"1:169454802:T>G","NM_006996.3:c.203A>C","NP_008927.1:p.Glu68Ala","Unknown significance","null","missense_variant&splice_region_variant","1/6","null","68","MODERATE","27.1","null","0","null"","38.41326207058934","0.19671789178622928","95.31","0.1"
"1:169454805:C>G","NM_006996.3:c.200G>C","NP_008927.1:p.Arg67Thr","Unknown significance","Megaloblastic anemia, thiamine-responsive, with diabetes mellitus and sensorineural deafness","missense_variant","1/6","null","67","MODERATE","10.69","null","0.00241441","gnomad_AF_nfe_pass"","126.881249764752","0.4709324547607988","93.67","0.2"
"1:169454805:C>T","NM_006996.3:c.200G>A","NP_008927.1:p.Arg67Lys","Likely benign","null","missense_variant","1/6","null","67","MODERATE","12.84","null","0.0204625","gnomad_AF_afr_pass"","126.881249764752","0.4709324547607988","93.67","0.5"
"1:169454811:G>A","NM_006996.3:c.194C>T","NP_008927.1:p.Thr65Ile","Unknown significance","null","missense_variant","1/6","null","65","MODERATE","22.6","null","0","null"","84.15939100461304","0.5348969118226168","94.19","0.2"
"1:169454812:T>C","NM_006996.3:c.193A>G","NP_008927.1:p.Thr65Ala","Unknown significance","null","missense_variant","1/6","null","65","MODERATE","22.0","null","0.00649519","gnomad_AF_nfe_pass"","84.15939100461304","0.5348969118226168","94.19","0.7"
"1:169454814:A>G","NM_006996.3:c.191T>C","NP_008927.1:p.Leu64Pro","Pathogenic","Megaloblastic anaemia, thiamine responsive","missense_variant","1/6","null","64","MODERATE","28.4","null","0","null"","7.721911490827209","0.04004076868385651","95.27","3.3"
"1:169454817:T>C","NM_006996.3:c.188A>G","NP_008927.1:p.Asn63Ser","Unknown significance","null","missense_variant","1/6","null","63","MODERATE","25.9","null","0.00666933","gnomad_AF_eas_pass"","105.15686565470833","0.6579414394312524","93.13","0.3"
"1:169454820:T>C","NM_006996.3:c.185A>G","NP_008927.1:p.Lys62Arg","Unknown significance","null","missense_variant","1/6","null","62","MODERATE","24.8","null","0.00118621","gnomad_AF_nfe_pass"","12.949898114937932","0.0547067692616253","93.43","1.2"
"1:169454821:T>C","NM_006996.3:c.184A>G","NP_008927.1:p.Lys62Glu","Unknown significance","null","missense_variant","1/6","null","62","MODERATE","23.4","null","0.0179565","gnomad_AF_afr_pass"","12.949898114937932","0.0547067692616253","93.43","0.5"
"1:169454821:T>G","NM_006996.3:c.184A>C","NP_008927.1:p.Lys62Gln","Unknown significance","null","missense_variant","1/6","null","62","MODERATE","24.8","null","0.00118666","gnomad_AF_nfe_pass"","12.949898114937932","0.0547067692616253","93.43","0.4"
"1:169454822:G>C","NM_006996.3:c.183C>G","NP_008927.1:p.Asp61Glu","Unknown significance","null","missense_variant","1/6","null","61","MODERATE","21.0","null","0","null"","73.98297047604711","0.4624518344064297","91.43","0.0"
"1:169454826:G>C","NM_006996.3:c.179C>G","NP_008927.1:p.Pro60Arg","Unknown significance","null","missense_variant","1/6","null","60","MODERATE","24.5","null","0.025391","gnomad_AF_afr_pass"","98.5176240673478","0.6263035929685479","90.45","0.3"
"1:169454830:C>T","NM_006996.3:c.175G>A","NP_008927.1:p.Gly59Arg","Unknown significance","null","missense_variant","1/6","null","59","MODERATE","26.0","null","0.00119258","gnomad_AF_nfe_pass"","0.14232514485479777","0.0014927198227872285","90.94","0.8"
"1:169454841:G>C","NM_006996.3:c.164C>G","NP_008927.1:p.Pro55Arg","Unknown significance","null","missense_variant","1/6","null","55","MODERATE","27.3","null","0.00122971","gnomad_AF_nfe_pass"","0.18181822567028974","0.0011558683949444775","93.66","0.0"
"1:169454844:G>A","NM_006996.3:c.161C>T","NP_008927.1:p.Thr54Ile","Unknown significance","null","missense_variant","1/6","null","54","MODERATE","22.3","null","0.0129735","gnomad_AF_nfe_pass"","0.0","0.0","94.93","1.6"
"1:169454844:G>T","NM_006996.3:c.161C>A","NP_008927.1:p.Thr54Asn","Likely pathogenic","Diabetes","missense_variant","1/6","null","54","MODERATE","25.7","null","0","null"","0.0","0.0","94.93","1.4"
"1:169454845:T>G","NM_006996.3:c.160A>C","NP_008927.1:p.Thr54Pro","Unknown significance","null","missense_variant","1/6","null","54","MODERATE","27.1","null","0.00943752","gnomad_AF_afr_pass"","0.0","0.0","94.93","0.8"
"1:169454847:A>G","NM_006996.3:c.158T>C","NP_008927.1:p.Leu53Pro","Unknown significance","null","missense_variant","1/6","null","53","MODERATE","29.0","null","0.00648424","gnomad_AF_nfe_pass"","13.578007744301871","0.0704066432156117","95.2","3.5"
"1:169454849:G>T","NM_006996.3:c.156C>A","NP_008927.1:p.Phe52Leu","Unknown significance","null","missense_variant","1/6","null","52","MODERATE","24.8","null","0","null"","0.0","0.0","95.54","2.4"
"1:169454853:G>A","NM_006996.3:c.152C>T","NP_008927.1:p.Pro51Leu","Pathogenic","Megaloblastic anaemia, thiamine responsive","missense_variant","1/6","null","51","MODERATE","26.9","null","0","null"","0.0","0.0","95.6","0.3"
"1:169454865:C>T","NM_006996.3:c.140G>A","NP_008927.1:p.Arg47Lys","Unknown significance","null","missense_variant","1/6","null","47","MODERATE","22.0","null","0.00152966","gnomad_AF_nfe_pass"","22.719168756245296","0.08432446821213224","96.69","1.2"
"1:169454869:G>A","NM_006996.3:c.136C>T","NP_008927.1:p.Leu46Phe","Unknown significance","null","missense_variant","1/6","null","46","MODERATE","17.22","null","0","null"","13.980341819451905","0.07249288386416776","97.12","0.7"
"1:169454871:C>T","NM_006996.3:c.134G>A","NP_008927.1:p.Ser45Asn","Likely benign","null","missense_variant","1/6","null","45","MODERATE","16.15","null","0","null"","11.01313411428511","0.07985902196756305","96.17","0.1"
"1:169454875:C>G","NM_006996.3:c.130G>C","NP_008927.1:p.Ala44Pro","Unknown significance","null","missense_variant","1/6","null","44","MODERATE","24.5","null","0","null"","1.810146407672338","0.014235331639274557","97.04","1.1"
"1:169454881:A>C","NM_006996.3:c.124T>G","NP_008927.1:p.Phe42Val","Unknown significance","null","missense_variant","1/6","null","42","MODERATE","23.8","null","0.00388169","gnomad_AF_amr_pass"","55.0357192661026","0.2395457159465965","97.85","1.5"
"1:169454884:C>A","NM_006996.3:c.121G>T","NP_008927.1:p.Gly41Cys","Unknown significance","null","missense_variant","1/6","null","41","MODERATE","26.8","null","0.00168407","gnomad_AF_nfe_pass"","0.0","0.0","95.85","0.8"
"1:169454884:C>G","NM_006996.3:c.121G>C","NP_008927.1:p.Gly41Arg","Pathogenic","Megaloblastic anaemia, thiamine responsive","missense_variant","1/6","null","41","MODERATE","26.1","null","0","null"","0.0","0.0","95.85","0.1"
"1:169454886:T>C","NM_006996.3:c.119A>G","NP_008927.1:p.Tyr40Cys","Unknown significance","null","missense_variant","1/6","null","40","MODERATE","25.5","null","0.00429664","gnomad_AF_sas_pass"","0.0","0.0","96.99","2.1"
"1:169454889:G>T","NM_006996.3:c.116C>A","NP_008927.1:p.Ala39Asp","Unknown significance","null","missense_variant","1/6","null","39","MODERATE","23.6","null","0","null"","33.85111654969411","0.2662115442166259","96.73","1.6"
"1:169454895:A>G","NM_006996.3:c.110T>C","NP_008927.1:p.Leu37Pro","Unknown significance","null","missense_variant","1/6","null","37","MODERATE","29.5","null","0.0124782","gnomad_AF_afr_pass"","0.22738701380680576","0.0011790799250116569","93.07","5.3"
"1:169454901:G>A","NM_006996.3:c.104C>T","NP_008927.1:p.Ala35Val","Unknown significance","null","missense_variant","1/6","null","35","MODERATE","19.85","null","0.0641231","gnomad_AF_amr_pass"","44.35835008739123","0.34884240401142186","93.27","1.2"
"1:169454902:C>T","NM_006996.3:c.103G>A","NP_008927.1:p.Ala35Thr","Likely benign","null","missense_variant","1/6","null","35","MODERATE","22.5","null","0.0090876","gnomad_AF_eas_pass"","44.35835008739123","0.34884240401142186","93.27","0.2"
"1:169454907:G>A","NM_006996.3:c.98C>T","NP_008927.1:p.Pro33Leu","Unknown significance","null","missense_variant","1/6","null","33","MODERATE","26.3","null","0.00438251","gnomad_AF_sas_pass"","3.499050514917118","0.022244425098730813","87.55","2.1"
"1:169454907:G>T","NM_006996.3:c.98C>A","NP_008927.1:p.Pro33Gln","Unknown significance","Monogenic diabetes","missense_variant","1/6","null","33","MODERATE","25.6","null","0","null"","3.499050514917118","0.022244425098730813","87.55","0.0"
"1:169454912:G>T","NM_006996.3:c.93C>A","NP_008927.1:p.Phe31Leu","Likely benign","null","missense_variant","1/6","null","31","MODERATE","14.83","null","0.0175654","gnomad_AF_sas_pass"","159.95247364114215","0.6962011276810168","84.93","0.0"
"1:169454919:C>A","NM_006996.3:c.86G>T","NP_008927.1:p.Cys29Phe","Unknown significance","null","missense_variant","1/6","null","29","MODERATE","23.4","null","0","null"","52.013805959491776","0.3365979148989997","65.24","0.7"
"1:169454928:C>A","NM_006996.3:c.77G>T","NP_008927.1:p.Arg26Leu","Likely benign","null","missense_variant","1/6","null","26","MODERATE","14.28","null","0.00408764","gnomad_AF_amr_pass"","188.09418747002198","0.6981303982718418","43.39","0.0"
"1:169454934:C>G","NM_006996.3:c.71G>C","NP_008927.1:p.Arg24Pro","Unknown significance","null","missense_variant","1/6","null","24","MODERATE","20.8","null","0.0144802","gnomad_AF_afr_pass"","116.44209381645575","0.43218648287388206","44.77","0.5"
"1:169454935:G>C","NM_006996.3:c.70C>G","NP_008927.1:p.Arg24Gly","Unknown significance","null","missense_variant","1/6","null","24","MODERATE","18.56","null","0.00444365","gnomad_AF_sas_pass"","116.44209381645575","0.43218648287388206","44.77","0.8"
"1:169454937:G>A","NM_006996.3:c.68C>T","NP_008927.1:p.Ala23Val","Likely benign","null","missense_variant","1/6","null","23","MODERATE","15.05","null","0.00818733","gnomad_AF_amr_pass"","13.813155672191533","0.10862925294060889","46.13","0.6"
"1:169454949:A>G","NM_006996.3:c.56T>C","NP_008927.1:p.Leu19Pro","Unknown significance","null","missense_variant","1/6","null","19","MODERATE","20.6","null","0.00657289","gnomad_AF_afr_pass"","115.5259777067702","0.5990419542917627","47.36","1.0"
"1:169454950:G>A","NM_006996.3:c.55C>T","NP_008927.1:p.Leu19Phe","Likely benign","null","missense_variant","1/6","null","19","MODERATE","15.68","null","0.0286533","gnomad_AF_eas_pass"","115.5259777067702","0.5990419542917627","47.36","0.3"
"1:169454953:C>G","NM_006996.3:c.52G>C","NP_008927.1:p.Val18Leu","Likely benign","null","missense_variant","1/6","null","18","MODERATE","0.649","null","0.0582176","gnomad_AF_sas_pass"","86.72315511416772","0.5045208597076837","46.16","0.3"
"1:169454953:C>T","NM_006996.3:c.52G>A","NP_008927.1:p.Val18Met","Likely benign","null","missense_variant","1/6","null","18","MODERATE","0.784","null","0.00447828","gnomad_AF_sas_pass"","86.72315511416772","0.5045208597076837","46.16","0.4"
"1:169454955:G>A","NM_006996.3:c.50C>T","NP_008927.1:p.Thr17Ile","Likely benign","null","missense_variant","1/6","null","17","MODERATE","8.975","null","0","null"","55.913209356332985","0.3553709533515353","49.02","1.0"
"1:169454956:T>C","NM_006996.3:c.49A>G","NP_008927.1:p.Thr17Ala","Likely benign","null","missense_variant","1/6","null","17","MODERATE","0.284","null","0.0021034","gnomad_AF_nfe_pass"","55.913209356332985","0.3553709533515353","49.02","0.1"
"1:169454959:C>G","NM_006996.3:c.46G>C","NP_008927.1:p.Ala16Pro","Likely benign","null","missense_variant","1/6","null","16","MODERATE","18.72","null","0.0346981","gnomad_AF_afr_pass"","51.22720465864997","0.40286036763545313","51.0","0.7"
"1:169454959:C>T","NM_006996.3:c.46G>A","NP_008927.1:p.Ala16Thr","Likely benign","null","missense_variant","1/6","null","16","MODERATE","18.28","null","0.00215332","gnomad_AF_nfe_pass"","51.22720465864997","0.40286036763545313","51.0","0.3"
"1:169454964:G>A","NM_006996.3:c.41C>T","NP_008927.1:p.Ala14Val","Likely benign","null","missense_variant","1/6","null","14","MODERATE","16.64","null","0","null"","63.21433979187438","0.49712945178410806","54.56","0.0"
"1:169454970:G>T","NM_006996.3:c.35C>A","NP_008927.1:p.Ala12Glu","Unknown significance","null","missense_variant","1/6","null","12","MODERATE","19.02","null","0.00218198","gnomad_AF_nfe_pass"","73.4834229090088","0.5778874519017124","61.04","0.9"
"1:169454973:G>A","NM_006996.3:c.32C>T","NP_008927.1:p.Ala11Val","Likely benign","null","missense_variant","1/6","null","11","MODERATE","18.23","null","0.0096302","gnomad_AF_eas_pass"","66.66035220161073","0.524229541189988","61.82","0.1"
"1:169454974:C>G","NM_006996.3:c.31G>C","NP_008927.1:p.Ala11Pro","Likely benign","null","missense_variant","1/6","null","11","MODERATE","18.04","null","0.00673219","gnomad_AF_afr_pass"","66.66035220161073","0.524229541189988","61.82","0.8"
"1:169454976:C>T","NM_006996.3:c.29G>A","NP_008927.1:p.Arg10Gln","Unknown significance","null","missense_variant","1/6","null","10","MODERATE","22.5","null","0","null"","191.66119429395232","0.7113697010282108","60.35","0.2"
"1:169454977:G>A","NM_006996.3:c.28C>T","NP_008927.1:p.Arg10Trp","Unknown significance","null","missense_variant","1/6","null","10","MODERATE","17.84","null","0.00410813","gnomad_AF_amr_pass"","191.66119429395232","0.7113697010282108","60.35","0.1"
"1:169454977:G>C","NM_006996.3:c.28C>G","NP_008927.1:p.Arg10Gly","Likely benign","null","missense_variant","1/6","null","10","MODERATE","15.83","null","0","null"","191.66119429395232","0.7113697010282108","60.35","0.8"
"1:169454979:C>G","NM_006996.3:c.26G>C","NP_008927.1:p.Arg9Pro","Unknown significance","null","missense_variant","1/6","null","9","MODERATE","16.40","null","0.00410813","gnomad_AF_amr_pass"","143.3724531689034","0.5321412063728448","59.34","0.9"
"1:169454979:C>T","NM_006996.3:c.26G>A","NP_008927.1:p.Arg9Gln","Unknown significance","null","missense_variant","1/6","null","9","MODERATE","16.56","null","0","null"","143.3724531689034","0.5321412063728448","59.34","0.5"
"1:169454980:G>A","NM_006996.3:c.25C>T","NP_008927.1:p.Arg9Trp","Unknown significance","null","missense_variant","1/6","null","9","MODERATE","20.2","null","0","gnomad_AF_afr_pass,gnomad_AF_amr_pass,gnomad_AF_eas_pass,gnomad_AF_nfe_pass,gnomad_AF_sas_pass"","143.3724531689034","0.5321412063728448","59.34","0.0"
"1:169454988:G>C","NM_006996.3:c.17C>G","NP_008927.1:p.Pro6Arg","Likely benign","null","missense_variant","1/6","null","6","MODERATE","15.95","null","0.00410745","gnomad_AF_amr_pass"","103.3071884153103","0.6567521689292545","59.34","0.9"
"1:169454992:C>A","NM_006996.3:c.13G>T","NP_008927.1:p.Gly5Cys","Unknown significance","null","missense_variant","1/6","null","5","MODERATE","19.43","null","0.00209767","gnomad_AF_nfe_pass"","33.3663386721762","0.34994937261861164","47.33","0.8"
"1:169454992:C>G","NM_006996.3:c.13G>C","NP_008927.1:p.Gly5Arg","Likely benign","null","missense_variant","1/6","null","5","MODERATE","14.80","null","0.00209767","gnomad_AF_nfe_pass"","33.3663386721762","0.34994937261861164","47.33","0.8"
"1:169454995:G>A","NM_006996.3:c.10C>T","NP_008927.1:p.Pro4Ser","Unknown significance","Megaloblastic anemia, thiamine-responsive, with diabetes mellitus and sensorineural deafness; Thiamine-responsive megaloblastic anemia","missense_variant","1/6","null","4","MODERATE","10.55","null","0.0110977","gnomad_AF_nfe_pass"","87.32284784908471","0.5551353260279648","45.48","1.2"
"1:169454998:C>A","NM_006996.3:c.7G>T","NP_008927.1:p.Val3Leu","Likely benign","null","missense_variant","1/6","null","3","MODERATE","12.20","null","0.00968804","gnomad_AF_eas_pass"","150.40457533422227","0.8749940607176343","48.5","0.3"
"1:169454999:A>T","NM_006996.3:c.6T>A","NP_008927.1:p.Asp2Glu","Likely benign","null","missense_variant","1/6","null","2","MODERATE","5.269","null","0.00318796","gnomad_AF_nfe_pass"","149.34145132859805","0.933501692016932","43.18","0.1"
"1:169455000:T>A","NM_006996.3:c.5A>T","NP_008927.1:p.Asp2Val","Unknown significance","null","missense_variant","1/6","null","2","MODERATE","16.81","null","0.0097144","gnomad_AF_eas_pass"","149.34145132859805","0.933501692016932","43.18","0.1"
"1:169455000:T>C","NM_006996.3:c.5A>G","NP_008927.1:p.Asp2Gly","Unknown significance","null","missense_variant","1/6","null","2","MODERATE","21.6","null","0.0097144","gnomad_AF_eas_pass"","149.34145132859805","0.933501692016932","43.18","0.1"
"1:169455001:C>A","NM_006996.3:c.4G>T","NP_008927.1:p.Asp2Tyr","Unknown significance","null","missense_variant","1/6","null","2","MODERATE","21.8","null","0.0126093","gnomad_AF_amr_pass"","149.34145132859805","0.933501692016932","43.18","0.0"