{"applied_filters": "CONTAINS missense_variant[Consequence]"},,"Surface Area","Normalized SA","Confidence Score","|ddG|""Genomic Description (GRCh37)","HGVS Nucleotide Change","HGVS Protein Change","Variant Classification","Phenotype","Consequence","Exon","Intron","Protein Position","Impact","CADD Phred","Interpro Domain","Max MAF (%)","Max MAF Source","Surface Area","Normalized SA","Confidence Score","|ddG|"
"5:92920736:A>G","NM_005654.6:c.7A>G","NP_005645.1:p.Met3Val","Unknown significance","null","missense_variant","1/3","null","3","MODERATE","22.3","null","0","null"","82.29112700254558","0.3800393408647376","25.54","0.6"
"5:92920743:T>C","NM_005654.6:c.14T>C","NP_005645.1:p.Val5Ala","Likely benign","null","missense_variant","1/3","null","5","MODERATE","19.85","null","0","gnomad_AF_afr_pass,gnomad_AF_amr_pass,gnomad_AF_eas_pass,gnomad_AF_nfe_pass"","29.784500761726903","0.17327439148735158","24.42","1.4"
"5:92920755:G>A","NM_005654.6:c.26G>A","NP_005645.1:p.Arg9Gln","Unknown significance","null","missense_variant","1/3","null","9","MODERATE","24.1","null","0","null"","213.4086080793255","0.7920874034281581","26.47","0.2"
"5:92920757:G>T","NM_005654.6:c.28G>T","NP_005645.1:p.Asp10Tyr","Unknown significance","null","missense_variant","1/3","null","10","MODERATE","23.6","null","0","null"","70.15549680841339","0.4385271094683767","27.67","0.3"
"5:92920761:C>A","NM_005654.6:c.32C>A","NP_005645.1:p.Pro11Gln","Unknown significance","null","missense_variant","1/3","null","11","MODERATE","22.7","null","0","null"","128.225648598752","0.8151656638940177","36.88","0.0"
"5:92920769:G>T","NM_005654.6:c.40G>T","NP_005645.1:p.Asp14Tyr","Likely benign","null","missense_variant","1/3","null","14","MODERATE","22.8","null","0.014979","gnomad_AF_nfe_pass"","119.1045579329947","0.7444972937402281","34.17","0.0"
"5:92920772:G>A","NM_005654.6:c.43G>A","NP_005645.1:p.Val15Met","Unknown significance","null","missense_variant","1/3","null","15","MODERATE","22.1","null","0","null"","137.6047492424861","0.8005297581284335","32.2","0.1"
"5:92920775:G>T","NM_005654.6:c.46G>T","NP_005645.1:p.Ala16Ser","Likely benign","null","missense_variant","1/3","null","16","MODERATE","16.17","null","0","null"","107.51703299840743","0.8455341596215268","30.93","0.1"
"5:92920778:G>A","NM_005654.6:c.49G>A","NP_005645.1:p.Gly17Arg","Unknown significance","null","missense_variant","1/3","null","17","MODERATE","20.9","null","0","null"","86.4777824175918","0.9069873083713824","29.76","0.1"
"5:92920779:G>T","NM_005654.6:c.50G>T","NP_005645.1:p.Gly17Val","Likely benign","null","missense_variant","1/3","null","17","MODERATE","16.55","null","0","null"","86.4777824175918","0.9069873083713824","29.76","0.2"
"5:92920781:G>T","NM_005654.6:c.52G>T","NP_005645.1:p.Gly18Cys","Unknown significance","null","missense_variant","1/3","null","18","MODERATE","15.59","null","0","null"","81.24172120231717","0.8520709941997594","32.06","0.0"
"5:92920785:A>G","NM_005654.6:c.56A>G","NP_005645.1:p.Asn19Ser","Likely benign","null","missense_variant","1/3","null","19","MODERATE","13.91","null","0","null"","162.2511488522917","1.0151667583529906","32.86","0.0"
"5:92920790:G>A","NM_005654.6:c.61G>A","NP_005645.1:p.Gly21Ser","Likely benign","null","missense_variant","1/3","null","21","MODERATE","16.20","null","0","null"","82.13200063101743","0.861408330567106","30.28","0.0"
"5:92920802:C>A","NM_005654.6:c.73C>A","NP_005645.1:p.Pro25Thr","Likely benign","null","missense_variant","1/3","null","25","MODERATE","18.71","null","0","null"","138.95670997205872","0.8833859682110758","43.65","0.1"
"5:92920802:C>G","NM_005654.6:c.73C>G","NP_005645.1:p.Pro25Ala","Likely benign","null","missense_variant","1/3","null","25","MODERATE","18.28","null","0.012566","gnomad_AF_afr_pass"","138.95670997205872","0.8833859682110758","43.65","0.1"
"5:92920808:G>C","NM_005654.6:c.79G>C","NP_005645.1:p.Ala27Pro","Unknown significance","null","missense_variant","1/3","null","27","MODERATE","22.5","null","0","null"","115.8041061673784","0.9107052609088154","34.31","0.1"
"5:92920835:G>A","NM_005654.6:c.106G>A","NP_005645.1:p.Gly36Ser","Likely benign","null","missense_variant","1/3","null","36","MODERATE","19.18","null","0","null"","93.12866443707233","0.9767423993612868","30.05","0.0"
"5:92920881:C>A","NM_005654.6:c.152C>A","NP_005645.1:p.Thr51Lys","Unknown significance","null","missense_variant","1/3","null","51","MODERATE","23.2","null","0.0123274","gnomad_AF_afr_pass"","126.90288170454885","0.8065642908636699","31.09","0.2"
"5:92920890:C>A","NM_005654.6:c.161C>A","NP_005645.1:p.Thr54Asn","Likely benign","null","missense_variant","1/3","null","54","MODERATE","18.57","null","0.0100624","gnomad_AF_sas_pass"","145.6555921008282","0.9257520221380547","28.22","0.1"
"5:92920890:C>T","NM_005654.6:c.161C>T","NP_005645.1:p.Thr54Ile","Unknown significance","null","missense_variant","1/3","null","54","MODERATE","22.5","null","0.0022481","gnomad_AF_nfe_pass"","145.6555921008282","0.9257520221380547","28.22","0.0"
"5:92920892:C>G","NM_005654.6:c.163C>G","NP_005645.1:p.Pro55Ala","Likely benign","null","missense_variant","1/3","null","55","MODERATE","20.3","null","0","null"","142.56698952245847","0.9063375068361903","28.95","0.1"
"5:92920901:C>A","NM_005654.6:c.172C>A","NP_005645.1:p.Pro58Thr","Unknown significance","null","missense_variant","1/3","null","58","MODERATE","19.53","null","0","null"","157.17934108117433","0.9992322388151816","31.84","0.0"
"5:92920901:C>T","NM_005654.6:c.172C>T","NP_005645.1:p.Pro58Ser","Likely benign","null","missense_variant","1/3","null","58","MODERATE","19.70","null","0.0068956","gnomad_AF_nfe_pass"","157.17934108117433","0.9992322388151816","31.84","0.0"
"5:92920908:C>T","NM_005654.6:c.179C>T","NP_005645.1:p.Ala60Val","Likely benign","null","missense_variant","1/3","null","60","MODERATE","22.3","null","0.00200248","gnomad_AF_nfe_pass"","113.86583949393969","0.8954623674142314","29.48","0.1"
"5:92920913:G>A","NM_005654.6:c.184G>A","NP_005645.1:p.Ala62Thr","Likely benign","null","missense_variant","1/3","null","62","MODERATE","18.69","null","0","gnomad_AF_afr_pass,gnomad_AF_sas_pass,gnomad_AF_amr_pass,gnomad_AF_eas_pass,gnomad_AF_nfe_pass"","104.68768464571882","0.8232836322869178","31.19","0.1"
"5:92920920:C>T","NM_005654.6:c.191C>T","NP_005645.1:p.Pro64Leu","Likely benign","null","missense_variant","1/3","null","64","MODERATE","22.7","null","0","null"","146.8506546593964","0.9335699425728082","37.83","0.0"
"5:92920922:G>A","NM_005654.6:c.193G>A","NP_005645.1:p.Gly65Ser","Likely benign","null","missense_variant","1/3","null","65","MODERATE","21.7","null","0","null"","79.29833645675996","0.8316885878726473","30.45","0.1"
"5:92920922:G>C","NM_005654.6:c.193G>C","NP_005645.1:p.Gly65Arg","Likely benign","null","missense_variant","1/3","null","65","MODERATE","21.9","null","0","null"","79.29833645675996","0.8316885878726473","30.45","0.1"
"5:92920922:G>T","NM_005654.6:c.193G>T","NP_005645.1:p.Gly65Cys","Unknown significance","null","missense_variant","1/3","null","65","MODERATE","23.8","null","0.00188516","gnomad_AF_nfe_pass"","79.29833645675996","0.8316885878726473","30.45","0.0"
"5:92920940:G>A","NM_005654.6:c.211G>A","NP_005645.1:p.Gly71Ser","Unknown significance","null","missense_variant","1/3","null","71","MODERATE","17.70","null","0.0131441","gnomad_AF_afr_pass"","96.13439140936605","1.0082667532483423","30.38","0.0"
"5:92920950:C>T","NM_005654.6:c.221C>T","NP_005645.1:p.Pro74Leu","Likely benign","null","missense_variant","1/3","null","74","MODERATE","20.3","null","0","null"","152.03108531237697","0.9665033629816088","36.83","0.0"
"5:92920955:G>A","NM_005654.6:c.226G>A","NP_005645.1:p.Gly76Ser","Unknown significance","null","missense_variant","1/3","null","76","MODERATE","19.27","null","0.00398502","gnomad_AF_sas_pass"","73.98962940888548","0.7760103572141288","29.99","0.2"
"5:92920955:G>C","NM_005654.6:c.226G>C","NP_005645.1:p.Gly76Arg","Unknown significance","null","missense_variant","1/3","null","76","MODERATE","21.6","null","0.00769349","gnomad_AF_eas_pass"","73.98962940888548","0.7760103572141288","29.99","0.2"
"5:92920961:G>A","NM_005654.6:c.232G>A","NP_005645.1:p.Gly78Ser","Unknown significance","null","missense_variant","1/3","null","78","MODERATE","22.8","null","0","gnomad_AF_afr_pass,gnomad_AF_sas_pass,gnomad_AF_amr_pass,gnomad_AF_eas_pass,gnomad_AF_nfe_pass"","80.42724215862854","0.8435286595687344","37.24","0.1"
"5:92920962:G>A","NM_005654.6:c.233G>A","NP_005645.1:p.Gly78Asp","Unknown significance","null","missense_variant","1/3","null","78","MODERATE","22.1","null","0","null"","80.42724215862854","0.8435286595687344","37.24","0.0"
"5:92920966:G>C","NM_005654.6:c.237G>C","NP_005645.1:p.Gln79His","Likely benign","null","missense_variant","1/3","null","79","MODERATE","22.8","null","0.0830192","gnomad_AF_nfe_pass"","179.41423772367804","0.9072702673285643","46.12","0.0"
"5:92920968:G>T","NM_005654.6:c.239G>T","NP_005645.1:p.Ser80Ile","Likely pathogenic","null","missense_variant","1/3","null","80","MODERATE","22.2","null","0","null"","129.2322733865114","0.9370959122258403","47.62","0.0"
"5:92920976:C>T","NM_005654.6:c.247C>T","NP_005645.1:p.His83Tyr","Unknown significance","null","missense_variant","1/3","null","83","MODERATE","21.2","Zinc_finger&_nuclear_hormone_receptor-type&Zinc_finger&_nuclear_hormone_receptor-type&Zinc_finger&_nuclear_hormone_receptor-type&Zinc_finger&_nuclear_hormone_receptor-type&Zinc_finger&_nuclear_hormone_receptor-type&Zinc_finger&_nuclear_hormone_receptor-type&Zinc_finger&_nuclear_hormone_receptor-type&Zinc_finger&_nuclear_hormone_receptor-type","0","null"","130.45587837200674","0.6351236849321212","84.25","0.3"
"5:92920981:C>G","NM_005654.6:c.252C>G","NP_005645.1:p.Ile84Met","Unknown significance","null","missense_variant","1/3","null","84","MODERATE","23.1","Zinc_finger&_nuclear_hormone_receptor-type&Zinc_finger&_nuclear_hormone_receptor-type&Zinc_finger&_nuclear_hormone_receptor-type&Zinc_finger&_nuclear_hormone_receptor-type&Zinc_finger&_nuclear_hormone_receptor-type&Zinc_finger&_nuclear_hormone_receptor-type&Zinc_finger&_nuclear_hormone_receptor-type&Zinc_finger&_nuclear_hormone_receptor-type","0.00101239","gnomad_AF_nfe_pass"","67.90186784374137","0.34615778408291703","93.88","0.2"
"5:92920982:G>A","NM_005654.6:c.253G>A","NP_005645.1:p.Glu85Lys","Unknown significance","null","missense_variant","1/3","null","85","MODERATE","24.3","Zinc_finger&_nuclear_hormone_receptor-type&Zinc_finger&_nuclear_hormone_receptor-type&Zinc_finger&_nuclear_hormone_receptor-type&Zinc_finger&_nuclear_hormone_receptor-type&Zinc_finger&_nuclear_hormone_receptor-type&Zinc_finger&_nuclear_hormone_receptor-type&Zinc_finger&_nuclear_hormone_receptor-type&Zinc_finger&_nuclear_hormone_receptor-type&Zinc_finger&_nuclear_hormone_receptor-type&Zinc_finger&_nuclear_hormone_receptor-type&Zinc_finger&_nuclear_hormone_receptor-type&Zinc_finger&_nuclear_hormone_receptor-type","0","null"","95.60897555102224","0.48962246610756743","96.5","0.1"
"5:92920985:T>C","NM_005654.6:c.256T>C","NP_005645.1:p.Cys86Arg","Likely pathogenic","Bosch-Boonstra-Schaaf optic atrophy syndrome","missense_variant","1/3","null","86","MODERATE","27.5","Zinc_finger&_nuclear_hormone_receptor-type&Zinc_finger&_nuclear_hormone_receptor-type&Zinc_finger&_nuclear_hormone_receptor-type&Zinc_finger&_nuclear_hormone_receptor-type&Zinc_finger&_nuclear_hormone_receptor-type&Zinc_finger&_nuclear_hormone_receptor-type&Zinc_finger&_nuclear_hormone_receptor-type&Zinc_finger&_nuclear_hormone_receptor-type&Zinc_finger&_nuclear_hormone_receptor-type&Zinc_finger&_nuclear_hormone_receptor-type&Zinc_finger&_nuclear_hormone_receptor-type&Zinc_finger&_nuclear_hormone_receptor-type&Zinc_finger&_nuclear_hormone_receptor-type&Zinc_finger&_nuclear_hormone_receptor-type&Zinc_finger&_nuclear_hormone_receptor-type&Zinc_finger&_nuclear_hormone_receptor-type&Zinc_finger&_nuclear_hormone_receptor-type&Zinc_finger&_nuclear_hormone_receptor-type&Zinc_finger&_nuclear_hormone_receptor-type&Zinc_finger&_nuclear_hormone_receptor-type","0","null"","3.9444369661371783","0.025525708679851492","98.21","5.4"
"5:92920986:G>A","NM_005654.6:c.257G>A","NP_005645.1:p.Cys86Tyr","Pathogenic","Rett-like syndrome","missense_variant","1/3","null","86","MODERATE","25.9","Zinc_finger&_nuclear_hormone_receptor-type&Zinc_finger&_nuclear_hormone_receptor-type&Zinc_finger&_nuclear_hormone_receptor-type&Zinc_finger&_nuclear_hormone_receptor-type&Zinc_finger&_nuclear_hormone_receptor-type&Zinc_finger&_nuclear_hormone_receptor-type&Zinc_finger&_nuclear_hormone_receptor-type&Zinc_finger&_nuclear_hormone_receptor-type&Zinc_finger&_nuclear_hormone_receptor-type&Zinc_finger&_nuclear_hormone_receptor-type&Zinc_finger&_nuclear_hormone_receptor-type&Zinc_finger&_nuclear_hormone_receptor-type&Zinc_finger&_nuclear_hormone_receptor-type&Zinc_finger&_nuclear_hormone_receptor-type&Zinc_finger&_nuclear_hormone_receptor-type&Zinc_finger&_nuclear_hormone_receptor-type&Zinc_finger&_nuclear_hormone_receptor-type&Zinc_finger&_nuclear_hormone_receptor-type&Zinc_finger&_nuclear_hormone_receptor-type&Zinc_finger&_nuclear_hormone_receptor-type","0","null"","3.9444369661371783","0.025525708679851492","98.21","3.6"
"5:92920986:G>T","NM_005654.6:c.257G>T","NP_005645.1:p.Cys86Phe","Pathogenic","Bosch-Boonstra-Schaaf optic atrophy syndrome","missense_variant","1/3","null","86","MODERATE","25.9","Zinc_finger&_nuclear_hormone_receptor-type&Zinc_finger&_nuclear_hormone_receptor-type&Zinc_finger&_nuclear_hormone_receptor-type&Zinc_finger&_nuclear_hormone_receptor-type&Zinc_finger&_nuclear_hormone_receptor-type&Zinc_finger&_nuclear_hormone_receptor-type&Zinc_finger&_nuclear_hormone_receptor-type&Zinc_finger&_nuclear_hormone_receptor-type&Zinc_finger&_nuclear_hormone_receptor-type&Zinc_finger&_nuclear_hormone_receptor-type&Zinc_finger&_nuclear_hormone_receptor-type&Zinc_finger&_nuclear_hormone_receptor-type&Zinc_finger&_nuclear_hormone_receptor-type&Zinc_finger&_nuclear_hormone_receptor-type&Zinc_finger&_nuclear_hormone_receptor-type&Zinc_finger&_nuclear_hormone_receptor-type&Zinc_finger&_nuclear_hormone_receptor-type&Zinc_finger&_nuclear_hormone_receptor-type&Zinc_finger&_nuclear_hormone_receptor-type&Zinc_finger&_nuclear_hormone_receptor-type","0","null"","3.9444369661371783","0.025525708679851492","98.21","3.6"
"5:92920991:G>A","NM_005654.6:c.262G>A","NP_005645.1:p.Val88Met","Pathogenic","null","missense_variant","1/3","null","88","MODERATE","25.3","Zinc_finger&_nuclear_hormone_receptor-type&Zinc_finger&_nuclear_hormone_receptor-type&Zinc_finger&_nuclear_hormone_receptor-type&Zinc_finger&_nuclear_hormone_receptor-type&Zinc_finger&_nuclear_hormone_receptor-type&Zinc_finger&_nuclear_hormone_receptor-type&Zinc_finger&_nuclear_hormone_receptor-type&Zinc_finger&_nuclear_hormone_receptor-type&Zinc_finger&_nuclear_hormone_receptor-type&Zinc_finger&_nuclear_hormone_receptor-type&Zinc_finger&_nuclear_hormone_receptor-type&Zinc_finger&_nuclear_hormone_receptor-type&Zinc_finger&_nuclear_hormone_receptor-type&Zinc_finger&_nuclear_hormone_receptor-type&Zinc_finger&_nuclear_hormone_receptor-type&Zinc_finger&_nuclear_hormone_receptor-type&Zinc_finger&_nuclear_hormone_receptor-type&Zinc_finger&_nuclear_hormone_receptor-type&Zinc_finger&_nuclear_hormone_receptor-type&Zinc_finger&_nuclear_hormone_receptor-type","0","null"","0.2789659093545872","0.0016229128222033414","98.02","2.0"
"5:92920994:T>C","NM_005654.6:c.265T>C","NP_005645.1:p.Cys89Arg","Unknown significance","13 conditions","missense_variant","1/3","null","89","MODERATE","27.5","Zinc_finger&_nuclear_hormone_receptor-type&Zinc_finger&_nuclear_hormone_receptor-type&Zinc_finger&_nuclear_hormone_receptor-type&Zinc_finger&_nuclear_hormone_receptor-type&Zinc_finger&_nuclear_hormone_receptor-type&Zinc_finger&_nuclear_hormone_receptor-type&Zinc_finger&_nuclear_hormone_receptor-type&Zinc_finger&_nuclear_hormone_receptor-type&Zinc_finger&_nuclear_hormone_receptor-type&Zinc_finger&_nuclear_hormone_receptor-type&Zinc_finger&_nuclear_hormone_receptor-type&Zinc_finger&_nuclear_hormone_receptor-type&Zinc_finger&_nuclear_hormone_receptor-type&Zinc_finger&_nuclear_hormone_receptor-type&Zinc_finger&_nuclear_hormone_receptor-type&Zinc_finger&_nuclear_hormone_receptor-type&Zinc_finger&_nuclear_hormone_receptor-type&Zinc_finger&_nuclear_hormone_receptor-type&Zinc_finger&_nuclear_hormone_receptor-type&Zinc_finger&_nuclear_hormone_receptor-type","0","null"","5.3052652968826495","0.03433206249716572","97.85","4.8"
"5:92921015:A>G","NM_005654.6:c.286A>G","NP_005645.1:p.Lys96Glu","Pathogenic","Bosch-Boonstra-Schaaf optic atrophy syndrome","missense_variant","1/3","null","96","MODERATE","26.0","Zinc_finger&_nuclear_hormone_receptor-type&Zinc_finger&_nuclear_hormone_receptor-type&Zinc_finger&_nuclear_hormone_receptor-type&Zinc_finger&_nuclear_hormone_receptor-type&Zinc_finger&_nuclear_hormone_receptor-type&Zinc_finger&_nuclear_hormone_receptor-type&Zinc_finger&_nuclear_hormone_receptor-type&Zinc_finger&_nuclear_hormone_receptor-type&Zinc_finger&_nuclear_hormone_receptor-type&Zinc_finger&_nuclear_hormone_receptor-type&Zinc_finger&_nuclear_hormone_receptor-type&Zinc_finger&_nuclear_hormone_receptor-type&Zinc_finger&_nuclear_hormone_receptor-type&Zinc_finger&_nuclear_hormone_receptor-type&Zinc_finger&_nuclear_hormone_receptor-type&Zinc_finger&_nuclear_hormone_receptor-type&Zinc_finger&_nuclear_hormone_receptor-type&Zinc_finger&_nuclear_hormone_receptor-type&Zinc_finger&_nuclear_hormone_receptor-type&Zinc_finger&_nuclear_hormone_receptor-type","0","null"","143.0073720414309","0.604133811366242","95.57","0.1"
"5:92921018:C>G","NM_005654.6:c.289C>G","NP_005645.1:p.His97Asp","Likely pathogenic","Bosch-Boonstra-Schaaf optic atrophy syndrome","missense_variant","1/3","null","97","MODERATE","27.3","Zinc_finger&_nuclear_hormone_receptor-type&Zinc_finger&_nuclear_hormone_receptor-type&Zinc_finger&_nuclear_hormone_receptor-type&Zinc_finger&_nuclear_hormone_receptor-type&Zinc_finger&_nuclear_hormone_receptor-type&Zinc_finger&_nuclear_hormone_receptor-type&Zinc_finger&_nuclear_hormone_receptor-type&Zinc_finger&_nuclear_hormone_receptor-type&Zinc_finger&_nuclear_hormone_receptor-type&Zinc_finger&_nuclear_hormone_receptor-type&Zinc_finger&_nuclear_hormone_receptor-type&Zinc_finger&_nuclear_hormone_receptor-type&Zinc_finger&_nuclear_hormone_receptor-type&Zinc_finger&_nuclear_hormone_receptor-type&Zinc_finger&_nuclear_hormone_receptor-type&Zinc_finger&_nuclear_hormone_receptor-type&Zinc_finger&_nuclear_hormone_receptor-type&Zinc_finger&_nuclear_hormone_receptor-type&Zinc_finger&_nuclear_hormone_receptor-type&Zinc_finger&_nuclear_hormone_receptor-type","0","null"","39.92455759967883","0.19437247641447686","96.6","2.1"
"5:92921018:C>T","NM_005654.6:c.289C>T","NP_005645.1:p.His97Tyr","Likely pathogenic","Multiple congenital anomalies with intellectual disability","missense_variant","1/3","null","97","MODERATE","26.7","Zinc_finger&_nuclear_hormone_receptor-type&Zinc_finger&_nuclear_hormone_receptor-type&Zinc_finger&_nuclear_hormone_receptor-type&Zinc_finger&_nuclear_hormone_receptor-type&Zinc_finger&_nuclear_hormone_receptor-type&Zinc_finger&_nuclear_hormone_receptor-type&Zinc_finger&_nuclear_hormone_receptor-type&Zinc_finger&_nuclear_hormone_receptor-type&Zinc_finger&_nuclear_hormone_receptor-type&Zinc_finger&_nuclear_hormone_receptor-type&Zinc_finger&_nuclear_hormone_receptor-type&Zinc_finger&_nuclear_hormone_receptor-type&Zinc_finger&_nuclear_hormone_receptor-type&Zinc_finger&_nuclear_hormone_receptor-type&Zinc_finger&_nuclear_hormone_receptor-type&Zinc_finger&_nuclear_hormone_receptor-type&Zinc_finger&_nuclear_hormone_receptor-type&Zinc_finger&_nuclear_hormone_receptor-type&Zinc_finger&_nuclear_hormone_receptor-type&Zinc_finger&_nuclear_hormone_receptor-type","0","null"","39.92455759967883","0.19437247641447686","96.6","0.2"
"5:92921019:A>C","NM_005654.6:c.290A>C","NP_005645.1:p.His97Pro","Pathogenic","null","missense_variant","1/3","null","97","MODERATE","26.5","Zinc_finger&_nuclear_hormone_receptor-type&Zinc_finger&_nuclear_hormone_receptor-type&Zinc_finger&_nuclear_hormone_receptor-type&Zinc_finger&_nuclear_hormone_receptor-type&Zinc_finger&_nuclear_hormone_receptor-type&Zinc_finger&_nuclear_hormone_receptor-type&Zinc_finger&_nuclear_hormone_receptor-type&Zinc_finger&_nuclear_hormone_receptor-type&Zinc_finger&_nuclear_hormone_receptor-type&Zinc_finger&_nuclear_hormone_receptor-type&Zinc_finger&_nuclear_hormone_receptor-type&Zinc_finger&_nuclear_hormone_receptor-type&Zinc_finger&_nuclear_hormone_receptor-type&Zinc_finger&_nuclear_hormone_receptor-type&Zinc_finger&_nuclear_hormone_receptor-type&Zinc_finger&_nuclear_hormone_receptor-type&Zinc_finger&_nuclear_hormone_receptor-type&Zinc_finger&_nuclear_hormone_receptor-type&Zinc_finger&_nuclear_hormone_receptor-type&Zinc_finger&_nuclear_hormone_receptor-type","0","null"","39.92455759967883","0.19437247641447686","96.6","2.3"
"5:92921034:C>T","NM_005654.6:c.305C>T","NP_005645.1:p.Thr102Ile","Likely pathogenic","Autism spectrum disorder","missense_variant","1/3","null","102","MODERATE","27.2","Zinc_finger&_nuclear_hormone_receptor-type&Zinc_finger&_nuclear_hormone_receptor-type&Zinc_finger&_nuclear_hormone_receptor-type&Zinc_finger&_nuclear_hormone_receptor-type&Zinc_finger&_nuclear_hormone_receptor-type&Zinc_finger&_nuclear_hormone_receptor-type&Zinc_finger&_nuclear_hormone_receptor-type&Zinc_finger&_nuclear_hormone_receptor-type&Zinc_finger&_nuclear_hormone_receptor-type&Zinc_finger&_nuclear_hormone_receptor-type&Zinc_finger&_nuclear_hormone_receptor-type&Zinc_finger&_nuclear_hormone_receptor-type&Zinc_finger&_nuclear_hormone_receptor-type&Zinc_finger&_nuclear_hormone_receptor-type&Zinc_finger&_nuclear_hormone_receptor-type&Zinc_finger&_nuclear_hormone_receptor-type&Zinc_finger&_nuclear_hormone_receptor-type&Zinc_finger&_nuclear_hormone_receptor-type&Zinc_finger&_nuclear_hormone_receptor-type&Zinc_finger&_nuclear_hormone_receptor-type&Zinc_finger&_nuclear_hormone_receptor-type&Zinc_finger&_nuclear_hormone_receptor-type&Zinc_finger&_nuclear_hormone_receptor-type&Zinc_finger&_nuclear_hormone_receptor-type","0","null"","0.0","0.0","97.65","0.8"
"5:92921036:T>C","NM_005654.6:c.307T>C","NP_005645.1:p.Cys103Arg","Likely pathogenic","Developmental disorder","missense_variant","1/3","null","103","MODERATE","28.6","Zinc_finger&_nuclear_hormone_receptor-type&Zinc_finger&_nuclear_hormone_receptor-type&Zinc_finger&_nuclear_hormone_receptor-type&Zinc_finger&_nuclear_hormone_receptor-type&Zinc_finger&_nuclear_hormone_receptor-type&Zinc_finger&_nuclear_hormone_receptor-type&Zinc_finger&_nuclear_hormone_receptor-type&Zinc_finger&_nuclear_hormone_receptor-type&Zinc_finger&_nuclear_hormone_receptor-type&Zinc_finger&_nuclear_hormone_receptor-type&Zinc_finger&_nuclear_hormone_receptor-type&Zinc_finger&_nuclear_hormone_receptor-type&Zinc_finger&_nuclear_hormone_receptor-type&Zinc_finger&_nuclear_hormone_receptor-type&Zinc_finger&_nuclear_hormone_receptor-type&Zinc_finger&_nuclear_hormone_receptor-type&Zinc_finger&_nuclear_hormone_receptor-type&Zinc_finger&_nuclear_hormone_receptor-type&Zinc_finger&_nuclear_hormone_receptor-type&Zinc_finger&_nuclear_hormone_receptor-type","0","null"","8.0775009135142","0.05227208266976453","98.13","4.6"
"5:92921042:G>A","NM_005654.6:c.313G>A","NP_005645.1:p.Gly105Ser","Unknown significance","Bosch-Boonstra-Schaaf optic atrophy syndrome","missense_variant","1/3","null","105","MODERATE","29.0","Zinc_finger&_nuclear_hormone_receptor-type&Zinc_finger&_nuclear_hormone_receptor-type&Zinc_finger&_nuclear_hormone_receptor-type&Zinc_finger&_nuclear_hormone_receptor-type&Zinc_finger&_nuclear_hormone_receptor-type&Zinc_finger&_nuclear_hormone_receptor-type&Zinc_finger&_nuclear_hormone_receptor-type&Zinc_finger&_nuclear_hormone_receptor-type&Zinc_finger&_nuclear_hormone_receptor-type&Zinc_finger&_nuclear_hormone_receptor-type&Zinc_finger&_nuclear_hormone_receptor-type&Zinc_finger&_nuclear_hormone_receptor-type&Zinc_finger&_nuclear_hormone_receptor-type&Zinc_finger&_nuclear_hormone_receptor-type&Zinc_finger&_nuclear_hormone_receptor-type&Zinc_finger&_nuclear_hormone_receptor-type&Zinc_finger&_nuclear_hormone_receptor-type&Zinc_finger&_nuclear_hormone_receptor-type&Zinc_finger&_nuclear_hormone_receptor-type&Zinc_finger&_nuclear_hormone_receptor-type","0","null"","30.076255440870014","0.3154426629082435","97.36","0.0"
"5:92921043:G>A","NM_005654.6:c.314G>A","NP_005645.1:p.Gly105Asp","Pathogenic","Neurology, pediatric","missense_variant","1/3","null","105","MODERATE","28.4","Zinc_finger&_nuclear_hormone_receptor-type&Zinc_finger&_nuclear_hormone_receptor-type&Zinc_finger&_nuclear_hormone_receptor-type&Zinc_finger&_nuclear_hormone_receptor-type&Zinc_finger&_nuclear_hormone_receptor-type&Zinc_finger&_nuclear_hormone_receptor-type&Zinc_finger&_nuclear_hormone_receptor-type&Zinc_finger&_nuclear_hormone_receptor-type&Zinc_finger&_nuclear_hormone_receptor-type&Zinc_finger&_nuclear_hormone_receptor-type&Zinc_finger&_nuclear_hormone_receptor-type&Zinc_finger&_nuclear_hormone_receptor-type&Zinc_finger&_nuclear_hormone_receptor-type&Zinc_finger&_nuclear_hormone_receptor-type&Zinc_finger&_nuclear_hormone_receptor-type&Zinc_finger&_nuclear_hormone_receptor-type&Zinc_finger&_nuclear_hormone_receptor-type&Zinc_finger&_nuclear_hormone_receptor-type&Zinc_finger&_nuclear_hormone_receptor-type&Zinc_finger&_nuclear_hormone_receptor-type","0","null"","30.076255440870014","0.3154426629082435","97.36","0.4"
"5:92921046:G>A","NM_005654.6:c.317G>A","NP_005645.1:p.Cys106Tyr","Likely pathogenic","null","missense_variant","1/3","null","106","MODERATE","29.0","Zinc_finger&_nuclear_hormone_receptor-type&Zinc_finger&_nuclear_hormone_receptor-type&Zinc_finger&_nuclear_hormone_receptor-type&Zinc_finger&_nuclear_hormone_receptor-type&Zinc_finger&_nuclear_hormone_receptor-type&Zinc_finger&_nuclear_hormone_receptor-type&Zinc_finger&_nuclear_hormone_receptor-type&Zinc_finger&_nuclear_hormone_receptor-type&Zinc_finger&_nuclear_hormone_receptor-type&Zinc_finger&_nuclear_hormone_receptor-type&Zinc_finger&_nuclear_hormone_receptor-type&Zinc_finger&_nuclear_hormone_receptor-type&Zinc_finger&_nuclear_hormone_receptor-type&Zinc_finger&_nuclear_hormone_receptor-type&Zinc_finger&_nuclear_hormone_receptor-type&Zinc_finger&_nuclear_hormone_receptor-type&Zinc_finger&_nuclear_hormone_receptor-type&Zinc_finger&_nuclear_hormone_receptor-type&Zinc_finger&_nuclear_hormone_receptor-type&Zinc_finger&_nuclear_hormone_receptor-type","0","null"","0.0","0.0","98.41","3.4"
"5:92921052:G>A","NM_005654.6:c.323G>A","NP_005645.1:p.Ser108Asn","Likely benign","Intellectual disability","missense_variant","1/3","null","108","MODERATE","27.4","Zinc_finger&_nuclear_hormone_receptor-type&Zinc_finger&_nuclear_hormone_receptor-type&Zinc_finger&_nuclear_hormone_receptor-type&Zinc_finger&_nuclear_hormone_receptor-type&Zinc_finger&_nuclear_hormone_receptor-type&Zinc_finger&_nuclear_hormone_receptor-type&Zinc_finger&_nuclear_hormone_receptor-type&Zinc_finger&_nuclear_hormone_receptor-type&Zinc_finger&_nuclear_hormone_receptor-type&Zinc_finger&_nuclear_hormone_receptor-type&Zinc_finger&_nuclear_hormone_receptor-type&Zinc_finger&_nuclear_hormone_receptor-type&Zinc_finger&_nuclear_hormone_receptor-type&Zinc_finger&_nuclear_hormone_receptor-type&Zinc_finger&_nuclear_hormone_receptor-type&Zinc_finger&_nuclear_hormone_receptor-type&Zinc_finger&_nuclear_hormone_receptor-type&Zinc_finger&_nuclear_hormone_receptor-type&Zinc_finger&_nuclear_hormone_receptor-type&Zinc_finger&_nuclear_hormone_receptor-type","0","null"","42.92811680058617","0.31128263644382725","96.87","0.1"
"5:92921052:G>T","NM_005654.6:c.323G>T","NP_005645.1:p.Ser108Ile","Likely pathogenic","null","missense_variant","1/3","null","108","MODERATE","29.0","Zinc_finger&_nuclear_hormone_receptor-type&Zinc_finger&_nuclear_hormone_receptor-type&Zinc_finger&_nuclear_hormone_receptor-type&Zinc_finger&_nuclear_hormone_receptor-type&Zinc_finger&_nuclear_hormone_receptor-type&Zinc_finger&_nuclear_hormone_receptor-type&Zinc_finger&_nuclear_hormone_receptor-type&Zinc_finger&_nuclear_hormone_receptor-type&Zinc_finger&_nuclear_hormone_receptor-type&Zinc_finger&_nuclear_hormone_receptor-type&Zinc_finger&_nuclear_hormone_receptor-type&Zinc_finger&_nuclear_hormone_receptor-type&Zinc_finger&_nuclear_hormone_receptor-type&Zinc_finger&_nuclear_hormone_receptor-type&Zinc_finger&_nuclear_hormone_receptor-type&Zinc_finger&_nuclear_hormone_receptor-type&Zinc_finger&_nuclear_hormone_receptor-type&Zinc_finger&_nuclear_hormone_receptor-type&Zinc_finger&_nuclear_hormone_receptor-type&Zinc_finger&_nuclear_hormone_receptor-type","0","null"","42.92811680058617","0.31128263644382725","96.87","0.8"
"5:92921056:C>A","NM_005654.6:c.327C>A","NP_005645.1:p.Phe109Leu","Likely pathogenic","Bosch-Boonstra-Schaaf optic atrophy syndrome","missense_variant","1/3","null","109","MODERATE","28.5","Zinc_finger&_nuclear_hormone_receptor-type&Zinc_finger&_nuclear_hormone_receptor-type&Zinc_finger&_nuclear_hormone_receptor-type&Zinc_finger&_nuclear_hormone_receptor-type&Zinc_finger&_nuclear_hormone_receptor-type&Zinc_finger&_nuclear_hormone_receptor-type&Zinc_finger&_nuclear_hormone_receptor-type&Zinc_finger&_nuclear_hormone_receptor-type&Zinc_finger&_nuclear_hormone_receptor-type&Zinc_finger&_nuclear_hormone_receptor-type&Zinc_finger&_nuclear_hormone_receptor-type&Zinc_finger&_nuclear_hormone_receptor-type&Zinc_finger&_nuclear_hormone_receptor-type&Zinc_finger&_nuclear_hormone_receptor-type&Zinc_finger&_nuclear_hormone_receptor-type&Zinc_finger&_nuclear_hormone_receptor-type&Zinc_finger&_nuclear_hormone_receptor-type&Zinc_finger&_nuclear_hormone_receptor-type&Zinc_finger&_nuclear_hormone_receptor-type&Zinc_finger&_nuclear_hormone_receptor-type","0","null"","0.9025873262570474","0.003928556402200716","98.24","2.5"
"5:92921064:G>A","NM_005654.6:c.335G>A","NP_005645.1:p.Arg112Lys","Likely pathogenic","Optic atrophy with intellectual disability","missense_variant","1/3","null","112","MODERATE","28.8","Zinc_finger&_nuclear_hormone_receptor-type&Zinc_finger&_nuclear_hormone_receptor-type&Zinc_finger&_nuclear_hormone_receptor-type&Zinc_finger&_nuclear_hormone_receptor-type&Zinc_finger&_nuclear_hormone_receptor-type&Zinc_finger&_nuclear_hormone_receptor-type&Zinc_finger&_nuclear_hormone_receptor-type&Zinc_finger&_nuclear_hormone_receptor-type&Zinc_finger&_nuclear_hormone_receptor-type&Zinc_finger&_nuclear_hormone_receptor-type&Zinc_finger&_nuclear_hormone_receptor-type&Zinc_finger&_nuclear_hormone_receptor-type&Zinc_finger&_nuclear_hormone_receptor-type&Zinc_finger&_nuclear_hormone_receptor-type&Zinc_finger&_nuclear_hormone_receptor-type&Zinc_finger&_nuclear_hormone_receptor-type&Zinc_finger&_nuclear_hormone_receptor-type&Zinc_finger&_nuclear_hormone_receptor-type&Zinc_finger&_nuclear_hormone_receptor-type&Zinc_finger&_nuclear_hormone_receptor-type","0","null"","90.15384879572149","0.33461503096967066","92.78","0.9"
"5:92921068:C>A","NM_005654.6:c.339C>A","NP_005645.1:p.Ser113Arg","Pathogenic","Optic atrophy with intellectual disability","missense_variant","1/3","null","113","MODERATE","26.6","Zinc_finger&_nuclear_hormone_receptor-type&Zinc_finger&_nuclear_hormone_receptor-type&Zinc_finger&_nuclear_hormone_receptor-type&Zinc_finger&_nuclear_hormone_receptor-type&Zinc_finger&_nuclear_hormone_receptor-type&Zinc_finger&_nuclear_hormone_receptor-type&Zinc_finger&_nuclear_hormone_receptor-type&Zinc_finger&_nuclear_hormone_receptor-type&Zinc_finger&_nuclear_hormone_receptor-type&Zinc_finger&_nuclear_hormone_receptor-type&Zinc_finger&_nuclear_hormone_receptor-type&Zinc_finger&_nuclear_hormone_receptor-type&Zinc_finger&_nuclear_hormone_receptor-type&Zinc_finger&_nuclear_hormone_receptor-type&Zinc_finger&_nuclear_hormone_receptor-type&Zinc_finger&_nuclear_hormone_receptor-type","0","null"","0.3866448351880496","0.0028036595274797084","92.02","0.1"
"5:92921073:G>C","NM_005654.6:c.344G>C","NP_005645.1:p.Arg115Pro","Pathogenic","Optic atrophy with intellectual disability","missense_variant","1/3","null","115","MODERATE","31","Zinc_finger&_nuclear_hormone_receptor-type&Zinc_finger&_nuclear_hormone_receptor-type&Zinc_finger&_nuclear_hormone_receptor-type&Zinc_finger&_nuclear_hormone_receptor-type&Zinc_finger&_nuclear_hormone_receptor-type&Zinc_finger&_nuclear_hormone_receptor-type&Zinc_finger&_nuclear_hormone_receptor-type&Zinc_finger&_nuclear_hormone_receptor-type&Zinc_finger&_nuclear_hormone_receptor-type&Zinc_finger&_nuclear_hormone_receptor-type&Zinc_finger&_nuclear_hormone_receptor-type&Zinc_finger&_nuclear_hormone_receptor-type&Zinc_finger&_nuclear_hormone_receptor-type&Zinc_finger&_nuclear_hormone_receptor-type&Zinc_finger&_nuclear_hormone_receptor-type&Zinc_finger&_nuclear_hormone_receptor-type","0","null"","38.005107782181334","0.1410597604807284","83.54","0.8"
"5:92921094:G>C","NM_005654.6:c.365G>C","NP_005645.1:p.Cys122Ser","Likely pathogenic","null","missense_variant","1/3","null","122","MODERATE","28.3","Zinc_finger&_nuclear_hormone_receptor-type&Zinc_finger&_nuclear_hormone_receptor-type&Zinc_finger&_nuclear_hormone_receptor-type&Zinc_finger&_nuclear_hormone_receptor-type&Zinc_finger&_nuclear_hormone_receptor-type&Zinc_finger&_nuclear_hormone_receptor-type&Zinc_finger&_nuclear_hormone_receptor-type&Zinc_finger&_nuclear_hormone_receptor-type&Zinc_finger&_nuclear_hormone_receptor-type&Zinc_finger&_nuclear_hormone_receptor-type&Zinc_finger&_nuclear_hormone_receptor-type&Zinc_finger&_nuclear_hormone_receptor-type","0","null"","33.582957042558405","0.21732601773981564","84.96","3.4"
"5:92921096:C>G","NM_005654.6:c.367C>G","NP_005645.1:p.Arg123Gly","Unknown significance","null","missense_variant","1/3","null","123","MODERATE","25.4","Zinc_finger&_nuclear_hormone_receptor-type&Zinc_finger&_nuclear_hormone_receptor-type&Zinc_finger&_nuclear_hormone_receptor-type&Zinc_finger&_nuclear_hormone_receptor-type&Zinc_finger&_nuclear_hormone_receptor-type&Zinc_finger&_nuclear_hormone_receptor-type&Zinc_finger&_nuclear_hormone_receptor-type&Zinc_finger&_nuclear_hormone_receptor-type&Zinc_finger&_nuclear_hormone_receptor-type&Zinc_finger&_nuclear_hormone_receptor-type&Zinc_finger&_nuclear_hormone_receptor-type&Zinc_finger&_nuclear_hormone_receptor-type","0.00088039","gnomad_AF_nfe_pass"","227.9650160707797","0.8461149682624036","91.14","0.3"
"5:92921100:C>T","NM_005654.6:c.371C>T","NP_005645.1:p.Ala124Val","Unknown significance","null","missense_variant","1/3","null","124","MODERATE","28.7","Zinc_finger&_nuclear_hormone_receptor-type&Zinc_finger&_nuclear_hormone_receptor-type&Zinc_finger&_nuclear_hormone_receptor-type&Zinc_finger&_nuclear_hormone_receptor-type&Zinc_finger&_nuclear_hormone_receptor-type&Zinc_finger&_nuclear_hormone_receptor-type&Zinc_finger&_nuclear_hormone_receptor-type&Zinc_finger&_nuclear_hormone_receptor-type&Zinc_finger&_nuclear_hormone_receptor-type&Zinc_finger&_nuclear_hormone_receptor-type&Zinc_finger&_nuclear_hormone_receptor-type&Zinc_finger&_nuclear_hormone_receptor-type","0.00326648","gnomad_AF_sas_pass"","44.58769588868679","0.3506460225075167","90.29","0.4"
"5:92921103:A>G","NM_005654.6:c.374A>G","NP_005645.1:p.Asn125Ser","Unknown significance","null","missense_variant","1/3","null","125","MODERATE","22.6","Zinc_finger&_nuclear_hormone_receptor-type&Zinc_finger&_nuclear_hormone_receptor-type&Zinc_finger&_nuclear_hormone_receptor-type&Zinc_finger&_nuclear_hormone_receptor-type&Zinc_finger&_nuclear_hormone_receptor-type&Zinc_finger&_nuclear_hormone_receptor-type&Zinc_finger&_nuclear_hormone_receptor-type&Zinc_finger&_nuclear_hormone_receptor-type&Zinc_finger&_nuclear_hormone_receptor-type&Zinc_finger&_nuclear_hormone_receptor-type&Zinc_finger&_nuclear_hormone_receptor-type&Zinc_finger&_nuclear_hormone_receptor-type","0.00264094","gnomad_AF_nfe_pass"","142.38639636916838","0.890877737742509","91.55","0.1"
"5:92921111:T>C","NM_005654.6:c.382T>C","NP_005645.1:p.Cys128Arg","Likely pathogenic","Bosch-Boonstra-Schaaf optic atrophy syndrome","missense_variant","1/3","null","128","MODERATE","29.6","Zinc_finger&_nuclear_hormone_receptor-type&Zinc_finger&_nuclear_hormone_receptor-type&Zinc_finger&_nuclear_hormone_receptor-type&Zinc_finger&_nuclear_hormone_receptor-type&Zinc_finger&_nuclear_hormone_receptor-type&Zinc_finger&_nuclear_hormone_receptor-type&Zinc_finger&_nuclear_hormone_receptor-type&Zinc_finger&_nuclear_hormone_receptor-type&Zinc_finger&_nuclear_hormone_receptor-type&Zinc_finger&_nuclear_hormone_receptor-type&Zinc_finger&_nuclear_hormone_receptor-type&Zinc_finger&_nuclear_hormone_receptor-type","0","null"","12.165397842766895","0.07872616649089635","95.52","3.9"
"5:92921132:C>A","NM_005654.6:c.403C>A","NP_005645.1:p.Arg135Ser","Pathogenic","Bosch-Boonstra-Schaaf optic atrophy syndrome","missense_variant","1/3","null","135","MODERATE","29.7","Zinc_finger&_nuclear_hormone_receptor-type&Zinc_finger&_nuclear_hormone_receptor-type&Zinc_finger&_nuclear_hormone_receptor-type&Zinc_finger&_nuclear_hormone_receptor-type&Zinc_finger&_nuclear_hormone_receptor-type&Zinc_finger&_nuclear_hormone_receptor-type&Zinc_finger&_nuclear_hormone_receptor-type&Zinc_finger&_nuclear_hormone_receptor-type&Zinc_finger&_nuclear_hormone_receptor-type&Zinc_finger&_nuclear_hormone_receptor-type&Zinc_finger&_nuclear_hormone_receptor-type&Zinc_finger&_nuclear_hormone_receptor-type&Zinc_finger&_nuclear_hormone_receptor-type&Zinc_finger&_nuclear_hormone_receptor-type&Zinc_finger&_nuclear_hormone_receptor-type&Zinc_finger&_nuclear_hormone_receptor-type","0","null"","43.97895884168692","0.16323230645615355","96.67","1.3"
"5:92921132:C>T","NM_005654.6:c.403C>T","NP_005645.1:p.Arg135Cys","Pathogenic","West syndrome","missense_variant","1/3","null","135","MODERATE","32","Zinc_finger&_nuclear_hormone_receptor-type&Zinc_finger&_nuclear_hormone_receptor-type&Zinc_finger&_nuclear_hormone_receptor-type&Zinc_finger&_nuclear_hormone_receptor-type&Zinc_finger&_nuclear_hormone_receptor-type&Zinc_finger&_nuclear_hormone_receptor-type&Zinc_finger&_nuclear_hormone_receptor-type&Zinc_finger&_nuclear_hormone_receptor-type&Zinc_finger&_nuclear_hormone_receptor-type&Zinc_finger&_nuclear_hormone_receptor-type&Zinc_finger&_nuclear_hormone_receptor-type&Zinc_finger&_nuclear_hormone_receptor-type&Zinc_finger&_nuclear_hormone_receptor-type&Zinc_finger&_nuclear_hormone_receptor-type&Zinc_finger&_nuclear_hormone_receptor-type&Zinc_finger&_nuclear_hormone_receptor-type","0","null"","43.97895884168692","0.16323230645615355","96.67","0.3"
"5:92921142:G>A","NM_005654.6:c.413G>A","NP_005645.1:p.Cys138Tyr","Pathogenic","Bosch-Boonstra-Schaaf optic atrophy syndrome","missense_variant","1/3","null","138","MODERATE","29.3","Zinc_finger&_nuclear_hormone_receptor-type&Zinc_finger&_nuclear_hormone_receptor-type&Zinc_finger&_nuclear_hormone_receptor-type&Zinc_finger&_nuclear_hormone_receptor-type&Zinc_finger&_nuclear_hormone_receptor-type&Zinc_finger&_nuclear_hormone_receptor-type&Zinc_finger&_nuclear_hormone_receptor-type&Zinc_finger&_nuclear_hormone_receptor-type&Zinc_finger&_nuclear_hormone_receptor-type&Zinc_finger&_nuclear_hormone_receptor-type&Zinc_finger&_nuclear_hormone_receptor-type&Zinc_finger&_nuclear_hormone_receptor-type&Zinc_finger&_nuclear_hormone_receptor-type&Zinc_finger&_nuclear_hormone_receptor-type&Zinc_finger&_nuclear_hormone_receptor-type&Zinc_finger&_nuclear_hormone_receptor-type","0","null"","2.112378313176465","0.013669873268778035","97.15","3.2"
"5:92921146:A>T","NM_005654.6:c.417A>T","NP_005645.1:p.Gln139His","Pathogenic","null","missense_variant","1/3","null","139","MODERATE","26.0","Zinc_finger&_nuclear_hormone_receptor-type&Zinc_finger&_nuclear_hormone_receptor-type&Zinc_finger&_nuclear_hormone_receptor-type&Zinc_finger&_nuclear_hormone_receptor-type&Zinc_finger&_nuclear_hormone_receptor-type&Zinc_finger&_nuclear_hormone_receptor-type&Zinc_finger&_nuclear_hormone_receptor-type&Zinc_finger&_nuclear_hormone_receptor-type&Zinc_finger&_nuclear_hormone_receptor-type&Zinc_finger&_nuclear_hormone_receptor-type&Zinc_finger&_nuclear_hormone_receptor-type&Zinc_finger&_nuclear_hormone_receptor-type&Zinc_finger&_nuclear_hormone_receptor-type&Zinc_finger&_nuclear_hormone_receptor-type&Zinc_finger&_nuclear_hormone_receptor-type&Zinc_finger&_nuclear_hormone_receptor-type","0","null"","76.99997393672268","0.38937705181155297","97.18","0.0"
"5:92921153:C>T","NM_005654.6:c.424C>T","NP_005645.1:p.Arg142Cys","Pathogenic","null","missense_variant","1/3","null","142","MODERATE","32","Zinc_finger&_nuclear_hormone_receptor-type&Zinc_finger&_nuclear_hormone_receptor-type&Zinc_finger&_nuclear_hormone_receptor-type&Zinc_finger&_nuclear_hormone_receptor-type&Zinc_finger&_nuclear_hormone_receptor-type&Zinc_finger&_nuclear_hormone_receptor-type&Zinc_finger&_nuclear_hormone_receptor-type&Zinc_finger&_nuclear_hormone_receptor-type&Zinc_finger&_nuclear_hormone_receptor-type&Zinc_finger&_nuclear_hormone_receptor-type&Zinc_finger&_nuclear_hormone_receptor-type&Zinc_finger&_nuclear_hormone_receptor-type&Zinc_finger&_nuclear_hormone_receptor-type&Zinc_finger&_nuclear_hormone_receptor-type&Zinc_finger&_nuclear_hormone_receptor-type&Zinc_finger&_nuclear_hormone_receptor-type","0","null"","10.204204613859634","0.037873926498959876","98.23","0.5"
"5:92921154:G>A","NM_005654.6:c.425G>A","NP_005645.1:p.Arg142His","Pathogenic","Inborn genetic diseases; Bosch-Boonstra-Schaaf optic atrophy syndrome","missense_variant","1/3","null","142","MODERATE","32","Zinc_finger&_nuclear_hormone_receptor-type&Zinc_finger&_nuclear_hormone_receptor-type&Zinc_finger&_nuclear_hormone_receptor-type&Zinc_finger&_nuclear_hormone_receptor-type&Zinc_finger&_nuclear_hormone_receptor-type&Zinc_finger&_nuclear_hormone_receptor-type&Zinc_finger&_nuclear_hormone_receptor-type&Zinc_finger&_nuclear_hormone_receptor-type&Zinc_finger&_nuclear_hormone_receptor-type&Zinc_finger&_nuclear_hormone_receptor-type&Zinc_finger&_nuclear_hormone_receptor-type&Zinc_finger&_nuclear_hormone_receptor-type&Zinc_finger&_nuclear_hormone_receptor-type&Zinc_finger&_nuclear_hormone_receptor-type&Zinc_finger&_nuclear_hormone_receptor-type&Zinc_finger&_nuclear_hormone_receptor-type","0","null"","10.204204613859634","0.037873926498959876","98.23","0.3"
"5:92921154:G>T","NM_005654.6:c.425G>T","NP_005645.1:p.Arg142Leu","Likely pathogenic","Bosch-Boonstra-Schaaf optic atrophy syndrome","missense_variant","1/3","null","142","MODERATE","32","Zinc_finger&_nuclear_hormone_receptor-type&Zinc_finger&_nuclear_hormone_receptor-type&Zinc_finger&_nuclear_hormone_receptor-type&Zinc_finger&_nuclear_hormone_receptor-type&Zinc_finger&_nuclear_hormone_receptor-type&Zinc_finger&_nuclear_hormone_receptor-type&Zinc_finger&_nuclear_hormone_receptor-type&Zinc_finger&_nuclear_hormone_receptor-type&Zinc_finger&_nuclear_hormone_receptor-type&Zinc_finger&_nuclear_hormone_receptor-type&Zinc_finger&_nuclear_hormone_receptor-type&Zinc_finger&_nuclear_hormone_receptor-type&Zinc_finger&_nuclear_hormone_receptor-type&Zinc_finger&_nuclear_hormone_receptor-type&Zinc_finger&_nuclear_hormone_receptor-type&Zinc_finger&_nuclear_hormone_receptor-type","0","null"","10.204204613859634","0.037873926498959876","98.23","0.3"
"5:92921165:T>C","NM_005654.6:c.436T>C","NP_005645.1:p.Cys146Arg","Pathogenic","Bosch-Boonstra-Schaaf optic atrophy syndrome","missense_variant","1/3","null","146","MODERATE","29.9","Zinc_finger&_nuclear_hormone_receptor-type&Zinc_finger&_nuclear_hormone_receptor-type&Zinc_finger&_nuclear_hormone_receptor-type&Zinc_finger&_nuclear_hormone_receptor-type&Zinc_finger&_nuclear_hormone_receptor-type&Zinc_finger&_nuclear_hormone_receptor-type&Zinc_finger&_nuclear_hormone_receptor-type&Zinc_finger&_nuclear_hormone_receptor-type&Zinc_finger&_nuclear_hormone_receptor-type&Zinc_finger&_nuclear_hormone_receptor-type&Zinc_finger&_nuclear_hormone_receptor-type&Zinc_finger&_nuclear_hormone_receptor-type&Zinc_finger&_nuclear_hormone_receptor-type&Zinc_finger&_nuclear_hormone_receptor-type&Zinc_finger&_nuclear_hormone_receptor-type&Zinc_finger&_nuclear_hormone_receptor-type","0","null"","0.0","0.0","97.64","4.5"
"5:92921166:G>A","NM_005654.6:c.437G>A","NP_005645.1:p.Cys146Tyr","Unknown significance","Bosch-Boonstra-Schaaf optic atrophy syndrome","missense_variant","1/3","null","146","MODERATE","27.5","Zinc_finger&_nuclear_hormone_receptor-type&Zinc_finger&_nuclear_hormone_receptor-type&Zinc_finger&_nuclear_hormone_receptor-type&Zinc_finger&_nuclear_hormone_receptor-type&Zinc_finger&_nuclear_hormone_receptor-type&Zinc_finger&_nuclear_hormone_receptor-type&Zinc_finger&_nuclear_hormone_receptor-type&Zinc_finger&_nuclear_hormone_receptor-type&Zinc_finger&_nuclear_hormone_receptor-type&Zinc_finger&_nuclear_hormone_receptor-type&Zinc_finger&_nuclear_hormone_receptor-type&Zinc_finger&_nuclear_hormone_receptor-type&Zinc_finger&_nuclear_hormone_receptor-type&Zinc_finger&_nuclear_hormone_receptor-type&Zinc_finger&_nuclear_hormone_receptor-type&Zinc_finger&_nuclear_hormone_receptor-type","0","null"","0.0","0.0","97.64","2.4"
"5:92921181:T>C","NM_005654.6:c.452T>C","NP_005645.1:p.Met151Thr","Likely pathogenic","Bosch-Boonstra-Schaaf optic atrophy syndrome","missense_variant","1/3","null","151","MODERATE","27.0","Zinc_finger&_nuclear_hormone_receptor-type&Zinc_finger&_nuclear_hormone_receptor-type&Zinc_finger&_nuclear_hormone_receptor-type&Zinc_finger&_nuclear_hormone_receptor-type&Zinc_finger&_nuclear_hormone_receptor-type&Zinc_finger&_nuclear_hormone_receptor-type&Zinc_finger&_nuclear_hormone_receptor-type&Zinc_finger&_nuclear_hormone_receptor-type&Zinc_finger&_nuclear_hormone_receptor-type&Zinc_finger&_nuclear_hormone_receptor-type&Zinc_finger&_nuclear_hormone_receptor-type&Zinc_finger&_nuclear_hormone_receptor-type&Zinc_finger&_nuclear_hormone_receptor-type&Zinc_finger&_nuclear_hormone_receptor-type&Zinc_finger&_nuclear_hormone_receptor-type&Zinc_finger&_nuclear_hormone_receptor-type","0","null"","3.771667454067195","0.01741842730092079","96.68","2.9"
"5:92921182:G>C","NM_005654.6:c.453G>C","NP_005645.1:p.Met151Ile","Likely pathogenic","Bosch-Boonstra-Schaaf optic atrophy syndrome","missense_variant","1/3","null","151","MODERATE","24.1","Zinc_finger&_nuclear_hormone_receptor-type&Zinc_finger&_nuclear_hormone_receptor-type&Zinc_finger&_nuclear_hormone_receptor-type&Zinc_finger&_nuclear_hormone_receptor-type&Zinc_finger&_nuclear_hormone_receptor-type&Zinc_finger&_nuclear_hormone_receptor-type&Zinc_finger&_nuclear_hormone_receptor-type&Zinc_finger&_nuclear_hormone_receptor-type&Zinc_finger&_nuclear_hormone_receptor-type&Zinc_finger&_nuclear_hormone_receptor-type&Zinc_finger&_nuclear_hormone_receptor-type&Zinc_finger&_nuclear_hormone_receptor-type&Zinc_finger&_nuclear_hormone_receptor-type&Zinc_finger&_nuclear_hormone_receptor-type&Zinc_finger&_nuclear_hormone_receptor-type&Zinc_finger&_nuclear_hormone_receptor-type","0","null"","3.771667454067195","0.01741842730092079","96.68","0.7"
"5:92921192:G>A","NM_005654.6:c.463G>A","NP_005645.1:p.Ala155Thr","Likely pathogenic","Bosch-Boonstra-Schaaf optic atrophy syndrome","missense_variant&splice_region_variant","1/3","null","155","MODERATE","34","Zinc_finger&_nuclear_hormone_receptor-type&Zinc_finger&_nuclear_hormone_receptor-type&Zinc_finger&_nuclear_hormone_receptor-type&Zinc_finger&_nuclear_hormone_receptor-type","0","null"","32.062532302689156","0.25214578146230926","82.47","0.2"
"5:92923632:G>A","NM_005654.6:c.473G>A","NP_005645.1:p.Arg158Gln","Unknown significance","null","missense_variant","2/3","null","158","MODERATE","32","Zinc_finger&_nuclear_hormone_receptor-type&Zinc_finger&_nuclear_hormone_receptor-type&Zinc_finger&_nuclear_hormone_receptor-type&Zinc_finger&_nuclear_hormone_receptor-type","0.00195561","gnomad_AF_nfe_pass"","141.84512833242883","0.5264723874118739","59.66","0.1"
"5:92923635:G>A","NM_005654.6:c.476G>A","NP_005645.1:p.Gly159Glu","Unknown significance","null","missense_variant","2/3","null","159","MODERATE","24.7","null","0","null"","38.26560292061872","0.40133332777413944","52.89","0.4"
"5:92923662:C>T","NM_005654.6:c.503C>T","NP_005645.1:p.Pro168Leu","Unknown significance","null","missense_variant","2/3","null","168","MODERATE","23.9","null","0.000903963","gnomad_AF_nfe_pass"","129.46634061742995","0.8230530837990511","41.43","0.1"
"5:92923664:G>A","NM_005654.6:c.505G>A","NP_005645.1:p.Gly169Ser","Unknown significance","null","missense_variant","2/3","null","169","MODERATE","23.5","null","0.0184797","gnomad_AF_afr_pass"","42.347692730408","0.44414667873673147","35.72","0.3"
"5:92923669:G>C","NM_005654.6:c.510G>C","NP_005645.1:p.Gln170His","Unknown significance","null","missense_variant","2/3","null","170","MODERATE","22.4","null","0.0054407","gnomad_AF_eas_pass"","58.320033655008785","0.2949154604233935","38.12","0.1"
"5:92923673:G>A","NM_005654.6:c.514G>A","NP_005645.1:p.Ala172Thr","Unknown significance","null","missense_variant","2/3","null","172","MODERATE","23.7","null","0.000891361","gnomad_AF_nfe_pass"","45.937600518241794","0.36126192628284604","40.84","0.1"
"5:92923673:G>C","NM_005654.6:c.514G>C","NP_005645.1:p.Ala172Pro","Unknown significance","null","missense_variant","2/3","null","172","MODERATE","23.7","null","0.000891361","gnomad_AF_nfe_pass"","45.937600518241794","0.36126192628284604","40.84","0.2"
"5:92923676:C>T","NM_005654.6:c.517C>T","NP_005645.1:p.Leu173Phe","Unknown significance","null","missense_variant","2/3","null","173","MODERATE","22.8","null","0.000889474","gnomad_AF_nfe_pass"","41.98345597565154","0.21769866842773852","45.55","0.1"
"5:92923694:C>T","NM_005654.6:c.535C>T","NP_005645.1:p.Leu179Phe","Likely benign","null","missense_variant","2/3","null","179","MODERATE","20.5","null","0.000882815","gnomad_AF_nfe_pass"","184.1820829689331","0.9550474890356317","43.46","0.0"
"5:92923706:T>A","NM_005654.6:c.547T>A","NP_005645.1:p.Cys183Ser","Unknown significance","null","missense_variant","2/3","null","183","MODERATE","21.8","null","0.00615991","gnomad_AF_afr_pass"","65.87037979339689","0.42626822019772914","64.41","0.2"
"5:92923712:C>G","NM_005654.6:c.553C>G","NP_005645.1:p.Leu185Val","Unknown significance","null","missense_variant","2/3","null","185","MODERATE","22.1","Nuclear_hormone_receptor&_ligand-binding_domain&Nuclear_hormone_receptor&_ligand-binding_domain&Nuclear_hormone_receptor&_ligand-binding_domain&Nuclear_hormone_receptor&_ligand-binding_domain","0","null"","26.66184587517585","0.1382508469102108","89.75","0.3"
"5:92923747:G>T","NM_005654.6:c.588G>T","NP_005645.1:p.Glu196Asp","Unknown significance","null","missense_variant","2/3","null","196","MODERATE","22.5","Nuclear_hormone_receptor&_ligand-binding_domain&Nuclear_hormone_receptor&_ligand-binding_domain&Nuclear_hormone_receptor&_ligand-binding_domain&Nuclear_hormone_receptor&_ligand-binding_domain","0.00289134","gnomad_AF_amr_pass"","25.4448806533501","0.1303056030409773","89.66","0.3"
"5:92923749:C>A","NM_005654.6:c.590C>A","NP_005645.1:p.Pro197His","Unknown significance","null","missense_variant","2/3","null","197","MODERATE","26.0","Nuclear_hormone_receptor&_ligand-binding_domain&Nuclear_hormone_receptor&_ligand-binding_domain&Nuclear_hormone_receptor&_ligand-binding_domain&Nuclear_hormone_receptor&_ligand-binding_domain","0.00648424","gnomad_AF_nfe_pass"","31.81795920490595","0.20227550511506923","78.2","0.1"
"5:92923760:T>A","NM_005654.6:c.601T>A","NP_005645.1:p.Ser201Thr","Unknown significance","null","missense_variant","2/3","null","201","MODERATE","22.1","Nuclear_hormone_receptor&_ligand-binding_domain&Nuclear_hormone_receptor&_ligand-binding_domain&Nuclear_hormone_receptor&_ligand-binding_domain&Nuclear_hormone_receptor&_ligand-binding_domain","0","null"","46.373410894517036","0.3362653356352463","58.83","0.3"
"5:92923769:G>A","NM_005654.6:c.610G>A","NP_005645.1:p.Gly204Ser","Unknown significance","null","missense_variant","2/3","null","204","MODERATE","23.4","Nuclear_hormone_receptor&_ligand-binding_domain&Nuclear_hormone_receptor&_ligand-binding_domain&Nuclear_hormone_receptor&_ligand-binding_domain&Nuclear_hormone_receptor&_ligand-binding_domain","0.00616675","gnomad_AF_afr_pass"","7.519062408949123","0.07886065050601838","50.04","0.5"
"5:92923770:G>C","NM_005654.6:c.611G>C","NP_005645.1:p.Gly204Ala","Unknown significance","null","missense_variant","2/3","null","204","MODERATE","22.8","Nuclear_hormone_receptor&_ligand-binding_domain&Nuclear_hormone_receptor&_ligand-binding_domain&Nuclear_hormone_receptor&_ligand-binding_domain&Nuclear_hormone_receptor&_ligand-binding_domain","0","null"","7.519062408949123","0.07886065050601838","50.04","0.7"
"5:92923782:T>G","NM_005654.6:c.623T>G","NP_005645.1:p.Met208Arg","Unknown significance","null","missense_variant","2/3","null","208","MODERATE","24.8","Nuclear_hormone_receptor&_ligand-binding_domain&Nuclear_hormone_receptor&_ligand-binding_domain&Nuclear_hormone_receptor&_ligand-binding_domain&Nuclear_hormone_receptor&_ligand-binding_domain&Nuclear_hormone_receptor&_ligand-binding_domain&Nuclear_hormone_receptor&_ligand-binding_domain&Nuclear_hormone_receptor&_ligand-binding_domain&Nuclear_hormone_receptor&_ligand-binding_domain","0.00289134","gnomad_AF_amr_pass"","89.33468640504735","0.41256811729753085","39.38","0.4"
"5:92923791:A>G","NM_005654.6:c.632A>G","NP_005645.1:p.Asn211Ser","Unknown significance","null","missense_variant","2/3","null","211","MODERATE","22.5","Nuclear_hormone_receptor&_ligand-binding_domain&Nuclear_hormone_receptor&_ligand-binding_domain&Nuclear_hormone_receptor&_ligand-binding_domain&Nuclear_hormone_receptor&_ligand-binding_domain&Nuclear_hormone_receptor&_ligand-binding_domain&Nuclear_hormone_receptor&_ligand-binding_domain&Nuclear_hormone_receptor&_ligand-binding_domain&Nuclear_hormone_receptor&_ligand-binding_domain","0.00263931","gnomad_AF_nfe_pass"","152.48837286419132","0.9540833964016445","46.83","0.0"
"5:92923808:G>C","NM_005654.6:c.649G>C","NP_005645.1:p.Glu217Gln","Unknown significance","null","missense_variant","2/3","null","217","MODERATE","28.6","Nuclear_hormone_receptor&_ligand-binding_domain&Nuclear_hormone_receptor&_ligand-binding_domain&Nuclear_hormone_receptor&_ligand-binding_domain&Nuclear_hormone_receptor&_ligand-binding_domain&Nuclear_hormone_receptor&_ligand-binding_domain&Nuclear_hormone_receptor&_ligand-binding_domain&Nuclear_hormone_receptor&_ligand-binding_domain&Nuclear_hormone_receptor&_ligand-binding_domain","0.00564398","gnomad_AF_amr_pass"","109.30638829111982","0.5597681921384964","65.53","0.2"
"5:92923844:A>C","NM_005654.6:c.685A>C","NP_005645.1:p.Ser229Arg","Unknown significance","null","missense_variant","2/3","null","229","MODERATE","24.1","Nuclear_hormone_receptor&_ligand-binding_domain&Nuclear_hormone_receptor&_ligand-binding_domain&Nuclear_hormone_receptor&_ligand-binding_domain&Nuclear_hormone_receptor&_ligand-binding_domain&Nuclear_hormone_receptor&_ligand-binding_domain&Nuclear_hormone_receptor&_ligand-binding_domain&Nuclear_hormone_receptor&_ligand-binding_domain&Nuclear_hormone_receptor&_ligand-binding_domain&Nuclear_hormone_receptor&_ligand-binding_domain&Nuclear_hormone_receptor&_ligand-binding_domain&Nuclear_hormone_receptor&_ligand-binding_domain&Nuclear_hormone_receptor&_ligand-binding_domain","0.000879879","gnomad_AF_nfe_pass"","0.0","0.0","92.84","0.8"
"5:92923877:T>C","NM_005654.6:c.718T>C","NP_005645.1:p.Phe240Leu","Unknown significance","null","missense_variant","2/3","null","240","MODERATE","31","Nuclear_hormone_receptor&_ligand-binding_domain&Nuclear_hormone_receptor&_ligand-binding_domain&Nuclear_hormone_receptor&_ligand-binding_domain&Nuclear_hormone_receptor&_ligand-binding_domain&Nuclear_hormone_receptor&_ligand-binding_domain&Nuclear_hormone_receptor&_ligand-binding_domain&Nuclear_hormone_receptor&_ligand-binding_domain&Nuclear_hormone_receptor&_ligand-binding_domain&Nuclear_hormone_receptor&_ligand-binding_domain&Nuclear_hormone_receptor&_ligand-binding_domain&Nuclear_hormone_receptor&_ligand-binding_domain&Nuclear_hormone_receptor&_ligand-binding_domain","0","gnomad_AF_afr_pass,gnomad_AF_sas_pass,gnomad_AF_amr_pass,gnomad_AF_eas_pass,gnomad_AF_nfe_pass"","0.0","0.0","97.43","1.9"
"5:92923898:G>A","NM_005654.6:c.739G>A","NP_005645.1:p.Asp247Asn","Unknown significance","null","missense_variant","2/3","null","247","MODERATE","32","Nuclear_hormone_receptor&_ligand-binding_domain&Nuclear_hormone_receptor&_ligand-binding_domain&Nuclear_hormone_receptor&_ligand-binding_domain&Nuclear_hormone_receptor&_ligand-binding_domain&Nuclear_hormone_receptor&_ligand-binding_domain&Nuclear_hormone_receptor&_ligand-binding_domain&Nuclear_hormone_receptor&_ligand-binding_domain&Nuclear_hormone_receptor&_ligand-binding_domain&Nuclear_hormone_receptor&_ligand-binding_domain&Nuclear_hormone_receptor&_ligand-binding_domain&Nuclear_hormone_receptor&_ligand-binding_domain&Nuclear_hormone_receptor&_ligand-binding_domain","0.00400802","gnomad_AF_afr_pass"","0.16092633161161174","0.001005916318028645","97.5","0.1"
"5:92923908:C>T","NM_005654.6:c.749C>T","NP_005645.1:p.Ser250Phe","Unknown significance","null","missense_variant","2/3","null","250","MODERATE","29.8","Nuclear_hormone_receptor&_ligand-binding_domain&Nuclear_hormone_receptor&_ligand-binding_domain&Nuclear_hormone_receptor&_ligand-binding_domain&Nuclear_hormone_receptor&_ligand-binding_domain&Nuclear_hormone_receptor&_ligand-binding_domain&Nuclear_hormone_receptor&_ligand-binding_domain&Nuclear_hormone_receptor&_ligand-binding_domain&Nuclear_hormone_receptor&_ligand-binding_domain&Nuclear_hormone_receptor&_ligand-binding_domain&Nuclear_hormone_receptor&_ligand-binding_domain&Nuclear_hormone_receptor&_ligand-binding_domain&Nuclear_hormone_receptor&_ligand-binding_domain","0.000881772","gnomad_AF_nfe_pass"","12.36137442023487","0.0896354535530768","97.98","2.0"
"5:92923914:T>C","NM_005654.6:c.755T>C","NP_005645.1:p.Leu252Pro","Likely pathogenic","Optic atrophy with intellectual disability","missense_variant","2/3","null","252","MODERATE","31","Nuclear_hormone_receptor&_ligand-binding_domain&Nuclear_hormone_receptor&_ligand-binding_domain&Nuclear_hormone_receptor&_ligand-binding_domain&Nuclear_hormone_receptor&_ligand-binding_domain&Nuclear_hormone_receptor&_ligand-binding_domain&Nuclear_hormone_receptor&_ligand-binding_domain&Nuclear_hormone_receptor&_ligand-binding_domain&Nuclear_hormone_receptor&_ligand-binding_domain&Nuclear_hormone_receptor&_ligand-binding_domain&Nuclear_hormone_receptor&_ligand-binding_domain&Nuclear_hormone_receptor&_ligand-binding_domain&Nuclear_hormone_receptor&_ligand-binding_domain","0","null"","0.0","0.0","98.18","4.9"
"5:92923940:G>A","NM_005654.6:c.781G>A","NP_005645.1:p.Val261Met","Unknown significance","null","missense_variant","2/3","null","261","MODERATE","26.1","Nuclear_hormone_receptor&_ligand-binding_domain&Nuclear_hormone_receptor&_ligand-binding_domain&Nuclear_hormone_receptor&_ligand-binding_domain&Nuclear_hormone_receptor&_ligand-binding_domain&Nuclear_hormone_receptor&_ligand-binding_domain&Nuclear_hormone_receptor&_ligand-binding_domain&Nuclear_hormone_receptor&_ligand-binding_domain&Nuclear_hormone_receptor&_ligand-binding_domain&Nuclear_hormone_receptor&_ligand-binding_domain&Nuclear_hormone_receptor&_ligand-binding_domain&Nuclear_hormone_receptor&_ligand-binding_domain&Nuclear_hormone_receptor&_ligand-binding_domain","0","null"","0.0","0.0","96.76","0.8"
"5:92923947:A>G","NM_005654.6:c.788A>G","NP_005645.1:p.Asn263Ser","Unknown significance","null","missense_variant","2/3","null","263","MODERATE","24.6","Nuclear_hormone_receptor&_ligand-binding_domain&Nuclear_hormone_receptor&_ligand-binding_domain&Nuclear_hormone_receptor&_ligand-binding_domain&Nuclear_hormone_receptor&_ligand-binding_domain&Nuclear_hormone_receptor&_ligand-binding_domain&Nuclear_hormone_receptor&_ligand-binding_domain&Nuclear_hormone_receptor&_ligand-binding_domain&Nuclear_hormone_receptor&_ligand-binding_domain&Nuclear_hormone_receptor&_ligand-binding_domain&Nuclear_hormone_receptor&_ligand-binding_domain&Nuclear_hormone_receptor&_ligand-binding_domain&Nuclear_hormone_receptor&_ligand-binding_domain","0.00578402","gnomad_AF_amr_pass"","0.0","0.0","95.33","0.0"
"5:92923962:C>A","NM_005654.6:c.803C>A","NP_005645.1:p.Ser268Tyr","Unknown significance","null","missense_variant","2/3","null","268","MODERATE","29.1","Nuclear_hormone_receptor&_ligand-binding_domain&Nuclear_hormone_receptor&_ligand-binding_domain&Nuclear_hormone_receptor&_ligand-binding_domain&Nuclear_hormone_receptor&_ligand-binding_domain&Nuclear_hormone_receptor&_ligand-binding_domain&Nuclear_hormone_receptor&_ligand-binding_domain&Nuclear_hormone_receptor&_ligand-binding_domain&Nuclear_hormone_receptor&_ligand-binding_domain&Nuclear_hormone_receptor&_ligand-binding_domain&Nuclear_hormone_receptor&_ligand-binding_domain&Nuclear_hormone_receptor&_ligand-binding_domain&Nuclear_hormone_receptor&_ligand-binding_domain","0.00648424","gnomad_AF_nfe_pass"","26.340422453362383","0.19100106777138817","85.82","1.3"
"5:92923968:C>A","NM_005654.6:c.809C>A","NP_005645.1:p.Pro270Gln","Unknown significance","null","missense_variant","2/3","null","270","MODERATE","29.5","Nuclear_hormone_receptor&_ligand-binding_domain&Nuclear_hormone_receptor&_ligand-binding_domain&Nuclear_hormone_receptor&_ligand-binding_domain&Nuclear_hormone_receptor&_ligand-binding_domain&Nuclear_hormone_receptor&_ligand-binding_domain&Nuclear_hormone_receptor&_ligand-binding_domain&Nuclear_hormone_receptor&_ligand-binding_domain&Nuclear_hormone_receptor&_ligand-binding_domain&Nuclear_hormone_receptor&_ligand-binding_domain&Nuclear_hormone_receptor&_ligand-binding_domain&Nuclear_hormone_receptor&_ligand-binding_domain&Nuclear_hormone_receptor&_ligand-binding_domain","0","gnomad_AF_afr_pass,gnomad_AF_sas_pass,gnomad_AF_amr_pass,gnomad_AF_eas_pass,gnomad_AF_nfe_pass"","1.5508733515879547","0.00985932782620403","78.74","0.3"
"5:92923975:C>G","NM_005654.6:c.816C>G","NP_005645.1:p.His272Gln","Unknown significance","null","missense_variant","2/3","null","272","MODERATE","23.9","Nuclear_hormone_receptor&_ligand-binding_domain&Nuclear_hormone_receptor&_ligand-binding_domain&Nuclear_hormone_receptor&_ligand-binding_domain&Nuclear_hormone_receptor&_ligand-binding_domain&Nuclear_hormone_receptor&_ligand-binding_domain&Nuclear_hormone_receptor&_ligand-binding_domain&Nuclear_hormone_receptor&_ligand-binding_domain&Nuclear_hormone_receptor&_ligand-binding_domain&Nuclear_hormone_receptor&_ligand-binding_domain&Nuclear_hormone_receptor&_ligand-binding_domain&Nuclear_hormone_receptor&_ligand-binding_domain&Nuclear_hormone_receptor&_ligand-binding_domain","0.00327075","gnomad_AF_sas_pass"","67.60089973224072","0.32911458708081154","75.97","0.2"
"5:92924010:C>T","NM_005654.6:c.851C>T","NP_005645.1:p.Ala284Val","Unknown significance","null","missense_variant","2/3","null","284","MODERATE","25.6","Nuclear_hormone_receptor&_ligand-binding_domain&Nuclear_hormone_receptor&_ligand-binding_domain&Nuclear_hormone_receptor&_ligand-binding_domain&Nuclear_hormone_receptor&_ligand-binding_domain&Nuclear_hormone_receptor&_ligand-binding_domain&Nuclear_hormone_receptor&_ligand-binding_domain&Nuclear_hormone_receptor&_ligand-binding_domain&Nuclear_hormone_receptor&_ligand-binding_domain&Nuclear_hormone_receptor&_ligand-binding_domain&Nuclear_hormone_receptor&_ligand-binding_domain&Nuclear_hormone_receptor&_ligand-binding_domain&Nuclear_hormone_receptor&_ligand-binding_domain","0.0028957","gnomad_AF_amr_pass"","107.91355074848538","0.8486524497494932","53.91","0.2"
"5:92924018:A>T","NM_005654.6:c.859A>T","NP_005645.1:p.Met287Leu","Unknown significance","null","missense_variant","2/3","null","287","MODERATE","24.2","Nuclear_hormone_receptor&_ligand-binding_domain&Nuclear_hormone_receptor&_ligand-binding_domain&Nuclear_hormone_receptor&_ligand-binding_domain&Nuclear_hormone_receptor&_ligand-binding_domain&Nuclear_hormone_receptor&_ligand-binding_domain&Nuclear_hormone_receptor&_ligand-binding_domain&Nuclear_hormone_receptor&_ligand-binding_domain&Nuclear_hormone_receptor&_ligand-binding_domain&Nuclear_hormone_receptor&_ligand-binding_domain&Nuclear_hormone_receptor&_ligand-binding_domain&Nuclear_hormone_receptor&_ligand-binding_domain&Nuclear_hormone_receptor&_ligand-binding_domain","0.00578938","gnomad_AF_amr_pass"","13.359353054381483","0.061696563336766604","69.13","0.1"
"5:92924029:C>G","NM_005654.6:c.870C>G","NP_005645.1:p.Asp290Glu","Likely benign","null","missense_variant","2/3","null","290","MODERATE","21.4","Nuclear_hormone_receptor&_ligand-binding_domain&Nuclear_hormone_receptor&_ligand-binding_domain&Nuclear_hormone_receptor&_ligand-binding_domain&Nuclear_hormone_receptor&_ligand-binding_domain&Nuclear_hormone_receptor&_ligand-binding_domain&Nuclear_hormone_receptor&_ligand-binding_domain&Nuclear_hormone_receptor&_ligand-binding_domain&Nuclear_hormone_receptor&_ligand-binding_domain&Nuclear_hormone_receptor&_ligand-binding_domain&Nuclear_hormone_receptor&_ligand-binding_domain&Nuclear_hormone_receptor&_ligand-binding_domain&Nuclear_hormone_receptor&_ligand-binding_domain","0.000893272","gnomad_AF_nfe_pass"","127.486378527027","0.7968902739684388","81.29","0.0"
"5:92924048:G>A","NM_005654.6:c.889G>A","NP_005645.1:p.Asp297Asn","Unknown significance","null","missense_variant","2/3","null","297","MODERATE","31","Nuclear_hormone_receptor&_ligand-binding_domain&Nuclear_hormone_receptor&_ligand-binding_domain&Nuclear_hormone_receptor&_ligand-binding_domain&Nuclear_hormone_receptor&_ligand-binding_domain&Nuclear_hormone_receptor&_ligand-binding_domain&Nuclear_hormone_receptor&_ligand-binding_domain&Nuclear_hormone_receptor&_ligand-binding_domain&Nuclear_hormone_receptor&_ligand-binding_domain&Nuclear_hormone_receptor&_ligand-binding_domain&Nuclear_hormone_receptor&_ligand-binding_domain&Nuclear_hormone_receptor&_ligand-binding_domain&Nuclear_hormone_receptor&_ligand-binding_domain","0","null"","64.69037397750336","0.4043657874486145","88.31","0.1"
"5:92924051:C>A","NM_005654.6:c.892C>A","NP_005645.1:p.His298Asn","Unknown significance","null","missense_variant","2/3","null","298","MODERATE","24.6","Nuclear_hormone_receptor&_ligand-binding_domain&Nuclear_hormone_receptor&_ligand-binding_domain&Nuclear_hormone_receptor&_ligand-binding_domain&Nuclear_hormone_receptor&_ligand-binding_domain&Nuclear_hormone_receptor&_ligand-binding_domain&Nuclear_hormone_receptor&_ligand-binding_domain&Nuclear_hormone_receptor&_ligand-binding_domain&Nuclear_hormone_receptor&_ligand-binding_domain&Nuclear_hormone_receptor&_ligand-binding_domain&Nuclear_hormone_receptor&_ligand-binding_domain&Nuclear_hormone_receptor&_ligand-binding_domain&Nuclear_hormone_receptor&_ligand-binding_domain","0.000896089","gnomad_AF_nfe_pass"","70.69186220634023","0.34416291990441117","86.22","0.5"
"5:92924060:A>G","NM_005654.6:c.901A>G","NP_005645.1:p.Ile301Val","Unknown significance","null","missense_variant","2/3","null","301","MODERATE","21.9","Nuclear_hormone_receptor&_ligand-binding_domain&Nuclear_hormone_receptor&_ligand-binding_domain&Nuclear_hormone_receptor&_ligand-binding_domain&Nuclear_hormone_receptor&_ligand-binding_domain&Nuclear_hormone_receptor&_ligand-binding_domain&Nuclear_hormone_receptor&_ligand-binding_domain&Nuclear_hormone_receptor&_ligand-binding_domain&Nuclear_hormone_receptor&_ligand-binding_domain&Nuclear_hormone_receptor&_ligand-binding_domain&Nuclear_hormone_receptor&_ligand-binding_domain&Nuclear_hormone_receptor&_ligand-binding_domain&Nuclear_hormone_receptor&_ligand-binding_domain","0.000898521","gnomad_AF_nfe_pass"","54.62655219500686","0.2784813858645023","92.82","0.2"
"5:92924069:G>C","NM_005654.6:c.910G>C","NP_005645.1:p.Glu304Gln","Unknown significance","null","missense_variant","2/3","null","304","MODERATE","27.6","Nuclear_hormone_receptor&_ligand-binding_domain&Nuclear_hormone_receptor&_ligand-binding_domain&Nuclear_hormone_receptor&_ligand-binding_domain&Nuclear_hormone_receptor&_ligand-binding_domain&Nuclear_hormone_receptor&_ligand-binding_domain&Nuclear_hormone_receptor&_ligand-binding_domain&Nuclear_hormone_receptor&_ligand-binding_domain&Nuclear_hormone_receptor&_ligand-binding_domain&Nuclear_hormone_receptor&_ligand-binding_domain&Nuclear_hormone_receptor&_ligand-binding_domain&Nuclear_hormone_receptor&_ligand-binding_domain&Nuclear_hormone_receptor&_ligand-binding_domain","0","null"","65.77581271376516","0.33684406140254736","94.86","0.3"
"5:92924075:G>C","NM_005654.6:c.916G>C","NP_005645.1:p.Val306Leu","Unknown significance","null","missense_variant","2/3","null","306","MODERATE","24.6","Nuclear_hormone_receptor&_ligand-binding_domain&Nuclear_hormone_receptor&_ligand-binding_domain&Nuclear_hormone_receptor&_ligand-binding_domain&Nuclear_hormone_receptor&_ligand-binding_domain&Nuclear_hormone_receptor&_ligand-binding_domain&Nuclear_hormone_receptor&_ligand-binding_domain&Nuclear_hormone_receptor&_ligand-binding_domain&Nuclear_hormone_receptor&_ligand-binding_domain&Nuclear_hormone_receptor&_ligand-binding_domain&Nuclear_hormone_receptor&_ligand-binding_domain&Nuclear_hormone_receptor&_ligand-binding_domain&Nuclear_hormone_receptor&_ligand-binding_domain","0","null"","2.930042465415457","0.01704582290260709","94.04","0.1"
"5:92924084:C>G","NM_005654.6:c.925C>G","NP_005645.1:p.Leu309Val","Unknown significance","null","missense_variant","2/3","null","309","MODERATE","26.7","Nuclear_hormone_receptor&_ligand-binding_domain&Nuclear_hormone_receptor&_ligand-binding_domain&Nuclear_hormone_receptor&_ligand-binding_domain&Nuclear_hormone_receptor&_ligand-binding_domain&Nuclear_hormone_receptor&_ligand-binding_domain&Nuclear_hormone_receptor&_ligand-binding_domain&Nuclear_hormone_receptor&_ligand-binding_domain&Nuclear_hormone_receptor&_ligand-binding_domain&Nuclear_hormone_receptor&_ligand-binding_domain&Nuclear_hormone_receptor&_ligand-binding_domain&Nuclear_hormone_receptor&_ligand-binding_domain&Nuclear_hormone_receptor&_ligand-binding_domain","0.000907046","gnomad_AF_nfe_pass"","0.055244567461538184","2.864620954791846E-4","96.85","1.0"
"5:92924096:C>A","NM_005654.6:c.937C>A","NP_005645.1:p.His313Asn","Unknown significance","null","missense_variant","2/3","null","313","MODERATE","22.7","Nuclear_hormone_receptor&_ligand-binding_domain&Nuclear_hormone_receptor&_ligand-binding_domain&Nuclear_hormone_receptor&_ligand-binding_domain&Nuclear_hormone_receptor&_ligand-binding_domain&Nuclear_hormone_receptor&_ligand-binding_domain&Nuclear_hormone_receptor&_ligand-binding_domain&Nuclear_hormone_receptor&_ligand-binding_domain&Nuclear_hormone_receptor&_ligand-binding_domain&Nuclear_hormone_receptor&_ligand-binding_domain&Nuclear_hormone_receptor&_ligand-binding_domain&Nuclear_hormone_receptor&_ligand-binding_domain&Nuclear_hormone_receptor&_ligand-binding_domain","0.000916489","gnomad_AF_nfe_pass"","156.9598609955235","0.7641581701488256","95.71","0.2"
"5:92924121:G>T","NM_005654.6:c.962G>T","NP_005645.1:p.Cys321Phe","Unknown significance","null","missense_variant","2/3","null","321","MODERATE","29.8","Nuclear_hormone_receptor&_ligand-binding_domain&Nuclear_hormone_receptor&_ligand-binding_domain&Nuclear_hormone_receptor&_ligand-binding_domain&Nuclear_hormone_receptor&_ligand-binding_domain&Nuclear_hormone_receptor&_ligand-binding_domain&Nuclear_hormone_receptor&_ligand-binding_domain&Nuclear_hormone_receptor&_ligand-binding_domain&Nuclear_hormone_receptor&_ligand-binding_domain&Nuclear_hormone_receptor&_ligand-binding_domain&Nuclear_hormone_receptor&_ligand-binding_domain&Nuclear_hormone_receptor&_ligand-binding_domain&Nuclear_hormone_receptor&_ligand-binding_domain","0.00329837","gnomad_AF_sas_pass"","0.0","0.0","98.36","1.3"
"5:92924135:G>A","NM_005654.6:c.976G>A","NP_005645.1:p.Val326Met","Unknown significance","null","missense_variant","2/3","null","326","MODERATE","29.9","Nuclear_hormone_receptor&_ligand-binding_domain&Nuclear_hormone_receptor&_ligand-binding_domain&Nuclear_hormone_receptor&_ligand-binding_domain&Nuclear_hormone_receptor&_ligand-binding_domain&Nuclear_hormone_receptor&_ligand-binding_domain&Nuclear_hormone_receptor&_ligand-binding_domain&Nuclear_hormone_receptor&_ligand-binding_domain&Nuclear_hormone_receptor&_ligand-binding_domain&Nuclear_hormone_receptor&_ligand-binding_domain&Nuclear_hormone_receptor&_ligand-binding_domain&Nuclear_hormone_receptor&_ligand-binding_domain&Nuclear_hormone_receptor&_ligand-binding_domain","0.0130668","gnomad_AF_nfe_pass"","0.0","0.0","98.57","1.0"
"5:92924143:C>G","NM_005654.6:c.984C>G","NP_005645.1:p.Phe328Leu","Unknown significance","null","missense_variant","2/3","null","328","MODERATE","24.4","Nuclear_hormone_receptor&_ligand-binding_domain&Nuclear_hormone_receptor&_ligand-binding_domain&Nuclear_hormone_receptor&_ligand-binding_domain&Nuclear_hormone_receptor&_ligand-binding_domain&Nuclear_hormone_receptor&_ligand-binding_domain&Nuclear_hormone_receptor&_ligand-binding_domain&Nuclear_hormone_receptor&_ligand-binding_domain&Nuclear_hormone_receptor&_ligand-binding_domain&Nuclear_hormone_receptor&_ligand-binding_domain&Nuclear_hormone_receptor&_ligand-binding_domain&Nuclear_hormone_receptor&_ligand-binding_domain&Nuclear_hormone_receptor&_ligand-binding_domain","0.000956023","gnomad_AF_nfe_pass"","0.0","0.0","98.43","0.6"
"5:92929287:T>G","NM_005654.6:c.1011T>G","NP_005645.1:p.Asp337Glu","Unknown significance","null","missense_variant","3/3","null","337","MODERATE","22.9","Nuclear_hormone_receptor&_ligand-binding_domain&Nuclear_hormone_receptor&_ligand-binding_domain&Nuclear_hormone_receptor&_ligand-binding_domain&Nuclear_hormone_receptor&_ligand-binding_domain&Nuclear_hormone_receptor&_ligand-binding_domain&Nuclear_hormone_receptor&_ligand-binding_domain&Nuclear_hormone_receptor&_ligand-binding_domain&Nuclear_hormone_receptor&_ligand-binding_domain&Nuclear_hormone_receptor&_ligand-binding_domain&Nuclear_hormone_receptor&_ligand-binding_domain&Nuclear_hormone_receptor&_ligand-binding_domain&Nuclear_hormone_receptor&_ligand-binding_domain","0.00326776","gnomad_AF_sas_pass"","79.88560519472726","0.4993479503087843","94.74","0.0"
"5:92929289:C>T","NM_005654.6:c.1013C>T","NP_005645.1:p.Ala338Val","Unknown significance","null","missense_variant","3/3","null","338","MODERATE","22.5","Nuclear_hormone_receptor&_ligand-binding_domain&Nuclear_hormone_receptor&_ligand-binding_domain&Nuclear_hormone_receptor&_ligand-binding_domain&Nuclear_hormone_receptor&_ligand-binding_domain&Nuclear_hormone_receptor&_ligand-binding_domain&Nuclear_hormone_receptor&_ligand-binding_domain&Nuclear_hormone_receptor&_ligand-binding_domain&Nuclear_hormone_receptor&_ligand-binding_domain&Nuclear_hormone_receptor&_ligand-binding_domain&Nuclear_hormone_receptor&_ligand-binding_domain&Nuclear_hormone_receptor&_ligand-binding_domain&Nuclear_hormone_receptor&_ligand-binding_domain","0.0108897","gnomad_AF_eas_pass"","42.53298826244777","0.33448741547038163","96.14","0.4"
"5:92929292:C>T","NM_005654.6:c.1016C>T","NP_005645.1:p.Ala339Val","Unknown significance","null","missense_variant","3/3","null","339","MODERATE","24.3","Nuclear_hormone_receptor&_ligand-binding_domain&Nuclear_hormone_receptor&_ligand-binding_domain&Nuclear_hormone_receptor&_ligand-binding_domain&Nuclear_hormone_receptor&_ligand-binding_domain&Nuclear_hormone_receptor&_ligand-binding_domain&Nuclear_hormone_receptor&_ligand-binding_domain&Nuclear_hormone_receptor&_ligand-binding_domain&Nuclear_hormone_receptor&_ligand-binding_domain&Nuclear_hormone_receptor&_ligand-binding_domain&Nuclear_hormone_receptor&_ligand-binding_domain&Nuclear_hormone_receptor&_ligand-binding_domain&Nuclear_hormone_receptor&_ligand-binding_domain","0.000900317","gnomad_AF_nfe_pass"","74.26975996689275","0.5840713543483789","95.61","0.2"
"5:92929297:A>G","NM_005654.6:c.1021A>G","NP_005645.1:p.Ile341Val","Unknown significance","null","missense_variant","3/3","null","341","MODERATE","19.14","Nuclear_hormone_receptor&_ligand-binding_domain&Nuclear_hormone_receptor&_ligand-binding_domain&Nuclear_hormone_receptor&_ligand-binding_domain&Nuclear_hormone_receptor&_ligand-binding_domain&Nuclear_hormone_receptor&_ligand-binding_domain&Nuclear_hormone_receptor&_ligand-binding_domain&Nuclear_hormone_receptor&_ligand-binding_domain&Nuclear_hormone_receptor&_ligand-binding_domain&Nuclear_hormone_receptor&_ligand-binding_domain&Nuclear_hormone_receptor&_ligand-binding_domain&Nuclear_hormone_receptor&_ligand-binding_domain&Nuclear_hormone_receptor&_ligand-binding_domain","0.00179147","gnomad_AF_nfe_pass"","0.0","0.0","97.7","0.3"
"5:92929303:A>T","NM_005654.6:c.1027A>T","NP_005645.1:p.Ser343Cys","Unknown significance","null","missense_variant","3/3","null","343","MODERATE","25.4","Nuclear_hormone_receptor&_ligand-binding_domain&Nuclear_hormone_receptor&_ligand-binding_domain&Nuclear_hormone_receptor&_ligand-binding_domain&Nuclear_hormone_receptor&_ligand-binding_domain&Nuclear_hormone_receptor&_ligand-binding_domain&Nuclear_hormone_receptor&_ligand-binding_domain&Nuclear_hormone_receptor&_ligand-binding_domain&Nuclear_hormone_receptor&_ligand-binding_domain&Nuclear_hormone_receptor&_ligand-binding_domain&Nuclear_hormone_receptor&_ligand-binding_domain&Nuclear_hormone_receptor&_ligand-binding_domain&Nuclear_hormone_receptor&_ligand-binding_domain","0.000894422","gnomad_AF_nfe_pass"","60.866788266633506","0.44136048202438677","95.73","0.0"
"5:92929319:C>T","NM_005654.6:c.1043C>T","NP_005645.1:p.Ser348Leu","Unknown significance","null","missense_variant","3/3","null","348","MODERATE","32","Nuclear_hormone_receptor&_ligand-binding_domain&Nuclear_hormone_receptor&_ligand-binding_domain&Nuclear_hormone_receptor&_ligand-binding_domain&Nuclear_hormone_receptor&_ligand-binding_domain&Nuclear_hormone_receptor&_ligand-binding_domain&Nuclear_hormone_receptor&_ligand-binding_domain&Nuclear_hormone_receptor&_ligand-binding_domain&Nuclear_hormone_receptor&_ligand-binding_domain&Nuclear_hormone_receptor&_ligand-binding_domain&Nuclear_hormone_receptor&_ligand-binding_domain&Nuclear_hormone_receptor&_ligand-binding_domain&Nuclear_hormone_receptor&_ligand-binding_domain","0","gnomad_AF_afr_pass,gnomad_AF_sas_pass,gnomad_AF_amr_pass,gnomad_AF_eas_pass,gnomad_AF_nfe_pass"","0.0","0.0","97.91","2.9"
"5:92929327:G>A","NM_005654.6:c.1051G>A","NP_005645.1:p.Ala351Thr","Unknown significance","null","missense_variant","3/3","null","351","MODERATE","26.4","Nuclear_hormone_receptor&_ligand-binding_domain&Nuclear_hormone_receptor&_ligand-binding_domain&Nuclear_hormone_receptor&_ligand-binding_domain&Nuclear_hormone_receptor&_ligand-binding_domain&Nuclear_hormone_receptor&_ligand-binding_domain&Nuclear_hormone_receptor&_ligand-binding_domain&Nuclear_hormone_receptor&_ligand-binding_domain&Nuclear_hormone_receptor&_ligand-binding_domain&Nuclear_hormone_receptor&_ligand-binding_domain&Nuclear_hormone_receptor&_ligand-binding_domain&Nuclear_hormone_receptor&_ligand-binding_domain&Nuclear_hormone_receptor&_ligand-binding_domain","0.00578302","gnomad_AF_amr_pass"","0.0","0.0","96.17","0.4"
"5:92929340:A>G","NM_005654.6:c.1064A>G","NP_005645.1:p.Tyr355Cys","Unknown significance","null","missense_variant","3/3","null","355","MODERATE","31","Nuclear_hormone_receptor&_ligand-binding_domain&Nuclear_hormone_receptor&_ligand-binding_domain&Nuclear_hormone_receptor&_ligand-binding_domain&Nuclear_hormone_receptor&_ligand-binding_domain&Nuclear_hormone_receptor&_ligand-binding_domain&Nuclear_hormone_receptor&_ligand-binding_domain&Nuclear_hormone_receptor&_ligand-binding_domain&Nuclear_hormone_receptor&_ligand-binding_domain&Nuclear_hormone_receptor&_ligand-binding_domain&Nuclear_hormone_receptor&_ligand-binding_domain&Nuclear_hormone_receptor&_ligand-binding_domain&Nuclear_hormone_receptor&_ligand-binding_domain","0.00326627","gnomad_AF_sas_pass"","49.669726288269366","0.2070333466337925","95.66","2.3"
"5:92929342:G>A","NM_005654.6:c.1066G>A","NP_005645.1:p.Val356Met","Unknown significance","null","missense_variant","3/3","null","356","MODERATE","31","Nuclear_hormone_receptor&_ligand-binding_domain&Nuclear_hormone_receptor&_ligand-binding_domain&Nuclear_hormone_receptor&_ligand-binding_domain&Nuclear_hormone_receptor&_ligand-binding_domain&Nuclear_hormone_receptor&_ligand-binding_domain&Nuclear_hormone_receptor&_ligand-binding_domain&Nuclear_hormone_receptor&_ligand-binding_domain&Nuclear_hormone_receptor&_ligand-binding_domain&Nuclear_hormone_receptor&_ligand-binding_domain&Nuclear_hormone_receptor&_ligand-binding_domain&Nuclear_hormone_receptor&_ligand-binding_domain&Nuclear_hormone_receptor&_ligand-binding_domain","0.00543892","gnomad_AF_eas_pass"","0.7580015957644096","0.004409752115815029","96.26","0.2"
"5:92929365:G>C","NM_005654.6:c.1089G>C","NP_005645.1:p.Gln363His","Unknown significance","null","missense_variant","3/3","null","363","MODERATE","27.6","Nuclear_hormone_receptor&_ligand-binding_domain&Nuclear_hormone_receptor&_ligand-binding_domain&Nuclear_hormone_receptor&_ligand-binding_domain&Nuclear_hormone_receptor&_ligand-binding_domain&Nuclear_hormone_receptor&_ligand-binding_domain&Nuclear_hormone_receptor&_ligand-binding_domain&Nuclear_hormone_receptor&_ligand-binding_domain&Nuclear_hormone_receptor&_ligand-binding_domain&Nuclear_hormone_receptor&_ligand-binding_domain&Nuclear_hormone_receptor&_ligand-binding_domain&Nuclear_hormone_receptor&_ligand-binding_domain&Nuclear_hormone_receptor&_ligand-binding_domain","0","null"","77.57434078753579","0.39228153683399836","96.42","0.2"
"5:92929372:C>T","NM_005654.6:c.1096C>T","NP_005645.1:p.Arg366Cys","Unknown significance","null","missense_variant","3/3","null","366","MODERATE","32","Nuclear_hormone_receptor&_ligand-binding_domain&Nuclear_hormone_receptor&_ligand-binding_domain&Nuclear_hormone_receptor&_ligand-binding_domain&Nuclear_hormone_receptor&_ligand-binding_domain&Nuclear_hormone_receptor&_ligand-binding_domain&Nuclear_hormone_receptor&_ligand-binding_domain&Nuclear_hormone_receptor&_ligand-binding_domain&Nuclear_hormone_receptor&_ligand-binding_domain&Nuclear_hormone_receptor&_ligand-binding_domain&Nuclear_hormone_receptor&_ligand-binding_domain&Nuclear_hormone_receptor&_ligand-binding_domain&Nuclear_hormone_receptor&_ligand-binding_domain","0","null"","2.7320117586380976","0.010140135018501575","97.96","1.5"
"5:92929379:G>A","NM_005654.6:c.1103G>A","NP_005645.1:p.Gly368Asp","Pathogenic","Bosch-Boonstra-Schaaf optic atrophy syndrome","missense_variant","3/3","null","368","MODERATE","32","Nuclear_hormone_receptor&_ligand-binding_domain&Nuclear_hormone_receptor&_ligand-binding_domain&Nuclear_hormone_receptor&_ligand-binding_domain&Nuclear_hormone_receptor&_ligand-binding_domain&Nuclear_hormone_receptor&_ligand-binding_domain&Nuclear_hormone_receptor&_ligand-binding_domain&Nuclear_hormone_receptor&_ligand-binding_domain&Nuclear_hormone_receptor&_ligand-binding_domain&Nuclear_hormone_receptor&_ligand-binding_domain&Nuclear_hormone_receptor&_ligand-binding_domain&Nuclear_hormone_receptor&_ligand-binding_domain&Nuclear_hormone_receptor&_ligand-binding_domain","0","null"","29.001845345337756","0.3041741463784347","97.88","0.3"
"5:92929391:T>C","NM_005654.6:c.1115T>C","NP_005645.1:p.Leu372Pro","Likely pathogenic","Bosch-Boonstra-Schaaf optic atrophy syndrome","missense_variant","3/3","null","372","MODERATE","32","Nuclear_hormone_receptor&_ligand-binding_domain&Nuclear_hormone_receptor&_ligand-binding_domain&Nuclear_hormone_receptor&_ligand-binding_domain&Nuclear_hormone_receptor&_ligand-binding_domain&Nuclear_hormone_receptor&_ligand-binding_domain&Nuclear_hormone_receptor&_ligand-binding_domain&Nuclear_hormone_receptor&_ligand-binding_domain&Nuclear_hormone_receptor&_ligand-binding_domain&Nuclear_hormone_receptor&_ligand-binding_domain&Nuclear_hormone_receptor&_ligand-binding_domain&Nuclear_hormone_receptor&_ligand-binding_domain&Nuclear_hormone_receptor&_ligand-binding_domain","0","null"","122.44413708099226","0.6349149916284811","97.83","1.4"
"5:92929408:C>T","NM_005654.6:c.1132C>T","NP_005645.1:p.Arg378Cys","Unknown significance","null","missense_variant","3/3","null","378","MODERATE","33","Nuclear_hormone_receptor&_ligand-binding_domain&Nuclear_hormone_receptor&_ligand-binding_domain&Nuclear_hormone_receptor&_ligand-binding_domain&Nuclear_hormone_receptor&_ligand-binding_domain&Nuclear_hormone_receptor&_ligand-binding_domain&Nuclear_hormone_receptor&_ligand-binding_domain&Nuclear_hormone_receptor&_ligand-binding_domain&Nuclear_hormone_receptor&_ligand-binding_domain&Nuclear_hormone_receptor&_ligand-binding_domain&Nuclear_hormone_receptor&_ligand-binding_domain&Nuclear_hormone_receptor&_ligand-binding_domain&Nuclear_hormone_receptor&_ligand-binding_domain","0.000879044","gnomad_AF_nfe_pass"","114.39472958899599","0.4245874856759925","94.84","0.6"
"5:92929409:G>A","NM_005654.6:c.1133G>A","NP_005645.1:p.Arg378His","Unknown significance","null","missense_variant","3/3","null","378","MODERATE","32","Nuclear_hormone_receptor&_ligand-binding_domain&Nuclear_hormone_receptor&_ligand-binding_domain&Nuclear_hormone_receptor&_ligand-binding_domain&Nuclear_hormone_receptor&_ligand-binding_domain&Nuclear_hormone_receptor&_ligand-binding_domain&Nuclear_hormone_receptor&_ligand-binding_domain&Nuclear_hormone_receptor&_ligand-binding_domain&Nuclear_hormone_receptor&_ligand-binding_domain&Nuclear_hormone_receptor&_ligand-binding_domain&Nuclear_hormone_receptor&_ligand-binding_domain&Nuclear_hormone_receptor&_ligand-binding_domain&Nuclear_hormone_receptor&_ligand-binding_domain","0.00543656","gnomad_AF_eas_pass"","114.39472958899599","0.4245874856759925","94.84","0.3"
"5:92929417:T>A","NM_005654.6:c.1141T>A","NP_005645.1:p.Ser381Thr","Unknown significance","null","missense_variant","3/3","null","381","MODERATE","25.7","Nuclear_hormone_receptor&_ligand-binding_domain&Nuclear_hormone_receptor&_ligand-binding_domain&Nuclear_hormone_receptor&_ligand-binding_domain&Nuclear_hormone_receptor&_ligand-binding_domain&Nuclear_hormone_receptor&_ligand-binding_domain&Nuclear_hormone_receptor&_ligand-binding_domain&Nuclear_hormone_receptor&_ligand-binding_domain&Nuclear_hormone_receptor&_ligand-binding_domain&Nuclear_hormone_receptor&_ligand-binding_domain&Nuclear_hormone_receptor&_ligand-binding_domain&Nuclear_hormone_receptor&_ligand-binding_domain&Nuclear_hormone_receptor&_ligand-binding_domain","0","null"","56.00442422730276","0.40610225011676526","92.06","0.2"
"5:92929418:C>A","NM_005654.6:c.1142C>A","NP_005645.1:p.Ser381Tyr","Unknown significance","null","missense_variant","3/3","null","381","MODERATE","31","Nuclear_hormone_receptor&_ligand-binding_domain&Nuclear_hormone_receptor&_ligand-binding_domain&Nuclear_hormone_receptor&_ligand-binding_domain&Nuclear_hormone_receptor&_ligand-binding_domain&Nuclear_hormone_receptor&_ligand-binding_domain&Nuclear_hormone_receptor&_ligand-binding_domain&Nuclear_hormone_receptor&_ligand-binding_domain&Nuclear_hormone_receptor&_ligand-binding_domain&Nuclear_hormone_receptor&_ligand-binding_domain&Nuclear_hormone_receptor&_ligand-binding_domain&Nuclear_hormone_receptor&_ligand-binding_domain&Nuclear_hormone_receptor&_ligand-binding_domain","0.000879013","gnomad_AF_nfe_pass"","56.00442422730276","0.40610225011676526","92.06","0.6"
"5:92929423:T>G","NM_005654.6:c.1147T>G","NP_005645.1:p.Ser383Ala","Unknown significance","null","missense_variant","3/3","null","383","MODERATE","23.3","Nuclear_hormone_receptor&_ligand-binding_domain&Nuclear_hormone_receptor&_ligand-binding_domain&Nuclear_hormone_receptor&_ligand-binding_domain&Nuclear_hormone_receptor&_ligand-binding_domain&Nuclear_hormone_receptor&_ligand-binding_domain&Nuclear_hormone_receptor&_ligand-binding_domain&Nuclear_hormone_receptor&_ligand-binding_domain&Nuclear_hormone_receptor&_ligand-binding_domain","0.00653253","gnomad_AF_sas_pass"","68.13569157400262","0.4940691390587484","90.89","0.1"
"5:92929426:G>A","NM_005654.6:c.1150G>A","NP_005645.1:p.Val384Ile","Unknown significance","null","missense_variant","3/3","null","384","MODERATE","29.2","Nuclear_hormone_receptor&_ligand-binding_domain&Nuclear_hormone_receptor&_ligand-binding_domain&Nuclear_hormone_receptor&_ligand-binding_domain&Nuclear_hormone_receptor&_ligand-binding_domain&Nuclear_hormone_receptor&_ligand-binding_domain&Nuclear_hormone_receptor&_ligand-binding_domain&Nuclear_hormone_receptor&_ligand-binding_domain&Nuclear_hormone_receptor&_ligand-binding_domain","0.00801282","gnomad_AF_afr_pass"","9.371924246941884","0.05452213162629677","88.2","0.2"
"5:92929431:C>G","NM_005654.6:c.1155C>G","NP_005645.1:p.Ile385Met","Unknown significance","null","missense_variant","3/3","null","385","MODERATE","24.3","Nuclear_hormone_receptor&_ligand-binding_domain&Nuclear_hormone_receptor&_ligand-binding_domain&Nuclear_hormone_receptor&_ligand-binding_domain&Nuclear_hormone_receptor&_ligand-binding_domain&Nuclear_hormone_receptor&_ligand-binding_domain&Nuclear_hormone_receptor&_ligand-binding_domain&Nuclear_hormone_receptor&_ligand-binding_domain&Nuclear_hormone_receptor&_ligand-binding_domain","0.00543715","gnomad_AF_eas_pass"","0.0","0.0","92.2","0.7"
"5:92929446:C>G","NM_005654.6:c.1170C>G","NP_005645.1:p.Phe390Leu","Unknown significance","null","missense_variant","3/3","null","390","MODERATE","32","Nuclear_hormone_receptor&_ligand-binding_domain&Nuclear_hormone_receptor&_ligand-binding_domain&Nuclear_hormone_receptor&_ligand-binding_domain&Nuclear_hormone_receptor&_ligand-binding_domain&Nuclear_hormone_receptor&_ligand-binding_domain&Nuclear_hormone_receptor&_ligand-binding_domain&Nuclear_hormone_receptor&_ligand-binding_domain&Nuclear_hormone_receptor&_ligand-binding_domain","0","null"","1.2359705441313564","0.005379623503261916","90.04","0.4"
"5:92929447:G>A","NM_005654.6:c.1171G>A","NP_005645.1:p.Val391Ile","Unknown significance","null","missense_variant","3/3","null","391","MODERATE","23.7","Nuclear_hormone_receptor&_ligand-binding_domain&Nuclear_hormone_receptor&_ligand-binding_domain&Nuclear_hormone_receptor&_ligand-binding_domain&Nuclear_hormone_receptor&_ligand-binding_domain&Nuclear_hormone_receptor&_ligand-binding_domain&Nuclear_hormone_receptor&_ligand-binding_domain&Nuclear_hormone_receptor&_ligand-binding_domain&Nuclear_hormone_receptor&_ligand-binding_domain","0.00648424","gnomad_AF_nfe_pass"","39.52230015708445","0.22992503935802786","86.75","0.1"
"5:92929451:G>A","NM_005654.6:c.1175G>A","NP_005645.1:p.Arg392His","Unknown significance","null","missense_variant","3/3","null","392","MODERATE","32","Nuclear_hormone_receptor&_ligand-binding_domain&Nuclear_hormone_receptor&_ligand-binding_domain&Nuclear_hormone_receptor&_ligand-binding_domain&Nuclear_hormone_receptor&_ligand-binding_domain&Nuclear_hormone_receptor&_ligand-binding_domain&Nuclear_hormone_receptor&_ligand-binding_domain&Nuclear_hormone_receptor&_ligand-binding_domain&Nuclear_hormone_receptor&_ligand-binding_domain","0.00289084","gnomad_AF_amr_pass"","89.77969492518929","0.33322632143981756","81.75","0.2"
"5:92929485:C>G","NM_005654.6:c.1209C>G","NP_005645.1:p.Ile403Met","Unknown significance","null","missense_variant","3/3","null","403","MODERATE","27.1","Nuclear_hormone_receptor&_ligand-binding_domain&Nuclear_hormone_receptor&_ligand-binding_domain&Nuclear_hormone_receptor&_ligand-binding_domain&Nuclear_hormone_receptor&_ligand-binding_domain","0.00289084","gnomad_AF_amr_pass"","0.0","0.0","96.12","1.1"
"5:92929487:G>A","NM_005654.6:c.1211G>A","NP_005645.1:p.Arg404His","Likely pathogenic","Autism","missense_variant","3/3","null","404","MODERATE","32","Nuclear_hormone_receptor&_ligand-binding_domain&Nuclear_hormone_receptor&_ligand-binding_domain&Nuclear_hormone_receptor&_ligand-binding_domain&Nuclear_hormone_receptor&_ligand-binding_domain","0","null"","126.31664234217111","0.46883685781495243","93.32","0.1"
"5:92929490:A>G","NM_005654.6:c.1214A>G","NP_005645.1:p.Asp405Gly","Unknown significance","null","missense_variant","3/3","null","405","MODERATE","32","Nuclear_hormone_receptor&_ligand-binding_domain&Nuclear_hormone_receptor&_ligand-binding_domain&Nuclear_hormone_receptor&_ligand-binding_domain&Nuclear_hormone_receptor&_ligand-binding_domain","0","null"","7.822201458230789","0.04889491987384654","92.32","0.7"
"5:92929493:T>C","NM_005654.6:c.1217T>C","NP_005645.1:p.Met406Thr","Pathogenic","Multiple congenital anomalies","missense_variant","3/3","null","406","MODERATE","28.4","Nuclear_hormone_receptor&_ligand-binding_domain&Nuclear_hormone_receptor&_ligand-binding_domain&Nuclear_hormone_receptor&_ligand-binding_domain&Nuclear_hormone_receptor&_ligand-binding_domain","0","null"","1.4341392311079586","0.00662318463668228","92.88","2.2"
"5:92929511:G>C","NM_005654.6:c.1235G>C","NP_005645.1:p.Ser412Thr","Unknown significance","null","missense_variant","3/3","null","412","MODERATE","23.2","null","0.00615157","gnomad_AF_afr_pass"","63.61255085185418","0.46127070125311936","51.81","0.2"
"5:92929528:A>G","NM_005654.6:c.1252A>G","NP_005645.1:p.Met418Val","Unknown significance","null","missense_variant","3/3","null","418","MODERATE","22.7","null","0.000879275","gnomad_AF_nfe_pass"","165.62547183035238","0.764896501452352","29.96","0.1"