{"applied_filters": "CONTAINS missense_variant[Consequence]"},,"Surface Area","Normalized SA","Confidence Score","|ddG|""Genomic Description (GRCh37)","HGVS Nucleotide Change","HGVS Protein Change","Variant Classification","Phenotype","Consequence","Exon","Intron","Protein Position","Impact","CADD Phred","Interpro Domain","Max MAF (%)","Max MAF Source","Surface Area","Normalized SA","Confidence Score","|ddG|"
"17:72858944:G>A","NM_024417.5:c.1471C>T","NP_077728.3:p.His491Tyr","Unknown significance","null","missense_variant","12/12","null","491","MODERATE","22.2","null","0.00178348","gnomad_AF_nfe_pass"","68.32489668679673","0.3326393620422434","85.89","0.2"
"17:72858946:C>T","NM_024417.5:c.1469G>A","NP_077728.3:p.Gly490Asp","Unknown significance","null","missense_variant","12/12","null","490","MODERATE","24.4","null","0","null"","78.2042144391568","0.8202133308062279","93.76","0.1"
"17:72858953:G>A","NM_024417.5:c.1462C>T","NP_077728.3:p.Leu488Phe","Unknown significance","null","missense_variant","12/12","null","488","MODERATE","21.8","null","0.00579509","gnomad_AF_amr_pass"","78.98013246165816","0.40953916893171055","98.09","0.1"
"17:72858955:C>T","NM_024417.5:c.1460G>A","NP_077728.3:p.Arg487His","Unknown significance","null","missense_variant","12/12","null","487","MODERATE","19.24","null","0.00326926","gnomad_AF_sas_pass"","189.6542406286365","0.7039206916753653","98.1","0.0"
"17:72858956:G>A","NM_024417.5:c.1459C>T","NP_077728.3:p.Arg487Cys","Unknown significance","null","missense_variant","12/12","null","487","MODERATE","23.4","null","0.0726472","gnomad_AF_nfe_pass"","189.6542406286365","0.7039206916753653","98.1","0.1"
"17:72858956:G>T","NM_024417.5:c.1459C>A","NP_077728.3:p.Arg487Ser","Likely benign","null","missense_variant","12/12","null","487","MODERATE","15.41","null","0.000887958","gnomad_AF_nfe_pass"","189.6542406286365","0.7039206916753653","98.1","0.2"
"17:72858986:C>T","NM_024417.5:c.1429G>A","NP_077728.3:p.Glu477Lys","Pathogenic","Auditory neuropathy and optic atrophy","missense_variant","12/12","null","477","MODERATE","24.7","null","0","null"","15.777867990223008","0.08079993108147095","96.66","1.1"
"17:72858992:G>A","NM_024417.5:c.1423C>T","NP_077728.3:p.Pro475Ser","Unknown significance","null","missense_variant","12/12","null","475","MODERATE","16.38","null","0.128628","gnomad_AF_afr_pass"","78.07303294479706","0.49633171232236944","95.6","0.4"
"17:72859000:G>A","NM_024417.5:c.1415C>T","NP_077728.3:p.Thr472Met","Likely benign","null","missense_variant","12/12","null","472","MODERATE","12.49","null","0","null"","56.46021490502275","0.3588475894732006","85.9","0.3"
"17:72859000:G>T","NM_024417.5:c.1415C>A","NP_077728.3:p.Thr472Lys","Likely benign","null","missense_variant","12/12","null","472","MODERATE","6.714","null","0.000883704","gnomad_AF_nfe_pass"","56.46021490502275","0.3588475894732006","85.9","0.5"
"17:72859001:T>C","NM_024417.5:c.1414A>G","NP_077728.3:p.Thr472Ala","Benign","null","missense_variant","12/12","null","472","MODERATE","0.001","null","0.710097","gnomad_AF_nfe_pass"","56.46021490502275","0.3588475894732006","85.9","0.3"
"17:72859012:C>T","NM_024417.5:c.1403G>A","NP_077728.3:p.Arg468Gln","Likely benign","null","missense_variant","12/12","null","468","MODERATE","15.68","null","0.00289318","gnomad_AF_amr_pass"","80.94045536822395","0.30041859933353005","95.74","0.5"
"17:72859025:C>T","NM_024417.5:c.1390G>A","NP_077728.3:p.Glu464Lys","Likely benign","null","missense_variant","12/12","null","464","MODERATE","21.7","null","0.00310984","gnomad_AF_nfe_pass"","55.23763505425653","0.28287707238094895","98.2","0.2"
"17:72859030:T>A","NM_024417.5:c.1385A>T","NP_077728.3:p.Asp462Val","Unknown significance","null","missense_variant","12/12","null","462","MODERATE","24.6","null","0.000883423","gnomad_AF_nfe_pass"","27.59695296855677","0.17250269139259528","98.38","0.2"
"17:72859044:G>C","NM_024417.5:c.1371C>G","NP_077728.3:p.Asp457Glu","Likely benign","null","missense_variant","12/12","null","457","MODERATE","13.80","null","0.0326548","gnomad_AF_eas_pass"","10.364122347585049","0.06478392744726491","98.62","0.1"
"17:72859058:C>A","NM_024417.5:c.1357G>T","NP_077728.3:p.Val453Phe","Unknown significance","null","missense_variant","12/12","null","453","MODERATE","25.0","null","0.000884424","gnomad_AF_nfe_pass"","0.0","0.0","98.55","0.7"
"17:72859060:G>A","NM_024417.5:c.1355C>T","NP_077728.3:p.Pro452Leu","Unknown significance","null","missense_variant","12/12","null","452","MODERATE","23.0","null","0.000883783","gnomad_AF_nfe_pass"","21.467917601477584","0.13647744811798024","98.17","1.7"
"17:72859060:G>T","NM_024417.5:c.1355C>A","NP_077728.3:p.Pro452Gln","Unknown significance","null","missense_variant","12/12","null","452","MODERATE","24.1","null","0.00648929","gnomad_AF_nfe_pass"","21.467917601477584","0.13647744811798024","98.17","0.2"
"17:72859063:C>T","NM_024417.5:c.1352G>A","NP_077728.3:p.Arg451Gln","Likely benign","null","missense_variant","12/12","null","451","MODERATE","17.58","null","0.00402836","gnomad_AF_afr_pass"","150.13837592691198","0.5572536057152108","96.11","0.2"
"17:72859064:G>A","NM_024417.5:c.1351C>T","NP_077728.3:p.Arg451Trp","Benign","null","missense_variant","12/12","null","451","MODERATE","22.7","null","1.57963","gnomad_AF_afr_pass"","150.13837592691198","0.5572536057152108","96.11","0.2"
"17:72859066:A>G","NM_024417.5:c.1349T>C","NP_077728.3:p.Val450Ala","Unknown significance","null","missense_variant","12/12","null","450","MODERATE","25.2","null","0.00544366","gnomad_AF_eas_pass"","23.94897437073247","0.1393256175093346","97.7","1.3"
"17:72859067:C>T","NM_024417.5:c.1348G>A","NP_077728.3:p.Val450Ile","Unknown significance","null","missense_variant&splice_region_variant","12/12","null","450","MODERATE","18.61","null","0.0144743","gnomad_AF_amr_pass"","23.94897437073247","0.1393256175093346","97.7","0.1"
"17:72859200:C>T","NM_024417.5:c.1343G>A","NP_077728.3:p.Arg448Gln","Unknown significance","null","missense_variant&splice_region_variant","11/12","null","448","MODERATE","32","null","0.00180561","gnomad_AF_nfe_pass"","117.78536113958603","0.4371721539565249","98.06","0.5"
"17:72859204:T>G","NM_024417.5:c.1339A>C","NP_077728.3:p.Ser447Arg","Likely benign","null","missense_variant","11/12","null","447","MODERATE","17.41","null","0.0203252","gnomad_AF_amr_pass"","115.96698682593416","0.8409059630384358","97.89","0.1"
"17:72859212:A>C","NM_024417.5:c.1331T>G","NP_077728.3:p.Leu444Arg","Unknown significance","null","missense_variant","11/12","null","444","MODERATE","29.5","null","0.212124","gnomad_AF_afr_pass"","51.20853604313216","0.2655338835180474","98.24","1.2"
"17:72859215:G>A","NM_024417.5:c.1328C>T","NP_077728.3:p.Ala443Val","Unknown significance","null","missense_variant","11/12","null","443","MODERATE","23.9","null","0.00290107","gnomad_AF_amr_pass"","65.48567639475525","0.5149916698176259","97.48","0.4"
"17:72859215:G>T","NM_024417.5:c.1328C>A","NP_077728.3:p.Ala443Asp","Unknown significance","null","missense_variant","11/12","null","443","MODERATE","22.4","null","0.00290107","gnomad_AF_amr_pass"","65.48567639475525","0.5149916698176259","97.48","0.7"
"17:72859216:C>T","NM_024417.5:c.1327G>A","NP_077728.3:p.Ala443Thr","Likely benign","null","missense_variant","11/12","null","443","MODERATE","22.5","null","0.00290192","gnomad_AF_amr_pass"","65.48567639475525","0.5149916698176259","97.48","0.1"
"17:72859227:G>A","NM_024417.5:c.1316C>T","NP_077728.3:p.Ala439Val","Likely benign","null","missense_variant","11/12","null","439","MODERATE","11.47","null","0","gnomad_AF_afr_pass,gnomad_AF_amr_pass,gnomad_AF_eas_pass,gnomad_AF_nfe_pass,gnomad_AF_sas_pass"","83.45588174861987","0.6563127429384891","97.2","0.2"
"17:72859228:C>A","NM_024417.5:c.1315G>T","NP_077728.3:p.Ala439Ser","Likely benign","null","missense_variant","11/12","null","439","MODERATE","3.757","null","0.000893256","gnomad_AF_nfe_pass"","83.45588174861987","0.6563127429384891","97.2","0.1"
"17:72859228:C>T","NM_024417.5:c.1315G>A","NP_077728.3:p.Ala439Thr","Likely benign","null","missense_variant","11/12","null","439","MODERATE","6.400","null","0.00178651","gnomad_AF_nfe_pass"","83.45588174861987","0.6563127429384891","97.2","0.1"
"17:72859234:C>A","NM_024417.5:c.1309G>T","NP_077728.3:p.Gly437Cys","Pathogenic","Mitochondriopathy with optic atrophy","missense_variant","11/12","null","437","MODERATE","25.9","null","0.0108956","gnomad_AF_eas_pass"","0.0155509535506233","1.6309989813775565E-4","96.8","0.0"
"17:72859234:C>T","NM_024417.5:c.1309G>A","NP_077728.3:p.Gly437Ser","Pathogenic","Mitochondriopathy with optic atrophy","missense_variant","11/12","null","437","MODERATE","25.5","null","0","null"","0.0155509535506233","1.6309989813775565E-4","96.8","0.1"
"17:72859264:C>A","NM_024417.5:c.1279G>T","NP_077728.3:p.Ala427Ser","Benign","null","missense_variant","11/12","null","427","MODERATE","12.02","null","0.98886","gnomad_AF_afr_pass"","72.14257430449805","0.5673427664097729","96.04","0.1"
"17:72859264:C>G","NM_024417.5:c.1279G>C","NP_077728.3:p.Ala427Pro","Likely benign","null","missense_variant","11/12","null","427","MODERATE","20.2","null","0.00177535","gnomad_AF_nfe_pass"","72.14257430449805","0.5673427664097729","96.04","0.2"
"17:72859288:G>T","NM_024417.5:c.1255C>A","NP_077728.3:p.Gln419Lys","Unknown significance","null","missense_variant","11/12","null","419","MODERATE","18.32","null","0.000886195","gnomad_AF_nfe_pass"","98.6272105244704","0.49874266832836534","98.73","0.5"
"17:72859291:C>T","NM_024417.5:c.1252G>A","NP_077728.3:p.Gly418Ser","Likely benign","null","missense_variant","11/12","null","418","MODERATE","17.96","null","0.195705","gnomad_AF_eas_pass"","0.0","0.0","98.8","0.9"
"17:72859310:C>T","NM_024417.5:c.1233G>A","NP_077728.3:p.Met411Ile","Unknown significance","null","missense_variant","11/12","null","411","MODERATE","28.7","null","0.00327697","gnomad_AF_sas_pass"","68.35163705074517","0.3156635719788772","98.21","0.1"
"17:72859317:G>A","NM_024417.5:c.1226C>T","NP_077728.3:p.Thr409Ile","Unknown significance","null","missense_variant","11/12","null","409","MODERATE","25.3","null","0.00648172","gnomad_AF_nfe_pass"","66.64109446626688","0.4235548190757649","94.87","0.4"
"17:72859333:T>C","NM_024417.5:c.1210A>G","NP_077728.3:p.Thr404Ala","Unknown significance","null","missense_variant","11/12","null","404","MODERATE","23.4","null","0.0116299","gnomad_AF_amr_pass"","98.45964544532428","0.62578590052971","90.8","0.2"
"17:72859335:G>A","NM_024417.5:c.1208C>T","NP_077728.3:p.Pro403Leu","Pathogenic","Mitochondriopathy with optic atrophy","missense_variant","11/12","null","403","MODERATE","27.6","null","0.00267542","gnomad_AF_nfe_pass"","41.76544160576649","0.26551438270301586","93.68","0.5"
"17:72859339:C>T","NM_024417.5:c.1204G>A","NP_077728.3:p.Gly402Arg","Unknown significance","null","missense_variant","11/12","null","402","MODERATE","29.6","null","0","null"","8.059828771006318","0.08453226017810296","95.25","0.3"
"17:72859341:C>T","NM_024417.5:c.1202G>A","NP_077728.3:p.Arg401Lys","Unknown significance","null","missense_variant","11/12","null","401","MODERATE","22.2","null","0.0180636","gnomad_AF_nfe_pass"","76.04394332787791","0.28224470493068216","96.58","1.0"
"17:72859347:A>C","NM_024417.5:c.1196T>G","NP_077728.3:p.Val399Gly","Unknown significance","null","missense_variant","11/12","null","399","MODERATE","29.1","null","0","null"","0.0","0.0","98.41","3.5"
"17:72859353:C>T","NM_024417.5:c.1190G>A","NP_077728.3:p.Gly397Asp","Unknown significance","null","missense_variant","11/12","null","397","MODERATE","26.3","null","0","null"","0.7118741331578188","0.0074662044502274046","98.45","1.9"
"17:72859354:C>T","NM_024417.5:c.1189G>A","NP_077728.3:p.Gly397Ser","Unknown significance","null","missense_variant","11/12","null","397","MODERATE","28.8","null","0.00815195","gnomad_AF_afr_pass"","0.7118741331578188","0.0074662044502274046","98.45","1.1"
"17:72859357:T>A","NM_024417.5:c.1186A>T","NP_077728.3:p.Ser396Cys","Unknown significance","null","missense_variant","11/12","null","396","MODERATE","29.3","null","0.000898796","gnomad_AF_nfe_pass"","0.0","0.0","98.88","1.2"
"17:72860027:C>T","NM_024417.5:c.1165G>A","NP_077728.3:p.Asp389Asn","Likely benign","null","missense_variant","10/12","null","389","MODERATE","22.3","null","0.000886603","gnomad_AF_nfe_pass"","148.38019626924142","0.9274930908122012","95.97","0.1"
"17:72860028:C>T","NM_024417.5:c.1164G>A","NP_077728.3:p.Met388Ile","Likely benign","null","missense_variant","10/12","null","388","MODERATE","21.5","null","0.00289838","gnomad_AF_amr_pass"","91.15993241083352","0.42099752292389336","98.53","0.2"
"17:72860035:C>T","NM_024417.5:c.1157G>A","NP_077728.3:p.Arg386Gln","Unknown significance","null","missense_variant","10/12","null","386","MODERATE","31","null","0.0144793","gnomad_AF_amr_pass"","58.76034489284036","0.21809489987120137","98.74","0.6"
"17:72860036:G>A","NM_024417.5:c.1156C>T","NP_077728.3:p.Arg386Trp","Pathogenic","Mitochondriopathy with optic atrophy","missense_variant","10/12","null","386","MODERATE","32","null","0.127352","gnomad_AF_amr_pass"","58.76034489284036","0.21809489987120137","98.74","0.4"
"17:72860036:G>C","NM_024417.5:c.1156C>G","NP_077728.3:p.Arg386Gly","Unknown significance","null","missense_variant","10/12","null","386","MODERATE","29.2","null","0","gnomad_AF_afr_pass,gnomad_AF_amr_pass,gnomad_AF_eas_pass,gnomad_AF_nfe_pass,gnomad_AF_sas_pass"","58.76034489284036","0.21809489987120137","98.74","1.9"
"17:72860038:C>T","NM_024417.5:c.1154G>A","NP_077728.3:p.Gly385Asp","Unknown significance","null","missense_variant","10/12","null","385","MODERATE","27.1","null","0.0115794","gnomad_AF_amr_pass"","0.0","0.0","98.73","0.7"
"17:72860042:C>T","NM_024417.5:c.1150G>A","NP_077728.3:p.Glu384Lys","Unknown significance","null","missense_variant","10/12","null","384","MODERATE","20.1","null","0.0311124","gnomad_AF_nfe_pass"","107.78341488605469","0.5519689035245702","98.02","0.1"
"17:72860047:T>C","NM_024417.5:c.1145A>G","NP_077728.3:p.Asn382Ser","Unknown significance","null","missense_variant","10/12","null","382","MODERATE","24.9","null","0.0392003","gnomad_AF_sas_pass"","28.01089183142701","0.1752574725062379","98.71","0.3"
"17:72860050:G>C","NM_024417.5:c.1142C>G","NP_077728.3:p.Pro381Arg","Unknown significance","null","missense_variant","10/12","null","381","MODERATE","22.9","null","0.00088255","gnomad_AF_nfe_pass"","35.943493072562234","0.22850265694386504","98.58","0.4"
"17:72860062:A>G","NM_024417.5:c.1130T>C","NP_077728.3:p.Leu377Pro","Unknown significance","null","missense_variant","10/12","null","377","MODERATE","22.7","null","0.00615233","gnomad_AF_afr_pass"","116.46440564351998","0.6039080261169192","93.27","0.5"
"17:72860065:T>C","NM_024417.5:c.1127A>G","NP_077728.3:p.Lys376Arg","Likely benign","null","missense_variant","10/12","null","376","MODERATE","21.1","null","0.308469","gnomad_AF_afr_pass"","216.59646695877973","0.9150105148031122","92.59","0.1"
"17:72860068:G>A","NM_024417.5:c.1124C>T","NP_077728.3:p.Ser375Phe","Likely benign","null","missense_variant","10/12","null","375","MODERATE","22.7","null","0.0130651","gnomad_AF_sas_pass"","86.2563979688887","0.6254669659661621","94.72","0.2"
"17:72860068:G>T","NM_024417.5:c.1124C>A","NP_077728.3:p.Ser375Tyr","Unknown significance","null","missense_variant","10/12","null","375","MODERATE","22.5","null","0","null"","86.2563979688887","0.6254669659661621","94.72","0.4"
"17:72860070:G>C","NM_024417.5:c.1122C>G","NP_077728.3:p.Asp374Glu","Unknown significance","null","missense_variant","10/12","null","374","MODERATE","24.5","null","0","null"","43.240365075965386","0.2702863378033469","97.72","0.1"
"17:72860077:G>A","NM_024417.5:c.1115C>T","NP_077728.3:p.Pro372Leu","Unknown significance","null","missense_variant","10/12","null","372","MODERATE","26.9","null","0","null"","36.86670529943602","0.23437177062009698","98.28","0.7"
"17:72860077:G>T","NM_024417.5:c.1115C>A","NP_077728.3:p.Pro372His","Unknown significance","null","missense_variant","10/12","null","372","MODERATE","26.2","null","0.00310169","gnomad_AF_nfe_pass"","36.86670529943602","0.23437177062009698","98.28","0.0"
"17:72860081:C>T","NM_024417.5:c.1111G>A","NP_077728.3:p.Val371Met","Unknown significance","null","missense_variant","10/12","null","371","MODERATE","25.1","null","0.00543656","gnomad_AF_eas_pass"","2.260926984991532","0.013153174889711529","98.52","0.4"
"17:72860083:C>A","NM_024417.5:c.1109G>T","NP_077728.3:p.Ser370Ile","Unknown significance","null","missense_variant","10/12","null","370","MODERATE","23.4","null","0","gnomad_AF_afr_pass,gnomad_AF_amr_pass,gnomad_AF_eas_pass,gnomad_AF_nfe_pass"","68.0489645840305","0.4934402597110992","97.25","0.3"
"17:72860084:T>C","NM_024417.5:c.1108A>G","NP_077728.3:p.Ser370Gly","Unknown significance","null","missense_variant","10/12","null","370","MODERATE","17.53","null","0.00615157","gnomad_AF_afr_pass"","68.0489645840305","0.4934402597110992","97.25","0.0"
"17:72860090:C>T","NM_024417.5:c.1102G>A","NP_077728.3:p.Asp368Asn","Pathogenic","Mitochondriopathy with optic atrophy","missense_variant","10/12","null","368","MODERATE","24.8","null","0.00326627","gnomad_AF_sas_pass"","2.8837365172177707","0.01802562446129319","98.12","0.4"
"17:72860098:C>T","NM_024417.5:c.1094G>A","NP_077728.3:p.Arg365His","Likely benign","null","missense_variant","10/12","null","365","MODERATE","18.83","null","0.00847027","gnomad_AF_amr_pass"","135.21465462657653","0.5018627207801744","96.01","0.1"
"17:72860099:G>A","NM_024417.5:c.1093C>T","NP_077728.3:p.Arg365Cys","Unknown significance","null","missense_variant","10/12","null","365","MODERATE","23.3","null","0.140323","gnomad_AF_eas_pass"","135.21465462657653","0.5018627207801744","96.01","0.4"
"17:72860107:T>C","NM_024417.5:c.1085A>G","NP_077728.3:p.Tyr362Cys","Unknown significance","null","missense_variant","10/12","null","362","MODERATE","27.9","null","0.0640872","gnomad_AF_afr_pass"","11.650725033902296","0.04856255056610947","94.88","2.5"
"17:72860110:C>T","NM_024417.5:c.1082G>A","NP_077728.3:p.Gly361Glu","Unknown significance","null","missense_variant","10/12","null","361","MODERATE","26.5","null","0.000880049","gnomad_AF_nfe_pass"","31.124381199875373","0.3264355067858127","92.51","1.0"
"17:72860122:A>G","NM_024417.5:c.1070T>C","NP_077728.3:p.Leu357Pro","Unknown significance","null","missense_variant","10/12","null","357","MODERATE","27.2","null","0","null"","0.0","0.0","98.7","4.5"
"17:72860126:C>G","NM_024417.5:c.1066G>C","NP_077728.3:p.Val356Leu","Unknown significance","null","missense_variant","10/12","null","356","MODERATE","22.6","null","0.100241","gnomad_AF_eas_pass"","0.0","0.0","98.78","0.6"
"17:72860131:C>T","NM_024417.5:c.1061G>A","NP_077728.3:p.Gly354Glu","Unknown significance","null","missense_variant","10/12","null","354","MODERATE","26.3","null","0","null"","3.8945543881630678","0.04084646140402664","97.98","0.7"
"17:72860134:C>T","NM_024417.5:c.1058G>A","NP_077728.3:p.Cys353Tyr","Unknown significance","null","missense_variant","10/12","null","353","MODERATE","27.2","null","0.00465145","gnomad_AF_nfe_pass"","13.781746234415332","0.08918607205525608","98.63","0.5"
"17:72860138:G>A","NM_024417.5:c.1054C>T","NP_077728.3:p.Pro352Ser","Unknown significance","null","missense_variant","10/12","null","352","MODERATE","21.0","null","0.0108731","gnomad_AF_eas_pass"","106.43937876734066","0.6766643632184406","98.38","0.1"
"17:72860147:C>T","NM_024417.5:c.1045G>A","NP_077728.3:p.Glu349Lys","Unknown significance","null","missense_variant","10/12","null","349","MODERATE","28.1","null","0.00289251","gnomad_AF_amr_pass"","62.26441455232131","0.3188618644656685","97.73","0.0"
"17:72860148:C>T","NM_024417.5:c.1044G>A","NP_077728.3:p.Met348Ile","Likely benign","null","missense_variant","10/12","null","348","MODERATE","6.117","null","0.00176218","gnomad_AF_nfe_pass"","102.25111623542684","0.4722191593705262","98.27","0.0"
"17:72860149:A>T","NM_024417.5:c.1043T>A","NP_077728.3:p.Met348Lys","Likely benign","null","missense_variant","10/12","null","348","MODERATE","9.123","null","0.0147376","gnomad_AF_nfe_pass"","102.25111623542684","0.4722191593705262","98.27","0.4"
"17:72860158:G>A","NM_024417.5:c.1034C>T","NP_077728.3:p.Thr345Met","Benign","null","missense_variant","10/12","null","345","MODERATE","26.5","null","2.63601","gnomad_AF_afr_pass"","58.13071593270425","0.36946489349877704","97.21","0.1"
"17:72860159:T>C","NM_024417.5:c.1033A>G","NP_077728.3:p.Thr345Ala","Unknown significance","null","missense_variant","10/12","null","345","MODERATE","24.7","null","0.000881896","gnomad_AF_nfe_pass"","58.13071593270425","0.36946489349877704","97.21","0.7"
"17:72860159:T>G","NM_024417.5:c.1033A>C","NP_077728.3:p.Thr345Pro","Unknown significance","null","missense_variant","10/12","null","345","MODERATE","25.5","null","0.00543774","gnomad_AF_eas_pass"","58.13071593270425","0.36946489349877704","97.21","0.9"
"17:72860165:C>T","NM_024417.5:c.1027G>A","NP_077728.3:p.Val343Met","Unknown significance","null","missense_variant","10/12","null","343","MODERATE","27.2","null","0.0388271","gnomad_AF_nfe_pass"","28.670074520759886","0.16679110239998732","96.04","0.4"
"17:72860170:C>T","NM_024417.5:c.1022G>A","NP_077728.3:p.Arg341His","Likely benign","null","missense_variant","10/12","null","341","MODERATE","22.6","null","0.0602216","gnomad_AF_afr_pass"","166.24170580347362","0.6170227259173892","90.94","0.2"
"17:72860171:G>A","NM_024417.5:c.1021C>T","NP_077728.3:p.Arg341Cys","Unknown significance","null","missense_variant","10/12","null","341","MODERATE","26.4","null","0.00388651","gnomad_AF_nfe_pass"","166.24170580347362","0.6170227259173892","90.94","0.4"
"17:72860183:C>T","NM_024417.5:c.1009G>A","NP_077728.3:p.Asp337Asn","Unknown significance","null","missense_variant","10/12","null","337","MODERATE","23.4","null","0.00326627","gnomad_AF_sas_pass"","138.92370289438796","0.8683825592923956","70.3","0.0"
"17:72860274:A>G","NM_024417.5:c.998T>C","NP_077728.3:p.Leu333Pro","Unknown significance","null","missense_variant","9/12","null","333","MODERATE","27.2","null","0","null"","51.28747560929711","0.2659432123367692","92.89","1.8"
"17:72860278:T>C","NM_024417.5:c.994A>G","NP_077728.3:p.Arg332Gly","Unknown significance","null","missense_variant","9/12","null","332","MODERATE","22.9","null","0.000910481","gnomad_AF_nfe_pass"","121.24611650724228","0.45001709380097565","94.79","1.0"
"17:72860286:G>T","NM_024417.5:c.986C>A","NP_077728.3:p.Ala329Glu","Unknown significance","null","missense_variant","9/12","null","329","MODERATE","22.4","null","0.00640205","gnomad_AF_afr_pass"","0.7723944391109804","0.006074255071563563","98.55","0.1"
"17:72860292:C>T","NM_024417.5:c.980G>A","NP_077728.3:p.Arg327His","Unknown significance","Auditory neuropathy-optic atrophy syndrome","missense_variant","9/12","null","327","MODERATE","26.1","null","0.00160588","gnomad_AF_nfe_pass"","90.29936222767523","0.3351551186330386","98.8","0.3"
"17:72860293:G>A","NM_024417.5:c.979C>T","NP_077728.3:p.Arg327Cys","Unknown significance","null","missense_variant","9/12","null","327","MODERATE","27.4","null","0.0018313","gnomad_AF_nfe_pass"","90.29936222767523","0.3351551186330386","98.8","0.5"
"17:72860293:G>T","NM_024417.5:c.979C>A","NP_077728.3:p.Arg327Ser","Pathogenic","Auditory neuropathy, retinitis pigmentosa and optic atrophy","missense_variant","9/12","null","327","MODERATE","25.3","null","0","null"","90.29936222767523","0.3351551186330386","98.8","0.8"
"17:72860296:C>T","NM_024417.5:c.976G>A","NP_077728.3:p.Val326Ile","Likely benign","null","missense_variant","9/12","null","326","MODERATE","11.27","null","0.00366771","gnomad_AF_nfe_pass"","0.0","0.0","98.75","0.2"
"17:72860305:C>G","NM_024417.5:c.967G>C","NP_077728.3:p.Ala323Pro","Unknown significance","null","missense_variant","9/12","null","323","MODERATE","18.50","null","0.00290512","gnomad_AF_amr_pass"","0.0","0.0","98.01","1.0"
"17:72860307:C>T","NM_024417.5:c.965G>A","NP_077728.3:p.Arg322Gln","Likely benign","null","missense_variant","9/12","null","322","MODERATE","15.97","null","0.0126807","gnomad_AF_afr_pass"","72.93977146658145","0.27072326045129586","96.31","0.6"
"17:72860308:G>A","NM_024417.5:c.964C>T","NP_077728.3:p.Arg322Trp","Unknown significance","null","missense_variant","9/12","null","322","MODERATE","23.6","null","0.0009243","gnomad_AF_nfe_pass"","72.93977146658145","0.27072326045129586","96.31","0.1"
"17:72860310:C>A","NM_024417.5:c.962G>T","NP_077728.3:p.Arg321Leu","Likely benign","null","missense_variant","9/12","null","321","MODERATE","13.19","null","0","null"","206.93851943994193","0.7680730220194456","94.33","0.1"
"17:72860310:C>T","NM_024417.5:c.962G>A","NP_077728.3:p.Arg321Gln","Likely benign","null","missense_variant","9/12","null","321","MODERATE","11.74","null","0.00671141","gnomad_AF_afr_pass"","206.93851943994193","0.7680730220194456","94.33","0.1"
"17:72860311:G>A","NM_024417.5:c.961C>T","NP_077728.3:p.Arg321Trp","Unknown significance","null","missense_variant","9/12","null","321","MODERATE","26.5","null","0.0976148","gnomad_AF_afr_pass"","206.93851943994193","0.7680730220194456","94.33","0.1"
"17:72860316:T>C","NM_024417.5:c.956A>G","NP_077728.3:p.Asp319Gly","Unknown significance","null","missense_variant","9/12","null","319","MODERATE","23.3","null","0","null"","98.11387862905812","0.6132890158476101","95.62","0.4"
"17:72860320:G>T","NM_024417.5:c.952C>A","NP_077728.3:p.Pro318Thr","Likely benign","null","missense_variant","9/12","null","318","MODERATE","15.68","null","0.000923941","gnomad_AF_nfe_pass"","176.16836619382","1.119950686581338","96.35","0.0"
"17:72860325:G>A","NM_024417.5:c.947C>T","NP_077728.3:p.Pro316Leu","Unknown significance","null","missense_variant","9/12","null","316","MODERATE","24.5","null","0.000925446","gnomad_AF_nfe_pass"","70.44069314515149","0.44781083207857575","98.37","0.7"
"17:72860332:C>A","NM_024417.5:c.940G>T","NP_077728.3:p.Val314Leu","Unknown significance","null","missense_variant","9/12","null","314","MODERATE","22.5","null","0.081367","gnomad_AF_eas_pass"","0.0","0.0","98.78","0.1"
"17:72860332:C>T","NM_024417.5:c.940G>A","NP_077728.3:p.Val314Met","Unknown significance","null","missense_variant","9/12","null","314","MODERATE","22.9","null","0.0067861","gnomad_AF_afr_pass"","0.0","0.0","98.78","0.9"
"17:72860340:G>A","NM_024417.5:c.932C>T","NP_077728.3:p.Pro311Leu","Unknown significance","null","missense_variant","9/12","null","311","MODERATE","28.3","null","0.000927111","gnomad_AF_nfe_pass"","9.180848246077183","0.05836517371842387","98.39","0.8"
"17:72860346:C>T","NM_024417.5:c.926G>A","NP_077728.3:p.Arg309Gln","Unknown significance","null","missense_variant","9/12","null","309","MODERATE","31","null","0.000930544","gnomad_AF_nfe_pass"","53.115317943348","0.19714281748358117","98.29","0.4"
"17:72860355:C>T","NM_024417.5:c.917G>A","NP_077728.3:p.Arg306His","Unknown significance","null","missense_variant","9/12","null","306","MODERATE","22.8","null","0.00185808","gnomad_AF_nfe_pass"","77.75781338491561","0.28860590514425394","97.69","0.1"
"17:72860356:G>A","NM_024417.5:c.916C>T","NP_077728.3:p.Arg306Cys","Likely pathogenic","Auditory neuropathy and optic atrophy","missense_variant","9/12","null","306","MODERATE","24.7","null","0.0087382","gnomad_AF_amr_pass"","77.75781338491561","0.28860590514425394","97.69","0.3"
"17:72860361:C>A","NM_024417.5:c.911G>T","NP_077728.3:p.Gly304Val","Unknown significance","null","missense_variant","9/12","null","304","MODERATE","18.00","null","0","null"","0.0","0.0","98.49","2.7"
"17:72860370:C>T","NM_024417.5:c.902G>A","NP_077728.3:p.Arg301His","Unknown significance","null","missense_variant","9/12","null","301","MODERATE","25.6","null","0.00694348","gnomad_AF_afr_pass"","38.41679734829867","0.1425877875007216","98.47","0.4"
"17:72860371:G>A","NM_024417.5:c.901C>T","NP_077728.3:p.Arg301Cys","Benign","null","missense_variant","9/12","null","301","MODERATE","25.4","null","1.14539","gnomad_AF_eas_pass"","38.41679734829867","0.1425877875007216","98.47","1.0"
"17:72860379:G>A","NM_024417.5:c.893C>T","NP_077728.3:p.Ser298Leu","Likely benign","null","missense_variant","9/12","null","298","MODERATE","3.287","null","0.102162","gnomad_AF_sas_pass"","101.86676986952689","0.7386617222996834","94.96","0.1"
"17:72860388:C>A","NM_024417.5:c.884G>T","NP_077728.3:p.Arg295Leu","Likely benign","null","missense_variant","9/12","null","295","MODERATE","14.25","null","0.0103928","gnomad_AF_eas_pass"","67.48017633888986","0.2504594268253588","94.3","0.2"
"17:72860388:C>T","NM_024417.5:c.884G>A","NP_077728.3:p.Arg295His","Likely benign","null","missense_variant","9/12","null","295","MODERATE","14.32","null","0.0132179","gnomad_AF_sas_pass"","67.48017633888986","0.2504594268253588","94.3","0.3"
"17:72860389:G>A","NM_024417.5:c.883C>T","NP_077728.3:p.Arg295Cys","Likely benign","null","missense_variant","9/12","null","295","MODERATE","23.1","null","0.0207706","gnomad_AF_eas_pass"","67.48017633888986","0.2504594268253588","94.3","0.7"
"17:72860395:C>T","NM_024417.5:c.877G>A","NP_077728.3:p.Ala293Thr","Likely benign","null","missense_variant","9/12","null","293","MODERATE","14.99","null","0.0230044","gnomad_AF_afr_pass"","42.66027385716","0.33548841331561163","92.19","0.0"
"17:72860400:G>A","NM_024417.5:c.872C>T","NP_077728.3:p.Ala291Val","Benign","null","missense_variant","9/12","null","291","MODERATE","13.65","null","0.30267","gnomad_AF_nfe_pass"","96.12862175277813","0.7559735526789957","92.44","0.1"
"17:72860400:G>C","NM_024417.5:c.872C>G","NP_077728.3:p.Ala291Gly","Likely benign","null","missense_variant","9/12","null","291","MODERATE","15.22","null","0.00094468","gnomad_AF_nfe_pass"","96.12862175277813","0.7559735526789957","92.44","0.2"
"17:72860403:G>A","NM_024417.5:c.869C>T","NP_077728.3:p.Pro290Leu","Likely benign","null","missense_variant","9/12","null","290","MODERATE","0.073","null","0.0199508","gnomad_AF_sas_pass"","152.70941746288233","0.9708157067587705","93.64","0.1"
"17:72860407:C>G","NM_024417.5:c.865G>C","NP_077728.3:p.Gly289Arg","Likely benign","null","missense_variant","9/12","null","289","MODERATE","13.04","null","0.000944305","gnomad_AF_nfe_pass"","44.47085553644524","0.46641461467180256","92.06","0.8"
"17:72860409:G>A","NM_024417.5:c.863C>T","NP_077728.3:p.Pro288Leu","Unknown significance","null","missense_variant","9/12","null","288","MODERATE","16.35","null","0.00301659","gnomad_AF_amr_pass"","55.83832523599704","0.35497956890174487","89.77","0.5"
"17:72860416:C>G","NM_024417.5:c.856G>C","NP_077728.3:p.Glu286Gln","Likely benign","null","missense_variant","9/12","null","286","MODERATE","18.92","null","0.000953398","gnomad_AF_nfe_pass"","105.57413326323281","0.5406549666242118","92.24","0.2"
"17:72860418:G>A","NM_024417.5:c.854C>T","NP_077728.3:p.Thr285Ile","Likely benign","null","missense_variant","9/12","null","285","MODERATE","14.95","null","0.000956444","gnomad_AF_nfe_pass"","63.74561022662679","0.4051518154474515","92.25","0.2"
"17:72860419:T>C","NM_024417.5:c.853A>G","NP_077728.3:p.Thr285Ala","Likely benign","null","missense_variant","9/12","null","285","MODERATE","13.86","null","0.00708015","gnomad_AF_afr_pass"","63.74561022662679","0.4051518154474515","92.25","0.1"
"17:72860424:G>A","NM_024417.5:c.848C>T","NP_077728.3:p.Thr283Met","Unknown significance","null","missense_variant","9/12","null","283","MODERATE","23.3","null","0.107446","gnomad_AF_eas_pass"","28.29098209870209","0.17981069939295555","95.39","0.6"
"17:72860427:C>T","NM_024417.5:c.845G>A","NP_077728.3:p.Arg282Gln","Benign","null","missense_variant","9/12","null","282","MODERATE","14.36","null","0.504565","gnomad_AF_sas_pass"","125.38197666470037","0.4653677526265337","94.59","0.1"
"17:72860428:G>C","NM_024417.5:c.844C>G","NP_077728.3:p.Arg282Gly","Unknown significance","null","missense_variant","9/12","null","282","MODERATE","22.6","null","0.00343359","gnomad_AF_sas_pass"","125.38197666470037","0.4653677526265337","94.59","0.9"
"17:72860438:T>G","NM_024417.5:c.834A>C","NP_077728.3:p.Glu278Asp","Likely benign","null","missense_variant","9/12","null","278","MODERATE","16.88","null","0.00651042","gnomad_AF_nfe_pass"","43.68787666559804","0.22372968425540937","95.72","0.4"
"17:72860442:G>A","NM_024417.5:c.830C>T","NP_077728.3:p.Thr277Met","Likely benign","null","missense_variant","9/12","null","277","MODERATE","15.65","null","0.00589831","gnomad_AF_eas_pass"","0.0","0.0","95.97","1.1"
"17:72860443:T>C","NM_024417.5:c.829A>G","NP_077728.3:p.Thr277Ala","Unknown significance","null","missense_variant","9/12","null","277","MODERATE","22.1","null","0","null"","0.0","0.0","95.97","0.3"
"17:72860448:C>G","NM_024417.5:c.824G>C","NP_077728.3:p.Arg275Pro","Unknown significance","null","missense_variant","9/12","null","275","MODERATE","23.6","null","0.000981971","gnomad_AF_nfe_pass"","132.73378405850679","0.49265472142068606","96.8","0.7"
"17:72860448:C>T","NM_024417.5:c.824G>A","NP_077728.3:p.Arg275Gln","Unknown significance","null","missense_variant","9/12","null","275","MODERATE","25.2","null","0.00436148","gnomad_AF_afr_pass"","132.73378405850679","0.49265472142068606","96.8","0.2"
"17:72860449:G>A","NM_024417.5:c.823C>T","NP_077728.3:p.Arg275Trp","Unknown significance","null","missense_variant","9/12","null","275","MODERATE","24.3","null","0.00367188","gnomad_AF_sas_pass"","132.73378405850679","0.49265472142068606","96.8","0.2"
"17:72860451:T>A","NM_024417.5:c.821A>T","NP_077728.3:p.Lys274Met","Unknown significance","null","missense_variant","9/12","null","274","MODERATE","24.0","null","0.117925","gnomad_AF_amr_pass"","75.43299024348913","0.31866622851686977","95.15","0.8"
"17:72860452:T>C","NM_024417.5:c.820A>G","NP_077728.3:p.Lys274Glu","Unknown significance","null","missense_variant","9/12","null","274","MODERATE","26.2","null","0.00987557","gnomad_AF_amr_pass"","75.43299024348913","0.31866622851686977","95.15","0.3"
"17:72860457:G>A","NM_024417.5:c.815C>T","NP_077728.3:p.Pro272Leu","Unknown significance","null","missense_variant","9/12","null","272","MODERATE","24.8","null","0.000988123","gnomad_AF_nfe_pass"","104.73012825270344","0.6657981882702018","92.08","0.3"
"17:72860460:C>G","NM_024417.5:c.812G>C","NP_077728.3:p.Arg271Pro","Unknown significance","null","missense_variant","9/12","null","271","MODERATE","27.6","null","0.000990766","gnomad_AF_nfe_pass"","202.04797388129168","0.7499212728104424","94.07","0.4"
"17:72860460:C>T","NM_024417.5:c.812G>A","NP_077728.3:p.Arg271His","Unknown significance","null","missense_variant","9/12","null","271","MODERATE","25.8","null","0.000990766","gnomad_AF_nfe_pass"","202.04797388129168","0.7499212728104424","94.07","0.1"
"17:72860461:G>A","NM_024417.5:c.811C>T","NP_077728.3:p.Arg271Cys","Unknown significance","null","missense_variant","9/12","null","271","MODERATE","24.7","null","0.00752729","gnomad_AF_sas_pass"","202.04797388129168","0.7499212728104424","94.07","0.4"
"17:72860463:G>T","NM_024417.5:c.809C>A","NP_077728.3:p.Pro270His","Unknown significance","null","missense_variant","9/12","null","270","MODERATE","22.7","null","0.116893","gnomad_AF_sas_pass"","118.3302608176327","0.7522579661109755","92.56","0.1"
"17:72860466:A>G","NM_024417.5:c.806T>C","NP_077728.3:p.Val269Ala","Likely benign","null","missense_variant","9/12","null","269","MODERATE","11.07","null","0","null"","35.8021480830698","0.20828267267805253","90.44","0.7"
"17:72860468:C>G","NM_024417.5:c.804G>C","NP_077728.3:p.Glu268Asp","Likely benign","null","missense_variant&splice_region_variant","9/12","null","268","MODERATE","12.10","null","0.00379824","gnomad_AF_sas_pass"","150.87109712436163","0.7726249362327202","88.86","0.1"
"17:72860603:C>G","NM_024417.5:c.801G>C","NP_077728.3:p.Lys267Asn","Unknown significance","null","missense_variant&splice_region_variant","8/12","null","267","MODERATE","16.03","null","0.00530485","gnomad_AF_nfe_pass"","151.51580495947076","0.6400776367379873","88.31","0.0"
"17:72860612:G>T","NM_024417.5:c.792C>A","NP_077728.3:p.Asp264Glu","Unknown significance","null","missense_variant","8/12","null","264","MODERATE","14.00","null","0.0057867","gnomad_AF_amr_pass"","96.50270728978302","0.6032179260198224","86.24","0.1"
"17:72860614:C>A","NM_024417.5:c.790G>T","NP_077728.3:p.Asp264Tyr","Unknown significance","null","missense_variant","8/12","null","264","MODERATE","24.9","null","0.0225938","gnomad_AF_amr_pass"","96.50270728978302","0.6032179260198224","86.24","0.7"
"17:72860620:G>A","NM_024417.5:c.784C>T","NP_077728.3:p.Leu262Phe","Unknown significance","null","missense_variant","8/12","null","262","MODERATE","24.6","null","0.0325055","gnomad_AF_nfe_pass"","12.747119208269323","0.06609820019436394","88.09","0.1"
"17:72860623:C>T","NM_024417.5:c.781G>A","NP_077728.3:p.Gly261Ser","Unknown significance","null","missense_variant","8/12","null","261","MODERATE","20.8","null","0","null"","62.23176889779833","0.6526927840869562","85.73","0.2"
"17:72860632:C>T","NM_024417.5:c.772G>A","NP_077728.3:p.Asp258Asn","Unknown significance","null","missense_variant","8/12","null","258","MODERATE","20.9","null","0.000881788","gnomad_AF_nfe_pass"","22.342739651352794","0.13965971994566811","92.61","0.3"
"17:72860637:G>A","NM_024417.5:c.767C>T","NP_077728.3:p.Pro256Leu","Unknown significance","null","missense_variant","8/12","null","256","MODERATE","20.3","null","0.00289318","gnomad_AF_amr_pass"","59.298720625362975","0.37697825275114544","93.44","0.2"
"17:72860638:G>A","NM_024417.5:c.766C>T","NP_077728.3:p.Pro256Ser","Likely benign","null","missense_variant","8/12","null","256","MODERATE","13.79","null","0.0231468","gnomad_AF_amr_pass"","59.298720625362975","0.37697825275114544","93.44","0.4"
"17:72860641:C>T","NM_024417.5:c.763G>A","NP_077728.3:p.Asp255Asn","Unknown significance","null","missense_variant","8/12","null","255","MODERATE","19.74","null","0.000882099","gnomad_AF_nfe_pass"","72.41543365003588","0.45265349465305055","93.59","0.2"
"17:72860652:C>G","NM_024417.5:c.752G>C","NP_077728.3:p.Arg251Pro","Unknown significance","null","missense_variant","8/12","null","251","MODERATE","24.5","null","0","null"","81.26216167268285","0.3016126444737832","97.45","0.8"
"17:72860652:C>T","NM_024417.5:c.752G>A","NP_077728.3:p.Arg251Gln","Unknown significance","null","missense_variant","8/12","null","251","MODERATE","21.5","null","0.0130685","gnomad_AF_sas_pass"","81.26216167268285","0.3016126444737832","97.45","0.3"
"17:72860653:G>A","NM_024417.5:c.751C>T","NP_077728.3:p.Arg251Trp","Benign","null","missense_variant","8/12","null","251","MODERATE","23.7","null","9.45593","gnomad_AF_eas_pass"","81.26216167268285","0.3016126444737832","97.45","0.5"
"17:72860655:G>A","NM_024417.5:c.749C>T","NP_077728.3:p.Ala250Val","Unknown significance","null","missense_variant","8/12","null","250","MODERATE","20.7","null","0.0120511","gnomad_AF_afr_pass"","0.0","0.0","97.74","1.8"
"17:72860656:C>T","NM_024417.5:c.748G>A","NP_077728.3:p.Ala250Thr","Likely benign","null","missense_variant","8/12","null","250","MODERATE","14.24","null","0.00176557","gnomad_AF_nfe_pass"","0.0","0.0","97.74","0.2"
"17:72860659:C>G","NM_024417.5:c.745G>C","NP_077728.3:p.Gly249Arg","Unknown significance","null","missense_variant","8/12","null","249","MODERATE","23.5","null","0.00289419","gnomad_AF_amr_pass"","26.205391256193607","0.2748446666393585","94.92","0.6"
"17:72860661:G>A","NM_024417.5:c.743C>T","NP_077728.3:p.Pro248Leu","Unknown significance","null","missense_variant","8/12","null","248","MODERATE","25.9","null","0.00544129","gnomad_AF_eas_pass"","85.784877084472","0.5453580234907147","92.65","0.0"
"17:72860663:T>G","NM_024417.5:c.741A>C","NP_077728.3:p.Leu247Phe","Unknown significance","null","missense_variant","8/12","null","247","MODERATE","22.8","null","0.00617208","gnomad_AF_afr_pass"","9.597452230854458","0.04976609291449403","96.16","0.7"
"17:72860673:A>G","NM_024417.5:c.731T>C","NP_077728.3:p.Met244Thr","Unknown significance","null","missense_variant","8/12","null","244","MODERATE","26.1","null","0","null"","0.0","0.0","98.0","1.7"
"17:72860674:T>A","NM_024417.5:c.730A>T","NP_077728.3:p.Met244Leu","Unknown significance","null","missense_variant","8/12","null","244","MODERATE","23.2","null","0.116625","gnomad_AF_afr_pass"","0.0","0.0","98.0","0.9"
"17:72860679:C>T","NM_024417.5:c.725G>A","NP_077728.3:p.Arg242Gln","Unknown significance","null","missense_variant","8/12","null","242","MODERATE","31","null","0.00402868","gnomad_AF_afr_pass"","137.79567123874435","0.511442422203357","97.66","0.5"
"17:72860680:G>A","NM_024417.5:c.724C>T","NP_077728.3:p.Arg242Trp","Pathogenic","Auditory neuropathy, retinitis pigmentosa and optic atrophy","missense_variant","8/12","null","242","MODERATE","32","null","0","gnomad_AF_afr_pass,gnomad_AF_amr_pass,gnomad_AF_eas_pass,gnomad_AF_nfe_pass"","137.79567123874435","0.511442422203357","97.66","0.0"
"17:72860680:G>C","NM_024417.5:c.724C>G","NP_077728.3:p.Arg242Gly","Unknown significance","null","missense_variant","8/12","null","242","MODERATE","31","null","0.000885724","gnomad_AF_nfe_pass"","137.79567123874435","0.511442422203357","97.66","1.2"
"17:72860950:A>T","NM_024417.5:c.713T>A","NP_077728.3:p.Ile238Asn","Unknown significance","null","missense_variant","7/12","null","238","MODERATE","29.9","null","0.000881244","gnomad_AF_nfe_pass"","47.73906609189984","0.24336958403837386","96.61","1.1"
"17:72860951:T>G","NM_024417.5:c.712A>C","NP_077728.3:p.Ile238Leu","Unknown significance","null","missense_variant","7/12","null","238","MODERATE","25.3","null","0.000775759","gnomad_AF_nfe_pass"","47.73906609189984","0.24336958403837386","96.61","0.1"
"17:72860954:T>C","NM_024417.5:c.709A>G","NP_077728.3:p.Thr237Ala","Unknown significance","null","missense_variant","7/12","null","237","MODERATE","27.5","null","0.00289285","gnomad_AF_amr_pass"","46.598462847842","0.2961686577749284","94.99","0.6"
"17:72860959:G>T","NM_024417.5:c.704C>A","NP_077728.3:p.Ala235Asp","Unknown significance","null","missense_variant","7/12","null","235","MODERATE","31","null","0.000881104","gnomad_AF_nfe_pass"","67.3454453221703","0.5296172422806924","94.49","0.6"
"17:72860960:C>T","NM_024417.5:c.703G>A","NP_077728.3:p.Ala235Thr","Unknown significance","null","missense_variant","7/12","null","235","MODERATE","28.1","null","0.00543715","gnomad_AF_eas_pass"","67.3454453221703","0.5296172422806924","94.49","0.1"
"17:72860963:C>T","NM_024417.5:c.700G>A","NP_077728.3:p.Val234Met","Unknown significance","null","missense_variant","7/12","null","234","MODERATE","29.4","null","0.00616642","gnomad_AF_nfe_pass"","1.3683889577665942","0.007960743269522924","95.59","0.3"
"17:72860965:T>C","NM_024417.5:c.698A>G","NP_077728.3:p.Gln233Arg","Unknown significance","null","missense_variant","7/12","null","233","MODERATE","26.5","null","0.0108743","gnomad_AF_eas_pass"","43.761344458071974","0.2212944033253417","93.42","0.1"
"17:72860972:G>T","NM_024417.5:c.691C>A","NP_077728.3:p.Pro231Thr","Unknown significance","null","missense_variant","7/12","null","231","MODERATE","27.4","null","0","gnomad_AF_afr_pass,gnomad_AF_amr_pass,gnomad_AF_eas_pass,gnomad_AF_nfe_pass,gnomad_AF_sas_pass"","0.0","0.0","95.08","0.2"
"17:72860977:C>T","NM_024417.5:c.686G>A","NP_077728.3:p.Arg229His","Unknown significance","null","missense_variant","7/12","null","229","MODERATE","29.0","null","0.00615991","gnomad_AF_afr_pass"","107.01380309694454","0.39719243843492713","95.55","0.3"
"17:72860978:G>A","NM_024417.5:c.685C>T","NP_077728.3:p.Arg229Cys","Unknown significance","null","missense_variant","7/12","null","229","MODERATE","32","null","0.0120376","gnomad_AF_afr_pass"","107.01380309694454","0.39719243843492713","95.55","0.9"
"17:72860980:C>A","NM_024417.5:c.683G>T","NP_077728.3:p.Arg228Leu","Unknown significance","null","missense_variant","7/12","null","228","MODERATE","32","null","0.00352293","gnomad_AF_nfe_pass"","135.67075950352123","0.5035555996706816","96.92","0.1"
"17:72860980:C>G","NM_024417.5:c.683G>C","NP_077728.3:p.Arg228Pro","Unknown significance","null","missense_variant","7/12","null","228","MODERATE","32","null","0.00289184","gnomad_AF_amr_pass"","135.67075950352123","0.5035555996706816","96.92","0.8"
"17:72860980:C>T","NM_024417.5:c.683G>A","NP_077728.3:p.Arg228Gln","Unknown significance","null","missense_variant","7/12","null","228","MODERATE","32","null","0.00289184","gnomad_AF_amr_pass"","135.67075950352123","0.5035555996706816","96.92","0.4"
"17:72860981:G>A","NM_024417.5:c.682C>T","NP_077728.3:p.Arg228Trp","Unknown significance","null","missense_variant","7/12","null","228","MODERATE","32","null","0.00289201","gnomad_AF_amr_pass"","135.67075950352123","0.5035555996706816","96.92","0.0"
"17:72860987:C>A","NM_024417.5:c.676G>T","NP_077728.3:p.Val226Leu","Unknown significance","null","missense_variant","7/12","null","226","MODERATE","26.8","null","0.00326627","gnomad_AF_sas_pass"","0.18832579849549824","0.0010956046702521613","98.79","0.0"
"17:72860987:C>G","NM_024417.5:c.676G>C","NP_077728.3:p.Val226Leu","Unknown significance","null","missense_variant","7/12","null","226","MODERATE","26.7","null","0.000880561","gnomad_AF_nfe_pass"","0.18832579849549824","0.0010956046702521613","98.79","0.0"
"17:72860996:C>T","NM_024417.5:c.667G>A","NP_077728.3:p.Val223Met","Unknown significance","null","missense_variant","7/12","null","223","MODERATE","29.2","null","0.00801732","gnomad_AF_afr_pass"","0.0","0.0","98.91","1.7"
"17:72861000:C>A","NM_024417.5:c.663G>T","NP_077728.3:p.Lys221Asn","Unknown significance","null","missense_variant","7/12","null","221","MODERATE","25.2","null","0.00154979","gnomad_AF_nfe_pass"","100.44068432501224","0.4243110867034436","98.52","0.1"
"17:72861001:T>G","NM_024417.5:c.662A>C","NP_077728.3:p.Lys221Thr","Unknown significance","null","missense_variant","7/12","null","221","MODERATE","27.5","null","0.0200417","gnomad_AF_afr_pass"","100.44068432501224","0.4243110867034436","98.52","0.3"
"17:72861004:A>G","NM_024417.5:c.659T>C","NP_077728.3:p.Val220Ala","Unknown significance","null","missense_variant","7/12","null","220","MODERATE","27.9","null","0.000880173","gnomad_AF_nfe_pass"","0.0","0.0","98.64","1.5"
"17:72861005:C>T","NM_024417.5:c.658G>A","NP_077728.3:p.Val220Met","Unknown significance","null","missense_variant","7/12","null","220","MODERATE","28.1","null","0.000880142","gnomad_AF_nfe_pass"","0.0","0.0","98.64","0.6"
"17:72861007:C>T","NM_024417.5:c.656G>A","NP_077728.3:p.Arg219Gln","Likely benign","null","missense_variant","7/12","null","219","MODERATE","11.52","null","0.00326627","gnomad_AF_sas_pass"","179.16824186580902","0.6650008579950315","98.14","0.1"
"17:72861020:G>C","NM_024417.5:c.643C>G","NP_077728.3:p.Leu215Val","Pathogenic","Auditory neuropathy and optic atrophy","missense_variant","7/12","null","215","MODERATE","31","null","0","null"","0.11755527244881663","6.095645459394613E-4","97.81","1.4"
"17:72861023:C>A","NM_024417.5:c.640G>T","NP_077728.3:p.Val214Leu","Unknown significance","null","missense_variant","7/12","null","214","MODERATE","22.8","null","0.0064834","gnomad_AF_nfe_pass"","45.648531493681546","0.26556501920699876","97.97","0.0"
"17:72861025:C>A","NM_024417.5:c.638G>T","NP_077728.3:p.Gly213Val","Likely benign","null","missense_variant","7/12","null","213","MODERATE","13.44","null","0.00615612","gnomad_AF_afr_pass"","20.851006728035976","0.21868736616964674","96.61","1.7"
"17:72861026:C>G","NM_024417.5:c.637G>C","NP_077728.3:p.Gly213Arg","Unknown significance","null","missense_variant","7/12","null","213","MODERATE","22.1","null","0.000880313","gnomad_AF_nfe_pass"","20.851006728035976","0.21868736616964674","96.61","1.1"
"17:72861035:C>A","NM_024417.5:c.628G>T","NP_077728.3:p.Ala210Ser","Likely benign","null","missense_variant","7/12","null","210","MODERATE","21.4","null","0.0108767","gnomad_AF_eas_pass"","69.53061898460457","0.546801858752771","94.67","0.1"
"17:72861040:G>A","NM_024417.5:c.623C>T","NP_077728.3:p.Thr208Met","Unknown significance","null","missense_variant","7/12","null","208","MODERATE","31","null","0.0246275","gnomad_AF_afr_pass"","0.5842972617750317","0.0037136533092634234","96.18","0.4"
"17:72861044:T>A","NM_024417.5:c.619A>T","NP_077728.3:p.Ile207Phe","Likely pathogenic","Mitochondriopathy with optic atrophy","missense_variant","7/12","null","207","MODERATE","29.5","null","0","null"","0.0","0.0","97.79","1.1"
"17:72861049:G>A","NM_024417.5:c.614C>T","NP_077728.3:p.Thr205Met","Unknown significance","null","missense_variant","7/12","null","205","MODERATE","29.8","null","0.00543833","gnomad_AF_eas_pass"","6.251479617180273","0.039732905640541924","96.6","0.3"
"17:72861050:T>C","NM_024417.5:c.613A>G","NP_077728.3:p.Thr205Ala","Pathogenic","Mitochondriopathy with optic atrophy","missense_variant","7/12","null","205","MODERATE","26.5","null","0","null"","6.251479617180273","0.039732905640541924","96.6","1.1"
"17:72861052:C>T","NM_024417.5:c.611G>A","NP_077728.3:p.Arg204Lys","Likely benign","null","missense_variant&splice_region_variant","7/12","null","204","MODERATE","14.32","null","0.00264159","gnomad_AF_nfe_pass"","185.40717821607385","0.6881572945526324","91.61","0.4"
"17:72861842:T>C","NM_024417.5:c.608A>G","NP_077728.3:p.Glu203Gly","Unknown significance","null","missense_variant&splice_region_variant","6/12","null","203","MODERATE","33","null","0","null"","51.54650957920068","0.26397447513635386","94.17","0.6"
"17:72861845:A>C","NM_024417.5:c.605T>G","NP_077728.3:p.Leu202Arg","Unknown significance","null","missense_variant","6/12","null","202","MODERATE","29.6","null","0.0165271","gnomad_AF_eas_pass"","0.0","0.0","96.1","2.4"
"17:72861857:G>A","NM_024417.5:c.593C>T","NP_077728.3:p.Pro198Leu","Unknown significance","null","missense_variant","6/12","null","198","MODERATE","26.6","null","0.000895191","gnomad_AF_nfe_pass"","50.499225377977055","0.321037444779772","93.67","0.4"
"17:72861860:G>T","NM_024417.5:c.590C>A","NP_077728.3:p.Thr197Asn","Unknown significance","null","missense_variant","6/12","null","197","MODERATE","25.9","null","0.0164168","gnomad_AF_eas_pass"","3.5601234580860566","0.022627291152013045","96.85","0.5"
"17:72861864:G>C","NM_024417.5:c.586C>G","NP_077728.3:p.Leu196Val","Unknown significance","null","missense_variant","6/12","null","196","MODERATE","24.7","null","0.00267547","gnomad_AF_nfe_pass"","0.0","0.0","98.54","0.4"
"17:72861872:C>T","NM_024417.5:c.578G>A","NP_077728.3:p.Arg193His","Pathogenic","Optic atrophy & cerebellar atrophy","missense_variant","6/12","null","193","MODERATE","31","FAD/NAD(P)-binding_domain&FAD/NAD(P)-binding_domain&FAD/NAD(P)-binding_domain&FAD/NAD(P)-binding_domain","0.00623286","gnomad_AF_afr_pass"","2.8495726957388583","0.010576474200181207","98.5","0.4"
"17:72861873:G>A","NM_024417.5:c.577C>T","NP_077728.3:p.Arg193Cys","Unknown significance","null","missense_variant","6/12","null","193","MODERATE","27.0","FAD/NAD(P)-binding_domain&FAD/NAD(P)-binding_domain&FAD/NAD(P)-binding_domain&FAD/NAD(P)-binding_domain","0.00444824","gnomad_AF_nfe_pass"","2.8495726957388583","0.010576474200181207","98.5","0.6"
"17:72861873:G>C","NM_024417.5:c.577C>G","NP_077728.3:p.Arg193Gly","Unknown significance","null","missense_variant","6/12","null","193","MODERATE","25.3","FAD/NAD(P)-binding_domain&FAD/NAD(P)-binding_domain&FAD/NAD(P)-binding_domain&FAD/NAD(P)-binding_domain","0.00328321","gnomad_AF_sas_pass"","2.8495726957388583","0.010576474200181207","98.5","2.3"
"17:72861873:G>T","NM_024417.5:c.577C>A","NP_077728.3:p.Arg193Ser","Unknown significance","null","missense_variant","6/12","null","193","MODERATE","25.1","FAD/NAD(P)-binding_domain&FAD/NAD(P)-binding_domain&FAD/NAD(P)-binding_domain&FAD/NAD(P)-binding_domain","0.000889648","gnomad_AF_nfe_pass"","2.8495726957388583","0.010576474200181207","98.5","1.5"
"17:72861875:G>A","NM_024417.5:c.575C>T","NP_077728.3:p.Ala192Val","Unknown significance","null","missense_variant","6/12","null","192","MODERATE","28.0","FAD/NAD(P)-binding_domain&FAD/NAD(P)-binding_domain&FAD/NAD(P)-binding_domain&FAD/NAD(P)-binding_domain","0.00088911","gnomad_AF_nfe_pass"","0.0","0.0","98.83","0.8"
"17:72861878:A>G","NM_024417.5:c.572T>C","NP_077728.3:p.Val191Ala","Unknown significance","null","missense_variant","6/12","null","191","MODERATE","26.4","FAD/NAD(P)-binding_domain&FAD/NAD(P)-binding_domain&FAD/NAD(P)-binding_domain&FAD/NAD(P)-binding_domain","0","null"","0.0","0.0","98.75","2.5"
"17:72861879:C>T","NM_024417.5:c.571G>A","NP_077728.3:p.Val191Met","Unknown significance","null","missense_variant","6/12","null","191","MODERATE","26.1","FAD/NAD(P)-binding_domain&FAD/NAD(P)-binding_domain&FAD/NAD(P)-binding_domain&FAD/NAD(P)-binding_domain","0.055745","gnomad_AF_sas_pass"","0.0","0.0","98.75","1.1"
"17:72861912:C>T","NM_024417.5:c.538G>A","NP_077728.3:p.Val180Met","Unknown significance","null","missense_variant","6/12","null","180","MODERATE","26.0","FAD/NAD(P)-binding_domain&FAD/NAD(P)-binding_domain&FAD/NAD(P)-binding_domain&FAD/NAD(P)-binding_domain","0.00805477","gnomad_AF_afr_pass"","0.0","0.0","98.91","1.6"
"17:72861923:C>G","NM_024417.5:c.527G>C","NP_077728.3:p.Cys176Ser","Unknown significance","null","missense_variant","6/12","null","176","MODERATE","23.7","FAD/NAD(P)-binding_domain&FAD/NAD(P)-binding_domain&FAD/NAD(P)-binding_domain&FAD/NAD(P)-binding_domain","0","gnomad_AF_afr_pass,gnomad_AF_amr_pass,gnomad_AF_eas_pass,gnomad_AF_nfe_pass,gnomad_AF_sas_pass"","14.636668972935949","0.09471854955574688","96.75","0.1"
"17:72861926:C>A","NM_024417.5:c.524G>T","NP_077728.3:p.Ser175Ile","Unknown significance","null","missense_variant","6/12","null","175","MODERATE","25.3","FAD/NAD(P)-binding_domain&FAD/NAD(P)-binding_domain&FAD/NAD(P)-binding_domain&FAD/NAD(P)-binding_domain","0.00329359","gnomad_AF_sas_pass"","52.68837315866933","0.3820567248023985","96.48","0.2"
"17:72861926:C>G","NM_024417.5:c.524G>C","NP_077728.3:p.Ser175Thr","Unknown significance","null","missense_variant","6/12","null","175","MODERATE","22.8","FAD/NAD(P)-binding_domain&FAD/NAD(P)-binding_domain&FAD/NAD(P)-binding_domain&FAD/NAD(P)-binding_domain","0.00648424","gnomad_AF_nfe_pass"","52.68837315866933","0.3820567248023985","96.48","0.1"
"17:72861935:G>A","NM_024417.5:c.515C>T","NP_077728.3:p.Pro172Leu","Unknown significance","null","missense_variant","6/12","null","172","MODERATE","23.3","FAD/NAD(P)-binding_domain&FAD/NAD(P)-binding_domain&FAD/NAD(P)-binding_domain&FAD/NAD(P)-binding_domain","0","null"","5.52274685665579","0.03510961852891133","95.5","1.5"
"17:72861937:C>G","NM_024417.5:c.513G>C","NP_077728.3:p.Glu171Asp","Likely benign","null","missense_variant","6/12","null","171","MODERATE","0.001","FAD/NAD(P)-binding_domain&FAD/NAD(P)-binding_domain&FAD/NAD(P)-binding_domain&FAD/NAD(P)-binding_domain","0.00179237","gnomad_AF_nfe_pass"","173.137726258812","0.8866544173131252","93.73","0.0"
"17:72861942:G>C","NM_024417.5:c.508C>G","NP_077728.3:p.Leu170Val","Unknown significance","null","missense_variant&splice_region_variant","6/12","null","170","MODERATE","24.1","FAD/NAD(P)-binding_domain&FAD/NAD(P)-binding_domain&FAD/NAD(P)-binding_domain&FAD/NAD(P)-binding_domain","0.00359919","gnomad_AF_nfe_pass"","43.04028206831744","0.22317867543970263","94.97","0.3"
"17:72862253:C>G","NM_024417.5:c.507G>C","NP_077728.3:p.Glu169Asp","Unknown significance","null","missense_variant&splice_region_variant","5/12","null","169","MODERATE","20.6","FAD/NAD(P)-binding_domain&FAD/NAD(P)-binding_domain&FAD/NAD(P)-binding_domain&FAD/NAD(P)-binding_domain","0.00177557","gnomad_AF_nfe_pass"","165.93602142967396","0.8497738163203908","92.31","0.0"
"17:72862267:G>A","NM_024417.5:c.493C>T","NP_077728.3:p.Pro165Ser","Unknown significance","null","missense_variant","5/12","null","165","MODERATE","28.6","FAD/NAD(P)-binding_domain&FAD/NAD(P)-binding_domain&FAD/NAD(P)-binding_domain&FAD/NAD(P)-binding_domain","0.00700062","gnomad_AF_nfe_pass"","12.264526582345546","0.07796896380012415","96.2","0.8"
"17:72862275:T>C","NM_024417.5:c.485A>G","NP_077728.3:p.Asn162Ser","Unknown significance","null","missense_variant","5/12","null","162","MODERATE","25.3","FAD/NAD(P)-binding_domain&FAD/NAD(P)-binding_domain&FAD/NAD(P)-binding_domain&FAD/NAD(P)-binding_domain","0.00615991","gnomad_AF_afr_pass"","0.0","0.0","98.06","0.4"
"17:72862275:T>G","NM_024417.5:c.485A>C","NP_077728.3:p.Asn162Thr","Unknown significance","null","missense_variant","5/12","null","162","MODERATE","25.8","FAD/NAD(P)-binding_domain&FAD/NAD(P)-binding_domain&FAD/NAD(P)-binding_domain&FAD/NAD(P)-binding_domain","0.0108802","gnomad_AF_eas_pass"","0.0","0.0","98.06","0.1"
"17:72862284:C>T","NM_024417.5:c.476G>A","NP_077728.3:p.Gly159Asp","Unknown significance","null","missense_variant","5/12","null","159","MODERATE","26.9","FAD/NAD(P)-binding_domain&FAD/NAD(P)-binding_domain&FAD/NAD(P)-binding_domain&FAD/NAD(P)-binding_domain","0.00289352","gnomad_AF_amr_pass"","0.1783644109606107","0.001870703115688387","97.79","0.1"
"17:72862288:C>T","NM_024417.5:c.472G>A","NP_077728.3:p.Val158Met","Likely pathogenic","Mitochondriopathy with optic atrophy","missense_variant","5/12","null","158","MODERATE","26.2","FAD/NAD(P)-binding_domain&FAD/NAD(P)-binding_domain&FAD/NAD(P)-binding_domain&FAD/NAD(P)-binding_domain","0.00615915","gnomad_AF_afr_pass"","0.02060308920657132","1.1986058700757888E-4","98.32","0.6"
"17:72862296:C>G","NM_024417.5:c.464G>C","NP_077728.3:p.Arg155Pro","Unknown significance","null","missense_variant","5/12","null","155","MODERATE","24.9","FAD/NAD(P)-binding_domain&FAD/NAD(P)-binding_domain&FAD/NAD(P)-binding_domain&FAD/NAD(P)-binding_domain","0.00326648","gnomad_AF_sas_pass"","15.794163413814454","0.05862161793922631","96.65","1.3"
"17:72862296:C>T","NM_024417.5:c.464G>A","NP_077728.3:p.Arg155Gln","Unknown significance","null","missense_variant","5/12","null","155","MODERATE","25.0","FAD/NAD(P)-binding_domain&FAD/NAD(P)-binding_domain&FAD/NAD(P)-binding_domain&FAD/NAD(P)-binding_domain","0.00616219","gnomad_AF_afr_pass"","15.794163413814454","0.05862161793922631","96.65","0.6"
"17:72862297:G>A","NM_024417.5:c.463C>T","NP_077728.3:p.Arg155Trp","Pathogenic","Optic atrophy & cerebellar atrophy","missense_variant","5/12","null","155","MODERATE","24.4","FAD/NAD(P)-binding_domain&FAD/NAD(P)-binding_domain&FAD/NAD(P)-binding_domain&FAD/NAD(P)-binding_domain","0.000776277","gnomad_AF_nfe_pass"","15.794163413814454","0.05862161793922631","96.65","0.7"
"17:72862300:C>A","NM_024417.5:c.460G>T","NP_077728.3:p.Ala154Ser","Unknown significance","null","missense_variant","5/12","null","154","MODERATE","24.0","FAD/NAD(P)-binding_domain&FAD/NAD(P)-binding_domain&FAD/NAD(P)-binding_domain&FAD/NAD(P)-binding_domain","0.000881663","gnomad_AF_nfe_pass"","0.0","0.0","98.18","1.0"
"17:72862300:C>G","NM_024417.5:c.460G>C","NP_077728.3:p.Ala154Pro","Unknown significance","null","missense_variant","5/12","null","154","MODERATE","24.9","FAD/NAD(P)-binding_domain&FAD/NAD(P)-binding_domain&FAD/NAD(P)-binding_domain&FAD/NAD(P)-binding_domain","0","null"","0.0","0.0","98.18","1.4"
"17:72862300:C>T","NM_024417.5:c.460G>A","NP_077728.3:p.Ala154Thr","Unknown significance","null","missense_variant","5/12","null","154","MODERATE","24.4","FAD/NAD(P)-binding_domain&FAD/NAD(P)-binding_domain&FAD/NAD(P)-binding_domain&FAD/NAD(P)-binding_domain","0.00264499","gnomad_AF_nfe_pass"","0.0","0.0","98.18","0.5"
"17:72862305:C>A","NM_024417.5:c.455G>T","NP_077728.3:p.Cys152Phe","Likely benign","null","missense_variant","5/12","null","152","MODERATE","3.118","FAD/NAD(P)-binding_domain&FAD/NAD(P)-binding_domain&FAD/NAD(P)-binding_domain&FAD/NAD(P)-binding_domain","0","gnomad_AF_afr_pass,gnomad_AF_amr_pass,gnomad_AF_eas_pass,gnomad_AF_nfe_pass,gnomad_AF_sas_pass"","23.154636425054438","0.14984103157126297","96.82","1.8"
"17:72862309:C>T","NM_024417.5:c.451G>A","NP_077728.3:p.Val151Met","Unknown significance","null","missense_variant","5/12","null","151","MODERATE","27.3","FAD/NAD(P)-binding_domain&FAD/NAD(P)-binding_domain&FAD/NAD(P)-binding_domain&FAD/NAD(P)-binding_domain","0.00176314","gnomad_AF_nfe_pass"","19.050086914310743","0.11082583670833258","97.9","0.8"
"17:72862324:C>T","NM_024417.5:c.436G>A","NP_077728.3:p.Glu146Lys","Unknown significance","null","missense_variant","5/12","null","146","MODERATE","32","FAD/NAD(P)-binding_domain&FAD/NAD(P)-binding_domain&FAD/NAD(P)-binding_domain&FAD/NAD(P)-binding_domain","0.000881741","gnomad_AF_nfe_pass"","35.50695866601947","0.18183444144068164","96.91","0.0"
"17:72862326:C>A","NM_024417.5:c.434G>T","NP_077728.3:p.Gly145Val","Unknown significance","null","missense_variant","5/12","null","145","MODERATE","24.5","FAD/NAD(P)-binding_domain&FAD/NAD(P)-binding_domain&FAD/NAD(P)-binding_domain&FAD/NAD(P)-binding_domain","0.00653253","gnomad_AF_sas_pass"","2.9368394803358955","0.03080185523867924","97.9","0.1"
"17:72862326:C>T","NM_024417.5:c.434G>A","NP_077728.3:p.Gly145Asp","Unknown significance","null","missense_variant","5/12","null","145","MODERATE","24.5","FAD/NAD(P)-binding_domain&FAD/NAD(P)-binding_domain&FAD/NAD(P)-binding_domain&FAD/NAD(P)-binding_domain","0.00264704","gnomad_AF_nfe_pass"","2.9368394803358955","0.03080185523867924","97.9","1.2"
"17:72862327:C>T","NM_024417.5:c.433G>A","NP_077728.3:p.Gly145Ser","Unknown significance","null","missense_variant","5/12","null","145","MODERATE","27.1","FAD/NAD(P)-binding_domain&FAD/NAD(P)-binding_domain&FAD/NAD(P)-binding_domain&FAD/NAD(P)-binding_domain","0.00088227","gnomad_AF_nfe_pass"","2.9368394803358955","0.03080185523867924","97.9","0.5"
"17:72862330:G>T","NM_024417.5:c.430C>A","NP_077728.3:p.Pro144Thr","Unknown significance","null","missense_variant","5/12","null","144","MODERATE","24.9","FAD/NAD(P)-binding_domain&FAD/NAD(P)-binding_domain&FAD/NAD(P)-binding_domain&FAD/NAD(P)-binding_domain","0.0194099","gnomad_AF_nfe_pass"","109.70840850488534","0.6974464830627604","98.46","0.2"
"17:72862333:T>A","NM_024417.5:c.427A>T","NP_077728.3:p.Ile143Phe","Pathogenic","Mitochondriopathy with optic atrophy","missense_variant","5/12","null","143","MODERATE","22.7","FAD/NAD(P)-binding_domain&FAD/NAD(P)-binding_domain&FAD/NAD(P)-binding_domain&FAD/NAD(P)-binding_domain","0","null"","24.782455029039532","0.12633878845171673","97.94","0.6"
"17:72862333:T>C","NM_024417.5:c.427A>G","NP_077728.3:p.Ile143Val","Unknown significance","null","missense_variant","5/12","null","143","MODERATE","12.17","FAD/NAD(P)-binding_domain&FAD/NAD(P)-binding_domain&FAD/NAD(P)-binding_domain&FAD/NAD(P)-binding_domain","0.00616599","gnomad_AF_afr_pass"","24.782455029039532","0.12633878845171673","97.94","0.5"
"17:72862335:T>G","NM_024417.5:c.425A>C","NP_077728.3:p.Glu142Ala","Likely benign","null","missense_variant","5/12","null","142","MODERATE","17.57","FAD/NAD(P)-binding_domain&FAD/NAD(P)-binding_domain&FAD/NAD(P)-binding_domain&FAD/NAD(P)-binding_domain","0","gnomad_AF_afr_pass,gnomad_AF_amr_pass,gnomad_AF_eas_pass,gnomad_AF_nfe_pass,gnomad_AF_sas_pass"","172.66524895518688","0.8842348170481132","95.62","0.1"
"17:72862338:A>G","NM_024417.5:c.422T>C","NP_077728.3:p.Leu141Pro","Unknown significance","null","missense_variant","5/12","null","141","MODERATE","28.3","FAD/NAD(P)-binding_domain&FAD/NAD(P)-binding_domain&FAD/NAD(P)-binding_domain&FAD/NAD(P)-binding_domain","0.00616675","gnomad_AF_afr_pass"","15.847844066480588","0.08217652574204784","94.86","3.0"
"17:72862341:G>A","NM_024417.5:c.419C>T","NP_077728.3:p.Ala140Val","Likely benign","null","missense_variant","5/12","null","140","MODERATE","17.15","FAD/NAD(P)-binding_domain&FAD/NAD(P)-binding_domain&FAD/NAD(P)-binding_domain&FAD/NAD(P)-binding_domain","0.00795222","gnomad_AF_nfe_pass"","42.50876022022386","0.3342968815917043","93.1","0.5"
"17:72862344:C>A","NM_024417.5:c.416G>T","NP_077728.3:p.Arg139Leu","Unknown significance","null","missense_variant","5/12","null","139","MODERATE","22.1","FAD/NAD(P)-binding_domain&FAD/NAD(P)-binding_domain&FAD/NAD(P)-binding_domain&FAD/NAD(P)-binding_domain","0.000883876","gnomad_AF_nfe_pass"","68.52327665871216","0.25433099803928105","93.55","0.1"
"17:72862344:C>T","NM_024417.5:c.416G>A","NP_077728.3:p.Arg139Gln","Likely benign","null","missense_variant","5/12","null","139","MODERATE","15.12","FAD/NAD(P)-binding_domain&FAD/NAD(P)-binding_domain&FAD/NAD(P)-binding_domain&FAD/NAD(P)-binding_domain","0.00803213","gnomad_AF_afr_pass"","68.52327665871216","0.25433099803928105","93.55","0.5"
"17:72862345:G>A","NM_024417.5:c.415C>T","NP_077728.3:p.Arg139Trp","Unknown significance","null","missense_variant","5/12","null","139","MODERATE","32","FAD/NAD(P)-binding_domain&FAD/NAD(P)-binding_domain&FAD/NAD(P)-binding_domain&FAD/NAD(P)-binding_domain","0.0200755","gnomad_AF_afr_pass"","68.52327665871216","0.25433099803928105","93.55","0.4"
"17:72862347:T>C","NM_024417.5:c.413A>G","NP_077728.3:p.His138Arg","Unknown significance","null","missense_variant","5/12","null","138","MODERATE","23.5","FAD/NAD(P)-binding_domain&FAD/NAD(P)-binding_domain&FAD/NAD(P)-binding_domain&FAD/NAD(P)-binding_domain","0.00803019","gnomad_AF_afr_pass"","45.67122807856776","0.22235010820991583","92.32","0.1"
"17:72862348:G>A","NM_024417.5:c.412C>T","NP_077728.3:p.His138Tyr","Unknown significance","null","missense_variant","5/12","null","138","MODERATE","29.4","FAD/NAD(P)-binding_domain&FAD/NAD(P)-binding_domain&FAD/NAD(P)-binding_domain&FAD/NAD(P)-binding_domain","0.00501655","gnomad_AF_eas_pass"","45.67122807856776","0.22235010820991583","92.32","0.7"
"17:72862351:C>T","NM_024417.5:c.409G>A","NP_077728.3:p.Asp137Asn","Unknown significance","null","missense_variant","5/12","null","137","MODERATE","23.6","FAD/NAD(P)-binding_domain&FAD/NAD(P)-binding_domain&FAD/NAD(P)-binding_domain&FAD/NAD(P)-binding_domain","0.00544247","gnomad_AF_eas_pass"","24.371294006744236","0.15233978235472817","92.27","0.2"
"17:72862357:C>T","NM_024417.5:c.403G>A","NP_077728.3:p.Ala135Thr","Unknown significance","null","missense_variant","5/12","null","135","MODERATE","29.7","FAD/NAD(P)-binding_domain&FAD/NAD(P)-binding_domain&FAD/NAD(P)-binding_domain&FAD/NAD(P)-binding_domain","0.00804376","gnomad_AF_afr_pass"","2.0913454397334137","0.01644673368999586","95.62","0.1"
"17:72862360:C>T","NM_024417.5:c.400G>A","NP_077728.3:p.Gly134Arg","Unknown significance","null","missense_variant","5/12","null","134","MODERATE","29.7","FAD/NAD(P)-binding_domain&FAD/NAD(P)-binding_domain&FAD/NAD(P)-binding_domain&FAD/NAD(P)-binding_domain","0.000888178","gnomad_AF_nfe_pass"","2.3616196388167405","0.02476889415669917","97.53","0.9"
"17:72862578:G>A","NM_024417.5:c.383C>T","NP_077728.3:p.Ala128Val","Unknown significance","null","missense_variant","4/12","null","128","MODERATE","23.6","FAD/NAD(P)-binding_domain&FAD/NAD(P)-binding_domain&FAD/NAD(P)-binding_domain&FAD/NAD(P)-binding_domain","0.00327976","gnomad_AF_sas_pass"","0.0","0.0","98.8","0.9"
"17:72862582:G>A","NM_024417.5:c.379C>T","NP_077728.3:p.His127Tyr","Unknown significance","null","missense_variant","4/12","null","127","MODERATE","24.5","FAD/NAD(P)-binding_domain&FAD/NAD(P)-binding_domain&FAD/NAD(P)-binding_domain&FAD/NAD(P)-binding_domain","0.00290478","gnomad_AF_amr_pass"","2.7080678467162738","0.01318421255765891","98.48","0.8"
"17:72862587:G>A","NM_024417.5:c.374C>T","NP_077728.3:p.Ala125Val","Unknown significance","null","missense_variant","4/12","null","125","MODERATE","23.9","FAD/NAD(P)-binding_domain&FAD/NAD(P)-binding_domain&FAD/NAD(P)-binding_domain&FAD/NAD(P)-binding_domain","0.00290478","gnomad_AF_amr_pass"","1.4704808850373408","0.01156413811556708","98.33","0.6"
"17:72862588:C>A","NM_024417.5:c.373G>T","NP_077728.3:p.Ala125Ser","Unknown significance","null","missense_variant","4/12","null","125","MODERATE","20.7","FAD/NAD(P)-binding_domain&FAD/NAD(P)-binding_domain&FAD/NAD(P)-binding_domain&FAD/NAD(P)-binding_domain","0","null"","1.4704808850373408","0.01156413811556708","98.33","0.1"
"17:72862602:G>A","NM_024417.5:c.359C>T","NP_077728.3:p.Pro120Leu","Likely benign","null","missense_variant","4/12","null","120","MODERATE","14.36","FAD/NAD(P)-binding_domain&FAD/NAD(P)-binding_domain&FAD/NAD(P)-binding_domain&FAD/NAD(P)-binding_domain","0.00808277","gnomad_AF_afr_pass"","41.75343042754703","0.26543802434433794","98.72","0.8"
"17:72862602:G>C","NM_024417.5:c.359C>G","NP_077728.3:p.Pro120Arg","Likely benign","null","missense_variant","4/12","null","120","MODERATE","14.11","FAD/NAD(P)-binding_domain&FAD/NAD(P)-binding_domain&FAD/NAD(P)-binding_domain&FAD/NAD(P)-binding_domain","0.00327482","gnomad_AF_sas_pass"","41.75343042754703","0.26543802434433794","98.72","0.9"
"17:72862602:G>T","NM_024417.5:c.359C>A","NP_077728.3:p.Pro120Gln","Likely benign","null","missense_variant","4/12","null","120","MODERATE","11.20","FAD/NAD(P)-binding_domain&FAD/NAD(P)-binding_domain&FAD/NAD(P)-binding_domain&FAD/NAD(P)-binding_domain","0","null"","41.75343042754703","0.26543802434433794","98.72","0.6"
"17:72862608:G>A","NM_024417.5:c.353C>T","NP_077728.3:p.Thr118Met","Unknown significance","null","missense_variant","4/12","null","118","MODERATE","15.30","FAD/NAD(P)-binding_domain&FAD/NAD(P)-binding_domain&FAD/NAD(P)-binding_domain&FAD/NAD(P)-binding_domain","0.026096","gnomad_AF_amr_pass"","53.301392595921016","0.33877087221128155","98.76","0.2"
"17:72862612:C>T","NM_024417.5:c.349G>A","NP_077728.3:p.Val117Met","Unknown significance","null","missense_variant","4/12","null","117","MODERATE","27.4","FAD/NAD(P)-binding_domain&FAD/NAD(P)-binding_domain&FAD/NAD(P)-binding_domain&FAD/NAD(P)-binding_domain","0.00545197","gnomad_AF_eas_pass"","0.0","0.0","98.71","0.8"
"17:72862630:C>T","NM_024417.5:c.331G>A","NP_077728.3:p.Val111Met","Unknown significance","null","missense_variant","4/12","null","111","MODERATE","26.9","FAD/NAD(P)-binding_domain&FAD/NAD(P)-binding_domain&FAD/NAD(P)-binding_domain&FAD/NAD(P)-binding_domain","0","null"","0.0","0.0","98.75","0.9"
"17:72862636:C>T","NM_024417.5:c.325G>A","NP_077728.3:p.Gly109Ser","Unknown significance","null","missense_variant","4/12","null","109","MODERATE","28.5","FAD/NAD(P)-binding_domain&FAD/NAD(P)-binding_domain&FAD/NAD(P)-binding_domain&FAD/NAD(P)-binding_domain","0.000886038","gnomad_AF_nfe_pass"","0.0","0.0","98.67","0.3"
"17:72862647:C>G","NM_024417.5:c.314G>C","NP_077728.3:p.Cys105Ser","Unknown significance","null","missense_variant","4/12","null","105","MODERATE","26.0","FAD/NAD(P)-binding_domain&FAD/NAD(P)-binding_domain&FAD/NAD(P)-binding_domain&FAD/NAD(P)-binding_domain","0.00403193","gnomad_AF_afr_pass"","7.988364228646919","0.05169525077458073","98.69","0.9"
"17:72862647:C>T","NM_024417.5:c.314G>A","NP_077728.3:p.Cys105Tyr","Unknown significance","null","missense_variant","4/12","null","105","MODERATE","27.6","FAD/NAD(P)-binding_domain&FAD/NAD(P)-binding_domain&FAD/NAD(P)-binding_domain&FAD/NAD(P)-binding_domain","0","gnomad_AF_afr_pass,gnomad_AF_amr_pass,gnomad_AF_eas_pass,gnomad_AF_nfe_pass"","7.988364228646919","0.05169525077458073","98.69","1.4"
"17:72862650:C>A","NM_024417.5:c.311G>T","NP_077728.3:p.Arg104Leu","Unknown significance","null","missense_variant","4/12","null","104","MODERATE","32","FAD/NAD(P)-binding_domain&FAD/NAD(P)-binding_domain&FAD/NAD(P)-binding_domain&FAD/NAD(P)-binding_domain","0.00806647","gnomad_AF_afr_pass"","90.13590268647101","0.33454842218942615","97.67","0.2"
"17:72862650:C>G","NM_024417.5:c.311G>C","NP_077728.3:p.Arg104Pro","Unknown significance","null","missense_variant","4/12","null","104","MODERATE","32","FAD/NAD(P)-binding_domain&FAD/NAD(P)-binding_domain&FAD/NAD(P)-binding_domain&FAD/NAD(P)-binding_domain","0","gnomad_AF_afr_pass,gnomad_AF_amr_pass,gnomad_AF_eas_pass,gnomad_AF_nfe_pass,gnomad_AF_sas_pass"","90.13590268647101","0.33454842218942615","97.67","0.9"
"17:72862650:C>T","NM_024417.5:c.311G>A","NP_077728.3:p.Arg104His","Unknown significance","null","missense_variant","4/12","null","104","MODERATE","32","FAD/NAD(P)-binding_domain&FAD/NAD(P)-binding_domain&FAD/NAD(P)-binding_domain&FAD/NAD(P)-binding_domain","0","null"","90.13590268647101","0.33454842218942615","97.67","0.1"
"17:72862651:G>A","NM_024417.5:c.310C>T","NP_077728.3:p.Arg104Cys","Unknown significance","null","missense_variant","4/12","null","104","MODERATE","31","FAD/NAD(P)-binding_domain&FAD/NAD(P)-binding_domain&FAD/NAD(P)-binding_domain&FAD/NAD(P)-binding_domain","0.00468165","gnomad_AF_nfe_pass"","90.13590268647101","0.33454842218942615","97.67","0.5"
"17:72862653:C>A","NM_024417.5:c.308G>T","NP_077728.3:p.Gly103Val","Likely benign","null","missense_variant","4/12","null","103","MODERATE","11.76","FAD/NAD(P)-binding_domain&FAD/NAD(P)-binding_domain&FAD/NAD(P)-binding_domain&FAD/NAD(P)-binding_domain","0","null"","92.19349294177624","0.966934230677122","95.33","0.1"
"17:72862659:T>A","NM_024417.5:c.302A>T","NP_077728.3:p.His101Leu","Likely benign","null","missense_variant","4/12","null","101","MODERATE","13.44","FAD/NAD(P)-binding_domain&FAD/NAD(P)-binding_domain&FAD/NAD(P)-binding_domain&FAD/NAD(P)-binding_domain","0.00326904","gnomad_AF_sas_pass"","117.75524347500725","0.5732907178215282","97.92","0.3"
"17:72862662:G>A","NM_024417.5:c.299C>T","NP_077728.3:p.Ala100Val","Unknown significance","null","missense_variant","4/12","null","100","MODERATE","28.7","FAD/NAD(P)-binding_domain&FAD/NAD(P)-binding_domain&FAD/NAD(P)-binding_domain&FAD/NAD(P)-binding_domain","0.000887453","gnomad_AF_nfe_pass"","2.548658938522601","0.020043133014817475","98.23","1.3"
"17:72862665:G>A","NM_024417.5:c.296C>T","NP_077728.3:p.Thr99Met","Unknown significance","null","missense_variant","4/12","null","99","MODERATE","29.6","FAD/NAD(P)-binding_domain&FAD/NAD(P)-binding_domain&FAD/NAD(P)-binding_domain&FAD/NAD(P)-binding_domain","0.0202909","gnomad_AF_nfe_pass"","8.214876177431924","0.05221178344877358","98.26","1.0"
"17:72862684:T>C","NM_024417.5:c.277A>G","NP_077728.3:p.Ile93Val","Unknown significance","null","missense_variant","4/12","null","93","MODERATE","23.4","FAD/NAD(P)-binding_domain&FAD/NAD(P)-binding_domain&FAD/NAD(P)-binding_domain&FAD/NAD(P)-binding_domain","0.000888352","gnomad_AF_nfe_pass"","28.297906329960487","0.14426025174899432","97.9","0.2"
"17:72862686:A>T","NM_024417.5:c.275T>A","NP_077728.3:p.Val92Asp","Unknown significance","null","missense_variant","4/12","null","92","MODERATE","28.4","FAD/NAD(P)-binding_domain&FAD/NAD(P)-binding_domain&FAD/NAD(P)-binding_domain&FAD/NAD(P)-binding_domain","0.00868759","gnomad_AF_amr_pass"","29.3373069741269","0.17067279570962798","96.39","2.6"
"17:72862913:T>A","NM_024417.5:c.263A>T","NP_077728.3:p.Glu88Val","Unknown significance","null","missense_variant","3/12","null","88","MODERATE","28.2","FAD/NAD(P)-binding_domain&FAD/NAD(P)-binding_domain&FAD/NAD(P)-binding_domain&FAD/NAD(P)-binding_domain","0.00088241","gnomad_AF_nfe_pass"","96.8705059935508","0.4960828809669545","95.36","0.4"
"17:72862914:C>T","NM_024417.5:c.262G>A","NP_077728.3:p.Glu88Lys","Unknown significance","null","missense_variant","3/12","null","88","MODERATE","32","FAD/NAD(P)-binding_domain&FAD/NAD(P)-binding_domain&FAD/NAD(P)-binding_domain&FAD/NAD(P)-binding_domain","0.00653381","gnomad_AF_sas_pass"","96.8705059935508","0.4960828809669545","95.36","0.4"
"17:72862920:G>A","NM_024417.5:c.256C>T","NP_077728.3:p.His86Tyr","Unknown significance","null","missense_variant","3/12","null","86","MODERATE","27.0","FAD/NAD(P)-binding_domain&FAD/NAD(P)-binding_domain&FAD/NAD(P)-binding_domain&FAD/NAD(P)-binding_domain","0.00616827","gnomad_AF_afr_pass"","7.21103628588213","0.035106888207894295","95.27","0.8"
"17:72862922:T>C","NM_024417.5:c.254A>G","NP_077728.3:p.Asp85Gly","Unknown significance","null","missense_variant","3/12","null","85","MODERATE","28.2","FAD/NAD(P)-binding_domain&FAD/NAD(P)-binding_domain&FAD/NAD(P)-binding_domain&FAD/NAD(P)-binding_domain","0.000881803","gnomad_AF_nfe_pass"","27.884913069144655","0.1743026688184252","95.39","0.7"
"17:72862928:G>A","NM_024417.5:c.248C>T","NP_077728.3:p.Ala83Val","Unknown significance","null","missense_variant","3/12","null","83","MODERATE","27.8","FAD/NAD(P)-binding_domain&FAD/NAD(P)-binding_domain&FAD/NAD(P)-binding_domain&FAD/NAD(P)-binding_domain","0.0108802","gnomad_AF_eas_pass"","0.00559978125575369","4.4037732497865774E-5","97.42","0.4"
"17:72862928:G>C","NM_024417.5:c.248C>G","NP_077728.3:p.Ala83Gly","Unknown significance","null","missense_variant","3/12","null","83","MODERATE","29.1","FAD/NAD(P)-binding_domain&FAD/NAD(P)-binding_domain&FAD/NAD(P)-binding_domain&FAD/NAD(P)-binding_domain","0.000881663","gnomad_AF_nfe_pass"","0.00559978125575369","4.4037732497865774E-5","97.42","1.6"
"17:72862938:A>C","NM_024417.5:c.238T>G","NP_077728.3:p.Phe80Val","Unknown significance","null","missense_variant","3/12","null","80","MODERATE","26.9","FAD/NAD(P)-binding_domain&FAD/NAD(P)-binding_domain&FAD/NAD(P)-binding_domain&FAD/NAD(P)-binding_domain","0","null"","4.122561131668957","0.017943653158131692","97.34","1.1"
"17:72862940:C>T","NM_024417.5:c.236G>A","NP_077728.3:p.Arg79His","Unknown significance","null","missense_variant","3/12","null","79","MODERATE","29.4","FAD/NAD(P)-binding_domain&FAD/NAD(P)-binding_domain&FAD/NAD(P)-binding_domain&FAD/NAD(P)-binding_domain","0.000881741","gnomad_AF_nfe_pass"","3.3024791754957796","0.012257481919481361","97.38","0.6"
"17:72862941:G>A","NM_024417.5:c.235C>T","NP_077728.3:p.Arg79Cys","Unknown significance","null","missense_variant","3/12","null","79","MODERATE","29.0","FAD/NAD(P)-binding_domain&FAD/NAD(P)-binding_domain&FAD/NAD(P)-binding_domain&FAD/NAD(P)-binding_domain","0.00578469","gnomad_AF_amr_pass"","3.3024791754957796","0.012257481919481361","97.38","0.9"
"17:72862943:A>G","NM_024417.5:c.233T>C","NP_077728.3:p.Val78Ala","Unknown significance","null","missense_variant","3/12","null","78","MODERATE","25.6","FAD/NAD(P)-binding_domain&FAD/NAD(P)-binding_domain&FAD/NAD(P)-binding_domain&FAD/NAD(P)-binding_domain","0.00578469","gnomad_AF_amr_pass"","0.0","0.0","97.39","2.2"
"17:72862944:C>A","NM_024417.5:c.232G>T","NP_077728.3:p.Val78Leu","Unknown significance","null","missense_variant","3/12","null","78","MODERATE","26.3","FAD/NAD(P)-binding_domain&FAD/NAD(P)-binding_domain&FAD/NAD(P)-binding_domain&FAD/NAD(P)-binding_domain","0.0229516","gnomad_AF_afr_pass"","0.0","0.0","97.39","0.3"
"17:72862955:G>A","NM_024417.5:c.221C>T","NP_077728.3:p.Pro74Leu","Pathogenic","Mitochondriopathy with optic atrophy","missense_variant","3/12","null","74","MODERATE","25.5","FAD/NAD(P)-binding_domain&FAD/NAD(P)-binding_domain&FAD/NAD(P)-binding_domain&FAD/NAD(P)-binding_domain","0.0115721","gnomad_AF_amr_pass"","0.0","0.0","98.48","0.9"
"17:72862961:G>C","NM_024417.5:c.215C>G","NP_077728.3:p.Pro72Arg","Unknown significance","null","missense_variant","3/12","null","72","MODERATE","19.78","FAD/NAD(P)-binding_domain&FAD/NAD(P)-binding_domain&FAD/NAD(P)-binding_domain&FAD/NAD(P)-binding_domain","0","null"","1.926259728457383","0.01224576211966656","98.09","0.1"
"17:72862968:T>C","NM_024417.5:c.208A>G","NP_077728.3:p.Lys70Glu","Unknown significance","null","missense_variant","3/12","null","70","MODERATE","26.1","FAD/NAD(P)-binding_domain&FAD/NAD(P)-binding_domain&FAD/NAD(P)-binding_domain&FAD/NAD(P)-binding_domain","0.00326691","gnomad_AF_sas_pass"","66.16556607126877","0.2795160490066198","97.98","0.4"
"17:72862971:C>T","NM_024417.5:c.205G>A","NP_077728.3:p.Glu69Lys","Unknown significance","null","missense_variant","3/12","null","69","MODERATE","31","FAD/NAD(P)-binding_domain&FAD/NAD(P)-binding_domain&FAD/NAD(P)-binding_domain&FAD/NAD(P)-binding_domain","0.00543951","gnomad_AF_eas_pass"","11.487445148082275","0.05882827621845924","98.77","0.7"
"17:72862980:C>A","NM_024417.5:c.196G>T","NP_077728.3:p.Asp66Tyr","Unknown significance","null","missense_variant","3/12","null","66","MODERATE","32","FAD/NAD(P)-binding_domain&FAD/NAD(P)-binding_domain&FAD/NAD(P)-binding_domain&FAD/NAD(P)-binding_domain","0.00654022","gnomad_AF_sas_pass"","0.0","0.0","98.92","2.9"
"17:72862983:C>T","NM_024417.5:c.193G>A","NP_077728.3:p.Val65Met","Unknown significance","null","missense_variant","3/12","null","65","MODERATE","28.7","FAD/NAD(P)-binding_domain&FAD/NAD(P)-binding_domain&FAD/NAD(P)-binding_domain&FAD/NAD(P)-binding_domain","0.00654236","gnomad_AF_sas_pass"","0.0","0.0","98.87","1.6"
"17:72862989:C>A","NM_024417.5:c.187G>T","NP_077728.3:p.Ala63Ser","Unknown significance","null","missense_variant","3/12","null","63","MODERATE","23.6","FAD/NAD(P)-binding_domain&FAD/NAD(P)-binding_domain&FAD/NAD(P)-binding_domain&FAD/NAD(P)-binding_domain","0.000888462","gnomad_AF_nfe_pass"","0.0","0.0","97.27","0.6"
"17:72862990:C>G","NM_024417.5:c.186G>C","NP_077728.3:p.Gln62His","Likely benign","null","missense_variant","3/12","null","62","MODERATE","20.6","FAD/NAD(P)-binding_domain&FAD/NAD(P)-binding_domain&FAD/NAD(P)-binding_domain&FAD/NAD(P)-binding_domain","0.000889727","gnomad_AF_nfe_pass"","60.465733368302196","0.30576593459526363","94.85","0.2"
"17:72862994:G>A","NM_024417.5:c.182C>T","NP_077728.3:p.Pro61Leu","Unknown significance","null","missense_variant","3/12","null","61","MODERATE","23.7","FAD/NAD(P)-binding_domain&FAD/NAD(P)-binding_domain&FAD/NAD(P)-binding_domain&FAD/NAD(P)-binding_domain","0.00987167","gnomad_AF_sas_pass"","104.15035937097652","0.6621124382619727","93.52","0.4"
"17:72862996:G>T","NM_024417.5:c.180C>A","NP_077728.3:p.His60Gln","Unknown significance","null","missense_variant&splice_region_variant","3/12","null","60","MODERATE","23.7","FAD/NAD(P)-binding_domain&FAD/NAD(P)-binding_domain&FAD/NAD(P)-binding_domain&FAD/NAD(P)-binding_domain","0","null"","28.033917185196625","0.13648296272990795","96.28","0.2"
"17:72868166:G>C","NM_024417.5:c.172C>G","NP_077728.3:p.Leu58Val","Unknown significance","null","missense_variant","2/12","null","58","MODERATE","22.9","FAD/NAD(P)-binding_domain&FAD/NAD(P)-binding_domain&FAD/NAD(P)-binding_domain&FAD/NAD(P)-binding_domain","0.0301182","gnomad_AF_sas_pass"","12.12996973726749","0.06289806778659121","98.36","0.4"
"17:72868170:G>T","NM_024417.5:c.168C>A","NP_077728.3:p.His56Gln","Unknown significance","null","missense_variant","2/12","null","56","MODERATE","15.20","FAD/NAD(P)-binding_domain&FAD/NAD(P)-binding_domain&FAD/NAD(P)-binding_domain&FAD/NAD(P)-binding_domain","0.000934789","gnomad_AF_nfe_pass"","36.56273370949392","0.17800545636239123","98.68","0.2"
"17:72868178:C>T","NM_024417.5:c.160G>A","NP_077728.3:p.Ala54Thr","Unknown significance","null","missense_variant","2/12","null","54","MODERATE","25.1","FAD/NAD(P)-binding_domain&FAD/NAD(P)-binding_domain&FAD/NAD(P)-binding_domain&FAD/NAD(P)-binding_domain","0","null"","0.0","0.0","98.87","1.2"
"17:72868180:G>A","NM_024417.5:c.158C>T","NP_077728.3:p.Thr53Met","Unknown significance","null","missense_variant","2/12","null","53","MODERATE","24.7","FAD/NAD(P)-binding_domain&FAD/NAD(P)-binding_domain&FAD/NAD(P)-binding_domain&FAD/NAD(P)-binding_domain","0.0510621","gnomad_AF_eas_pass"","0.0","0.0","98.91","1.2"
"17:72868183:T>C","NM_024417.5:c.155A>G","NP_077728.3:p.Tyr52Cys","Unknown significance","null","missense_variant","2/12","null","52","MODERATE","24.4","FAD/NAD(P)-binding_domain&FAD/NAD(P)-binding_domain&FAD/NAD(P)-binding_domain&FAD/NAD(P)-binding_domain","0.00366468","gnomad_AF_nfe_pass"","9.43108553946914","0.0393106495150347","98.84","1.8"
"17:72868187:A>C","NM_024417.5:c.151T>G","NP_077728.3:p.Phe51Val","Unknown significance","null","missense_variant","2/12","null","51","MODERATE","24.1","FAD/NAD(P)-binding_domain&FAD/NAD(P)-binding_domain&FAD/NAD(P)-binding_domain&FAD/NAD(P)-binding_domain","0.0115022","gnomad_AF_afr_pass"","0.0","0.0","98.85","0.4"
"17:72868187:A>G","NM_024417.5:c.151T>C","NP_077728.3:p.Phe51Leu","Pathogenic","Mitochondriopathy with optic atrophy","missense_variant","2/12","null","51","MODERATE","25.0","FAD/NAD(P)-binding_domain&FAD/NAD(P)-binding_domain&FAD/NAD(P)-binding_domain&FAD/NAD(P)-binding_domain","0","null"","0.0","0.0","98.85","0.4"
"17:72868189:C>G","NM_024417.5:c.149G>C","NP_077728.3:p.Gly50Ala","Unknown significance","null","missense_variant","2/12","null","50","MODERATE","23.7","FAD/NAD(P)-binding_domain&FAD/NAD(P)-binding_domain&FAD/NAD(P)-binding_domain&FAD/NAD(P)-binding_domain","0.000914947","gnomad_AF_nfe_pass"","0.0","0.0","98.87","0.0"
"17:72868196:G>A","NM_024417.5:c.142C>T","NP_077728.3:p.Pro48Ser","Unknown significance","null","missense_variant","2/12","null","48","MODERATE","24.1","FAD/NAD(P)-binding_domain&FAD/NAD(P)-binding_domain&FAD/NAD(P)-binding_domain&FAD/NAD(P)-binding_domain","0.01207","gnomad_AF_amr_pass"","3.0637592701913543","0.019477159108098236","98.56","1.0"
"17:72868199:C>T","NM_024417.5:c.139G>A","NP_077728.3:p.Gly47Ser","Unknown significance","null","missense_variant","2/12","null","47","MODERATE","25.2","FAD/NAD(P)-binding_domain&FAD/NAD(P)-binding_domain&FAD/NAD(P)-binding_domain&FAD/NAD(P)-binding_domain","0.00302206","gnomad_AF_amr_pass"","2.141046717318364","0.02245550411851142","98.32","0.7"
"17:72868211:C>A","NM_024417.5:c.127G>T","NP_077728.3:p.Val43Leu","Unknown significance","null","missense_variant","2/12","null","43","MODERATE","21.2","FAD/NAD(P)-binding_domain&FAD/NAD(P)-binding_domain&FAD/NAD(P)-binding_domain&FAD/NAD(P)-binding_domain","0.020852","gnomad_AF_amr_pass"","0.0","0.0","98.96","0.7"
"17:72868213:C>A","NM_024417.5:c.125G>T","NP_077728.3:p.Cys42Phe","Unknown significance","null","missense_variant","2/12","null","42","MODERATE","25.2","FAD/NAD(P)-binding_domain&FAD/NAD(P)-binding_domain&FAD/NAD(P)-binding_domain&FAD/NAD(P)-binding_domain","0","null"","0.0","0.0","98.92","1.2"
"17:72868218:C>A","NM_024417.5:c.120G>T","NP_077728.3:p.Gln40His","Unknown significance","null","missense_variant","2/12","null","40","MODERATE","17.69","FAD/NAD(P)-binding_domain&FAD/NAD(P)-binding_domain&FAD/NAD(P)-binding_domain&FAD/NAD(P)-binding_domain","0","null"","25.762388150255852","0.13027644338964395","98.32","0.1"
"17:72868220:G>C","NM_024417.5:c.118C>G","NP_077728.3:p.Gln40Glu","Likely benign","null","missense_variant","2/12","null","40","MODERATE","20.1","FAD/NAD(P)-binding_domain&FAD/NAD(P)-binding_domain&FAD/NAD(P)-binding_domain&FAD/NAD(P)-binding_domain","0.00338409","gnomad_AF_sas_pass"","25.762388150255852","0.13027644338964395","98.32","0.6"
"17:72868225:G>A","NM_024417.5:c.113C>T","NP_077728.3:p.Thr38Ile","Likely benign","null","missense_variant","2/12","null","38","MODERATE","10.08","null","0.0033857","gnomad_AF_sas_pass"","61.33843359141849","0.38985237788006344","90.72","0.1"
"17:72868225:G>T","NM_024417.5:c.113C>A","NP_077728.3:p.Thr38Asn","Likely benign","null","missense_variant","2/12","null","38","MODERATE","14.01","null","0.0067714","gnomad_AF_sas_pass"","61.33843359141849","0.38985237788006344","90.72","0.1"
"17:72868226:T>C","NM_024417.5:c.112A>G","NP_077728.3:p.Thr38Ala","Likely benign","null","missense_variant","2/12","null","38","MODERATE","8.557","null","0.000906355","gnomad_AF_nfe_pass"","61.33843359141849","0.38985237788006344","90.72","0.2"
"17:72868232:C>T","NM_024417.5:c.106G>A","NP_077728.3:p.Glu36Lys","Likely benign","null","missense_variant","2/12","null","36","MODERATE","17.61","null","0.0119033","gnomad_AF_amr_pass"","84.61449537136383","0.43331870939319517","53.11","0.2"
"17:72868235:G>C","NM_024417.5:c.103C>G","NP_077728.3:p.Gln35Glu","Likely benign","null","missense_variant","2/12","null","35","MODERATE","18.67","null","0.00804635","gnomad_AF_afr_pass"","154.2001059799535","0.7797662724515313","47.62","0.1"
"17:72868237:G>A","NM_024417.5:c.101C>T","NP_077728.3:p.Thr34Ile","Unknown significance","null","missense_variant","2/12","null","34","MODERATE","22.4","null","0.000905321","gnomad_AF_nfe_pass"","163.98321186704726","1.0422379792842082","42.3","0.0"
"17:72868240:G>A","NM_024417.5:c.98C>T","NP_077728.3:p.Ser33Phe","Unknown significance","null","missense_variant","2/12","null","33","MODERATE","23.9","null","0.00340229","gnomad_AF_sas_pass"","62.17125135166773","0.4508194739046818","39.58","0.2"
"17:72868250:G>A","NM_024417.5:c.88C>T","NP_077728.3:p.His30Tyr","Likely benign","null","missense_variant","2/12","null","30","MODERATE","15.12","null","0.00607607","gnomad_AF_amr_pass"","144.03516352505983","0.7012343557027975","34.11","0.2"
"17:72868253:A>G","NM_024417.5:c.85T>C","NP_077728.3:p.Cys29Arg","Likely benign","null","missense_variant","2/12","null","29","MODERATE","7.376","null","0.0034478","gnomad_AF_sas_pass"","135.94297207765652","0.8797302966475562","30.16","0.1"
"17:72868256:A>C","NM_024417.5:c.82T>G","NP_077728.3:p.Phe28Val","Likely benign","null","missense_variant&splice_region_variant","2/12","null","28","MODERATE","12.55","null","0.000915684","gnomad_AF_nfe_pass"","183.7014189381651","0.7995695978311987","34.14","0.1"
"17:72868996:G>A","NM_024417.5:c.74C>T","NP_077728.3:p.Thr25Ile","Likely benign","null","missense_variant","1/12","null","25","MODERATE","11.73","null","0.0354233","gnomad_AF_sas_pass"","102.61599185707553","0.6522026418294289","33.54","0.1"
"17:72869003:C>A","NM_024417.5:c.67G>T","NP_077728.3:p.Gly23Trp","Likely benign","null","missense_variant","1/12","null","23","MODERATE","20.6","null","0.00916254","gnomad_AF_eas_pass"","63.659330500784364","0.6676651876295712","34.94","0.3"
"17:72869003:C>T","NM_024417.5:c.67G>A","NP_077728.3:p.Gly23Arg","Likely benign","null","missense_variant","1/12","null","23","MODERATE","8.155","null","0.00631313","gnomad_AF_afr_pass"","63.659330500784364","0.6676651876295712","34.94","0.2"
"17:72869005:G>A","NM_024417.5:c.65C>T","NP_077728.3:p.Ala22Val","Likely benign","null","missense_variant","1/12","null","22","MODERATE","13.84","null","0.0162193","gnomad_AF_amr_pass"","116.04069074865369","0.9125658065314888","37.41","0.1"
"17:72869006:C>T","NM_024417.5:c.64G>A","NP_077728.3:p.Ala22Thr","Likely benign","null","missense_variant","1/12","null","22","MODERATE","16.24","null","0.00191366","gnomad_AF_nfe_pass"","116.04069074865369","0.9125658065314888","37.41","0.1"
"17:72869009:G>A","NM_024417.5:c.61C>T","NP_077728.3:p.Pro21Ser","Likely benign","null","missense_variant","1/12","null","21","MODERATE","7.805","null","0.00379334","gnomad_AF_nfe_pass"","156.99742971643124","0.9980757783095717","36.62","0.0"
"17:72869012:G>A","NM_024417.5:c.58C>T","NP_077728.3:p.Pro20Ser","Likely benign","null","missense_variant","1/12","null","20","MODERATE","9.803","null","0.00188565","gnomad_AF_nfe_pass"","131.2738963968905","0.8345442123142223","34.52","0.2"
"17:72869014:A>C","NM_024417.5:c.56T>G","NP_077728.3:p.Leu19Arg","Likely benign","null","missense_variant","1/12","null","19","MODERATE","10.39","null","0","null"","175.66321772413534","0.9108742408546492","32.43","0.2"
"17:72869017:C>T","NM_024417.5:c.53G>A","NP_077728.3:p.Arg18Gln","Likely benign","null","missense_variant","1/12","null","18","MODERATE","22.7","null","0.0178094","gnomad_AF_eas_pass"","257.2028320117046","0.9546340477830819","29.2","0.0"
"17:72869020:G>A","NM_024417.5:c.50C>T","NP_077728.3:p.Thr17Ile","Likely benign","null","missense_variant","1/12","null","17","MODERATE","10.75","null","0.00648677","gnomad_AF_nfe_pass"","128.01420901725652","0.8136276208200247","33.39","0.1"
"17:72869026:G>T","NM_024417.5:c.44C>A","NP_077728.3:p.Pro15His","Unknown significance","null","missense_variant","1/12","null","15","MODERATE","22.4","null","0.00280954","gnomad_AF_nfe_pass"","127.9513110036747","0.8134216244583345","32.19","0.0"
"17:72869027:G>A","NM_024417.5:c.43C>T","NP_077728.3:p.Pro15Ser","Likely benign","null","missense_variant","1/12","null","15","MODERATE","14.47","null","0.0064834","gnomad_AF_nfe_pass"","127.9513110036747","0.8134216244583345","32.19","0.0"
"17:72869033:C>G","NM_024417.5:c.37G>C","NP_077728.3:p.Ala13Pro","Unknown significance","null","missense_variant","1/12","null","13","MODERATE","22.2","null","0.0114784","gnomad_AF_afr_pass"","121.00137792744358","0.9515775830648454","30.99","0.0"
"17:72869035:G>A","NM_024417.5:c.35C>T","NP_077728.3:p.Ser12Leu","Likely benign","null","missense_variant","1/12","null","12","MODERATE","17.02","null","0","null"","60.1966889674785","0.43650142246002027","32.23","0.2"
"17:72869041:C>A","NM_024417.5:c.29G>T","NP_077728.3:p.Gly10Val","Likely benign","null","missense_variant","1/12","null","10","MODERATE","6.467","null","0","null"","86.46117064715332","0.9068130825235858","30.04","0.0"
"17:72869046:C>A","NM_024417.5:c.24G>T","NP_077728.3:p.Trp8Cys","Unknown significance","null","missense_variant","1/12","null","8","MODERATE","21.7","null","0.0265534","gnomad_AF_amr_pass"","253.37626898789748","0.9658751085344562","25.72","0.1"
"17:72869050:C>A","NM_024417.5:c.20G>T","NP_077728.3:p.Arg7Leu","Benign","null","missense_variant","1/12","null","7","MODERATE","19.21","null","1.39158","gnomad_AF_eas_pass"","192.44732859161246","0.7142875171378027","28.5","0.1"
"17:72869050:C>T","NM_024417.5:c.20G>A","NP_077728.3:p.Arg7His","Likely benign","null","missense_variant","1/12","null","7","MODERATE","19.01","null","0.00432189","gnomad_AF_sas_pass"","192.44732859161246","0.7142875171378027","28.5","0.1"
"17:72869051:G>A","NM_024417.5:c.19C>T","NP_077728.3:p.Arg7Cys","Likely benign","null","missense_variant","1/12","null","7","MODERATE","23.9","null","0","null"","192.44732859161246","0.7142875171378027","28.5","0.2"
"17:72869056:C>T","NM_024417.5:c.14G>A","NP_077728.3:p.Cys5Tyr","Unknown significance","null","missense_variant","1/12","null","5","MODERATE","24.7","null","0","null"","115.60325177602404","0.7481054844103929","30.24","0.2"
"17:72869057:A>T","NM_024417.5:c.13T>A","NP_077728.3:p.Cys5Ser","Unknown significance","null","missense_variant","1/12","null","5","MODERATE","22.9","null","0","null"","115.60325177602404","0.7481054844103929","30.24","0.5"
"17:72869062:G>A","NM_024417.5:c.8C>T","NP_077728.3:p.Ser3Leu","Likely benign","null","missense_variant","1/12","null","3","MODERATE","21.5","null","0","null"","118.79123221895082","0.8613852809639441","32.07","0.1"
"17:72869065:G>A","NM_024417.5:c.5C>T","NP_077728.3:p.Ala2Val","Unknown significance","null","missense_variant","1/12","null","2","MODERATE","23.7","null","0.00434367","gnomad_AF_sas_pass"","96.47392372370861","0.7586890722916945","36.19","0.1"
"17:72869065:G>C","NM_024417.5:c.5C>G","NP_077728.3:p.Ala2Gly","Unknown significance","null","missense_variant","1/12","null","2","MODERATE","23.8","null","0","gnomad_AF_afr_pass,gnomad_AF_amr_pass,gnomad_AF_eas_pass,gnomad_AF_nfe_pass"","96.47392372370861","0.7586890722916945","36.19","0.2"
"17:72869066:C>T","NM_024417.5:c.4G>A","NP_077728.3:p.Ala2Thr","Unknown significance","null","missense_variant","1/12","null","2","MODERATE","23.9","null","0.0114863","gnomad_AF_afr_pass"","96.47392372370861","0.7586890722916945","36.19","0.1"