{"applied_filters": "CONTAINS missense_variant[Consequence]"},,"Surface Area","Normalized SA","Confidence Score","|ddG|""Genomic Description (GRCh37)","HGVS Nucleotide Change","HGVS Protein Change","Variant Classification","Phenotype","Consequence","Exon","Intron","Protein Position","Impact","CADD Phred","Interpro Domain","Max MAF (%)","Max MAF Source","Surface Area","Normalized SA","Confidence Score","|ddG|"
"2:45233313:G>A","NM_016932.5:c.872C>T","NP_058628.3:p.Ser291Phe","Unknown significance","null","missense_variant","2/2","null","291","MODERATE","29.6","null","0.00801603","gnomad_AF_afr_pass"","223.0507098568754","1.617397132686875","31.19","0.0"
"2:45233317:C>G","NM_016932.5:c.868G>C","NP_058628.3:p.Gly290Arg","Unknown significance","null","missense_variant","2/2","null","290","MODERATE","29.9","null","0.00543656","gnomad_AF_eas_pass"","65.18138688638786","0.6836286615505578","35.19","0.2"
"2:45233319:A>T","NM_016932.5:c.866T>A","NP_058628.3:p.Leu289Gln","Unknown significance","null","missense_variant","2/2","null","289","MODERATE","29.3","null","0.00543656","gnomad_AF_eas_pass"","189.30962852581627","0.9816355774646409","31.08","0.2"
"2:45233322:T>A","NM_016932.5:c.863A>T","NP_058628.3:p.Asp288Val","Unknown significance","null","missense_variant","2/2","null","288","MODERATE","27.9","null","0.00543656","gnomad_AF_eas_pass"","126.75159407028053","0.7922972923980955","33.02","0.1"
"2:45233326:C>G","NM_016932.5:c.859G>C","NP_058628.3:p.Val287Leu","Unknown significance","null","missense_variant","2/2","null","287","MODERATE","25.2","null","0.00289101","gnomad_AF_amr_pass"","143.4688105957301","0.8346445371793394","35.88","0.1"
"2:45233326:C>T","NM_016932.5:c.859G>A","NP_058628.3:p.Val287Met","Pathogenic","Congenital anomalies of the kidney and urinary tract","missense_variant","2/2","null","287","MODERATE","29.1","null","0.0555265","gnomad_AF_sas_pass"","143.4688105957301","0.8346445371793394","35.88","0.1"
"2:45233330:G>T","NM_016932.5:c.855C>A","NP_058628.3:p.Asn285Lys","Unknown significance","null","missense_variant","2/2","null","285","MODERATE","23.1","null","0.00543656","gnomad_AF_eas_pass"","134.21137231465724","0.8397285611260096","31.2","0.1"
"2:45233331:T>C","NM_016932.5:c.854A>G","NP_058628.3:p.Asn285Ser","Unknown significance","null","missense_variant","2/2","null","285","MODERATE","17.24","null","0.0026642","gnomad_AF_nfe_pass"","134.21137231465724","0.8397285611260096","31.2","0.1"
"2:45233334:G>A","NM_016932.5:c.851C>T","NP_058628.3:p.Ala284Val","Unknown significance","null","missense_variant","2/2","null","284","MODERATE","24.9","null","0.0228639","gnomad_AF_sas_pass"","104.49810726200418","0.8217927601027424","31.85","0.1"
"2:45233341:T>C","NM_016932.5:c.844A>G","NP_058628.3:p.Met282Val","Unknown significance","null","missense_variant","2/2","null","282","MODERATE","23.3","null","0.00653253","gnomad_AF_sas_pass"","211.2728728073642","0.975706692190842","30.1","0.0"
"2:45233344:G>A","NM_016932.5:c.841C>T","NP_058628.3:p.Pro281Ser","Unknown significance","null","missense_variant","2/2","null","281","MODERATE","24.6","null","0.0064834","gnomad_AF_nfe_pass"","130.6418473574266","0.830526102985094","34.59","0.2"
"2:45233346:T>C","NM_016932.5:c.839A>G","NP_058628.3:p.Asn280Ser","Unknown significance","null","missense_variant","2/2","null","280","MODERATE","22.5","null","0.0097988","gnomad_AF_sas_pass"","116.1677247899679","0.7268337600964137","34.49","0.0"
"2:45233347:T>C","NM_016932.5:c.838A>G","NP_058628.3:p.Asn280Asp","Unknown significance","null","missense_variant","2/2","null","280","MODERATE","22.9","null","0","null"","116.1677247899679","0.7268337600964137","34.49","0.2"
"2:45233350:G>C","NM_016932.5:c.835C>G","NP_058628.3:p.Leu279Val","Unknown significance","null","missense_variant","2/2","null","279","MODERATE","25.9","null","0.000888021","gnomad_AF_nfe_pass"","136.89045723723638","0.709824133541883","35.35","0.3"
"2:45233355:G>A","NM_016932.5:c.830C>T","NP_058628.3:p.Ser277Phe","Unknown significance","null","missense_variant","2/2","null","277","MODERATE","25.3","null","0.0130651","gnomad_AF_sas_pass"","112.50097182982235","0.8157730113425721","33.67","0.1"
"2:45233356:A>T","NM_016932.5:c.829T>A","NP_058628.3:p.Ser277Thr","Unknown significance","null","missense_variant","2/2","null","277","MODERATE","22.7","null","0.00543656","gnomad_AF_eas_pass"","112.50097182982235","0.8157730113425721","33.67","0.1"
"2:45233359:C>T","NM_016932.5:c.826G>A","NP_058628.3:p.Asp276Asn","Unknown significance","null","missense_variant","2/2","null","276","MODERATE","25.2","null","0.014455","gnomad_AF_amr_pass"","99.76606311701067","0.6236164701565564","35.0","0.1"
"2:45233367:C>T","NM_016932.5:c.818G>A","NP_058628.3:p.Gly273Asp","Unknown significance","null","missense_variant","2/2","null","273","MODERATE","24.1","null","0.0902165","gnomad_AF_eas_pass"","19.837277022938196","0.20805527141722957","30.3","0.1"
"2:45233371:G>A","NM_016932.5:c.814C>T","NP_058628.3:p.His272Tyr","Unknown significance","null","missense_variant","2/2","null","272","MODERATE","23.2","null","0.00648593","gnomad_AF_nfe_pass"","186.16832471272815","0.9063594058369357","35.6","0.0"
"2:45233375:G>T","NM_016932.5:c.810C>A","NP_058628.3:p.His270Gln","Unknown significance","null","missense_variant","2/2","null","270","MODERATE","17.99","null","0.00578202","gnomad_AF_amr_pass"","168.15488897726215","0.8186610987512807","33.78","0.3"
"2:45233379:T>G","NM_016932.5:c.806A>C","NP_058628.3:p.Gln269Pro","Unknown significance","null","missense_variant","2/2","null","269","MODERATE","23.0","null","0.00326627","gnomad_AF_sas_pass"","198.04238467349919","1.001469947785527","36.53","0.0"
"2:45233388:T>G","NM_016932.5:c.797A>C","NP_058628.3:p.Asp266Ala","Unknown significance","null","missense_variant","2/2","null","266","MODERATE","23.2","null","0.00289118","gnomad_AF_amr_pass"","136.56102231339088","0.8536139448157398","39.6","0.1"
"2:45233391:G>A","NM_016932.5:c.794C>T","NP_058628.3:p.Ala265Val","Likely benign","null","missense_variant","2/2","null","265","MODERATE","19.69","null","0.012024","gnomad_AF_afr_pass"","103.73901489599149","0.8158231150346797","31.24","0.1"
"2:45233391:G>C","NM_016932.5:c.794C>G","NP_058628.3:p.Ala265Gly","Likely benign","null","missense_variant","2/2","null","265","MODERATE","19.24","null","0.00326627","gnomad_AF_sas_pass"","103.73901489599149","0.8158231150346797","31.24","0.1"
"2:45233392:C>T","NM_016932.5:c.793G>A","NP_058628.3:p.Ala265Thr","Unknown significance","null","missense_variant","2/2","null","265","MODERATE","19.62","null","0.0163097","gnomad_AF_eas_pass"","103.73901489599149","0.8158231150346797","31.24","0.1"
"2:45233394:C>T","NM_016932.5:c.791G>A","NP_058628.3:p.Gly264Glu","Unknown significance","null","missense_variant","2/2","null","264","MODERATE","22.4","null","0.132296","gnomad_AF_afr_pass"","80.75923650585867","0.8470106482480314","35.63","0.0"
"2:45233401:C>T","NM_016932.5:c.784G>A","NP_058628.3:p.Gly262Arg","Unknown significance","null","missense_variant","2/2","null","262","MODERATE","22.4","null","0.00543656","gnomad_AF_eas_pass"","79.69154954428744","0.8358126445945321","36.16","0.1"
"2:45233404:C>T","NM_016932.5:c.781G>A","NP_058628.3:p.Gly261Ser","Unknown significance","null","missense_variant","2/2","null","261","MODERATE","23.0","null","0.00390277","gnomad_AF_nfe_pass"","83.83373318720275","0.879256265464989","32.85","0.1"
"2:45233412:G>A","NM_016932.5:c.773C>T","NP_058628.3:p.Pro258Leu","Unknown significance","null","missense_variant","2/2","null","258","MODERATE","23.1","null","0.0289184","gnomad_AF_amr_pass"","134.68080385508227","0.8562028586952818","37.03","0.0"
"2:45233412:G>T","NM_016932.5:c.773C>A","NP_058628.3:p.Pro258Gln","Unknown significance","null","missense_variant","2/2","null","258","MODERATE","24.1","null","0.0652458","gnomad_AF_eas_pass"","134.68080385508227","0.8562028586952818","37.03","0.1"
"2:45233416:C>T","NM_016932.5:c.769G>A","NP_058628.3:p.Val257Met","Unknown significance","null","missense_variant","2/2","null","257","MODERATE","24.0","null","0.0130685","gnomad_AF_sas_pass"","134.21116583695962","0.7807872382098261","40.78","0.0"
"2:45233418:G>A","NM_016932.5:c.767C>T","NP_058628.3:p.Pro256Leu","Unknown significance","null","missense_variant","2/2","null","256","MODERATE","23.1","null","0.00543715","gnomad_AF_eas_pass"","145.14420168243424","0.9227215523398824","35.11","0.1"
"2:45233421:A>G","NM_016932.5:c.764T>C","NP_058628.3:p.Val255Ala","Benign","null","missense_variant","2/2","null","255","MODERATE","21.1","null","0.625251","gnomad_AF_afr_pass"","139.0413294599136","0.8088872110529891","40.88","0.1"
"2:45233424:G>A","NM_016932.5:c.761C>T","NP_058628.3:p.Ala254Val","Unknown significance","null","missense_variant","2/2","null","254","MODERATE","22.8","null","0","null"","101.04341092854767","0.7946243786882368","33.44","0.1"
"2:45233425:C>T","NM_016932.5:c.760G>A","NP_058628.3:p.Ala254Thr","Likely pathogenic","null","missense_variant","2/2","null","254","MODERATE","22.8","null","0.00326819","gnomad_AF_sas_pass"","101.04341092854767","0.7946243786882368","33.44","0.0"
"2:45233426:G>C","NM_016932.5:c.759C>G","NP_058628.3:p.Ser253Arg","Unknown significance","null","missense_variant","2/2","null","253","MODERATE","23.6","null","0","null"","132.18239548479124","0.9584879939900981","38.92","0.0"
"2:45233428:T>C","NM_016932.5:c.757A>G","NP_058628.3:p.Ser253Gly","Unknown significance","null","missense_variant","2/2","null","253","MODERATE","21.9","null","0.117925","gnomad_AF_amr_pass"","132.18239548479124","0.9584879939900981","38.92","0.1"
"2:45233433:C>T","NM_016932.5:c.752G>A","NP_058628.3:p.Gly251Asp","Unknown significance","null","missense_variant","2/2","null","251","MODERATE","24.6","null","0.000887847","gnomad_AF_nfe_pass"","66.13444899296434","0.6936244686884004","36.58","0.0"
"2:45233434:C>T","NM_016932.5:c.751G>A","NP_058628.3:p.Gly251Ser","Unknown significance","null","missense_variant","2/2","null","251","MODERATE","23.3","null","0.000888036","gnomad_AF_nfe_pass"","66.13444899296434","0.6936244686884004","36.58","0.2"
"2:45233436:G>A","NM_016932.5:c.749C>T","NP_058628.3:p.Pro250Leu","Unknown significance","null","missense_variant","2/2","null","250","MODERATE","18.70","null","0.00289503","gnomad_AF_amr_pass"","142.62939237884407","0.9067342189324857","42.23","0.0"
"2:45233440:G>A","NM_016932.5:c.745C>T","NP_058628.3:p.Pro249Ser","Unknown significance","null","missense_variant","2/2","null","249","MODERATE","21.1","null","0.0124982","gnomad_AF_nfe_pass"","123.13359515043133","0.7827940816470589","45.32","0.1"
"2:45233441:G>T","NM_016932.5:c.744C>A","NP_058628.3:p.His248Gln","Unknown significance","null","missense_variant","2/2","null","248","MODERATE","14.47","null","0.00327161","gnomad_AF_sas_pass"","188.3832873359441","0.9171429384826038","41.43","0.1"
"2:45233446:C>T","NM_016932.5:c.739G>A","NP_058628.3:p.Gly247Ser","Unknown significance","null","missense_variant","2/2","null","247","MODERATE","22.7","null","0","null"","69.33786541834904","0.7272222085936885","33.19","0.1"
"2:45233452:T>C","NM_016932.5:c.733A>G","NP_058628.3:p.Ser245Gly","Unknown significance","null","missense_variant","2/2","null","245","MODERATE","18.23","null","0.00327054","gnomad_AF_sas_pass"","124.35108254950809","0.9017011624448042","33.31","0.1"
"2:45233463:G>A","NM_016932.5:c.722C>T","NP_058628.3:p.Pro241Leu","Pathogenic","Renal hypodysplasia","missense_variant","2/2","null","241","MODERATE","20.6","null","0.335953","gnomad_AF_nfe_pass"","153.05247690859312","0.9729966298726246","38.57","0.0"
"2:45233469:C>A","NM_016932.5:c.716G>T","NP_058628.3:p.Gly239Val","Unknown significance","null","missense_variant","2/2","null","239","MODERATE","22.8","null","0.00266184","gnomad_AF_nfe_pass"","72.33057873947466","0.7586100740542943","36.01","0.2"
"2:45233469:C>T","NM_016932.5:c.716G>A","NP_058628.3:p.Gly239Glu","Unknown significance","null","missense_variant","2/2","null","239","MODERATE","24.0","null","0.00088728","gnomad_AF_nfe_pass"","72.33057873947466","0.7586100740542943","36.01","0.0"
"2:45233472:G>A","NM_016932.5:c.713C>T","NP_058628.3:p.Pro238Leu","Unknown significance","null","missense_variant","2/2","null","238","MODERATE","22.6","null","0","null"","148.54541941640346","0.9443440275814395","40.64","0.0"
"2:45233472:G>C","NM_016932.5:c.713C>G","NP_058628.3:p.Pro238Arg","Unknown significance","null","missense_variant","2/2","null","238","MODERATE","23.2","null","0","null"","148.54541941640346","0.9443440275814395","40.64","0.1"
"2:45233476:G>A","NM_016932.5:c.709C>T","NP_058628.3:p.Pro237Ser","Unknown significance","null","missense_variant","2/2","null","237","MODERATE","22.7","null","0.00326819","gnomad_AF_sas_pass"","149.64197797695869","0.9513151515085316","51.93","0.0"
"2:45233478:G>A","NM_016932.5:c.707C>T","NP_058628.3:p.Pro236Leu","Likely pathogenic","Congenital anomalies of the kidney and urinary tract","missense_variant","2/2","null","236","MODERATE","24.5","null","0.0413204","gnomad_AF_nfe_pass"","112.97602229653812","0.7182196013501715","51.9","0.0"
"2:45233479:G>C","NM_016932.5:c.706C>G","NP_058628.3:p.Pro236Ala","Unknown significance","null","missense_variant","2/2","null","236","MODERATE","23.3","null","0.00177208","gnomad_AF_nfe_pass"","112.97602229653812","0.7182196013501715","51.9","0.0"
"2:45233481:G>A","NM_016932.5:c.704C>T","NP_058628.3:p.Pro235Leu","Unknown significance","null","missense_variant","2/2","null","235","MODERATE","22.8","null","0.0202488","gnomad_AF_amr_pass"","143.26658096760812","0.9107850017880352","50.11","0.0"
"2:45233482:G>A","NM_016932.5:c.703C>T","NP_058628.3:p.Pro235Ser","Likely benign","null","missense_variant","2/2","null","235","MODERATE","16.77","null","0.00088505","gnomad_AF_nfe_pass"","143.26658096760812","0.9107850017880352","50.11","0.0"
"2:45233485:T>C","NM_016932.5:c.700A>G","NP_058628.3:p.Ser234Gly","Likely benign","null","missense_variant","2/2","null","234","MODERATE","20.5","null","0.00289235","gnomad_AF_amr_pass"","98.29863043852896","0.7127882404872912","37.54","0.2"
"2:45233490:A>G","NM_016932.5:c.695T>C","NP_058628.3:p.Leu232Pro","Unknown significance","null","missense_variant","2/2","null","232","MODERATE","27.1","null","0.000884158","gnomad_AF_nfe_pass"","187.66973148958797","0.9731321469382798","38.62","0.1"
"2:45233491:G>C","NM_016932.5:c.694C>G","NP_058628.3:p.Leu232Val","Unknown significance","null","missense_variant","2/2","null","232","MODERATE","20.4","null","0.00289168","gnomad_AF_amr_pass"","187.66973148958797","0.9731321469382798","38.62","0.0"
"2:45233491:G>T","NM_016932.5:c.694C>A","NP_058628.3:p.Leu232Ile","Unknown significance","null","missense_variant","2/2","null","232","MODERATE","22.9","null","0.0842291","gnomad_AF_afr_pass"","187.66973148958797","0.9731321469382798","38.62","0.0"
"2:45233493:A>G","NM_016932.5:c.692T>C","NP_058628.3:p.Leu231Pro","Unknown significance","null","missense_variant","2/2","null","231","MODERATE","24.3","null","0.000884048","gnomad_AF_nfe_pass"","209.37681077131805","1.085690823809203","37.26","0.1"
"2:45233494:G>C","NM_016932.5:c.691C>G","NP_058628.3:p.Leu231Val","Unknown significance","null","missense_variant","2/2","null","231","MODERATE","20.6","null","0.000884126","gnomad_AF_nfe_pass"","209.37681077131805","1.085690823809203","37.26","0.0"
"2:45233497:C>T","NM_016932.5:c.688G>A","NP_058628.3:p.Ala230Thr","Unknown significance","null","missense_variant","2/2","null","230","MODERATE","22.8","null","0.00653253","gnomad_AF_sas_pass"","81.95120563204026","0.6444796870937135","30.83","0.1"
"2:45233508:G>A","NM_016932.5:c.677C>T","NP_058628.3:p.Ser226Leu","Unknown significance","null","missense_variant","2/2","null","226","MODERATE","25.7","null","0.00326648","gnomad_AF_sas_pass"","92.92839484382716","0.67384730343178","32.96","0.1"
"2:45233521:G>T","NM_016932.5:c.664C>A","NP_058628.3:p.Pro222Thr","Unknown significance","null","missense_variant","2/2","null","222","MODERATE","24.9","null","0.000884173","gnomad_AF_nfe_pass"","144.2081409332732","0.9167707570787662","45.57","0.0"
"2:45233523:G>A","NM_016932.5:c.662C>T","NP_058628.3:p.Thr221Met","Unknown significance","null","missense_variant","2/2","null","221","MODERATE","27.7","null","0.0130651","gnomad_AF_sas_pass"","151.67873447693216","0.9640336710186813","33.33","0.0"
"2:45233526:C>A","NM_016932.5:c.659G>T","NP_058628.3:p.Gly220Val","Unknown significance","null","missense_variant","2/2","null","220","MODERATE","23.4","null","0.0101166","gnomad_AF_nfe_pass"","75.24957906205384","0.7892248304888061","34.3","0.2"
"2:45233526:C>G","NM_016932.5:c.659G>C","NP_058628.3:p.Gly220Ala","Unknown significance","null","missense_variant","2/2","null","220","MODERATE","22.9","null","0.00176869","gnomad_AF_nfe_pass"","75.24957906205384","0.7892248304888061","34.3","0.1"
"2:45233529:G>A","NM_016932.5:c.656C>T","NP_058628.3:p.Ser219Leu","Unknown significance","null","missense_variant","2/2","null","219","MODERATE","23.1","null","0.00653253","gnomad_AF_sas_pass"","129.1163640778767","0.9362554245019602","37.23","0.0"
"2:45233532:G>A","NM_016932.5:c.653C>T","NP_058628.3:p.Pro218Leu","Unknown significance","null","missense_variant","2/2","null","218","MODERATE","31","null","0.000884658","gnomad_AF_nfe_pass"","137.78749499716062","0.875952947503728","37.44","0.0"
"2:45233533:G>A","NM_016932.5:c.652C>T","NP_058628.3:p.Pro218Ser","Unknown significance","null","missense_variant","2/2","null","218","MODERATE","28.4","null","0","null"","137.78749499716062","0.875952947503728","37.44","0.1"
"2:45233536:T>C","NM_016932.5:c.649A>G","NP_058628.3:p.Thr217Ala","Unknown significance","null","missense_variant","2/2","null","217","MODERATE","22.9","null","0.0521837","gnomad_AF_afr_pass"","139.39267328919843","0.8859464117201644","36.86","0.1"
"2:45233542:C>T","NM_016932.5:c.643G>A","NP_058628.3:p.Glu215Lys","Unknown significance","null","missense_variant","2/2","null","215","MODERATE","25.7","null","0.00801218","gnomad_AF_afr_pass"","194.6607972505409","0.9968760679107178","32.93","0.0"
"2:45233543:A>T","NM_016932.5:c.642T>A","NP_058628.3:p.Asp214Glu","Unknown significance","null","missense_variant","2/2","null","214","MODERATE","18.26","null","0.00648845","gnomad_AF_nfe_pass"","126.7032859729055","0.7919953287420809","40.71","0.0"
"2:45233548:C>T","NM_016932.5:c.637G>A","NP_058628.3:p.Glu213Lys","Unknown significance","null","missense_variant","2/2","null","213","MODERATE","25.5","null","0.00326627","gnomad_AF_sas_pass"","163.1868952461635","0.835695285158921","33.94","0.0"
"2:45233550:G>A","NM_016932.5:c.635C>T","NP_058628.3:p.Ser212Leu","Unknown significance","null","missense_variant","2/2","null","212","MODERATE","31","null","0.00615309","gnomad_AF_afr_pass"","107.35162043333787","0.7784337614956861","32.63","0.1"
"2:45233551:A>G","NM_016932.5:c.634T>C","NP_058628.3:p.Ser212Pro","Unknown significance","null","missense_variant","2/2","null","212","MODERATE","26.0","null","0.00177402","gnomad_AF_nfe_pass"","107.35162043333787","0.7784337614956861","32.63","0.1"
"2:45233554:T>C","NM_016932.5:c.631A>G","NP_058628.3:p.Ser211Gly","Unknown significance","null","missense_variant","2/2","null","211","MODERATE","27.7","null","0.00648508","gnomad_AF_nfe_pass"","111.28839292569785","0.8069802949062693","31.5","0.2"
"2:45233556:C>G","NM_016932.5:c.629G>C","NP_058628.3:p.Gly210Ala","Unknown significance","null","missense_variant","2/2","null","210","MODERATE","22.9","null","0.000888021","gnomad_AF_nfe_pass"","78.66104984849869","0.8250046645650762","25.94","0.1"
"2:45233559:A>G","NM_016932.5:c.626T>C","NP_058628.3:p.Leu209Ser","Unknown significance","null","missense_variant","2/2","null","209","MODERATE","23.4","null","0.00543774","gnomad_AF_eas_pass"","168.63691683268985","0.8744404525327106","35.76","0.0"
"2:45233565:G>A","NM_016932.5:c.620C>T","NP_058628.3:p.Ser207Leu","Unknown significance","null","missense_variant","2/2","null","207","MODERATE","23.8","null","0.00326627","gnomad_AF_sas_pass"","107.05134901091238","0.7762564174380481","32.73","0.0"
"2:45233572:C>T","NM_016932.5:c.613G>A","NP_058628.3:p.Gly205Ser","Unknown significance","null","missense_variant","2/2","null","205","MODERATE","22.6","null","0.00326648","gnomad_AF_sas_pass"","77.7078329959323","0.815007234436392","35.41","0.1"
"2:45233574:C>T","NM_016932.5:c.611G>A","NP_058628.3:p.Ser204Asn","Unknown significance","null","missense_variant","2/2","null","204","MODERATE","22.5","null","0.00648088","gnomad_AF_nfe_pass"","149.48157372842797","1.0839287124126078","35.04","0.0"
"2:45233583:A>G","NM_016932.5:c.602T>C","NP_058628.3:p.Leu201Pro","Unknown significance","null","missense_variant","2/2","null","201","MODERATE","24.8","null","0.0108755","gnomad_AF_eas_pass"","167.8761334874837","0.8704955290535804","37.68","0.2"
"2:45233586:G>A","NM_016932.5:c.599C>T","NP_058628.3:p.Pro200Leu","Unknown significance","null","missense_variant","2/2","null","200","MODERATE","23.7","null","0.0350807","gnomad_AF_eas_pass"","147.57405147182163","0.938168774782304","36.16","0.0"
"2:45233586:G>C","NM_016932.5:c.599C>G","NP_058628.3:p.Pro200Arg","Unknown significance","null","missense_variant","2/2","null","200","MODERATE","24.5","null","0.0250576","gnomad_AF_eas_pass"","147.57405147182163","0.938168774782304","36.16","0.0"
"2:45233587:G>A","NM_016932.5:c.598C>T","NP_058628.3:p.Pro200Ser","Unknown significance","null","missense_variant","2/2","null","200","MODERATE","23.2","null","0.00578168","gnomad_AF_amr_pass"","147.57405147182163","0.938168774782304","36.16","0.0"
"2:45233589:T>C","NM_016932.5:c.596A>G","NP_058628.3:p.Asn199Ser","Unknown significance","null","missense_variant","2/2","null","199","MODERATE","20.7","null","0.000893767","gnomad_AF_nfe_pass"","118.86500229385338","0.7437099824182082","39.31","0.1"
"2:45233598:T>A","NM_016932.5:c.587A>T","NP_058628.3:p.Asn196Ile","Unknown significance","null","missense_variant","2/2","null","196","MODERATE","23.5","null","0.0114863","gnomad_AF_afr_pass"","133.90222575407836","0.8377943047957537","47.94","0.0"
"2:45233598:T>C","NM_016932.5:c.587A>G","NP_058628.3:p.Asn196Ser","Likely benign","null","missense_variant","2/2","null","196","MODERATE","19.48","null","0.00326627","gnomad_AF_sas_pass"","133.90222575407836","0.8377943047957537","47.94","0.0"
"2:45233598:T>G","NM_016932.5:c.587A>C","NP_058628.3:p.Asn196Thr","Unknown significance","null","missense_variant","2/2","null","196","MODERATE","21.6","null","0","null"","133.90222575407836","0.8377943047957537","47.94","0.1"
"2:45233602:A>T","NM_016932.5:c.583T>A","NP_058628.3:p.Ser195Thr","Unknown significance","null","missense_variant","2/2","null","195","MODERATE","22.4","null","0.00089564","gnomad_AF_nfe_pass"","105.2573387503545","0.7632475951245078","57.21","0.1"
"2:45233609:G>T","NM_016932.5:c.576C>A","NP_058628.3:p.Asn192Lys","Unknown significance","null","missense_variant","2/2","null","192","MODERATE","23.2","null","0.000897167","gnomad_AF_nfe_pass"","106.16408370063364","0.6642433626279102","67.31","0.2"
"2:45233611:T>A","NM_016932.5:c.574A>T","NP_058628.3:p.Asn192Tyr","Unknown significance","null","missense_variant","2/2","null","192","MODERATE","28.8","null","0.00543774","gnomad_AF_eas_pass"","106.16408370063364","0.6642433626279102","67.31","0.3"
"2:45233614:C>G","NM_016932.5:c.571G>C","NP_058628.3:p.Glu191Gln","Unknown significance","null","missense_variant","2/2","null","191","MODERATE","25.1","null","0.00326627","gnomad_AF_sas_pass"","112.94253309700036","0.5783892282569031","75.68","0.2"
"2:45233614:C>T","NM_016932.5:c.571G>A","NP_058628.3:p.Glu191Lys","Unknown significance","null","missense_variant","2/2","null","191","MODERATE","26.7","null","0.00157662","gnomad_AF_nfe_pass"","112.94253309700036","0.5783892282569031","75.68","0.1"
"2:45233616:T>C","NM_016932.5:c.569A>G","NP_058628.3:p.Asn190Ser","Likely benign","null","missense_variant","2/2","null","190","MODERATE","16.40","null","0.00179495","gnomad_AF_nfe_pass"","69.11339533100332","0.4324260382329636","81.35","0.1"
"2:45233617:T>C","NM_016932.5:c.568A>G","NP_058628.3:p.Asn190Asp","Unknown significance","null","missense_variant","2/2","null","190","MODERATE","23.2","null","0.00801603","gnomad_AF_afr_pass"","69.11339533100332","0.4324260382329636","81.35","0.2"
"2:45233620:T>C","NM_016932.5:c.565A>G","NP_058628.3:p.Asn189Asp","Unknown significance","null","missense_variant","2/2","null","189","MODERATE","23.2","null","0","null"","65.53200547984613","0.4100181357230876","81.98","0.2"
"2:45235691:T>C","NM_016932.5:c.559A>G","NP_058628.3:p.Arg187Gly","Unknown significance","null","missense_variant&splice_region_variant","1/2","null","187","MODERATE","32","null","0.00088372","gnomad_AF_nfe_pass"","143.41361510038354","0.5322939830003651","87.28","0.8"
"2:45235696:T>C","NM_016932.5:c.554A>G","NP_058628.3:p.Lys185Arg","Unknown significance","null","missense_variant","1/2","null","185","MODERATE","23.7","Homeobox_domain","0.00706452","gnomad_AF_nfe_pass"","165.49949929543828","0.6991516721221289","89.16","0.4"
"2:45235703:C>T","NM_016932.5:c.547G>A","NP_058628.3:p.Glu183Lys","Unknown significance","null","missense_variant","1/2","null","183","MODERATE","29.0","Homeobox_domain","0.00326648","gnomad_AF_sas_pass"","50.714440144284076","0.25971337008477646","93.8","0.9"
"2:45235706:C>A","NM_016932.5:c.544G>T","NP_058628.3:p.Ala182Ser","Unknown significance","null","missense_variant","1/2","null","182","MODERATE","27.1","Homeobox_domain&Homeobox_domain","0","null"","67.10545722088395","0.5277299307368245","93.37","0.1"
"2:45235709:C>G","NM_016932.5:c.541G>C","NP_058628.3:p.Ala181Pro","Unknown significance","null","missense_variant","1/2","null","181","MODERATE","32","Homeobox_domain&Homeobox_domain","0.000882317","gnomad_AF_nfe_pass"","66.71041715383934","0.5246232613860218","93.89","0.1"
"2:45235712:G>A","NM_016932.5:c.538C>T","NP_058628.3:p.Arg180Trp","Unknown significance","null","missense_variant","1/2","null","180","MODERATE","32","Homeobox_domain&Homeobox&_conserved_site&Homeobox_domain&Homeobox_domain&Homeobox_domain","0.000881959","gnomad_AF_nfe_pass"","149.77484591479495","0.5559043276989324","95.23","0.0"
"2:45235736:A>G","NM_016932.5:c.514T>C","NP_058628.3:p.Phe172Leu","Unknown significance","null","missense_variant","1/2","null","172","MODERATE","32","Homeobox_domain&Homeobox&_conserved_site&Homeobox_domain&Homeobox_domain&Homeobox_domain","0.00088098","gnomad_AF_nfe_pass"","0.0","0.0","97.71","2.4"
"2:45235745:T>G","NM_016932.5:c.505A>C","NP_058628.3:p.Ser169Arg","Unknown significance","null","missense_variant","1/2","null","169","MODERATE","32","Homeobox_domain&Homeobox&_conserved_site&Homeobox_domain&Homeobox_domain&Homeobox_domain","0.000880421","gnomad_AF_nfe_pass"","19.767119094761796","0.1433363819638264","96.47","0.8"
"2:45235748:C>T","NM_016932.5:c.502G>A","NP_058628.3:p.Val168Ile","Unknown significance","null","missense_variant","1/2","null","168","MODERATE","30","Homeobox_domain&Homeobox&_conserved_site&Homeobox_domain&Homeobox_domain&Homeobox_domain","0.0054407","gnomad_AF_eas_pass"","0.0","0.0","94.72","0.2"
"2:45235750:T>G","NM_016932.5:c.500A>C","NP_058628.3:p.Gln167Pro","Unknown significance","null","missense_variant","1/2","null","167","MODERATE","30","Homeobox_domain&Homeobox&_conserved_site&Homeobox_domain&Homeobox_domain&Homeobox_domain","0.000880483","gnomad_AF_nfe_pass"","76.6761156552151","0.38773935018113675","92.18","0.8"
"2:45235756:G>A","NM_016932.5:c.494C>T","NP_058628.3:p.Thr165Ile","Unknown significance","null","missense_variant","1/2","null","165","MODERATE","23.5","Homeobox_domain&Homeobox&_conserved_site&Homeobox_domain&Homeobox_domain&Homeobox_domain","0","gnomad_AF_afr_pass,gnomad_AF_sas_pass,gnomad_AF_amr_pass,gnomad_AF_eas_pass,gnomad_AF_nfe_pass"","72.93467204991924","0.46355528929812156","95.89","0.4"
"2:45235759:G>C","NM_016932.5:c.491C>G","NP_058628.3:p.Thr164Ser","Unknown significance","null","missense_variant","1/2","null","164","MODERATE","24.6","Homeobox_domain&Homeobox&_conserved_site&Homeobox_domain&Homeobox_domain&Homeobox_domain","0.00648172","gnomad_AF_nfe_pass"","93.57257020720161","0.5947248220034488","92.78","0.3"
"2:45235765:C>A","NM_016932.5:c.485G>T","NP_058628.3:p.Gly162Val","Unknown significance","null","missense_variant","1/2","null","162","MODERATE","31","Homeobox_domain&Homeobox&_conserved_site&Homeobox_domain&Homeobox_domain&Homeobox_domain","0","gnomad_AF_afr_pass,gnomad_AF_sas_pass,gnomad_AF_amr_pass,gnomad_AF_eas_pass,gnomad_AF_nfe_pass"","54.62201131650426","0.5728809138809436","89.69","0.4"
"2:45235771:G>A","NM_016932.5:c.479C>T","NP_058628.3:p.Ala160Val","Unknown significance","null","missense_variant","1/2","null","160","MODERATE","23.9","Homeobox_domain&Homeobox&_conserved_site&Homeobox_domain&Homeobox_domain&Homeobox_domain","0","null"","80.32539362734447","0.6316939958524624","92.35","0.3"
"2:45235772:C>G","NM_016932.5:c.478G>C","NP_058628.3:p.Ala160Pro","Unknown significance","null","missense_variant","1/2","null","160","MODERATE","29.6","Homeobox_domain&Homeobox&_conserved_site&Homeobox_domain&Homeobox_domain&Homeobox_domain","0","null"","80.32539362734447","0.6316939958524624","92.35","0.2"
"2:45235774:T>C","NM_016932.5:c.476A>G","NP_058628.3:p.Glu159Gly","Unknown significance","null","missense_variant","1/2","null","159","MODERATE","29.6","Homeobox_domain&Homeobox&_conserved_site&Homeobox_domain&Homeobox_domain&Homeobox_domain","0.00616903","gnomad_AF_afr_pass"","155.76566481029994","0.7976904730937509","94.42","0.2"
"2:45235778:C>T","NM_016932.5:c.472G>A","NP_058628.3:p.Ala158Thr","Unknown significance","null","missense_variant","1/2","null","158","MODERATE","28.8","Homeobox_domain&Homeobox&_conserved_site&Homeobox_domain&Homeobox_domain&Homeobox_domain","0","null"","8.371861756257811","0.06583789467711501","94.89","0.9"
"2:45235784:C>G","NM_016932.5:c.466G>C","NP_058628.3:p.Glu156Gln","Unknown significance","null","missense_variant","1/2","null","156","MODERATE","24.8","Homeobox_domain&Homeobox_domain&Homeobox_domain&Homeobox_domain","0.0115647","gnomad_AF_amr_pass"","67.95858208487557","0.34802222659329146","97.15","0.2"
"2:45235793:C>G","NM_016932.5:c.457G>C","NP_058628.3:p.Glu153Gln","Unknown significance","null","missense_variant","1/2","null","153","MODERATE","29.9","Homeobox_domain&Homeobox_domain&Homeobox_domain&Homeobox_domain","0.00289151","gnomad_AF_amr_pass"","33.731691701119686","0.17274313401536914","97.73","0.2"
"2:45235795:C>T","NM_016932.5:c.455G>A","NP_058628.3:p.Arg152His","Unknown significance","null","missense_variant","1/2","null","152","MODERATE","25.0","Homeobox_domain&Homeobox_domain&Homeobox_domain&Homeobox_domain","0.000880452","gnomad_AF_nfe_pass"","181.85709069701434","0.6749807894893066","97.6","0.1"
"2:45235796:G>A","NM_016932.5:c.454C>T","NP_058628.3:p.Arg152Cys","Unknown significance","null","missense_variant","1/2","null","152","MODERATE","32","Homeobox_domain&Homeobox_domain&Homeobox_domain&Homeobox_domain","0","gnomad_AF_afr_pass,gnomad_AF_sas_pass,gnomad_AF_amr_pass,gnomad_AF_eas_pass,gnomad_AF_nfe_pass"","181.85709069701434","0.6749807894893066","97.6","0.5"
"2:45235798:G>A","NM_016932.5:c.452C>T","NP_058628.3:p.Pro151Leu","Unknown significance","null","missense_variant","1/2","null","151","MODERATE","32","Homeobox_domain&Homeobox_domain&Homeobox_domain&Homeobox_domain","0.00176032","gnomad_AF_nfe_pass"","113.4466590545063","0.7212115684757392","96.88","0.2"
"2:45235808:A>T","NM_016932.5:c.442T>A","NP_058628.3:p.Tyr148Asn","Likely pathogenic","Congenital anomalies of the kidney and urinary tract","missense_variant","1/2","null","148","MODERATE","32","Homeobox_domain&Homeobox_domain&Homeobox_domain&Homeobox_domain","0","null"","152.85687745293512","0.6371380166543557","97.41","1.3"
"2:45235811:G>A","NM_016932.5:c.439C>T","NP_058628.3:p.Pro147Ser","Unknown significance","null","missense_variant","1/2","null","147","MODERATE","27.7","Homeobox_domain&Homeobox_domain&Homeobox_domain&Homeobox_domain","0.00176056","gnomad_AF_nfe_pass"","46.58135330754589","0.29613045602794486","96.09","0.6"
"2:45235817:G>C","NM_016932.5:c.433C>G","NP_058628.3:p.His145Asp","Unknown significance","null","missense_variant","1/2","null","145","MODERATE","25.7","Homeobox_domain&Homeobox_domain&Homeobox_domain&Homeobox_domain","0.0902618","gnomad_AF_eas_pass"","163.71127492789844","0.7970273896025052","93.94","0.2"
"2:45235819:G>A","NM_016932.5:c.431C>T","NP_058628.3:p.Ala144Val","Unknown significance","null","missense_variant","1/2","null","144","MODERATE","24.4","Homeobox_domain&Homeobox_domain&Homeobox_domain&Homeobox_domain","0.0150451","gnomad_AF_eas_pass"","94.35935128833958","0.7420596771415783","95.46","0.1"
"2:45235829:C>G","NM_016932.5:c.421G>C","NP_058628.3:p.Glu141Gln","Unknown significance","null","missense_variant","1/2","null","141","MODERATE","31","Homeobox_domain&Homeobox_domain&Homeobox_domain&Homeobox_domain","0","gnomad_AF_afr_pass,gnomad_AF_sas_pass,gnomad_AF_amr_pass,gnomad_AF_eas_pass,gnomad_AF_nfe_pass"","121.04954665954119","0.6199059995681955","95.62","0.2"
"2:45235838:C>G","NM_016932.5:c.412G>C","NP_058628.3:p.Val138Leu","Unknown significance","null","missense_variant","1/2","null","138","MODERATE","22.3","Homeobox_domain&Homeobox_domain&Homeobox_domain&Homeobox_domain","0.00326627","gnomad_AF_sas_pass"","33.183013078339414","0.19304558585230824","92.93","0.1"
"2:45235839:G>C","NM_016932.5:c.411C>G","NP_058628.3:p.Ser137Arg","Unknown significance","null","missense_variant","1/2","null","137","MODERATE","24.5","Homeobox_domain&Homeobox_domain&Homeobox_domain&Homeobox_domain","0.00578269","gnomad_AF_amr_pass"","46.601407186798745","0.33791859443740974","89.87","0.6"
"2:45235850:T>C","NM_016932.5:c.400A>G","NP_058628.3:p.Lys134Glu","Unknown significance","null","missense_variant","1/2","null","134","MODERATE","32","Homeobox_domain&Homeobox_domain&Homeobox_domain&Homeobox_domain","0.00289134","gnomad_AF_amr_pass"","189.17149282799244","0.7991538711088763","80.23","0.1"
"2:45235855:T>A","NM_016932.5:c.395A>T","NP_058628.3:p.Lys132Met","Unknown significance","null","missense_variant","1/2","null","132","MODERATE","32","Homeobox_domain&Homeobox_domain&Homeobox_domain&Homeobox_domain","0","gnomad_AF_afr_pass,gnomad_AF_sas_pass,gnomad_AF_amr_pass,gnomad_AF_eas_pass,gnomad_AF_nfe_pass"","156.47972474168506","0.661047686984604","56.95","0.4"
"2:45235867:C>A","NM_016932.5:c.383G>T","NP_058628.3:p.Ser128Ile","Unknown significance","null","missense_variant","1/2","null","128","MODERATE","28.0","Homeobox_domain&Homeobox_domain","0.00616447","gnomad_AF_afr_pass"","63.532657777830366","0.46069137635910506","51.57","0.3"
"2:45235872:C>A","NM_016932.5:c.378G>T","NP_058628.3:p.Glu126Asp","Unknown significance","null","missense_variant","1/2","null","126","MODERATE","28.9","Homeobox_domain&Homeobox_domain","0.00176283","gnomad_AF_nfe_pass"","90.42375384155056","0.4630684629287427","53.08","0.2"
"2:45235880:C>G","NM_016932.5:c.370G>C","NP_058628.3:p.Gly124Arg","Unknown significance","null","missense_variant","1/2","null","124","MODERATE","32","Homeobox_domain","0.00617818","gnomad_AF_afr_pass"","13.391568407800007","0.1404520588468624","66.28","0.3"
"2:45235913:G>A","NM_016932.5:c.337C>T","NP_058628.3:p.Arg113Cys","Unknown significance","null","missense_variant","1/2","null","113","MODERATE","32","Homeobox_protein_SIX1&_N-terminal_SD_domain","0","null"","128.46083987192313","0.4767952615038376","92.65","0.9"
"2:45235916:G>A","NM_016932.5:c.334C>T","NP_058628.3:p.Arg112Cys","Unknown significance","null","missense_variant","1/2","null","112","MODERATE","33","Homeobox_protein_SIX1&_N-terminal_SD_domain","0","null"","109.68823144165279","0.4071188468505952","94.55","0.9"
"2:45235948:C>G","NM_016932.5:c.302G>C","NP_058628.3:p.Arg101Pro","Unknown significance","null","missense_variant","1/2","null","101","MODERATE","32","Homeobox_protein_SIX1&_N-terminal_SD_domain","0.00648424","gnomad_AF_nfe_pass"","169.66080173489345","0.6297130425956342","94.25","0.5"
"2:45235952:C>A","NM_016932.5:c.298G>T","NP_058628.3:p.Gly100Cys","Unknown significance","null","missense_variant","1/2","null","100","MODERATE","32","Homeobox_protein_SIX1&_N-terminal_SD_domain","0","null"","75.02221778086245","0.7868402434805516","94.17","0.2"
"2:45235958:G>T","NM_016932.5:c.292C>A","NP_058628.3:p.Leu98Met","Unknown significance","null","missense_variant","1/2","null","98","MODERATE","25.3","Homeobox_protein_SIX1&_N-terminal_SD_domain","0","gnomad_AF_afr_pass,gnomad_AF_sas_pass,gnomad_AF_amr_pass,gnomad_AF_eas_pass,gnomad_AF_nfe_pass"","182.82832682463996","0.9480277975133473","94.91","0.0"
"2:45235967:C>T","NM_016932.5:c.283G>A","NP_058628.3:p.Ala95Thr","Pathogenic","Unilateral duplex kidney with upper dysplastic kidney & bilateral hydronephrosis","missense_variant","1/2","null","95","MODERATE","32","Homeobox_protein_SIX1&_N-terminal_SD_domain","0.00264667","gnomad_AF_nfe_pass"","16.452101828880405","0.1293824216121759","97.38","0.0"
"2:45235970:C>G","NM_016932.5:c.280G>C","NP_058628.3:p.Glu94Gln","Unknown significance","null","missense_variant","1/2","null","94","MODERATE","29.8","Homeobox_protein_SIX1&_N-terminal_SD_domain","0.00578269","gnomad_AF_amr_pass"","38.12823112114073","0.19525822175439703","97.69","0.3"
"2:45235973:T>C","NM_016932.5:c.277A>G","NP_058628.3:p.Ile93Val","Unknown significance","null","missense_variant","1/2","null","93","MODERATE","22.3","Homeobox_protein_SIX1&_N-terminal_SD_domain","0.00289118","gnomad_AF_amr_pass"","56.34900498906569","0.2872622995759031","97.6","0.1"
"2:45235981:G>A","NM_016932.5:c.269C>T","NP_058628.3:p.Ala90Val","Unknown significance","null","missense_variant","1/2","null","90","MODERATE","31","Homeobox_protein_SIX1&_N-terminal_SD_domain","0","null"","0.0","0.0","98.51","0.5"
"2:45235989:C>A","NM_016932.5:c.261G>T","NP_058628.3:p.Trp87Cys","Unknown significance","null","missense_variant","1/2","null","87","MODERATE","32","Homeobox_protein_SIX1&_N-terminal_SD_domain","0","null"","11.252667939438153","0.042895382076314985","98.05","4.0"
"2:45235994:G>C","NM_016932.5:c.256C>G","NP_058628.3:p.Leu86Val","Unknown significance","null","missense_variant","1/2","null","86","MODERATE","25.0","Homeobox_protein_SIX1&_N-terminal_SD_domain","0","null"","2.079600014591844","0.01078344179911035","97.78","1.2"
"2:45235995:C>G","NM_016932.5:c.255G>C","NP_058628.3:p.Gln85His","Unknown significance","null","missense_variant","1/2","null","85","MODERATE","23.3","Homeobox_protein_SIX1&_N-terminal_SD_domain","0.00264187","gnomad_AF_nfe_pass"","73.11845433178362","0.3697488028258853","97.47","0.0"
"2:45235996:T>A","NM_016932.5:c.254A>T","NP_058628.3:p.Gln85Leu","Unknown significance","null","missense_variant","1/2","null","85","MODERATE","25.1","Homeobox_protein_SIX1&_N-terminal_SD_domain","0.000880638","gnomad_AF_nfe_pass"","73.11845433178362","0.3697488028258853","97.47","0.5"
"2:45236003:G>T","NM_016932.5:c.247C>A","NP_058628.3:p.Leu83Met","Unknown significance","null","missense_variant","1/2","null","83","MODERATE","26.3","Homeobox_protein_SIX1&_N-terminal_SD_domain","0.00264126","gnomad_AF_nfe_pass"","0.0","0.0","97.0","1.4"
"2:45236008:G>A","NM_016932.5:c.242C>T","NP_058628.3:p.Ala81Val","Unknown significance","null","missense_variant","1/2","null","81","MODERATE","23.9","Homeobox_protein_SIX1&_N-terminal_SD_domain","0.000880437","gnomad_AF_nfe_pass"","93.92831283102731","0.738669909682375","93.36","0.1"
"2:45236009:C>A","NM_016932.5:c.241G>T","NP_058628.3:p.Ala81Ser","Unknown significance","null","missense_variant","1/2","null","81","MODERATE","23.1","Homeobox_protein_SIX1&_N-terminal_SD_domain","0.000880452","gnomad_AF_nfe_pass"","93.92831283102731","0.738669909682375","93.36","0.1"
"2:45236012:G>A","NM_016932.5:c.238C>T","NP_058628.3:p.His80Tyr","Unknown significance","null","missense_variant","1/2","null","80","MODERATE","24.8","Homeobox_protein_SIX1&_N-terminal_SD_domain","0.00289101","gnomad_AF_amr_pass"","21.4170238799451","0.10426865616681008","92.99","0.7"
"2:45236020:G>A","NM_016932.5:c.230C>T","NP_058628.3:p.Pro77Leu","Unknown significance","null","missense_variant","1/2","null","77","MODERATE","25.8","Homeobox_protein_SIX1&_N-terminal_SD_domain","0.00088022","gnomad_AF_nfe_pass"","118.2712581466943","0.7518828699273911","89.9","0.0"
"2:45236023:G>A","NM_016932.5:c.227C>T","NP_058628.3:p.Ser76Leu","Unknown significance","null","missense_variant","1/2","null","76","MODERATE","26.0","Homeobox_protein_SIX1&_N-terminal_SD_domain","0.00264085","gnomad_AF_nfe_pass"","62.39840361454476","0.4524666124360785","92.63","0.1"
"2:45236050:T>C","NM_016932.5:c.200A>G","NP_058628.3:p.Tyr67Cys","Unknown significance","null","missense_variant","1/2","null","67","MODERATE","31","Homeobox_protein_SIX1&_N-terminal_SD_domain","0","gnomad_AF_afr_pass,gnomad_AF_sas_pass,gnomad_AF_amr_pass,gnomad_AF_eas_pass,gnomad_AF_nfe_pass"","18.12241735017154","0.07553785763434791","98.4","2.2"
"2:45236054:G>A","NM_016932.5:c.196C>T","NP_058628.3:p.Leu66Phe","Unknown significance","null","missense_variant","1/2","null","66","MODERATE","29.9","Homeobox_protein_SIX1&_N-terminal_SD_domain","0.00088008","gnomad_AF_nfe_pass"","0.0","0.0","98.26","0.7"
"2:45236059:C>T","NM_016932.5:c.191G>A","NP_058628.3:p.Arg64His","Unknown significance","null","missense_variant","1/2","null","64","MODERATE","24.4","Homeobox_protein_SIX1&_N-terminal_SD_domain","0.00653253","gnomad_AF_sas_pass"","180.00154887049897","0.6680937603270594","98.05","0.1"
"2:45236061:G>C","NM_016932.5:c.189C>G","NP_058628.3:p.Phe63Leu","Unknown significance","null","missense_variant","1/2","null","63","MODERATE","24.8","Homeobox_protein_SIX1&_N-terminal_SD_domain","0.0114943","gnomad_AF_afr_pass"","12.3766879028321","0.05387015204428432","98.26","1.6"
"2:45236063:A>T","NM_016932.5:c.187T>A","NP_058628.3:p.Phe63Ile","Unknown significance","null","missense_variant","1/2","null","63","MODERATE","29.9","Homeobox_protein_SIX1&_N-terminal_SD_domain","0.000880173","gnomad_AF_nfe_pass"","12.3766879028321","0.05387015204428432","98.26","1.7"
"2:45236072:G>A","NM_016932.5:c.178C>T","NP_058628.3:p.Arg60Cys","Unknown significance","null","missense_variant","1/2","null","60","MODERATE","27.9","Homeobox_protein_SIX1&_N-terminal_SD_domain","0","gnomad_AF_afr_pass,gnomad_AF_sas_pass,gnomad_AF_amr_pass,gnomad_AF_eas_pass,gnomad_AF_nfe_pass"","111.91503080747631","0.41538383551953867","96.06","0.6"
"2:45236072:G>C","NM_016932.5:c.178C>G","NP_058628.3:p.Arg60Gly","Unknown significance","null","missense_variant","1/2","null","60","MODERATE","22.7","Homeobox_protein_SIX1&_N-terminal_SD_domain","0.0097988","gnomad_AF_sas_pass"","111.91503080747631","0.41538383551953867","96.06","1.2"
"2:45236072:G>T","NM_016932.5:c.178C>A","NP_058628.3:p.Arg60Ser","Unknown significance","null","missense_variant","1/2","null","60","MODERATE","22.6","Homeobox_protein_SIX1&_N-terminal_SD_domain","0.00326627","gnomad_AF_sas_pass"","111.91503080747631","0.41538383551953867","96.06","0.6"
"2:45236087:C>A","NM_016932.5:c.163G>T","NP_058628.3:p.Val55Leu","Unknown significance","null","missense_variant","1/2","null","55","MODERATE","23.1","Homeobox_protein_SIX1&_N-terminal_SD_domain","0.000880747","gnomad_AF_nfe_pass"","4.364362020166258","0.025390124189913415","97.34","0.2"
"2:45236102:G>A","NM_016932.5:c.148C>T","NP_058628.3:p.Leu50Phe","Unknown significance","null","missense_variant","1/2","null","50","MODERATE","28.7","Homeobox_protein_SIX1&_N-terminal_SD_domain","0.0114943","gnomad_AF_afr_pass"","1.7769552096705716","0.009214124326148045","96.31","1.1"
"2:45236105:C>G","NM_016932.5:c.145G>C","NP_058628.3:p.Val49Leu","Unknown significance","null","missense_variant","1/2","null","49","MODERATE","23.2","Homeobox_protein_SIX1&_N-terminal_SD_domain","0.000882317","gnomad_AF_nfe_pass"","0.0","0.0","94.86","0.9"
"2:45236117:T>C","NM_016932.5:c.133A>G","NP_058628.3:p.Lys45Glu","Unknown significance","null","missense_variant","1/2","null","45","MODERATE","23.2","Homeobox_protein_SIX1&_N-terminal_SD_domain","0.00544959","gnomad_AF_eas_pass"","119.89188052142913","0.5064825518945489","88.9","0.2"
"2:45236117:T>G","NM_016932.5:c.133A>C","NP_058628.3:p.Lys45Gln","Unknown significance","null","missense_variant","1/2","null","45","MODERATE","23.2","Homeobox_protein_SIX1&_N-terminal_SD_domain","0.000884189","gnomad_AF_nfe_pass"","119.89188052142913","0.5064825518945489","88.9","0.1"
"2:45236119:T>C","NM_016932.5:c.131A>G","NP_058628.3:p.His44Arg","Unknown significance","null","missense_variant","1/2","null","44","MODERATE","22.2","Homeobox_protein_SIX1&_N-terminal_SD_domain","0.000884846","gnomad_AF_nfe_pass"","43.01267404704966","0.20940695337350454","87.81","0.0"
"2:45236123:G>A","NM_016932.5:c.127C>T","NP_058628.3:p.Leu43Phe","Pathogenic","Renal hypodysplasia","missense_variant","1/2","null","43","MODERATE","23.6","Homeobox_protein_SIX1&_N-terminal_SD_domain","0.028103","gnomad_AF_nfe_pass"","3.517216050858717","0.018237975722834216","86.61","0.3"
"2:45236124:G>C","NM_016932.5:c.126C>G","NP_058628.3:p.His42Gln","Unknown significance","null","missense_variant","1/2","null","42","MODERATE","21.6","Homeobox_protein_SIX1&_N-terminal_SD_domain","0.0141235","gnomad_AF_amr_pass"","135.60084149214836","0.660171907951908","85.26","0.2"
"2:45236129:C>T","NM_016932.5:c.121G>A","NP_058628.3:p.Glu41Lys","Unknown significance","null","missense_variant","1/2","null","41","MODERATE","26.0","Homeobox_protein_SIX1&_N-terminal_SD_domain","0.00547166","gnomad_AF_eas_pass"","129.38737618735368","0.6626048009293026","83.06","0.2"
"2:45236159:C>T","NM_016932.5:c.91G>A","NP_058628.3:p.Gly31Ser","Unknown significance","null","missense_variant","1/2","null","31","MODERATE","23.6","Homeobox_protein_SIX1&_N-terminal_SD_domain","0.0015921","gnomad_AF_nfe_pass"","0.6038971651720104","0.006333731613601693","94.34","0.5"
"2:45236165:G>A","NM_016932.5:c.85C>T","NP_058628.3:p.Arg29Trp","Unknown significance","null","missense_variant","1/2","null","29","MODERATE","32","Homeobox_protein_SIX1&_N-terminal_SD_domain","0.000911095","gnomad_AF_nfe_pass"","166.4204384147411","0.6176861098888276","94.55","0.1"
"2:45236167:T>G","NM_016932.5:c.83A>C","NP_058628.3:p.Glu28Ala","Unknown significance","null","missense_variant","1/2","null","28","MODERATE","25.2","Homeobox_protein_SIX1&_N-terminal_SD_domain","0.00550721","gnomad_AF_eas_pass"","112.37829861744576","0.5754997309502928","94.55","0.3"
"2:45236169:G>C","NM_016932.5:c.81C>G","NP_058628.3:p.Ile27Met","Unknown significance","null","missense_variant","1/2","null","27","MODERATE","22.4","Homeobox_protein_SIX1&_N-terminal_SD_domain","0.000911378","gnomad_AF_nfe_pass"","25.626282896920124","0.13064054912736037","92.69","0.7"
"2:45236176:C>T","NM_016932.5:c.74G>A","NP_058628.3:p.Gly25Asp","Unknown significance","null","missense_variant","1/2","null","25","MODERATE","26.3","Homeobox_protein_SIX1&_N-terminal_SD_domain","0.00291817","gnomad_AF_amr_pass"","39.36024753330466","0.4128140658681043","89.21","0.4"
"2:45236177:C>A","NM_016932.5:c.73G>T","NP_058628.3:p.Gly25Cys","Unknown significance","null","missense_variant","1/2","null","25","MODERATE","32","Homeobox_protein_SIX1&_N-terminal_SD_domain","0.00649688","gnomad_AF_afr_pass"","39.36024753330466","0.4128140658681043","89.21","0.4"
"2:45236177:C>G","NM_016932.5:c.73G>C","NP_058628.3:p.Gly25Arg","Unknown significance","null","missense_variant","1/2","null","25","MODERATE","30","Homeobox_protein_SIX1&_N-terminal_SD_domain","0","null"","39.36024753330466","0.4128140658681043","89.21","0.1"
"2:45236177:C>T","NM_016932.5:c.73G>A","NP_058628.3:p.Gly25Ser","Unknown significance","null","missense_variant","1/2","null","25","MODERATE","25.3","Homeobox_protein_SIX1&_N-terminal_SD_domain","0.000919845","gnomad_AF_nfe_pass"","39.36024753330466","0.4128140658681043","89.21","0.2"
"2:45236180:C>T","NM_016932.5:c.70G>A","NP_058628.3:p.Gly24Ser","Unknown significance","null","missense_variant","1/2","null","24","MODERATE","21.0","Homeobox_protein_SIX1&_N-terminal_SD_domain","0.00328926","gnomad_AF_sas_pass"","48.32723026904904","0.5068606441722562","90.1","0.5"
"2:45236191:A>G","NM_016932.5:c.59T>C","NP_058628.3:p.Val20Ala","Unknown significance","null","missense_variant","1/2","null","20","MODERATE","22.4","Homeobox_protein_SIX1&_N-terminal_SD_domain","0.00330929","gnomad_AF_sas_pass"","103.92417345309683","0.6045895501142945","94.47","0.6"
"2:45236197:C>T","NM_016932.5:c.53G>A","NP_058628.3:p.Cys18Tyr","Unknown significance","null","missense_variant","1/2","null","18","MODERATE","30","Homeobox_protein_SIX1&_N-terminal_SD_domain","0","null"","0.0","0.0","93.07","2.9"
"2:45236209:A>G","NM_016932.5:c.41T>C","NP_058628.3:p.Val14Ala","Unknown significance","null","missense_variant","1/2","null","14","MODERATE","27.4","Homeobox_protein_SIX1&_N-terminal_SD_domain","0","null"","0.0","0.0","90.92","3.1"
"2:45236214:C>A","NM_016932.5:c.36G>T","NP_058628.3:p.Glu12Asp","Unknown significance","null","missense_variant","1/2","null","12","MODERATE","22.5","Homeobox_protein_SIX1&_N-terminal_SD_domain","0","null"","114.29187807866495","0.5852993495477636","88.45","0.1"
"2:45236216:C>T","NM_016932.5:c.34G>A","NP_058628.3:p.Glu12Lys","Unknown significance","null","missense_variant","1/2","null","12","MODERATE","26.0","Homeobox_protein_SIX1&_N-terminal_SD_domain","0","null"","114.29187807866495","0.5852993495477636","88.45","0.2"
"2:45236228:C>A","NM_016932.5:c.22G>T","NP_058628.3:p.Gly8Cys","Unknown significance","null","missense_variant","1/2","null","8","MODERATE","24.0","null","0","null"","76.84046462983801","0.8059101914996121","65.44","0.2"
"2:45236237:G>A","NM_016932.5:c.13C>T","NP_058628.3:p.Pro5Ser","Unknown significance","null","missense_variant","1/2","null","5","MODERATE","24.5","null","0","null"","147.89904504024432","0.9402348481526448","49.1","0.1"
"2:45236243:T>C","NM_016932.5:c.7A>G","NP_058628.3:p.Met3Val","Unknown significance","null","missense_variant","1/2","null","3","MODERATE","20.8","null","0.00541008","gnomad_AF_afr_pass"","168.73612494718435","0.7792622125957064","43.98","0.1"
"2:45236246:A>C","NM_016932.5:c.4T>G","NP_058628.3:p.Ser2Ala","Unknown significance","null","missense_variant","1/2","null","2","MODERATE","22.6","null","0.00382438","gnomad_AF_sas_pass"","134.35358355891492","0.9742318280620224","43.91","0.0"