{"applied_filters": "CONTAINS missense_variant[Consequence]"},,"Surface Area","Normalized SA","Confidence Score","|ddG|""Genomic Description (GRCh37)","HGVS Nucleotide Change","HGVS Protein Change","Variant Classification","Phenotype","Consequence","Exon","Intron","Protein Position","Impact","CADD Phred","Interpro Domain","Max MAF (%)","Max MAF Source","Surface Area","Normalized SA","Confidence Score","|ddG|"
"20:60831247:G>A","NM_144498.3:c.7G>A","NP_653081.1:p.Gly3Arg","Unknown significance","null","missense_variant","2/14","null","3","MODERATE","23.0","null","0.00543774","gnomad_AF_eas_pass"","62.08556281302212","0.651159360592603","30.75","0.4"
"20:60831250:G>A","NM_144498.3:c.10G>A","NP_653081.1:p.Glu4Lys","Unknown significance","null","missense_variant","2/14","null","4","MODERATE","27.0","null","0.00289201","gnomad_AF_amr_pass"","161.96363092228387","0.8294308346561571","30.44","0.1"
"20:60831252:G>C","NM_144498.3:c.12G>C","NP_653081.1:p.Glu4Asp","Unknown significance","null","missense_variant","2/14","null","4","MODERATE","18.72","null","0.0228639","gnomad_AF_sas_pass"","161.96363092228387","0.8294308346561571","30.44","0.0"
"20:60831256:G>A","NM_144498.3:c.16G>A","NP_653081.1:p.Glu6Lys","Unknown significance","null","missense_variant","2/14","null","6","MODERATE","24.5","null","0.00289268","gnomad_AF_amr_pass"","151.3191899760909","0.7749196614490967","25.85","0.0"
"20:60831266:A>G","NM_144498.3:c.26A>G","NP_653081.1:p.Asp9Gly","Unknown significance","null","missense_variant","2/14","null","9","MODERATE","26.5","null","0.00326648","gnomad_AF_sas_pass"","82.20600542683347","0.5138522793049016","31.58","0.7"
"20:60831268:G>C","NM_144498.3:c.28G>C","NP_653081.1:p.Ala10Pro","Unknown significance","null","missense_variant","2/14","null","10","MODERATE","25.7","null","0.000879879","gnomad_AF_nfe_pass"","74.4650169227196","0.5856068917553473","26.67","0.5"
"20:60831271:G>A","NM_144498.3:c.31G>A","NP_653081.1:p.Val11Ile","Unknown significance","null","missense_variant","2/14","null","11","MODERATE","22.3","null","0.00176007","gnomad_AF_nfe_pass"","169.9486477999023","0.9886937090940491","26.54","0.0"
"20:60831275:C>T","NM_144498.3:c.35C>T","NP_653081.1:p.Thr12Ile","Unknown significance","null","missense_variant&splice_region_variant","2/14","null","12","MODERATE","25.7","null","0.0144827","gnomad_AF_amr_pass"","34.66520935919533","0.22032375962537198","34.13","0.1"
"20:60835040:T>A","NM_144498.3:c.41T>A","NP_653081.1:p.Phe14Tyr","Unknown significance","null","missense_variant","3/14","null","14","MODERATE","21.7","null","0","null"","112.30381418497149","0.48880795838061936","30.79","0.1"
"20:60835042:G>A","NM_144498.3:c.43G>A","NP_653081.1:p.Asp15Asn","Unknown significance","null","missense_variant","3/14","null","15","MODERATE","23.7","null","0","null"","124.26980813579462","0.7767841756548489","28.02","0.0"
"20:60835044:T>A","NM_144498.3:c.45T>A","NP_653081.1:p.Asp15Glu","Unknown significance","null","missense_variant","3/14","null","15","MODERATE","14.61","null","0.0114732","gnomad_AF_afr_pass"","124.26980813579462","0.7767841756548489","28.02","0.0"
"20:60835046:C>T","NM_144498.3:c.47C>T","NP_653081.1:p.Ser16Phe","Unknown significance","null","missense_variant","3/14","null","16","MODERATE","26.2","null","0.00290091","gnomad_AF_amr_pass"","125.15831559319884","0.9075546134879023","29.0","0.1"
"20:60835055:C>G","NM_144498.3:c.56C>G","NP_653081.1:p.Ser19Cys","Unknown significance","null","missense_variant","3/14","null","19","MODERATE","25.2","null","0.00326755","gnomad_AF_sas_pass"","100.49501018497399","0.728714745749127","30.24","0.3"
"20:60835057:T>C","NM_144498.3:c.58T>C","NP_653081.1:p.Ser20Pro","Unknown significance","null","missense_variant","3/14","null","20","MODERATE","16.20","null","0.0160244","gnomad_AF_afr_pass"","123.63156230066785","0.8964837390699533","27.31","0.1"
"20:60835061:G>C","NM_144498.3:c.62G>C","NP_653081.1:p.Gly21Ala","Unknown significance","null","missense_variant","3/14","null","21","MODERATE","21.0","null","0.000879291","gnomad_AF_nfe_pass"","21.139384581560485","0.22171190086341455","27.24","0.2"
"20:60835067:T>A","NM_144498.3:c.68T>A","NP_653081.1:p.Phe23Tyr","Unknown significance","null","missense_variant","3/14","null","23","MODERATE","22.7","null","0.00653509","gnomad_AF_sas_pass"","194.43439034375808","0.8462853917532501","24.5","0.0"
"20:60835070:C>T","NM_144498.3:c.71C>T","NP_653081.1:p.Ser24Leu","Unknown significance","null","missense_variant","3/14","null","24","MODERATE","22.7","null","0.000879229","gnomad_AF_nfe_pass"","132.53817134169833","0.961067814745701","25.44","0.0"
"20:60835075:G>A","NM_144498.3:c.76G>A","NP_653081.1:p.Ala26Thr","Benign","null","missense_variant","3/14","null","26","MODERATE","8.517","null","3.70281","gnomad_AF_afr_pass"","97.85738916765817","0.7695689046205185","24.73","0.1"
"20:60835088:T>A","NM_144498.3:c.89T>A","NP_653081.1:p.Val30Asp","Likely benign","null","missense_variant","3/14","null","30","MODERATE","11.55","null","0.00289201","gnomad_AF_amr_pass"","146.87968612066075","0.854487655778155","24.53","0.0"
"20:60835088:T>C","NM_144498.3:c.89T>C","NP_653081.1:p.Val30Ala","Likely benign","null","missense_variant","3/14","null","30","MODERATE","8.228","null","0.0240346","gnomad_AF_afr_pass"","146.87968612066075","0.854487655778155","24.53","0.1"
"20:60835091:C>T","NM_144498.3:c.92C>T","NP_653081.1:p.Thr31Met","Likely benign","null","missense_variant","3/14","null","31","MODERATE","12.42","null","0.00326712","gnomad_AF_sas_pass"","163.77106511431148","1.0408896253864794","22.08","0.0"
"20:60835097:T>C","NM_144498.3:c.98T>C","NP_653081.1:p.Met33Thr","Likely benign","null","missense_variant","3/14","null","33","MODERATE","0.486","null","0","null"","180.44141433679272","0.8333199297068132","26.77","0.2"
"20:60835099:A>G","NM_144498.3:c.100A>G","NP_653081.1:p.Ile34Val","Likely benign","null","missense_variant","3/14","null","34","MODERATE","0.047","null","0.00867553","gnomad_AF_amr_pass"","184.2947433665166","0.9395184846562855","26.03","0.0"
"20:60835100:T>A","NM_144498.3:c.101T>A","NP_653081.1:p.Ile34Asn","Likely benign","null","missense_variant","3/14","null","34","MODERATE","6.468","null","0.00289184","gnomad_AF_amr_pass"","184.2947433665166","0.9395184846562855","26.03","0.2"
"20:60835100:T>C","NM_144498.3:c.101T>C","NP_653081.1:p.Ile34Thr","Likely benign","null","missense_variant","3/14","null","34","MODERATE","2.226","null","0.00543774","gnomad_AF_eas_pass"","184.2947433665166","0.9395184846562855","26.03","0.1"
"20:60835107:A>T","NM_144498.3:c.108A>T","NP_653081.1:p.Leu36Phe","Likely benign","null","missense_variant","3/14","null","36","MODERATE","8.957","null","0.00175821","gnomad_AF_nfe_pass"","170.29310139264166","0.8830283394751575","24.82","0.0"
"20:60835108:G>A","NM_144498.3:c.109G>A","NP_653081.1:p.Asp37Asn","Unknown significance","null","missense_variant","3/14","null","37","MODERATE","21.0","null","0.00615309","gnomad_AF_afr_pass"","140.76083041671595","0.8798660532271814","25.43","0.0"
"20:60835111:A>G","NM_144498.3:c.112A>G","NP_653081.1:p.Thr38Ala","Likely benign","null","missense_variant","3/14","null","38","MODERATE","5.701","null","0","null"","127.55326807963259","0.8106979907321104","25.35","0.2"
"20:60835112:C>A","NM_144498.3:c.113C>A","NP_653081.1:p.Thr38Asn","Unknown significance","null","missense_variant","3/14","null","38","MODERATE","14.54","null","0","gnomad_AF_afr_pass,gnomad_AF_amr_pass,gnomad_AF_eas_pass,gnomad_AF_nfe_pass,gnomad_AF_sas_pass"","127.55326807963259","0.8106979907321104","25.35","0.1"
"20:60835112:C>T","NM_144498.3:c.113C>T","NP_653081.1:p.Thr38Ile","Unknown significance","null","missense_variant","3/14","null","38","MODERATE","15.79","null","0.000879229","gnomad_AF_nfe_pass"","127.55326807963259","0.8106979907321104","25.35","0.0"
"20:60835115:G>A","NM_144498.3:c.116G>A","NP_653081.1:p.Ser39Asn","Unknown significance","null","missense_variant","3/14","null","39","MODERATE","15.34","null","0.000879167","gnomad_AF_nfe_pass"","107.82679888787696","0.7818794006975486","24.26","0.1"
"20:60835123:A>G","NM_144498.3:c.124A>G","NP_653081.1:p.Asn42Asp","Likely benign","null","missense_variant","3/14","null","42","MODERATE","1.285","null","0.00648424","gnomad_AF_nfe_pass"","152.78333540287568","0.9559289066883198","28.12","0.0"
"20:60835124:A>G","NM_144498.3:c.125A>G","NP_653081.1:p.Asn42Ser","Likely benign","null","missense_variant","3/14","null","42","MODERATE","0.038","null","0.00289218","gnomad_AF_amr_pass"","152.78333540287568","0.9559289066883198","28.12","0.0"
"20:60835127:G>A","NM_144498.3:c.128G>A","NP_653081.1:p.Arg43Lys","Unknown significance","null","missense_variant","3/14","null","43","MODERATE","10.58","null","0.00543715","gnomad_AF_eas_pass"","205.0176654714565","0.7609435803068754","26.39","0.2"
"20:60835127:G>T","NM_144498.3:c.128G>T","NP_653081.1:p.Arg43Met","Unknown significance","null","missense_variant","3/14","null","43","MODERATE","15.38","null","0.012386","gnomad_AF_nfe_pass"","205.0176654714565","0.7609435803068754","26.39","0.1"
"20:60835138:A>G","NM_144498.3:c.139A>G","NP_653081.1:p.Thr47Ala","Likely benign","null","missense_variant","3/14","null","47","MODERATE","0.007","null","0.000879059","gnomad_AF_nfe_pass"","166.39210980333277","1.0575483570285573","37.83","0.1"
"20:60835157:A>G","NM_144498.3:c.158A>G","NP_653081.1:p.Gln53Arg","Unknown significance","null","missense_variant","3/14","null","53","MODERATE","2.870","null","0","null"","27.735497062136616","0.1402541523644885","65.98","0.5"
"20:60835165:G>A","NM_144498.3:c.166G>A","NP_653081.1:p.Gly56Arg","Unknown significance","null","missense_variant","3/14","null","56","MODERATE","25.0","null","0.00615688","gnomad_AF_afr_pass"","26.83128661409352","0.2814091174163515","71.24","0.3"
"20:60835170:T>G","NM_144498.3:c.171T>G","NP_653081.1:p.Ile57Met","Likely benign","null","missense_variant","3/14","null","57","MODERATE","2.392","null","0.000880421","gnomad_AF_nfe_pass"","3.0540513177097894","0.015569286533424513","78.1","0.3"
"20:60835172:A>C","NM_144498.3:c.173A>C","NP_653081.1:p.Gln58Pro","Likely benign","null","missense_variant","3/14","null","58","MODERATE","14.44","null","0.00852449","gnomad_AF_nfe_pass"","178.50153011159384","0.9026548449980144","74.99","0.1"
"20:60835178:A>G","NM_144498.3:c.179A>G","NP_653081.1:p.His60Arg","Unknown significance","null","missense_variant","3/14","null","60","MODERATE","15.06","null","0.0283062","gnomad_AF_amr_pass"","34.25045266841931","0.1667481295655244","91.36","0.4"
"20:60838673:A>T","NM_144498.3:c.184A>T","NP_653081.1:p.Thr62Ser","Unknown significance","null","missense_variant&splice_region_variant","4/14","null","62","MODERATE","14.95","null","0","gnomad_AF_afr_pass,gnomad_AF_amr_pass,gnomad_AF_eas_pass,gnomad_AF_nfe_pass,gnomad_AF_sas_pass"","83.37570182679143","0.5299159712996203","91.71","0.3"
"20:60838677:C>T","NM_144498.3:c.188C>T","NP_653081.1:p.Ser63Leu","Unknown significance","null","missense_variant","4/14","null","63","MODERATE","17.22","null","0.00232302","gnomad_AF_nfe_pass"","49.72493632313394","0.3605680945094523","95.05","0.5"
"20:60838683:C>T","NM_144498.3:c.194C>T","NP_653081.1:p.Pro65Leu","Unknown significance","null","missense_variant","4/14","null","65","MODERATE","24.2","null","0.00326627","gnomad_AF_sas_pass"","95.4274479257282","0.6066584945536796","95.72","0.4"
"20:60838697:A>G","NM_144498.3:c.208A>G","NP_653081.1:p.Ser70Gly","Unknown significance","null","missense_variant","4/14","null","70","MODERATE","22.0","null","0.00087926","gnomad_AF_nfe_pass"","83.94856024938657","0.6087322507409808","82.03","0.3"
"20:60838698:G>A","NM_144498.3:c.209G>A","NP_653081.1:p.Ser70Asn","Unknown significance","null","missense_variant","4/14","null","70","MODERATE","18.45","null","0.00543715","gnomad_AF_eas_pass"","83.94856024938657","0.6087322507409808","82.03","0.0"
"20:60838706:G>A","NM_144498.3:c.217G>A","NP_653081.1:p.Asp73Asn","Unknown significance","null","missense_variant","4/14","null","73","MODERATE","19.56","null","0.00175843","gnomad_AF_nfe_pass"","70.18100289234033","0.43868654258149237","72.03","0.0"
"20:60838714:C>G","NM_144498.3:c.225C>G","NP_653081.1:p.Ser75Arg","Unknown significance","null","missense_variant","4/14","null","75","MODERATE","23.1","null","0.00543715","gnomad_AF_eas_pass"","42.40600537315158","0.30749667438068196","78.71","0.0"
"20:60838715:G>A","NM_144498.3:c.226G>A","NP_653081.1:p.Val76Met","Unknown significance","null","missense_variant","4/14","null","76","MODERATE","22.1","null","0.0123047","gnomad_AF_afr_pass"","11.38012547458378","0.06620504847246206","77.33","0.3"
"20:60838735:G>T","NM_144498.3:c.246G>T","NP_653081.1:p.Lys82Asn","Likely benign","null","missense_variant","4/14","null","82","MODERATE","14.86","null","0","null"","74.72516083713317","0.31567600730690976","69.58","0.4"
"20:60847191:A>C","NM_144498.3:c.269A>C","NP_653081.1:p.Lys90Thr","Unknown significance","null","missense_variant","5/14","null","90","MODERATE","26.1","null","0.000882753","gnomad_AF_nfe_pass"","63.82514176668829","0.26962894014533145","63.53","0.2"
"20:60847197:C>T","NM_144498.3:c.275C>T","NP_653081.1:p.Thr92Met","Unknown significance","null","missense_variant","5/14","null","92","MODERATE","27.1","null","0.00326712","gnomad_AF_sas_pass"","23.413430889994313","0.14881015331424813","65.63","0.0"
"20:60847200:T>A","NM_144498.3:c.278T>A","NP_653081.1:p.Met93Lys","Unknown significance","null","missense_variant","5/14","null","93","MODERATE","26.6","null","0.00578972","gnomad_AF_amr_pass"","18.031394203458348","0.08327312333129892","73.63","3.1"
"20:60847205:A>G","NM_144498.3:c.283A>G","NP_653081.1:p.Ile95Val","Unknown significance","null","missense_variant","5/14","null","95","MODERATE","9.295","null","0.00653296","gnomad_AF_sas_pass"","11.28407566029384","0.05752523089615308","84.92","0.3"
"20:60847208:G>A","NM_144498.3:c.286G>A","NP_653081.1:p.Ala96Thr","Unknown significance","null","missense_variant","5/14","null","96","MODERATE","15.64","null","0.00653381","gnomad_AF_sas_pass"","6.004395086469508","0.04721969172595025","85.18","0.2"
"20:60847239:G>A","NM_144498.3:c.317G>A","NP_653081.1:p.Arg106Gln","Unknown significance","null","missense_variant","5/14","null","106","MODERATE","28.1","null","0.00326627","gnomad_AF_sas_pass"","16.906367236370293","0.06274967371832434","97.25","0.9"
"20:60847253:A>G","NM_144498.3:c.331A>G","NP_653081.1:p.Met111Val","Unknown significance","null","missense_variant","5/14","null","111","MODERATE","23.0","null","0.00176087","gnomad_AF_nfe_pass"","0.0","0.0","98.54","0.3"
"20:60847262:G>A","NM_144498.3:c.340G>A","NP_653081.1:p.Val114Met","Unknown significance","null","missense_variant","5/14","null","114","MODERATE","19.02","null","0.0017618","gnomad_AF_nfe_pass"","0.08544453598167369","4.970823616143504E-4","98.55","0.4"
"20:60847268:C>T","NM_144498.3:c.346C>T","NP_653081.1:p.Leu116Phe","Unknown significance","null","missense_variant","5/14","null","116","MODERATE","23.6","null","0","null"","0.0","0.0","98.83","0.8"
"20:60847275:A>C","NM_144498.3:c.353A>C","NP_653081.1:p.His118Pro","Unknown significance","null","missense_variant","5/14","null","118","MODERATE","23.0","null","0.000881725","gnomad_AF_nfe_pass"","42.64880326862656","0.20763545060555577","98.3","0.8"
"20:60847277:A>G","NM_144498.3:c.355A>G","NP_653081.1:p.Arg119Gly","Unknown significance","null","missense_variant","5/14","null","119","MODERATE","18.71","null","0.00326648","gnomad_AF_sas_pass"","66.22714646732118","0.24580868107371678","98.04","1.5"
"20:60847286:T>C","NM_144498.3:c.364T>C","NP_653081.1:p.Cys122Arg","Likely benign","null","missense_variant","5/14","null","122","MODERATE","0.217","null","0.00543774","gnomad_AF_eas_pass"","103.48124414325363","0.6696601097966228","97.17","0.2"
"20:60847287:G>A","NM_144498.3:c.365G>A","NP_653081.1:p.Cys122Tyr","Unknown significance","null","missense_variant","5/14","null","122","MODERATE","14.59","null","0.00543833","gnomad_AF_eas_pass"","103.48124414325363","0.6696601097966228","97.17","0.4"
"20:60847288:C>G","NM_144498.3:c.366C>G","NP_653081.1:p.Cys122Trp","Unknown significance","null","missense_variant","5/14","null","122","MODERATE","21.5","null","0.000882068","gnomad_AF_nfe_pass"","103.48124414325363","0.6696601097966228","97.17","0.4"
"20:60847293:C>T","NM_144498.3:c.371C>T","NP_653081.1:p.Pro124Leu","Likely benign","null","missense_variant","5/14","null","124","MODERATE","16.66","null","0","gnomad_AF_afr_pass,gnomad_AF_amr_pass,gnomad_AF_eas_pass,gnomad_AF_nfe_pass,gnomad_AF_sas_pass"","116.09150722065553","0.7380255946461547","96.6","0.0"
"20:60847298:C>G","NM_144498.3:c.376C>G","NP_653081.1:p.Pro126Ala","Likely benign","null","missense_variant","5/14","null","126","MODERATE","14.02","null","0.000882628","gnomad_AF_nfe_pass"","35.81075915578897","0.22765883098103984","98.34","0.6"
"20:60847298:C>T","NM_144498.3:c.376C>T","NP_653081.1:p.Pro126Ser","Likely benign","null","missense_variant","5/14","null","126","MODERATE","13.67","null","0.00176526","gnomad_AF_nfe_pass"","35.81075915578897","0.22765883098103984","98.34","0.5"
"20:60847304:G>A","NM_144498.3:c.382G>A","NP_653081.1:p.Glu128Lys","Unknown significance","null","missense_variant","5/14","null","128","MODERATE","22.3","null","0.00648256","gnomad_AF_nfe_pass"","40.307992328618404","0.20642098185908278","98.7","0.6"
"20:60847310:A>T","NM_144498.3:c.388A>T","NP_653081.1:p.Met130Leu","Unknown significance","null","missense_variant","5/14","null","130","MODERATE","23.5","null","0.0173812","gnomad_AF_amr_pass"","0.0","0.0","98.88","0.5"
"20:60848365:T>G","NM_144498.3:c.394T>G","NP_653081.1:p.Ser132Ala","Likely benign","null","missense_variant&splice_region_variant","6/14","null","132","MODERATE","15.08","null","0.000898005","gnomad_AF_nfe_pass"","0.01882703727359782","1.365196108223343E-4","98.89","1.3"
"20:60848375:C>G","NM_144498.3:c.404C>G","NP_653081.1:p.Ala135Gly","Unknown significance","null","missense_variant","6/14","null","135","MODERATE","24.0","null","0","null"","0.0","0.0","98.89","2.4"
"20:60848387:C>T","NM_144498.3:c.416C>T","NP_653081.1:p.Ser139Leu","Unknown significance","null","missense_variant","6/14","null","139","MODERATE","25.9","null","0.00580383","gnomad_AF_eas_pass"","0.0","0.0","98.37","0.9"
"20:60848399:C>T","NM_144498.3:c.428C>T","NP_653081.1:p.Ser143Phe","Unknown significance","null","missense_variant","6/14","null","143","MODERATE","25.5","null","0","null"","0.028592660356735453","2.0733261466214566E-4","95.6","1.1"
"20:60848401:C>G","NM_144498.3:c.430C>G","NP_653081.1:p.Gln144Glu","Unknown significance","null","missense_variant","6/14","null","144","MODERATE","23.8","null","0.000905896","gnomad_AF_nfe_pass"","14.779643940414559","0.07473839132818863","95.28","0.3"
"20:60848402:A>C","NM_144498.3:c.431A>C","NP_653081.1:p.Gln144Pro","Unknown significance","null","missense_variant","6/14","null","144","MODERATE","25.0","null","0","null"","14.779643940414559","0.07473839132818863","95.28","0.7"
"20:60848416:G>A","NM_144498.3:c.445G>A","NP_653081.1:p.Gly149Ser","Unknown significance","null","missense_variant","6/14","null","149","MODERATE","24.3","null","0","null"","2.3375927355853814","0.02451689768221653","87.85","0.3"
"20:60848443:G>A","NM_144498.3:c.472G>A","NP_653081.1:p.Glu158Lys","Unknown significance","null","missense_variant","6/14","null","158","MODERATE","28.6","null","0.0016012","gnomad_AF_nfe_pass"","0.0","0.0","98.48","0.4"
"20:60848457:A>C","NM_144498.3:c.486A>C","NP_653081.1:p.Leu162Phe","Unknown significance","null","missense_variant","6/14","null","162","MODERATE","11.53","null","0.000911178","gnomad_AF_nfe_pass"","0.0","0.0","97.52","0.2"
"20:60854231:A>T","NM_144498.3:c.510A>T","NP_653081.1:p.Arg170Ser","Unknown significance","null","missense_variant","7/14","null","170","MODERATE","22.6","null","0.000887075","gnomad_AF_nfe_pass"","50.90314483437434","0.18893211563049928","98.07","1.3"
"20:60854235:A>G","NM_144498.3:c.514A>G","NP_653081.1:p.Ile172Val","Unknown significance","null","missense_variant","7/14","null","172","MODERATE","15.20","null","0.00177026","gnomad_AF_nfe_pass"","0.0","0.0","98.73","0.4"
"20:60854258:C>A","NM_144498.3:c.537C>A","NP_653081.1:p.His179Gln","Unknown significance","null","missense_variant","7/14","null","179","MODERATE","12.97","Oxysterol-binding_protein&_conserved_site&Oxysterol-binding_protein&_conserved_site&Oxysterol-binding_protein&_conserved_site&Oxysterol-binding_protein&_conserved_site&Oxysterol-binding_protein&_conserved_site&Oxysterol-binding_protein&_conserved_site&Oxysterol-binding_protein&_conserved_site&Oxysterol-binding_protein&_conserved_site&Oxysterol-binding_protein&_conserved_site&Oxysterol-binding_protein&_conserved_site","0","null"","66.44239745643765","0.3234744254906062","85.93","1.2"
"20:60854262:C>G","NM_144498.3:c.541C>G","NP_653081.1:p.Pro181Ala","Unknown significance","null","missense_variant","7/14","null","181","MODERATE","23.8","Oxysterol-binding_protein&_conserved_site&Oxysterol-binding_protein&_conserved_site&Oxysterol-binding_protein&_conserved_site&Oxysterol-binding_protein&_conserved_site&Oxysterol-binding_protein&_conserved_site&Oxysterol-binding_protein&_conserved_site&Oxysterol-binding_protein&_conserved_site&Oxysterol-binding_protein&_conserved_site&Oxysterol-binding_protein&_conserved_site&Oxysterol-binding_protein&_conserved_site","0","gnomad_AF_afr_pass,gnomad_AF_amr_pass,gnomad_AF_eas_pass,gnomad_AF_nfe_pass,gnomad_AF_sas_pass"","13.179314943309812","0.08378452464724795","91.78","1.4"
"20:60854271:G>A","NM_144498.3:c.550G>A","NP_653081.1:p.Ala184Thr","Unknown significance","null","missense_variant","7/14","null","184","MODERATE","24.8","Oxysterol-binding_protein&_conserved_site&Oxysterol-binding_protein&_conserved_site&Oxysterol-binding_protein&_conserved_site&Oxysterol-binding_protein&_conserved_site&Oxysterol-binding_protein&_conserved_site&Oxysterol-binding_protein&_conserved_site&Oxysterol-binding_protein&_conserved_site&Oxysterol-binding_protein&_conserved_site&Oxysterol-binding_protein&_conserved_site&Oxysterol-binding_protein&_conserved_site","0.00326627","gnomad_AF_sas_pass"","0.0","0.0","98.79","1.4"
"20:60854279:C>G","NM_144498.3:c.558C>G","NP_653081.1:p.His186Gln","Unknown significance","null","missense_variant","7/14","null","186","MODERATE","15.97","null","0.000879121","gnomad_AF_nfe_pass"","4.7202591970528855","0.02298055444092786","98.87","1.3"
"20:60854298:G>A","NM_144498.3:c.577G>A","NP_653081.1:p.Asp193Asn","Unknown significance","null","missense_variant","7/14","null","193","MODERATE","24.7","null","0.0120154","gnomad_AF_afr_pass"","16.708156575417327","0.1044391379277372","96.87","0.4"
"20:60854299:A>G","NM_144498.3:c.578A>G","NP_653081.1:p.Asp193Gly","Unknown significance","null","missense_variant","7/14","null","193","MODERATE","24.7","null","0.00543656","gnomad_AF_eas_pass"","16.708156575417327","0.1044391379277372","96.87","0.1"
"20:60854304:C>A","NM_144498.3:c.583C>A","NP_653081.1:p.Leu195Met","Pathogenic","Hearing loss, autosomal dominant","missense_variant","7/14","null","195","MODERATE","15.50","null","0","null"","59.214894164635986","0.3070496058782513","98.82","0.2"
"20:60854310:C>T","NM_144498.3:c.589C>T","NP_653081.1:p.His197Tyr","Unknown significance","null","missense_variant","7/14","null","197","MODERATE","24.5","null","0.00351605","gnomad_AF_nfe_pass"","12.932989119290829","0.0629641822901067","98.83","1.5"
"20:60854319:A>G","NM_144498.3:c.598A>G","NP_653081.1:p.Ile200Val","Unknown significance","null","missense_variant","7/14","null","200","MODERATE","23.3","null","0.0733676","gnomad_AF_amr_pass"","0.3655858307290226","0.0018637245936811916","97.4","0.3"
"20:60854323:A>C","NM_144498.3:c.602A>C","NP_653081.1:p.Tyr201Ser","Unknown significance","null","missense_variant","7/14","null","201","MODERATE","25.0","null","0.00326627","gnomad_AF_sas_pass"","53.79449752955468","0.2242262175835123","93.57","1.4"
"20:60854328:A>C","NM_144498.3:c.607A>C","NP_653081.1:p.Lys203Gln","Unknown significance","null","missense_variant","7/14","null","203","MODERATE","27.0","null","0.0240269","gnomad_AF_afr_pass"","89.40044726666622","0.3776716694675748","89.46","0.5"
"20:60854328:A>G","NM_144498.3:c.607A>G","NP_653081.1:p.Lys203Glu","Unknown significance","null","missense_variant","7/14","null","203","MODERATE","27.3","null","0.000879105","gnomad_AF_nfe_pass"","89.40044726666622","0.3776716694675748","89.46","0.2"
"20:60854343:G>A","NM_144498.3:c.622G>A","NP_653081.1:p.Gly208Ser","Unknown significance","null","missense_variant","7/14","null","208","MODERATE","28.1","null","0.00326627","gnomad_AF_sas_pass"","24.579190910323433","0.2577889208357594","84.21","0.8"
"20:60854352:G>A","NM_144498.3:c.631G>A","NP_653081.1:p.Val211Met","Unknown significance","null","missense_variant","7/14","null","211","MODERATE","25.9","null","0.00979944","gnomad_AF_sas_pass"","18.350897607297348","0.10675823112123847","89.12","0.6"
"20:60854352:G>T","NM_144498.3:c.631G>T","NP_653081.1:p.Val211Leu","Unknown significance","null","missense_variant","7/14","null","211","MODERATE","23.8","null","0.00615157","gnomad_AF_afr_pass"","18.350897607297348","0.10675823112123847","89.12","0.1"
"20:60854358:G>A","NM_144498.3:c.637G>A","NP_653081.1:p.Ala213Thr","Unknown significance","null","missense_variant","7/14","null","213","MODERATE","25.0","null","0.00615157","gnomad_AF_afr_pass"","27.48596882383049","0.2161548259166084","91.44","0.1"
"20:60854359:C>T","NM_144498.3:c.638C>T","NP_653081.1:p.Ala213Val","Unknown significance","null","missense_variant","7/14","null","213","MODERATE","24.1","null","0.000879477","gnomad_AF_nfe_pass"","27.48596882383049","0.2161548259166084","91.44","1.4"
"20:60854363:G>T","NM_144498.3:c.642G>T","NP_653081.1:p.Glu214Asp","Unknown significance","null","missense_variant","7/14","null","214","MODERATE","24.1","null","0.000879446","gnomad_AF_nfe_pass"","13.326101065338342","0.06824420437103908","94.0","0.3"
"20:60854368:G>A","NM_144498.3:c.647G>A","NP_653081.1:p.Arg216Gln","Unknown significance","null","missense_variant","7/14","null","216","MODERATE","25.9","null","0.00326669","gnomad_AF_sas_pass"","112.23961120921493","0.41658854815943946","95.14","0.2"
"20:60854373:A>G","NM_144498.3:c.652A>G","NP_653081.1:p.Thr218Ala","Unknown significance","null","missense_variant","7/14","null","218","MODERATE","22.9","null","0.00326627","gnomad_AF_sas_pass"","12.01728566645342","0.07637898652479308","97.85","0.5"
"20:60854374:C>T","NM_144498.3:c.653C>T","NP_653081.1:p.Thr218Ile","Unknown significance","null","missense_variant","7/14","null","218","MODERATE","20.3","null","0.00615774","gnomad_AF_nfe_pass"","12.01728566645342","0.07637898652479308","97.85","0.8"
"20:60854391:C>T","NM_144498.3:c.670C>T","NP_653081.1:p.Leu224Phe","Unknown significance","null","missense_variant","7/14","null","224","MODERATE","21.3","null","0.000881834","gnomad_AF_nfe_pass"","71.5470857210956","0.37099626339482306","98.52","0.0"
"20:60856130:A>T","NM_144498.3:c.691A>T","NP_653081.1:p.Thr231Ser","Unknown significance","null","missense_variant","8/14","null","231","MODERATE","24.3","null","0.00615157","gnomad_AF_afr_pass"","7.264494263259002","0.04617138385848545","98.88","0.8"
"20:60856131:C>A","NM_144498.3:c.692C>A","NP_653081.1:p.Thr231Asn","Unknown significance","null","missense_variant","8/14","null","231","MODERATE","26.8","null","0.00615157","gnomad_AF_afr_pass"","7.264494263259002","0.04617138385848545","98.88","0.9"
"20:60856146:C>T","NM_144498.3:c.707C>T","NP_653081.1:p.Thr236Ile","Unknown significance","null","missense_variant","8/14","null","236","MODERATE","25.7","null","0.0194477","gnomad_AF_nfe_pass"","13.69445623306607","0.08703868054077903","97.15","0.4"
"20:60856154:G>A","NM_144498.3:c.715G>A","NP_653081.1:p.Val239Ile","Unknown significance","null","missense_variant","8/14","null","239","MODERATE","24.2","null","0.0898125","gnomad_AF_nfe_pass"","12.940524298826777","0.0752828288560003","92.06","0.1"
"20:60856161:A>G","NM_144498.3:c.722A>G","NP_653081.1:p.Asn241Ser","Unknown significance","null","missense_variant","8/14","null","241","MODERATE","25.4","null","0.00543656","gnomad_AF_eas_pass"","3.466112017300015","0.021686636585199762","90.08","0.3"
"20:60856163:G>A","NM_144498.3:c.724G>A","NP_653081.1:p.Val242Ile","Unknown significance","null","missense_variant","8/14","null","242","MODERATE","17.82","null","0.00400416","gnomad_AF_afr_pass"","3.4801608073911465","0.020246192843820152","86.13","0.8"
"20:60856166:A>G","NM_144498.3:c.727A>G","NP_653081.1:p.Ile243Val","Unknown significance","null","missense_variant","8/14","null","243","MODERATE","23.8","null","0.000879152","gnomad_AF_nfe_pass"","61.42508774360893","0.31313972554270814","85.6","0.5"
"20:60856172:G>A","NM_144498.3:c.733G>A","NP_653081.1:p.Gly245Arg","Unknown significance","null","missense_variant","8/14","null","245","MODERATE","29.0","null","0.000879229","gnomad_AF_nfe_pass"","45.34649839651167","0.4755984412980587","86.02","0.5"
"20:60856194:A>G","NM_144498.3:c.755A>G","NP_653081.1:p.Tyr252Cys","Unknown significance","null","missense_variant","8/14","null","252","MODERATE","26.4","null","0.0300692","gnomad_AF_eas_pass"","64.33144747451576","0.2681463309692238","96.18","1.5"
"20:60856206:A>G","NM_144498.3:c.767A>G","NP_653081.1:p.Glu256Gly","Unknown significance","null","missense_variant","8/14","null","256","MODERATE","30","null","0.00544662","gnomad_AF_eas_pass"","79.38411509968803","0.40653344501253424","98.71","0.5"
"20:60856847:A>G","NM_144498.3:c.784A>G","NP_653081.1:p.Thr262Ala","Unknown significance","null","missense_variant&splice_region_variant","9/14","null","262","MODERATE","24.9","null","0.0026442","gnomad_AF_nfe_pass"","30.76411310871905","0.19552932715391821","97.86","1.0"
"20:60856853:C>G","NM_144498.3:c.790C>G","NP_653081.1:p.His264Asp","Likely benign","null","missense_variant","9/14","null","264","MODERATE","18.17","null","0.00326968","gnomad_AF_sas_pass"","30.839900036578683","0.1501438739181655","98.55","1.1"
"20:60856855:T>G","NM_144498.3:c.792T>G","NP_653081.1:p.His264Gln","Benign","null","missense_variant","9/14","null","264","MODERATE","14.99","null","0.992127","gnomad_AF_afr_pass"","30.839900036578683","0.1501438739181655","98.55","0.3"
"20:60856862:G>A","NM_144498.3:c.799G>A","NP_653081.1:p.Val267Met","Unknown significance","null","missense_variant","9/14","null","267","MODERATE","21.9","null","0.00326861","gnomad_AF_sas_pass"","16.454338763566952","0.09572480530704378","98.89","0.5"
"20:60856863:T>C","NM_144498.3:c.800T>C","NP_653081.1:p.Val267Ala","Unknown significance","null","missense_variant","9/14","null","267","MODERATE","22.5","null","0","null"","16.454338763566952","0.09572480530704378","98.89","1.5"
"20:60856865:C>T","NM_144498.3:c.802C>T","NP_653081.1:p.Leu268Phe","Unknown significance","null","missense_variant","9/14","null","268","MODERATE","27.4","null","0.00289285","gnomad_AF_amr_pass"","0.0","0.0","98.89","0.9"
"20:60856895:A>G","NM_144498.3:c.832A>G","NP_653081.1:p.Lys278Glu","Unknown significance","null","missense_variant","9/14","null","278","MODERATE","26.2","null","0.00175892","gnomad_AF_nfe_pass"","170.55815829916523","0.7205219476589616","84.48","0.0"
"20:60856896:A>G","NM_144498.3:c.833A>G","NP_653081.1:p.Lys278Arg","Unknown significance","null","missense_variant","9/14","null","278","MODERATE","23.9","null","0.0371718","gnomad_AF_nfe_pass"","170.55815829916523","0.7205219476589616","84.48","0.3"
"20:60856901:C>T","NM_144498.3:c.838C>T","NP_653081.1:p.Leu280Phe","Unknown significance","null","missense_variant","9/14","null","280","MODERATE","27.8","null","0.0115647","gnomad_AF_amr_pass"","2.273088783084108","0.011786747655610537","92.3","0.3"
"20:60856907:A>G","NM_144498.3:c.844A>G","NP_653081.1:p.Lys282Glu","Unknown significance","null","missense_variant","9/14","null","282","MODERATE","24.1","null","0.000879399","gnomad_AF_nfe_pass"","40.46982383231337","0.1709645353811035","96.13","0.2"
"20:60856919:C>T","NM_144498.3:c.856C>T","NP_653081.1:p.His286Tyr","Likely benign","null","missense_variant","9/14","null","286","MODERATE","14.95","null","0.00578302","gnomad_AF_amr_pass"","26.96507302359468","0.13127930114710817","98.86","1.2"
"20:60856922:A>G","NM_144498.3:c.859A>G","NP_653081.1:p.Ile287Val","Unknown significance","null","missense_variant","9/14","null","287","MODERATE","23.7","null","0.00175883","gnomad_AF_nfe_pass"","0.0","0.0","98.91","0.4"
"20:60859109:A>C","NM_144498.3:c.880A>C","NP_653081.1:p.Lys294Gln","Unknown significance","null","missense_variant","10/14","null","294","MODERATE","25.3","null","0.00616523","gnomad_AF_afr_pass"","97.01287958165919","0.409830345503464","98.51","0.4"
"20:60859109:A>G","NM_144498.3:c.880A>G","NP_653081.1:p.Lys294Glu","Unknown significance","null","missense_variant","10/14","null","294","MODERATE","25.3","null","0","null"","97.01287958165919","0.409830345503464","98.51","0.2"
"20:60859110:A>G","NM_144498.3:c.881A>G","NP_653081.1:p.Lys294Arg","Unknown significance","null","missense_variant","10/14","null","294","MODERATE","23.8","null","0.00441681","gnomad_AF_nfe_pass"","97.01287958165919","0.409830345503464","98.51","0.6"
"20:60859115:T>G","NM_144498.3:c.886T>G","NP_653081.1:p.Phe296Val","Unknown significance","null","missense_variant","10/14","null","296","MODERATE","18.85","null","0.00653637","gnomad_AF_sas_pass"","15.482305754914126","0.0673875088037466","98.82","0.7"
"20:60859118:A>G","NM_144498.3:c.889A>G","NP_653081.1:p.Met297Val","Likely benign","null","missense_variant","10/14","null","297","MODERATE","0.014","null","0.00326926","gnomad_AF_sas_pass"","7.52040697945257","0.03473096815671654","98.83","0.3"
"20:60859121:A>G","NM_144498.3:c.892A>G","NP_653081.1:p.Ile298Val","Unknown significance","null","missense_variant","10/14","null","298","MODERATE","19.60","null","0.00326648","gnomad_AF_sas_pass"","0.0","0.0","98.88","0.6"
"20:60859137:C>T","NM_144498.3:c.908C>T","NP_653081.1:p.Thr303Met","Unknown significance","null","missense_variant","10/14","null","303","MODERATE","25.7","null","0.00326669","gnomad_AF_sas_pass"","1.673899305670335","0.010638902665728736","95.19","0.1"
"20:60859156:A>G","NM_144498.3:c.927A>G","NP_653081.1:p.Ile309Met","Unknown significance","null","missense_variant","10/14","null","309","MODERATE","12.42","null","0.00087909","gnomad_AF_nfe_pass"","6.646101073127763","0.03388124205300567","98.65","0.3"
"20:60859158:A>G","NM_144498.3:c.929A>G","NP_653081.1:p.Asp310Gly","Unknown significance","null","missense_variant","10/14","null","310","MODERATE","24.1","null","0","null"","65.73578455214346","0.4109004269046866","98.18","0.5"
"20:60859160:C>G","NM_144498.3:c.931C>G","NP_653081.1:p.Pro311Ala","Unknown significance","null","missense_variant","10/14","null","311","MODERATE","10.89","null","0.000879105","gnomad_AF_nfe_pass"","26.964320081014314","0.17141958820635483","98.55","0.2"
"20:60859167:C>T","NM_144498.3:c.938C>T","NP_653081.1:p.Ser313Leu","Likely benign","null","missense_variant","10/14","null","313","MODERATE","15.85","null","0.0100241","gnomad_AF_eas_pass"","40.94154232246464","0.2968774822668044","98.13","0.3"
"20:60859179:T>C","NM_144498.3:c.950T>C","NP_653081.1:p.Phe317Ser","Likely benign","null","missense_variant","10/14","null","317","MODERATE","21.6","null","0.00289084","gnomad_AF_amr_pass"","20.812398982948434","0.0905870057013548","95.02","2.2"
"20:60859182:A>G","NM_144498.3:c.953A>G","NP_653081.1:p.Lys318Arg","Likely benign","null","missense_variant","10/14","null","318","MODERATE","16.76","null","0.00154844","gnomad_AF_nfe_pass"","21.296775137895565","0.08996810269430874","92.56","0.9"
"20:60859187:C>G","NM_144498.3:c.958C>G","NP_653081.1:p.Gln320Glu","Likely benign","null","missense_variant","10/14","null","320","MODERATE","16.88","null","0.000879183","gnomad_AF_nfe_pass"","66.94034998640524","0.33850707724082896","90.33","0.2"
"20:60859199:G>A","NM_144498.3:c.970G>A","NP_653081.1:p.Gly324Ser","Unknown significance","null","missense_variant","10/14","null","324","MODERATE","17.48","null","0.00464576","gnomad_AF_nfe_pass"","9.688448436268741","0.10161338003642832","67.37","0.3"
"20:60859206:A>G","NM_144498.3:c.977A>G","NP_653081.1:p.His326Arg","Likely benign","null","missense_variant","10/14","null","326","MODERATE","3.370","null","0.00289118","gnomad_AF_amr_pass"","57.40250305745114","0.2794637521983741","53.23","0.1"
"20:60859212:G>C","NM_144498.3:c.983G>C","NP_653081.1:p.Arg328Thr","Likely benign","null","missense_variant","10/14","null","328","MODERATE","12.58","null","0.000879291","gnomad_AF_nfe_pass"","195.10718611565986","0.7241598444945719","46.8","0.1"
"20:60859212:G>T","NM_144498.3:c.983G>T","NP_653081.1:p.Arg328Ile","Unknown significance","null","missense_variant","10/14","null","328","MODERATE","17.52","null","0","gnomad_AF_afr_pass,gnomad_AF_amr_pass,gnomad_AF_eas_pass,gnomad_AF_nfe_pass,gnomad_AF_sas_pass"","195.10718611565986","0.7241598444945719","46.8","0.0"
"20:60859215:A>G","NM_144498.3:c.986A>G","NP_653081.1:p.Lys329Arg","Likely benign","null","missense_variant","10/14","null","329","MODERATE","15.20","null","0.00289084","gnomad_AF_amr_pass"","177.21441716595456","0.7486412745246337","43.3","0.3"
"20:60859215:A>T","NM_144498.3:c.986A>T","NP_653081.1:p.Lys329Met","Unknown significance","null","missense_variant","10/14","null","329","MODERATE","22.9","null","0.0108731","gnomad_AF_eas_pass"","177.21441716595456","0.7486412745246337","43.3","0.3"
"20:60859217:G>A","NM_144498.3:c.988G>A","NP_653081.1:p.Ala330Thr","Likely benign","null","missense_variant","10/14","null","330","MODERATE","2.742","null","0.000879384","gnomad_AF_nfe_pass"","47.96803271197579","0.37722962675522415","43.51","0.3"
"20:60859221:A>G","NM_144498.3:c.992A>G","NP_653081.1:p.Lys331Arg","Likely benign","null","missense_variant","10/14","null","331","MODERATE","8.238","null","0.000879569","gnomad_AF_nfe_pass"","166.8231148555876","0.7047432783569809","37.04","0.3"
"20:60859223:C>A","NM_144498.3:c.994C>A","NP_653081.1:p.Leu332Met","Likely benign","null","missense_variant&splice_region_variant","10/14","null","332","MODERATE","10.80","null","0.00087974","gnomad_AF_nfe_pass"","161.78707535288802","0.8389216669911207","39.88","0.0"
"20:60861640:A>G","NM_144498.3:c.998A>G","NP_653081.1:p.Asp333Gly","Likely benign","null","missense_variant&splice_region_variant","11/14","null","333","MODERATE","13.85","null","0","gnomad_AF_afr_pass,gnomad_AF_amr_pass,gnomad_AF_eas_pass,gnomad_AF_nfe_pass,gnomad_AF_sas_pass"","149.26147657798595","0.9330017868375537","38.55","0.1"
"20:60861646:A>G","NM_144498.3:c.1004A>G","NP_653081.1:p.Asp335Gly","Likely benign","null","missense_variant","11/14","null","335","MODERATE","5.094","null","0.000882831","gnomad_AF_nfe_pass"","169.65861238309014","1.0604999503880623","33.04","0.0"
"20:60861648:T>C","NM_144498.3:c.1006T>C","NP_653081.1:p.Ser336Pro","Likely benign","null","missense_variant","11/14","null","336","MODERATE","0.059","null","0.000882332","gnomad_AF_nfe_pass"","124.30886800245918","0.9013950540831747","37.08","0.0"
"20:60861648:T>G","NM_144498.3:c.1006T>G","NP_653081.1:p.Ser336Ala","Likely benign","null","missense_variant","11/14","null","336","MODERATE","0.002","null","0.00289201","gnomad_AF_amr_pass"","124.30886800245918","0.9013950540831747","37.08","0.0"
"20:60861649:C>T","NM_144498.3:c.1007C>T","NP_653081.1:p.Ser336Phe","Unknown significance","null","missense_variant","11/14","null","336","MODERATE","16.72","null","0.00289184","gnomad_AF_amr_pass"","124.30886800245918","0.9013950540831747","37.08","0.1"
"20:60861651:G>A","NM_144498.3:c.1009G>A","NP_653081.1:p.Gly337Arg","Likely benign","null","missense_variant","11/14","null","337","MODERATE","7.670","null","0.016315","gnomad_AF_eas_pass"","68.78466718538468","0.7214202122625466","33.5","0.4"
"20:60861657:G>T","NM_144498.3:c.1015G>T","NP_653081.1:p.Ala339Ser","Likely benign","null","missense_variant","11/14","null","339","MODERATE","10.67","null","0","null"","96.08315855725212","0.7556160215627551","34.57","0.1"
"20:60861660:G>T","NM_144498.3:c.1018G>T","NP_653081.1:p.Asp340Tyr","Unknown significance","null","missense_variant","11/14","null","340","MODERATE","16.66","null","0.00543833","gnomad_AF_eas_pass"","113.13946827762092","0.7072107852940779","32.93","0.3"
"20:60861663:A>T","NM_144498.3:c.1021A>T","NP_653081.1:p.Ser341Cys","Likely benign","null","missense_variant","11/14","null","341","MODERATE","5.664","null","0.000881446","gnomad_AF_nfe_pass"","89.69259505070578","0.6503837004210496","37.82","0.1"
"20:60861666:G>A","NM_144498.3:c.1024G>A","NP_653081.1:p.Asp342Asn","Unknown significance","null","missense_variant","11/14","null","342","MODERATE","15.74","null","0.0217581","gnomad_AF_eas_pass"","106.48587911887057","0.6656206126901401","35.63","0.1"
"20:60861676:A>G","NM_144498.3:c.1034A>G","NP_653081.1:p.Asp345Gly","Unknown significance","null","missense_variant","11/14","null","345","MODERATE","23.0","null","0.000881104","gnomad_AF_nfe_pass"","16.487815768065662","0.10306183434153743","53.52","0.5"
"20:60861678:G>A","NM_144498.3:c.1036G>A","NP_653081.1:p.Asp346Asn","Unknown significance","null","missense_variant","11/14","null","346","MODERATE","16.45","null","0.0026428","gnomad_AF_nfe_pass"","68.36522429960226","0.4273364962710443","60.16","0.1"
"20:60861681:G>A","NM_144498.3:c.1039G>A","NP_653081.1:p.Val347Met","Unknown significance","null","missense_variant","11/14","null","347","MODERATE","14.45","null","0.00543892","gnomad_AF_eas_pass"","42.35205118167176","0.24638740650557936","61.33","0.1"
"20:60861685:C>T","NM_144498.3:c.1043C>T","NP_653081.1:p.Pro348Leu","Unknown significance","null","missense_variant","11/14","null","348","MODERATE","24.5","null","0.00326627","gnomad_AF_sas_pass"","35.52977195541101","0.22587251817822002","65.94","0.2"
"20:60861687:G>A","NM_144498.3:c.1045G>A","NP_653081.1:p.Val349Met","Likely benign","null","missense_variant","11/14","null","349","MODERATE","16.00","null","0.0718579","gnomad_AF_sas_pass"","117.75821274387968","0.6850704941831227","59.35","0.0"
"20:60861702:G>A","NM_144498.3:c.1060G>A","NP_653081.1:p.Val354Met","Unknown significance","null","missense_variant","11/14","null","354","MODERATE","26.6","null","0.127393","gnomad_AF_sas_pass"","23.574167084186794","0.1371451376342218","88.2","0.1"
"20:60861703:T>C","NM_144498.3:c.1061T>C","NP_653081.1:p.Val354Ala","Unknown significance","null","missense_variant","11/14","null","354","MODERATE","25.7","null","0.0123229","gnomad_AF_afr_pass"","23.574167084186794","0.1371451376342218","88.2","1.1"
"20:60861706:A>C","NM_144498.3:c.1064A>C","NP_653081.1:p.Gln355Pro","Unknown significance","null","missense_variant","11/14","null","355","MODERATE","19.63","null","0.000880638","gnomad_AF_nfe_pass"","88.91401692264824","0.4496245388669136","90.41","0.4"
"20:60861706:A>G","NM_144498.3:c.1064A>G","NP_653081.1:p.Gln355Arg","Likely benign","null","missense_variant","11/14","null","355","MODERATE","18.90","null","0.00543833","gnomad_AF_eas_pass"","88.91401692264824","0.4496245388669136","90.41","0.1"
"20:60861707:G>C","NM_144498.3:c.1065G>C","NP_653081.1:p.Gln355His","Likely benign","null","missense_variant","11/14","null","355","MODERATE","16.00","null","0.00289101","gnomad_AF_amr_pass"","88.91401692264824","0.4496245388669136","90.41","0.1"
"20:60861714:C>T","NM_144498.3:c.1072C>T","NP_653081.1:p.Pro358Ser","Unknown significance","null","missense_variant","11/14","null","358","MODERATE","24.7","null","0","null"","125.96096217350085","0.8007684303176956","94.41","0.1"
"20:60861718:G>C","NM_144498.3:c.1076G>C","NP_653081.1:p.Gly359Ala","Unknown significance","null","missense_variant","11/14","null","359","MODERATE","25.7","null","0","null"","86.67526046054445","0.909058477099729","95.82","0.0"
"20:60861723:A>G","NM_144498.3:c.1081A>G","NP_653081.1:p.Lys361Glu","Likely benign","null","missense_variant","11/14","null","361","MODERATE","18.39","null","0.000881026","gnomad_AF_nfe_pass"","69.3491713975293","0.2929651711895128","97.81","0.1"
"20:60861724:A>G","NM_144498.3:c.1082A>G","NP_653081.1:p.Lys361Arg","Likely benign","null","missense_variant","11/14","null","361","MODERATE","15.97","null","0.00289101","gnomad_AF_amr_pass"","69.3491713975293","0.2929651711895128","97.81","0.8"
"20:60861734:G>C","NM_144498.3:c.1092G>C","NP_653081.1:p.Trp364Cys","Unknown significance","null","missense_variant","11/14","null","364","MODERATE","32","null","0.000881042","gnomad_AF_nfe_pass"","1.3387905490024297","0.005103494782632509","98.54","5.1"
"20:60861747:C>T","NM_144498.3:c.1105C>T","NP_653081.1:p.Arg369Trp","Unknown significance","null","missense_variant","11/14","null","369","MODERATE","29.2","null","0.00289151","gnomad_AF_amr_pass"","26.556392047724543","0.09856670642677856","93.39","0.7"
"20:60861754:C>T","NM_144498.3:c.1112C>T","NP_653081.1:p.Pro371Leu","Unknown significance","null","missense_variant","11/14","null","371","MODERATE","24.4","null","0.00289168","gnomad_AF_amr_pass"","161.4214157099093","1.0262002722687817","94.51","0.0"
"20:60861757:A>C","NM_144498.3:c.1115A>C","NP_653081.1:p.Asn372Thr","Unknown significance","null","missense_variant","11/14","null","372","MODERATE","25.6","null","0.00088269","gnomad_AF_nfe_pass"","41.3817346195353","0.2589156482767427","94.67","0.1"
"20:60861757:A>G","NM_144498.3:c.1115A>G","NP_653081.1:p.Asn372Ser","Unknown significance","null","missense_variant","11/14","null","372","MODERATE","23.5","null","0.00088269","gnomad_AF_nfe_pass"","41.3817346195353","0.2589156482767427","94.67","0.3"
"20:60861757:A>T","NM_144498.3:c.1115A>T","NP_653081.1:p.Asn372Ile","Unknown significance","null","missense_variant","11/14","null","372","MODERATE","24.6","null","0.00289235","gnomad_AF_amr_pass"","41.3817346195353","0.2589156482767427","94.67","0.0"
"20:60861763:C>G","NM_144498.3:c.1121C>G","NP_653081.1:p.Ala374Gly","Unknown significance","null","missense_variant","11/14","null","374","MODERATE","23.0","null","0.000883377","gnomad_AF_nfe_pass"","92.5806014842684","0.7280712542952693","92.86","0.3"
"20:60864275:A>G","NM_144498.3:c.1138A>G","NP_653081.1:p.Thr380Ala","Unknown significance","null","missense_variant","12/14","null","380","MODERATE","25.3","null","0","null"","0.03354730973327068","2.1321865762193685E-4","97.39","1.0"
"20:60864287:G>A","NM_144498.3:c.1150G>A","NP_653081.1:p.Val384Met","Unknown significance","null","missense_variant","12/14","null","384","MODERATE","14.45","null","0.0144886","gnomad_AF_amr_pass"","0.0","0.0","96.73","0.3"
"20:60864288:T>C","NM_144498.3:c.1151T>C","NP_653081.1:p.Val384Ala","Unknown significance","null","missense_variant","12/14","null","384","MODERATE","24.2","null","0","null"","0.0","0.0","96.73","2.2"
"20:60864293:C>A","NM_144498.3:c.1156C>A","NP_653081.1:p.Leu386Ile","Unknown significance","null","missense_variant","12/14","null","386","MODERATE","25.1","null","0","null"","0.0","0.0","97.63","1.3"
"20:60864297:A>G","NM_144498.3:c.1160A>G","NP_653081.1:p.Asn387Ser","Unknown significance","null","missense_variant","12/14","null","387","MODERATE","24.7","null","0.00543892","gnomad_AF_eas_pass"","0.0","0.0","96.1","0.7"
"20:60864309:C>T","NM_144498.3:c.1172C>T","NP_653081.1:p.Thr391Ile","Likely benign","null","missense_variant","12/14","null","391","MODERATE","16.09","null","0.0108802","gnomad_AF_eas_pass"","155.6828943415864","0.9894831511121176","86.7","0.0"
"20:60864312:G>A","NM_144498.3:c.1175G>A","NP_653081.1:p.Gly392Asp","Unknown significance","null","missense_variant","12/14","null","392","MODERATE","18.87","null","0.000882177","gnomad_AF_nfe_pass"","25.21817708598939","0.26449066936991117","86.44","0.2"
"20:60864314:A>G","NM_144498.3:c.1177A>G","NP_653081.1:p.Met393Val","Unknown significance","null","missense_variant","12/14","null","393","MODERATE","24.4","null","0.000881959","gnomad_AF_nfe_pass"","0.0","0.0","91.17","0.3"
"20:60864315:T>C","NM_144498.3:c.1178T>C","NP_653081.1:p.Met393Thr","Unknown significance","null","missense_variant","12/14","null","393","MODERATE","22.4","null","0.000882099","gnomad_AF_nfe_pass"","0.0","0.0","91.17","1.1"
"20:60864324:C>A","NM_144498.3:c.1187C>A","NP_653081.1:p.Thr396Asn","Unknown significance","null","missense_variant","12/14","null","396","MODERATE","16.68","null","0","null"","45.01969398494348","0.28613438139572034","91.26","0.4"
"20:60864344:C>T","NM_144498.3:c.1207C>T","NP_653081.1:p.Arg403Cys","Unknown significance","null","missense_variant","12/14","null","403","MODERATE","32","null","0.00330207","gnomad_AF_sas_pass"","0.002930867008861831","1.0878206177979949E-5","97.64","2.1"
"20:60864345:G>A","NM_144498.3:c.1208G>A","NP_653081.1:p.Arg403His","Unknown significance","null","missense_variant","12/14","null","403","MODERATE","29.9","null","0","null"","0.002930867008861831","1.0878206177979949E-5","97.64","0.9"
"20:60864353:C>T","NM_144498.3:c.1216C>T","NP_653081.1:p.Pro406Ser","Unknown significance","null","missense_variant","12/14","null","406","MODERATE","26.7","null","0","null"","44.6154508418831","0.28363267414042564","97.94","1.0"
"20:60864354:C>T","NM_144498.3:c.1217C>T","NP_653081.1:p.Pro406Leu","Unknown significance","null","missense_variant","12/14","null","406","MODERATE","27.9","null","0.000887626","gnomad_AF_nfe_pass"","44.6154508418831","0.28363267414042564","97.94","0.0"
"20:60864362:C>T","NM_144498.3:c.1225C>T","NP_653081.1:p.Arg409Cys","Unknown significance","null","missense_variant","12/14","null","409","MODERATE","26.4","null","0","null"","45.02064784027143","0.16709863941007913","97.02","1.2"
"20:60864363:G>A","NM_144498.3:c.1226G>A","NP_653081.1:p.Arg409His","Unknown significance","null","missense_variant","12/14","null","409","MODERATE","27.9","null","0.0114811","gnomad_AF_afr_pass"","45.02064784027143","0.16709863941007913","97.02","0.5"
"20:60864365:G>A","NM_144498.3:c.1228G>A","NP_653081.1:p.Gly410Ser","Unknown significance","null","missense_variant","12/14","null","410","MODERATE","17.68","null","0.000892252","gnomad_AF_nfe_pass"","4.224393211741357","0.04430584274372203","97.13","0.6"
"20:60864365:G>T","NM_144498.3:c.1228G>T","NP_653081.1:p.Gly410Cys","Unknown significance","null","missense_variant","12/14","null","410","MODERATE","22.8","null","0","gnomad_AF_afr_pass,gnomad_AF_amr_pass,gnomad_AF_eas_pass,gnomad_AF_nfe_pass,gnomad_AF_sas_pass"","4.224393211741357","0.04430584274372203","97.13","0.9"
"20:60864373:G>T","NM_144498.3:c.1236G>T","NP_653081.1:p.Glu412Asp","Unknown significance","null","missense_variant","12/14","null","412","MODERATE","23.8","null","0.000894246","gnomad_AF_nfe_pass"","0.0","0.0","96.44","0.5"
"20:60864375:A>G","NM_144498.3:c.1238A>G","NP_653081.1:p.Asn413Ser","Unknown significance","null","missense_variant","12/14","null","413","MODERATE","22.7","null","0","null"","67.65357457016601","0.423292287747753","96.47","0.1"
"20:60864382:C>A","NM_144498.3:c.1245C>A","NP_653081.1:p.Asn415Lys","Unknown significance","null","missense_variant","12/14","null","415","MODERATE","23.5","null","0.0033269","gnomad_AF_sas_pass"","84.88543780661678","0.531107948011922","96.14","0.2"
"20:60864385:G>A","NM_144498.3:c.1248G>A","NP_653081.1:p.Met416Ile","Unknown significance","null","missense_variant&splice_region_variant","12/14","null","416","MODERATE","18.70","null","0.002925","gnomad_AF_amr_pass"","36.057829558871234","0.16652334556242712","91.97","0.2"
"20:60864385:G>T","NM_144498.3:c.1248G>T","NP_653081.1:p.Met416Ile","Unknown significance","null","missense_variant&splice_region_variant","12/14","null","416","MODERATE","17.06","null","0.00547825","gnomad_AF_eas_pass"","36.057829558871234","0.16652334556242712","91.97","0.2"
"20:60866761:C>G","NM_144498.3:c.1252C>G","NP_653081.1:p.Leu418Val","Likely benign","null","missense_variant&splice_region_variant","13/14","null","418","MODERATE","16.22","null","0.000881974","gnomad_AF_nfe_pass"","104.48892707707681","0.5418110482213508","97.08","0.1"
"20:60866767:A>G","NM_144498.3:c.1258A>G","NP_653081.1:p.Ser420Gly","Unknown significance","null","missense_variant","13/14","null","420","MODERATE","23.2","null","0.00088199","gnomad_AF_nfe_pass"","51.163520522953206","0.37099963252791157","92.95","0.6"
"20:60866780:A>C","NM_144498.3:c.1271A>C","NP_653081.1:p.Glu424Ala","Unknown significance","null","missense_variant","13/14","null","424","MODERATE","24.5","null","0.00564717","gnomad_AF_amr_pass"","131.75166390392883","0.6747125384686468","93.33","0.1"
"20:60866782:C>G","NM_144498.3:c.1273C>G","NP_653081.1:p.Arg425Gly","Unknown significance","null","missense_variant","13/14","null","425","MODERATE","29.0","null","0.000882005","gnomad_AF_nfe_pass"","113.53002782078845","0.4213780585376802","97.62","1.5"
"20:60866782:C>T","NM_144498.3:c.1273C>T","NP_653081.1:p.Arg425Trp","Unknown significance","null","missense_variant","13/14","null","425","MODERATE","28.0","null","0.00326627","gnomad_AF_sas_pass"","113.53002782078845","0.4213780585376802","97.62","0.0"
"20:60866783:G>A","NM_144498.3:c.1274G>A","NP_653081.1:p.Arg425Gln","Unknown significance","null","missense_variant","13/14","null","425","MODERATE","27.0","null","0.0108755","gnomad_AF_eas_pass"","113.53002782078845","0.4213780585376802","97.62","0.5"
"20:60866789:A>G","NM_144498.3:c.1280A>G","NP_653081.1:p.Glu427Gly","Unknown significance","null","missense_variant","13/14","null","427","MODERATE","32","null","0","null"","2.1376797673711896","0.010947257131627556","91.47","2.3"
"20:60866792:A>G","NM_144498.3:c.1283A>G","NP_653081.1:p.Glu428Gly","Unknown significance","null","missense_variant","13/14","null","428","MODERATE","32","null","0.117925","gnomad_AF_amr_pass"","69.53571922966444","0.35609889276161877","94.32","1.2"
"20:60866799:G>T","NM_144498.3:c.1290G>T","NP_653081.1:p.Gln430His","Unknown significance","null","missense_variant","13/14","null","430","MODERATE","24.6","null","0","null"","5.230722303769069","0.026450959985522597","93.8","0.4"
"20:60866803:G>A","NM_144498.3:c.1294G>A","NP_653081.1:p.Glu432Lys","Unknown significance","null","missense_variant","13/14","null","432","MODERATE","22.4","null","0","gnomad_AF_afr_pass,gnomad_AF_amr_pass,gnomad_AF_eas_pass,gnomad_AF_nfe_pass"","77.81761116456411","0.39851123250097703","95.34","0.7"
"20:60866804:A>C","NM_144498.3:c.1295A>C","NP_653081.1:p.Glu432Ala","Unknown significance","null","missense_variant","13/14","null","432","MODERATE","20.3","null","0.0401703","gnomad_AF_afr_pass"","77.81761116456411","0.39851123250097703","95.34","0.4"
"20:60866809:C>G","NM_144498.3:c.1300C>G","NP_653081.1:p.Arg434Gly","Unknown significance","null","missense_variant","13/14","null","434","MODERATE","28.9","null","0","null"","104.94112847395317","0.3894994991713599","91.83","1.1"
"20:60866809:C>T","NM_144498.3:c.1300C>T","NP_653081.1:p.Arg434Trp","Unknown significance","null","missense_variant","13/14","null","434","MODERATE","28.7","null","0.0123609","gnomad_AF_afr_pass"","104.94112847395317","0.3894994991713599","91.83","0.1"
"20:60866810:G>A","NM_144498.3:c.1301G>A","NP_653081.1:p.Arg434Gln","Unknown significance","null","missense_variant","13/14","null","434","MODERATE","29.6","null","0.00653253","gnomad_AF_sas_pass"","104.94112847395317","0.3894994991713599","91.83","0.3"
"20:60866810:G>T","NM_144498.3:c.1301G>T","NP_653081.1:p.Arg434Leu","Unknown significance","null","missense_variant","13/14","null","434","MODERATE","29.0","null","0","null"","104.94112847395317","0.3894994991713599","91.83","0.3"
"20:60866815:G>C","NM_144498.3:c.1306G>C","NP_653081.1:p.Glu436Gln","Unknown significance","null","missense_variant","13/14","null","436","MODERATE","23.1","null","0.00326627","gnomad_AF_sas_pass"","81.12326489067162","0.4154397930272918","93.93","0.2"
"20:60866818:C>T","NM_144498.3:c.1309C>T","NP_653081.1:p.Arg437Trp","Unknown significance","null","missense_variant","13/14","null","437","MODERATE","29.9","null","0.000882628","gnomad_AF_nfe_pass"","36.277047798856515","0.1346458929358397","93.38","0.1"
"20:60866819:G>A","NM_144498.3:c.1310G>A","NP_653081.1:p.Arg437Gln","Unknown significance","null","missense_variant","13/14","null","437","MODERATE","28.9","null","0.00326627","gnomad_AF_sas_pass"","36.277047798856515","0.1346458929358397","93.38","0.7"
"20:60866827:G>A","NM_144498.3:c.1318G>A","NP_653081.1:p.Glu440Lys","Likely benign","null","missense_variant","13/14","null","440","MODERATE","18.80","null","0.00326627","gnomad_AF_sas_pass"","126.15261207051796","0.6460392726927181","92.69","0.0"
"20:60866831:A>C","NM_144498.3:c.1322A>C","NP_653081.1:p.Glu441Ala","Likely benign","null","missense_variant","13/14","null","441","MODERATE","18.94","null","0","gnomad_AF_afr_pass,gnomad_AF_amr_pass,gnomad_AF_eas_pass,gnomad_AF_nfe_pass,gnomad_AF_sas_pass"","179.50022898084842","0.9192373861758878","90.43","0.0"
"20:60866833:G>A","NM_144498.3:c.1324G>A","NP_653081.1:p.Ala442Thr","Likely benign","null","missense_variant","13/14","null","442","MODERATE","10.66","null","0.0195976","gnomad_AF_sas_pass"","48.33246014606149","0.3800955526055706","89.71","0.3"
"20:60866834:C>T","NM_144498.3:c.1325C>T","NP_653081.1:p.Ala442Val","Unknown significance","null","missense_variant","13/14","null","442","MODERATE","17.47","null","0.000883486","gnomad_AF_nfe_pass"","48.33246014606149","0.3800955526055706","89.71","0.5"
"20:60866842:C>G","NM_144498.3:c.1333C>G","NP_653081.1:p.Gln445Glu","Likely benign","null","missense_variant","13/14","null","445","MODERATE","14.07","null","0","null"","140.16811454550736","0.7088086451115584","89.27","0.1"
"20:60866843:A>G","NM_144498.3:c.1334A>G","NP_653081.1:p.Gln445Arg","Likely benign","null","missense_variant","13/14","null","445","MODERATE","14.71","null","0.0038942","gnomad_AF_nfe_pass"","140.16811454550736","0.7088086451115584","89.27","0.1"
"20:60868852:C>G","NM_144498.3:c.1352C>G","NP_653081.1:p.Pro451Arg","Likely benign","null","missense_variant","14/14","null","451","MODERATE","16.82","null","0.0116016","gnomad_AF_amr_pass"","90.27427180987618","0.5738983387225616","97.01","0.6"
"20:60868866:T>C","NM_144498.3:c.1366T>C","NP_653081.1:p.Tyr456His","Likely benign","null","missense_variant","14/14","null","456","MODERATE","16.13","null","0.0114705","gnomad_AF_afr_pass"","85.67979136338091","0.3571304951812313","98.21","0.6"
"20:60868876:C>A","NM_144498.3:c.1376C>A","NP_653081.1:p.Thr459Asn","Unknown significance","null","missense_variant","14/14","null","459","MODERATE","18.25","null","0.0200501","gnomad_AF_eas_pass"","70.62382108421097","0.44886807459178046","95.73","0.1"
"20:60868876:C>T","NM_144498.3:c.1376C>T","NP_653081.1:p.Thr459Ile","Unknown significance","null","missense_variant","14/14","null","459","MODERATE","20.1","null","0","null"","70.62382108421097","0.44886807459178046","95.73","0.1"
"20:60868879:C>T","NM_144498.3:c.1379C>T","NP_653081.1:p.Pro460Leu","Unknown significance","null","missense_variant","14/14","null","460","MODERATE","16.74","null","0.000879925","gnomad_AF_nfe_pass"","124.10128915232919","0.7889459781835448","96.36","0.2"
"20:60868881:G>T","NM_144498.3:c.1381G>T","NP_653081.1:p.Asp461Tyr","Unknown significance","null","missense_variant","14/14","null","461","MODERATE","25.8","null","0.000880034","gnomad_AF_nfe_pass"","1.0231407140417907","0.006395435287607431","97.38","2.2"
"20:60868883:C>G","NM_144498.3:c.1383C>G","NP_653081.1:p.Asp461Glu","Unknown significance","null","missense_variant","14/14","null","461","MODERATE","22.6","null","0.00175988","gnomad_AF_nfe_pass"","1.0231407140417907","0.006395435287607431","97.38","0.2"
"20:60868908:G>A","NM_144498.3:c.1408G>A","NP_653081.1:p.Glu470Lys","Unknown significance","null","missense_variant","14/14","null","470","MODERATE","22.9","null","0.001761","gnomad_AF_nfe_pass"","114.1888336008243","0.5847716491820989","94.77","0.3"
"20:60868911:C>T","NM_144498.3:c.1411C>T","NP_653081.1:p.Arg471Trp","Unknown significance","null","missense_variant","14/14","null","471","MODERATE","25.7","null","0.00326712","gnomad_AF_sas_pass"","73.196775378036","0.27167715618552624","94.37","0.1"
"20:60868912:G>A","NM_144498.3:c.1412G>A","NP_653081.1:p.Arg471Gln","Unknown significance","null","missense_variant","14/14","null","471","MODERATE","27.7","null","0.00578972","gnomad_AF_amr_pass"","73.196775378036","0.27167715618552624","94.37","0.5"
"20:60868923:G>A","NM_144498.3:c.1423G>A","NP_653081.1:p.Asp475Asn","Unknown significance","null","missense_variant","14/14","null","475","MODERATE","16.36","null","0.00326797","gnomad_AF_sas_pass"","85.28612032115385","0.5331054232905461","88.63","0.2"
"20:60868933:A>G","NM_144498.3:c.1433A>G","NP_653081.1:p.Asp478Gly","Unknown significance","null","missense_variant","14/14","null","478","MODERATE","27.2","null","0.000882831","gnomad_AF_nfe_pass"","113.19720937124116","0.7075717126060456","94.73","0.3"
"20:60868935:A>G","NM_144498.3:c.1435A>G","NP_653081.1:p.Ile479Val","Unknown significance","null","missense_variant","14/14","null","479","MODERATE","22.9","null","0.00617208","gnomad_AF_afr_pass"","2.6089788193876142","0.013300345859656988","95.35","1.3"
"20:60868936:T>C","NM_144498.3:c.1436T>C","NP_653081.1:p.Ile479Thr","Unknown significance","null","missense_variant","14/14","null","479","MODERATE","25.6","null","0.00177013","gnomad_AF_nfe_pass"","2.6089788193876142","0.013300345859656988","95.35","3.0"