{"applied_filters": "CONTAINS missense_variant[Consequence]"},,"Surface Area","Normalized SA","Confidence Score","|ddG|""Genomic Description (GRCh37)","HGVS Nucleotide Change","HGVS Protein Change","Variant Classification","Phenotype","Consequence","Exon","Intron","Protein Position","Impact","CADD Phred","Interpro Domain","Max MAF (%)","Max MAF Source","Surface Area","Normalized SA","Confidence Score","|ddG|"
"13:28196126:A>T","NM_015972.4:c.6A>T","NP_057056.1:p.Glu2Asp","Likely benign","null","missense_variant","1/2","null","2","MODERATE","17.51","null","0","null"","144.05122505066853","0.7376997363337026","69.91","0.1"
"13:28196127:G>A","NM_015972.4:c.7G>A","NP_057056.1:p.Glu3Lys","Unknown significance","null","missense_variant","1/2","null","3","MODERATE","23.1","null","0","null"","168.67548172304186","0.8638028475584336","67.13","0.1"
"13:28196131:A>G","NM_015972.4:c.11A>G","NP_057056.1:p.Asp4Gly","Unknown significance","null","missense_variant","1/2","null","4","MODERATE","23.3","null","0.00621968","gnomad_AF_eas_pass"","85.58038943139559","0.5349448369956838","67.84","0.9"
"13:28196136:G>A","NM_015972.4:c.16G>A","NP_057056.1:p.Glu6Lys","Unknown significance","null","missense_variant","1/2","null","6","MODERATE","24.1","null","0","null"","76.07614597234375","0.38959302710089516","60.68","0.6"
"13:28197019:T>C","NM_015972.4:c.34T>C","NP_057056.1:p.Ser12Pro","Likely benign","null","missense_variant","2/2","null","12","MODERATE","17.18","null","0.00401606","gnomad_AF_afr_pass"","74.26067920826944","0.538482974117881","51.39","0.3"
"13:28197032:C>G","NM_015972.4:c.47C>G","NP_057056.1:p.Thr16Ser","Unknown significance","null","missense_variant","2/2","null","16","MODERATE","19.58","null","0","gnomad_AF_afr_pass,gnomad_AF_sas_pass,gnomad_AF_amr_pass,gnomad_AF_eas_pass,gnomad_AF_nfe_pass"","71.37226692838442","0.4536250169357775","43.89","0.4"
"13:28197037:A>G","NM_015972.4:c.52A>G","NP_057056.1:p.Met18Val","Unknown significance","null","missense_variant","2/2","null","18","MODERATE","14.43","null","0.00326648","gnomad_AF_sas_pass"","150.46245395587525","0.6948701993656365","44.76","0.2"
"13:28197038:T>C","NM_015972.4:c.53T>C","NP_057056.1:p.Met18Thr","Unknown significance","null","missense_variant","2/2","null","18","MODERATE","19.55","null","0.000879662","gnomad_AF_nfe_pass"","150.46245395587525","0.6948701993656365","44.76","0.5"
"13:28197039:G>C","NM_015972.4:c.54G>C","NP_057056.1:p.Met18Ile","Unknown significance","null","missense_variant","2/2","null","18","MODERATE","21.4","null","0.00615536","gnomad_AF_afr_pass"","150.46245395587525","0.6948701993656365","44.76","0.2"
"13:28197041:C>T","NM_015972.4:c.56C>T","NP_057056.1:p.Ala19Val","Unknown significance","null","missense_variant","2/2","null","19","MODERATE","22.8","null","0","null"","97.36934105083736","0.7657308024816968","43.83","0.0"
"13:28197046:G>A","NM_015972.4:c.61G>A","NP_057056.1:p.Gly21Ser","Unknown significance","null","missense_variant","2/2","null","21","MODERATE","21.2","null","0.0130651","gnomad_AF_sas_pass"","34.758079207013296","0.36454608134950606","40.72","0.4"
"13:28197049:G>A","NM_015972.4:c.64G>A","NP_057056.1:p.Glu22Lys","Unknown significance","null","missense_variant","2/2","null","22","MODERATE","22.5","null","0.0173541","gnomad_AF_amr_pass"","164.29380111320717","0.8413638531698986","49.68","0.1"
"13:28197052:A>G","NM_015972.4:c.67A>G","NP_057056.1:p.Arg23Gly","Unknown significance","null","missense_variant","2/2","null","23","MODERATE","22.5","null","0.00543656","gnomad_AF_eas_pass"","232.05009940072077","0.8612771638116943","52.02","0.3"
"13:28197059:C>T","NM_015972.4:c.74C>T","NP_057056.1:p.Thr25Ile","Unknown significance","null","missense_variant","2/2","null","25","MODERATE","22.5","null","0.00543656","gnomad_AF_eas_pass"","97.33753194355201","0.6186540161416735","76.18","0.3"
"13:28197061:G>C","NM_015972.4:c.76G>C","NP_057056.1:p.Ala26Pro","Unknown significance","null","missense_variant","2/2","null","26","MODERATE","22.7","null","0.000879353","gnomad_AF_nfe_pass"","62.19179103378387","0.4890879361215907","82.72","0.2"
"13:28197079:G>A","NM_015972.4:c.94G>A","NP_057056.1:p.Ala32Thr","Unknown significance","null","missense_variant","2/2","null","32","MODERATE","22.6","null","0.000879214","gnomad_AF_nfe_pass"","36.224897216675345","0.2848794016286839","73.72","0.1"
"13:28197082:G>C","NM_015972.4:c.97G>C","NP_057056.1:p.Ala33Pro","Unknown significance","null","missense_variant","2/2","null","33","MODERATE","22.7","null","0.00326627","gnomad_AF_sas_pass"","128.44184836014963","1.0100908412813376","68.53","0.0"
"13:28197083:C>T","NM_015972.4:c.98C>T","NP_057056.1:p.Ala33Val","Unknown significance","null","missense_variant","2/2","null","33","MODERATE","21.5","null","0.000879075","gnomad_AF_nfe_pass"","128.44184836014963","1.0100908412813376","68.53","0.0"
"13:28197089:C>G","NM_015972.4:c.104C>G","NP_057056.1:p.Thr35Arg","Unknown significance","null","missense_variant","2/2","null","35","MODERATE","22.4","null","0.034459","gnomad_AF_afr_pass"","57.14786113083296","0.3632181040197257","67.65","0.6"
"13:28197091:G>A","NM_015972.4:c.106G>A","NP_057056.1:p.Asp36Asn","Unknown significance","null","missense_variant","2/2","null","36","MODERATE","24.2","null","0.00289084","gnomad_AF_amr_pass"","100.73138096111317","0.6296504669657951","76.78","0.0"
"13:28197098:A>G","NM_015972.4:c.113A>G","NP_057056.1:p.His38Arg","Unknown significance","null","missense_variant","2/2","null","38","MODERATE","17.81","null","0.00326627","gnomad_AF_sas_pass"","63.07279312020528","0.307069526382201","87.54","0.1"
"13:28197104:T>C","NM_015972.4:c.119T>C","NP_057056.1:p.Val40Ala","Unknown significance","null","missense_variant","2/2","null","40","MODERATE","22.5","DNA-directed_RNA_polymerase&_RBP11-like_dimerisation_domain&DNA-directed_RNA_polymerase&_RBP11-like_dimerisation_domain&DNA-directed_RNA_polymerase&_RBP11-like_dimerisation_domain","0.000879013","gnomad_AF_nfe_pass"","0.09751736335835906","5.67317274529698E-4","92.38","1.6"
"13:28197119:A>G","NM_015972.4:c.134A>G","NP_057056.1:p.His45Arg","Unknown significance","null","missense_variant","2/2","null","45","MODERATE","21.9","DNA-directed_RNA_polymerase&_RBP11-like_dimerisation_domain&DNA-directed_RNA_polymerase_Rpb11&_13-16kDa_subunit&_conserved_site&DNA-directed_RNA_polymerase&_RBP11-like_dimerisation_domain&DNA-directed_RNA_polymerase_Rpb11&_13-16kDa_subunit&_conserved_site&DNA-directed_RNA_polymerase&_RBP11-like_dimerisation_domain&DNA-directed_RNA_polymerase_Rpb11&_13-16kDa_subunit&_conserved_site","0.00289084","gnomad_AF_amr_pass"","23.768871175071293","0.11571861104135188","92.68","0.4"
"13:28197121:G>A","NM_015972.4:c.136G>A","NP_057056.1:p.Glu46Lys","Unknown significance","null","missense_variant","2/2","null","46","MODERATE","22.5","DNA-directed_RNA_polymerase&_RBP11-like_dimerisation_domain&DNA-directed_RNA_polymerase_Rpb11&_13-16kDa_subunit&_conserved_site&DNA-directed_RNA_polymerase&_RBP11-like_dimerisation_domain&DNA-directed_RNA_polymerase_Rpb11&_13-16kDa_subunit&_conserved_site&DNA-directed_RNA_polymerase&_RBP11-like_dimerisation_domain&DNA-directed_RNA_polymerase_Rpb11&_13-16kDa_subunit&_conserved_site","0.00326627","gnomad_AF_sas_pass"","145.92547744317434","0.7472979573504833","91.76","0.2"
"13:28197124:G>A","NM_015972.4:c.139G>A","NP_057056.1:p.Glu47Lys","Pathogenic","Treacher Collins syndrome","missense_variant","2/2","null","47","MODERATE","26.6","DNA-directed_RNA_polymerase&_RBP11-like_dimerisation_domain&DNA-directed_RNA_polymerase_Rpb11&_13-16kDa_subunit&_conserved_site&DNA-directed_RNA_polymerase&_RBP11-like_dimerisation_domain&DNA-directed_RNA_polymerase_Rpb11&_13-16kDa_subunit&_conserved_site&DNA-directed_RNA_polymerase&_RBP11-like_dimerisation_domain&DNA-directed_RNA_polymerase_Rpb11&_13-16kDa_subunit&_conserved_site","0.000878997","gnomad_AF_nfe_pass"","54.518346596966765","0.27919352921702306","92.24","0.4"
"13:28197127:G>T","NM_015972.4:c.142G>T","NP_057056.1:p.Asp48Tyr","Unknown significance","null","missense_variant","2/2","null","48","MODERATE","26.2","DNA-directed_RNA_polymerase&_RBP11-like_dimerisation_domain&DNA-directed_RNA_polymerase_Rpb11&_13-16kDa_subunit&_conserved_site&DNA-directed_RNA_polymerase&_RBP11-like_dimerisation_domain&DNA-directed_RNA_polymerase_Rpb11&_13-16kDa_subunit&_conserved_site&DNA-directed_RNA_polymerase&_RBP11-like_dimerisation_domain&DNA-directed_RNA_polymerase_Rpb11&_13-16kDa_subunit&_conserved_site","0.000879044","gnomad_AF_nfe_pass"","66.80465364712087","0.41758170058877964","92.39","0.0"
"13:28197134:C>T","NM_015972.4:c.149C>T","NP_057056.1:p.Thr50Ile","Pathogenic","Treacher Collins syndrome","missense_variant","2/2","null","50","MODERATE","26.6","DNA-directed_RNA_polymerase&_RBP11-like_dimerisation_domain&DNA-directed_RNA_polymerase_Rpb11&_13-16kDa_subunit&_conserved_site&DNA-directed_RNA_polymerase&_RBP11-like_dimerisation_domain&DNA-directed_RNA_polymerase_Rpb11&_13-16kDa_subunit&_conserved_site&DNA-directed_RNA_polymerase&_RBP11-like_dimerisation_domain&DNA-directed_RNA_polymerase_Rpb11&_13-16kDa_subunit&_conserved_site","0","null"","101.33951849005139","0.6440896831459754","92.87","0.2"
"13:28197137:T>G","NM_015972.4:c.152T>G","NP_057056.1:p.Leu51Arg","Pathogenic","Treacher Collins syndrome","missense_variant","2/2","null","51","MODERATE","25.9","DNA-directed_RNA_polymerase&_RBP11-like_dimerisation_domain&DNA-directed_RNA_polymerase_Rpb11&_13-16kDa_subunit&_conserved_site&DNA-directed_RNA_polymerase&_RBP11-like_dimerisation_domain&DNA-directed_RNA_polymerase_Rpb11&_13-16kDa_subunit&_conserved_site&DNA-directed_RNA_polymerase&_RBP11-like_dimerisation_domain&DNA-directed_RNA_polymerase_Rpb11&_13-16kDa_subunit&_conserved_site","0","null"","33.1429869217325","0.1718577938120099","93.47","2.2"
"13:28197140:G>A","NM_015972.4:c.155G>A","NP_057056.1:p.Gly52Glu","Pathogenic","Treacher Collins syndrome","missense_variant","2/2","null","52","MODERATE","27.7","DNA-directed_RNA_polymerase&_RBP11-like_dimerisation_domain&DNA-directed_RNA_polymerase_Rpb11&_13-16kDa_subunit&_conserved_site&DNA-directed_RNA_polymerase&_RBP11-like_dimerisation_domain&DNA-directed_RNA_polymerase_Rpb11&_13-16kDa_subunit&_conserved_site&DNA-directed_RNA_polymerase&_RBP11-like_dimerisation_domain&DNA-directed_RNA_polymerase_Rpb11&_13-16kDa_subunit&_conserved_site","0","null"","0.0","0.0","94.37","0.9"
"13:28197145:T>G","NM_015972.4:c.160T>G","NP_057056.1:p.Ser54Ala","Unknown significance","null","missense_variant","2/2","null","54","MODERATE","17.06","DNA-directed_RNA_polymerase&_RBP11-like_dimerisation_domain&DNA-directed_RNA_polymerase_Rpb11&_13-16kDa_subunit&_conserved_site&DNA-directed_RNA_polymerase&_RBP11-like_dimerisation_domain&DNA-directed_RNA_polymerase_Rpb11&_13-16kDa_subunit&_conserved_site&DNA-directed_RNA_polymerase&_RBP11-like_dimerisation_domain&DNA-directed_RNA_polymerase_Rpb11&_13-16kDa_subunit&_conserved_site","0.00615157","gnomad_AF_afr_pass"","28.76912957525466","0.2086122376152562","95.93","0.6"
"13:28197146:C>G","NM_015972.4:c.161C>G","NP_057056.1:p.Ser54Cys","Unknown significance","null","missense_variant","2/2","null","54","MODERATE","23.3","DNA-directed_RNA_polymerase&_RBP11-like_dimerisation_domain&DNA-directed_RNA_polymerase_Rpb11&_13-16kDa_subunit&_conserved_site&DNA-directed_RNA_polymerase&_RBP11-like_dimerisation_domain&DNA-directed_RNA_polymerase_Rpb11&_13-16kDa_subunit&_conserved_site&DNA-directed_RNA_polymerase&_RBP11-like_dimerisation_domain&DNA-directed_RNA_polymerase_Rpb11&_13-16kDa_subunit&_conserved_site","0","gnomad_AF_afr_pass,gnomad_AF_sas_pass,gnomad_AF_amr_pass,gnomad_AF_eas_pass,gnomad_AF_nfe_pass"","28.76912957525466","0.2086122376152562","95.93","0.6"
"13:28197148:C>G","NM_015972.4:c.163C>G","NP_057056.1:p.Leu55Val","Pathogenic","Treacher Collins syndrome","missense_variant","2/2","null","55","MODERATE","25.6","DNA-directed_RNA_polymerase&_RBP11-like_dimerisation_domain&DNA-directed_RNA_polymerase_Rpb11&_13-16kDa_subunit&_conserved_site&DNA-directed_RNA_polymerase&_RBP11-like_dimerisation_domain&DNA-directed_RNA_polymerase_Rpb11&_13-16kDa_subunit&_conserved_site&DNA-directed_RNA_polymerase&_RBP11-like_dimerisation_domain&DNA-directed_RNA_polymerase_Rpb11&_13-16kDa_subunit&_conserved_site","0","null"","0.0","0.0","95.42","1.5"
"13:28197151:C>T","NM_015972.4:c.166C>T","NP_057056.1:p.Arg56Cys","Pathogenic","Treacher Collins syndrome","missense_variant","2/2","null","56","MODERATE","28.3","DNA-directed_RNA_polymerase&_RBP11-like_dimerisation_domain&DNA-directed_RNA_polymerase_Rpb11&_13-16kDa_subunit&_conserved_site&DNA-directed_RNA_polymerase&_RBP11-like_dimerisation_domain&DNA-directed_RNA_polymerase_Rpb11&_13-16kDa_subunit&_conserved_site&DNA-directed_RNA_polymerase&_RBP11-like_dimerisation_domain&DNA-directed_RNA_polymerase_Rpb11&_13-16kDa_subunit&_conserved_site","0","null"","82.617047577547","0.30664143908513436","95.74","0.5"
"13:28197157:A>C","NM_015972.4:c.172A>C","NP_057056.1:p.Met58Leu","Unknown significance","null","missense_variant","2/2","null","58","MODERATE","22.8","DNA-directed_RNA_polymerase&_RBP11-like_dimerisation_domain&DNA-directed_RNA_polymerase_Rpb11&_13-16kDa_subunit&_conserved_site&DNA-directed_RNA_polymerase&_RBP11-like_dimerisation_domain&DNA-directed_RNA_polymerase_Rpb11&_13-16kDa_subunit&_conserved_site&DNA-directed_RNA_polymerase&_RBP11-like_dimerisation_domain&DNA-directed_RNA_polymerase_Rpb11&_13-16kDa_subunit&_conserved_site","0.0246063","gnomad_AF_afr_pass"","7.078852474030866","0.032691767949978225","95.49","0.3"
"13:28197159:G>C","NM_015972.4:c.174G>C","NP_057056.1:p.Met58Ile","Likely benign","null","missense_variant","2/2","null","58","MODERATE","20.1","DNA-directed_RNA_polymerase&_RBP11-like_dimerisation_domain&DNA-directed_RNA_polymerase_Rpb11&_13-16kDa_subunit&_conserved_site&DNA-directed_RNA_polymerase&_RBP11-like_dimerisation_domain&DNA-directed_RNA_polymerase_Rpb11&_13-16kDa_subunit&_conserved_site&DNA-directed_RNA_polymerase&_RBP11-like_dimerisation_domain&DNA-directed_RNA_polymerase_Rpb11&_13-16kDa_subunit&_conserved_site","0.00648508","gnomad_AF_nfe_pass"","7.078852474030866","0.032691767949978225","95.49","0.5"
"13:28197163:A>G","NM_015972.4:c.178A>G","NP_057056.1:p.Met60Val","Unknown significance","null","missense_variant","2/2","null","60","MODERATE","23.3","DNA-directed_RNA_polymerase&_RBP11-like_dimerisation_domain&DNA-directed_RNA_polymerase_Rpb11&_13-16kDa_subunit&_conserved_site&DNA-directed_RNA_polymerase&_RBP11-like_dimerisation_domain&DNA-directed_RNA_polymerase_Rpb11&_13-16kDa_subunit&_conserved_site&DNA-directed_RNA_polymerase&_RBP11-like_dimerisation_domain&DNA-directed_RNA_polymerase_Rpb11&_13-16kDa_subunit&_conserved_site","0.00648593","gnomad_AF_nfe_pass"","76.80615046756901","0.35470845838761994","95.38","0.2"
"13:28197165:G>A","NM_015972.4:c.180G>A","NP_057056.1:p.Met60Ile","Unknown significance","null","missense_variant","2/2","null","60","MODERATE","24.3","DNA-directed_RNA_polymerase&_RBP11-like_dimerisation_domain&DNA-directed_RNA_polymerase_Rpb11&_13-16kDa_subunit&_conserved_site&DNA-directed_RNA_polymerase&_RBP11-like_dimerisation_domain&DNA-directed_RNA_polymerase_Rpb11&_13-16kDa_subunit&_conserved_site&DNA-directed_RNA_polymerase&_RBP11-like_dimerisation_domain&DNA-directed_RNA_polymerase_Rpb11&_13-16kDa_subunit&_conserved_site","0.000879044","gnomad_AF_nfe_pass"","76.80615046756901","0.35470845838761994","95.38","0.0"
"13:28197166:A>C","NM_015972.4:c.181A>C","NP_057056.1:p.Lys61Gln","Unknown significance","null","missense_variant","2/2","null","61","MODERATE","26.8","DNA-directed_RNA_polymerase&_RBP11-like_dimerisation_domain&DNA-directed_RNA_polymerase_Rpb11&_13-16kDa_subunit&_conserved_site&DNA-directed_RNA_polymerase&_RBP11-like_dimerisation_domain&DNA-directed_RNA_polymerase_Rpb11&_13-16kDa_subunit&_conserved_site&DNA-directed_RNA_polymerase&_RBP11-like_dimerisation_domain&DNA-directed_RNA_polymerase_Rpb11&_13-16kDa_subunit&_conserved_site","0.00326627","gnomad_AF_sas_pass"","125.09225133315303","0.5284514881399777","93.8","0.2"
"13:28197167:A>G","NM_015972.4:c.182A>G","NP_057056.1:p.Lys61Arg","Unknown significance","null","missense_variant","2/2","null","61","MODERATE","26.8","DNA-directed_RNA_polymerase&_RBP11-like_dimerisation_domain&DNA-directed_RNA_polymerase_Rpb11&_13-16kDa_subunit&_conserved_site&DNA-directed_RNA_polymerase&_RBP11-like_dimerisation_domain&DNA-directed_RNA_polymerase_Rpb11&_13-16kDa_subunit&_conserved_site&DNA-directed_RNA_polymerase&_RBP11-like_dimerisation_domain&DNA-directed_RNA_polymerase_Rpb11&_13-16kDa_subunit&_conserved_site","0","gnomad_AF_afr_pass,gnomad_AF_sas_pass,gnomad_AF_amr_pass,gnomad_AF_eas_pass,gnomad_AF_nfe_pass"","125.09225133315303","0.5284514881399777","93.8","0.4"
"13:28197171:C>A","NM_015972.4:c.186C>A","NP_057056.1:p.Asn62Lys","Unknown significance","null","missense_variant","2/2","null","62","MODERATE","23.6","DNA-directed_RNA_polymerase&_RBP11-like_dimerisation_domain&DNA-directed_RNA_polymerase_Rpb11&_13-16kDa_subunit&_conserved_site&DNA-directed_RNA_polymerase&_RBP11-like_dimerisation_domain&DNA-directed_RNA_polymerase_Rpb11&_13-16kDa_subunit&_conserved_site&DNA-directed_RNA_polymerase&_RBP11-like_dimerisation_domain&DNA-directed_RNA_polymerase_Rpb11&_13-16kDa_subunit&_conserved_site","0.0280404","gnomad_AF_afr_pass"","1.0398302369885444","0.006505969901526358","90.58","0.9"
"13:28197173:C>G","NM_015972.4:c.188C>G","NP_057056.1:p.Pro63Arg","Unknown significance","null","missense_variant","2/2","null","63","MODERATE","25.1","DNA-directed_RNA_polymerase&_RBP11-like_dimerisation_domain&DNA-directed_RNA_polymerase_Rpb11&_13-16kDa_subunit&_conserved_site&DNA-directed_RNA_polymerase&_RBP11-like_dimerisation_domain&DNA-directed_RNA_polymerase_Rpb11&_13-16kDa_subunit&_conserved_site&DNA-directed_RNA_polymerase&_RBP11-like_dimerisation_domain&DNA-directed_RNA_polymerase_Rpb11&_13-16kDa_subunit&_conserved_site","0.00289084","gnomad_AF_amr_pass"","100.77093648681628","0.640628518866365","91.33","0.1"
"13:28197173:C>T","NM_015972.4:c.188C>T","NP_057056.1:p.Pro63Leu","Unknown significance","null","missense_variant","2/2","null","63","MODERATE","23.6","DNA-directed_RNA_polymerase&_RBP11-like_dimerisation_domain&DNA-directed_RNA_polymerase_Rpb11&_13-16kDa_subunit&_conserved_site&DNA-directed_RNA_polymerase&_RBP11-like_dimerisation_domain&DNA-directed_RNA_polymerase_Rpb11&_13-16kDa_subunit&_conserved_site&DNA-directed_RNA_polymerase&_RBP11-like_dimerisation_domain&DNA-directed_RNA_polymerase_Rpb11&_13-16kDa_subunit&_conserved_site","0.00615157","gnomad_AF_afr_pass"","100.77093648681628","0.640628518866365","91.33","0.3"
"13:28197175:G>C","NM_015972.4:c.190G>C","NP_057056.1:p.Glu64Gln","Unknown significance","null","missense_variant","2/2","null","64","MODERATE","22.7","DNA-directed_RNA_polymerase&_RBP11-like_dimerisation_domain&DNA-directed_RNA_polymerase_Rpb11&_13-16kDa_subunit&_conserved_site&DNA-directed_RNA_polymerase&_RBP11-like_dimerisation_domain&DNA-directed_RNA_polymerase_Rpb11&_13-16kDa_subunit&_conserved_site&DNA-directed_RNA_polymerase&_RBP11-like_dimerisation_domain&DNA-directed_RNA_polymerase_Rpb11&_13-16kDa_subunit&_conserved_site","0.00543656","gnomad_AF_eas_pass"","29.343450258400754","0.15027054099074383","90.98","0.5"
"13:28197176:A>C","NM_015972.4:c.191A>C","NP_057056.1:p.Glu64Ala","Unknown significance","null","missense_variant","2/2","null","64","MODERATE","26.5","DNA-directed_RNA_polymerase&_RBP11-like_dimerisation_domain&DNA-directed_RNA_polymerase_Rpb11&_13-16kDa_subunit&_conserved_site&DNA-directed_RNA_polymerase&_RBP11-like_dimerisation_domain&DNA-directed_RNA_polymerase_Rpb11&_13-16kDa_subunit&_conserved_site&DNA-directed_RNA_polymerase&_RBP11-like_dimerisation_domain&DNA-directed_RNA_polymerase_Rpb11&_13-16kDa_subunit&_conserved_site","0.00615157","gnomad_AF_afr_pass"","29.343450258400754","0.15027054099074383","90.98","0.0"
"13:28197178:G>A","NM_015972.4:c.193G>A","NP_057056.1:p.Val65Met","Unknown significance","null","missense_variant","2/2","null","65","MODERATE","26.0","DNA-directed_RNA_polymerase&_RBP11-like_dimerisation_domain&DNA-directed_RNA_polymerase_Rpb11&_13-16kDa_subunit&_conserved_site&DNA-directed_RNA_polymerase&_RBP11-like_dimerisation_domain&DNA-directed_RNA_polymerase_Rpb11&_13-16kDa_subunit&_conserved_site&DNA-directed_RNA_polymerase&_RBP11-like_dimerisation_domain&DNA-directed_RNA_polymerase_Rpb11&_13-16kDa_subunit&_conserved_site","0.0130651","gnomad_AF_sas_pass"","0.5914185843073768","0.0034406383417329442","93.77","1.7"
"13:28197189:T>G","NM_015972.4:c.204T>G","NP_057056.1:p.Cys68Trp","Pathogenic","Treacher Collins syndrome","missense_variant","2/2","null","68","MODERATE","32","DNA-directed_RNA_polymerase&_RBP11-like_dimerisation_domain&DNA-directed_RNA_polymerase_Rpb11&_13-16kDa_subunit&_conserved_site&DNA-directed_RNA_polymerase&_RBP11-like_dimerisation_domain&DNA-directed_RNA_polymerase_Rpb11&_13-16kDa_subunit&_conserved_site&DNA-directed_RNA_polymerase&_RBP11-like_dimerisation_domain&DNA-directed_RNA_polymerase_Rpb11&_13-16kDa_subunit&_conserved_site","0","null"","0.0","0.0","95.27","0.1"
"13:28197191:G>C","NM_015972.4:c.206G>C","NP_057056.1:p.Gly69Ala","Unknown significance","null","missense_variant","2/2","null","69","MODERATE","26.8","DNA-directed_RNA_polymerase&_RBP11-like_dimerisation_domain&DNA-directed_RNA_polymerase_Rpb11&_13-16kDa_subunit&_conserved_site&DNA-directed_RNA_polymerase&_RBP11-like_dimerisation_domain&DNA-directed_RNA_polymerase_Rpb11&_13-16kDa_subunit&_conserved_site&DNA-directed_RNA_polymerase&_RBP11-like_dimerisation_domain&DNA-directed_RNA_polymerase_Rpb11&_13-16kDa_subunit&_conserved_site","0.0491443","gnomad_AF_amr_pass"","10.308393240788408","0.10811542083662966","95.94","0.2"
"13:28197196:A>G","NM_015972.4:c.211A>G","NP_057056.1:p.Thr71Ala","Unknown significance","null","missense_variant","2/2","null","71","MODERATE","23.6","DNA-directed_RNA_polymerase&_RBP11-like_dimerisation_domain&DNA-directed_RNA_polymerase_Rpb11&_13-16kDa_subunit&_conserved_site&DNA-directed_RNA_polymerase&_RBP11-like_dimerisation_domain&DNA-directed_RNA_polymerase_Rpb11&_13-16kDa_subunit&_conserved_site&DNA-directed_RNA_polymerase&_RBP11-like_dimerisation_domain&DNA-directed_RNA_polymerase_Rpb11&_13-16kDa_subunit&_conserved_site","0.000879013","gnomad_AF_nfe_pass"","95.11814535759467","0.6045481271042391","94.69","0.1"
"13:28197200:C>T","NM_015972.4:c.215C>T","NP_057056.1:p.Thr72Met","Unknown significance","null","missense_variant","2/2","null","72","MODERATE","23.5","DNA-directed_RNA_polymerase&_RBP11-like_dimerisation_domain&DNA-directed_RNA_polymerase_Rpb11&_13-16kDa_subunit&_conserved_site&DNA-directed_RNA_polymerase&_RBP11-like_dimerisation_domain&DNA-directed_RNA_polymerase_Rpb11&_13-16kDa_subunit&_conserved_site&DNA-directed_RNA_polymerase&_RBP11-like_dimerisation_domain&DNA-directed_RNA_polymerase_Rpb11&_13-16kDa_subunit&_conserved_site","0.00289084","gnomad_AF_amr_pass"","54.658113344999805","0.3473938640155846","92.35","0.8"
"13:28197205:C>T","NM_015972.4:c.220C>T","NP_057056.1:p.His74Tyr","Unknown significance","null","missense_variant","2/2","null","74","MODERATE","26.9","DNA-directed_RNA_polymerase&_RBP11-like_dimerisation_domain&DNA-directed_RNA_polymerase_Rpb11&_13-16kDa_subunit&_conserved_site&DNA-directed_RNA_polymerase&_RBP11-like_dimerisation_domain&DNA-directed_RNA_polymerase_Rpb11&_13-16kDa_subunit&_conserved_site&DNA-directed_RNA_polymerase&_RBP11-like_dimerisation_domain&DNA-directed_RNA_polymerase_Rpb11&_13-16kDa_subunit&_conserved_site","0","null"","114.38485613542055","0.5568820066658475","90.14","0.0"
"13:28197208:C>T","NM_015972.4:c.223C>T","NP_057056.1:p.Pro75Ser","Unknown significance","null","missense_variant","2/2","null","75","MODERATE","27.4","DNA-directed_RNA_polymerase&_RBP11-like_dimerisation_domain&DNA-directed_RNA_polymerase_Rpb11&_13-16kDa_subunit&_conserved_site&DNA-directed_RNA_polymerase&_RBP11-like_dimerisation_domain&DNA-directed_RNA_polymerase_Rpb11&_13-16kDa_subunit&_conserved_site&DNA-directed_RNA_polymerase&_RBP11-like_dimerisation_domain&DNA-directed_RNA_polymerase_Rpb11&_13-16kDa_subunit&_conserved_site","0.00648172","gnomad_AF_nfe_pass"","136.19271505618542","0.8658144934303316","88.24","0.4"
"13:28197218:G>A","NM_015972.4:c.233G>A","NP_057056.1:p.Ser78Asn","Unknown significance","null","missense_variant","2/2","null","78","MODERATE","19.85","DNA-directed_RNA_polymerase&_RBP11-like_dimerisation_domain&DNA-directed_RNA_polymerase&_RBP11-like_dimerisation_domain&DNA-directed_RNA_polymerase&_RBP11-like_dimerisation_domain","0.0130651","gnomad_AF_sas_pass"","64.473082198298","0.46751063177483126","88.19","0.0"
"13:28197230:T>C","NM_015972.4:c.245T>C","NP_057056.1:p.Leu82Ser","Pathogenic","Treacher Collins syndrome","missense_variant","2/2","null","82","MODERATE","27.4","DNA-directed_RNA_polymerase&_RBP11-like_dimerisation_domain&DNA-directed_RNA_polymerase&_RBP11-like_dimerisation_domain&DNA-directed_RNA_polymerase&_RBP11-like_dimerisation_domain","0","null"","0.0","0.0","95.14","5.2"
"13:28197232:C>T","NM_015972.4:c.247C>T","NP_057056.1:p.Arg83Cys","Unknown significance","null","missense_variant","2/2","null","83","MODERATE","28.7","DNA-directed_RNA_polymerase&_RBP11-like_dimerisation_domain&DNA-directed_RNA_polymerase&_RBP11-like_dimerisation_domain&DNA-directed_RNA_polymerase&_RBP11-like_dimerisation_domain","0.000878997","gnomad_AF_nfe_pass"","116.10735871563152","0.4309440800522041","94.29","0.4"
"13:28197233:G>A","NM_015972.4:c.248G>A","NP_057056.1:p.Arg83His","Unknown significance","null","missense_variant","2/2","null","83","MODERATE","27.4","DNA-directed_RNA_polymerase&_RBP11-like_dimerisation_domain&DNA-directed_RNA_polymerase&_RBP11-like_dimerisation_domain&DNA-directed_RNA_polymerase&_RBP11-like_dimerisation_domain","0.0641849","gnomad_AF_eas_pass"","116.10735871563152","0.4309440800522041","94.29","0.2"
"13:28197233:G>T","NM_015972.4:c.248G>T","NP_057056.1:p.Arg83Leu","Unknown significance","null","missense_variant","2/2","null","83","MODERATE","27.3","DNA-directed_RNA_polymerase&_RBP11-like_dimerisation_domain&DNA-directed_RNA_polymerase&_RBP11-like_dimerisation_domain&DNA-directed_RNA_polymerase&_RBP11-like_dimerisation_domain","0.000879013","gnomad_AF_nfe_pass"","116.10735871563152","0.4309440800522041","94.29","0.5"
"13:28197241:A>G","NM_015972.4:c.256A>G","NP_057056.1:p.Thr86Ala","Unknown significance","null","missense_variant","2/2","null","86","MODERATE","26.0","DNA-directed_RNA_polymerase&_RBP11-like_dimerisation_domain&DNA-directed_RNA_polymerase&_RBP11-like_dimerisation_domain&DNA-directed_RNA_polymerase&_RBP11-like_dimerisation_domain","0","null"","3.4665759065869066","0.022032725342919682","92.42","1.1"
"13:28197242:C>T","NM_015972.4:c.257C>T","NP_057056.1:p.Thr86Ile","Unknown significance","null","missense_variant","2/2","null","86","MODERATE","27.1","DNA-directed_RNA_polymerase&_RBP11-like_dimerisation_domain&DNA-directed_RNA_polymerase&_RBP11-like_dimerisation_domain&DNA-directed_RNA_polymerase&_RBP11-like_dimerisation_domain","0.020024","gnomad_AF_afr_pass"","3.4665759065869066","0.022032725342919682","92.42","0.1"
"13:28197245:G>A","NM_015972.4:c.260G>A","NP_057056.1:p.Arg87Gln","Unknown significance","null","missense_variant","2/2","null","87","MODERATE","23.6","DNA-directed_RNA_polymerase&_RBP11-like_dimerisation_domain&DNA-directed_RNA_polymerase&_RBP11-like_dimerisation_domain&DNA-directed_RNA_polymerase&_RBP11-like_dimerisation_domain","0.0163097","gnomad_AF_eas_pass"","162.80992739375253","0.6042853369518681","89.48","0.2"
"13:28197248:G>A","NM_015972.4:c.263G>A","NP_057056.1:p.Gly88Asp","Unknown significance","null","missense_variant","2/2","null","88","MODERATE","23.1","DNA-directed_RNA_polymerase&_RBP11-like_dimerisation_domain&DNA-directed_RNA_polymerase&_RBP11-like_dimerisation_domain&DNA-directed_RNA_polymerase&_RBP11-like_dimerisation_domain","0.000878997","gnomad_AF_nfe_pass"","44.930850001064464","0.471239080906564","82.04","0.0"
"13:28197250:A>G","NM_015972.4:c.265A>G","NP_057056.1:p.Thr89Ala","Likely benign","null","missense_variant","2/2","null","89","MODERATE","15.41","DNA-directed_RNA_polymerase&_RBP11-like_dimerisation_domain&DNA-directed_RNA_polymerase&_RBP11-like_dimerisation_domain&DNA-directed_RNA_polymerase&_RBP11-like_dimerisation_domain","0.00326627","gnomad_AF_sas_pass"","109.05122992190083","0.6931034721067026","80.01","0.2"
"13:28197253:C>T","NM_015972.4:c.268C>T","NP_057056.1:p.Leu90Phe","Unknown significance","null","missense_variant","2/2","null","90","MODERATE","25.6","DNA-directed_RNA_polymerase&_RBP11-like_dimerisation_domain&DNA-directed_RNA_polymerase&_RBP11-like_dimerisation_domain&DNA-directed_RNA_polymerase&_RBP11-like_dimerisation_domain","0.00867253","gnomad_AF_amr_pass"","72.45152409208166","0.3756860876235099","86.07","0.1"
"13:28197256:C>G","NM_015972.4:c.271C>G","NP_057056.1:p.Pro91Ala","Unknown significance","null","missense_variant","2/2","null","91","MODERATE","22.1","DNA-directed_RNA_polymerase&_RBP11-like_dimerisation_domain&DNA-directed_RNA_polymerase&_RBP11-like_dimerisation_domain&DNA-directed_RNA_polymerase&_RBP11-like_dimerisation_domain","0.00289084","gnomad_AF_amr_pass"","44.35549597705295","0.2819800696709809","90.34","0.2"
"13:28197259:G>A","NM_015972.4:c.274G>A","NP_057056.1:p.Ala92Thr","Unknown significance","null","missense_variant","2/2","null","92","MODERATE","23.7","DNA-directed_RNA_polymerase&_RBP11-like_dimerisation_domain&DNA-directed_RNA_polymerase&_RBP11-like_dimerisation_domain&DNA-directed_RNA_polymerase&_RBP11-like_dimerisation_domain","0.00648088","gnomad_AF_nfe_pass"","0.0","0.0","90.54","0.3"
"13:28197259:G>C","NM_015972.4:c.274G>C","NP_057056.1:p.Ala92Pro","Unknown significance","null","missense_variant","2/2","null","92","MODERATE","23.4","DNA-directed_RNA_polymerase&_RBP11-like_dimerisation_domain&DNA-directed_RNA_polymerase&_RBP11-like_dimerisation_domain&DNA-directed_RNA_polymerase&_RBP11-like_dimerisation_domain","0.000879028","gnomad_AF_nfe_pass"","0.0","0.0","90.54","0.1"
"13:28197260:C>G","NM_015972.4:c.275C>G","NP_057056.1:p.Ala92Gly","Unknown significance","null","missense_variant","2/2","null","92","MODERATE","25.7","DNA-directed_RNA_polymerase&_RBP11-like_dimerisation_domain&DNA-directed_RNA_polymerase&_RBP11-like_dimerisation_domain&DNA-directed_RNA_polymerase&_RBP11-like_dimerisation_domain","0.00289084","gnomad_AF_amr_pass"","0.0","0.0","90.54","1.7"
"13:28197266:A>C","NM_015972.4:c.281A>C","NP_057056.1:p.Glu94Ala","Unknown significance","null","missense_variant","2/2","null","94","MODERATE","25.0","DNA-directed_RNA_polymerase&_RBP11-like_dimerisation_domain&DNA-directed_RNA_polymerase&_RBP11-like_dimerisation_domain&DNA-directed_RNA_polymerase&_RBP11-like_dimerisation_domain","0.00326627","gnomad_AF_sas_pass"","75.14024456072949","0.38480018882868094","92.4","0.1"
"13:28197271:T>C","NM_015972.4:c.286T>C","NP_057056.1:p.Phe96Leu","Unknown significance","null","missense_variant","2/2","null","96","MODERATE","15.73","DNA-directed_RNA_polymerase&_RBP11-like_dimerisation_domain&DNA-directed_RNA_polymerase&_RBP11-like_dimerisation_domain&DNA-directed_RNA_polymerase&_RBP11-like_dimerisation_domain","0.00615157","gnomad_AF_afr_pass"","0.7271298691272896","0.0031648690597477556","93.85","1.0"
"13:28197276:G>T","NM_015972.4:c.291G>T","NP_057056.1:p.Gln97His","Unknown significance","null","missense_variant","2/2","null","97","MODERATE","23.3","DNA-directed_RNA_polymerase&_RBP11-like_dimerisation_domain&DNA-directed_RNA_polymerase&_RBP11-like_dimerisation_domain&DNA-directed_RNA_polymerase&_RBP11-like_dimerisation_domain","0.00326648","gnomad_AF_sas_pass"","106.7943721580494","0.540042751379884","94.32","0.0"
"13:28197280:G>A","NM_015972.4:c.295G>A","NP_057056.1:p.Gly99Ser","Pathogenic","Treacher Collins syndrome","missense_variant","2/2","null","99","MODERATE","27.0","DNA-directed_RNA_polymerase&_RBP11-like_dimerisation_domain&DNA-directed_RNA_polymerase&_RBP11-like_dimerisation_domain&DNA-directed_RNA_polymerase&_RBP11-like_dimerisation_domain","0","null"","0.0","0.0","95.25","0.4"
"13:28197292:C>T","NM_015972.4:c.307C>T","NP_057056.1:p.Leu103Phe","Unknown significance","null","missense_variant","2/2","null","103","MODERATE","25.4","DNA-directed_RNA_polymerase&_RBP11-like_dimerisation_domain&DNA-directed_RNA_polymerase&_RBP11-like_dimerisation_domain&DNA-directed_RNA_polymerase&_RBP11-like_dimerisation_domain","0.00615157","gnomad_AF_afr_pass"","18.466907467569374","0.09575727086401976","96.39","0.8"
"13:28197295:A>G","NM_015972.4:c.310A>G","NP_057056.1:p.Met104Val","Likely benign","null","missense_variant","2/2","null","104","MODERATE","15.89","DNA-directed_RNA_polymerase&_RBP11-like_dimerisation_domain&DNA-directed_RNA_polymerase&_RBP11-like_dimerisation_domain&DNA-directed_RNA_polymerase&_RBP11-like_dimerisation_domain","0.00289168","gnomad_AF_amr_pass"","134.4973632449634","0.6211397405467531","97.08","0.0"
"13:28197301:G>C","NM_015972.4:c.316G>C","NP_057056.1:p.Val106Leu","Unknown significance","null","missense_variant","2/2","null","106","MODERATE","21.4","DNA-directed_RNA_polymerase&_RBP11-like_dimerisation_domain&DNA-directed_RNA_polymerase&_RBP11-like_dimerisation_domain&DNA-directed_RNA_polymerase&_RBP11-like_dimerisation_domain","0.00289151","gnomad_AF_amr_pass"","59.140872851150036","0.34405810046284285","96.56","0.2"
"13:28197309:A>T","NM_015972.4:c.324A>T","NP_057056.1:p.Gln108His","Unknown significance","null","missense_variant","2/2","null","108","MODERATE","22.9","DNA-directed_RNA_polymerase&_RBP11-like_dimerisation_domain&DNA-directed_RNA_polymerase&_RBP11-like_dimerisation_domain&DNA-directed_RNA_polymerase&_RBP11-like_dimerisation_domain","0.00615157","gnomad_AF_afr_pass"","103.17728302769953","0.5217516867248146","97.91","0.0"
"13:28197310:C>T","NM_015972.4:c.325C>T","NP_057056.1:p.His109Tyr","Unknown significance","null","missense_variant","2/2","null","109","MODERATE","26.5","DNA-directed_RNA_polymerase&_RBP11-like_dimerisation_domain&DNA-directed_RNA_polymerase&_RBP11-like_dimerisation_domain&DNA-directed_RNA_polymerase&_RBP11-like_dimerisation_domain","0.000879198","gnomad_AF_nfe_pass"","113.76572007028254","0.5538677463345231","98.1","0.3"
"13:28197314:T>C","NM_015972.4:c.329T>C","NP_057056.1:p.Val110Ala","Unknown significance","null","missense_variant","2/2","null","110","MODERATE","23.0","DNA-directed_RNA_polymerase&_RBP11-like_dimerisation_domain&DNA-directed_RNA_polymerase&_RBP11-like_dimerisation_domain&DNA-directed_RNA_polymerase&_RBP11-like_dimerisation_domain","0.292351","gnomad_AF_afr_pass"","100.06279086480666","0.5821255604158134","98.06","0.8"
"13:28197317:T>C","NM_015972.4:c.332T>C","NP_057056.1:p.Leu111Pro","Pathogenic","Klippel-Feil & Treacher Collins syndrome","missense_variant","2/2","null","111","MODERATE","25.1","DNA-directed_RNA_polymerase&_RBP11-like_dimerisation_domain&DNA-directed_RNA_polymerase&_RBP11-like_dimerisation_domain&DNA-directed_RNA_polymerase&_RBP11-like_dimerisation_domain","0","null"","88.8875498721691","0.4609125379815784","98.14","1.0"
"13:28197319:G>T","NM_015972.4:c.334G>T","NP_057056.1:p.Asp112Tyr","Unknown significance","null","missense_variant","2/2","null","112","MODERATE","24.3","DNA-directed_RNA_polymerase&_RBP11-like_dimerisation_domain&DNA-directed_RNA_polymerase&_RBP11-like_dimerisation_domain&DNA-directed_RNA_polymerase&_RBP11-like_dimerisation_domain","0.00615157","gnomad_AF_afr_pass"","68.27324689270267","0.42676156503658635","98.43","0.8"
"13:28197321:C>G","NM_015972.4:c.336C>G","NP_057056.1:p.Asp112Glu","Unknown significance","null","missense_variant","2/2","null","112","MODERATE","22.6","DNA-directed_RNA_polymerase&_RBP11-like_dimerisation_domain&DNA-directed_RNA_polymerase&_RBP11-like_dimerisation_domain&DNA-directed_RNA_polymerase&_RBP11-like_dimerisation_domain","0.00289201","gnomad_AF_amr_pass"","68.27324689270267","0.42676156503658635","98.43","0.2"
"13:28197323:A>G","NM_015972.4:c.338A>G","NP_057056.1:p.Lys113Arg","Unknown significance","null","missense_variant","2/2","null","113","MODERATE","23.0","null","0.000879183","gnomad_AF_nfe_pass"","142.98793549704303","0.6040517017975309","98.33","0.4"
"13:28197331:G>T","NM_015972.4:c.346G>T","NP_057056.1:p.Ala116Ser","Unknown significance","null","missense_variant","2/2","null","116","MODERATE","22.3","null","0.0064792","gnomad_AF_nfe_pass"","49.53579041722965","0.3895587680720389","97.63","0.2"
"13:28197334:A>G","NM_015972.4:c.349A>G","NP_057056.1:p.Ser117Gly","Unknown significance","null","missense_variant","2/2","null","117","MODERATE","22.6","null","0.000879399","gnomad_AF_nfe_pass"","72.50734383296194","0.5257690956887091","97.61","0.4"
"13:28197337:A>G","NM_015972.4:c.352A>G","NP_057056.1:p.Ile118Val","Likely benign","null","missense_variant","2/2","null","118","MODERATE","14.01","null","0.0008796","gnomad_AF_nfe_pass"","69.38299816938304","0.35370845695456743","97.64","0.1"
"13:28197339:A>G","NM_015972.4:c.354A>G","NP_057056.1:p.Ile118Met","Likely benign","null","missense_variant","2/2","null","118","MODERATE","16.19","null","0.00564462","gnomad_AF_amr_pass"","69.38299816938304","0.35370845695456743","97.64","0.2"
"13:28197345:C>G","NM_015972.4:c.360C>G","NP_057056.1:p.Asp120Glu","Likely benign","null","missense_variant","2/2","null","120","MODERATE","16.07","null","0.00326691","gnomad_AF_sas_pass"","76.36696955070099","0.4773537062588698","97.23","0.2"
"13:28197347:A>G","NM_015972.4:c.362A>G","NP_057056.1:p.Tyr121Cys","Unknown significance","null","missense_variant","2/2","null","121","MODERATE","24.5","null","0.00802311","gnomad_AF_afr_pass"","138.20179346083427","0.5760526974706958","96.4","1.2"
"13:28197358:A>C","NM_015972.4:c.373A>C","NP_057056.1:p.Lys125Gln","Unknown significance","null","missense_variant","2/2","null","125","MODERATE","20.2","null","0.00289218","gnomad_AF_amr_pass"","104.13038445710305","0.43989820344979397","93.55","0.4"
"13:28197365:G>A","NM_015972.4:c.380G>A","NP_057056.1:p.Ser127Asn","Unknown significance","null","missense_variant","2/2","null","127","MODERATE","16.86","null","0","gnomad_AF_afr_pass,gnomad_AF_sas_pass,gnomad_AF_amr_pass,gnomad_AF_eas_pass,gnomad_AF_nfe_pass"","67.83094419439921","0.4918593387031222","88.7","0.1"
"13:28197365:G>T","NM_015972.4:c.380G>T","NP_057056.1:p.Ser127Ile","Unknown significance","null","missense_variant","2/2","null","127","MODERATE","18.74","null","0.0163388","gnomad_AF_sas_pass"","67.83094419439921","0.4918593387031222","88.7","0.4"
"13:28197368:G>A","NM_015972.4:c.383G>A","NP_057056.1:p.Arg128Lys","Likely benign","null","missense_variant","2/2","null","128","MODERATE","16.31","null","0.0032684","gnomad_AF_sas_pass"","145.39763904371762","0.5396578863956333","86.72","0.5"
"13:28197370:A>G","NM_015972.4:c.385A>G","NP_057056.1:p.Asn129Asp","Unknown significance","null","missense_variant","2/2","null","129","MODERATE","19.28","null","0.00289268","gnomad_AF_amr_pass"","96.65749126532546","0.604762880093265","81.78","0.2"
"13:28197371:A>G","NM_015972.4:c.386A>G","NP_057056.1:p.Asn129Ser","Likely benign","null","missense_variant","2/2","null","129","MODERATE","12.52","null","0.00289318","gnomad_AF_amr_pass"","96.65749126532546","0.604762880093265","81.78","0.0"
"13:28239826:G>A","NM_001206559.2:c.21G>A","NP_001193488.1:p.Met7Ile","Unknown significance","null","missense_variant","3/3","null","7","MODERATE","23.6","null","0.00289151","gnomad_AF_amr_pass"","135.17467597878453","0.6242677264462866","91.78","0.2"
"13:28239867:A>G","NM_001206559.2:c.62A>G","NP_001193488.1:p.Asn21Ser","Unknown significance","null","missense_variant","3/3","null","21","MODERATE","23.4","null","0.000879044","gnomad_AF_nfe_pass"","88.22320554669204","0.5519915650512817","92.81","0.3"
"13:28239900:A>C","NM_001206559.2:c.95A>C","NP_001193488.1:p.Glu32Ala","Unknown significance","null","missense_variant","3/3","null","32","MODERATE","25.0","null","0.016315","gnomad_AF_eas_pass"","136.74332742483324","0.7002753121412936","53.59","0.4"
"13:28240041:G>A","NM_001206559.2:c.236G>A","NP_001193488.1:p.Arg79Gln","Unknown significance","null","missense_variant","3/3","null","79","MODERATE","19.08","null","0.00653339","gnomad_AF_sas_pass"","241.85761563615918","0.8976787416998756","67.04","0.1"
"13:28240074:G>C","NM_001206559.2:c.269G>C","NP_001193488.1:p.Arg90Pro","Unknown significance","null","missense_variant","3/3","null","90","MODERATE","17.06","null","0.000883299","gnomad_AF_nfe_pass"","198.0265125295487","0.7349952165995103","59.51","0.5"
"13:28240083:G>A","NM_001206559.2:c.278G>A","NP_001193488.1:p.Arg93Gln","Likely benign","null","missense_variant","3/3","null","93","MODERATE","16.10","null","0.00545197","gnomad_AF_eas_pass"","246.831629805593","0.916140293010014","54.33","0.1"
"13:28222518:A>G","NM_152705.3:c.29A>G","NP_689918.1:p.Lys10Arg","Unknown significance","null","missense_variant&splice_region_variant","2/3","null","10","MODERATE","23.5","null","0.00177374","gnomad_AF_nfe_pass"","150.6045269249173","0.636227947981595","94.77","0.5"
"13:28222523:A>G","NM_152705.3:c.34A>G","NP_689918.1:p.Ile12Val","Likely benign","null","missense_variant","2/3","null","12","MODERATE","16.47","null","0.00177157","gnomad_AF_nfe_pass"","104.20878803929183","0.5312472881108311","95.65","0.1"
"13:28222538:A>G","NM_152705.3:c.49A>G","NP_689918.1:p.Lys17Glu","Unknown significance","null","missense_variant","2/3","null","17","MODERATE","24.5","null","0.005449","gnomad_AF_eas_pass"","145.61057682693905","0.6151310348407091","95.89","0.3"
"13:28222550:C>T","NM_152705.3:c.61C>T","NP_689918.1:p.Arg21Cys","Unknown significance","null","missense_variant","2/3","null","21","MODERATE","32","null","0.000883923","gnomad_AF_nfe_pass"","132.06168373773227","0.4901601538270132","94.29","0.9"
"13:28222551:G>A","NM_152705.3:c.62G>A","NP_689918.1:p.Arg21His","Unknown significance","null","missense_variant","2/3","null","21","MODERATE","31","null","0.00616599","gnomad_AF_afr_pass"","132.06168373773227","0.4901601538270132","94.29","0.3"
"13:28222568:G>A","NM_152705.3:c.79G>A","NP_689918.1:p.Glu27Lys","Unknown significance","null","missense_variant","2/3","null","27","MODERATE","27.6","null","0.00327525","gnomad_AF_sas_pass"","131.2634839467239","0.6722125234525523","96.46","0.3"
"13:28222578:G>T","NM_152705.3:c.89G>T","NP_689918.1:p.Gly30Val","Unknown significance","null","missense_variant","2/3","null","30","MODERATE","29.1","null","0.00176825","gnomad_AF_nfe_pass"","14.05726563338573","0.14743395544440363","94.94","0.7"
"13:28239857:T>C","NM_152705.3:c.136T>C","NP_689918.1:p.Phe46Leu","Unknown significance","null","missense_variant","3/3","null","46","MODERATE","27.8","null","0.000879028","gnomad_AF_nfe_pass"","151.37234640126806","0.6588556954781448","96.06","0.9"
"13:28239867:A>C","NM_152705.3:c.146A>C","NP_689918.1:p.Asn49Thr","Unknown significance","null","missense_variant","3/3","null","49","MODERATE","25.5","null","0.00326648","gnomad_AF_sas_pass"","84.87882023519782","0.5310665434451558","93.19","0.2"
"13:28239872:A>G","NM_152705.3:c.151A>G","NP_689918.1:p.Ile51Val","Unknown significance","null","missense_variant","3/3","null","51","MODERATE","24.3","null","0.00846836","gnomad_AF_amr_pass"","45.83416698158786","0.23365857496209125","93.87","0.8"
"13:28239879:A>C","NM_152705.3:c.158A>C","NP_689918.1:p.Asn53Thr","Unknown significance","null","missense_variant","3/3","null","53","MODERATE","23.5","null","0.000879105","gnomad_AF_nfe_pass"","138.94960297618988","0.8693745408002478","90.06","0.1"
"13:28239882:C>T","NM_152705.3:c.161C>T","NP_689918.1:p.Thr54Ile","Unknown significance","null","missense_variant","3/3","null","54","MODERATE","27.3","null","0","null"","108.45597840777032","0.6893201961957744","90.3","0.1"
"13:28239906:A>T","NM_152705.3:c.185A>T","NP_689918.1:p.Asp62Val","Unknown significance","null","missense_variant","3/3","null","62","MODERATE","25.2","null","0.000879291","gnomad_AF_nfe_pass"","62.775332214695595","0.39239526814563386","55.9","0.3"
"13:28239909:A>G","NM_152705.3:c.188A>G","NP_689918.1:p.His63Arg","Likely benign","null","missense_variant","3/3","null","63","MODERATE","15.83","null","0.0017588","gnomad_AF_nfe_pass"","18.23578681397448","0.08878082201785492","54.76","0.3"
"13:28239926:G>A","NM_152705.3:c.205G>A","NP_689918.1:p.Asp69Asn","Likely benign","null","missense_variant","3/3","null","69","MODERATE","9.801","null","0.00653296","gnomad_AF_sas_pass"","116.26826384088264","0.7267682218014635","47.07","0.1"
"13:28239926:G>T","NM_152705.3:c.205G>T","NP_689918.1:p.Asp69Tyr","Likely benign","null","missense_variant","3/3","null","69","MODERATE","12.54","null","0.00615309","gnomad_AF_afr_pass"","116.26826384088264","0.7267682218014635","47.07","0.3"
"13:28239930:A>C","NM_152705.3:c.209A>C","NP_689918.1:p.Lys70Thr","Unknown significance","null","missense_variant","3/3","null","70","MODERATE","21.3","null","0.0902889","gnomad_AF_eas_pass"","218.83044196961183","0.9244479292421381","46.43","0.0"
"13:28239935:C>T","NM_152705.3:c.214C>T","NP_689918.1:p.Pro72Ser","Likely benign","null","missense_variant","3/3","null","72","MODERATE","10.92","null","0.000879755","gnomad_AF_nfe_pass"","141.8656768718749","0.901879069708692","41.99","0.2"
"13:28239953:C>A","NM_152705.3:c.232C>A","NP_689918.1:p.Gln78Lys","Likely benign","null","missense_variant","3/3","null","78","MODERATE","15.99","null","0.00326627","gnomad_AF_sas_pass"","154.43948424978055","0.7809767716271493","47.49","0.2"
"13:28239956:A>G","NM_152705.3:c.235A>G","NP_689918.1:p.Lys79Glu","Likely benign","null","missense_variant","3/3","null","79","MODERATE","14.35","null","0","gnomad_AF_afr_pass,gnomad_AF_sas_pass,gnomad_AF_amr_pass,gnomad_AF_eas_pass,gnomad_AF_nfe_pass"","184.13302220976857","0.7778688812891726","36.67","0.2"
"13:28239968:C>A","NM_152705.3:c.247C>A","NP_689918.1:p.Pro83Thr","Likely benign","null","missense_variant","3/3","null","83","MODERATE","9.155","null","0.0017588","gnomad_AF_nfe_pass"","103.36669132248497","0.6571304452519771","45.06","0.3"
"13:28239969:C>T","NM_152705.3:c.248C>T","NP_689918.1:p.Pro83Leu","Likely benign","null","missense_variant","3/3","null","83","MODERATE","11.64","null","0.00087943","gnomad_AF_nfe_pass"","103.36669132248497","0.6571304452519771","45.06","0.3"
"13:28239972:A>G","NM_152705.3:c.251A>G","NP_689918.1:p.Lys84Arg","Likely benign","null","missense_variant","3/3","null","84","MODERATE","14.37","null","0.00263801","gnomad_AF_nfe_pass"","239.21472947546528","1.0105612332424994","45.94","0.1"
"13:28239973:G>T","NM_152705.3:c.252G>T","NP_689918.1:p.Lys84Asn","Unknown significance","null","missense_variant","3/3","null","84","MODERATE","23.1","null","0.0652529","gnomad_AF_eas_pass"","239.21472947546528","1.0105612332424994","45.94","0.0"
"13:28239977:C>T","NM_152705.3:c.256C>T","NP_689918.1:p.His86Tyr","Likely benign","null","missense_variant","3/3","null","86","MODERATE","14.87","null","0.00289084","gnomad_AF_amr_pass"","171.3772623436048","0.8343492047392882","44.51","0.0"
"13:28239978:A>G","NM_152705.3:c.257A>G","NP_689918.1:p.His86Arg","Likely benign","null","missense_variant","3/3","null","86","MODERATE","10.04","null","0.0120135","gnomad_AF_afr_pass"","171.3772623436048","0.8343492047392882","44.51","0.4"
"13:28239979:C>G","NM_152705.3:c.258C>G","NP_689918.1:p.His86Gln","Likely benign","null","missense_variant","3/3","null","86","MODERATE","13.94","null","0.000879353","gnomad_AF_nfe_pass"","171.3772623436048","0.8343492047392882","44.51","0.3"
"13:28239984:G>A","NM_152705.3:c.263G>A","NP_689918.1:p.Ser88Asn","Likely benign","null","missense_variant","3/3","null","88","MODERATE","11.74","null","0.000879353","gnomad_AF_nfe_pass"","88.52641916250101","0.6419274639939105","55.41","0.2"
"13:28239997:G>C","NM_152705.3:c.276G>C","NP_689918.1:p.Lys92Asn","Unknown significance","null","missense_variant","3/3","null","92","MODERATE","23.5","null","0.00791515","gnomad_AF_nfe_pass"","190.85010415643623","0.8062451549020048","48.44","0.0"
"13:28239999:A>G","NM_152705.3:c.278A>G","NP_689918.1:p.His93Arg","Benign","null","missense_variant","3/3","null","93","MODERATE","9.114","null","9.89679","gnomad_AF_sas_pass"","122.79218755717565","0.597813050783339","49.2","0.3"
"13:28240001:A>G","NM_152705.3:c.280A>G","NP_689918.1:p.Ser94Gly","Likely benign","null","missense_variant","3/3","null","94","MODERATE","16.14","null","0.186226","gnomad_AF_sas_pass"","41.59633766850371","0.3016255689949742","59.12","0.6"
"13:28240002:G>A","NM_152705.3:c.281G>A","NP_689918.1:p.Ser94Asn","Likely benign","null","missense_variant","3/3","null","94","MODERATE","18.04","null","0.00400673","gnomad_AF_afr_pass"","41.59633766850371","0.3016255689949742","59.12","0.3"
"13:28240002:G>C","NM_152705.3:c.281G>C","NP_689918.1:p.Ser94Thr","Unknown significance","null","missense_variant","3/3","null","94","MODERATE","22.0","null","0.00175945","gnomad_AF_nfe_pass"","41.59633766850371","0.3016255689949742","59.12","0.2"
"13:28240007:C>T","NM_152705.3:c.286C>T","NP_689918.1:p.Arg96Cys","Unknown significance","null","missense_variant","3/3","null","96","MODERATE","21.5","null","0","null"","217.0821310112317","0.8057220513777188","46.75","0.3"
"13:28240008:G>A","NM_152705.3:c.287G>A","NP_689918.1:p.Arg96His","Likely benign","null","missense_variant","3/3","null","96","MODERATE","4.074","null","0.00543715","gnomad_AF_eas_pass"","217.0821310112317","0.8057220513777188","46.75","0.1"
"13:28240010:G>C","NM_152705.3:c.289G>C","NP_689918.1:p.Ala97Pro","Likely benign","null","missense_variant","3/3","null","97","MODERATE","1.756","null","0.00326691","gnomad_AF_sas_pass"","101.0433759676372","0.7946241037490644","43.47","0.2"
"13:28240013:C>G","NM_152705.3:c.292C>G","NP_689918.1:p.Arg98Gly","Likely benign","null","missense_variant","3/3","null","98","MODERATE","22.3","null","0.00176125","gnomad_AF_nfe_pass"","270.25127704044576","1.003064657188251","41.11","0.2"
"13:28240014:G>A","NM_152705.3:c.293G>A","NP_689918.1:p.Arg98Gln","Unknown significance","null","missense_variant","3/3","null","98","MODERATE","23.9","null","0.0040093","gnomad_AF_afr_pass"","270.25127704044576","1.003064657188251","41.11","0.1"
"13:28240016:G>A","NM_152705.3:c.295G>A","NP_689918.1:p.Gly99Ser","Likely benign","null","missense_variant","3/3","null","99","MODERATE","10.29","null","0","null"","62.55228623747449","0.6560544008059818","39.31","0.1"
"13:28240017:G>T","NM_152705.3:c.296G>T","NP_689918.1:p.Gly99Val","Likely benign","null","missense_variant","3/3","null","99","MODERATE","10.91","null","0.00289285","gnomad_AF_amr_pass"","62.55228623747449","0.6560544008059818","39.31","0.0"
"13:28240022:G>A","NM_152705.3:c.301G>A","NP_689918.1:p.Ala101Thr","Likely benign","null","missense_variant","3/3","null","101","MODERATE","6.275","null","0.00802246","gnomad_AF_afr_pass"","106.08020882113736","0.8342347041829644","43.79","0.0"
"13:28240022:G>T","NM_152705.3:c.301G>T","NP_689918.1:p.Ala101Ser","Likely benign","null","missense_variant","3/3","null","101","MODERATE","3.186","null","0.00802246","gnomad_AF_afr_pass"","106.08020882113736","0.8342347041829644","43.79","0.0"
"13:28240026:G>T","NM_152705.3:c.305G>T","NP_689918.1:p.Ser102Ile","Likely benign","null","missense_variant","3/3","null","102","MODERATE","11.88","null","0.00617818","gnomad_AF_afr_pass"","138.94231843811284","1.0075059056968225","45.28","0.0"
"13:28240029:A>C","NM_152705.3:c.308A>C","NP_689918.1:p.Tyr103Ser","Likely benign","null","missense_variant","3/3","null","103","MODERATE","3.019","null","0","null"","186.5707501992575","0.7776641766365457","52.47","0.7"
"13:28240029:A>G","NM_152705.3:c.308A>G","NP_689918.1:p.Tyr103Cys","Likely benign","null","missense_variant","3/3","null","103","MODERATE","6.140","null","0.0641026","gnomad_AF_eas_pass"","186.5707501992575","0.7776641766365457","52.47","0.5"
"13:28240031:T>C","NM_152705.3:c.310T>C","NP_689918.1:p.Ser104Pro","Unknown significance","null","missense_variant","3/3","null","104","MODERATE","18.88","null","0.00445545","gnomad_AF_nfe_pass"","110.35059359342243","0.8001800746692155","54.58","0.3"
"13:28240035:C>G","NM_152705.3:c.314C>G","NP_689918.1:p.Pro105Arg","Unknown significance","null","missense_variant","3/3","null","105","MODERATE","19.92","null","0.00326648","gnomad_AF_sas_pass"","92.56098487716356","0.5884356017116807","60.1","0.7"
"13:28240035:C>T","NM_152705.3:c.314C>T","NP_689918.1:p.Pro105Leu","Unknown significance","null","missense_variant","3/3","null","105","MODERATE","23.2","null","0.0114732","gnomad_AF_afr_pass"","92.56098487716356","0.5884356017116807","60.1","0.8"
"13:28240047:G>A","NM_152705.3:c.326G>A","NP_689918.1:p.Arg109Gln","Likely benign","null","missense_variant","3/3","null","109","MODERATE","18.09","null","0.0120395","gnomad_AF_afr_pass"","220.17403973890723","0.8171979800095714","43.17","0.1"
"13:28240049:A>G","NM_152705.3:c.328A>G","NP_689918.1:p.Ser110Gly","Likely benign","null","missense_variant","3/3","null","110","MODERATE","0.360","null","0.00705318","gnomad_AF_nfe_pass"","98.1859628712516","0.7119712594502072","46.66","0.2"
"13:28240051:C>G","NM_152705.3:c.330C>G","NP_689918.1:p.Ser110Arg","Likely benign","null","missense_variant","3/3","null","110","MODERATE","12.26","null","0.000881725","gnomad_AF_nfe_pass"","98.1859628712516","0.7119712594502072","46.66","0.1"
"13:28240052:A>C","NM_152705.3:c.331A>C","NP_689918.1:p.Ser111Arg","Likely benign","null","missense_variant","3/3","null","111","MODERATE","1.623","null","0.00616979","gnomad_AF_afr_pass"","77.31781788972496","0.5606510602037093","49.24","0.3"
"13:28240053:G>C","NM_152705.3:c.332G>C","NP_689918.1:p.Ser111Thr","Likely benign","null","missense_variant","3/3","null","111","MODERATE","3.118","null","0.0123365","gnomad_AF_afr_pass"","77.31781788972496","0.5606510602037093","49.24","0.1"
"13:28240056:A>G","NM_152705.3:c.335A>G","NP_689918.1:p.Gln112Arg","Likely benign","null","missense_variant","3/3","null","112","MODERATE","4.256","null","0","null"","192.7019536032084","0.9744642074035693","53.53","0.0"
"13:28240059:A>G","NM_152705.3:c.338A>G","NP_689918.1:p.Asp113Gly","Likely benign","null","missense_variant","3/3","null","113","MODERATE","19.21","null","0.00289268","gnomad_AF_amr_pass"","109.2007408402012","0.6825906366714781","50.83","0.6"
"13:28240063:G>T","NM_152705.3:c.342G>T","NP_689918.1:p.Lys114Asn","Unknown significance","null","missense_variant","3/3","null","114","MODERATE","18.62","null","0.00289352","gnomad_AF_amr_pass"","170.24410838892754","0.7191952456398786","46.58","0.1"
"13:28240064:T>C","NM_152705.3:c.343T>C","NP_689918.1:p.Tyr115His","Likely benign","null","missense_variant","3/3","null","115","MODERATE","5.380","null","0.000882317","gnomad_AF_nfe_pass"","159.1021702441053","0.6631696452516171","49.94","0.4"
"13:28240067:G>A","NM_152705.3:c.346G>A","NP_689918.1:p.Glu116Lys","Unknown significance","null","missense_variant","3/3","null","116","MODERATE","19.78","null","0.00176526","gnomad_AF_nfe_pass"","139.68450474112575","0.7153373550359408","52.8","0.6"
"13:28240074:G>A","NM_152705.3:c.353G>A","NP_689918.1:p.Arg118Gln","Likely benign","null","missense_variant","3/3","null","118","MODERATE","13.66","null","0.00326755","gnomad_AF_sas_pass"","193.13075418861985","0.7168241196274675","54.79","0.3"
"13:28240077:C>A","NM_152705.3:c.356C>A","NP_689918.1:p.Ser119Tyr","Unknown significance","null","missense_variant","3/3","null","119","MODERATE","19.67","null","0.0115761","gnomad_AF_amr_pass"","129.1369611264901","0.9364047789128493","57.27","0.0"
"13:28240082:C>T","NM_152705.3:c.361C>T","NP_689918.1:p.Arg121Trp","Unknown significance","null","missense_variant","3/3","null","121","MODERATE","24.0","null","0","gnomad_AF_afr_pass,gnomad_AF_sas_pass,gnomad_AF_amr_pass,gnomad_AF_eas_pass,gnomad_AF_nfe_pass"","260.80659664638966","0.9680097808322047","54.4","0.1"
"13:28240085:C>T","NM_152705.3:c.364C>T","NP_689918.1:p.Arg122Trp","Unknown significance","null","missense_variant","3/3","null","122","MODERATE","29.4","null","0.0108951","gnomad_AF_nfe_pass"","334.8255507876709","1.2427385357680993","46.18","0.1"
"13:28240086:G>A","NM_152705.3:c.365G>A","NP_689918.1:p.Arg122Gln","Unknown significance","null","missense_variant","3/3","null","122","MODERATE","23.5","null","0.00327011","gnomad_AF_sas_pass"","334.8255507876709","1.2427385357680993","46.18","0.0"
"13:28240086:G>C","NM_152705.3:c.365G>C","NP_689918.1:p.Arg122Pro","Unknown significance","null","missense_variant","3/3","null","122","MODERATE","25.4","null","0.0057924","gnomad_AF_amr_pass"","334.8255507876709","1.2427385357680993","46.18","0.1"