{"applied_filters": "CONTAINS missense_variant[Consequence]"},,"Surface Area","Normalized SA","Confidence Score","|ddG|""Genomic Description (GRCh37)","HGVS Nucleotide Change","HGVS Protein Change","Variant Classification","Phenotype","Consequence","Exon","Intron","Protein Position","Impact","CADD Phred","Interpro Domain","Max MAF (%)","Max MAF Source","Surface Area","Normalized SA","Confidence Score","|ddG|"
"17:79477729:C>T","NM_001199954.2:c.1115G>A","NP_001186883.1:p.Arg372His","Unknown significance","null","missense_variant","6/6","null","372","MODERATE","24.0","null","0","null"","169.1378867896303","0.627772191451273","92.22","0.1"
"17:79477732:T>C","NM_001199954.2:c.1112A>G","NP_001186883.1:p.His371Arg","Unknown significance","null","missense_variant","6/6","null","371","MODERATE","25.2","null","0","null"","50.4108613072562","0.2454249850111537","94.44","0.2"
"17:79477735:A>G","NM_001199954.2:c.1109T>C","NP_001186883.1:p.Val370Ala","Pathogenic","Deafness, dominant progressive","missense_variant","6/6","null","370","MODERATE","25.1","null","0","null"","0.0","0.0","96.38","2.1"
"17:79477736:C>T","NM_001199954.2:c.1108G>A","NP_001186883.1:p.Val370Ile","Unknown significance","null","missense_variant","6/6","null","370","MODERATE","23.1","null","0","null"","0.0","0.0","96.38","0.3"
"17:79477741:G>A","NM_001199954.2:c.1103C>T","NP_001186883.1:p.Ser368Phe","Unknown significance","Deafness, autosomal dominant 20; Baraitser-Winter Syndrome 2","missense_variant","6/6","null","368","MODERATE","27.8","null","0","null"","49.559723893878434","0.35937009738344655","96.67","0.6"
"17:79477793:T>G","NM_001199954.2:c.1051A>C","NP_001186883.1:p.Thr351Pro","Unknown significance","null","missense_variant","6/6","null","351","MODERATE","25.8","null","0","null"","113.739193499769","0.7228990446578532","86.28","0.3"
"17:79477799:G>T","NM_001199954.2:c.1045C>A","NP_001186883.1:p.Leu349Met","Pathogenic","Hearing loss","missense_variant","6/6","null","349","MODERATE","24.7","null","0","null"","90.10438795156989","0.4672222622151277","92.06","0.3"
"17:79477804:G>A","NM_001199954.2:c.1040C>T","NP_001186883.1:p.Ala347Val","Unknown significance","null","missense_variant","6/6","null","347","MODERATE","24.4","null","0","null"","0.11312430075309285","8.896307673543783E-4","94.97","0.6"
"17:79477805:C>A","NM_001199954.2:c.1039G>T","NP_001186883.1:p.Ala347Ser","Unknown significance","-","missense_variant","6/6","null","347","MODERATE","22.3","null","0","null"","0.11312430075309285","8.896307673543783E-4","94.97","1.4"
"17:79477808:G>C","NM_001199954.2:c.1036C>G","NP_001186883.1:p.Leu346Val","Unknown significance","null","missense_variant","6/6","null","346","MODERATE","23.0","null","0","null"","13.713151121166161","0.0711074081361377","93.91","0.6"
"17:79477811:T>C","NM_001199954.2:c.1033A>G","NP_001186883.1:p.Ile345Val","Unknown significance","null","missense_variant","6/6","null","345","MODERATE","18.86","null","0","null"","73.14211085644972","0.37287208468963157","94.97","0.3"
"17:79477831:G>A","NM_001199954.2:c.1013C>T","NP_001186883.1:p.Ser338Leu","Unknown significance","Hypertrophic cardiomyopathy","missense_variant","6/6","null","338","MODERATE","25.3","null","0","null"","0.649960463758632","0.004713027773449335","97.26","1.5"
"17:79477831:G>C","NM_001199954.2:c.1013C>G","NP_001186883.1:p.Ser338Trp","Unknown significance","null","missense_variant","6/6","null","338","MODERATE","26.3","null","0","gnomad_AF_afr_pass,gnomad_AF_amr_pass,gnomad_AF_eas_pass,gnomad_AF_nfe_pass,gnomad_AF_sas_pass"","0.649960463758632","0.004713027773449335","97.26","1.4"
"17:79477840:C>T","NM_001199954.2:c.1004G>A","NP_001186883.1:p.Arg335His","Pathogenic","Baraitser-Winter syndrome","missense_variant","6/6","null","335","MODERATE","23.8","null","0","null"","26.021970635511536","0.09658314787894874","95.99","0.3"
"17:79477841:G>A","NM_001199954.2:c.1003C>T","NP_001186883.1:p.Arg335Cys","Unknown significance","null","missense_variant","6/6","null","335","MODERATE","31","null","0","null"","26.021970635511536","0.09658314787894874","95.99","0.7"
"17:79477842:C>G","NM_001199954.2:c.1002G>C","NP_001186883.1:p.Glu334Asp","Likely pathogenic","Rare genetic deafness","missense_variant","6/6","null","334","MODERATE","14.57","null","0","null"","87.38355313902875","0.44749931205298293","93.62","0.0"
"17:79477844:C>G","NM_001199954.2:c.1000G>C","NP_001186883.1:p.Glu334Gln","Pathogenic","Baraitser-Winter syndrome","missense_variant","6/6","null","334","MODERATE","23.2","null","0","null"","87.38355313902875","0.44749931205298293","93.62","0.2"
"17:79477850:G>A","NM_001199954.2:c.994C>T","NP_001186883.1:p.Pro332Ser","Pathogenic","Hearing loss, sensorineural","missense_variant","6/6","null","332","MODERATE","18.71","null","0","null"","34.578644718622435","0.21982594111741205","95.9","0.1"
"17:79477850:G>C","NM_001199954.2:c.994C>G","NP_001186883.1:p.Pro332Ala","Pathogenic","Deafness, dominant progressive","missense_variant","6/6","null","332","MODERATE","17.57","null","0","null"","34.578644718622435","0.21982594111741205","95.9","0.2"
"17:79477853:C>G","NM_001199954.2:c.991G>C","NP_001186883.1:p.Ala331Pro","Unknown significance","null","missense_variant","6/6","null","331","MODERATE","22.7","null","0","null"","36.43790604338222","0.2865545430854262","97.45","0.5"
"17:79477856:T>C","NM_001199954.2:c.988A>G","NP_001186883.1:p.Ile330Val","Unknown significance","null","missense_variant","6/6","null","330","MODERATE","21.0","null","0","gnomad_AF_afr_pass,gnomad_AF_amr_pass,gnomad_AF_eas_pass,gnomad_AF_nfe_pass,gnomad_AF_sas_pass"","26.745237007834177","0.1363448793295255","97.77","0.2"
"17:79477956:G>C","NM_001199954.2:c.981C>G","NP_001186883.1:p.Ile327Met","Unknown significance","null","missense_variant","5/6","null","327","MODERATE","22.4","null","0","null"","14.316846829414724","0.0729860330930724","97.15","0.9"
"17:79477963:A>T","NM_001199954.2:c.974T>A","NP_001186883.1:p.Met325Lys","Pathogenic","Hearing loss","missense_variant","5/6","null","325","MODERATE","23.5","null","0","null"","14.147399389773854","0.06533594246283113","93.67","1.5"
"17:79477964:T>C","NM_001199954.2:c.973A>G","NP_001186883.1:p.Met325Val","Unknown significance","null","missense_variant","5/6","null","325","MODERATE","22.3","null","0","gnomad_AF_afr_pass,gnomad_AF_amr_pass,gnomad_AF_eas_pass,gnomad_AF_nfe_pass,gnomad_AF_sas_pass"","14.147399389773854","0.06533594246283113","93.67","0.0"
"17:79477966:G>C","NM_001199954.2:c.971C>G","NP_001186883.1:p.Thr324Ser","Unknown significance","null","missense_variant","5/6","null","324","MODERATE","21.6","null","0.00289101","gnomad_AF_amr_pass"","117.58270276224229","0.7473274680401695","92.17","0.1"
"17:79477975:G>A","NM_001199954.2:c.962C>T","NP_001186883.1:p.Ala321Val","Unknown significance","null","missense_variant","5/6","null","321","MODERATE","23.6","null","0.00326627","gnomad_AF_sas_pass"","4.195839954826451","0.03299687418051387","94.85","1.3"
"17:79477982:C>T","NM_001199954.2:c.955G>A","NP_001186883.1:p.Ala319Thr","Likely benign","null","missense_variant","5/6","null","319","MODERATE","18.74","null","0.000880313","gnomad_AF_nfe_pass"","89.64116925436848","0.7049550066556076","97.12","0.0"
"17:79477985:T>C","NM_001199954.2:c.952A>G","NP_001186883.1:p.Thr318Ala","Unknown significance","null","missense_variant","5/6","null","318","MODERATE","21.9","null","0.00289118","gnomad_AF_amr_pass"","64.46299692819535","0.409711353327551","97.45","0.1"
"17:79477991:C>T","NM_001199954.2:c.946G>A","NP_001186883.1:p.Glu316Lys","Pathogenic","Hearing loss","missense_variant","5/6","null","316","MODERATE","24.6","null","0","null"","32.03041538022405","0.16403073956739386","97.98","0.3"
"17:79477993:T>C","NM_001199954.2:c.944A>G","NP_001186883.1:p.Lys315Arg","Unknown significance","null","missense_variant","5/6","null","315","MODERATE","23.4","null","0","null"","102.79176206792258","0.4342432009529892","97.98","0.5"
"17:79478006:C>T","NM_001199954.2:c.931G>A","NP_001186883.1:p.Asp311Asn","Unknown significance","null","missense_variant","5/6","null","311","MODERATE","23.0","null","0.000879956","gnomad_AF_nfe_pass"","83.91387137055352","0.524527786567067","98.29","0.1"
"17:79478012:T>C","NM_001199954.2:c.925A>G","NP_001186883.1:p.Ile309Val","Unknown significance","null","missense_variant","5/6","null","309","MODERATE","22.8","null","0.00326627","gnomad_AF_sas_pass"","0.4761983198009142","0.002427617389636893","98.39","0.6"
"17:79478014:C>G","NM_001199954.2:c.923G>C","NP_001186883.1:p.Gly308Ala","Unknown significance","null","missense_variant","5/6","null","308","MODERATE","23.2","null","0.0114811","gnomad_AF_afr_pass"","27.342979980453688","0.2867758067103185","97.87","0.1"
"17:79478014:C>T","NM_001199954.2:c.923G>A","NP_001186883.1:p.Gly308Asp","Unknown significance","null","missense_variant","5/6","null","308","MODERATE","25.4","null","0","null"","27.342979980453688","0.2867758067103185","97.87","0.9"
"17:79478015:C>T","NM_001199954.2:c.922G>A","NP_001186883.1:p.Gly308Ser","Unknown significance","null","missense_variant","5/6","null","308","MODERATE","23.8","null","0.00087991","gnomad_AF_nfe_pass"","27.342979980453688","0.2867758067103185","97.87","0.5"
"17:79478017:G>A","NM_001199954.2:c.920C>T","NP_001186883.1:p.Pro307Leu","Unknown significance","null","missense_variant","5/6","null","307","MODERATE","23.3","null","0.000879972","gnomad_AF_nfe_pass"","89.4832289867024","0.5688694622445108","98.28","0.2"
"17:79478018:G>A","NM_001199954.2:c.919C>T","NP_001186883.1:p.Pro307Ser","Unknown significance","null","missense_variant","5/6","null","307","MODERATE","23.6","null","0.00326627","gnomad_AF_sas_pass"","89.4832289867024","0.5688694622445108","98.28","0.4"
"17:79478022:C>A","NM_001199954.2:c.915G>T","NP_001186883.1:p.Met305Ile","Unknown significance","null","missense_variant","5/6","null","305","MODERATE","25.5","null","0","null"","51.263381188084885","0.23674607830580463","97.79","0.2"
"17:79478022:C>T","NM_001199954.2:c.915G>A","NP_001186883.1:p.Met305Ile","Unknown significance","null","missense_variant","5/6","null","305","MODERATE","25.7","null","0","null"","51.263381188084885","0.23674607830580463","97.79","0.2"
"17:79478023:A>G","NM_001199954.2:c.914T>C","NP_001186883.1:p.Met305Thr","Pathogenic","Hearing loss, non-syndromic","missense_variant","5/6","null","305","MODERATE","25.2","null","0","null"","51.263381188084885","0.23674607830580463","97.79","0.9"
"17:79478024:T>C","NM_001199954.2:c.913A>G","NP_001186883.1:p.Met305Val","Unknown significance","null","missense_variant","5/6","null","305","MODERATE","22.6","null","0.00615688","gnomad_AF_afr_pass"","51.263381188084885","0.23674607830580463","97.79","0.4"
"17:79478038:G>A","NM_001199954.2:c.899C>T","NP_001186883.1:p.Ser300Leu","Unknown significance","null","missense_variant","5/6","null","300","MODERATE","25.3","null","0","null"","0.0","0.0","97.76","2.0"
"17:79478042:G>C","NM_001199954.2:c.895C>G","NP_001186883.1:p.Leu299Val","Pathogenic","Deafness","missense_variant","5/6","null","299","MODERATE","22.3","null","0","null"","0.0","0.0","98.45","1.1"
"17:79478047:G>A","NM_001199954.2:c.890C>T","NP_001186883.1:p.Thr297Met","Unknown significance","null","missense_variant","5/6","null","297","MODERATE","19.78","null","0.00543774","gnomad_AF_eas_pass"","0.0","0.0","98.14","1.6"
"17:79478054:C>T","NM_001199954.2:c.883G>A","NP_001186883.1:p.Ala295Thr","Unknown significance","null","missense_variant","5/6","null","295","MODERATE","18.52","null","0.00543774","gnomad_AF_eas_pass"","8.721994123874001","0.0685914014374163","96.69","0.0"
"17:79478056:T>A","NM_001199954.2:c.881A>T","NP_001186883.1:p.Tyr294Phe","Unknown significance","null","missense_variant","5/6","null","294","MODERATE","23.0","null","0","null"","0.0","0.0","97.45","0.0"
"17:79478065:T>C","NM_001199954.2:c.872A>G","NP_001186883.1:p.Lys291Arg","Unknown significance","null","missense_variant","5/6","null","291","MODERATE","24.5","null","0","null"","117.28133698307951","0.4954543259013899","96.66","0.5"
"17:79478069:G>A","NM_001199954.2:c.868C>T","NP_001186883.1:p.Arg290Cys","Unknown significance","null","missense_variant","5/6","null","290","MODERATE","28.6","null","0","null"","46.868666220885274","0.17395774455003593","97.05","1.0"
"17:79478074:T>C","NM_001199954.2:c.863A>G","NP_001186883.1:p.Asp288Gly","Likely pathogenic","null","missense_variant","5/6","null","288","MODERATE","29.8","null","0","null"","139.5847461233338","0.8725146001104501","94.21","0.2"
"17:79478084:A>G","NM_001199954.2:c.853T>C","NP_001186883.1:p.Cys285Arg","Unknown significance","null","missense_variant","5/6","null","285","MODERATE","26.1","null","0","null"","2.126725142253305","0.013762716171995648","97.5","0.7"
"17:79478089:A>G","NM_001199954.2:c.848T>C","NP_001186883.1:p.Met283Thr","Likely pathogenic","Sensorineural deafness, nonsyndromic","missense_variant","5/6","null","283","MODERATE","23.7","null","0","null"","60.934343256963075","0.28140880421634723","96.88","0.5"
"17:79478090:T>C","NM_001199954.2:c.847A>G","NP_001186883.1:p.Met283Val","Likely pathogenic","Hearing loss","missense_variant","5/6","null","283","MODERATE","20.5","null","0","null"","60.934343256963075","0.28140880421634723","96.88","0.1"
"17:79478104:G>A","NM_001199954.2:c.833C>T","NP_001186883.1:p.Thr278Ile","Pathogenic","Deafness, dominant progressive","missense_variant","5/6","null","278","MODERATE","22.7","null","0","null"","0.0","0.0","98.35","3.4"
"17:79478105:T>G","NM_001199954.2:c.832A>C","NP_001186883.1:p.Thr278Pro","Unknown significance","null","missense_variant","5/6","null","278","MODERATE","24.2","null","0","null"","0.0","0.0","98.35","1.4"
"17:79478120:C>T","NM_001199954.2:c.817G>A","NP_001186883.1:p.Gly273Ser","Unknown significance","null","missense_variant","5/6","null","273","MODERATE","26.3","null","0.000879786","gnomad_AF_nfe_pass"","0.0","0.0","97.67","0.3"
"17:79478127:T>A","NM_001199954.2:c.810A>T","NP_001186883.1:p.Glu270Asp","Unknown significance","null","missense_variant","5/6","null","270","MODERATE","19.53","null","0","null"","207.04009086234797","1.060271583153406","93.02","0.0"
"17:79478131:A>C","NM_001199954.2:c.806T>G","NP_001186883.1:p.Met269Arg","Unknown significance","null","missense_variant","5/6","null","269","MODERATE","33","null","0.000879802","gnomad_AF_nfe_pass"","45.86028159276249","0.21179332235716714","94.51","0.3"
"17:79478214:C>G","NM_001199954.2:c.802G>C","NP_001186883.1:p.Gly268Arg","Unknown significance","null","missense_variant&splice_region_variant","4/6","null","268","MODERATE","32","null","0","null"","77.43687381584192","0.8121653884667306","94.16","0.2"
"17:79478214:C>T","NM_001199954.2:c.802G>A","NP_001186883.1:p.Gly268Ser","Likely pathogenic","Hearing loss, early-childhood","missense_variant&splice_region_variant","4/6","null","268","MODERATE","32","null","0","null"","77.43687381584192","0.8121653884667306","94.16","0.1"
"17:79478223:A>C","NM_001199954.2:c.793T>G","NP_001186883.1:p.Ser265Ala","Unknown significance","null","missense_variant","4/6","null","265","MODERATE","17.99","null","0","null"","80.86473977846026","0.5863706882487664","96.12","0.0"
"17:79478225:G>A","NM_001199954.2:c.791C>T","NP_001186883.1:p.Pro264Leu","Pathogenic","Deafness, dominant progressive","missense_variant","4/6","null","264","MODERATE","24.6","null","0","null"","5.741985996336223","0.036503381951457144","97.35","0.9"
"17:79478226:G>A","NM_001199954.2:c.790C>T","NP_001186883.1:p.Pro264Ser","Unknown significance","null","missense_variant","4/6","null","264","MODERATE","24.4","null","0.00578302","gnomad_AF_amr_pass"","5.741985996336223","0.036503381951457144","97.35","0.8"
"17:79478231:A>T","NM_001199954.2:c.785T>A","NP_001186883.1:p.Phe262Tyr","Unknown significance","null","missense_variant","4/6","null","262","MODERATE","27.1","null","0.000882254","gnomad_AF_nfe_pass"","2.0326411292901443","0.00884717200158774","98.23","0.8"
"17:79478243:G>A","NM_001199954.2:c.773C>T","NP_001186883.1:p.Pro258Leu","Pathogenic","Hearing impairment","missense_variant","4/6","null","258","MODERATE","23.9","null","0","null"","0.0","0.0","98.13","1.9"
"17:79478249:C>T","NM_001199954.2:c.767G>A","NP_001186883.1:p.Arg256Gln","Unknown significance","null","missense_variant","4/6","null","256","MODERATE","24.0","null","0","null"","36.56785774775167","0.13572526316080183","97.49","0.3"
"17:79478250:G>A","NM_001199954.2:c.766C>T","NP_001186883.1:p.Arg256Trp","Pathogenic","Baraitser-Winter syndrome","missense_variant","4/6","null","256","MODERATE","26.4","null","0","null"","36.56785774775167","0.13572526316080183","97.49","0.7"
"17:79478256:G>A","NM_001199954.2:c.760C>T","NP_001186883.1:p.Arg254Trp","Pathogenic","Baraitser-Winter syndrome","missense_variant","4/6","null","254","MODERATE","23.4","null","0","null"","29.396519381072387","0.10910812321930377","98.03","0.3"
"17:79478259:C>T","NM_001199954.2:c.757G>A","NP_001186883.1:p.Glu253Lys","Likely pathogenic","Congenital heart disease","missense_variant","4/6","null","253","MODERATE","25.6","null","0","null"","2.630718463189054","0.013472154200564098","97.55","0.5"
"17:79478261:T>A","NM_001199954.2:c.755A>T","NP_001186883.1:p.Asn252Ile","Unknown significance","null","missense_variant","4/6","null","252","MODERATE","25.1","null","0","null"","31.77411704139332","0.19880307550737064","96.78","1.1"
"17:79478264:C>G","NM_001199954.2:c.752G>C","NP_001186883.1:p.Gly251Ala","Unknown significance","null","missense_variant","4/6","null","251","MODERATE","22.3","null","0","null"","0.0","0.0","96.36","0.6"
"17:79478273:A>G","NM_001199954.2:c.743T>C","NP_001186883.1:p.Ile248Thr","Unknown significance","null","missense_variant","4/6","null","248","MODERATE","24.8","null","0","null"","5.415133964514441","0.027605879384380368","96.23","2.2"
"17:79478276:A>C","NM_001199954.2:c.740T>G","NP_001186883.1:p.Val247Gly","Unknown significance","null","missense_variant","4/6","null","247","MODERATE","24.2","null","0","null"","94.59273732395587","0.5503029622706701","96.23","1.0"
"17:79478279:T>A","NM_001199954.2:c.737A>T","NP_001186883.1:p.Gln246Leu","Unknown significance","null","missense_variant","4/6","null","246","MODERATE","25.2","null","0","null"","111.98586482632572","0.5662953331188846","94.52","0.4"
"17:79478288:G>A","NM_001199954.2:c.728C>T","NP_001186883.1:p.Pro243Leu","Likely pathogenic","Microlissencephaly","missense_variant","4/6","null","243","MODERATE","25.7","null","0","null"","121.88260977220068","0.774841224028392","92.09","0.0"
"17:79478295:C>T","NM_001199954.2:c.721G>A","NP_001186883.1:p.Glu241Lys","Likely pathogenic","Deafness, dominant progressive","missense_variant","4/6","null","241","MODERATE","25.0","null","0","null"","126.62758569791889","0.648471656864223","96.94","0.1"
"17:79478298:A>G","NM_001199954.2:c.718T>C","NP_001186883.1:p.Tyr240His","Unknown significance","null","missense_variant","4/6","null","240","MODERATE","25.5","null","0.000884033","gnomad_AF_nfe_pass"","16.710571167665094","0.06965300056064412","97.44","1.8"
"17:79478302:C>G","NM_001199954.2:c.714G>C","NP_001186883.1:p.Lys238Asn","Unknown significance","null","missense_variant","4/6","null","238","MODERATE","24.8","null","0","null"","102.18338182573414","0.4316731021585946","97.24","0.0"
"17:79478310:G>C","NM_001199954.2:c.706C>G","NP_001186883.1:p.Leu236Val","Unknown significance","null","missense_variant","4/6","null","236","MODERATE","12.19","null","0.00629644","gnomad_AF_afr_pass"","30.834424290896635","0.15988710204698534","94.54","0.2"
"17:79478312:G>A","NM_001199954.2:c.704C>T","NP_001186883.1:p.Ser235Phe","Unknown significance","null","missense_variant","4/6","null","235","MODERATE","25.5","null","0","gnomad_AF_afr_pass,gnomad_AF_amr_pass,gnomad_AF_eas_pass,gnomad_AF_nfe_pass,gnomad_AF_sas_pass"","84.59136943699619","0.6133934228016825","93.64","0.4"
"17:79478315:G>A","NM_001199954.2:c.701C>T","NP_001186883.1:p.Ser234Phe","Unknown significance","null","missense_variant","4/6","null","234","MODERATE","25.1","null","0.00088422","gnomad_AF_nfe_pass"","95.21395026591051","0.6904204440805884","92.58","0.3"
"17:79478316:A>T","NM_001199954.2:c.700T>A","NP_001186883.1:p.Ser234Thr","Unknown significance","null","missense_variant","4/6","null","234","MODERATE","20.9","null","0.000884189","gnomad_AF_nfe_pass"","95.21395026591051","0.6904204440805884","92.58","0.2"
"17:79478318:G>A","NM_001199954.2:c.698C>T","NP_001186883.1:p.Ser233Phe","Unknown significance","null","missense_variant","4/6","null","233","MODERATE","25.4","null","0.00501354","gnomad_AF_eas_pass"","50.407154173215496","0.36551502875278086","92.73","0.5"
"17:79478321:G>A","NM_001199954.2:c.695C>T","NP_001186883.1:p.Ser232Phe","Unknown significance","null","missense_variant","4/6","null","232","MODERATE","24.8","null","0.000884737","gnomad_AF_nfe_pass"","116.48817478809414","0.8446852288212229","94.32","0.2"
"17:79478324:G>A","NM_001199954.2:c.692C>T","NP_001186883.1:p.Ala231Val","Unknown significance","null","missense_variant","4/6","null","231","MODERATE","22.5","null","0.00177029","gnomad_AF_nfe_pass"","105.31769605405147","0.8282381604378612","94.99","0.2"
"17:79478325:C>T","NM_001199954.2:c.691G>A","NP_001186883.1:p.Ala231Thr","Unknown significance","null","missense_variant","4/6","null","231","MODERATE","19.44","null","0.00177123","gnomad_AF_nfe_pass"","105.31769605405147","0.8282381604378612","94.99","0.1"
"17:79478327:G>A","NM_001199954.2:c.689C>T","NP_001186883.1:p.Ala230Val","Unknown significance","null","missense_variant","4/6","null","230","MODERATE","19.85","null","0","null"","10.421255604581685","0.08195471316578852","95.43","0.9"
"17:79478327:G>T","NM_001199954.2:c.689C>A","NP_001186883.1:p.Ala230Asp","Unknown significance","null","missense_variant","4/6","null","230","MODERATE","23.9","null","0.00632992","gnomad_AF_afr_pass"","10.421255604581685","0.08195471316578852","95.43","0.7"
"17:79478328:C>T","NM_001199954.2:c.688G>A","NP_001186883.1:p.Ala230Thr","Unknown significance","null","missense_variant","4/6","null","230","MODERATE","23.3","null","0.00155778","gnomad_AF_nfe_pass"","10.421255604581685","0.08195471316578852","95.43","0.2"
"17:79478331:T>G","NM_001199954.2:c.685A>C","NP_001186883.1:p.Thr229Pro","Unknown significance","null","missense_variant","4/6","null","229","MODERATE","21.7","null","0","null"","57.4010446716334","0.3648272779037317","96.26","0.5"
"17:79478358:C>A","NM_001199954.2:c.658G>T","NP_001186883.1:p.Ala220Ser","Unknown significance","null","missense_variant","4/6","null","220","MODERATE","22.3","null","0","null"","6.525371214147586","0.05131674593228876","98.08","0.4"
"17:79478358:C>T","NM_001199954.2:c.658G>A","NP_001186883.1:p.Ala220Thr","Unknown significance","null","missense_variant","4/6","null","220","MODERATE","23.4","null","0.00501454","gnomad_AF_eas_pass"","6.525371214147586","0.05131674593228876","98.08","0.0"
"17:79478361:C>A","NM_001199954.2:c.655G>T","NP_001186883.1:p.Val219Phe","Unknown significance","null","missense_variant","4/6","null","219","MODERATE","23.5","null","0","null"","1.5268505221361595","0.008882609691254354","98.6","0.4"
"17:79478376:C>T","NM_001199954.2:c.640G>A","NP_001186883.1:p.Glu214Lys","Pathogenic","Baraitser-Winter syndrome","missense_variant","4/6","null","214","MODERATE","27.3","null","0","null"","91.57504006417592","0.4689643068729828","97.26","0.3"
"17:79478378:T>C","NM_001199954.2:c.638A>G","NP_001186883.1:p.Lys213Arg","Pathogenic","Hearing impairment, nonsyndromic, autosomal dominant","missense_variant","4/6","null","213","MODERATE","28.9","null","0","null"","5.1369782481361765","0.021701134729284387","98.08","1.2"
"17:79478379:T>G","NM_001199954.2:c.637A>C","NP_001186883.1:p.Lys213Gln","Likely pathogenic","null","missense_variant","4/6","null","213","MODERATE","25.6","null","0","null"","5.1369782481361765","0.021701134729284387","98.08","0.4"
"17:79478387:C>T","NM_001199954.2:c.629G>A","NP_001186883.1:p.Arg210His","Likely pathogenic","null","missense_variant","4/6","null","210","MODERATE","23.7","null","0","null"","56.71741201884901","0.21051235008512928","97.13","0.2"
"17:79478388:G>A","NM_001199954.2:c.628C>T","NP_001186883.1:p.Arg210Cys","Likely pathogenic","Baraitser-Winter syndrome","missense_variant","4/6","null","210","MODERATE","27.0","null","0","null"","56.71741201884901","0.21051235008512928","97.13","0.8"
"17:79478388:G>C","NM_001199954.2:c.628C>G","NP_001186883.1:p.Arg210Gly","Pathogenic","Baraitser-Winter syndrome","missense_variant","4/6","null","210","MODERATE","25.4","null","0","null"","56.71741201884901","0.21051235008512928","97.13","1.6"
"17:79478399:C>T","NM_001199954.2:c.617G>A","NP_001186883.1:p.Arg206Gln","Likely pathogenic","Rare genetic deafness","missense_variant","4/6","null","206","MODERATE","23.6","null","0.000882177","gnomad_AF_nfe_pass"","38.32340585558978","0.14224115563039627","94.94","0.5"
"17:79478400:G>A","NM_001199954.2:c.616C>T","NP_001186883.1:p.Arg206Trp","Likely pathogenic","Baraitser-Winter Syndrome 2","missense_variant","4/6","null","206","MODERATE","25.4","null","0","null"","38.32340585558978","0.14224115563039627","94.94","0.6"
"17:79478405:G>A","NM_001199954.2:c.611C>T","NP_001186883.1:p.Ala204Val","Unknown significance","null","missense_variant","4/6","null","204","MODERATE","27.0","null","0","null"","47.51702717145334","0.37368283440004496","90.22","0.7"
"17:79478405:G>C","NM_001199954.2:c.611C>G","NP_001186883.1:p.Ala204Gly","Likely pathogenic","null","missense_variant","4/6","null","204","MODERATE","26.5","null","0","null"","47.51702717145334","0.37368283440004496","90.22","0.6"
"17:79478408:G>A","NM_001199954.2:c.608C>T","NP_001186883.1:p.Thr203Met","Likely pathogenic","Agenesis of corpus callosum & neuronal heterotopia","missense_variant","4/6","null","203","MODERATE","22.5","null","0","null"","64.10355645457724","0.4074268358538938","89.5","0.3"
"17:79478408:G>T","NM_001199954.2:c.608C>A","NP_001186883.1:p.Thr203Lys","Pathogenic","Baraitser-Winter syndrome","missense_variant","4/6","null","203","MODERATE","23.4","null","0","null"","64.10355645457724","0.4074268358538938","89.5","0.4"
"17:79478418:A>T","NM_001199954.2:c.598T>A","NP_001186883.1:p.Phe200Ile","Likely pathogenic","-","missense_variant","4/6","null","200","MODERATE","26.0","null","0","null"","6.308852830728137","0.02745959693615365","93.36","0.5"
"17:79478420:C>T","NM_001199954.2:c.596G>A","NP_001186883.1:p.Ser199Asn","Unknown significance","null","missense_variant","4/6","null","199","MODERATE","20.8","null","0","null"","79.91220913645526","0.5794636475575986","93.42","0.0"
"17:79478426:C>T","NM_001199954.2:c.590G>A","NP_001186883.1:p.Gly197Asp","Unknown significance","null","missense_variant","4/6","null","197","MODERATE","26.7","null","0","gnomad_AF_afr_pass,gnomad_AF_amr_pass,gnomad_AF_eas_pass,gnomad_AF_nfe_pass,gnomad_AF_sas_pass"","69.38404166089576","0.7277065094715246","93.84","0.1"
"17:79478440:G>C","NM_001199954.2:c.576C>G","NP_001186883.1:p.Ile192Met","Unknown significance","null","missense_variant","4/6","null","192","MODERATE","24.2","null","0.00648172","gnomad_AF_nfe_pass"","0.34919878401852456","0.001780184862638401","96.59","0.3"
"17:79478442:T>A","NM_001199954.2:c.574A>T","NP_001186883.1:p.Ile192Phe","Pathogenic","Multiple congenital anomalies","missense_variant","4/6","null","192","MODERATE","25.8","null","0","null"","0.34919878401852456","0.001780184862638401","96.59","0.2"
"17:79478451:G>A","NM_001199954.2:c.565C>T","NP_001186883.1:p.Leu189Phe","Unknown significance","null","missense_variant","4/6","null","189","MODERATE","27.5","null","0.00088255","gnomad_AF_nfe_pass"","0.0","0.0","97.96","0.6"
"17:79478457:C>G","NM_001199954.2:c.559G>C","NP_001186883.1:p.Asp187His","Pathogenic","Hearing loss","missense_variant","4/6","null","187","MODERATE","27.8","null","0","null"","70.72180452213834","0.4420669787026812","96.27","0.6"
"17:79478468:C>T","NM_001199954.2:c.548G>A","NP_001186883.1:p.Arg183Gln","Likely pathogenic","Sensorineural deafness, nonsyndromic","missense_variant","4/6","null","183","MODERATE","24.3","null","0.000884111","gnomad_AF_nfe_pass"","26.38210658129615","0.09791982847841006","96.19","0.6"
"17:79478469:G>A","NM_001199954.2:c.547C>T","NP_001186883.1:p.Arg183Trp","Unknown significance","null","missense_variant","4/6","null","183","MODERATE","26.2","null","0","null"","26.38210658129615","0.09791982847841006","96.19","0.5"
"17:79478474:G>A","NM_001199954.2:c.542C>T","NP_001186883.1:p.Ala181Val","Unknown significance","null","missense_variant","4/6","null","181","MODERATE","24.7","null","0","null"","0.0","0.0","97.22","0.2"
"17:79478474:G>C","NM_001199954.2:c.542C>G","NP_001186883.1:p.Ala181Gly","Pathogenic","Hearing loss","missense_variant","4/6","null","181","MODERATE","24.4","null","0","null"","0.0","0.0","97.22","0.1"
"17:79478481:C>A","NM_001199954.2:c.535G>T","NP_001186883.1:p.Asp179Tyr","Pathogenic","Baraitser-Winter syndrome","missense_variant","4/6","null","179","MODERATE","26.9","null","0","null"","59.3304195216493","0.37086185060348414","93.8","1.1"
"17:79478490:G>C","NM_001199954.2:c.526C>G","NP_001186883.1:p.Leu176Val","Likely benign","null","missense_variant","4/6","null","176","MODERATE","22.8","null","0","null"","31.889658070117413","0.1653588523657195","97.46","0.1"
"17:79478495:G>A","NM_001199954.2:c.521C>T","NP_001186883.1:p.Ala174Val","Unknown significance","null","missense_variant","4/6","null","174","MODERATE","24.0","null","0","null"","0.0","0.0","97.64","0.9"
"17:79478495:G>C","NM_001199954.2:c.521C>G","NP_001186883.1:p.Ala174Gly","Unknown significance","Deafness, autosomal dominant 20; Baraitser-Winter Syndrome 2","missense_variant","4/6","null","174","MODERATE","23.7","null","0","null"","0.0","0.0","97.64","1.2"
"17:79478496:C>A","NM_001199954.2:c.520G>T","NP_001186883.1:p.Ala174Ser","Unknown significance","-","missense_variant","4/6","null","174","MODERATE","23.4","null","0","null"","0.0","0.0","97.64","0.4"
"17:79478501:G>A","NM_001199954.2:c.515C>T","NP_001186883.1:p.Pro172Leu","Unknown significance","null","missense_variant","4/6","null","172","MODERATE","24.8","null","0","null"","98.15556103856949","0.6240018588580103","94.78","0.6"
"17:79478516:T>A","NM_001199954.2:c.500A>T","NP_001186883.1:p.Glu167Val","Unknown significance","null","missense_variant","4/6","null","167","MODERATE","24.8","null","0","null"","120.58370109317924","0.6175203610472002","93.64","0.3"
"17:79478517:C>T","NM_001199954.2:c.499G>A","NP_001186883.1:p.Glu167Lys","Likely pathogenic","Diaphragmatic hernia, congenital","missense_variant","4/6","null","167","MODERATE","23.9","null","0","null"","120.58370109317924","0.6175203610472002","93.64","0.1"
"17:79478531:G>A","NM_001199954.2:c.485C>T","NP_001186883.1:p.Thr162Met","Pathogenic","Deafness","missense_variant","4/6","null","162","MODERATE","25.6","null","0","null"","0.0","0.0","98.07","1.5"
"17:79478537:G>A","NM_001199954.2:c.479C>T","NP_001186883.1:p.Thr160Ile","Unknown significance","null","missense_variant","4/6","null","160","MODERATE","26.8","null","0","null"","0.0","0.0","97.55","0.7"
"17:79478540:A>C","NM_001199954.2:c.476T>G","NP_001186883.1:p.Val159Gly","Unknown significance","null","missense_variant","4/6","null","159","MODERATE","24.4","null","0","null"","6.868932426496549","0.03996071970084345","96.14","1.8"
"17:79478547:C>A","NM_001199954.2:c.469G>T","NP_001186883.1:p.Asp157Tyr","Unknown significance","null","missense_variant","4/6","null","157","MODERATE","26.0","null","0","null"","25.46484002639336","0.15917530625354645","96.04","1.6"
"17:79478552:G>A","NM_001199954.2:c.464C>T","NP_001186883.1:p.Ser155Phe","Pathogenic","Baraitser-Winter syndrome","missense_variant","4/6","null","155","MODERATE","29.9","null","0","null"","0.0","0.0","97.7","2.5"
"17:79478557:C>G","NM_001199954.2:c.459G>C","NP_001186883.1:p.Met153Ile","Likely pathogenic","Microlissencephaly","missense_variant","4/6","null","153","MODERATE","22.9","null","0","null"","0.0","0.0","98.17","1.8"
"17:79478558:A>C","NM_001199954.2:c.458T>G","NP_001186883.1:p.Met153Arg","Unknown significance","null","missense_variant","4/6","null","153","MODERATE","26.3","null","0.031344","gnomad_AF_afr_pass"","0.0","0.0","98.17","2.1"
"17:79478559:T>C","NM_001199954.2:c.457A>G","NP_001186883.1:p.Met153Val","Unknown significance","Deafness, autosomal dominant 20; Baraitser-Winter Syndrome 2","missense_variant","4/6","null","153","MODERATE","22.2","null","0","null"","0.0","0.0","98.17","1.6"
"17:79478565:T>C","NM_001199954.2:c.451A>G","NP_001186883.1:p.Ile151Val","Unknown significance","null","missense_variant","4/6","null","151","MODERATE","18.17","null","0.00648761","gnomad_AF_nfe_pass"","0.0","0.0","98.59","0.3"
"17:79478567:C>A","NM_001199954.2:c.449G>T","NP_001186883.1:p.Gly150Val","Unknown significance","null","missense_variant","4/6","null","150","MODERATE","28.8","null","0","null"","0.0","0.0","97.95","2.3"
"17:79478570:G>C","NM_001199954.2:c.446C>G","NP_001186883.1:p.Thr149Ser","Unknown significance","null","missense_variant","4/6","null","149","MODERATE","24.0","null","0.0125534","gnomad_AF_afr_pass"","18.109503964532124","0.11509966540438381","97.12","0.6"
"17:79478571:T>C","NM_001199954.2:c.445A>G","NP_001186883.1:p.Thr149Ala","Unknown significance","null","missense_variant","4/6","null","149","MODERATE","25.3","null","0.00326648","gnomad_AF_sas_pass"","18.109503964532124","0.11509966540438381","97.12","0.3"
"17:79478582:G>A","NM_001199954.2:c.434C>T","NP_001186883.1:p.Ser145Phe","Pathogenic","Hearing loss","missense_variant","4/6","null","145","MODERATE","26.6","null","0","null"","40.941375640955","0.2968762736170048","94.13","1.2"
"17:79478582:G>C","NM_001199954.2:c.434C>G","NP_001186883.1:p.Ser145Cys","Likely pathogenic","Sensorineural deafness, nonsyndromic","missense_variant","4/6","null","145","MODERATE","25.4","null","0","null"","40.941375640955","0.2968762736170048","94.13","0.3"
"17:79478586:C>A","NM_001199954.2:c.430G>T","NP_001186883.1:p.Ala144Ser","Unknown significance","null","missense_variant","4/6","null","144","MODERATE","22.1","null","0","null"","25.91321327287122","0.20378638060162155","95.32","0.6"
"17:79478586:C>T","NM_001199954.2:c.430G>A","NP_001186883.1:p.Ala144Thr","Likely pathogenic","-","missense_variant","4/6","null","144","MODERATE","22.5","null","0","null"","25.91321327287122","0.20378638060162155","95.32","0.3"
"17:79478603:G>A","NM_001199954.2:c.413C>T","NP_001186883.1:p.Ala138Val","Unknown significance","null","missense_variant","4/6","null","138","MODERATE","25.2","null","0","null"","0.0","0.0","95.97","0.6"
"17:79478607:G>C","NM_001199954.2:c.409C>G","NP_001186883.1:p.Gln137Glu","Unknown significance","null","missense_variant","4/6","null","137","MODERATE","28.2","null","0","null"","11.041955549918496","0.0558374747216762","96.27","0.8"
"17:79478612:G>A","NM_001199954.2:c.404C>T","NP_001186883.1:p.Ala135Val","Pathogenic","Baraitser-Winter syndrome","missense_variant","4/6","null","135","MODERATE","23.8","null","0","null"","0.10819485396771797","8.508646711477175E-4","96.08","1.7"
"17:79478621:A>G","NM_001199954.2:c.395T>C","NP_001186883.1:p.Met132Thr","Unknown significance","null","missense_variant","4/6","null","132","MODERATE","23.5","null","0.000885269","gnomad_AF_nfe_pass"","0.25988796003241926","0.0012002223402086426","97.49","1.6"
"17:79478622:T>C","NM_001199954.2:c.394A>G","NP_001186883.1:p.Met132Val","Unknown significance","null","missense_variant","4/6","null","132","MODERATE","24.7","null","0.000885677","gnomad_AF_nfe_pass"","0.25988796003241926","0.0012002223402086426","97.49","1.2"
"17:79478627:G>A","NM_001199954.2:c.389C>T","NP_001186883.1:p.Pro130Leu","Unknown significance","null","missense_variant","4/6","null","130","MODERATE","27.0","null","0","gnomad_AF_afr_pass,gnomad_AF_amr_pass,gnomad_AF_eas_pass,gnomad_AF_nfe_pass"","52.28432765294538","0.3323858302002801","96.88","0.7"
"17:79478630:G>C","NM_001199954.2:c.386C>G","NP_001186883.1:p.Thr129Ser","Unknown significance","null","missense_variant","4/6","null","129","MODERATE","23.8","null","0.000780104","gnomad_AF_nfe_pass"","0.0","0.0","97.81","0.9"
"17:79478631:T>G","NM_001199954.2:c.385A>C","NP_001186883.1:p.Thr129Pro","Unknown significance","null","missense_variant","4/6","null","129","MODERATE","27.5","null","0","null"","0.0","0.0","97.81","1.0"
"17:79478639:G>A","NM_001199954.2:c.377C>T","NP_001186883.1:p.Thr126Ile","Unknown significance","null","missense_variant","4/6","null","126","MODERATE","28.5","null","0.00544129","gnomad_AF_eas_pass"","73.55808883422945","0.46751757691362533","98.12","0.4"
"17:79478640:T>G","NM_001199954.2:c.376A>C","NP_001186883.1:p.Thr126Pro","Unknown significance","null","missense_variant","4/6","null","126","MODERATE","28.5","null","0","null"","73.55808883422945","0.46751757691362533","98.12","0.5"
"17:79478649:T>A","NM_001199954.2:c.367A>T","NP_001186883.1:p.Met123Leu","Unknown significance","null","missense_variant","4/6","null","123","MODERATE","25.4","null","0","null"","0.0","0.0","98.27","1.2"
"17:79478652:T>C","NM_001199954.2:c.364A>G","NP_001186883.1:p.Ile122Val","Pathogenic","Deafness, dominant progressive","missense_variant&splice_region_variant","4/6","null","122","MODERATE","19.41","null","0","null"","1.8893293315933577","0.009631635705990321","98.33","0.2"
"17:79478929:C>G","NM_001199954.2:c.363G>C","NP_001186883.1:p.Gln121His","Unknown significance","null","missense_variant&splice_region_variant","3/6","null","121","MODERATE","32","null","0.00289151","gnomad_AF_amr_pass"","52.36526229475362","0.2648030954715111","98.07","0.0"
"17:79478933:G>A","NM_001199954.2:c.359C>T","NP_001186883.1:p.Thr120Ile","Pathogenic","Baraitser-Winter syndrome","missense_variant","3/6","null","120","MODERATE","23.1","null","0","null"","0.0","0.0","97.77","2.0"
"17:79478934:T>C","NM_001199954.2:c.358A>G","NP_001186883.1:p.Thr120Ala","Unknown significance","null","missense_variant","3/6","null","120","MODERATE","22.7","null","0.00543715","gnomad_AF_eas_pass"","0.0","0.0","97.77","0.1"
"17:79478938:C>A","NM_001199954.2:c.354G>T","NP_001186883.1:p.Lys118Asn","Pathogenic","null","missense_variant","3/6","null","118","MODERATE","25.3","null","0","null"","78.39556618482754","0.33118161334880825","97.98","0.1"
"17:79478938:C>G","NM_001199954.2:c.354G>C","NP_001186883.1:p.Lys118Asn","Pathogenic","Deafness, dominant progressive","missense_variant","3/6","null","118","MODERATE","25.2","null","0","null"","78.39556618482754","0.33118161334880825","97.98","0.1"
"17:79478939:T>A","NM_001199954.2:c.353A>T","NP_001186883.1:p.Lys118Met","Likely pathogenic","Deafness, dominant progressive","missense_variant","3/6","null","118","MODERATE","29.3","null","0","null"","78.39556618482754","0.33118161334880825","97.98","0.9"
"17:79478939:T>C","NM_001199954.2:c.353A>G","NP_001186883.1:p.Lys118Arg","Unknown significance","null","missense_variant","3/6","null","118","MODERATE","23.3","null","0","null"","78.39556618482754","0.33118161334880825","97.98","0.7"
"17:79478951:G>A","NM_001199954.2:c.341C>T","NP_001186883.1:p.Ala114Val","Unknown significance","null","missense_variant","3/6","null","114","MODERATE","23.4","null","0","gnomad_AF_afr_pass,gnomad_AF_amr_pass,gnomad_AF_eas_pass,gnomad_AF_nfe_pass,gnomad_AF_sas_pass"","78.32330159526298","0.6159491677389852","96.18","0.3"
"17:79478957:G>A","NM_001199954.2:c.335C>T","NP_001186883.1:p.Pro112Leu","Unknown significance","null","missense_variant","3/6","null","112","MODERATE","26.3","Actin/actin-like_conserved_site&Actin/actin-like_conserved_site&Actin/actin-like_conserved_site&Actin/actin-like_conserved_site&Actin/actin-like_conserved_site&Actin/actin-like_conserved_site&Actin/actin-like_conserved_site&Actin/actin-like_conserved_site&Actin/actin-like_conserved_site&Actin/actin-like_conserved_site","0","null"","79.65932104838278","0.5064161814532919","93.77","0.2"
"17:79478969:G>A","NM_001199954.2:c.323C>T","NP_001186883.1:p.Ala108Val","Unknown significance","null","missense_variant","3/6","null","108","MODERATE","27.2","Actin/actin-like_conserved_site&Actin/actin-like_conserved_site&Actin/actin-like_conserved_site&Actin/actin-like_conserved_site&Actin/actin-like_conserved_site&Actin/actin-like_conserved_site&Actin/actin-like_conserved_site&Actin/actin-like_conserved_site&Actin/actin-like_conserved_site&Actin/actin-like_conserved_site","0","null"","2.1939748467071145","0.017253830639734506","93.07","0.5"
"17:79478973:C>T","NM_001199954.2:c.319G>A","NP_001186883.1:p.Glu107Lys","Unknown significance","null","missense_variant","3/6","null","107","MODERATE","27.0","Actin/actin-like_conserved_site&Actin/actin-like_conserved_site&Actin/actin-like_conserved_site&Actin/actin-like_conserved_site&Actin/actin-like_conserved_site&Actin/actin-like_conserved_site&Actin/actin-like_conserved_site&Actin/actin-like_conserved_site&Actin/actin-like_conserved_site&Actin/actin-like_conserved_site","0.000883283","gnomad_AF_nfe_pass"","3.4299375047436804","0.017565029328979995","94.7","0.2"
"17:79478981:A>G","NM_001199954.2:c.311T>C","NP_001186883.1:p.Leu104Pro","Unknown significance","null","missense_variant","3/6","null","104","MODERATE","28.4","Actin/actin-like_conserved_site&Actin/actin-like_conserved_site&Actin/actin-like_conserved_site&Actin/actin-like_conserved_site&Actin/actin-like_conserved_site&Actin/actin-like_conserved_site&Actin/actin-like_conserved_site&Actin/actin-like_conserved_site&Actin/actin-like_conserved_site&Actin/actin-like_conserved_site","0","null"","0.2846750710083513","0.001476138218088375","98.06","4.2"
"17:79478987:G>A","NM_001199954.2:c.305C>T","NP_001186883.1:p.Pro102Leu","Unknown significance","null","missense_variant","3/6","null","102","MODERATE","27.5","null","0","null"","6.969517771678293","0.044307138575289576","96.84","1.2"
"17:79478988:G>T","NM_001199954.2:c.304C>A","NP_001186883.1:p.Pro102Thr","Unknown significance","null","missense_variant","3/6","null","102","MODERATE","25.4","null","0","null"","6.969517771678293","0.044307138575289576","96.84","0.1"
"17:79478989:G>T","NM_001199954.2:c.303C>A","NP_001186883.1:p.His101Gln","Unknown significance","null","missense_variant","3/6","null","101","MODERATE","23.7","null","0","null"","31.71049199319322","0.15438234579430854","96.64","0.5"
"17:79478992:C>G","NM_001199954.2:c.300G>C","NP_001186883.1:p.Glu100Asp","Unknown significance","null","missense_variant","3/6","null","100","MODERATE","23.1","null","0","null"","109.89034708212193","0.5627586994805928","96.55","0.1"
"17:79478994:C>G","NM_001199954.2:c.298G>C","NP_001186883.1:p.Glu100Gln","Unknown significance","null","missense_variant","3/6","null","100","MODERATE","25.4","null","0","null"","109.89034708212193","0.5627586994805928","96.55","0.1"
"17:79479012:G>C","NM_001199954.2:c.280C>G","NP_001186883.1:p.Leu94Val","Unknown significance","null","missense_variant","3/6","null","94","MODERATE","22.6","null","0","null"","14.359429228302872","0.07445858254729759","97.7","1.0"
"17:79479013:C>G","NM_001199954.2:c.279G>C","NP_001186883.1:p.Glu93Asp","Unknown significance","null","missense_variant","3/6","null","93","MODERATE","22.9","null","0.000880793","gnomad_AF_nfe_pass"","42.293102067752585","0.21658691367005944","97.7","0.3"
"17:79479015:C>T","NM_001199954.2:c.277G>A","NP_001186883.1:p.Glu93Lys","Likely pathogenic","null","missense_variant","3/6","null","93","MODERATE","25.2","null","0","null"","42.293102067752585","0.21658691367005944","97.7","0.2"
"17:79479017:T>C","NM_001199954.2:c.275A>G","NP_001186883.1:p.Asn92Ser","Unknown significance","null","missense_variant","3/6","null","92","MODERATE","21.5","null","0.000880902","gnomad_AF_nfe_pass"","67.03590378874844","0.41942766891863226","96.36","0.1"
"17:79479022:G>C","NM_001199954.2:c.270C>G","NP_001186883.1:p.Phe90Leu","Unknown significance","null","missense_variant","3/6","null","90","MODERATE","23.1","null","0","gnomad_AF_afr_pass,gnomad_AF_amr_pass,gnomad_AF_eas_pass,gnomad_AF_nfe_pass,gnomad_AF_sas_pass"","0.0","0.0","98.47","0.3"
"17:79479026:G>A","NM_001199954.2:c.266C>T","NP_001186883.1:p.Thr89Ile","Pathogenic","Deafness, dominant progressive","missense_variant","3/6","null","89","MODERATE","21.1","null","0","null"","0.0","0.0","98.48","2.5"
"17:79479033:G>A","NM_001199954.2:c.259C>T","NP_001186883.1:p.His87Tyr","Unknown significance","-","missense_variant","3/6","null","87","MODERATE","25.4","null","0","null"","106.05765940292964","0.5163410978168583","98.14","0.5"
"17:79479034:C>A","NM_001199954.2:c.258G>T","NP_001186883.1:p.Trp86Cys","Unknown significance","null","missense_variant","3/6","null","86","MODERATE","28.6","null","0","null"","0.0","0.0","98.44","2.3"
"17:79479048:T>A","NM_001199954.2:c.244A>T","NP_001186883.1:p.Met82Leu","Pathogenic","Hearing loss","missense_variant","3/6","null","82","MODERATE","24.2","null","0","null"","0.0","0.0","98.01","0.5"
"17:79479051:C>A","NM_001199954.2:c.241G>T","NP_001186883.1:p.Asp81Tyr","Unknown significance","null","missense_variant","3/6","null","81","MODERATE","24.8","null","0","null"","4.105715914449529","0.025663958124033187","97.85","2.3"
"17:79479063:T>A","NM_001199954.2:c.229A>T","NP_001186883.1:p.Thr77Ser","Unknown significance","null","missense_variant","3/6","null","77","MODERATE","22.8","null","0","null"","64.62378263382239","0.41073326872378296","95.38","0.4"
"17:79479065:A>G","NM_001199954.2:c.227T>C","NP_001186883.1:p.Val76Ala","Unknown significance","null","missense_variant","3/6","null","76","MODERATE","19.94","null","0.000880654","gnomad_AF_nfe_pass"","4.361638885561447","0.02537428207473541","96.39","1.9"
"17:79479069:T>G","NM_001199954.2:c.223A>C","NP_001186883.1:p.Ile75Leu","Likely pathogenic","Microlissencephaly","missense_variant","3/6","null","75","MODERATE","22.5","null","0","null"","59.18245629241785","0.3017069865281434","94.18","0.1"
"17:79479071:C>A","NM_001199954.2:c.221G>T","NP_001186883.1:p.Gly74Val","Pathogenic","Intellectual disability","missense_variant","3/6","null","74","MODERATE","23.2","null","0","null"","3.2478108656064233","0.03406335306878156","91.32","0.1"
"17:79479071:C>G","NM_001199954.2:c.221G>C","NP_001186883.1:p.Gly74Ala","Unknown significance","null","missense_variant","3/6","null","74","MODERATE","19.48","null","0","null"","3.2478108656064233","0.03406335306878156","91.32","0.1"
"17:79479073:A>T","NM_001199954.2:c.219T>A","NP_001186883.1:p.His73Gln","Unknown significance","null","missense_variant","3/6","null","73","MODERATE","10.96","null","0.000880545","gnomad_AF_nfe_pass"","70.23726675075447","0.34194972457348327","91.6","0.2"
"17:79479077:T>G","NM_001199954.2:c.215A>C","NP_001186883.1:p.Glu72Ala","Unknown significance","null","missense_variant","3/6","null","72","MODERATE","24.2","null","0","null"","59.35536914585478","0.3039643720730957","92.41","0.0"
"17:79479079:A>C","NM_001199954.2:c.213T>G","NP_001186883.1:p.Ile71Met","Unknown significance","null","missense_variant","3/6","null","71","MODERATE","9.757","null","0","null"","1.2239196816167448","0.006239435502111478","95.96","0.5"
"17:79479083:G>A","NM_001199954.2:c.209C>T","NP_001186883.1:p.Pro70Leu","Pathogenic","Ocular coloboma","missense_variant","3/6","null","70","MODERATE","24.5","null","0","null"","0.0","0.0","96.99","0.7"
"17:79479084:G>A","NM_001199954.2:c.208C>T","NP_001186883.1:p.Pro70Ser","Unknown significance","null","missense_variant","3/6","null","70","MODERATE","22.9","null","0","null"","0.0","0.0","96.99","1.4"
"17:79479086:T>A","NM_001199954.2:c.206A>T","NP_001186883.1:p.Tyr69Phe","Unknown significance","null","missense_variant","3/6","null","69","MODERATE","23.9","null","0","gnomad_AF_afr_pass,gnomad_AF_amr_pass,gnomad_AF_eas_pass,gnomad_AF_nfe_pass,gnomad_AF_sas_pass"","47.87410307873296","0.19954883020609812","95.88","0.2"
"17:79479086:T>C","NM_001199954.2:c.206A>G","NP_001186883.1:p.Tyr69Cys","Unknown significance","Inborn genetic diseases","missense_variant","3/6","null","69","MODERATE","24.6","null","0","null"","47.87410307873296","0.19954883020609812","95.88","1.6"
"17:79479086:T>G","NM_001199954.2:c.206A>C","NP_001186883.1:p.Tyr69Ser","Unknown significance","null","missense_variant","3/6","null","69","MODERATE","24.4","null","0","null"","47.87410307873296","0.19954883020609812","95.88","2.2"
"17:79479088:C>G","NM_001199954.2:c.204G>C","NP_001186883.1:p.Lys68Asn","Unknown significance","null","missense_variant","3/6","null","68","MODERATE","24.0","null","0.000880995","gnomad_AF_nfe_pass"","106.55709710149736","0.4501498369007174","96.45","0.1"
"17:79479095:G>A","NM_001199954.2:c.197C>T","NP_001186883.1:p.Thr66Ile","Likely pathogenic","NSHL/ autosomal dominant DFNA20/26","missense_variant","3/6","null","66","MODERATE","20.3","null","0","null"","66.52319956130172","0.4228055073253742","93.82","0.5"
"17:79479101:A>C","NM_001199954.2:c.191T>G","NP_001186883.1:p.Ile64Ser","Unknown significance","null","missense_variant","3/6","null","64","MODERATE","23.0","null","0","null"","60.87837258668616","0.310352619484294","90.07","0.9"
"17:79479102:T>A","NM_001199954.2:c.190A>T","NP_001186883.1:p.Ile64Phe","Unknown significance","null","missense_variant","3/6","null","64","MODERATE","21.0","null","0","null"","60.87837258668616","0.310352619484294","90.07","0.1"
"17:79479102:T>G","NM_001199954.2:c.190A>C","NP_001186883.1:p.Ile64Leu","Unknown significance","null","missense_variant","3/6","null","64","MODERATE","20.1","null","0.000881508","gnomad_AF_nfe_pass"","60.87837258668616","0.310352619484294","90.07","0.1"
"17:79479107:C>T","NM_001199954.2:c.185G>A","NP_001186883.1:p.Arg62His","Unknown significance","null","missense_variant","3/6","null","62","MODERATE","23.2","Actin&_conserved_site&Actin&_conserved_site&Actin&_conserved_site&Actin&_conserved_site&Actin&_conserved_site&Actin&_conserved_site&Actin&_conserved_site&Actin&_conserved_site&Actin&_conserved_site&Actin&_conserved_site&Actin&_conserved_site","0","null"","23.558592305932784","0.08744007271296506","91.84","0.2"
"17:79479108:G>A","NM_001199954.2:c.184C>T","NP_001186883.1:p.Arg62Cys","Unknown significance","null","missense_variant","3/6","null","62","MODERATE","23.3","Actin&_conserved_site&Actin&_conserved_site&Actin&_conserved_site&Actin&_conserved_site&Actin&_conserved_site&Actin&_conserved_site&Actin&_conserved_site&Actin&_conserved_site&Actin&_conserved_site&Actin&_conserved_site&Actin&_conserved_site","0","null"","23.558592305932784","0.08744007271296506","91.84","0.7"
"17:79479108:G>C","NM_001199954.2:c.184C>G","NP_001186883.1:p.Arg62Gly","Unknown significance","null","missense_variant","3/6","null","62","MODERATE","22.5","Actin&_conserved_site&Actin&_conserved_site&Actin&_conserved_site&Actin&_conserved_site&Actin&_conserved_site&Actin&_conserved_site&Actin&_conserved_site&Actin&_conserved_site&Actin&_conserved_site&Actin&_conserved_site&Actin&_conserved_site","0","null"","23.558592305932784","0.08744007271296506","91.84","1.7"
"17:79479110:T>A","NM_001199954.2:c.182A>T","NP_001186883.1:p.Lys61Met","Unknown significance","null","missense_variant","3/6","null","61","MODERATE","27.5","Actin&_conserved_site&Actin&_conserved_site&Actin&_conserved_site&Actin&_conserved_site&Actin&_conserved_site&Actin&_conserved_site&Actin&_conserved_site&Actin&_conserved_site&Actin&_conserved_site&Actin&_conserved_site&Actin&_conserved_site","0","null"","44.08512066538334","0.18623733582351779","91.47","1.0"
"17:79479113:C>T","NM_001199954.2:c.179G>A","NP_001186883.1:p.Ser60Asn","Unknown significance","null","missense_variant","3/6","null","60","MODERATE","23.7","Actin&_conserved_site&Actin&_conserved_site&Actin&_conserved_site&Actin&_conserved_site&Actin&_conserved_site&Actin&_conserved_site&Actin&_conserved_site&Actin&_conserved_site&Actin&_conserved_site&Actin&_conserved_site&Actin&_conserved_site","0","null"","100.83071858516406","0.7311490522986768","92.79","0.0"
"17:79479116:T>A","NM_001199954.2:c.176A>T","NP_001186883.1:p.Gln59Leu","Unknown significance","null","missense_variant","3/6","null","59","MODERATE","23.4","Actin&_conserved_site&Actin&_conserved_site&Actin&_conserved_site&Actin&_conserved_site&Actin&_conserved_site&Actin&_conserved_site&Actin&_conserved_site&Actin&_conserved_site&Actin&_conserved_site&Actin&_conserved_site&Actin&_conserved_site","0","null"","46.99196901019533","0.2376311759150254","94.42","0.8"
"17:79479119:G>A","NM_001199954.2:c.173C>T","NP_001186883.1:p.Ala58Val","Pathogenic","Baraitser-Winter syndrome","missense_variant","3/6","null","58","MODERATE","23.0","Actin&_conserved_site&Actin&_conserved_site&Actin&_conserved_site&Actin&_conserved_site&Actin&_conserved_site&Actin&_conserved_site&Actin&_conserved_site&Actin&_conserved_site&Actin&_conserved_site&Actin&_conserved_site&Actin&_conserved_site","0","null"","0.0","0.0","95.45","0.5"
"17:79479121:C>A","NM_001199954.2:c.171G>T","NP_001186883.1:p.Glu57Asp","Unknown significance","null","missense_variant","3/6","null","57","MODERATE","23.0","Actin&_conserved_site&Actin&_conserved_site&Actin&_conserved_site&Actin&_conserved_site&Actin&_conserved_site&Actin&_conserved_site&Actin&_conserved_site&Actin&_conserved_site&Actin&_conserved_site&Actin&_conserved_site&Actin&_conserved_site","0","null"","58.36605839486014","0.29889801960088214","94.73","0.1"
"17:79479122:T>C","NM_001199954.2:c.170A>G","NP_001186883.1:p.Glu57Gly","Unknown significance","null","missense_variant","3/6","null","57","MODERATE","23.9","Actin&_conserved_site&Actin&_conserved_site&Actin&_conserved_site&Actin&_conserved_site&Actin&_conserved_site&Actin&_conserved_site&Actin&_conserved_site&Actin&_conserved_site&Actin&_conserved_site&Actin&_conserved_site&Actin&_conserved_site","0","null"","58.36605839486014","0.29889801960088214","94.73","0.8"
"17:79479124:G>C","NM_001199954.2:c.168C>G","NP_001186883.1:p.Asp56Glu","Likely benign","null","missense_variant","3/6","null","56","MODERATE","21.4","Actin&_conserved_site&Actin&_conserved_site&Actin&_conserved_site&Actin&_conserved_site&Actin&_conserved_site&Actin&_conserved_site&Actin&_conserved_site&Actin&_conserved_site&Actin&_conserved_site&Actin&_conserved_site&Actin&_conserved_site","0","gnomad_AF_afr_pass,gnomad_AF_amr_pass,gnomad_AF_eas_pass,gnomad_AF_nfe_pass,gnomad_AF_sas_pass"","74.42398944679368","0.46520855031980085","96.61","0.0"
"17:79479131:A>C","NM_001199954.2:c.161T>G","NP_001186883.1:p.Val54Gly","Unknown significance","null","missense_variant","3/6","null","54","MODERATE","24.4","Actin&_conserved_site&Actin&_conserved_site&Actin&_conserved_site&Actin&_conserved_site&Actin&_conserved_site&Actin&_conserved_site&Actin&_conserved_site&Actin&_conserved_site&Actin&_conserved_site&Actin&_conserved_site&Actin&_conserved_site","0","null"","11.461135906678297","0.06667633497941411","97.4","3.7"
"17:79479135:A>G","NM_001199954.2:c.157T>C","NP_001186883.1:p.Tyr53His","Unknown significance","null","missense_variant","3/6","null","53","MODERATE","24.9","Actin&_conserved_site&Actin&_conserved_site&Actin&_conserved_site&Actin&_conserved_site&Actin&_conserved_site&Actin&_conserved_site&Actin&_conserved_site&Actin&_conserved_site&Actin&_conserved_site&Actin&_conserved_site&Actin&_conserved_site","0","null"","1.480052165360346","0.006169153242535821","95.17","1.9"
"17:79479137:G>T","NM_001199954.2:c.155C>A","NP_001186883.1:p.Ser52Tyr","Unknown significance","null","missense_variant","3/6","null","52","MODERATE","21.1","null","0","null"","4.848485372546953","0.03515759418324028","93.21","2.0"
"17:79479141:C>T","NM_001199954.2:c.151G>A","NP_001186883.1:p.Asp51Asn","Pathogenic","Deafness, dominant progressive","missense_variant","3/6","null","51","MODERATE","25.1","null","0","null"","126.56397380299916","0.7911245179580074","87.13","0.1"
"17:79479143:T>C","NM_001199954.2:c.149A>G","NP_001186883.1:p.Lys50Arg","Unknown significance","null","missense_variant","3/6","null","50","MODERATE","23.2","null","0","null"","116.2549154711621","0.4911182141946219","80.18","0.5"
"17:79479150:C>G","NM_001199954.2:c.142G>C","NP_001186883.1:p.Gly48Arg","Pathogenic","Deafness, dominant progressive","missense_variant","3/6","null","48","MODERATE","25.3","null","0","null"","50.45254946463365","0.5291511965285246","59.1","0.5"
"17:79479150:C>T","NM_001199954.2:c.142G>A","NP_001186883.1:p.Gly48Ser","Likely benign","null","missense_variant","3/6","null","48","MODERATE","24.0","null","0.000882706","gnomad_AF_nfe_pass"","50.45254946463365","0.5291511965285246","59.1","0.3"
"17:79479151:C>A","NM_001199954.2:c.141G>T","NP_001186883.1:p.Met47Ile","Likely benign","null","missense_variant","3/6","null","47","MODERATE","23.4","null","0","null"","129.05383174779945","0.5960002607812782","59.45","0.0"
"17:79479151:C>G","NM_001199954.2:c.141G>C","NP_001186883.1:p.Met47Ile","Likely benign","null","missense_variant","3/6","null","47","MODERATE","23.3","null","0","null"","129.05383174779945","0.5960002607812782","59.45","0.0"
"17:79479151:C>T","NM_001199954.2:c.141G>A","NP_001186883.1:p.Met47Ile","Likely benign","null","missense_variant","3/6","null","47","MODERATE","24.4","null","0","null"","129.05383174779945","0.5960002607812782","59.45","0.0"
"17:79479155:C>T","NM_001199954.2:c.137G>A","NP_001186883.1:p.Gly46Asp","Unknown significance","null","missense_variant","3/6","null","46","MODERATE","25.0","null","0","null"","95.16921186852163","0.9981438572931897","61.52","0.0"
"17:79479161:A>T","NM_001199954.2:c.131T>A","NP_001186883.1:p.Met44Lys","Likely pathogenic","null","missense_variant","3/6","null","44","MODERATE","24.5","null","0","null"","0.8411060337883346","0.0038844210101580488","60.69","1.9"
"17:79479164:A>G","NM_001199954.2:c.128T>C","NP_001186883.1:p.Val43Ala","Unknown significance","null","missense_variant","3/6","null","43","MODERATE","22.9","null","0","null"","63.69478134939789","0.3705509307518413","59.65","0.5"
"17:79479167:C>T","NM_001199954.2:c.125G>A","NP_001186883.1:p.Gly42Asp","Unknown significance","null","missense_variant&splice_region_variant","3/6","null","42","MODERATE","31","null","0","null"","38.52462570703334","0.40404998369765277","64.65","0.1"
"17:79479259:T>C","NM_001199954.2:c.122A>G","NP_001186883.1:p.Gln41Arg","Unknown significance","null","missense_variant&splice_region_variant","2/6","null","41","MODERATE","25.8","null","0","null"","168.71173945138096","0.853149375966836","68.4","0.1"
"17:79479261:G>C","NM_001199954.2:c.120C>G","NP_001186883.1:p.His40Gln","Unknown significance","null","missense_variant","2/6","null","40","MODERATE","17.13","null","0","null"","150.23202409160757","0.7314037353210401","80.35","0.1"
"17:79479262:T>C","NM_001199954.2:c.119A>G","NP_001186883.1:p.His40Arg","Unknown significance","null","missense_variant","2/6","null","40","MODERATE","21.4","null","0","null"","150.23202409160757","0.7314037353210401","80.35","0.0"
"17:79479263:G>A","NM_001199954.2:c.118C>T","NP_001186883.1:p.His40Tyr","Likely pathogenic","Baraitser-Winter syndrome","missense_variant","2/6","null","40","MODERATE","21.4","null","0","null"","150.23202409160757","0.7314037353210401","80.35","0.2"
"17:79479268:G>A","NM_001199954.2:c.113C>T","NP_001186883.1:p.Pro38Leu","Unknown significance","null","missense_variant","2/6","null","38","MODERATE","23.3","null","0","null"","26.331679166524395","0.16739771616513427","91.11","0.8"
"17:79479272:G>C","NM_001199954.2:c.109C>G","NP_001186883.1:p.Arg37Gly","Unknown significance","null","missense_variant","2/6","null","37","MODERATE","21.9","null","0","null"","72.39391338005224","0.2686972535423408","94.47","1.5"
"17:79479275:C>T","NM_001199954.2:c.106G>A","NP_001186883.1:p.Gly36Arg","Unknown significance","null","missense_variant","2/6","null","36","MODERATE","22.6","null","0","null"","0.0","0.0","96.0","0.7"
"17:79479279:G>C","NM_001199954.2:c.102C>G","NP_001186883.1:p.Ile34Met","Unknown significance","null","missense_variant","2/6","null","34","MODERATE","22.5","null","0.000881244","gnomad_AF_nfe_pass"","0.0","0.0","97.06","0.7"
"17:79479286:G>A","NM_001199954.2:c.95C>T","NP_001186883.1:p.Pro32Leu","Unknown significance","null","missense_variant","2/6","null","32","MODERATE","24.5","null","0","null"","7.891982675416057","0.0501715013131018","97.41","0.1"
"17:79479286:G>T","NM_001199954.2:c.95C>A","NP_001186883.1:p.Pro32His","Unknown significance","null","missense_variant","2/6","null","32","MODERATE","24.0","null","0","null"","7.891982675416057","0.0501715013131018","97.41","0.6"
"17:79479287:G>A","NM_001199954.2:c.94C>T","NP_001186883.1:p.Pro32Ser","Likely pathogenic","Hearing loss, non-syndromic","missense_variant","2/6","null","32","MODERATE","24.7","null","0","null"","7.891982675416057","0.0501715013131018","97.41","1.1"
"17:79479289:A>G","NM_001199954.2:c.92T>C","NP_001186883.1:p.Phe31Ser","Unknown significance","null","missense_variant","2/6","null","31","MODERATE","26.1","null","0","gnomad_AF_afr_pass,gnomad_AF_amr_pass,gnomad_AF_eas_pass,gnomad_AF_nfe_pass,gnomad_AF_sas_pass"","0.16145989868262947","7.02762270437287E-4","98.06","3.0"
"17:79479290:A>G","NM_001199954.2:c.91T>C","NP_001186883.1:p.Phe31Leu","Unknown significance","null","missense_variant","2/6","null","31","MODERATE","25.7","null","0.00289151","gnomad_AF_amr_pass"","0.16145989868262947","7.02762270437287E-4","98.06","0.2"
"17:79479293:C>T","NM_001199954.2:c.88G>A","NP_001186883.1:p.Val30Met","Unknown significance","null","missense_variant","2/6","null","30","MODERATE","25.6","null","0","null"","47.95440942834325","0.27897970086203056","97.99","0.4"
"17:79479295:G>A","NM_001199954.2:c.86C>T","NP_001186883.1:p.Ala29Val","Unknown significance","null","missense_variant","2/6","null","29","MODERATE","24.2","null","0.00617132","gnomad_AF_afr_pass"","17.78035719077379","0.13982807147676937","98.08","1.5"
"17:79479296:C>A","NM_001199954.2:c.85G>T","NP_001186883.1:p.Ala29Ser","Unknown significance","null","missense_variant","2/6","null","29","MODERATE","23.0","null","0.000881135","gnomad_AF_nfe_pass"","17.78035719077379","0.13982807147676937","98.08","0.7"
"17:79479296:C>G","NM_001199954.2:c.85G>C","NP_001186883.1:p.Ala29Pro","Unknown significance","null","missense_variant","2/6","null","29","MODERATE","24.7","null","0.000881135","gnomad_AF_nfe_pass"","17.78035719077379","0.13982807147676937","98.08","0.7"
"17:79479299:G>C","NM_001199954.2:c.82C>G","NP_001186883.1:p.Arg28Gly","Likely benign","null","missense_variant","2/6","null","28","MODERATE","20.7","null","0","null"","172.1707072669197","0.6390288081292046","97.57","0.8"
"17:79479304:G>A","NM_001199954.2:c.77C>T","NP_001186883.1:p.Ala26Val","Unknown significance","null","missense_variant","2/6","null","26","MODERATE","24.7","null","0","null"","36.57081312204202","0.28759974933720245","95.62","0.4"
"17:79479304:G>T","NM_001199954.2:c.77C>A","NP_001186883.1:p.Ala26Asp","Unknown significance","null","missense_variant","2/6","null","26","MODERATE","24.8","null","0.000880871","gnomad_AF_nfe_pass"","36.57081312204202","0.28759974933720245","95.62","0.3"
"17:79479307:T>G","NM_001199954.2:c.74A>C","NP_001186883.1:p.Asp25Ala","Unknown significance","null","missense_variant","2/6","null","25","MODERATE","25.0","null","0","null"","135.24300984077172","0.8453753287962515","93.04","0.0"
"17:79479314:C>T","NM_001199954.2:c.67G>A","NP_001186883.1:p.Gly23Arg","Unknown significance","Inborn genetic diseases","missense_variant","2/6","null","23","MODERATE","27.2","null","0","null"","65.32481921841199","0.6851329936589808","94.62","0.2"
"17:79479316:G>A","NM_001199954.2:c.65C>T","NP_001186883.1:p.Ala22Val","Unknown significance","null","missense_variant","2/6","null","22","MODERATE","23.7","null","0.000880266","gnomad_AF_nfe_pass"","14.209538654803904","0.11174648323189111","96.67","0.4"
"17:79479316:G>C","NM_001199954.2:c.65C>G","NP_001186883.1:p.Ala22Gly","Unknown significance","null","missense_variant","2/6","null","22","MODERATE","22.7","null","0","null"","14.209538654803904","0.11174648323189111","96.67","1.2"
"17:79479317:C>G","NM_001199954.2:c.64G>C","NP_001186883.1:p.Ala22Pro","Unknown significance","null","missense_variant","2/6","null","22","MODERATE","24.9","null","0.00088022","gnomad_AF_nfe_pass"","14.209538654803904","0.11174648323189111","96.67","0.8"
"17:79479322:C>T","NM_001199954.2:c.59G>A","NP_001186883.1:p.Gly20Asp","Unknown significance","null","missense_variant","2/6","null","20","MODERATE","23.4","null","0","null"","0.0","0.0","98.41","1.2"
"17:79479325:G>A","NM_001199954.2:c.56C>T","NP_001186883.1:p.Ala19Val","Unknown significance","null","missense_variant","2/6","null","19","MODERATE","22.9","null","0.000880127","gnomad_AF_nfe_pass"","0.0","0.0","98.6","2.1"
"17:79479325:G>C","NM_001199954.2:c.56C>G","NP_001186883.1:p.Ala19Gly","Unknown significance","null","missense_variant","2/6","null","19","MODERATE","23.6","null","0.0040093","gnomad_AF_afr_pass"","0.0","0.0","98.6","2.2"
"17:79479326:C>G","NM_001199954.2:c.55G>C","NP_001186883.1:p.Ala19Pro","Unknown significance","null","missense_variant","2/6","null","19","MODERATE","23.1","null","0","null"","0.0","0.0","98.6","1.4"
"17:79479326:C>T","NM_001199954.2:c.55G>A","NP_001186883.1:p.Ala19Thr","Unknown significance","null","missense_variant","2/6","null","19","MODERATE","23.2","null","0","gnomad_AF_afr_pass,gnomad_AF_amr_pass,gnomad_AF_eas_pass,gnomad_AF_nfe_pass,gnomad_AF_sas_pass"","0.0","0.0","98.6","0.4"
"17:79479328:T>C","NM_001199954.2:c.53A>G","NP_001186883.1:p.Lys18Arg","Unknown significance","null","missense_variant","2/6","null","18","MODERATE","25.9","null","0","null"","14.815031019542367","0.06258601236831508","98.38","1.1"
"17:79479335:T>C","NM_001199954.2:c.46A>G","NP_001186883.1:p.Met16Val","Likely benign","null","missense_variant","2/6","null","16","MODERATE","23.1","null","0","null"","63.85118588365414","0.29487945396476484","96.45","0.0"
"17:79479338:C>G","NM_001199954.2:c.43G>C","NP_001186883.1:p.Gly15Arg","Likely pathogenic","null","missense_variant","2/6","null","15","MODERATE","26.0","null","0","null"","6.961265259377671","0.07301042029470199","94.7","1.4"
"17:79479347:T>C","NM_001199954.2:c.34A>G","NP_001186883.1:p.Asn12Asp","Pathogenic","Baraitser-Winter syndrome","missense_variant","2/6","null","12","MODERATE","24.3","null","0","null"","0.49200666633350043","0.003078368418855029","95.75","0.7"
"17:79479353:T>G","NM_001199954.2:c.28A>C","NP_001186883.1:p.Ile10Leu","Likely benign","null","missense_variant","2/6","null","10","MODERATE","16.74","null","0","null"","0.0","0.0","98.54","0.6"
"17:79479364:G>A","NM_001199954.2:c.17C>T","NP_001186883.1:p.Ala6Val","Unknown significance","null","missense_variant","2/6","null","6","MODERATE","17.86","null","0","null"","36.315932377204696","0.2855953192447823","93.08","0.5"
"17:79479365:C>T","NM_001199954.2:c.16G>A","NP_001186883.1:p.Ala6Thr","Unknown significance","null","missense_variant","2/6","null","6","MODERATE","17.09","null","0.00326627","gnomad_AF_sas_pass"","36.315932377204696","0.2855953192447823","93.08","0.1"
"17:79479367:A>C","NM_001199954.2:c.14T>G","NP_001186883.1:p.Ile5Ser","Unknown significance","null","missense_variant","2/6","null","5","MODERATE","22.3","null","0","null"","104.75421924839426","0.5340278487155415","86.36","0.5"
"17:79479369:C>G","NM_001199954.2:c.12G>C","NP_001186883.1:p.Glu4Asp","Likely benign","null","missense_variant","2/6","null","4","MODERATE","11.23","null","0.00289134","gnomad_AF_amr_pass"","125.47345621978778","0.6425612523437977","76.61","0.1"
"17:79479371:C>T","NM_001199954.2:c.10G>A","NP_001186883.1:p.Glu4Lys","Unknown significance","null","missense_variant","2/6","null","4","MODERATE","24.3","null","0","gnomad_AF_afr_pass,gnomad_AF_amr_pass,gnomad_AF_eas_pass,gnomad_AF_nfe_pass,gnomad_AF_sas_pass"","125.47345621978778","0.6425612523437977","76.61","0.1"
"17:79479373:T>G","NM_001199954.2:c.8A>C","NP_001186883.1:p.Glu3Ala","Unknown significance","null","missense_variant","2/6","null","3","MODERATE","24.0","null","0.000879941","gnomad_AF_nfe_pass"","176.7696732622693","0.9052539560944581","57.53","0.0"
"17:79479376:T>C","NM_001199954.2:c.5A>G","NP_001186883.1:p.Glu2Gly","Unknown significance","null","missense_variant","2/6","null","2","MODERATE","24.3","null","0","null"","165.06951747542877","0.8453363688890765","48.3","0.0"