{"applied_filters": "CONTAINS missense_variant[Consequence]"},,"Surface Area","Normalized SA","Confidence Score","|ddG|""Genomic Description (GRCh37)","HGVS Nucleotide Change","HGVS Protein Change","Variant Classification","Phenotype","Consequence","Exon","Intron","Protein Position","Impact","CADD Phred","Interpro Domain","Max MAF (%)","Max MAF Source","Surface Area","Normalized SA","Confidence Score","|ddG|"
"6:24174962:G>A","NM_016356.5:c.1427C>T","NP_057440.2:p.Ala476Val","Unknown significance","null","missense_variant","10/10","null","476","MODERATE","22.6","null","0.00176128","gnomad_AF_nfe_pass"","194.03546126582611","1.5259313441118278","43.35","0.1"
"6:24174966:C>T","NM_016356.5:c.1423G>A","NP_057440.2:p.Val475Met","Unknown significance","null","missense_variant","10/10","null","475","MODERATE","19.11","null","0.188377","gnomad_AF_afr_pass"","166.61431617044852","0.9692958924667835","36.47","0.2"
"6:24174974:T>C","NM_016356.5:c.1415A>G","NP_057440.2:p.Tyr472Cys","Likely benign","null","missense_variant","10/10","null","472","MODERATE","13.59","null","0.0108743","gnomad_AF_eas_pass"","252.68773836460682","1.0532529980803222","39.59","0.2"
"6:24174977:T>A","NM_016356.5:c.1412A>T","NP_057440.2:p.Asp471Val","Unknown significance","null","missense_variant","10/10","null","471","MODERATE","16.47","null","0","null"","75.60264867370925","0.47257609879913154","41.17","0.5"
"6:24174983:T>G","NM_016356.5:c.1406A>C","NP_057440.2:p.Asn469Thr","Likely benign","null","missense_variant","10/10","null","469","MODERATE","4.121","null","0.00289168","gnomad_AF_amr_pass"","112.9939576556757","0.7069762557503594","37.54","0.1"
"6:24174984:T>G","NM_016356.5:c.1405A>C","NP_057440.2:p.Asn469His","Likely benign","null","missense_variant","10/10","null","469","MODERATE","14.20","null","0.000879709","gnomad_AF_nfe_pass"","112.9939576556757","0.7069762557503594","37.54","0.1"
"6:24174987:G>T","NM_016356.5:c.1402C>A","NP_057440.2:p.Gln468Lys","Likely benign","null","missense_variant","10/10","null","468","MODERATE","15.40","null","0.00326669","gnomad_AF_sas_pass"","170.39845919964463","0.86167885889044","42.03","0.2"
"6:24174993:T>C","NM_016356.5:c.1396A>G","NP_057440.2:p.Asn466Asp","Likely benign","null","missense_variant","10/10","null","466","MODERATE","12.32","null","0.000879832","gnomad_AF_nfe_pass"","83.80991167732476","0.5243786374220087","34.01","0.4"
"6:24174995:T>C","NM_016356.5:c.1394A>G","NP_057440.2:p.Asn465Ser","Likely benign","null","missense_variant","10/10","null","465","MODERATE","9.811","null","0.00326669","gnomad_AF_sas_pass"","140.88826391986137","0.8815042801558945","39.13","0.1"
"6:24174999:C>T","NM_016356.5:c.1390G>A","NP_057440.2:p.Glu464Lys","Unknown significance","null","missense_variant","10/10","null","464","MODERATE","23.8","null","0","null"","150.57113515710276","0.7710888030684296","44.88","0.2"
"6:24175011:G>A","NM_016356.5:c.1378C>T","NP_057440.2:p.Pro460Ser","Unknown significance","null","missense_variant","10/10","null","460","MODERATE","23.0","null","0","null"","143.3905290096725","0.911572973532393","42.94","0.3"
"6:24175011:G>C","NM_016356.5:c.1378C>G","NP_057440.2:p.Pro460Ala","Unknown significance","null","missense_variant","10/10","null","460","MODERATE","22.7","null","0.00326669","gnomad_AF_sas_pass"","143.3905290096725","0.911572973532393","42.94","0.3"
"6:24175013:C>G","NM_016356.5:c.1376G>C","NP_057440.2:p.Ser459Thr","Unknown significance","null","missense_variant","10/10","null","459","MODERATE","23.5","null","0","gnomad_AF_afr_pass,gnomad_AF_amr_pass,gnomad_AF_eas_pass,gnomad_AF_nfe_pass"","98.01079578575295","0.7107010785930898","34.42","0.0"
"6:24175018:A>C","NM_016356.5:c.1371T>G","NP_057440.2:p.Ile457Met","Unknown significance","null","missense_variant","10/10","null","457","MODERATE","21.8","null","0.00615233","gnomad_AF_afr_pass"","179.82235127510708","0.9167186208959107","38.91","0.3"
"6:24175021:T>A","NM_016356.5:c.1368A>T","NP_057440.2:p.Lys456Asn","Benign","null","missense_variant","10/10","null","456","MODERATE","23.2","null","44.643","gnomad_AF_afr_pass"","198.10272241569257","0.8368837985523443","39.42","0.0"
"6:24175025:A>G","NM_016356.5:c.1364T>C","NP_057440.2:p.Val455Ala","Unknown significance","null","missense_variant","10/10","null","455","MODERATE","26.2","null","0.0751804","gnomad_AF_eas_pass"","135.0574086767567","0.7857103428235112","38.66","0.6"
"6:24175034:C>T","NM_016356.5:c.1355G>A","NP_057440.2:p.Arg452Lys","Likely benign","null","missense_variant","10/10","null","452","MODERATE","21.5","null","0.00441197","gnomad_AF_nfe_pass"","251.7236136823226","0.9342973806804928","42.86","0.1"
"6:24175038:G>A","NM_016356.5:c.1351C>T","NP_057440.2:p.Pro451Ser","Unknown significance","null","missense_variant","10/10","null","451","MODERATE","23.9","null","0.000882924","gnomad_AF_nfe_pass"","145.5581869918099","0.9253533706480555","47.71","0.2"
"6:24175047:G>T","NM_016356.5:c.1342C>A","NP_057440.2:p.Gln448Lys","Likely benign","null","missense_variant","10/10","null","448","MODERATE","22.6","null","0.00564685","gnomad_AF_amr_pass"","143.02344627436096","0.7232476194862596","39.82","0.3"
"6:24175049:G>A","NM_016356.5:c.1340C>T","NP_057440.2:p.Pro447Leu","Likely benign","null","missense_variant","10/10","null","447","MODERATE","21.2","null","0.000884314","gnomad_AF_nfe_pass"","139.28175194265737","0.8854523492873424","48.01","0.1"
"6:24175055:A>G","NM_016356.5:c.1334T>C","NP_057440.2:p.Val445Ala","Unknown significance","null","missense_variant","10/10","null","445","MODERATE","12.25","null","0.000885034","gnomad_AF_nfe_pass"","126.14310233038633","0.7338504503225094","40.36","0.4"
"6:24175057:A>C","NM_016356.5:c.1332T>G","NP_057440.2:p.Asp444Glu","Likely benign","null","missense_variant","10/10","null","444","MODERATE","6.640","null","0.0028967","gnomad_AF_amr_pass"","165.74622979155305","1.0360444778014095","34.71","0.0"
"6:24175058:T>A","NM_016356.5:c.1331A>T","NP_057440.2:p.Asp444Val","Unknown significance","null","missense_variant","10/10","null","444","MODERATE","19.19","null","0.000885442","gnomad_AF_nfe_pass"","165.74622979155305","1.0360444778014095","34.71","0.0"
"6:24178564:T>G","NM_016356.5:c.1320A>C","NP_057440.2:p.Gln440His","Likely benign","null","missense_variant","9/10","null","440","MODERATE","9.658","null","0.00289603","gnomad_AF_amr_pass"","160.8745532741964","0.813517928160397","29.48","0.0"
"6:24178571:C>T","NM_016356.5:c.1313G>A","NP_057440.2:p.Ser438Asn","Likely benign","null","missense_variant","9/10","null","438","MODERATE","2.920","null","0.00088255","gnomad_AF_nfe_pass"","127.98200793242592","0.9280299210804507","30.09","0.0"
"6:24178572:T>C","NM_016356.5:c.1312A>G","NP_057440.2:p.Ser438Gly","Likely benign","null","missense_variant","9/10","null","438","MODERATE","12.71","null","0","null"","127.98200793242592","0.9280299210804507","30.09","0.2"
"6:24178593:T>C","NM_016356.5:c.1291A>G","NP_057440.2:p.Arg431Gly","Likely benign","null","missense_variant","9/10","null","431","MODERATE","11.37","null","0.00289402","gnomad_AF_amr_pass"","257.3038576153432","0.9550090144200234","30.26","0.3"
"6:24178595:T>C","NM_016356.5:c.1289A>G","NP_057440.2:p.Glu430Gly","Unknown significance","null","missense_variant","9/10","null","430","MODERATE","22.9","null","0","gnomad_AF_afr_pass,gnomad_AF_amr_pass,gnomad_AF_eas_pass,gnomad_AF_nfe_pass,gnomad_AF_sas_pass"","166.71697851695302","0.8537731702805607","33.74","0.4"
"6:24178596:C>T","NM_016356.5:c.1288G>A","NP_057440.2:p.Glu430Lys","Unknown significance","null","missense_variant","9/10","null","430","MODERATE","22.4","null","0.00327418","gnomad_AF_sas_pass"","166.71697851695302","0.8537731702805607","33.74","0.0"
"6:24178601:T>A","NM_016356.5:c.1283A>T","NP_057440.2:p.Asp428Val","Unknown significance","null","missense_variant","9/10","null","428","MODERATE","16.88","null","0","null"","118.04731671125924","0.7378887034220014","33.29","0.1"
"6:24178601:T>C","NM_016356.5:c.1283A>G","NP_057440.2:p.Asp428Gly","Likely benign","null","missense_variant","9/10","null","428","MODERATE","13.84","null","0.00289118","gnomad_AF_amr_pass"","118.04731671125924","0.7378887034220014","33.29","0.4"
"6:24178613:T>G","NM_016356.5:c.1271A>C","NP_057440.2:p.Gln424Pro","Pathogenic","DFNB66 deafness","missense_variant","9/10","null","424","MODERATE","14.15","null","0","null"","159.50754307911853","0.8066051673847483","32.04","0.3"
"6:24178621:A>C","NM_016356.5:c.1263T>G","NP_057440.2:p.Asn421Lys","Likely benign","null","missense_variant","9/10","null","421","MODERATE","7.201","null","0.000879245","gnomad_AF_nfe_pass"","166.44688171493988","1.0414184586288837","33.04","0.0"
"6:24178621:A>T","NM_016356.5:c.1263T>A","NP_057440.2:p.Asn421Lys","Likely benign","null","missense_variant","9/10","null","421","MODERATE","7.292","null","0.00578168","gnomad_AF_amr_pass"","166.44688171493988","1.0414184586288837","33.04","0.0"
"6:24178629:C>A","NM_016356.5:c.1255G>T","NP_057440.2:p.Val419Phe","Likely benign","null","missense_variant","9/10","null","419","MODERATE","10.80","null","0.000879229","gnomad_AF_nfe_pass"","136.4452709245529","0.7937843739573206","32.83","0.2"
"6:24178631:T>C","NM_016356.5:c.1253A>G","NP_057440.2:p.Gln418Arg","Likely benign","null","missense_variant","9/10","null","418","MODERATE","13.38","null","0.00175837","gnomad_AF_nfe_pass"","181.50881509017492","0.9178622236379","30.39","0.0"
"6:24178637:A>G","NM_016356.5:c.1247T>C","NP_057440.2:p.Leu416Pro","Unknown significance","null","missense_variant","9/10","null","416","MODERATE","24.8","null","0.0163114","gnomad_AF_eas_pass"","188.32261983556063","0.9765175977128102","35.33","0.2"
"6:24178641:C>T","NM_016356.5:c.1243G>A","NP_057440.2:p.Glu415Lys","Unknown significance","null","missense_variant","9/10","null","415","MODERATE","23.8","null","0","null"","145.06681453990944","0.7429006646713323","34.42","0.2"
"6:24178643:T>G","NM_016356.5:c.1241A>C","NP_057440.2:p.Glu414Ala","Unknown significance","null","missense_variant","9/10","null","414","MODERATE","25.2","null","0.00578168","gnomad_AF_amr_pass"","138.52641616677118","0.7094066756151172","34.18","0.3"
"6:24178646:C>A","NM_016356.5:c.1238G>T","NP_057440.2:p.Gly413Val","Unknown significance","null","missense_variant","9/10","null","413","MODERATE","25.2","null","0.00289084","gnomad_AF_amr_pass"","98.12017905269315","1.0290938852499603","31.73","0.2"
"6:24178647:C>T","NM_016356.5:c.1237G>A","NP_057440.2:p.Gly413Ser","Unknown significance","null","missense_variant","9/10","null","413","MODERATE","24.1","null","0.0802005","gnomad_AF_eas_pass"","98.12017905269315","1.0290938852499603","31.73","0.1"
"6:24178657:A>T","NM_016356.5:c.1227T>A","NP_057440.2:p.Asp409Glu","Likely benign","null","missense_variant","9/10","null","409","MODERATE","16.04","null","0.0114916","gnomad_AF_afr_pass"","157.25307465119272","0.9829555689716449","35.15","0.1"
"6:24178659:C>A","NM_016356.5:c.1225G>T","NP_057440.2:p.Asp409Tyr","Unknown significance","null","missense_variant","9/10","null","409","MODERATE","23.0","null","0.0017584","gnomad_AF_nfe_pass"","157.25307465119272","0.9829555689716449","35.15","0.0"
"6:24178659:C>T","NM_016356.5:c.1225G>A","NP_057440.2:p.Asp409Asn","Likely benign","null","missense_variant","9/10","null","409","MODERATE","13.31","null","0.00564366","gnomad_AF_amr_pass"","157.25307465119272","0.9829555689716449","35.15","0.0"
"6:24178661:G>A","NM_016356.5:c.1223C>T","NP_057440.2:p.Thr408Ile","Likely benign","null","missense_variant","9/10","null","408","MODERATE","13.60","null","0.00326627","gnomad_AF_sas_pass"","124.57780297736406","0.7917866479165218","32.16","0.3"
"6:24178664:C>A","NM_016356.5:c.1220G>T","NP_057440.2:p.Gly407Val","Unknown significance","null","missense_variant","9/10","null","407","MODERATE","15.68","null","0.0360548","gnomad_AF_afr_pass"","61.60778887948425","0.6461484215759549","29.42","0.3"
"6:24178664:C>G","NM_016356.5:c.1220G>C","NP_057440.2:p.Gly407Ala","Likely benign","null","missense_variant","9/10","null","407","MODERATE","14.69","null","0.00615157","gnomad_AF_afr_pass"","61.60778887948425","0.6461484215759549","29.42","0.2"
"6:24178665:C>G","NM_016356.5:c.1219G>C","NP_057440.2:p.Gly407Arg","Unknown significance","null","missense_variant","9/10","null","407","MODERATE","16.14","null","0.00578202","gnomad_AF_amr_pass"","61.60778887948425","0.6461484215759549","29.42","0.2"
"6:24178665:C>T","NM_016356.5:c.1219G>A","NP_057440.2:p.Gly407Ser","Unknown significance","null","missense_variant","9/10","null","407","MODERATE","18.71","null","0.0017583","gnomad_AF_nfe_pass"","61.60778887948425","0.6461484215759549","29.42","0.1"
"6:24178667:C>T","NM_016356.5:c.1217G>A","NP_057440.2:p.Gly406Glu","Unknown significance","null","missense_variant","9/10","null","406","MODERATE","16.72","null","0","null"","81.25811540237794","0.8522429381484863","26.34","0.3"
"6:24178670:T>C","NM_016356.5:c.1214A>G","NP_057440.2:p.Asn405Ser","Likely benign","null","missense_variant","9/10","null","405","MODERATE","4.535","null","0.00326627","gnomad_AF_sas_pass"","139.78308578522405","0.8745894440374535","33.22","0.1"
"6:24178671:T>C","NM_016356.5:c.1213A>G","NP_057440.2:p.Asn405Asp","Likely benign","null","missense_variant","9/10","null","405","MODERATE","14.93","null","0.0080141","gnomad_AF_afr_pass"","139.78308578522405","0.8745894440374535","33.22","0.1"
"6:24178676:C>A","NM_016356.5:c.1208G>T","NP_057440.2:p.Arg403Leu","Likely benign","null","missense_variant","9/10","null","403","MODERATE","15.98","null","0.000879105","gnomad_AF_nfe_pass"","246.60027869930985","0.9152816102291024","30.03","0.1"
"6:24178676:C>G","NM_016356.5:c.1208G>C","NP_057440.2:p.Arg403Pro","Unknown significance","null","missense_variant","9/10","null","403","MODERATE","16.72","null","0.000879105","gnomad_AF_nfe_pass"","246.60027869930985","0.9152816102291024","30.03","0.2"
"6:24178676:C>T","NM_016356.5:c.1208G>A","NP_057440.2:p.Arg403His","Benign","null","missense_variant","9/10","null","403","MODERATE","11.94","null","0.6251","gnomad_AF_afr_pass"","246.60027869930985","0.9152816102291024","30.03","0.0"
"6:24178677:G>A","NM_016356.5:c.1207C>T","NP_057440.2:p.Arg403Cys","Likely benign","null","missense_variant","9/10","null","403","MODERATE","18.04","null","0.00326627","gnomad_AF_sas_pass"","246.60027869930985","0.9152816102291024","30.03","0.2"
"6:24178679:G>A","NM_016356.5:c.1205C>T","NP_057440.2:p.Ala402Val","Likely benign","null","missense_variant","9/10","null","402","MODERATE","10.58","null","0.000879167","gnomad_AF_nfe_pass"","96.11545986432314","0.7558700451138828","29.28","0.0"
"6:24178680:C>G","NM_016356.5:c.1204G>C","NP_057440.2:p.Ala402Pro","Likely benign","null","missense_variant","9/10","null","402","MODERATE","6.258","null","0.000879121","gnomad_AF_nfe_pass"","96.11545986432314","0.7558700451138828","29.28","0.2"
"6:24178680:C>T","NM_016356.5:c.1204G>A","NP_057440.2:p.Ala402Thr","Likely benign","null","missense_variant","9/10","null","402","MODERATE","3.427","null","0.000879121","gnomad_AF_nfe_pass"","96.11545986432314","0.7558700451138828","29.28","0.1"
"6:24178682:G>T","NM_016356.5:c.1202C>A","NP_057440.2:p.Pro401His","Unknown significance","null","missense_variant","9/10","null","401","MODERATE","18.07","null","0.000879183","gnomad_AF_nfe_pass"","142.51385624042115","0.9059997239698125","35.6","0.2"
"6:24178685:C>T","NM_016356.5:c.1199G>A","NP_057440.2:p.Arg400His","Unknown significance","Sclerosing cholangitis, neonatal; Deafness, autosomal recessive 66","missense_variant","9/10","null","400","MODERATE","8.450","null","0.124161","gnomad_AF_amr_pass"","205.3822357856833","0.762296719508531","28.93","0.1"
"6:24178686:G>A","NM_016356.5:c.1198C>T","NP_057440.2:p.Arg400Cys","Likely benign","null","missense_variant","9/10","null","400","MODERATE","16.33","null","0.0120192","gnomad_AF_afr_pass"","205.3822357856833","0.762296719508531","28.93","0.2"
"6:24178691:T>C","NM_016356.5:c.1193A>G","NP_057440.2:p.Gln398Arg","Likely benign","null","missense_variant","9/10","null","398","MODERATE","9.142","null","0","gnomad_AF_afr_pass,gnomad_AF_amr_pass,gnomad_AF_eas_pass,gnomad_AF_nfe_pass,gnomad_AF_sas_pass"","135.25547439858084","0.6839661777804229","30.76","0.2"
"6:24178703:T>C","NM_016356.5:c.1181A>G","NP_057440.2:p.His394Arg","Likely benign","null","missense_variant","9/10","null","394","MODERATE","0.012","null","0.0054401","gnomad_AF_eas_pass"","178.00649438547998","0.8666235823698583","33.75","0.1"
"6:24178703:T>G","NM_016356.5:c.1181A>C","NP_057440.2:p.His394Pro","Likely benign","null","missense_variant","9/10","null","394","MODERATE","0.025","null","0","null"","178.00649438547998","0.8666235823698583","33.75","0.3"
"6:24178710:G>C","NM_016356.5:c.1174C>G","NP_057440.2:p.Leu392Val","Likely benign","null","missense_variant","9/10","null","392","MODERATE","7.959","null","0.00175806","gnomad_AF_nfe_pass"","172.1946984301324","0.8928887745757826","31.17","0.0"
"6:24178712:A>G","NM_016356.5:c.1172T>C","NP_057440.2:p.Ile391Thr","Likely benign","null","missense_variant","9/10","null","391","MODERATE","0.049","null","0.00326627","gnomad_AF_sas_pass"","168.2736302265035","0.8578442509540413","34.91","0.1"
"6:24178714:C>G","NM_016356.5:c.1170G>C","NP_057440.2:p.Glu390Asp","Likely benign","null","missense_variant","9/10","null","390","MODERATE","8.729","null","0.00326627","gnomad_AF_sas_pass"","154.05582083252983","0.7889342028771726","31.12","0.1"
"6:24178718:T>C","NM_016356.5:c.1166A>G","NP_057440.2:p.Glu389Gly","Likely benign","null","missense_variant","9/10","null","389","MODERATE","14.42","null","0.0451264","gnomad_AF_eas_pass"","129.6571782672081","0.6639864825019577","33.98","0.4"
"6:24178719:C>T","NM_016356.5:c.1165G>A","NP_057440.2:p.Glu389Lys","Likely benign","null","missense_variant","9/10","null","389","MODERATE","7.163","null","0.00846644","gnomad_AF_amr_pass"","129.6571782672081","0.6639864825019577","33.98","0.2"
"6:24178730:G>A","NM_016356.5:c.1154C>T","NP_057440.2:p.Pro385Leu","Unknown significance","Deafness, autosomal recessive 66; Sclerosing cholangitis, neonatal","missense_variant","9/10","null","385","MODERATE","13.64","null","0.00263732","gnomad_AF_nfe_pass"","135.82521220685788","0.8634781768865762","34.61","0.1"
"6:24178731:G>C","NM_016356.5:c.1153C>G","NP_057440.2:p.Pro385Ala","Likely benign","null","missense_variant","9/10","null","385","MODERATE","0.941","null","0.000879075","gnomad_AF_nfe_pass"","135.82521220685788","0.8634781768865762","34.61","0.1"
"6:24178737:C>G","NM_016356.5:c.1147G>C","NP_057440.2:p.Asp383His","Likely benign","null","missense_variant","9/10","null","383","MODERATE","17.36","null","0.270758","gnomad_AF_eas_pass"","150.7536872430651","0.9423292787582803","32.67","0.0"
"6:24178742:G>C","NM_016356.5:c.1142C>G","NP_057440.2:p.Ala381Gly","Likely benign","null","missense_variant","9/10","null","381","MODERATE","10.19","null","0.000879136","gnomad_AF_nfe_pass"","124.65745615717618","0.9803296695694396","30.02","0.1"
"6:24178747:C>A","NM_016356.5:c.1137G>T","NP_057440.2:p.Arg379Ser","Likely benign","null","missense_variant","9/10","null","379","MODERATE","2.856","null","0.00326648","gnomad_AF_sas_pass"","270.437136775175","1.0037544941915872","31.9","0.1"
"6:24178748:C>T","NM_016356.5:c.1136G>A","NP_057440.2:p.Arg379Lys","Likely benign","null","missense_variant","9/10","null","379","MODERATE","0.136","null","0.000879183","gnomad_AF_nfe_pass"","270.437136775175","1.0037544941915872","31.9","0.1"
"6:24178749:T>C","NM_016356.5:c.1135A>G","NP_057440.2:p.Arg379Gly","Likely benign","null","missense_variant","9/10","null","379","MODERATE","0.077","null","0.00979944","gnomad_AF_sas_pass"","270.437136775175","1.0037544941915872","31.9","0.2"
"6:24178751:C>T","NM_016356.5:c.1133G>A","NP_057440.2:p.Gly378Asp","Likely benign","null","missense_variant","9/10","null","378","MODERATE","0.754","null","0.00326669","gnomad_AF_sas_pass"","85.30732244443365","0.8947114114770236","30.33","0.0"
"6:24178752:C>A","NM_016356.5:c.1132G>T","NP_057440.2:p.Gly378Cys","Unknown significance","null","missense_variant","9/10","null","378","MODERATE","21.3","null","0.0326229","gnomad_AF_eas_pass"","85.30732244443365","0.8947114114770236","30.33","0.1"
"6:24178774:A>C","NM_016356.5:c.1110T>G","NP_057440.2:p.Asn370Lys","Unknown significance","null","missense_variant","9/10","null","370","MODERATE","21.2","null","0.00154825","gnomad_AF_nfe_pass"","113.77792328461489","0.7118813417964056","37.7","0.3"
"6:24178775:T>C","NM_016356.5:c.1109A>G","NP_057440.2:p.Asn370Ser","Unknown significance","null","missense_variant","9/10","null","370","MODERATE","18.05","null","0.00801089","gnomad_AF_afr_pass"","113.77792328461489","0.7118813417964056","37.7","0.3"
"6:24178776:T>C","NM_016356.5:c.1108A>G","NP_057440.2:p.Asn370Asp","Unknown significance","null","missense_variant","9/10","null","370","MODERATE","23.6","null","0.000879183","gnomad_AF_nfe_pass"","113.77792328461489","0.7118813417964056","37.7","0.3"
"6:24178782:C>T","NM_016356.5:c.1102G>A","NP_057440.2:p.Gly368Arg","Unknown significance","null","missense_variant","9/10","null","368","MODERATE","21.9","null","0.0108755","gnomad_AF_eas_pass"","52.46689762099753","0.550277873940776","33.11","0.0"
"6:24178784:G>A","NM_016356.5:c.1100C>T","NP_057440.2:p.Ser367Leu","Unknown significance","null","missense_variant","9/10","null","367","MODERATE","22.3","null","0.0225734","gnomad_AF_amr_pass"","138.3161608646823","1.0029654787036668","32.77","0.0"
"6:24178785:A>T","NM_016356.5:c.1099T>A","NP_057440.2:p.Ser367Thr","Likely benign","null","missense_variant","9/10","null","367","MODERATE","14.14","null","0.17968","gnomad_AF_sas_pass"","138.3161608646823","1.0029654787036668","32.77","0.0"
"6:24178789:G>C","NM_016356.5:c.1095C>G","NP_057440.2:p.Asp365Glu","Likely benign","null","missense_variant","9/10","null","365","MODERATE","5.629","null","0.000879368","gnomad_AF_nfe_pass"","113.04095707568125","0.7065950126946073","34.12","0.1"
"6:24178790:T>A","NM_016356.5:c.1094A>T","NP_057440.2:p.Asp365Val","Likely benign","null","missense_variant","9/10","null","365","MODERATE","19.86","null","0.000879384","gnomad_AF_nfe_pass"","113.04095707568125","0.7065950126946073","34.12","0.4"
"6:24178792:T>G","NM_016356.5:c.1092A>C","NP_057440.2:p.Glu364Asp","Likely benign","null","missense_variant","9/10","null","364","MODERATE","11.45","null","0.00801218","gnomad_AF_afr_pass"","123.22351295429152","0.6310390833852305","36.21","0.1"
"6:24178808:T>A","NM_016356.5:c.1076A>T","NP_057440.2:p.Asp359Val","Unknown significance","Deafness, autosomal recessive 66; Sclerosing cholangitis, neonatal","missense_variant","9/10","null","359","MODERATE","15.81","null","0","null"","152.29661386612358","0.9519737853602278","29.86","0.1"
"6:24178813:G>T","NM_016356.5:c.1071C>A","NP_057440.2:p.Asn357Lys","Likely benign","null","missense_variant","9/10","null","357","MODERATE","8.592","null","0.00801218","gnomad_AF_afr_pass"","156.85954354354067","0.9814327692729728","33.53","0.1"
"6:24178814:T>A","NM_016356.5:c.1070A>T","NP_057440.2:p.Asn357Ile","Likely benign","null","missense_variant","9/10","null","357","MODERATE","12.95","null","0.00867353","gnomad_AF_amr_pass"","156.85954354354067","0.9814327692729728","33.53","0.1"
"6:24178818:C>G","NM_016356.5:c.1066G>C","NP_057440.2:p.Ala356Pro","Likely benign","null","missense_variant","9/10","null","356","MODERATE","11.33","null","0.000880266","gnomad_AF_nfe_pass"","114.07311291718518","0.8970924045799551","36.12","0.0"
"6:24178818:C>T","NM_016356.5:c.1066G>A","NP_057440.2:p.Ala356Thr","Unknown significance","null","missense_variant","9/10","null","356","MODERATE","9.844","null","0.0173481","gnomad_AF_amr_pass"","114.07311291718518","0.8970924045799551","36.12","0.1"
"6:24178819:C>A","NM_016356.5:c.1065G>T","NP_057440.2:p.Lys355Asn","Likely benign","null","missense_variant","9/10","null","355","MODERATE","0.787","null","0.00289118","gnomad_AF_amr_pass"","201.04214793641577","0.8493013845670515","40.53","0.0"
"6:24178828:A>C","NM_016356.5:c.1056T>G","NP_057440.2:p.Asp352Glu","Likely benign","null","missense_variant","9/10","null","352","MODERATE","15.38","null","0.00264196","gnomad_AF_nfe_pass"","142.2597788901564","0.889235661756859","42.49","0.0"
"6:24178840:G>T","NM_016356.5:c.1044C>A","NP_057440.2:p.Asp348Glu","Likely benign","null","missense_variant","9/10","null","348","MODERATE","15.54","null","0.00088171","gnomad_AF_nfe_pass"","128.672359982847","0.8043035921454041","63.6","0.0"
"6:24178841:T>C","NM_016356.5:c.1043A>G","NP_057440.2:p.Asp348Gly","Unknown significance","null","missense_variant","9/10","null","348","MODERATE","23.2","null","0.00327611","gnomad_AF_sas_pass"","128.672359982847","0.8043035921454041","63.6","0.2"
"6:24178842:C>A","NM_016356.5:c.1042G>T","NP_057440.2:p.Asp348Tyr","Unknown significance","null","missense_variant","9/10","null","348","MODERATE","26.5","null","0.00327675","gnomad_AF_sas_pass"","128.672359982847","0.8043035921454041","63.6","0.2"
"6:24178847:A>G","NM_016356.5:c.1037T>C","NP_057440.2:p.Ile346Thr","Likely benign","null","missense_variant","9/10","null","346","MODERATE","15.49","null","0.00615233","gnomad_AF_afr_pass"","174.65339297236454","0.8903677235065796","73.19","0.4"
"6:24178856:G>A","NM_016356.5:c.1028C>T","NP_057440.2:p.Pro343Leu","Unknown significance","null","missense_variant","9/10","null","343","MODERATE","25.1","null","0.00311148","gnomad_AF_nfe_pass"","149.62156410653304","0.9511853749277929","71.16","0.1"
"6:24178859:C>T","NM_016356.5:c.1025G>A","NP_057440.2:p.Arg342Lys","Unknown significance","null","missense_variant&splice_region_variant","9/10","null","342","MODERATE","24.4","null","0","null"","110.88255746513171","0.4115517073959039","67.33","0.6"
"6:24178860:T>A","NM_016356.5:c.1024A>T","NP_057440.2:p.Arg342Trp","Unknown significance","null","missense_variant&splice_region_variant","9/10","null","342","MODERATE","25.8","null","0.00176869","gnomad_AF_nfe_pass"","110.88255746513171","0.4115517073959039","67.33","0.2"
"6:24205235:C>T","NM_016356.5:c.1018G>A","NP_057440.2:p.Asp340Asn","Unknown significance","null","missense_variant","8/10","null","340","MODERATE","28.2","null","0.00290141","gnomad_AF_amr_pass"","141.90150325991806","0.886996156890256","72.3","0.1"
"6:24205244:C>G","NM_016356.5:c.1009G>C","NP_057440.2:p.Val337Leu","Likely benign","null","missense_variant","8/10","null","337","MODERATE","15.66","null","0.00847601","gnomad_AF_amr_pass"","79.48012487062257","0.4623837875433757","70.88","0.0"
"6:24205250:C>T","NM_016356.5:c.1003G>A","NP_057440.2:p.Val335Ile","Unknown significance","null","missense_variant","8/10","null","335","MODERATE","23.8","null","0.0114863","gnomad_AF_afr_pass"","139.8118764199656","0.8133699471137192","75.27","0.1"
"6:24205255:G>T","NM_016356.5:c.998C>A","NP_057440.2:p.Thr333Asn","Unknown significance","null","missense_variant","8/10","null","333","MODERATE","26.7","null","0","gnomad_AF_afr_pass,gnomad_AF_amr_pass,gnomad_AF_eas_pass,gnomad_AF_nfe_pass,gnomad_AF_sas_pass"","68.11204862671052","0.4329038510549864","76.24","0.7"
"6:24205258:T>C","NM_016356.5:c.995A>G","NP_057440.2:p.Asp332Gly","Unknown significance","null","missense_variant","8/10","null","332","MODERATE","24.1","null","0.00615233","gnomad_AF_afr_pass"","126.8373757063735","0.7928334951852278","69.67","0.4"
"6:24205270:T>C","NM_016356.5:c.983A>G","NP_057440.2:p.Gln328Arg","Unknown significance","null","missense_variant","8/10","null","328","MODERATE","23.8","null","0.00326926","gnomad_AF_sas_pass"","170.84854870422816","0.8639548924445563","70.85","0.2"
"6:24205271:G>C","NM_016356.5:c.982C>G","NP_057440.2:p.Gln328Glu","Unknown significance","null","missense_variant","8/10","null","328","MODERATE","23.4","null","0","null"","170.84854870422816","0.8639548924445563","70.85","0.2"
"6:24205274:C>T","NM_016356.5:c.979G>A","NP_057440.2:p.Val327Ile","Unknown significance","null","missense_variant","8/10","null","327","MODERATE","21.5","null","0.000881119","gnomad_AF_nfe_pass"","153.11143525135435","0.8907414962289679","80.26","0.1"
"6:24205280:C>T","NM_016356.5:c.973G>A","NP_057440.2:p.Ala325Thr","Unknown significance","null","missense_variant","8/10","null","325","MODERATE","24.2","null","0.00648172","gnomad_AF_nfe_pass"","100.07843582418906","0.7870356330619355","78.21","0.0"
"6:24205283:C>A","NM_016356.5:c.970G>T","NP_057440.2:p.Ala324Ser","Unknown significance","Deafness, autosomal recessive 66; Sclerosing cholangitis, neonatal","missense_variant","8/10","null","324","MODERATE","26.5","null","0","null"","76.67663678950643","0.6029994861500753","72.2","0.3"
"6:24205283:C>T","NM_016356.5:c.970G>A","NP_057440.2:p.Ala324Thr","Unknown significance","null","missense_variant","8/10","null","324","MODERATE","27.9","null","0.0114784","gnomad_AF_afr_pass"","76.67663678950643","0.6029994861500753","72.2","0.3"
"6:24205285:C>A","NM_016356.5:c.968G>T","NP_057440.2:p.Gly323Val","Unknown significance","null","missense_variant","8/10","null","323","MODERATE","27.1","null","0.000880902","gnomad_AF_nfe_pass"","100.39519640462983","1.052954486283498","68.99","0.1"
"6:24205285:C>G","NM_016356.5:c.968G>C","NP_057440.2:p.Gly323Ala","Unknown significance","null","missense_variant","8/10","null","323","MODERATE","26.0","null","0.00648508","gnomad_AF_nfe_pass"","100.39519640462983","1.052954486283498","68.99","0.1"
"6:24205285:C>T","NM_016356.5:c.968G>A","NP_057440.2:p.Gly323Glu","Unknown significance","null","missense_variant","8/10","null","323","MODERATE","27.4","null","0.000880902","gnomad_AF_nfe_pass"","100.39519640462983","1.052954486283498","68.99","0.1"
"6:24205286:C>G","NM_016356.5:c.967G>C","NP_057440.2:p.Gly323Arg","Unknown significance","null","missense_variant","8/10","null","323","MODERATE","27.8","null","0.0228698","gnomad_AF_sas_pass"","100.39519640462983","1.052954486283498","68.99","0.1"
"6:24205286:C>T","NM_016356.5:c.967G>A","NP_057440.2:p.Gly323Arg","Unknown significance","null","missense_variant","8/10","null","323","MODERATE","28.3","null","0.00264257","gnomad_AF_nfe_pass"","100.39519640462983","1.052954486283498","68.99","0.1"
"6:24205288:C>A","NM_016356.5:c.965G>T","NP_057440.2:p.Arg322Leu","Unknown significance","null","missense_variant","8/10","null","322","MODERATE","22.8","null","0","null"","158.45417521146285","0.5881185268728487","71.11","0.2"
"6:24205288:C>G","NM_016356.5:c.965G>C","NP_057440.2:p.Arg322Pro","Unknown significance","null","missense_variant","8/10","null","322","MODERATE","24.1","null","0.00440467","gnomad_AF_nfe_pass"","158.45417521146285","0.5881185268728487","71.11","0.7"
"6:24205288:C>T","NM_016356.5:c.965G>A","NP_057440.2:p.Arg322Gln","Unknown significance","null","missense_variant","8/10","null","322","MODERATE","22.6","null","0.00615233","gnomad_AF_afr_pass"","158.45417521146285","0.5881185268728487","71.11","0.3"
"6:24205289:G>A","NM_016356.5:c.964C>T","NP_057440.2:p.Arg322Trp","Likely benign","null","missense_variant","8/10","null","322","MODERATE","20.7","null","0.00615233","gnomad_AF_afr_pass"","158.45417521146285","0.5881185268728487","71.11","0.1"
"6:24205291:G>A","NM_016356.5:c.962C>T","NP_057440.2:p.Thr321Ile","Likely benign","null","missense_variant","8/10","null","321","MODERATE","10.22","null","0.00326669","gnomad_AF_sas_pass"","88.36981206253742","0.5616573386088946","69.74","0.1"
"6:24205298:A>C","NM_016356.5:c.955T>G","NP_057440.2:p.Ser319Ala","Unknown significance","null","missense_variant","8/10","null","319","MODERATE","24.5","null","0.00289151","gnomad_AF_amr_pass"","107.87179144786381","0.7822056531338742","74.1","0.1"
"6:24205309:C>T","NM_016356.5:c.944G>A","NP_057440.2:p.Gly315Glu","Unknown significance","null","missense_variant","8/10","null","315","MODERATE","25.2","null","0","null"","95.18921398525228","0.9983536414193327","63.47","0.1"
"6:24205316:T>C","NM_016356.5:c.937A>G","NP_057440.2:p.Lys313Glu","Unknown significance","null","missense_variant","8/10","null","313","MODERATE","23.3","null","0.00326627","gnomad_AF_sas_pass"","129.334154736319","0.546371384393016","61.06","0.1"
"6:24205322:T>C","NM_016356.5:c.931A>G","NP_057440.2:p.Ile311Val","Likely benign","null","missense_variant","8/10","null","311","MODERATE","8.630","null","0.00326648","gnomad_AF_sas_pass"","166.218308555465","0.8473664008179959","60.04","0.1"
"6:24205324:C>G","NM_016356.5:c.929G>C","NP_057440.2:p.Gly310Ala","Unknown significance","Sclerosing cholangitis, neonatal; Deafness, autosomal recessive 66","missense_variant","8/10","null","310","MODERATE","26.1","null","0.000880313","gnomad_AF_nfe_pass"","52.099545110896486","0.5464250454448843","46.01","0.0"
"6:24205325:C>T","NM_016356.5:c.928G>A","NP_057440.2:p.Gly310Ser","Unknown significance","null","missense_variant","8/10","null","310","MODERATE","26.0","null","0.00088039","gnomad_AF_nfe_pass"","52.099545110896486","0.5464250454448843","46.01","0.0"
"6:24205329:A>C","NM_016356.5:c.924T>G","NP_057440.2:p.Asp308Glu","Likely benign","null","missense_variant&splice_region_variant","8/10","null","308","MODERATE","16.23","null","0.00615233","gnomad_AF_afr_pass"","118.80784394573458","0.7426425976281422","47.37","0.0"
"6:24278289:T>C","NM_016356.5:c.910A>G","NP_057440.2:p.Ile304Val","Likely benign","null","missense_variant","7/10","null","304","MODERATE","0.001","null","0.00332557","gnomad_AF_sas_pass"","115.03928514068603","0.5864602151802685","35.03","0.1"
"6:24278291:G>C","NM_016356.5:c.908C>G","NP_057440.2:p.Thr303Ser","Likely benign","null","missense_variant","7/10","null","303","MODERATE","3.196","null","0.00156472","gnomad_AF_nfe_pass"","160.76507567931634","1.0217842772303576","31.44","0.0"
"6:24278298:G>T","NM_016356.5:c.901C>A","NP_057440.2:p.Gln301Lys","Likely benign","null","missense_variant","7/10","null","301","MODERATE","7.473","null","0.00088728","gnomad_AF_nfe_pass"","187.6262574488482","0.948797190865354","28.09","0.1"
"6:24278300:G>A","NM_016356.5:c.899C>T","NP_057440.2:p.Ser300Leu","Unknown significance","null","missense_variant","7/10","null","300","MODERATE","21.8","null","0","gnomad_AF_afr_pass,gnomad_AF_amr_pass,gnomad_AF_eas_pass,gnomad_AF_nfe_pass,gnomad_AF_sas_pass"","110.12180307137457","0.7985210567060645","25.96","0.1"
"6:24278303:T>G","NM_016356.5:c.896A>C","NP_057440.2:p.Asn299Thr","Likely benign","null","missense_variant","7/10","null","299","MODERATE","0.188","null","0.000884846","gnomad_AF_nfe_pass"","130.5482758616743","0.8168094398870324","26.65","0.1"
"6:24278316:C>T","NM_016356.5:c.883G>A","NP_057440.2:p.Val295Ile","Likely benign","null","missense_variant","7/10","null","295","MODERATE","9.228","null","0.000883267","gnomad_AF_nfe_pass"","146.3705417979518","0.8515256564012845","28.19","0.0"
"6:24278330:T>C","NM_016356.5:c.869A>G","NP_057440.2:p.Lys290Arg","Unknown significance","null","missense_variant","7/10","null","290","MODERATE","11.69","null","0","null"","193.95365182230455","0.8193560739642377","26.5","0.2"
"6:24278333:G>A","NM_016356.5:c.866C>T","NP_057440.2:p.Thr289Met","Likely benign","null","missense_variant","7/10","null","289","MODERATE","0.209","null","0.00981098","gnomad_AF_sas_pass"","123.16987594158664","0.7828382012307843","29.65","0.0"
"6:24278345:G>A","NM_016356.5:c.854C>T","NP_057440.2:p.Ser285Leu","Likely benign","null","missense_variant","7/10","null","285","MODERATE","14.48","null","0.000880437","gnomad_AF_nfe_pass"","116.33242263598937","0.8435558305584435","29.18","0.2"
"6:24278352:C>T","NM_016356.5:c.847G>A","NP_057440.2:p.Val283Met","Likely benign","null","missense_variant","7/10","null","283","MODERATE","13.32","null","0.000775014","gnomad_AF_nfe_pass"","120.48516994950373","0.7009348477338705","29.31","0.0"
"6:24278357:T>C","NM_016356.5:c.842A>G","NP_057440.2:p.Glu281Gly","Likely benign","null","missense_variant","7/10","null","281","MODERATE","17.07","null","0.00544544","gnomad_AF_eas_pass"","149.96657311210384","0.7679927845442124","27.82","0.4"
"6:24278359:T>G","NM_016356.5:c.840A>C","NP_057440.2:p.Lys280Asn","Unknown significance","null","missense_variant","7/10","null","280","MODERATE","19.86","null","0.00544247","gnomad_AF_eas_pass"","199.85903308893333","0.8443033227756183","24.36","0.0"
"6:24278370:T>C","NM_016356.5:c.829A>G","NP_057440.2:p.Lys277Glu","Unknown significance","null","missense_variant","7/10","null","277","MODERATE","23.7","null","0.00981098","gnomad_AF_sas_pass"","232.8005901963786","0.983464739166754","28.8","0.1"
"6:24278372:C>T","NM_016356.5:c.827G>A","NP_057440.2:p.Arg276Lys","Likely benign","null","missense_variant","7/10","null","276","MODERATE","20.3","null","0","null"","223.29627437770003","0.8287864662950712","32.5","0.2"
"6:24278382:G>A","NM_016356.5:c.817C>T","NP_057440.2:p.Pro273Ser","Unknown significance","null","missense_variant","7/10","null","273","MODERATE","23.7","null","0.156275","gnomad_AF_afr_pass"","138.47358393793237","0.8803146033269296","37.25","0.1"
"6:24278393:G>A","NM_016356.5:c.806C>T","NP_057440.2:p.Ser269Leu","Likely benign","null","missense_variant","7/10","null","269","MODERATE","23.4","null","0.0200337","gnomad_AF_afr_pass"","97.47122602781756","0.7067885217582373","33.82","0.0"
"6:24278396:T>G","NM_016356.5:c.803A>C","NP_057440.2:p.Asn268Thr","Likely benign","null","missense_variant","7/10","null","268","MODERATE","20.2","null","0","gnomad_AF_afr_pass,gnomad_AF_amr_pass,gnomad_AF_eas_pass,gnomad_AF_nfe_pass,gnomad_AF_sas_pass"","174.40827573513656","1.0912310030492112","34.95","0.0"
"6:24278411:A>G","NM_016356.5:c.788T>C","NP_057440.2:p.Val263Ala","Likely benign","null","missense_variant","7/10","null","263","MODERATE","14.02","null","0.00794744","gnomad_AF_nfe_pass"","170.22320171435538","0.9902909546828844","38.74","0.1"
"6:24278412:C>A","NM_016356.5:c.787G>T","NP_057440.2:p.Val263Phe","Likely benign","null","missense_variant","7/10","null","263","MODERATE","0.341","null","0.00292689","gnomad_AF_amr_pass"","170.22320171435538","0.9902909546828844","38.74","0.0"
"6:24278414:G>A","NM_016356.5:c.785C>T","NP_057440.2:p.Thr262Ile","Unknown significance","Deafness, autosomal recessive 66; Sclerosing cholangitis, neonatal","missense_variant","7/10","null","262","MODERATE","19.30","null","0.00441977","gnomad_AF_nfe_pass"","106.8404486896869","0.6790522766345086","36.57","0.1"
"6:24278418:A>G","NM_016356.5:c.781T>C","NP_057440.2:p.Ser261Pro","Unknown significance","null","missense_variant","7/10","null","261","MODERATE","23.8","null","0.00266203","gnomad_AF_nfe_pass"","139.6871845868207","1.012907118604545","43.27","0.1"
"6:24278423:G>C","NM_016356.5:c.776C>G","NP_057440.2:p.Ser259Cys","Unknown significance","null","missense_variant","7/10","null","259","MODERATE","22.9","null","0.00552181","gnomad_AF_eas_pass"","116.99068116713492","0.8483290297180636","38.48","0.2"
"6:24278426:T>C","NM_016356.5:c.773A>G","NP_057440.2:p.His258Arg","Likely benign","null","missense_variant","7/10","null","258","MODERATE","15.26","null","0.00707214","gnomad_AF_sas_pass"","184.80904423124835","0.8997417567204127","42.23","0.0"
"6:24278429:C>A","NM_016356.5:c.770G>T","NP_057440.2:p.Arg257Leu","Unknown significance","null","missense_variant","7/10","null","257","MODERATE","22.8","null","0.000896202","gnomad_AF_nfe_pass"","239.54986630331643","0.8891132991281541","42.59","0.2"
"6:24278429:C>T","NM_016356.5:c.770G>A","NP_057440.2:p.Arg257His","Unknown significance","null","missense_variant","7/10","null","257","MODERATE","24.1","null","0.0776583","gnomad_AF_amr_pass"","239.54986630331643","0.8891132991281541","42.59","0.1"
"6:24278430:G>A","NM_016356.5:c.769C>T","NP_057440.2:p.Arg257Cys","Unknown significance","Nephronophthisis 19","missense_variant","7/10","null","257","MODERATE","24.0","null","0.010248","gnomad_AF_eas_pass"","239.54986630331643","0.8891132991281541","42.59","0.3"
"6:24278436:T>A","NM_016356.5:c.763A>T","NP_057440.2:p.Asn255Tyr","Unknown significance","null","missense_variant","7/10","null","255","MODERATE","24.6","null","0.00557165","gnomad_AF_eas_pass"","134.55546632186483","0.8418814752984918","41.29","0.1"
"6:24289093:T>C","NM_016356.5:c.746A>G","NP_057440.2:p.Lys249Arg","Unknown significance","null","missense_variant","6/10","null","249","MODERATE","23.5","null","0.0125188","gnomad_AF_afr_pass"","215.4130335842131","0.9100111073958647","43.14","0.2"
"6:24289097:T>C","NM_016356.5:c.742A>G","NP_057440.2:p.Arg248Gly","Unknown significance","null","missense_variant","6/10","null","248","MODERATE","23.1","null","0.0185368","gnomad_AF_afr_pass"","231.1719878497357","0.8580179649227653","43.54","0.4"
"6:24289100:A>G","NM_016356.5:c.739T>C","NP_057440.2:p.Ser247Pro","Unknown significance","null","missense_variant","6/10","null","247","MODERATE","21.1","null","0.000892602","gnomad_AF_nfe_pass"","101.57639528876966","0.7365561427450464","53.59","0.1"
"6:24289102:C>A","NM_016356.5:c.737G>T","NP_057440.2:p.Gly246Val","Unknown significance","null","missense_variant","6/10","null","246","MODERATE","31","null","0.00179086","gnomad_AF_nfe_pass"","50.99644958334244","0.5348556733420998","49.28","0.2"
"6:24289102:C>T","NM_016356.5:c.737G>A","NP_057440.2:p.Gly246Glu","Unknown significance","null","missense_variant","6/10","null","246","MODERATE","28.3","null","0.000895432","gnomad_AF_nfe_pass"","50.99644958334244","0.5348556733420998","49.28","0.2"
"6:24289105:A>G","NM_016356.5:c.734T>C","NP_057440.2:p.Val245Ala","Likely benign","null","missense_variant","6/10","null","245","MODERATE","19.33","null","0.000900317","gnomad_AF_nfe_pass"","126.88367450833199","0.7381588050104917","53.33","0.3"
"6:24289109:T>C","NM_016356.5:c.730A>G","NP_057440.2:p.Ile244Val","Unknown significance","null","missense_variant","6/10","null","244","MODERATE","21.1","null","0.00560915","gnomad_AF_eas_pass"","198.04626816968153","1.009622555498331","60.27","0.0"
"6:24289111:G>C","NM_016356.5:c.728C>G","NP_057440.2:p.Pro243Arg","Unknown significance","Sclerosing cholangitis, neonatal; Deafness, autosomal recessive 66","missense_variant","6/10","null","243","MODERATE","26.4","null","0","null"","126.57701658662006","0.804684857414404","59.86","0.2"
"6:24289115:G>A","NM_016356.5:c.724C>T","NP_057440.2:p.Pro242Ser","Unknown significance","null","missense_variant","6/10","null","242","MODERATE","29.7","null","0.000910963","gnomad_AF_nfe_pass"","123.74258716567692","0.7866656111408754","57.99","0.4"
"6:24289124:A>C","NM_016356.5:c.715T>G","NP_057440.2:p.Ser239Ala","Benign","null","missense_variant","6/10","null","239","MODERATE","24.0","null","0.553178","gnomad_AF_afr_pass"","136.5790899361383","0.9903695378931507","53.7","0.0"
"6:24289129:T>G","NM_016356.5:c.710A>C","NP_057440.2:p.Lys237Thr","Unknown significance","null","missense_variant","6/10","null","237","MODERATE","27.0","null","0.0036808","gnomad_AF_sas_pass"","234.8606235279861","0.9921673379936521","48.52","0.0"
"6:24291166:G>A","NM_016356.5:c.698C>T","NP_057440.2:p.Pro233Leu","Unknown significance","null","missense_variant","5/10","null","233","MODERATE","22.7","null","0.000881073","gnomad_AF_nfe_pass"","78.75945441448755","0.5006954821232328","43.71","0.0"
"6:24291168:C>A","NM_016356.5:c.696G>T","NP_057440.2:p.Arg232Ser","Unknown significance","null","missense_variant","5/10","null","232","MODERATE","23.7","null","0.0493291","gnomad_AF_sas_pass"","203.14148667956138","0.7539799549826017","46.2","0.3"
"6:24291174:C>T","NM_016356.5:c.690G>A","NP_057440.2:p.Met230Ile","Unknown significance","null","missense_variant","5/10","null","230","MODERATE","21.8","null","0.00655222","gnomad_AF_sas_pass"","21.507480213716452","0.09932648757902347","43.93","0.2"
"6:24291178:G>A","NM_016356.5:c.686C>T","NP_057440.2:p.Thr229Met","Unknown significance","null","missense_variant","5/10","null","229","MODERATE","24.6","null","0.0170775","gnomad_AF_amr_pass"","35.47253463675857","0.22545492553151836","52.49","0.0"
"6:24291179:T>C","NM_016356.5:c.685A>G","NP_057440.2:p.Thr229Ala","Likely benign","null","missense_variant","5/10","null","229","MODERATE","15.44","null","0.0246184","gnomad_AF_afr_pass"","35.47253463675857","0.22545492553151836","52.49","0.4"
"6:24291203:T>C","NM_016356.5:c.661A>G","NP_057440.2:p.Ser221Gly","Benign","null","missense_variant","5/10","null","221","MODERATE","17.33","Doublecortin_domain&Doublecortin_domain","80.0954","gnomad_AF_eas_pass"","66.49926648759673","0.4822030067146366","66.48","0.2"
"6:24291208:G>A","NM_016356.5:c.656C>T","NP_057440.2:p.Pro219Leu","Unknown significance","null","missense_variant","5/10","null","219","MODERATE","25.6","Doublecortin_domain&Doublecortin_domain","0.000879631","gnomad_AF_nfe_pass"","93.8763433986274","0.5967976970812506","77.76","0.1"
"6:24291214:T>A","NM_016356.5:c.650A>T","NP_057440.2:p.Lys217Ile","Unknown significance","null","missense_variant","5/10","null","217","MODERATE","23.0","Doublecortin_domain&Doublecortin_domain&Doublecortin_domain","0.0115774","gnomad_AF_amr_pass"","162.1126814631368","0.6848440798894805","76.15","0.5"
"6:24291218:T>C","NM_016356.5:c.646A>G","NP_057440.2:p.Lys216Glu","Unknown significance","null","missense_variant","5/10","null","216","MODERATE","26.9","Doublecortin_domain&Doublecortin_domain&Doublecortin_domain","0.00175948","gnomad_AF_nfe_pass"","112.76689391891517","0.4763830874357298","78.39","0.0"
"6:24291226:T>C","NM_016356.5:c.638A>G","NP_057440.2:p.Asp213Gly","Unknown significance","null","missense_variant","5/10","null","213","MODERATE","32","Doublecortin_domain&Doublecortin_domain&Doublecortin_domain&Doublecortin_domain","0.00615385","gnomad_AF_afr_pass"","81.2983884014997","0.5081789580580884","81.09","0.7"
"6:24291235:A>G","NM_016356.5:c.629T>C","NP_057440.2:p.Val210Ala","Unknown significance","null","missense_variant","5/10","null","210","MODERATE","26.0","Doublecortin_domain&Doublecortin_domain&Doublecortin_domain&Doublecortin_domain","0","null"","0.0","0.0","86.71","1.8"
"6:24291236:C>T","NM_016356.5:c.628G>A","NP_057440.2:p.Val210Ile","Unknown significance","null","missense_variant","5/10","null","210","MODERATE","26.5","Doublecortin_domain&Doublecortin_domain&Doublecortin_domain&Doublecortin_domain","0","gnomad_AF_afr_pass,gnomad_AF_amr_pass,gnomad_AF_eas_pass,gnomad_AF_nfe_pass,gnomad_AF_sas_pass"","0.0","0.0","86.71","0.4"
"6:24291239:C>T","NM_016356.5:c.625G>A","NP_057440.2:p.Ala209Thr","Unknown significance","null","missense_variant","5/10","null","209","MODERATE","28.2","Doublecortin_domain&Doublecortin_domain&Doublecortin_domain&Doublecortin_domain","0.00289419","gnomad_AF_amr_pass"","0.0","0.0","89.75","1.3"
"6:24291241:A>G","NM_016356.5:c.623T>C","NP_057440.2:p.Val208Ala","Unknown significance","null","missense_variant","5/10","null","208","MODERATE","26.4","Doublecortin_domain&Doublecortin_domain&Doublecortin_domain&Doublecortin_domain","0.00289419","gnomad_AF_amr_pass"","0.0","0.0","88.09","3.5"
"6:24291241:A>T","NM_016356.5:c.623T>A","NP_057440.2:p.Val208Glu","Unknown significance","null","missense_variant","5/10","null","208","MODERATE","27.6","Doublecortin_domain&Doublecortin_domain&Doublecortin_domain&Doublecortin_domain","0.00289419","gnomad_AF_amr_pass"","0.0","0.0","88.09","5.1"
"6:24291260:C>G","NM_016356.5:c.604G>C","NP_057440.2:p.Glu202Gln","Unknown significance","null","missense_variant","5/10","null","202","MODERATE","26.2","Doublecortin_domain&Doublecortin_domain&Doublecortin_domain&Doublecortin_domain","0.000879724","gnomad_AF_nfe_pass"","120.39354016729413","0.6165465292395423","85.3","0.3"
"6:24291263:A>T","NM_016356.5:c.601T>A","NP_057440.2:p.Leu201Met","Unknown significance","null","missense_variant","5/10","null","201","MODERATE","15.71","Doublecortin_domain&Doublecortin_domain&Doublecortin_domain&Doublecortin_domain","0.000880049","gnomad_AF_nfe_pass"","8.577845538595833","0.04447908130321924","86.26","1.5"
"6:24291269:C>T","NM_016356.5:c.595G>A","NP_057440.2:p.Ala199Thr","Likely benign","null","missense_variant","5/10","null","199","MODERATE","11.17","Doublecortin_domain&Doublecortin_domain&Doublecortin_domain&Doublecortin_domain","0.00327332","gnomad_AF_sas_pass"","83.28047827728616","0.6549333370658303","82.93","0.0"
"6:24291275:T>C","NM_016356.5:c.589A>G","NP_057440.2:p.Ser197Gly","Likely benign","null","missense_variant","5/10","null","197","MODERATE","22.2","Doublecortin_domain&Doublecortin_domain&Doublecortin_domain&Doublecortin_domain","0.0087992","gnomad_AF_amr_pass"","40.12781759437042","0.29097695837759324","87.02","0.6"
"6:24291276:C>A","NM_016356.5:c.588G>T","NP_057440.2:p.Glu196Asp","Likely benign","null","missense_variant","5/10","null","196","MODERATE","18.91","Doublecortin_domain&Doublecortin_domain&Doublecortin_domain&Doublecortin_domain","0.000880855","gnomad_AF_nfe_pass"","123.18725018284826","0.6308533783561826","85.89","0.1"
"6:24291280:A>G","NM_016356.5:c.584T>C","NP_057440.2:p.Val195Ala","Unknown significance","null","missense_variant","5/10","null","195","MODERATE","25.3","Doublecortin_domain&Doublecortin_domain&Doublecortin_domain&Doublecortin_domain","0.0131848","gnomad_AF_sas_pass"","4.617901304097076","0.026865115007879515","88.9","2.6"
"6:24291284:G>C","NM_016356.5:c.580C>G","NP_057440.2:p.Leu194Val","Likely benign","null","missense_variant","5/10","null","194","MODERATE","15.66","Doublecortin_domain&Doublecortin_domain&Doublecortin_domain&Doublecortin_domain","0.00546388","gnomad_AF_eas_pass"","62.46017495294376","0.3238775036744322","89.38","0.2"
"6:24291289:C>G","NM_016356.5:c.575G>C","NP_057440.2:p.Gly192Ala","Unknown significance","null","missense_variant","5/10","null","192","MODERATE","28.1","Doublecortin_domain&Doublecortin_domain&Doublecortin_domain&Doublecortin_domain","0","null"","23.324474495128307","0.24462933426481934","81.73","0.7"
"6:24291295:A>G","NM_016356.5:c.569T>C","NP_057440.2:p.Leu190Ser","Unknown significance","null","missense_variant","5/10","null","190","MODERATE","26.4","Doublecortin_domain&Doublecortin_domain&Doublecortin_domain&Doublecortin_domain","0.00295596","gnomad_AF_amr_pass"","32.57118858456836","0.1688928226414131","84.0","2.1"
"6:24291306:C>A","NM_016356.5:c.558G>T","NP_057440.2:p.Arg186Ser","Unknown significance","null","missense_variant&splice_region_variant","5/10","null","186","MODERATE","19.80","Doublecortin_domain&Doublecortin_domain&Doublecortin_domain&Doublecortin_domain","0.00560915","gnomad_AF_eas_pass"","119.25618626490804","0.4426312685859599","88.27","0.7"
"6:24291306:C>G","NM_016356.5:c.558G>C","NP_057440.2:p.Arg186Ser","Unknown significance","null","missense_variant&splice_region_variant","5/10","null","186","MODERATE","17.38","Doublecortin_domain&Doublecortin_domain&Doublecortin_domain&Doublecortin_domain","0.00352088","gnomad_AF_sas_pass"","119.25618626490804","0.4426312685859599","88.27","0.7"
"6:24301944:T>C","NM_016356.5:c.556A>G","NP_057440.2:p.Arg186Gly","Unknown significance","null","missense_variant&splice_region_variant","4/10","null","186","MODERATE","33","Doublecortin_domain&Doublecortin_domain&Doublecortin_domain&Doublecortin_domain","0.00654365","gnomad_AF_sas_pass"","119.25618626490804","0.4426312685859599","88.27","1.1"
"6:24301956:C>T","NM_016356.5:c.544G>A","NP_057440.2:p.Gly182Arg","Unknown significance","null","missense_variant","4/10","null","182","MODERATE","30","Doublecortin_domain&Doublecortin_domain&Doublecortin_domain&Doublecortin_domain","0.00326755","gnomad_AF_sas_pass"","28.963163339272228","0.30376844577438405","80.37","0.5"
"6:24301957:G>T","NM_016356.5:c.543C>A","NP_057440.2:p.Ser181Arg","Unknown significance","Sclerosing cholangitis, neonatal; Deafness, autosomal recessive 66","missense_variant","4/10","null","181","MODERATE","21.9","Doublecortin_domain&Doublecortin_domain&Doublecortin_domain&Doublecortin_domain","0.496835","gnomad_AF_afr_pass"","28.922996745096416","0.20972796739471483","72.38","0.3"
"6:24301964:A>C","NM_016356.5:c.536T>G","NP_057440.2:p.Leu179Arg","Unknown significance","null","missense_variant","4/10","null","179","MODERATE","25.2","Doublecortin_domain&Doublecortin_domain&Doublecortin_domain&Doublecortin_domain","0.000879198","gnomad_AF_nfe_pass"","23.38871792611842","0.12127855200155281","75.4","2.0"
"6:24301971:T>G","NM_016356.5:c.529A>C","NP_057440.2:p.Ile177Leu","Unknown significance","null","missense_variant","4/10","null","177","MODERATE","21.4","Doublecortin_domain&Doublecortin_domain&Doublecortin_domain&Doublecortin_domain","0.000879183","gnomad_AF_nfe_pass"","24.42215236743972","0.12450199699223016","83.94","0.1"
"6:24301979:G>A","NM_016356.5:c.521C>T","NP_057440.2:p.Thr174Ile","Unknown significance","null","missense_variant","4/10","null","174","MODERATE","27.9","Doublecortin_domain&Doublecortin_domain&Doublecortin_domain&Doublecortin_domain","0.00326669","gnomad_AF_sas_pass"","22.067686548197177","0.14025692492300904","89.25","0.1"
"6:24301998:G>A","NM_016356.5:c.502C>T","NP_057440.2:p.His168Tyr","Unknown significance","null","missense_variant","4/10","null","168","MODERATE","21.8","Doublecortin_domain&Doublecortin_domain&Doublecortin_domain&Doublecortin_domain","0.00326627","gnomad_AF_sas_pass"","66.52533083211384","0.32387818614762404","90.87","0.6"
"6:24302009:T>C","NM_016356.5:c.491A>G","NP_057440.2:p.Asn164Ser","Likely benign","null","missense_variant","4/10","null","164","MODERATE","5.566","Doublecortin_domain&Doublecortin_domain&Doublecortin_domain&Doublecortin_domain","0.00543656","gnomad_AF_eas_pass"","120.35270664781802","0.7530181938982811","86.99","0.0"
"6:24302015:G>T","NM_016356.5:c.485C>A","NP_057440.2:p.Thr162Asn","Unknown significance","null","missense_variant","4/10","null","162","MODERATE","22.5","Doublecortin_domain&Doublecortin_domain&Doublecortin_domain&Doublecortin_domain","0.0114863","gnomad_AF_afr_pass"","20.734405562791192","0.13178291063687445","85.87","0.6"
"6:24302019:T>G","NM_016356.5:c.481A>C","NP_057440.2:p.Lys161Gln","Unknown significance","null","missense_variant","4/10","null","161","MODERATE","26.7","Doublecortin_domain&Doublecortin_domain&Doublecortin_domain&Doublecortin_domain","0","gnomad_AF_afr_pass,gnomad_AF_amr_pass,gnomad_AF_eas_pass,gnomad_AF_nfe_pass,gnomad_AF_sas_pass"","162.8464663063521","0.6879439496914793","83.73","0.2"
"6:24302022:T>C","NM_016356.5:c.478A>G","NP_057440.2:p.Arg160Gly","Unknown significance","null","missense_variant","4/10","null","160","MODERATE","25.8","Doublecortin_domain&Doublecortin_domain&Doublecortin_domain&Doublecortin_domain","0.0114784","gnomad_AF_afr_pass"","111.90095368967039","0.4153315868881877","81.74","1.2"
"6:24302036:C>T","NM_016356.5:c.464G>A","NP_057440.2:p.Arg155His","Unknown significance","null","missense_variant","4/10","null","155","MODERATE","24.3","Doublecortin_domain&Doublecortin_domain&Doublecortin_domain","0.00615157","gnomad_AF_afr_pass"","98.26577245189567","0.3647232473319559","90.69","0.3"
"6:24302037:G>A","NM_016356.5:c.463C>T","NP_057440.2:p.Arg155Cys","Unknown significance","null","missense_variant","4/10","null","155","MODERATE","31","Doublecortin_domain&Doublecortin_domain&Doublecortin_domain","0.00351636","gnomad_AF_nfe_pass"","98.26577245189567","0.3647232473319559","90.69","0.4"
"6:24302039:G>C","NM_016356.5:c.461C>G","NP_057440.2:p.Ser154Cys","Unknown significance","null","missense_variant","4/10","null","154","MODERATE","23.6","Doublecortin_domain&Doublecortin_domain&Doublecortin_domain","0.00387057","gnomad_AF_nfe_pass"","33.43743700764744","0.24246331596644297","87.35","0.6"
"6:24302046:G>C","NM_016356.5:c.454C>G","NP_057440.2:p.Pro152Ala","Benign","null","missense_variant","4/10","null","152","MODERATE","25.5","Doublecortin_domain&Doublecortin_domain&Doublecortin_domain","5.38969","gnomad_AF_sas_pass"","99.58576695725321","0.6330940706732705","78.37","0.2"
"6:24302052:T>C","NM_016356.5:c.448A>G","NP_057440.2:p.Ile150Val","Unknown significance","null","missense_variant","4/10","null","150","MODERATE","17.08","Doublecortin_domain&Doublecortin_domain&Doublecortin_domain","0.000879075","gnomad_AF_nfe_pass"","180.72195887464542","0.9213047417654715","76.08","0.1"
"6:24302054:A>G","NM_016356.5:c.446T>C","NP_057440.2:p.Leu149Pro","Unknown significance","null","missense_variant","4/10","null","149","MODERATE","29.0","Doublecortin_domain&Doublecortin_domain&Doublecortin_domain","0.00326669","gnomad_AF_sas_pass"","40.33116845909184","0.20913098899650184","71.27","0.9"
"6:24302055:G>A","NM_016356.5:c.445C>T","NP_057440.2:p.Leu149Phe","Unknown significance","null","missense_variant","4/10","null","149","MODERATE","26.7","Doublecortin_domain&Doublecortin_domain&Doublecortin_domain","0.0320539","gnomad_AF_afr_pass"","40.33116845909184","0.20913098899650184","71.27","0.1"
"6:24302056:G>T","NM_016356.5:c.444C>A","NP_057440.2:p.Asp148Glu","Unknown significance","null","missense_variant","4/10","null","148","MODERATE","25.3","Doublecortin_domain&Doublecortin_domain&Doublecortin_domain","0","null"","23.657722211217113","0.1478793966240816","77.02","0.3"
"6:24302060:C>G","NM_016356.5:c.440G>C","NP_057440.2:p.Gly147Ala","Unknown significance","null","missense_variant","4/10","null","147","MODERATE","31","Doublecortin_domain&Doublecortin_domain&Doublecortin_domain","0.00648088","gnomad_AF_nfe_pass"","32.70079492537394","0.3429690857213289","78.99","0.7"
"6:24302198:G>C","NM_016356.5:c.423C>G","NP_057440.2:p.Ile141Met","Unknown significance","null","missense_variant&splice_region_variant","3/10","null","141","MODERATE","24.4","Doublecortin_domain&Doublecortin_domain&Doublecortin_domain","0.0652348","gnomad_AF_eas_pass"","0.0","0.0","90.08","2.1"
"6:24302200:T>G","NM_016356.5:c.421A>C","NP_057440.2:p.Ile141Leu","Unknown significance","null","missense_variant","3/10","null","141","MODERATE","23.8","Doublecortin_domain&Doublecortin_domain&Doublecortin_domain","0.00326755","gnomad_AF_sas_pass"","0.0","0.0","90.08","1.0"
"6:24302206:A>C","NM_016356.5:c.415T>G","NP_057440.2:p.Cys139Gly","Unknown significance","null","missense_variant","3/10","null","139","MODERATE","23.1","Doublecortin_domain&Doublecortin_domain&Doublecortin_domain","0.00544129","gnomad_AF_eas_pass"","0.0027126977474163584","1.7554731646491522E-5","83.58","1.8"
"6:24302220:G>A","NM_016356.5:c.401C>T","NP_057440.2:p.Pro134Leu","Unknown significance","null","missense_variant","3/10","null","134","MODERATE","20.0","Doublecortin_domain","0.00579206","gnomad_AF_amr_pass"","76.08440209495491","0.4836894398545234","63.2","0.3"
"6:24302223:T>G","NM_016356.5:c.398A>C","NP_057440.2:p.Lys133Thr","Unknown significance","null","missense_variant","3/10","null","133","MODERATE","24.7","null","0.0028967","gnomad_AF_amr_pass"","153.15647423096297","0.6470086345322194","61.91","0.1"
"6:24302226:C>G","NM_016356.5:c.395G>C","NP_057440.2:p.Arg132Thr","Unknown significance","null","missense_variant","3/10","null","132","MODERATE","22.9","null","0.0229568","gnomad_AF_afr_pass"","240.44164637308717","0.8924232300922843","63.25","0.1"
"6:24302232:C>T","NM_016356.5:c.389G>A","NP_057440.2:p.Arg130His","Unknown significance","null","missense_variant","3/10","null","130","MODERATE","31","null","0.00289687","gnomad_AF_amr_pass"","273.19974903313437","1.0140082060253313","62.36","0.0"
"6:24302233:G>A","NM_016356.5:c.388C>T","NP_057440.2:p.Arg130Cys","Unknown significance","null","missense_variant","3/10","null","130","MODERATE","24.4","null","0.00326712","gnomad_AF_sas_pass"","273.19974903313437","1.0140082060253313","62.36","0.1"
"6:24302238:G>A","NM_016356.5:c.383C>T","NP_057440.2:p.Ser128Leu","Unknown significance","null","missense_variant","3/10","null","128","MODERATE","32","null","0.00289536","gnomad_AF_amr_pass"","119.40930596526907","0.8658670900813669","62.48","0.0"
"6:24302241:A>G","NM_016356.5:c.380T>C","NP_057440.2:p.Val127Ala","Unknown significance","null","missense_variant","3/10","null","127","MODERATE","22.8","null","0.00544129","gnomad_AF_eas_pass"","133.17292115846405","0.7747471431845478","65.09","0.3"
"6:24302242:C>T","NM_016356.5:c.379G>A","NP_057440.2:p.Val127Met","Unknown significance","null","missense_variant","3/10","null","127","MODERATE","29.6","null","0.00326669","gnomad_AF_sas_pass"","133.17292115846405","0.7747471431845478","65.09","0.1"
"6:24302243:G>C","NM_016356.5:c.378C>G","NP_057440.2:p.Asn126Lys","Likely benign","null","missense_variant","3/10","null","126","MODERATE","16.20","null","0.000879353","gnomad_AF_nfe_pass"","150.4483886437091","0.9413197014580514","67.18","0.1"
"6:24302256:T>C","NM_016356.5:c.365A>G","NP_057440.2:p.His122Arg","Unknown significance","null","missense_variant","3/10","null","122","MODERATE","25.4","null","0.00088053","gnomad_AF_nfe_pass"","162.11574416538986","0.7892595573671702","69.6","0.1"
"6:24302265:G>A","NM_016356.5:c.356C>T","NP_057440.2:p.Pro119Leu","Unknown significance","null","missense_variant","3/10","null","119","MODERATE","32","null","0.00620732","gnomad_AF_afr_pass"","115.16420568852719","0.7321304841333373","71.2","0.2"
"6:24302266:G>A","NM_016356.5:c.355C>T","NP_057440.2:p.Pro119Ser","Unknown significance","Sclerosing cholangitis, neonatal; Deafness, autosomal recessive 66","missense_variant","3/10","null","119","MODERATE","29.2","null","0.00403356","gnomad_AF_afr_pass"","115.16420568852719","0.7321304841333373","71.2","0.4"
"6:24302272:C>T","NM_016356.5:c.349G>A","NP_057440.2:p.Val117Ile","Unknown significance","Deafness, autosomal recessive 66; Sclerosing cholangitis, neonatal","missense_variant&splice_region_variant","3/10","null","117","MODERATE","29.9","null","0.0102411","gnomad_AF_nfe_pass"","171.7083170564209","0.9989307656786626","60.35","0.0"
"6:24353797:C>G","NM_016356.5:c.348G>C","NP_057440.2:p.Glu116Asp","Unknown significance","null","missense_variant&splice_region_variant","2/10","null","116","MODERATE","35","null","0.00365283","gnomad_AF_sas_pass"","147.99175735554758","0.7578795691765071","61.0","0.1"
"6:24353805:T>G","NM_016356.5:c.340A>C","NP_057440.2:p.Asn114His","Unknown significance","null","missense_variant","2/10","null","114","MODERATE","22.9","null","0.0144311","gnomad_AF_sas_pass"","168.6415471758846","1.0551499572186704","56.35","0.0"
"6:24353810:A>G","NM_016356.5:c.335T>C","NP_057440.2:p.Val112Ala","Likely benign","null","missense_variant","2/10","null","112","MODERATE","10.50","null","0.00629802","gnomad_AF_afr_pass"","173.05641345304053","1.0067734548900502","56.03","0.1"
"6:24353811:C>T","NM_016356.5:c.334G>A","NP_057440.2:p.Val112Ile","Likely benign","null","missense_variant","2/10","null","112","MODERATE","16.42","null","0.0121971","gnomad_AF_afr_pass"","173.05641345304053","1.0067734548900502","56.03","0.0"
"6:24353813:T>C","NM_016356.5:c.332A>G","NP_057440.2:p.Glu111Gly","Unknown significance","null","missense_variant","2/10","null","111","MODERATE","24.9","null","0.000912192","gnomad_AF_nfe_pass"","148.2397815052659","0.7591497239411559","51.65","0.2"
"6:24353817:T>A","NM_016356.5:c.328A>T","NP_057440.2:p.Met110Leu","Likely benign","null","missense_variant","2/10","null","110","MODERATE","17.46","null","0.000907688","gnomad_AF_nfe_pass"","169.97797998721023","0.7849973846373579","47.63","0.0"
"6:24353817:T>C","NM_016356.5:c.328A>G","NP_057440.2:p.Met110Val","Likely benign","null","missense_variant","2/10","null","110","MODERATE","16.36","null","0.000907688","gnomad_AF_nfe_pass"","169.97797998721023","0.7849973846373579","47.63","0.0"
"6:24353819:G>A","NM_016356.5:c.326C>T","NP_057440.2:p.Pro109Leu","Unknown significance","null","missense_variant","2/10","null","109","MODERATE","24.6","null","0.00649098","gnomad_AF_nfe_pass"","152.46505892344393","0.9692622524131989","49.42","0.0"
"6:24353820:G>A","NM_016356.5:c.325C>T","NP_057440.2:p.Pro109Ser","Unknown significance","null","missense_variant","2/10","null","109","MODERATE","20.8","null","0.00573855","gnomad_AF_eas_pass"","152.46505892344393","0.9692622524131989","49.42","0.1"
"6:24353826:T>G","NM_016356.5:c.319A>C","NP_057440.2:p.Lys107Gln","Unknown significance","null","missense_variant","2/10","null","107","MODERATE","24.6","null","0.00626645","gnomad_AF_afr_pass"","254.15248600629988","1.0736656988194182","50.92","0.1"
"6:24353829:T>C","NM_016356.5:c.316A>G","NP_057440.2:p.Lys106Glu","Unknown significance","null","missense_variant","2/10","null","106","MODERATE","23.5","null","0","null"","160.58617495800797","0.6783953620377066","50.85","0.2"
"6:24353839:T>C","NM_016356.5:c.306A>G","NP_057440.2:p.Ile102Met","Unknown significance","null","missense_variant","2/10","null","102","MODERATE","23.4","null","0.000902772","gnomad_AF_nfe_pass"","5.967245660782142","0.030420496528434433","75.63","0.4"
"6:24357687:T>A","NM_016356.5:c.292A>T","NP_057440.2:p.Asn98Tyr","Unknown significance","null","missense_variant&splice_region_variant","1/10","null","98","MODERATE","32","Doublecortin_domain&Doublecortin_domain","0","null"","116.32474903059754","0.7278162233360912","85.41","0.2"
"6:24357687:T>C","NM_016356.5:c.292A>G","NP_057440.2:p.Asn98Asp","Unknown significance","null","missense_variant&splice_region_variant","1/10","null","98","MODERATE","21.3","Doublecortin_domain&Doublecortin_domain","0","null"","116.32474903059754","0.7278162233360912","85.41","0.0"
"6:24357687:T>G","NM_016356.5:c.292A>C","NP_057440.2:p.Asn98His","Unknown significance","null","missense_variant&splice_region_variant","1/10","null","98","MODERATE","26.6","Doublecortin_domain&Doublecortin_domain","0","null"","116.32474903059754","0.7278162233360912","85.41","0.1"
"6:24357697:G>C","NM_016356.5:c.282C>G","NP_057440.2:p.Phe94Leu","Unknown significance","null","missense_variant","1/10","null","94","MODERATE","28.3","Doublecortin_domain&Doublecortin_domain&Doublecortin_domain&Doublecortin_domain","0.00546807","gnomad_AF_eas_pass"","26.832936604989392","0.11679169629660413","89.33","1.4"
"6:24357701:G>T","NM_016356.5:c.278C>A","NP_057440.2:p.Ala93Asp","Unknown significance","null","missense_variant","1/10","null","93","MODERATE","24.3","Doublecortin_domain&Doublecortin_domain&Doublecortin_domain&Doublecortin_domain","0.003968","gnomad_AF_nfe_pass"","86.92424071197686","0.6835885698429692","85.04","0.0"
"6:24357706:C>G","NM_016356.5:c.273G>C","NP_057440.2:p.Gln91His","Unknown significance","null","missense_variant","1/10","null","91","MODERATE","22.2","Doublecortin_domain&Doublecortin_domain&Doublecortin_domain&Doublecortin_domain","0.0109135","gnomad_AF_eas_pass"","162.78398004696416","0.8231736063303838","85.48","0.1"
"6:24357732:C>G","NM_016356.5:c.247G>C","NP_057440.2:p.Gly83Arg","Unknown significance","null","missense_variant","1/10","null","83","MODERATE","29.6","Doublecortin_domain&Doublecortin_domain&Doublecortin_domain&Doublecortin_domain","0.00983026","gnomad_AF_sas_pass"","67.66745958278335","0.7097028313579076","85.85","0.0"
"6:24357736:C>G","NM_016356.5:c.243G>C","NP_057440.2:p.Gln81His","Unknown significance","null","missense_variant","1/10","null","81","MODERATE","23.4","Doublecortin_domain&Doublecortin_domain&Doublecortin_domain&Doublecortin_domain","0.005449","gnomad_AF_eas_pass"","157.6229419837333","0.7970750288555462","88.18","0.0"
"6:24357746:T>A","NM_016356.5:c.233A>T","NP_057440.2:p.Asp78Val","Unknown significance","null","missense_variant","1/10","null","78","MODERATE","24.3","Doublecortin_domain&Doublecortin_domain&Doublecortin_domain&Doublecortin_domain","0.00623364","gnomad_AF_afr_pass"","131.72295086542448","0.8233721878045664","86.45","0.1"
"6:24357747:C>G","NM_016356.5:c.232G>C","NP_057440.2:p.Asp78His","Unknown significance","null","missense_variant","1/10","null","78","MODERATE","26.9","Doublecortin_domain&Doublecortin_domain&Doublecortin_domain&Doublecortin_domain","0.00846883","gnomad_AF_amr_pass"","131.72295086542448","0.8233721878045664","86.45","0.1"
"6:24357747:C>T","NM_016356.5:c.232G>A","NP_057440.2:p.Asp78Asn","Unknown significance","null","missense_variant","1/10","null","78","MODERATE","27.2","Doublecortin_domain&Doublecortin_domain&Doublecortin_domain&Doublecortin_domain","0.000901567","gnomad_AF_nfe_pass"","131.72295086542448","0.8233721878045664","86.45","0.0"
"6:24357756:G>C","NM_016356.5:c.223C>G","NP_057440.2:p.Arg75Gly","Unknown significance","null","missense_variant","1/10","null","75","MODERATE","22.4","Doublecortin_domain&Doublecortin_domain&Doublecortin_domain&Doublecortin_domain","0.00289285","gnomad_AF_amr_pass"","152.96234734543145","0.5677350582132232","89.22","0.7"
"6:24357764:T>C","NM_016356.5:c.215A>G","NP_057440.2:p.His72Arg","Unknown significance","null","missense_variant","1/10","null","72","MODERATE","23.4","Doublecortin_domain&Doublecortin_domain&Doublecortin_domain&Doublecortin_domain","0.00289251","gnomad_AF_amr_pass"","129.15564427128672","0.628793502776827","90.2","0.1"
"6:24357773:C>T","NM_016356.5:c.206G>A","NP_057440.2:p.Arg69Gln","Unknown significance","null","missense_variant","1/10","null","69","MODERATE","22.9","Doublecortin_domain&Doublecortin_domain&Doublecortin_domain&Doublecortin_domain","0.169868","gnomad_AF_sas_pass"","215.15509616557446","0.7985696687210414","85.48","0.1"
"6:24357777:G>A","NM_016356.5:c.202C>T","NP_057440.2:p.Pro68Ser","Unknown significance","null","missense_variant","1/10","null","68","MODERATE","24.5","Doublecortin_domain&Doublecortin_domain&Doublecortin_domain&Doublecortin_domain","0.00180564","gnomad_AF_nfe_pass"","4.793363261716209","0.03047272669876842","88.01","1.5"
"6:24357779:G>A","NM_016356.5:c.200C>T","NP_057440.2:p.Thr67Ile","Unknown significance","null","missense_variant","1/10","null","67","MODERATE","26.8","Doublecortin_domain&Doublecortin_domain&Doublecortin_domain&Doublecortin_domain","0.00812245","gnomad_AF_nfe_pass"","38.62071298669899","0.24546399234092112","92.61","0.3"
"6:24357779:G>T","NM_016356.5:c.200C>A","NP_057440.2:p.Thr67Asn","Unknown significance","null","missense_variant","1/10","null","67","MODERATE","25.8","Doublecortin_domain&Doublecortin_domain&Doublecortin_domain&Doublecortin_domain","0","gnomad_AF_afr_pass,gnomad_AF_amr_pass,gnomad_AF_eas_pass,gnomad_AF_nfe_pass,gnomad_AF_sas_pass"","38.62071298669899","0.24546399234092112","92.61","1.1"
"6:24357785:A>T","NM_016356.5:c.194T>A","NP_057440.2:p.Ile65Asn","Unknown significance","null","missense_variant","1/10","null","65","MODERATE","28.4","Doublecortin_domain&Doublecortin_domain&Doublecortin_domain&Doublecortin_domain","0","null"","0.0","0.0","92.63","4.6"
"6:24357786:T>C","NM_016356.5:c.193A>G","NP_057440.2:p.Ile65Val","Unknown significance","null","missense_variant","1/10","null","65","MODERATE","22.6","Doublecortin_domain&Doublecortin_domain&Doublecortin_domain&Doublecortin_domain","0.00544722","gnomad_AF_eas_pass"","0.0","0.0","92.63","0.8"
"6:24357804:A>G","NM_016356.5:c.175T>C","NP_057440.2:p.Phe59Leu","Unknown significance","null","missense_variant","1/10","null","59","MODERATE","24.5","Doublecortin_domain&Doublecortin_domain&Doublecortin_domain&Doublecortin_domain","0.000903783","gnomad_AF_nfe_pass"","64.54041766499282","0.2809153902813689","82.98","0.6"
"6:24357807:G>T","NM_016356.5:c.172C>A","NP_057440.2:p.Pro58Thr","Unknown significance","null","missense_variant","1/10","null","58","MODERATE","21.3","Doublecortin_domain&Doublecortin_domain&Doublecortin_domain&Doublecortin_domain","0.00180727","gnomad_AF_nfe_pass"","124.8913908414531","0.7939688716139685","83.97","0.3"
"6:24357819:C>G","NM_016356.5:c.160G>C","NP_057440.2:p.Gly54Arg","Unknown significance","null","missense_variant","1/10","null","54","MODERATE","23.1","Doublecortin_domain&Doublecortin_domain&Doublecortin_domain&Doublecortin_domain","0.00631154","gnomad_AF_afr_pass"","10.361675694183244","0.10867425233805093","84.82","1.4"
"6:24357821:C>G","NM_016356.5:c.158G>C","NP_057440.2:p.Gly53Ala","Unknown significance","null","missense_variant","1/10","null","53","MODERATE","22.7","Doublecortin_domain&Doublecortin_domain&Doublecortin_domain&Doublecortin_domain","0","null"","48.667958952862705","0.5104342394146131","87.85","0.5"
"6:24357824:G>A","NM_016356.5:c.155C>T","NP_057440.2:p.Thr52Ile","Unknown significance","null","missense_variant","1/10","null","52","MODERATE","26.9","Doublecortin_domain&Doublecortin_domain&Doublecortin_domain&Doublecortin_domain","0.000903996","gnomad_AF_nfe_pass"","39.566645361862236","0.25147611172805073","90.66","0.1"
"6:24357828:C>G","NM_016356.5:c.151G>C","NP_057440.2:p.Val51Leu","Unknown significance","null","missense_variant","1/10","null","51","MODERATE","25.1","Doublecortin_domain&Doublecortin_domain&Doublecortin_domain&Doublecortin_domain","0.00564525","gnomad_AF_amr_pass"","0.0","0.0","90.94","0.9"
"6:24357830:T>A","NM_016356.5:c.149A>T","NP_057440.2:p.Glu50Val","Unknown significance","null","missense_variant","1/10","null","50","MODERATE","26.7","Doublecortin_domain&Doublecortin_domain&Doublecortin_domain&Doublecortin_domain","0.000903669","gnomad_AF_nfe_pass"","53.672206899519324","0.27486036904091976","89.4","1.2"
"6:24357834:T>G","NM_016356.5:c.145A>C","NP_057440.2:p.Lys49Gln","Unknown significance","null","missense_variant","1/10","null","49","MODERATE","26.0","Doublecortin_domain&Doublecortin_domain&Doublecortin_domain&Doublecortin_domain","0","null"","168.65621695592685","0.7124872075173643","90.16","0.1"
"6:24357857:A>G","NM_016356.5:c.122T>C","NP_057440.2:p.Val41Ala","Unknown significance","null","missense_variant","1/10","null","41","MODERATE","27.7","Doublecortin_domain&Doublecortin_domain&Doublecortin_domain&Doublecortin_domain","0.000903391","gnomad_AF_nfe_pass"","11.864471373518","0.06902278047269302","79.96","1.6"
"6:24357859:C>A","NM_016356.5:c.120G>T","NP_057440.2:p.Lys40Asn","Unknown significance","null","missense_variant","1/10","null","40","MODERATE","26.2","Doublecortin_domain&Doublecortin_domain&Doublecortin_domain&Doublecortin_domain","0.00289218","gnomad_AF_amr_pass"","188.87194254670794","0.7978884226879668","76.03","0.1"
"6:24357870:G>C","NM_016356.5:c.109C>G","NP_057440.2:p.His37Asp","Unknown significance","null","missense_variant","1/10","null","37","MODERATE","25.7","Doublecortin_domain&Doublecortin_domain&Doublecortin_domain&Doublecortin_domain","0.00653296","gnomad_AF_sas_pass"","49.447255486265576","0.2407336756774002","84.23","0.7"
"6:24357872:A>T","NM_016356.5:c.107T>A","NP_057440.2:p.Ile36Asn","Unknown significance","null","missense_variant","1/10","null","36","MODERATE","29.8","null","0.000903424","gnomad_AF_nfe_pass"","0.019578435286580494","9.980915090891955E-5","86.47","4.5"
"6:24357879:C>T","NM_016356.5:c.100G>A","NP_057440.2:p.Val34Ile","Unknown significance","null","missense_variant","1/10","null","34","MODERATE","17.58","Doublecortin_domain&Doublecortin_domain&Doublecortin_domain","0.000904274","gnomad_AF_nfe_pass"","5.520491935090577","0.032116028682704384","89.52","0.2"
"6:24357885:G>A","NM_016356.5:c.94C>T","NP_057440.2:p.Arg32Cys","Unknown significance","null","missense_variant","1/10","null","32","MODERATE","32","Doublecortin_domain&Doublecortin_domain&Doublecortin_domain","0.0162022","gnomad_AF_afr_pass"","134.54029630805238","0.49935977240190915","88.87","0.1"
"6:24357890:G>A","NM_016356.5:c.89C>T","NP_057440.2:p.Ala30Val","Unknown significance","null","missense_variant","1/10","null","30","MODERATE","25.1","Doublecortin_domain&Doublecortin_domain&Doublecortin_domain","0.0064834","gnomad_AF_nfe_pass"","52.57304703194355","0.41344432506387924","83.52","0.4"
"6:24357894:A>T","NM_016356.5:c.85T>A","NP_057440.2:p.Tyr29Asn","Unknown significance","null","missense_variant","1/10","null","29","MODERATE","24.9","Doublecortin_domain&Doublecortin_domain&Doublecortin_domain","0.000903293","gnomad_AF_nfe_pass"","47.33211011588958","0.1972896952090943","87.51","2.6"
"6:24357899:G>A","NM_016356.5:c.80C>T","NP_057440.2:p.Pro27Leu","Unknown significance","null","missense_variant","1/10","null","27","MODERATE","29.5","null","0.00180633","gnomad_AF_nfe_pass"","58.80087832546541","0.3738133325238324","85.09","0.2"
"6:24357900:G>T","NM_016356.5:c.79C>A","NP_057440.2:p.Pro27Thr","Unknown significance","null","missense_variant","1/10","null","27","MODERATE","25.5","Doublecortin_domain&Doublecortin_domain&Doublecortin_domain","0.00289251","gnomad_AF_amr_pass"","58.80087832546541","0.3738133325238324","85.09","0.1"
"6:24357901:G>T","NM_016356.5:c.78C>A","NP_057440.2:p.Asp26Glu","Unknown significance","null","missense_variant","1/10","null","26","MODERATE","26.9","Doublecortin_domain&Doublecortin_domain&Doublecortin_domain","0.006222","gnomad_AF_afr_pass"","20.59315845743482","0.12872345951486652","87.35","0.6"
"6:24357906:C>A","NM_016356.5:c.73G>T","NP_057440.2:p.Gly25Trp","Unknown significance","null","missense_variant","1/10","null","25","MODERATE","29.3","Doublecortin_domain&Doublecortin_domain&Doublecortin_domain","0.000903359","gnomad_AF_nfe_pass"","31.013648582414564","0.32527413243216985","87.36","0.3"
"6:24357906:C>G","NM_016356.5:c.73G>C","NP_057440.2:p.Gly25Arg","Unknown significance","null","missense_variant","1/10","null","25","MODERATE","24.0","Doublecortin_domain&Doublecortin_domain&Doublecortin_domain","0.000903359","gnomad_AF_nfe_pass"","31.013648582414564","0.32527413243216985","87.36","0.6"
"6:24357911:C>A","NM_016356.5:c.68G>T","NP_057440.2:p.Arg23Leu","Unknown significance","Sclerosing cholangitis, neonatal; Deafness, autosomal recessive 66","missense_variant","1/10","null","23","MODERATE","29.8","null","0.192036","gnomad_AF_amr_pass"","54.072777884863235","0.20069652586388875","91.23","0.2"
"6:24357918:C>T","NM_016356.5:c.61G>A","NP_057440.2:p.Val21Met","Unknown significance","null","missense_variant","1/10","null","21","MODERATE","24.0","Doublecortin_domain&Doublecortin_domain&Doublecortin_domain","0.00578637","gnomad_AF_amr_pass"","0.0","0.0","92.81","1.3"
"6:24357920:A>G","NM_016356.5:c.59T>C","NP_057440.2:p.Leu20Pro","Unknown significance","null","missense_variant","1/10","null","20","MODERATE","26.3","null","0.00326691","gnomad_AF_sas_pass"","31.329738091622595","0.16245547457292647","92.41","2.1"
"6:24357925:G>T","NM_016356.5:c.54C>A","NP_057440.2:p.Ser18Arg","Unknown significance","null","missense_variant","1/10","null","18","MODERATE","24.2","null","0.00271081","gnomad_AF_nfe_pass"","52.98101106224687","0.3841787162834636","90.21","0.6"
"6:24357926:C>T","NM_016356.5:c.53G>A","NP_057440.2:p.Ser18Asn","Unknown significance","null","missense_variant","1/10","null","18","MODERATE","24.1","null","0.0121036","gnomad_AF_afr_pass"","52.98101106224687","0.3841787162834636","90.21","0.0"
"6:24357928:C>G","NM_016356.5:c.51G>C","NP_057440.2:p.Lys17Asn","Pathogenic","Sclerosing cholangitis, neonatal","missense_variant","1/10","null","17","MODERATE","28.0","Doublecortin_domain&Doublecortin_domain&Doublecortin_domain","0","null"","25.592829704104272","0.1081167602206431","87.37","0.3"
"6:24357932:A>C","NM_016356.5:c.47T>G","NP_057440.2:p.Val16Gly","Unknown significance","null","missense_variant","1/10","null","16","MODERATE","28.5","null","0.00808081","gnomad_AF_afr_pass"","66.03537138348901","0.38416755360958105","83.33","1.1"
"6:24357936:C>T","NM_016356.5:c.43G>A","NP_057440.2:p.Val15Ile","Unknown significance","null","missense_variant","1/10","null","15","MODERATE","21.0","Doublecortin_domain","0.00181038","gnomad_AF_nfe_pass"","99.08118415922874","0.5764149626136345","74.72","0.0"
"6:24357947:A>G","NM_016356.5:c.32T>C","NP_057440.2:p.Leu11Pro","Unknown significance","null","missense_variant","1/10","null","11","MODERATE","25.6","null","0.0163506","gnomad_AF_sas_pass"","185.63923228258795","0.9626033097252632","54.0","0.3"
"6:24357952:G>C","NM_016356.5:c.27C>G","NP_057440.2:p.Ser9Arg","Unknown significance","null","missense_variant","1/10","null","9","MODERATE","23.5","null","0","gnomad_AF_afr_pass,gnomad_AF_amr_pass,gnomad_AF_eas_pass,gnomad_AF_nfe_pass,gnomad_AF_sas_pass"","135.782365174499","0.9845922850619766","50.02","0.0"
"6:24357953:C>T","NM_016356.5:c.26G>A","NP_057440.2:p.Ser9Asn","Unknown significance","null","missense_variant","1/10","null","9","MODERATE","16.04","null","0.0114811","gnomad_AF_afr_pass"","135.782365174499","0.9845922850619766","50.02","0.0"
"6:24357956:G>T","NM_016356.5:c.23C>A","NP_057440.2:p.Ser8Tyr","Unknown significance","null","missense_variant","1/10","null","8","MODERATE","27.2","null","0.000910349","gnomad_AF_nfe_pass"","115.18725018050903","0.8352518953362046","44.28","0.2"
"6:24357963:C>A","NM_016356.5:c.16G>T","NP_057440.2:p.Ala6Ser","Likely benign","null","missense_variant","1/10","null","6","MODERATE","16.58","null","0.000915231","gnomad_AF_nfe_pass"","106.48944620512415","0.8374530239031535","48.54","0.0"
"6:24357963:C>T","NM_016356.5:c.16G>A","NP_057440.2:p.Ala6Thr","Likely benign","null","missense_variant","1/10","null","6","MODERATE","16.17","null","0.000915231","gnomad_AF_nfe_pass"","106.48944620512415","0.8374530239031535","48.54","0.0"
"6:24357964:G>T","NM_016356.5:c.15C>A","NP_057440.2:p.Ser5Arg","Unknown significance","null","missense_variant","1/10","null","5","MODERATE","22.1","null","0.000914495","gnomad_AF_nfe_pass"","124.63823418288142","0.9037833715925015","45.2","0.0"
"6:24357971:C>T","NM_016356.5:c.8G>A","NP_057440.2:p.Gly3Asp","Unknown significance","null","missense_variant","1/10","null","3","MODERATE","24.0","null","0.0114837","gnomad_AF_afr_pass"","68.40703956439097","0.71745961741429","39.59","0.2"
"6:24357974:C>T","NM_016356.5:c.5G>A","NP_057440.2:p.Ser2Asn","Unknown significance","null","missense_variant","1/10","null","2","MODERATE","11.99","null","0","null"","110.25318320847632","0.7994737273215345","41.48","0.1"