{"applied_filters": "CONTAINS missense_variant[Consequence]"},,"Surface Area","Normalized SA","Confidence Score","|ddG|""Genomic Description (GRCh37)","HGVS Nucleotide Change","HGVS Protein Change","Variant Classification","Phenotype","Consequence","Exon","Intron","Protein Position","Impact","CADD Phred","Interpro Domain","Max MAF (%)","Max MAF Source","Surface Area","Normalized SA","Confidence Score","|ddG|"
"12:88898999:T>C","NM_000899.5:c.796A>G","NP_000890.1:p.Lys266Glu","Unknown significance","null","missense_variant","9/10","null","266","MODERATE","24.0","null","0.000884173","gnomad_AF_nfe_pass"","118.75170385532604","0.5016658822005966","71.0","0.3"
"12:88900089:T>G","NM_000899.5:c.781A>C","NP_000890.1:p.Ser261Arg","Unknown significance","null","missense_variant&splice_region_variant","8/10","null","261","MODERATE","33","null","0.00648256","gnomad_AF_nfe_pass"","75.12733368966587","0.5447673050403886","69.3","0.2"
"12:88900103:T>C","NM_000899.5:c.767A>G","NP_000890.1:p.Glu256Gly","Unknown significance","null","missense_variant","8/10","null","256","MODERATE","33","null","0.000881663","gnomad_AF_nfe_pass"","70.86314237062481","0.362896750265054","60.03","1.0"
"12:88900115:T>G","NM_000899.5:c.755A>C","NP_000890.1:p.Gln252Pro","Unknown significance","null","missense_variant","8/10","null","252","MODERATE","26.4","null","0.0259235","gnomad_AF_nfe_pass"","104.05328309206881","0.5261814846196964","55.55","0.7"
"12:88900122:T>G","NM_000899.5:c.748A>C","NP_000890.1:p.Asn250His","Unknown significance","null","missense_variant","8/10","null","250","MODERATE","25.7","null","0.000881539","gnomad_AF_nfe_pass"","86.43477161475349","0.5408017602945376","53.28","0.1"
"12:88900128:C>A","NM_000899.5:c.742G>T","NP_000890.1:p.Val248Phe","Unknown significance","null","missense_variant","8/10","null","248","MODERATE","24.2","null","0.00176326","gnomad_AF_nfe_pass"","89.44185416970946","0.5203371706223715","50.2","0.4"
"12:88900130:G>A","NM_000899.5:c.740C>T","NP_000890.1:p.Ala247Val","Likely benign","null","missense_variant","8/10","null","247","MODERATE","24.3","null","0","gnomad_AF_afr_pass,gnomad_AF_amr_pass,gnomad_AF_eas_pass,gnomad_AF_nfe_pass,gnomad_AF_sas_pass"","41.89477072962347","0.3294683528137669","46.98","0.1"
"12:88900131:C>T","NM_000899.5:c.739G>A","NP_000890.1:p.Ala247Thr","Likely benign","null","missense_variant","8/10","null","247","MODERATE","13.39","null","0.000881741","gnomad_AF_nfe_pass"","41.89477072962347","0.3294683528137669","46.98","0.0"
"12:88900133:C>T","NM_000899.5:c.737G>A","NP_000890.1:p.Arg246Lys","Unknown significance","null","missense_variant","8/10","null","246","MODERATE","23.6","null","0.000881928","gnomad_AF_nfe_pass"","169.05931607293067","0.6274805683741338","46.97","0.5"
"12:88900136:G>A","NM_000899.5:c.734C>T","NP_000890.1:p.Thr245Ile","Unknown significance","null","missense_variant","8/10","null","245","MODERATE","25.4","null","0.00088199","gnomad_AF_nfe_pass"","121.8249772634795","0.774290347675209","47.61","0.0"
"12:88900137:T>G","NM_000899.5:c.733A>C","NP_000890.1:p.Thr245Pro","Unknown significance","null","missense_variant","8/10","null","245","MODERATE","22.6","null","0.000881772","gnomad_AF_nfe_pass"","121.8249772634795","0.774290347675209","47.61","0.3"
"12:88900141:A>T","NM_000899.5:c.729T>A","NP_000890.1:p.Ser243Arg","Unknown significance","null","missense_variant","8/10","null","243","MODERATE","17.76","null","0.00176376","gnomad_AF_nfe_pass"","86.80114486986307","0.6294170635750931","46.46","0.1"
"12:88900142:C>G","NM_000899.5:c.728G>C","NP_000890.1:p.Ser243Thr","Likely benign","null","missense_variant","8/10","null","243","MODERATE","15.53","null","0.000881928","gnomad_AF_nfe_pass"","86.80114486986307","0.6294170635750931","46.46","0.0"
"12:88900143:T>C","NM_000899.5:c.727A>G","NP_000890.1:p.Ser243Gly","Unknown significance","null","missense_variant","8/10","null","243","MODERATE","23.2","null","0.0054407","gnomad_AF_eas_pass"","86.80114486986307","0.6294170635750931","46.46","0.4"
"12:88900145:G>T","NM_000899.5:c.725C>A","NP_000890.1:p.Pro242Gln","Unknown significance","null","missense_variant","8/10","null","242","MODERATE","23.9","null","0.00648424","gnomad_AF_nfe_pass"","125.50667522388883","0.7978804034141416","46.11","0.2"
"12:88900155:T>G","NM_000899.5:c.715A>C","NP_000890.1:p.Lys239Gln","Unknown significance","null","missense_variant&splice_region_variant","8/10","null","239","MODERATE","32","null","0","gnomad_AF_afr_pass,gnomad_AF_amr_pass,gnomad_AF_eas_pass,gnomad_AF_nfe_pass,gnomad_AF_sas_pass"","208.47577605685453","0.8807047033230865","68.64","0.2"
"12:88900807:T>G","NM_000899.5:c.712A>C","NP_000890.1:p.Lys238Gln","Unknown significance","null","missense_variant&splice_region_variant","7/10","null","238","MODERATE","32","null","0.000883595","gnomad_AF_nfe_pass"","169.5602222560484","0.716306172649452","75.05","0.3"
"12:88900813:A>G","NM_000899.5:c.706T>C","NP_000890.1:p.Tyr236His","Unknown significance","null","missense_variant","7/10","null","236","MODERATE","27.6","null","0.0015549","gnomad_AF_nfe_pass"","104.46924278171258","0.43544868413144877","77.54","1.3"
"12:88900818:G>A","NM_000899.5:c.701C>T","NP_000890.1:p.Ala234Val","Unknown significance","null","missense_variant","7/10","null","234","MODERATE","24.5","null","0.000883345","gnomad_AF_nfe_pass"","51.31276541130347","0.40353323347888215","83.18","0.4"
"12:88900819:C>T","NM_000899.5:c.700G>A","NP_000890.1:p.Ala234Thr","Unknown significance","null","missense_variant","7/10","null","234","MODERATE","28.0","null","0.000883299","gnomad_AF_nfe_pass"","51.31276541130347","0.40353323347888215","83.18","0.8"
"12:88900824:A>C","NM_000899.5:c.695T>G","NP_000890.1:p.Phe232Cys","Unknown significance","null","missense_variant","7/10","null","232","MODERATE","29.8","null","0","null"","107.81091899558","0.4692524077460938","82.92","1.3"
"12:88900824:A>T","NM_000899.5:c.695T>A","NP_000890.1:p.Phe232Tyr","Unknown significance","null","missense_variant","7/10","null","232","MODERATE","27.8","null","0","null"","107.81091899558","0.4692524077460938","82.92","0.5"
"12:88900827:G>A","NM_000899.5:c.692C>T","NP_000890.1:p.Ala231Val","Likely benign","null","missense_variant","7/10","null","231","MODERATE","17.69","null","0.00353182","gnomad_AF_nfe_pass"","45.97067470133801","0.3615220278763288","84.64","0.9"
"12:88900828:C>A","NM_000899.5:c.691G>T","NP_000890.1:p.Ala231Ser","Unknown significance","null","missense_variant","7/10","null","231","MODERATE","23.6","null","0.000882909","gnomad_AF_nfe_pass"","45.97067470133801","0.3615220278763288","84.64","0.6"
"12:88900833:C>T","NM_000899.5:c.686G>A","NP_000890.1:p.Gly229Asp","Unknown significance","null","missense_variant","7/10","null","229","MODERATE","27.8","null","0","gnomad_AF_afr_pass,gnomad_AF_amr_pass,gnomad_AF_eas_pass,gnomad_AF_nfe_pass,gnomad_AF_sas_pass"","41.413177971355765","0.434345397965525","81.76","1.3"
"12:88900840:T>C","NM_000899.5:c.679A>G","NP_000890.1:p.Ile227Val","Likely benign","null","missense_variant","7/10","null","227","MODERATE","6.963","null","0.00615839","gnomad_AF_afr_pass"","112.42148839813376","0.5731149163194671","82.43","0.1"
"12:88900843:G>A","NM_000899.5:c.676C>T","NP_000890.1:p.Leu226Phe","Unknown significance","null","missense_variant","7/10","null","226","MODERATE","27.1","null","0.0272361","gnomad_AF_eas_pass"","129.51881950829483","0.6715996548650213","82.06","0.6"
"12:88900850:C>A","NM_000899.5:c.669G>T","NP_000890.1:p.Leu223Phe","Likely benign","null","missense_variant","7/10","null","223","MODERATE","16.64","null","0.00088255","gnomad_AF_nfe_pass"","87.07502625007201","0.4515139791956319","72.61","0.1"
"12:88900855:C>A","NM_000899.5:c.664G>T","NP_000890.1:p.Ala222Ser","Unknown significance","null","missense_variant","7/10","null","222","MODERATE","19.85","null","0.0123092","gnomad_AF_afr_pass"","51.40234436350051","0.4042376991989028","72.8","0.8"
"12:88900855:C>G","NM_000899.5:c.664G>C","NP_000890.1:p.Ala222Pro","Unknown significance","null","missense_variant","7/10","null","222","MODERATE","26.5","null","0.00326669","gnomad_AF_sas_pass"","51.40234436350051","0.4042376991989028","72.8","1.2"
"12:88900858:G>A","NM_000899.5:c.661C>T","NP_000890.1:p.Pro221Ser","Unknown significance","null","missense_variant","7/10","null","221","MODERATE","23.0","null","0","null"","50.13622513794327","0.3187297525598887","69.22","0.8"
"12:88900860:A>G","NM_000899.5:c.659T>C","NP_000890.1:p.Leu220Ser","Unknown significance","null","missense_variant","7/10","null","220","MODERATE","26.9","null","0.000882488","gnomad_AF_nfe_pass"","82.86570852273003","0.42968721808375315","59.43","2.8"
"12:88900864:C>T","NM_000899.5:c.655G>A","NP_000890.1:p.Ala219Thr","Unknown significance","null","missense_variant","7/10","null","219","MODERATE","23.4","null","0","null"","43.61841024068607","0.343023377955675","58.29","0.8"
"12:88900865:C>T","NM_000899.5:c.654G>A","NP_000890.1:p.Met218Ile","Unknown significance","null","missense_variant","7/10","null","218","MODERATE","16.82","null","0.00289151","gnomad_AF_amr_pass"","98.49765202590078","0.4548847988372996","59.27","0.5"
"12:88900869:G>C","NM_000899.5:c.650C>G","NP_000890.1:p.Ala217Gly","Unknown significance","null","missense_variant","7/10","null","217","MODERATE","23.4","null","0","gnomad_AF_afr_pass,gnomad_AF_amr_pass,gnomad_AF_eas_pass,gnomad_AF_nfe_pass,gnomad_AF_sas_pass"","70.26906025498596","0.5526090997225904","56.47","1.0"
"12:88900878:T>C","NM_000899.5:c.641A>G","NP_000890.1:p.His214Arg","Unknown significance","null","missense_variant","7/10","null","214","MODERATE","22.9","null","0","null"","123.3359034322347","0.6004601283580181","51.48","0.1"
"12:88900878:T>G","NM_000899.5:c.641A>C","NP_000890.1:p.His214Pro","Unknown significance","null","missense_variant","7/10","null","214","MODERATE","23.4","null","0.00653424","gnomad_AF_sas_pass"","123.3359034322347","0.6004601283580181","51.48","0.6"
"12:88900884:C>G","NM_000899.5:c.635G>C","NP_000890.1:p.Ser212Thr","Likely benign","null","missense_variant","7/10","null","212","MODERATE","14.61","null","0.0109016","gnomad_AF_eas_pass"","69.5512592026578","0.5043337780961241","53.14","0.1"
"12:88900885:T>C","NM_000899.5:c.634A>G","NP_000890.1:p.Ser212Gly","Likely benign","null","missense_variant","7/10","null","212","MODERATE","9.983","null","0.000882472","gnomad_AF_nfe_pass"","69.5512592026578","0.5043337780961241","53.14","0.5"
"12:88900887:G>A","NM_000899.5:c.632C>T","NP_000890.1:p.Ser211Phe","Unknown significance","null","missense_variant","7/10","null","211","MODERATE","23.8","null","0.000882613","gnomad_AF_nfe_pass"","95.75896454575759","0.6943724805213767","50.03","0.1"
"12:88900887:G>C","NM_000899.5:c.632C>G","NP_000890.1:p.Ser211Cys","Unknown significance","null","missense_variant","7/10","null","211","MODERATE","23.5","null","0.0114811","gnomad_AF_afr_pass"","95.75896454575759","0.6943724805213767","50.03","0.2"
"12:88900890:T>C","NM_000899.5:c.629A>G","NP_000890.1:p.Asp210Gly","Unknown significance","null","missense_variant","7/10","null","210","MODERATE","21.3","null","0.00353045","gnomad_AF_nfe_pass"","101.63250366755912","0.6352831936046387","44.1","0.3"
"12:88900891:C>A","NM_000899.5:c.628G>T","NP_000890.1:p.Asp210Tyr","Benign","null","missense_variant","7/10","null","210","MODERATE","22.7","null","1.59421","gnomad_AF_nfe_pass"","101.63250366755912","0.6352831936046387","44.1","0.1"
"12:88900894:C>T","NM_000899.5:c.625G>A","NP_000890.1:p.Gly209Arg","Unknown significance","null","missense_variant","7/10","null","209","MODERATE","18.91","null","0.105623","gnomad_AF_eas_pass"","42.01955758823692","0.4407051657716711","40.05","0.5"
"12:88900897:G>A","NM_000899.5:c.622C>T","NP_000890.1:p.Pro208Ser","Likely benign","null","missense_variant","7/10","null","208","MODERATE","0.138","null","0.000882784","gnomad_AF_nfe_pass"","148.94887513010713","0.9469089063580892","43.97","0.0"
"12:88900908:G>C","NM_000899.5:c.611C>G","NP_000890.1:p.Ala204Gly","Unknown significance","null","missense_variant","7/10","null","204","MODERATE","22.6","null","0.00868206","gnomad_AF_amr_pass"","84.40361642040682","0.6637659065620186","38.31","0.4"
"12:88900912:T>C","NM_000899.5:c.607A>G","NP_000890.1:p.Lys203Glu","Likely benign","null","missense_variant&splice_region_variant","7/10","null","203","MODERATE","17.37","null","0.00326776","gnomad_AF_sas_pass"","243.8987087622994","1.0303486764946963","37.02","0.1"
"12:88900914:C>A","NM_000899.5:c.605G>T","NP_000890.1:p.Arg202Met","Unknown significance","null","missense_variant&splice_region_variant","7/10","null","202","MODERATE","32","null","0","null"","238.2896883477724","0.8844360225475709","38.18","0.1"
"12:88909320:T>A","NM_000899.5:c.595A>T","NP_000890.1:p.Ser199Cys","Unknown significance","null","missense_variant","6/10","null","199","MODERATE","26.6","null","0.000887611","gnomad_AF_nfe_pass"","90.75354050711552","0.6580768843622053","43.82","0.4"
"12:88909322:C>T","NM_000899.5:c.593G>A","NP_000890.1:p.Ser198Asn","Unknown significance","null","missense_variant","6/10","null","198","MODERATE","25.6","null","0","gnomad_AF_afr_pass,gnomad_AF_amr_pass,gnomad_AF_eas_pass,gnomad_AF_nfe_pass,gnomad_AF_sas_pass"","143.91555211537872","1.0435680814009618","42.29","0.0"
"12:88909327:G>C","NM_000899.5:c.588C>G","NP_000890.1:p.Asp196Glu","Unknown significance","null","missense_variant","6/10","null","196","MODERATE","29.2","null","0.0054615","gnomad_AF_eas_pass"","123.76781677472127","0.7736463342801272","41.46","0.2"
"12:88909338:G>A","NM_000899.5:c.577C>T","NP_000890.1:p.Leu193Phe","Unknown significance","null","missense_variant","6/10","null","193","MODERATE","24.8","null","0.0114784","gnomad_AF_afr_pass"","113.72131694231666","0.5896841671288104","47.48","0.3"
"12:88909340:G>A","NM_000899.5:c.575C>T","NP_000890.1:p.Ser192Phe","Unknown significance","null","missense_variant","6/10","null","192","MODERATE","26.9","null","0","gnomad_AF_afr_pass,gnomad_AF_amr_pass,gnomad_AF_eas_pass,gnomad_AF_nfe_pass,gnomad_AF_sas_pass"","70.57618065594556","0.5117657428759743","51.53","0.1"
"12:88909340:G>C","NM_000899.5:c.575C>G","NP_000890.1:p.Ser192Cys","Unknown significance","null","missense_variant","6/10","null","192","MODERATE","26.3","null","0.0032684","gnomad_AF_sas_pass"","70.57618065594556","0.5117657428759743","51.53","0.3"
"12:88909349:G>T","NM_000899.5:c.566C>A","NP_000890.1:p.Ala189Glu","Unknown significance","null","missense_variant","6/10","null","189","MODERATE","28.2","null","0.00290006","gnomad_AF_amr_pass"","63.21616095412042","0.49714377374637114","49.87","1.1"
"12:88909352:A>G","NM_000899.5:c.563T>C","NP_000890.1:p.Val188Ala","Unknown significance","null","missense_variant","6/10","null","188","MODERATE","26.9","null","0","gnomad_AF_afr_pass,gnomad_AF_amr_pass,gnomad_AF_eas_pass,gnomad_AF_nfe_pass,gnomad_AF_sas_pass"","120.9909587985729","0.7038773262982978","51.98","0.7"
"12:88909353:C>T","NM_000899.5:c.562G>A","NP_000890.1:p.Val188Ile","Unknown significance","null","missense_variant","6/10","null","188","MODERATE","26.7","null","0.0109242","gnomad_AF_eas_pass"","120.9909587985729","0.7038773262982978","51.98","0.2"
"12:88909356:G>A","NM_000899.5:c.559C>T","NP_000890.1:p.Pro187Ser","Unknown significance","null","missense_variant","6/10","null","187","MODERATE","23.4","null","0.00177576","gnomad_AF_nfe_pass"","148.34625482607558","0.9430778835823801","58.31","0.3"
"12:88909363:C>A","NM_000899.5:c.552G>T","NP_000890.1:p.Met184Ile","Unknown significance","null","missense_variant","6/10","null","184","MODERATE","23.5","null","0","null"","191.98067183192768","0.8866108733632772","44.37","0.1"
"12:88909364:A>G","NM_000899.5:c.551T>C","NP_000890.1:p.Met184Thr","Unknown significance","null","missense_variant","6/10","null","184","MODERATE","22.7","null","0.000888131","gnomad_AF_nfe_pass"","191.98067183192768","0.8866108733632772","44.37","0.3"
"12:88909365:T>C","NM_000899.5:c.550A>G","NP_000890.1:p.Met184Val","Unknown significance","null","missense_variant","6/10","null","184","MODERATE","19.91","null","0.0160617","gnomad_AF_afr_pass"","191.98067183192768","0.8866108733632772","44.37","0.1"
"12:88909367:A>T","NM_000899.5:c.548T>A","NP_000890.1:p.Phe183Tyr","Unknown significance","null","missense_variant","6/10","null","183","MODERATE","24.8","null","0.00290124","gnomad_AF_amr_pass"","158.71139872506208","0.6907992871439955","45.99","0.2"
"12:88909374:T>G","NM_000899.5:c.541A>C","NP_000890.1:p.Lys181Gln","Unknown significance","null","missense_variant","6/10","null","181","MODERATE","26.3","null","0","gnomad_AF_afr_pass,gnomad_AF_amr_pass,gnomad_AF_eas_pass,gnomad_AF_nfe_pass,gnomad_AF_sas_pass"","195.03406113073456","0.8239202568033454","46.96","0.1"
"12:88909376:G>C","NM_000899.5:c.539C>G","NP_000890.1:p.Thr180Arg","Unknown significance","null","missense_variant","6/10","null","180","MODERATE","27.1","null","0.00088949","gnomad_AF_nfe_pass"","91.64412915737363","0.582468113038808","42.61","0.4"
"12:88909379:A>G","NM_000899.5:c.536T>C","NP_000890.1:p.Val179Ala","Unknown significance","null","missense_variant","6/10","null","179","MODERATE","24.8","null","0.000889886","gnomad_AF_nfe_pass"","176.08652401933304","1.0244014342446144","43.26","0.2"
"12:88909382:C>A","NM_000899.5:c.533G>T","NP_000890.1:p.Ser178Ile","Unknown significance","null","missense_variant","6/10","null","178","MODERATE","26.1","null","0","null"","100.29686077801539","0.7272779142641964","45.57","0.1"
"12:88909391:G>T","NM_000899.5:c.524C>A","NP_000890.1:p.Ser175Tyr","Unknown significance","null","missense_variant","6/10","null","175","MODERATE","25.4","null","0.00290596","gnomad_AF_amr_pass"","134.95382649819592","0.9785843414861293","53.37","0.1"
"12:88910116:T>C","NM_000899.5:c.515A>G","NP_000890.1:p.Glu172Gly","Unknown significance","null","missense_variant","5/10","null","172","MODERATE","22.2","null","0.0123198","gnomad_AF_afr_pass"","161.41438741825021","0.8266181075310243","47.87","0.3"
"12:88910119:G>A","NM_000899.5:c.512C>T","NP_000890.1:p.Pro171Leu","Unknown significance","null","missense_variant","5/10","null","171","MODERATE","28.6","null","0.000883065","gnomad_AF_nfe_pass"","119.5250566912768","0.7598536116171617","47.92","0.3"
"12:88910120:G>A","NM_000899.5:c.511C>T","NP_000890.1:p.Pro171Ser","Unknown significance","null","missense_variant","5/10","null","171","MODERATE","26.5","null","0.00616067","gnomad_AF_afr_pass"","119.5250566912768","0.7598536116171617","47.92","0.4"
"12:88910122:C>T","NM_000899.5:c.509G>A","NP_000890.1:p.Ser170Asn","Unknown significance","null","missense_variant","5/10","null","170","MODERATE","21.7","null","0.0282358","gnomad_AF_amr_pass"","99.01288863883133","0.7179675074168088","40.66","0.1"
"12:88910135:A>G","NM_000899.5:c.496T>C","NP_000890.1:p.Ser166Pro","Likely benign","null","missense_variant","5/10","null","166","MODERATE","17.72","null","0.00653637","gnomad_AF_sas_pass"","67.56190787324337","0.48990848826778716","58.72","0.7"
"12:88910161:G>A","NM_000899.5:c.470C>T","NP_000890.1:p.Ala157Val","Likely benign","null","missense_variant","5/10","null","157","MODERATE","18.52","null","0.0123396","gnomad_AF_afr_pass"","13.159027702705528","0.10348506761908427","64.34","0.1"
"12:88910168:C>A","NM_000899.5:c.463G>T","NP_000890.1:p.Val155Leu","Likely benign","null","missense_variant","5/10","null","155","MODERATE","8.161","null","0","null"","77.09112082387648","0.4484855111958104","75.37","0.1"
"12:88910170:A>G","NM_000899.5:c.461T>C","NP_000890.1:p.Phe154Ser","Unknown significance","null","missense_variant","5/10","null","154","MODERATE","23.6","null","0.00544425","gnomad_AF_eas_pass"","0.203164771308666","8.842848107962477E-4","80.66","2.9"
"12:88910178:G>C","NM_000899.5:c.453C>G","NP_000890.1:p.Phe151Leu","Unknown significance","null","missense_variant","5/10","null","151","MODERATE","22.1","null","0.00618276","gnomad_AF_afr_pass"","0.0","0.0","89.23","0.8"
"12:88910180:A>G","NM_000899.5:c.451T>C","NP_000890.1:p.Phe151Leu","Unknown significance","null","missense_variant","5/10","null","151","MODERATE","23.3","null","0.00778319","gnomad_AF_nfe_pass"","0.0","0.0","89.23","0.8"
"12:88910186:C>A","NM_000899.5:c.445G>T","NP_000890.1:p.Asp149Tyr","Unknown significance","null","missense_variant","5/10","null","149","MODERATE","25.3","null","0","null"","80.94921962273551","0.5059963781857484","91.11","0.6"
"12:88910186:C>T","NM_000899.5:c.445G>A","NP_000890.1:p.Asp149Asn","Unknown significance","null","missense_variant","5/10","null","149","MODERATE","21.8","null","0.00622278","gnomad_AF_afr_pass"","80.94921962273551","0.5059963781857484","91.11","0.0"
"12:88910188:A>G","NM_000899.5:c.443T>C","NP_000890.1:p.Ile148Thr","Unknown significance","null","missense_variant","5/10","null","148","MODERATE","25.4","null","0.00327461","gnomad_AF_sas_pass"","1.621641559264649","0.008266986852609199","93.36","3.5"
"12:88910197:T>C","NM_000899.5:c.434A>G","NP_000890.1:p.Asn145Ser","Unknown significance","null","missense_variant","5/10","null","145","MODERATE","23.1","null","0.00546926","gnomad_AF_eas_pass"","59.78989510450892","0.3740911200004262","95.11","0.2"
"12:88910199:A>C","NM_000899.5:c.432T>G","NP_000890.1:p.Phe144Leu","Unknown significance","null","missense_variant","5/10","null","144","MODERATE","24.5","null","0.000886934","gnomad_AF_nfe_pass"","0.0","0.0","96.87","0.8"
"12:88910207:T>C","NM_000899.5:c.424A>G","NP_000890.1:p.Arg142Gly","Likely benign","null","missense_variant","5/10","null","142","MODERATE","18.67","null","0.000888747","gnomad_AF_nfe_pass"","157.0762961598953","0.5830043908967192","96.71","0.7"
"12:88910224:G>A","NM_000899.5:c.407C>T","NP_000890.1:p.Thr136Ile","Unknown significance","null","missense_variant","5/10","null","136","MODERATE","18.38","null","0.00293945","gnomad_AF_amr_pass"","36.91751364982486","0.23463886570160927","97.86","0.7"
"12:88910225:T>C","NM_000899.5:c.406A>G","NP_000890.1:p.Thr136Ala","Likely benign","null","missense_variant","5/10","null","136","MODERATE","16.01","null","0","null"","36.91751364982486","0.23463886570160927","97.86","0.5"
"12:88910230:A>T","NM_000899.5:c.401T>A","NP_000890.1:p.Leu134His","Likely benign","null","missense_variant","5/10","null","134","MODERATE","1.260","null","0.000896845","gnomad_AF_nfe_pass"","121.59639190492018","0.6305191411271797","97.83","0.2"
"12:88910234:T>C","NM_000899.5:c.397A>G","NP_000890.1:p.Arg133Gly","Likely benign","null","missense_variant","5/10","null","133","MODERATE","16.25","null","0.000898263","gnomad_AF_nfe_pass"","103.70077089270069","0.3848957878932679","96.75","1.1"
"12:88910239:T>A","NM_000899.5:c.392A>T","NP_000890.1:p.Glu131Val","Unknown significance","null","missense_variant","5/10","null","131","MODERATE","22.7","null","0.00342091","gnomad_AF_sas_pass"","45.23042892735997","0.2316292380174997","93.01","0.1"
"12:88910245:C>G","NM_000899.5:c.386G>C","NP_000890.1:p.Ser129Thr","Likely benign","null","missense_variant","5/10","null","129","MODERATE","6.887","null","0.00271695","gnomad_AF_nfe_pass"","100.9862592576055","0.7322769170689094","85.56","0.1"
"12:88910246:T>C","NM_000899.5:c.385A>G","NP_000890.1:p.Ser129Gly","Likely benign","null","missense_variant","5/10","null","129","MODERATE","11.40","null","0.000907919","gnomad_AF_nfe_pass"","100.9862592576055","0.7322769170689094","85.56","0.2"
"12:88910249:T>G","NM_000899.5:c.382A>C","NP_000890.1:p.Lys128Gln","Unknown significance","null","missense_variant","5/10","null","128","MODERATE","14.68","null","0","null"","147.59292033937461","0.6235054334784093","75.04","0.3"
"12:88910256:T>G","NM_000899.5:c.375A>C","NP_000890.1:p.Lys125Asn","Unknown significance","null","missense_variant","5/10","null","125","MODERATE","14.04","null","0.00351296","gnomad_AF_sas_pass"","102.0144656292956","0.43095951666926513","59.43","0.1"
"12:88910257:T>G","NM_000899.5:c.374A>C","NP_000890.1:p.Lys125Thr","Likely benign","null","missense_variant","5/10","null","125","MODERATE","12.10","null","0.00572082","gnomad_AF_eas_pass"","102.0144656292956","0.43095951666926513","59.43","0.2"
"12:88910260:T>C","NM_000899.5:c.371A>G","NP_000890.1:p.Lys124Arg","Likely benign","null","missense_variant","5/10","null","124","MODERATE","14.67","null","0.000910117","gnomad_AF_nfe_pass"","178.60897168160395","0.7545325619643692","54.68","0.2"
"12:88910266:T>C","NM_000899.5:c.365A>G","NP_000890.1:p.Asp122Gly","Likely benign","null","missense_variant&splice_region_variant","5/10","null","122","MODERATE","18.59","null","0.00274947","gnomad_AF_nfe_pass"","85.87853632389532","0.5368084898940724","55.33","0.2"
"12:88912494:C>T","NM_000899.5:c.343G>A","NP_000890.1:p.Val115Met","Unknown significance","null","missense_variant","4/10","null","115","MODERATE","9.963","null","0.00442024","gnomad_AF_nfe_pass"","7.7795175140636585","0.04525814194766507","88.04","0.1"
"12:88912498:C>A","NM_000899.5:c.339G>T","NP_000890.1:p.Glu113Asp","Likely benign","null","missense_variant","4/10","null","113","MODERATE","15.52","null","0.00289637","gnomad_AF_amr_pass"","92.04111621458348","0.47135112623634573","92.55","0.2"
"12:88912506:G>A","NM_000899.5:c.331C>T","NP_000890.1:p.Leu111Phe","Unknown significance","null","missense_variant","4/10","null","111","MODERATE","25.1","null","0.00289603","gnomad_AF_amr_pass"","0.0","0.0","92.86","0.9"
"12:88912515:C>T","NM_000899.5:c.322G>A","NP_000890.1:p.Val108Met","Unknown significance","null","missense_variant","4/10","null","108","MODERATE","23.9","null","0.00088358","gnomad_AF_nfe_pass"","0.0","0.0","95.52","0.6"
"12:88912518:T>C","NM_000899.5:c.319A>G","NP_000890.1:p.Ile107Val","Unknown significance","null","missense_variant","4/10","null","107","MODERATE","24.6","null","0.0280471","gnomad_AF_afr_pass"","0.19579651378929183","9.981535044136292E-4","93.56","1.1"
"12:88912527:G>C","NM_000899.5:c.310C>G","NP_000890.1:p.Leu104Val","Pathogenic","Waardenburg syndrome 2","missense_variant","4/10","null","104","MODERATE","25.5","null","0","null"","0.0","0.0","95.66","1.6"
"12:88912539:T>C","NM_000899.5:c.298A>G","NP_000890.1:p.Ile100Val","Unknown significance","null","missense_variant","4/10","null","100","MODERATE","24.9","null","0.00326712","gnomad_AF_sas_pass"","4.399081840423114","0.022426134512006982","94.1","1.0"
"12:88912556:C>G","NM_000899.5:c.281G>C","NP_000890.1:p.Gly94Ala","Unknown significance","null","missense_variant","4/10","null","94","MODERATE","21.8","null","0.0163648","gnomad_AF_eas_pass"","6.78190101997031","0.0711292308819972","79.79","0.0"
"12:88912556:C>T","NM_000899.5:c.281G>A","NP_000890.1:p.Gly94Asp","Unknown significance","null","missense_variant","4/10","null","94","MODERATE","23.4","null","0","gnomad_AF_afr_pass,gnomad_AF_amr_pass,gnomad_AF_eas_pass,gnomad_AF_nfe_pass,gnomad_AF_sas_pass"","6.78190101997031","0.0711292308819972","79.79","0.5"
"12:88912577:T>A","NM_000899.5:c.260A>T","NP_000890.1:p.Lys87Met","Unknown significance","null","missense_variant","4/10","null","87","MODERATE","27.3","null","0.0114732","gnomad_AF_afr_pass"","95.20462291928071","0.40219137575122893","89.27","0.5"
"12:88912593:T>C","NM_000899.5:c.244A>G","NP_000890.1:p.Thr82Ala","Unknown significance","null","missense_variant","4/10","null","82","MODERATE","22.7","null","0.000883501","gnomad_AF_nfe_pass"","51.73697751398847","0.3288278250225421","97.31","0.2"
"12:88912614:C>T","NM_000899.5:c.223G>A","NP_000890.1:p.Val75Ile","Likely benign","null","missense_variant","4/10","null","75","MODERATE","10.19","null","0.0109445","gnomad_AF_eas_pass"","46.270727713458996","0.26918470960336105","95.74","0.1"
"12:88912637:T>C","NM_000899.5:c.200A>G","NP_000890.1:p.His67Arg","Unknown significance","null","missense_variant","4/10","null","67","MODERATE","24.8","null","0","gnomad_AF_afr_pass,gnomad_AF_amr_pass,gnomad_AF_eas_pass,gnomad_AF_nfe_pass,gnomad_AF_sas_pass"","59.4294502598711","0.28933193286166925","84.26","0.5"
"12:88912639:A>C","NM_000899.5:c.198T>G","NP_000890.1:p.Ser66Arg","Unknown significance","null","missense_variant","4/10","null","66","MODERATE","23.0","null","0","null"","48.83713424168822","0.35413041698829517","87.53","0.0"
"12:88912641:T>C","NM_000899.5:c.196A>G","NP_000890.1:p.Ser66Gly","Unknown significance","null","missense_variant","4/10","null","66","MODERATE","23.3","null","0.0032684","gnomad_AF_sas_pass"","48.83713424168822","0.35413041698829517","87.53","0.0"
"12:88926218:C>A","NM_000899.5:c.192G>T","NP_000890.1:p.Leu64Phe","Unknown significance","null","missense_variant&splice_region_variant","3/10","null","64","MODERATE","34","null","0","null"","20.020412495233437","0.10381272909295647","86.33","0.5"
"12:88926229:T>A","NM_000899.5:c.181A>T","NP_000890.1:p.Met61Leu","Unknown significance","null","missense_variant","3/10","null","61","MODERATE","24.8","null","0.000882566","gnomad_AF_nfe_pass"","9.404099422200877","0.043430292864127695","87.93","0.3"
"12:88926231:C>G","NM_000899.5:c.179G>C","NP_000890.1:p.Gly60Ala","Unknown significance","null","missense_variant","3/10","null","60","MODERATE","23.3","null","0.00616751","gnomad_AF_afr_pass"","8.715977922624507","0.09141401565655155","84.57","0.5"
"12:88926232:C>T","NM_000899.5:c.178G>A","NP_000890.1:p.Gly60Arg","Unknown significance","null","missense_variant","3/10","null","60","MODERATE","25.0","null","0.00353226","gnomad_AF_nfe_pass"","8.715977922624507","0.09141401565655155","84.57","1.7"
"12:88926234:G>C","NM_000899.5:c.176C>G","NP_000890.1:p.Pro59Arg","Unknown significance","null","missense_variant","3/10","null","59","MODERATE","24.1","null","0","null"","14.445852087921624","0.09183624911592005","88.73","1.3"
"12:88926237:A>T","NM_000899.5:c.173T>A","NP_000890.1:p.Val58Asp","Unknown significance","null","missense_variant","3/10","null","58","MODERATE","27.1","null","0.000884142","gnomad_AF_nfe_pass"","0.0","0.0","92.86","3.4"
"12:88926249:G>A","NM_000899.5:c.161C>T","NP_000890.1:p.Thr54Ile","Unknown significance","null","missense_variant","3/10","null","54","MODERATE","22.6","null","0","null"","66.73534665467103","0.4241538633880882","97.75","0.3"
"12:88926250:T>C","NM_000899.5:c.160A>G","NP_000890.1:p.Thr54Ala","Benign","null","missense_variant","3/10","null","54","MODERATE","13.81","null","2.34533","gnomad_AF_eas_pass"","66.73534665467103","0.4241538633880882","97.75","0.1"
"12:88926252:A>C","NM_000899.5:c.158T>G","NP_000890.1:p.Ile53Arg","Unknown significance","null","missense_variant","3/10","null","53","MODERATE","24.9","null","0","null"","1.5057463068027446","0.007676162990881795","97.85","4.4"
"12:88926255:A>G","NM_000899.5:c.155T>C","NP_000890.1:p.Met52Thr","Likely benign","null","missense_variant","3/10","null","52","MODERATE","16.13","null","0.00265243","gnomad_AF_nfe_pass"","81.06357077631317","0.3743702040320711","97.24","0.7"
"12:88926256:T>C","NM_000899.5:c.154A>G","NP_000890.1:p.Met52Val","Likely benign","null","missense_variant","3/10","null","52","MODERATE","15.22","null","0","null"","81.06357077631317","0.3743702040320711","97.24","0.4"
"12:88939537:T>G","NM_000899.5:c.121A>C","NP_000890.1:p.Thr41Pro","Unknown significance","null","missense_variant","2/10","null","41","MODERATE","23.3","null","0.0203737","gnomad_AF_amr_pass"","111.94143622490853","0.7114729304351778","93.58","0.3"
"12:88939539:A>G","NM_000899.5:c.119T>C","NP_000890.1:p.Val40Ala","Unknown significance","null","missense_variant","2/10","null","40","MODERATE","23.8","null","0.00648172","gnomad_AF_nfe_pass"","0.7717283207057094","0.004489608747636581","93.89","2.6"
"12:88939540:C>T","NM_000899.5:c.118G>A","NP_000890.1:p.Val40Ile","Likely benign","null","missense_variant","2/10","null","40","MODERATE","16.63","null","0.00545137","gnomad_AF_eas_pass"","0.7717283207057094","0.004489608747636581","93.89","0.7"
"12:88939544:T>G","NM_000899.5:c.114A>C","NP_000890.1:p.Lys38Asn","Unknown significance","null","missense_variant","2/10","null","38","MODERATE","22.7","null","0.00615233","gnomad_AF_afr_pass"","171.79468574845205","0.7257456506760355","86.59","0.1"
"12:88939548:A>C","NM_000899.5:c.110T>G","NP_000890.1:p.Val37Gly","Pathogenic","Progressive hyper- and hypopigmentation","missense_variant","2/10","null","37","MODERATE","27.0","null","0","null"","35.15050275321859","0.2044916590599684","82.87","3.2"
"12:88939550:A>T","NM_000899.5:c.108T>A","NP_000890.1:p.Asn36Lys","Pathogenic","null","missense_variant","2/10","null","36","MODERATE","22.9","null","0","null"","41.82063967903926","0.261661772600873","76.14","0.6"
"12:88939551:T>C","NM_000899.5:c.107A>G","NP_000890.1:p.Asn36Ser","Pathogenic","Progressive hyperpigmentation","missense_variant","2/10","null","36","MODERATE","23.0","null","0","null"","41.82063967903926","0.261661772600873","76.14","0.4"
"12:88939555:T>C","NM_000899.5:c.103A>G","NP_000890.1:p.Asn35Asp","Likely benign","null","missense_variant","2/10","null","35","MODERATE","17.50","null","0.00327075","gnomad_AF_sas_pass"","145.57224406091873","0.910810827256623","76.29","0.0"
"12:88939557:G>A","NM_000899.5:c.101C>T","NP_000890.1:p.Thr34Ile","Pathogenic","Progressive hyper- and hypopigmentation","missense_variant","2/10","null","34","MODERATE","26.5","null","0","null"","69.61734884793935","0.4424711783620135","79.77","0.3"
"12:88939557:G>T","NM_000899.5:c.101C>A","NP_000890.1:p.Thr34Asn","Pathogenic","Progressive hyper- and hypopigmentation","missense_variant","2/10","null","34","MODERATE","25.2","null","0","null"","69.61734884793935","0.4424711783620135","79.77","1.0"
"12:88939558:T>G","NM_000899.5:c.100A>C","NP_000890.1:p.Thr34Pro","Pathogenic","Progressive hyper- and hypopigmentation","missense_variant","2/10","null","34","MODERATE","23.4","null","0","null"","69.61734884793935","0.4424711783620135","79.77","1.3"
"12:88939560:A>G","NM_000899.5:c.98T>C","NP_000890.1:p.Val33Ala","Pathogenic","Progressive hyper- and hypopigmentation","missense_variant","2/10","null","33","MODERATE","25.9","null","0","null"","28.88450539853055","0.16803857604942163","82.63","2.3"
"12:88939563:C>T","NM_000899.5:c.95G>A","NP_000890.1:p.Arg32His","Likely benign","null","missense_variant","2/10","null","32","MODERATE","22.5","null","0.00289905","gnomad_AF_amr_pass"","41.06322906172688","0.15241028361793588","82.74","0.4"
"12:88939564:G>A","NM_000899.5:c.94C>T","NP_000890.1:p.Arg32Cys","Pathogenic","Waardenburg syndrome 2 with pigmented macules","missense_variant","2/10","null","32","MODERATE","27.6","null","0","null"","41.06322906172688","0.15241028361793588","82.74","0.4"
"12:88939576:T>A","NM_000899.5:c.82A>T","NP_000890.1:p.Ile28Phe","Likely benign","null","missense_variant","2/10","null","28","MODERATE","18.46","null","0.0130762","gnomad_AF_sas_pass"","67.12208205575045","0.34218250432991437","77.92","0.2"
"12:88939585:T>A","NM_000899.5:c.73A>T","NP_000890.1:p.Thr25Ser","Likely benign","null","missense_variant","2/10","null","25","MODERATE","16.97","null","0","null"","110.00417402018581","0.6991601563249177","56.49","0.2"
"12:88939586:T>A","NM_000899.5:c.72A>T","NP_000890.1:p.Lys24Asn","Likely benign","null","missense_variant","2/10","null","24","MODERATE","21.4","null","0.0173772","gnomad_AF_amr_pass"","165.2210333988138","0.6979752945615755","55.03","0.0"
"12:88939591:C>T","NM_000899.5:c.67G>A","NP_000890.1:p.Val23Ile","Unknown significance","null","missense_variant","2/10","null","23","MODERATE","22.0","null","0.0451581","gnomad_AF_eas_pass"","149.82386564527195","0.8716157224742425","55.97","0.1"
"12:88939596:G>A","NM_000899.5:c.62C>T","NP_000890.1:p.Pro21Leu","Unknown significance","null","missense_variant","2/10","null","21","MODERATE","24.2","null","0","null"","123.41147038007492","0.784560610797252","54.91","0.2"
"12:88939597:G>T","NM_000899.5:c.61C>A","NP_000890.1:p.Pro21Thr","Unknown significance","null","missense_variant","2/10","null","21","MODERATE","23.9","null","0.00233064","gnomad_AF_nfe_pass"","123.41147038007492","0.784560610797252","54.91","0.1"
"12:88939600:T>A","NM_000899.5:c.58A>T","NP_000890.1:p.Asn20Tyr","Unknown significance","null","missense_variant","2/10","null","20","MODERATE","24.0","null","0.00289519","gnomad_AF_amr_pass"","56.050716140321846","0.35069596862660674","61.79","1.0"
"12:88939609:G>A","NM_000899.5:c.49C>T","NP_000890.1:p.Leu17Phe","Unknown significance","null","missense_variant","2/10","null","17","MODERATE","19.54","null","0.0695008","gnomad_AF_amr_pass"","120.38120862536245","0.6242179976003391","74.15","0.3"
"12:88939624:T>C","NM_000899.5:c.34A>G","NP_000890.1:p.Ile12Val","Unknown significance","null","missense_variant","2/10","null","12","MODERATE","23.5","null","0.00326926","gnomad_AF_sas_pass"","89.59086670537734","0.45672640352352084","83.85","0.0"
"12:88939624:T>G","NM_000899.5:c.34A>C","NP_000890.1:p.Ile12Leu","Unknown significance","null","missense_variant","2/10","null","12","MODERATE","26.0","null","0.0184593","gnomad_AF_afr_pass"","89.59086670537734","0.45672640352352084","83.85","0.5"
"12:88939632:A>G","NM_000899.5:c.26T>C","NP_000890.1:p.Leu9Pro","Unknown significance","null","missense_variant","2/10","null","9","MODERATE","26.6","null","0","null"","81.8115524826676","0.424221056213474","83.85","1.3"
"12:88939633:G>A","NM_000899.5:c.25C>T","NP_000890.1:p.Leu9Phe","Likely benign","null","missense_variant","2/10","null","9","MODERATE","21.2","null","0.00353788","gnomad_AF_nfe_pass"","81.8115524826676","0.424221056213474","83.85","0.0"
"12:88939635:A>T","NM_000899.5:c.23T>A","NP_000890.1:p.Ile8Asn","Unknown significance","null","missense_variant","2/10","null","8","MODERATE","27.4","null","0.00176957","gnomad_AF_nfe_pass"","108.69220768679261","0.5541033693877724","80.71","2.0"
"12:88939636:T>A","NM_000899.5:c.22A>T","NP_000890.1:p.Ile8Phe","Unknown significance","null","missense_variant","2/10","null","8","MODERATE","32","null","0.000884862","gnomad_AF_nfe_pass"","108.69220768679261","0.5541033693877724","80.71","0.7"
"12:88939639:A>G","NM_000899.5:c.19T>C","NP_000890.1:p.Trp7Arg","Unknown significance","null","missense_variant","2/10","null","7","MODERATE","27.1","null","0","gnomad_AF_afr_pass,gnomad_AF_amr_pass,gnomad_AF_eas_pass,gnomad_AF_nfe_pass,gnomad_AF_sas_pass"","126.93241909090088","0.4838687717507633","77.98","2.0"
"12:88939641:G>A","NM_000899.5:c.17C>T","NP_000890.1:p.Thr6Ile","Unknown significance","null","missense_variant&splice_region_variant","2/10","null","6","MODERATE","27.0","null","0.000886871","gnomad_AF_nfe_pass"","86.0520849769899","0.5469264209334203","75.46","0.7"
"12:88974042:T>C","NM_000899.5:c.14A>G","NP_000890.1:p.Gln5Arg","Unknown significance","null","missense_variant&splice_region_variant","1/10","null","5","MODERATE","24.9","null","0.00181828","gnomad_AF_nfe_pass"","117.74252600396967","0.5954058852792147","70.09","0.1"
"12:88974045:G>A","NM_000899.5:c.11C>T","NP_000890.1:p.Thr4Ile","Unknown significance","null","missense_variant","1/10","null","4","MODERATE","27.0","null","0.00672766","gnomad_AF_afr_pass"","90.38212373980771","0.5744471091733877","64.68","0.0"