{"applied_filters": "CONTAINS missense_variant[Consequence]"},,"Surface Area","Normalized SA","Confidence Score","|ddG|""Genomic Description (GRCh37)","HGVS Nucleotide Change","HGVS Protein Change","Variant Classification","Phenotype","Consequence","Exon","Intron","Protein Position","Impact","CADD Phred","Interpro Domain","Max MAF (%)","Max MAF Source","Surface Area","Normalized SA","Confidence Score","|ddG|"
"12:122692936:C>G","NM_019887.6:c.712G>C","NP_063940.1:p.Glu238Gln","Unknown significance","null","missense_variant","7/7","null","238","MODERATE","26.9","null","0.00471431","gnomad_AF_nfe_pass"","152.59762756090333","0.7814666593583717","76.99","0.0"
"12:122692938:C>T","NM_019887.6:c.710G>A","NP_063940.1:p.Arg237His","Unknown significance","null","missense_variant","7/7","null","237","MODERATE","29.2","null","0.0458115","gnomad_AF_sas_pass"","212.1843688534257","0.7875435170388264","86.25","0.4"
"12:122692939:G>A","NM_019887.6:c.709C>T","NP_063940.1:p.Arg237Cys","Unknown significance","null","missense_variant","7/7","null","237","MODERATE","32","null","0.0028962","gnomad_AF_amr_pass"","212.1843688534257","0.7875435170388264","86.25","0.9"
"12:122692942:G>C","NM_019887.6:c.706C>G","NP_063940.1:p.Leu236Val","Unknown significance","null","missense_variant","7/7","null","236","MODERATE","24.8","null","0.00392619","gnomad_AF_nfe_pass"","123.04485854837415","0.638029939183557","87.96","0.7"
"12:122692944:T>A","NM_019887.6:c.704A>T","NP_063940.1:p.Tyr235Phe","Unknown significance","null","missense_variant","7/7","null","235","MODERATE","26.3","null","0.00327097","gnomad_AF_sas_pass"","161.44446858475825","0.6729328128895006","85.75","0.6"
"12:122692950:T>G","NM_019887.6:c.698A>C","NP_063940.1:p.Glu233Ala","Unknown significance","null","missense_variant","7/7","null","233","MODERATE","26.0","null","0.00544484","gnomad_AF_eas_pass"","106.25977724295811","0.5441662132858367","88.61","0.3"
"12:122692951:C>G","NM_019887.6:c.697G>C","NP_063940.1:p.Glu233Gln","Unknown significance","null","missense_variant","7/7","null","233","MODERATE","24.7","null","0","null"","106.25977724295811","0.5441662132858367","88.61","0.2"
"12:122692951:C>T","NM_019887.6:c.697G>A","NP_063940.1:p.Glu233Lys","Unknown significance","null","missense_variant","7/7","null","233","MODERATE","25.8","null","0.00544484","gnomad_AF_eas_pass"","106.25977724295811","0.5441662132858367","88.61","0.2"
"12:122692953:T>G","NM_019887.6:c.695A>C","NP_063940.1:p.Gln232Pro","Likely benign","null","missense_variant","7/7","null","232","MODERATE","9.756","null","0.0062004","gnomad_AF_afr_pass"","122.98969476011172","0.6219400124505211","89.03","0.0"
"12:122692959:G>A","NM_019887.6:c.689C>T","NP_063940.1:p.Ser230Leu","Likely benign","null","missense_variant","7/7","null","230","MODERATE","9.862","null","0.00980649","gnomad_AF_sas_pass"","66.27293503746705","0.48056182010415016","89.18","0.0"
"12:122692968:C>T","NM_019887.6:c.680G>A","NP_063940.1:p.Arg227Gln","Likely benign","null","missense_variant","7/7","null","227","MODERATE","1.661","null","0.00868307","gnomad_AF_amr_pass"","178.10348198508768","0.6610488951534879","90.69","0.3"
"12:122692969:G>A","NM_019887.6:c.679C>T","NP_063940.1:p.Arg227Trp","Likely benign","null","missense_variant","7/7","null","227","MODERATE","15.11","null","0.0442371","gnomad_AF_afr_pass"","178.10348198508768","0.6610488951534879","90.69","0.2"
"12:122692969:G>C","NM_019887.6:c.679C>G","NP_063940.1:p.Arg227Gly","Likely benign","null","missense_variant","7/7","null","227","MODERATE","6.726","null","0.00618965","gnomad_AF_afr_pass"","178.10348198508768","0.6610488951534879","90.69","0.9"
"12:122692972:C>T","NM_019887.6:c.676G>A","NP_063940.1:p.Glu226Lys","Likely benign","null","missense_variant","7/7","null","226","MODERATE","14.93","null","0","null"","86.52718766381314","0.44311378471678964","89.1","0.3"
"12:122692977:C>G","NM_019887.6:c.671G>C","NP_063940.1:p.Gly224Ala","Likely benign","null","missense_variant","7/7","null","224","MODERATE","9.913","null","0.000887973","gnomad_AF_nfe_pass"","41.44490935778835","0.434678199801636","91.94","0.5"
"12:122692977:C>T","NM_019887.6:c.671G>A","NP_063940.1:p.Gly224Glu","Likely benign","null","missense_variant","7/7","null","224","MODERATE","13.18","null","0","null"","41.44490935778835","0.434678199801636","91.94","0.0"
"12:122692978:C>T","NM_019887.6:c.670G>A","NP_063940.1:p.Gly224Arg","Benign","null","missense_variant","7/7","null","224","MODERATE","13.23","null","0.779054","gnomad_AF_afr_pass"","41.44490935778835","0.434678199801636","91.94","0.7"
"12:122692980:T>C","NM_019887.6:c.668A>G","NP_063940.1:p.Glu223Gly","Likely benign","null","missense_variant","7/7","null","223","MODERATE","8.681","null","0","null"","93.2568171131778","0.4775768437339805","91.17","0.5"
"12:122692981:C>T","NM_019887.6:c.667G>A","NP_063940.1:p.Glu223Lys","Likely benign","null","missense_variant","7/7","null","223","MODERATE","18.42","null","0.000887343","gnomad_AF_nfe_pass"","93.2568171131778","0.4775768437339805","91.17","0.0"
"12:122692984:C>G","NM_019887.6:c.664G>C","NP_063940.1:p.Glu222Gln","Unknown significance","null","missense_variant","7/7","null","222","MODERATE","23.0","null","0.000886776","gnomad_AF_nfe_pass"","18.697120737619063","0.09574969621736634","91.31","0.6"
"12:122692996:G>T","NM_019887.6:c.652C>A","NP_063940.1:p.Gln218Lys","Unknown significance","null","missense_variant","7/7","null","218","MODERATE","20.1","null","0.000885347","gnomad_AF_nfe_pass"","56.729962518547936","0.28687471469801745","94.01","0.4"
"12:122692998:C>T","NM_019887.6:c.650G>A","NP_063940.1:p.Arg217His","Likely benign","null","missense_variant","7/7","null","217","MODERATE","19.09","null","0.00616903","gnomad_AF_afr_pass"","135.27273929183238","0.5020783078274615","95.63","0.2"
"12:122692999:G>A","NM_019887.6:c.649C>T","NP_063940.1:p.Arg217Cys","Unknown significance","null","missense_variant","7/7","null","217","MODERATE","29.0","null","0.0054401","gnomad_AF_eas_pass"","135.27273929183238","0.5020783078274615","95.63","0.7"
"12:122693002:G>A","NM_019887.6:c.646C>T","NP_063940.1:p.Leu216Phe","Unknown significance","null","missense_variant","7/7","null","216","MODERATE","24.5","null","0.00616295","gnomad_AF_afr_pass"","130.3525868964498","0.675923025725321","95.94","0.2"
"12:122693007:T>A","NM_019887.6:c.641A>T","NP_063940.1:p.Glu214Val","Pathogenic","Hearing loss","missense_variant","7/7","null","214","MODERATE","24.2","null","0.011566","gnomad_AF_amr_pass"","72.53397059056852","0.3714532171529811","96.64","0.3"
"12:122693008:C>G","NM_019887.6:c.640G>C","NP_063940.1:p.Glu214Gln","Likely benign","null","missense_variant","7/7","null","214","MODERATE","14.54","null","0.00326669","gnomad_AF_sas_pass"","72.53397059056852","0.3714532171529811","96.64","0.3"
"12:122693010:A>G","NM_019887.6:c.638T>C","NP_063940.1:p.Ile213Thr","Likely benign","null","missense_variant","7/7","null","213","MODERATE","16.67","null","0.00615839","gnomad_AF_afr_pass"","128.8777719010004","0.6570076104748257","97.82","0.2"
"12:122693012:C>G","NM_019887.6:c.636G>C","NP_063940.1:p.Gln212His","Unknown significance","null","missense_variant","7/7","null","212","MODERATE","25.0","null","0.000882239","gnomad_AF_nfe_pass"","74.43227838778454","0.37639260945814645","97.23","0.1"
"12:122693013:T>C","NM_019887.6:c.635A>G","NP_063940.1:p.Gln212Arg","Unknown significance","null","missense_variant","7/7","null","212","MODERATE","25.7","null","0","null"","74.43227838778454","0.37639260945814645","97.23","0.2"
"12:122693017:C>T","NM_019887.6:c.631G>A","NP_063940.1:p.Ala211Thr","Unknown significance","null","missense_variant","7/7","null","211","MODERATE","22.2","null","0.000881834","gnomad_AF_nfe_pass"","0.6109959995338903","0.004804987401444151","97.81","0.4"
"12:122693019:T>G","NM_019887.6:c.629A>C","NP_063940.1:p.Glu210Ala","Unknown significance","null","missense_variant","7/7","null","210","MODERATE","26.0","null","0.00543715","gnomad_AF_eas_pass"","85.5002492056747","0.43785473725271434","98.46","0.2"
"12:122693028:T>C","NM_019887.6:c.620A>G","NP_063940.1:p.Lys207Arg","Unknown significance","null","missense_variant","7/7","null","207","MODERATE","27.3","null","0.00543656","gnomad_AF_eas_pass"","99.68251819121728","0.42110821828120826","98.57","0.5"
"12:122693031:G>C","NM_019887.6:c.617C>G","NP_063940.1:p.Thr206Ser","Unknown significance","null","missense_variant","7/7","null","206","MODERATE","18.61","null","0.00615309","gnomad_AF_afr_pass"","86.06388838651525","0.5470014405744694","98.73","0.3"
"12:122693037:G>A","NM_019887.6:c.611C>T","NP_063940.1:p.Ala204Val","Unknown significance","null","missense_variant","7/7","null","204","MODERATE","31","null","0.0061546","gnomad_AF_afr_pass"","0.0","0.0","98.52","0.3"
"12:122693037:G>C","NM_019887.6:c.611C>G","NP_063940.1:p.Ala204Gly","Unknown significance","null","missense_variant","7/7","null","204","MODERATE","28.5","null","0","gnomad_AF_afr_pass,gnomad_AF_amr_pass,gnomad_AF_eas_pass,gnomad_AF_nfe_pass"","0.0","0.0","98.52","1.9"
"12:122693043:C>T","NM_019887.6:c.605G>A","NP_063940.1:p.Arg202Gln","Likely benign","null","missense_variant","7/7","null","202","MODERATE","22.7","null","0.112179","gnomad_AF_afr_pass"","124.64079442880369","0.46261678059226474","98.72","0.1"
"12:122693044:G>A","NM_019887.6:c.604C>T","NP_063940.1:p.Arg202Trp","Unknown significance","null","missense_variant","7/7","null","202","MODERATE","32","null","0.0184638","gnomad_AF_afr_pass"","124.64079442880369","0.46261678059226474","98.72","0.3"
"12:122693052:T>C","NM_019887.6:c.596A>G","NP_063940.1:p.Gln199Arg","Unknown significance","null","missense_variant","7/7","null","199","MODERATE","23.0","null","0.00615233","gnomad_AF_afr_pass"","75.4674415880049","0.38162727090591336","98.64","0.1"
"12:122693052:T>G","NM_019887.6:c.596A>C","NP_063940.1:p.Gln199Pro","Unknown significance","null","missense_variant","7/7","null","199","MODERATE","24.7","null","0.0064834","gnomad_AF_nfe_pass"","75.4674415880049","0.38162727090591336","98.64","0.8"
"12:122693055:T>C","NM_019887.6:c.593A>G","NP_063940.1:p.His198Arg","Likely benign","null","missense_variant","7/7","null","198","MODERATE","16.56","null","0.00851842","gnomad_AF_nfe_pass"","24.265147295694387","0.1181347284475384","98.61","0.6"
"12:122693056:G>C","NM_019887.6:c.592C>G","NP_063940.1:p.His198Asp","Unknown significance","null","missense_variant","7/7","null","198","MODERATE","24.4","null","0.00543656","gnomad_AF_eas_pass"","24.265147295694387","0.1181347284475384","98.61","1.3"
"12:122693068:C>T","NM_019887.6:c.580G>A","NP_063940.1:p.Val194Met","Unknown significance","null","missense_variant","7/7","null","194","MODERATE","26.9","null","0.00578168","gnomad_AF_amr_pass"","1.3348922707997022","0.007765872853615574","98.65","1.4"
"12:122693084:C>A","NM_019887.6:c.564G>T","NP_063940.1:p.Gln188His","Unknown significance","null","missense_variant","7/7","null","188","MODERATE","23.7","null","0.0130659","gnomad_AF_sas_pass"","118.50666399278403","0.5992700138243263","98.71","0.0"
"12:122693089:T>C","NM_019887.6:c.559A>G","NP_063940.1:p.Ile187Val","Likely benign","null","missense_variant","7/7","null","187","MODERATE","17.37","null","0.00543715","gnomad_AF_eas_pass"","3.4617742507277267","0.017647822389581902","98.77","1.0"
"12:122693091:T>A","NM_019887.6:c.557A>T","NP_063940.1:p.His186Leu","Unknown significance","null","missense_variant","7/7","null","186","MODERATE","28.5","null","0.000879291","gnomad_AF_nfe_pass"","32.58872857898282","0.15865803550311805","98.61","0.3"
"12:122693095:T>C","NM_019887.6:c.553A>G","NP_063940.1:p.Asn185Asp","Unknown significance","null","missense_variant","7/7","null","185","MODERATE","24.3","null","0.027259","gnomad_AF_nfe_pass"","87.72513248981645","0.5488752406730076","98.48","0.1"
"12:122693098:T>C","NM_019887.6:c.550A>G","NP_063940.1:p.Arg184Gly","Unknown significance","null","missense_variant","7/7","null","184","MODERATE","26.6","null","0.0194502","gnomad_AF_nfe_pass"","74.0889780500906","0.2749886556803203","98.45","1.6"
"12:122693101:C>T","NM_019887.6:c.547G>A","NP_063940.1:p.Ala183Thr","Unknown significance","null","missense_variant","7/7","null","183","MODERATE","23.5","null","0.00289201","gnomad_AF_amr_pass"","2.0041344691401255","0.015760890222463922","97.6","0.3"
"12:122693103:G>A","NM_019887.6:c.545C>T","NP_063940.1:p.Thr182Ile","Unknown significance","null","missense_variant","7/7","null","182","MODERATE","23.2","null","0.000880638","gnomad_AF_nfe_pass"","88.95546087096284","0.5653795820246315","97.52","0.1"
"12:122693103:G>T","NM_019887.6:c.545C>A","NP_063940.1:p.Thr182Asn","Unknown significance","null","missense_variant","7/7","null","182","MODERATE","23.0","null","0.00616903","gnomad_AF_afr_pass"","88.95546087096284","0.5653795820246315","97.52","0.6"
"12:122693107:T>G","NM_019887.6:c.541A>C","NP_063940.1:p.Ile181Leu","Likely benign","null","missense_variant","7/7","null","181","MODERATE","15.62","null","0.00464799","gnomad_AF_nfe_pass"","96.25485814579254","0.4906988491044015","97.82","0.6"
"12:122693109:G>A","NM_019887.6:c.539C>T","NP_063940.1:p.Ser180Phe","Unknown significance","null","missense_variant","7/7","null","180","MODERATE","26.7","null","0.000879987","gnomad_AF_nfe_pass"","3.088969096232054","0.022398896476993616","97.46","0.3"
"12:122693109:G>C","NM_019887.6:c.539C>G","NP_063940.1:p.Ser180Cys","Unknown significance","null","missense_variant","7/7","null","180","MODERATE","24.0","null","0.000879987","gnomad_AF_nfe_pass"","3.088969096232054","0.022398896476993616","97.46","0.1"
"12:122693112:G>C","NM_019887.6:c.536C>G","NP_063940.1:p.Ala179Gly","Unknown significance","null","missense_variant","7/7","null","179","MODERATE","32","null","0.00282438","gnomad_AF_amr_pass"","12.884640331063878","0.10132723374642506","94.86","1.9"
"12:122693113:C>A","NM_019887.6:c.535G>T","NP_063940.1:p.Ala179Ser","Unknown significance","null","missense_variant","7/7","null","179","MODERATE","26.0","null","0.000880592","gnomad_AF_nfe_pass"","12.884640331063878","0.10132723374642506","94.86","1.0"
"12:122693116:G>C","NM_019887.6:c.532C>G","NP_063940.1:p.Gln178Glu","Unknown significance","null","missense_variant","7/7","null","178","MODERATE","27.8","null","0.000881088","gnomad_AF_nfe_pass"","155.5961901064548","0.7868260556367142","94.67","0.3"
"12:122693119:C>T","NM_019887.6:c.529G>A","NP_063940.1:p.Asp177Asn","Unknown significance","null","missense_variant","7/7","null","177","MODERATE","32","null","0.271206","gnomad_AF_sas_pass"","54.49750310637119","0.3406523166067124","94.12","0.1"
"12:122693122:C>T","NM_019887.6:c.526G>A","NP_063940.1:p.Ala176Thr","Unknown significance","null","missense_variant&splice_region_variant","7/7","null","176","MODERATE","31","null","0.000881819","gnomad_AF_nfe_pass"","11.1046005759242","0.08732866648241557","94.11","0.6"
"12:122701037:G>A","NM_019887.6:c.521C>T","NP_063940.1:p.Thr174Ile","Unknown significance","null","missense_variant&splice_region_variant","6/7","null","174","MODERATE","25.8","null","0.000879678","gnomad_AF_nfe_pass"","8.179357025874086","0.05198603223726819","93.96","0.2"
"12:122701055:G>A","NM_019887.6:c.503C>T","NP_063940.1:p.Ala168Val","Unknown significance","null","missense_variant","6/7","null","168","MODERATE","32","null","0.000879461","gnomad_AF_nfe_pass"","0.0","0.0","98.33","0.0"
"12:122701056:C>T","NM_019887.6:c.502G>A","NP_063940.1:p.Ala168Thr","Unknown significance","null","missense_variant","6/7","null","168","MODERATE","29.2","null","0.0108731","gnomad_AF_eas_pass"","0.0","0.0","98.33","1.1"
"12:122701065:C>T","NM_019887.6:c.493G>A","NP_063940.1:p.Glu165Lys","Unknown significance","null","missense_variant","6/7","null","165","MODERATE","26.0","null","0.0108731","gnomad_AF_eas_pass"","60.00126570465882","0.3072720684912344","98.71","0.2"
"12:122701076:A>G","NM_019887.6:c.482T>C","NP_063940.1:p.Val161Ala","Unknown significance","null","missense_variant","6/7","null","161","MODERATE","25.6","null","0.0217462","gnomad_AF_eas_pass"","1.1976341110512698","0.006967359415456997","98.84","2.3"
"12:122701079:G>A","NM_019887.6:c.479C>T","NP_063940.1:p.Ala160Val","Unknown significance","null","missense_variant","6/7","null","160","MODERATE","32","null","0.00326648","gnomad_AF_sas_pass"","0.0","0.0","98.69","0.8"
"12:122701082:G>A","NM_019887.6:c.476C>T","NP_063940.1:p.Thr159Ile","Unknown significance","null","missense_variant","6/7","null","159","MODERATE","27.5","null","0.00653339","gnomad_AF_sas_pass"","78.52512237096582","0.4990868512156937","98.68","0.4"
"12:122701084:C>A","NM_019887.6:c.474G>T","NP_063940.1:p.Met158Ile","Unknown significance","null","missense_variant","6/7","null","158","MODERATE","23.0","null","0.00648929","gnomad_AF_nfe_pass"","108.85961518003128","0.5027387266008437","98.75","0.0"
"12:122701084:C>T","NM_019887.6:c.474G>A","NP_063940.1:p.Met158Ile","Unknown significance","null","missense_variant","6/7","null","158","MODERATE","23.2","null","0.00175883","gnomad_AF_nfe_pass"","108.85961518003128","0.5027387266008437","98.75","0.0"
"12:122701086:T>A","NM_019887.6:c.472A>T","NP_063940.1:p.Met158Leu","Likely benign","null","missense_variant","6/7","null","158","MODERATE","22.4","null","0.0160244","gnomad_AF_afr_pass"","108.85961518003128","0.5027387266008437","98.75","0.1"
"12:122701086:T>C","NM_019887.6:c.472A>G","NP_063940.1:p.Met158Val","Unknown significance","null","missense_variant","6/7","null","158","MODERATE","21.9","null","0.0163097","gnomad_AF_eas_pass"","108.85961518003128","0.5027387266008437","98.75","0.1"
"12:122701106:A>C","NM_019887.6:c.452T>G","NP_063940.1:p.Leu151Trp","Unknown significance","null","missense_variant","6/7","null","151","MODERATE","25.5","null","0.00289101","gnomad_AF_amr_pass"","83.62348702907836","0.4336165604392483","98.65","0.1"
"12:122701116:G>C","NM_019887.6:c.442C>G","NP_063940.1:p.Gln148Glu","Unknown significance","null","missense_variant","6/7","null","148","MODERATE","20.1","null","0.00289101","gnomad_AF_amr_pass"","121.89105192581381","0.6163843442347844","98.73","0.1"
"12:122701129:C>A","NM_019887.6:c.429G>T","NP_063940.1:p.Met143Ile","Unknown significance","null","missense_variant&splice_region_variant","6/7","null","143","MODERATE","24.4","null","0.00578202","gnomad_AF_amr_pass"","32.389685645713165","0.14958301377051392","98.6","0.4"
"12:122701313:C>G","NM_019887.6:c.419G>C","NP_063940.1:p.Arg140Thr","Unknown significance","null","missense_variant","5/7","null","140","MODERATE","27.3","null","0.00326669","gnomad_AF_sas_pass"","88.02137913968755","0.3267001564576294","98.57","1.2"
"12:122701317:C>T","NM_019887.6:c.415G>A","NP_063940.1:p.Ala139Thr","Unknown significance","null","missense_variant","5/7","null","139","MODERATE","29.6","null","0.00289084","gnomad_AF_amr_pass"","3.595137176527538","0.028272834605883767","98.38","0.2"
"12:122701321:T>C","NM_019887.6:c.411A>G","NP_063940.1:p.Ile137Met","Unknown significance","null","missense_variant","5/7","null","137","MODERATE","24.2","null","0.00867253","gnomad_AF_amr_pass"","73.43782934829964","0.37437963169977684","98.16","1.0"
"12:122701322:A>G","NM_019887.6:c.410T>C","NP_063940.1:p.Ile137Thr","Unknown significance","null","missense_variant","5/7","null","137","MODERATE","25.7","null","0.00615233","gnomad_AF_afr_pass"","73.43782934829964","0.37437963169977684","98.16","1.8"
"12:122701323:T>C","NM_019887.6:c.409A>G","NP_063940.1:p.Ile137Val","Unknown significance","null","missense_variant","5/7","null","137","MODERATE","22.6","null","0.000879183","gnomad_AF_nfe_pass"","73.43782934829964","0.37437963169977684","98.16","0.4"
"12:122701325:A>T","NM_019887.6:c.407T>A","NP_063940.1:p.Ile136Asn","Unknown significance","null","missense_variant","5/7","null","136","MODERATE","29.8","null","0.00175849","gnomad_AF_nfe_pass"","0.0","0.0","97.75","5.3"
"12:122701328:A>C","NM_019887.6:c.404T>G","NP_063940.1:p.Val135Gly","Unknown significance","null","missense_variant","5/7","null","135","MODERATE","28.1","null","0","null"","20.182873780170315","0.11741594061629888","97.77","3.6"
"12:122701331:T>C","NM_019887.6:c.401A>G","NP_063940.1:p.Gln134Arg","Unknown significance","null","missense_variant","5/7","null","134","MODERATE","26.8","null","0.00653339","gnomad_AF_sas_pass"","99.46532938555161","0.5029809067914542","97.65","0.1"
"12:122701333:C>A","NM_019887.6:c.399G>T","NP_063940.1:p.Trp133Cys","Unknown significance","null","missense_variant","5/7","null","133","MODERATE","32","null","0.000879229","gnomad_AF_nfe_pass"","72.31672541834608","0.27567271904077895","96.05","3.3"
"12:122701338:C>T","NM_019887.6:c.394G>A","NP_063940.1:p.Val132Met","Likely benign","null","missense_variant","5/7","null","132","MODERATE","27.3","null","0.0451467","gnomad_AF_amr_pass"","0.0","0.0","95.09","0.7"
"12:122701353:C>T","NM_019887.6:c.379G>A","NP_063940.1:p.Glu127Lys","Likely benign","null","missense_variant","5/7","null","127","MODERATE","18.63","null","0","null"","135.860510228021","0.6957543230758402","95.61","0.2"
"12:122701355:G>A","NM_019887.6:c.377C>T","NP_063940.1:p.Ser126Leu","Pathogenic","Progressive hearing loss","missense_variant","5/7","null","126","MODERATE","32","null","0","null"","109.40345746968774","0.7933121509949281","93.6","0.0"
"12:122701361:A>G","NM_019887.6:c.371T>C","NP_063940.1:p.Met124Thr","Unknown significance","null","missense_variant","5/7","null","124","MODERATE","23.6","null","0.00578202","gnomad_AF_amr_pass"","28.79350524309968","0.1329750260126401","93.57","1.4"
"12:122701368:C>G","NM_019887.6:c.364G>C","NP_063940.1:p.Gly122Arg","Unknown significance","null","missense_variant","5/7","null","122","MODERATE","29.0","null","0.00326669","gnomad_AF_sas_pass"","66.09714356478158","0.6932332057657258","90.53","0.3"
"12:122701368:C>T","NM_019887.6:c.364G>A","NP_063940.1:p.Gly122Arg","Unknown significance","null","missense_variant","5/7","null","122","MODERATE","32","null","0.0026382","gnomad_AF_nfe_pass"","66.09714356478158","0.6932332057657258","90.53","0.3"
"12:122701372:T>A","NM_019887.6:c.360A>T","NP_063940.1:p.Leu120Phe","Unknown significance","null","missense_variant","5/7","null","120","MODERATE","22.8","null","0","null"","35.8258549044962","0.18576938764920606","94.46","0.2"
"12:122701382:T>C","NM_019887.6:c.350A>G","NP_063940.1:p.Tyr117Cys","Unknown significance","null","missense_variant","5/7","null","117","MODERATE","28.1","null","0.000879446","gnomad_AF_nfe_pass"","2.71512793801102","0.011317195916944032","96.33","3.4"
"12:122701383:A>G","NM_019887.6:c.349T>C","NP_063940.1:p.Tyr117His","Unknown significance","null","missense_variant","5/7","null","117","MODERATE","27.7","null","0.00263862","gnomad_AF_nfe_pass"","2.71512793801102","0.011317195916944032","96.33","2.3"
"12:122701388:C>T","NM_019887.6:c.344G>A","NP_063940.1:p.Arg115Gln","Unknown significance","null","missense_variant","5/7","null","115","MODERATE","23.4","null","0.00282183","gnomad_AF_amr_pass"","110.3116610487467","0.409432768220251","97.76","0.3"
"12:122701394:A>C","NM_019887.6:c.338T>G","NP_063940.1:p.Leu113Arg","Unknown significance","null","missense_variant","5/7","null","113","MODERATE","25.9","null","0","null"","8.861193841575012","0.045948339772450573","98.28","3.6"
"12:122701395:G>A","NM_019887.6:c.337C>T","NP_063940.1:p.Leu113Phe","Unknown significance","null","missense_variant","5/7","null","113","MODERATE","23.2","null","0.000879616","gnomad_AF_nfe_pass"","8.861193841575012","0.045948339772450573","98.28","1.1"
"12:122701410:A>C","NM_019887.6:c.322T>G","NP_063940.1:p.Tyr108Asp","Unknown significance","null","missense_variant","5/7","null","108","MODERATE","28.3","null","0.0184615","gnomad_AF_afr_pass"","86.61894757681776","0.36104508598753643","98.72","2.4"
"12:122701415:G>C","NM_019887.6:c.317C>G","NP_063940.1:p.Ala106Gly","Unknown significance","null","missense_variant&splice_region_variant","5/7","null","106","MODERATE","32","null","0.00232392","gnomad_AF_nfe_pass"","2.5518000396336213","0.020067835224449992","98.68","2.1"
"12:122702818:T>C","NM_019887.6:c.310A>G","NP_063940.1:p.Thr104Ala","Unknown significance","null","missense_variant","4/7","null","104","MODERATE","24.0","null","0.000879446","gnomad_AF_nfe_pass"","9.942091425366675","0.06318954946091823","98.8","0.4"
"12:122702827:T>C","NM_019887.6:c.301A>G","NP_063940.1:p.Thr101Ala","Unknown significance","null","missense_variant","4/7","null","101","MODERATE","24.8","null","0.00351778","gnomad_AF_nfe_pass"","59.91821804944223","0.3808258283951231","98.73","0.5"
"12:122702830:T>C","NM_019887.6:c.298A>G","NP_063940.1:p.Ile100Val","Unknown significance","null","missense_variant","4/7","null","100","MODERATE","22.5","null","0.00289101","gnomad_AF_amr_pass"","0.0","0.0","98.81","0.7"
"12:122702832:G>C","NM_019887.6:c.296C>G","NP_063940.1:p.Ala99Gly","Unknown significance","null","missense_variant","4/7","null","99","MODERATE","26.3","null","0.00326648","gnomad_AF_sas_pass"","3.426907173302289","0.026949842234969896","98.75","2.1"
"12:122702837:A>C","NM_019887.6:c.291T>G","NP_063940.1:p.Ile97Met","Unknown significance","null","missense_variant","4/7","null","97","MODERATE","19.34","null","0","null"","37.66811278419452","0.1920287448051992","98.76","1.2"
"12:122702844:G>A","NM_019887.6:c.284C>T","NP_063940.1:p.Ala95Val","Unknown significance","null","missense_variant","4/7","null","95","MODERATE","27.9","null","0.00543656","gnomad_AF_eas_pass"","28.234686992314096","0.22204288634505726","98.72","0.2"
"12:122702851:T>C","NM_019887.6:c.277A>G","NP_063940.1:p.Thr93Ala","Unknown significance","null","missense_variant","4/7","null","93","MODERATE","25.9","null","0.00289101","gnomad_AF_amr_pass"","5.900135359535473","0.03749984577452516","98.85","0.7"
"12:122702854:T>C","NM_019887.6:c.274A>G","NP_063940.1:p.Thr92Ala","Unknown significance","null","missense_variant","4/7","null","92","MODERATE","24.8","null","0","gnomad_AF_afr_pass,gnomad_AF_amr_pass,gnomad_AF_eas_pass,gnomad_AF_nfe_pass,gnomad_AF_sas_pass"","6.851508046455047","0.04354654247885103","98.74","0.7"
"12:122702857:G>C","NM_019887.6:c.271C>G","NP_063940.1:p.Gln91Glu","Unknown significance","null","missense_variant","4/7","null","91","MODERATE","23.4","null","0.000879507","gnomad_AF_nfe_pass"","122.81987020206759","0.6210812357217035","98.65","0.3"
"12:122702859:G>C","NM_019887.6:c.269C>G","NP_063940.1:p.Ser90Cys","Likely benign","null","missense_variant","4/7","null","90","MODERATE","27.9","null","0.108138","gnomad_AF_afr_pass"","55.750262461975794","0.4042592588492537","98.72","0.0"
"12:122702860:A>G","NM_019887.6:c.268T>C","NP_063940.1:p.Ser90Pro","Unknown significance","null","missense_variant","4/7","null","90","MODERATE","28.5","null","0.000879477","gnomad_AF_nfe_pass"","55.750262461975794","0.4042592588492537","98.72","0.5"
"12:122702863:G>A","NM_019887.6:c.265C>T","NP_063940.1:p.Leu89Phe","Unknown significance","null","missense_variant","4/7","null","89","MODERATE","27.2","null","0.000879477","gnomad_AF_nfe_pass"","0.0","0.0","98.85","1.5"
"12:122702863:G>C","NM_019887.6:c.265C>G","NP_063940.1:p.Leu89Val","Unknown significance","null","missense_variant","4/7","null","89","MODERATE","25.7","null","0.00289101","gnomad_AF_amr_pass"","0.0","0.0","98.85","2.0"
"12:122702863:G>T","NM_019887.6:c.265C>A","NP_063940.1:p.Leu89Ile","Unknown significance","null","missense_variant","4/7","null","89","MODERATE","26.3","null","0.000879477","gnomad_AF_nfe_pass"","0.0","0.0","98.85","1.4"
"12:122702869:T>C","NM_019887.6:c.259A>G","NP_063940.1:p.Thr87Ala","Unknown significance","null","missense_variant","4/7","null","87","MODERATE","24.7","null","0.00309785","gnomad_AF_nfe_pass"","91.17282330715058","0.5794726060514247","98.54","0.3"
"12:122702871:G>C","NM_019887.6:c.257C>G","NP_063940.1:p.Ser86Cys","Unknown significance","null","missense_variant","4/7","null","86","MODERATE","24.6","null","0.00326648","gnomad_AF_sas_pass"","24.37483835085228","0.17674812011883556","98.12","0.1"
"12:122702874:G>A","NM_019887.6:c.254C>T","NP_063940.1:p.Thr85Ile","Unknown significance","null","missense_variant","4/7","null","85","MODERATE","28.1","null","0.00326648","gnomad_AF_sas_pass"","12.650356131445035","0.08040263062021628","98.47","0.1"
"12:122702874:G>C","NM_019887.6:c.254C>G","NP_063940.1:p.Thr85Ser","Unknown significance","null","missense_variant","4/7","null","85","MODERATE","23.0","null","0.0114863","gnomad_AF_afr_pass"","12.650356131445035","0.08040263062021628","98.47","0.5"
"12:122702880:T>A","NM_019887.6:c.248A>T","NP_063940.1:p.Asp83Val","Unknown significance","null","missense_variant","4/7","null","83","MODERATE","29.7","null","0.00578202","gnomad_AF_amr_pass"","88.67680170586146","0.554299852443042","96.4","0.0"
"12:122702880:T>C","NM_019887.6:c.248A>G","NP_063940.1:p.Asp83Gly","Unknown significance","null","missense_variant","4/7","null","83","MODERATE","29.6","null","0.00543656","gnomad_AF_eas_pass"","88.67680170586146","0.554299852443042","96.4","0.6"
"12:122702883:G>A","NM_019887.6:c.245C>T","NP_063940.1:p.Thr82Ile","Unknown significance","null","missense_variant","4/7","null","82","MODERATE","28.4","null","0.00175923","gnomad_AF_nfe_pass"","0.5858213182109806","0.0037233398465743666","97.3","0.7"
"12:122702884:T>C","NM_019887.6:c.244A>G","NP_063940.1:p.Thr82Ala","Unknown significance","null","missense_variant","4/7","null","82","MODERATE","22.5","null","0","null"","0.5858213182109806","0.0037233398465743666","97.3","0.7"
"12:122702888:C>G","NM_019887.6:c.240G>C","NP_063940.1:p.Leu80Phe","Unknown significance","null","missense_variant","4/7","null","80","MODERATE","24.8","null","0.0160269","gnomad_AF_afr_pass"","141.292203061769","0.732648700564518","96.14","0.3"
"12:122702895:A>G","NM_019887.6:c.233T>C","NP_063940.1:p.Val78Ala","Unknown significance","null","missense_variant","4/7","null","78","MODERATE","21.7","null","0.00289101","gnomad_AF_amr_pass"","9.772469116238174","0.05685234253182519","96.54","1.0"
"12:122702907:A>C","NM_019887.6:c.221T>G","NP_063940.1:p.Met74Arg","Unknown significance","null","missense_variant","4/7","null","74","MODERATE","23.1","null","0.00543656","gnomad_AF_eas_pass"","107.32545044582146","0.4956536011978463","92.05","1.0"
"12:122702909:C>G","NM_019887.6:c.219G>C","NP_063940.1:p.Leu73Phe","Unknown significance","null","missense_variant","4/7","null","73","MODERATE","22.9","null","0.000879569","gnomad_AF_nfe_pass"","78.18746768783953","0.4054289292727847","90.27","0.8"
"12:122702910:A>G","NM_019887.6:c.218T>C","NP_063940.1:p.Leu73Ser","Unknown significance","null","missense_variant","4/7","null","73","MODERATE","27.3","null","0.00154883","gnomad_AF_nfe_pass"","78.18746768783953","0.4054289292727847","90.27","2.4"
"12:122702916:T>G","NM_019887.6:c.212A>C","NP_063940.1:p.Glu71Ala","Unknown significance","null","missense_variant","4/7","null","71","MODERATE","25.5","null","0","null"","90.86555716165117","0.46533097886802005","86.02","0.3"
"12:122702918:A>C","NM_019887.6:c.210T>G","NP_063940.1:p.Ser70Arg","Unknown significance","null","missense_variant","4/7","null","70","MODERATE","13.58","null","0.000879538","gnomad_AF_nfe_pass"","99.66598817945294","0.72270329743083","85.97","0.3"
"12:122702931:T>C","NM_019887.6:c.197A>G","NP_063940.1:p.His66Arg","Unknown significance","null","missense_variant","4/7","null","66","MODERATE","19.20","null","0.000879569","gnomad_AF_nfe_pass"","94.67864118776143","0.46094241383330736","57.89","0.0"
"12:122702932:G>C","NM_019887.6:c.196C>G","NP_063940.1:p.His66Asp","Unknown significance","null","missense_variant","4/7","null","66","MODERATE","40","null","0.00289101","gnomad_AF_amr_pass"","94.67864118776143","0.46094241383330736","57.89","0.5"
"12:122702937:T>A","NM_019887.6:c.191A>T","NP_063940.1:p.Glu64Val","Unknown significance","null","missense_variant","4/7","null","64","MODERATE","27.6","null","0.00653296","gnomad_AF_sas_pass"","99.11350919873541","0.5075695092304652","51.63","0.1"
"12:122702944:T>C","NM_019887.6:c.184A>G","NP_063940.1:p.Lys62Glu","Unknown significance","null","missense_variant&splice_region_variant","4/7","null","62","MODERATE","22.9","null","0.014455","gnomad_AF_amr_pass"","177.61053178833177","0.7503146584428091","52.86","0.1"
"12:122709059:C>G","NM_019887.6:c.183G>C","NP_063940.1:p.Gln61His","Unknown significance","null","missense_variant&splice_region_variant","3/7","null","61","MODERATE","35","null","0.00326627","gnomad_AF_sas_pass"","165.47456970329645","0.8367795053256","48.79","0.1"
"12:122709061:G>C","NM_019887.6:c.181C>G","NP_063940.1:p.Gln61Glu","Unknown significance","null","missense_variant&splice_region_variant","3/7","null","61","MODERATE","23.1","null","0.0115634","gnomad_AF_amr_pass"","165.47456970329645","0.8367795053256","48.79","0.1"
"12:122709063:G>A","NM_019887.6:c.179C>T","NP_063940.1:p.Ala60Val","Unknown significance","null","missense_variant","3/7","null","60","MODERATE","22.5","null","0.0294263","gnomad_AF_nfe_pass"","83.70576655401902","0.6582778840239809","56.13","0.2"
"12:122709067:T>C","NM_019887.6:c.175A>G","NP_063940.1:p.Ile59Val","Likely benign","null","missense_variant","3/7","null","59","MODERATE","14.47","null","0.125452","gnomad_AF_eas_pass"","166.2971091033606","0.8477681191198669","56.85","0.1"
"12:122709067:T>G","NM_019887.6:c.175A>C","NP_063940.1:p.Ile59Leu","Unknown significance","null","missense_variant","3/7","null","59","MODERATE","18.56","null","0","gnomad_AF_afr_pass,gnomad_AF_amr_pass,gnomad_AF_eas_pass,gnomad_AF_nfe_pass,gnomad_AF_sas_pass"","166.2971091033606","0.8477681191198669","56.85","0.1"
"12:122709069:G>A","NM_019887.6:c.173C>T","NP_063940.1:p.Pro58Leu","Unknown significance","null","missense_variant","3/7","null","58","MODERATE","31","null","0.00326627","gnomad_AF_sas_pass"","126.46697079403255","0.8039852660880692","61.73","0.2"
"12:122709075:G>C","NM_019887.6:c.167C>G","NP_063940.1:p.Ala56Gly","Unknown significance","null","missense_variant","3/7","null","56","MODERATE","32","null","0.00351667","gnomad_AF_nfe_pass"","124.80923897803287","0.9815233182063019","64.2","0.2"
"12:122709084:G>A","NM_019887.6:c.158C>T","NP_063940.1:p.Thr53Ile","Unknown significance","null","missense_variant","3/7","null","53","MODERATE","23.1","null","0.0123031","gnomad_AF_afr_pass"","107.87917808813246","0.6856541916533262","58.53","0.1"
"12:122709085:T>C","NM_019887.6:c.157A>G","NP_063940.1:p.Thr53Ala","Likely benign","null","missense_variant","3/7","null","53","MODERATE","6.087","null","0.00289084","gnomad_AF_amr_pass"","107.87917808813246","0.6856541916533262","58.53","0.1"
"12:122709088:C>T","NM_019887.6:c.154G>A","NP_063940.1:p.Val52Ile","Likely benign","null","missense_variant","3/7","null","52","MODERATE","15.31","null","0.00175812","gnomad_AF_nfe_pass"","177.4282895197227","1.0322072928171206","53.17","0.0"
"12:122709099:A>G","NM_019887.6:c.143T>C","NP_063940.1:p.Ile48Thr","Likely benign","null","missense_variant","3/7","null","48","MODERATE","12.88","null","0.00289084","gnomad_AF_amr_pass"","152.29729989765397","0.7763983161067425","51.24","0.5"
"12:122709100:T>C","NM_019887.6:c.142A>G","NP_063940.1:p.Ile48Val","Likely benign","null","missense_variant","3/7","null","48","MODERATE","5.420","null","0.00289084","gnomad_AF_amr_pass"","152.29729989765397","0.7763983161067425","51.24","0.0"
"12:122709106:C>T","NM_019887.6:c.136G>A","NP_063940.1:p.Val46Met","Likely benign","null","missense_variant","3/7","null","46","MODERATE","18.29","null","0.00543656","gnomad_AF_eas_pass"","137.6044395518819","0.8005279564715443","51.47","0.2"
"12:122709108:G>A","NM_019887.6:c.134C>T","NP_063940.1:p.Thr45Ile","Unknown significance","null","missense_variant","3/7","null","45","MODERATE","14.98","null","0","null"","114.19819005606931","0.7258163167242444","51.76","0.4"
"12:122709108:G>C","NM_019887.6:c.134C>G","NP_063940.1:p.Thr45Ser","Likely benign","null","missense_variant","3/7","null","45","MODERATE","12.32","null","0","gnomad_AF_afr_pass,gnomad_AF_amr_pass,gnomad_AF_eas_pass,gnomad_AF_nfe_pass,gnomad_AF_sas_pass"","114.19819005606931","0.7258163167242444","51.76","0.3"
"12:122709115:G>A","NM_019887.6:c.127C>T","NP_063940.1:p.His43Tyr","Unknown significance","null","missense_variant","3/7","null","43","MODERATE","22.7","null","0","gnomad_AF_afr_pass,gnomad_AF_amr_pass,gnomad_AF_eas_pass,gnomad_AF_nfe_pass,gnomad_AF_sas_pass"","169.1510470469086","0.8235108885182435","42.91","0.1"
"12:122709125:T>C","NM_019887.6:c.117A>G","NP_063940.1:p.Ile39Met","Likely benign","null","missense_variant","3/7","null","39","MODERATE","13.33","null","0.00615157","gnomad_AF_afr_pass"","143.13602195205408","0.7296949223162452","41.78","0.2"
"12:122709139:A>T","NM_019887.6:c.103T>A","NP_063940.1:p.Phe35Ile","Likely benign","null","missense_variant","3/7","null","35","MODERATE","16.75","null","0.00326627","gnomad_AF_sas_pass"","194.9817311819008","0.8486677200790737","33.26","0.2"
"12:122709144:C>A","NM_019887.6:c.98G>T","NP_063940.1:p.Arg33Leu","Unknown significance","null","missense_variant","3/7","null","33","MODERATE","23.7","null","0.000878966","gnomad_AF_nfe_pass"","163.76547764190528","0.6078319573141692","33.81","0.1"
"12:122709144:C>T","NM_019887.6:c.98G>A","NP_063940.1:p.Arg33Gln","Unknown significance","DIABLO-Related Hearing Loss","missense_variant","3/7","null","33","MODERATE","26.1","null","0","null"","163.76547764190528","0.6078319573141692","33.81","0.1"
"12:122709145:G>A","NM_019887.6:c.97C>T","NP_063940.1:p.Arg33Trp","Unknown significance","null","missense_variant","3/7","null","33","MODERATE","25.8","null","0.000878966","gnomad_AF_nfe_pass"","163.76547764190528","0.6078319573141692","33.81","0.1"
"12:122709154:A>G","NM_019887.6:c.88T>C","NP_063940.1:p.Phe30Leu","Likely benign","null","missense_variant","3/7","null","30","MODERATE","13.08","null","0.00464411","gnomad_AF_nfe_pass"","186.45947304667456","0.8115741660434884","35.96","0.1"
"12:122709177:A>C","NM_019887.6:c.65T>G","NP_063940.1:p.Leu22Trp","Likely benign","null","missense_variant","3/7","null","22","MODERATE","13.10","null","0","gnomad_AF_afr_pass,gnomad_AF_amr_pass,gnomad_AF_eas_pass,gnomad_AF_nfe_pass,gnomad_AF_sas_pass"","99.94659629312297","0.5182574997998352","44.23","0.1"
"12:122709183:T>C","NM_019887.6:c.59A>G","NP_063940.1:p.Gln20Arg","Likely benign","null","missense_variant","3/7","null","20","MODERATE","5.567","null","0.00326627","gnomad_AF_sas_pass"","125.99454334040541","0.6371350705981562","42.36","0.0"
"12:122709183:T>G","NM_019887.6:c.59A>C","NP_063940.1:p.Gln20Pro","Likely benign","null","missense_variant","3/7","null","20","MODERATE","9.455","null","0.110045","gnomad_AF_amr_pass"","125.99454334040541","0.6371350705981562","42.36","0.3"
"12:122709184:G>C","NM_019887.6:c.58C>G","NP_063940.1:p.Gln20Glu","Unknown significance","null","missense_variant","3/7","null","20","MODERATE","17.09","null","0.000878982","gnomad_AF_nfe_pass"","125.99454334040541","0.6371350705981562","42.36","0.0"
"12:122709186:C>T","NM_019887.6:c.56G>A","NP_063940.1:p.Arg19Lys","Unknown significance","null","missense_variant","3/7","null","19","MODERATE","21.7","null","0.000878982","gnomad_AF_nfe_pass"","146.94106302462228","0.5453864589421029","41.6","0.5"
"12:122710513:T>C","NM_019887.6:c.49A>G","NP_063940.1:p.Arg17Gly","Unknown significance","null","missense_variant&splice_region_variant","2/7","null","17","MODERATE","29.4","null","0.00105009","gnomad_AF_nfe_pass"","191.81749606064045","0.7119498306754705","47.68","0.7"
"12:122710514:G>C","NM_019887.6:c.48C>G","NP_063940.1:p.Phe16Leu","Unknown significance","null","missense_variant&splice_region_variant","2/7","null","16","MODERATE","22.3","null","0.00104506","gnomad_AF_nfe_pass"","100.54214914516992","0.4376147240547324","48.59","0.3"
"12:122710514:G>T","NM_019887.6:c.48C>A","NP_063940.1:p.Phe16Leu","Unknown significance","null","missense_variant&splice_region_variant","2/7","null","16","MODERATE","22.4","null","0.0117005","gnomad_AF_nfe_pass"","100.54214914516992","0.4376147240547324","48.59","0.3"
"12:122710516:A>C","NM_019887.6:c.46T>G","NP_063940.1:p.Phe16Val","Unknown significance","null","missense_variant","2/7","null","16","MODERATE","17.32","null","0.00103165","gnomad_AF_nfe_pass"","100.54214914516992","0.4376147240547324","48.59","0.9"
"12:122710521:G>A","NM_019887.6:c.41C>T","NP_063940.1:p.Ser14Leu","Likely benign","null","missense_variant","2/7","null","14","MODERATE","16.27","null","0.0225897","gnomad_AF_afr_pass"","61.14602759304142","0.44338531703233347","53.03","0.5"
"12:122710524:G>A","NM_019887.6:c.38C>T","NP_063940.1:p.Thr13Ile","Likely benign","null","missense_variant","2/7","null","13","MODERATE","16.32","null","0.00307276","gnomad_AF_amr_pass"","62.78657540028071","0.39905642002194586","51.73","0.5"
"12:122710525:T>C","NM_019887.6:c.37A>G","NP_063940.1:p.Thr13Ala","Likely benign","null","missense_variant","2/7","null","13","MODERATE","0.002","null","0.00302718","gnomad_AF_nfe_pass"","62.78657540028071","0.39905642002194586","51.73","0.3"
"12:122710528:C>A","NM_019887.6:c.34G>T","NP_063940.1:p.Val12Leu","Likely benign","null","missense_variant","2/7","null","12","MODERATE","14.05","null","0","null"","74.04108893081467","0.43074163747722144","48.3","0.2"
"12:122710528:C>G","NM_019887.6:c.34G>C","NP_063940.1:p.Val12Leu","Likely benign","null","missense_variant","2/7","null","12","MODERATE","12.56","null","0.087822","gnomad_AF_eas_pass"","74.04108893081467","0.43074163747722144","48.3","0.2"
"12:122710530:C>G","NM_019887.6:c.32G>C","NP_063940.1:p.Ser11Thr","Unknown significance","null","missense_variant","2/7","null","11","MODERATE","15.25","null","0.0059538","gnomad_AF_amr_pass"","21.812117852155318","0.15816518537215837","54.79","0.0"
"12:122710530:C>T","NM_019887.6:c.32G>A","NP_063940.1:p.Ser11Asn","Likely benign","null","missense_variant","2/7","null","11","MODERATE","15.30","null","0.0174508","gnomad_AF_sas_pass"","21.812117852155318","0.15816518537215837","54.79","0.5"
"12:122710531:T>A","NM_019887.6:c.31A>T","NP_063940.1:p.Ser11Cys","Likely benign","null","missense_variant","2/7","null","11","MODERATE","16.67","null","0.00173124","gnomad_AF_nfe_pass"","21.812117852155318","0.15816518537215837","54.79","0.1"
"12:122710531:T>C","NM_019887.6:c.31A>G","NP_063940.1:p.Ser11Gly","Likely benign","null","missense_variant","2/7","null","11","MODERATE","9.112","null","0.000998961","gnomad_AF_nfe_pass"","21.812117852155318","0.15816518537215837","54.79","0.7"
"12:122710531:T>G","NM_019887.6:c.31A>C","NP_063940.1:p.Ser11Arg","Likely benign","null","missense_variant","2/7","null","11","MODERATE","15.64","null","0.00173124","gnomad_AF_nfe_pass"","21.812117852155318","0.15816518537215837","54.79","0.2"
"12:122710533:C>A","NM_019887.6:c.29G>T","NP_063940.1:p.Arg10Leu","Unknown significance","null","missense_variant","2/7","null","10","MODERATE","18.69","null","0.00733891","gnomad_AF_afr_pass"","200.91642453397498","0.7457214141804017","57.69","0.1"
"12:122710533:C>T","NM_019887.6:c.29G>A","NP_063940.1:p.Arg10His","Unknown significance","null","missense_variant","2/7","null","10","MODERATE","23.6","null","0","null"","200.91642453397498","0.7457214141804017","57.69","0.1"
"12:122710534:G>A","NM_019887.6:c.28C>T","NP_063940.1:p.Arg10Cys","Unknown significance","null","missense_variant","2/7","null","10","MODERATE","22.5","null","0","gnomad_AF_afr_pass,gnomad_AF_amr_pass,gnomad_AF_eas_pass,gnomad_AF_nfe_pass,gnomad_AF_sas_pass"","200.91642453397498","0.7457214141804017","57.69","0.2"
"12:122710534:G>C","NM_019887.6:c.28C>G","NP_063940.1:p.Arg10Gly","Unknown significance","null","missense_variant","2/7","null","10","MODERATE","21.7","null","0.00303324","gnomad_AF_amr_pass"","200.91642453397498","0.7457214141804017","57.69","0.5"
"12:122710536:G>A","NM_019887.6:c.26C>T","NP_063940.1:p.Ser9Leu","Likely benign","null","missense_variant","2/7","null","9","MODERATE","14.20","null","0.0053011","gnomad_AF_eas_pass"","74.8104695038395","0.5424696426570875","57.99","0.5"
"12:122710537:A>G","NM_019887.6:c.25T>C","NP_063940.1:p.Ser9Pro","Likely benign","null","missense_variant","2/7","null","9","MODERATE","14.37","null","0.000988377","gnomad_AF_nfe_pass"","74.8104695038395","0.5424696426570875","57.99","0.2"
"12:122710541:C>G","NM_019887.6:c.21G>C","NP_063940.1:p.Trp7Cys","Unknown significance","null","missense_variant","2/7","null","7","MODERATE","24.7","null","0","null"","59.92692592681025","0.22844257007533292","59.88","3.2"
"12:122710543:A>T","NM_019887.6:c.19T>A","NP_063940.1:p.Trp7Arg","Unknown significance","null","missense_variant","2/7","null","7","MODERATE","24.4","null","0.0805691","gnomad_AF_nfe_pass"","59.92692592681025","0.22844257007533292","59.88","3.4"
"12:122710545:C>A","NM_019887.6:c.17G>T","NP_063940.1:p.Ser6Ile","Likely benign","null","missense_variant","2/7","null","6","MODERATE","13.52","null","0.00604851","gnomad_AF_amr_pass"","60.57893233335143","0.4392731658198516","59.67","0.8"
"12:122710545:C>G","NM_019887.6:c.17G>C","NP_063940.1:p.Ser6Thr","Likely benign","null","missense_variant","2/7","null","6","MODERATE","10.71","null","0.00604851","gnomad_AF_amr_pass"","60.57893233335143","0.4392731658198516","59.67","0.2"
"12:122710546:T>G","NM_019887.6:c.16A>C","NP_063940.1:p.Ser6Arg","Unknown significance","null","missense_variant","2/7","null","6","MODERATE","15.73","null","0.00604266","gnomad_AF_amr_pass"","60.57893233335143","0.4392731658198516","59.67","0.4"
"12:122710549:T>G","NM_019887.6:c.13A>C","NP_063940.1:p.Lys5Gln","Likely benign","null","missense_variant","2/7","null","5","MODERATE","16.63","null","0.000989296","gnomad_AF_nfe_pass"","106.47904347110017","0.44982009979311455","56.23","0.3"
"12:122710552:G>C","NM_019887.6:c.10C>G","NP_063940.1:p.Leu4Val","Unknown significance","null","missense_variant","2/7","null","4","MODERATE","19.87","null","0.000988181","gnomad_AF_nfe_pass"","11.236335513982596","0.05826426678213355","53.31","0.9"
"12:122710554:G>C","NM_019887.6:c.8C>G","NP_063940.1:p.Ala3Gly","Likely benign","null","missense_variant","2/7","null","3","MODERATE","24.0","null","0.167864","gnomad_AF_amr_pass"","95.73641960065643","0.7528892012246462","56.02","0.4"
"12:122710555:C>A","NM_019887.6:c.7G>T","NP_063940.1:p.Ala3Ser","Unknown significance","null","missense_variant","2/7","null","3","MODERATE","18.19","null","0","null"","95.73641960065643","0.7528892012246462","56.02","0.2"
"12:122710557:G>A","NM_019887.6:c.5C>T","NP_063940.1:p.Ala2Val","Unknown significance","null","missense_variant","2/7","null","2","MODERATE","26.0","null","0.027611","gnomad_AF_sas_pass"","84.566275574273","0.6650450887263091","54.13","0.1"
"12:122710557:G>C","NM_019887.6:c.5C>G","NP_063940.1:p.Ala2Gly","Unknown significance","null","missense_variant","2/7","null","2","MODERATE","27.8","null","0","null"","84.566275574273","0.6650450887263091","54.13","0.7"