{"applied_filters": "CONTAINS missense_variant[Consequence]"},,"Surface Area","Normalized SA","Confidence Score","|ddG|""Genomic Description (GRCh37)","HGVS Nucleotide Change","HGVS Protein Change","Variant Classification","Phenotype","Consequence","Exon","Intron","Protein Position","Impact","CADD Phred","Interpro Domain","Max MAF (%)","Max MAF Source","Surface Area","Normalized SA","Confidence Score","|ddG|"
"6:46047468:A>T","NM_001370650.1:c.512T>A","NP_001357579.1:p.Met171Lys","Likely benign","null","missense_variant","2/7","null","171","MODERATE","0.279","null","0.00495099","gnomad_AF_nfe_pass"","164.70965768797106","0.7606670612234627","71.27","0.3"
"6:46047474:G>A","NM_001370650.1:c.506C>T","NP_001357579.1:p.Ala169Val","Likely benign","null","missense_variant","2/7","null","169","MODERATE","2.578","null","0.00329717","gnomad_AF_nfe_pass"","79.50600136085036","0.6252501410312385","49.28","0.2"
"6:46047477:C>G","NM_001370650.1:c.503G>C","NP_001357579.1:p.Gly168Ala","Likely benign","null","missense_variant","2/7","null","168","MODERATE","0.022","null","0.00164609","gnomad_AF_nfe_pass"","68.09328506310898","0.7141689299954916","42.12","0.2"
"6:46047483:T>C","NM_001370650.1:c.497A>G","NP_001357579.1:p.Lys166Arg","Likely benign","null","missense_variant","2/7","null","166","MODERATE","1.539","null","0.00164247","gnomad_AF_nfe_pass"","166.80857776609244","0.7046818665069657","38.74","0.3"
"6:46047492:A>G","NM_001370650.1:c.488T>C","NP_001357579.1:p.Leu163Ser","Likely benign","null","missense_variant","2/7","null","163","MODERATE","6.037","null","0.00405088","gnomad_AF_amr_pass"","177.5119260792312","0.9204604299346766","32.31","0.1"
"6:46047495:C>T","NM_001370650.1:c.485G>A","NP_001357579.1:p.Gly162Asp","Likely benign","null","missense_variant","2/7","null","162","MODERATE","0.249","null","0.00163806","gnomad_AF_nfe_pass"","37.36195652575271","0.39185579737862947","31.64","0.2"
"6:46047496:C>T","NM_001370650.1:c.484G>A","NP_001357579.1:p.Gly162Ser","Likely benign","null","missense_variant","2/7","null","162","MODERATE","7.859","null","0.00917095","gnomad_AF_eas_pass"","37.36195652575271","0.39185579737862947","31.64","0.5"
"6:46047499:C>T","NM_001370650.1:c.481G>A","NP_001357579.1:p.Glu161Lys","Likely benign","null","missense_variant","2/7","null","161","MODERATE","6.377","null","0.0122399","gnomad_AF_afr_pass"","164.95497121476185","0.8447497668226083","32.14","0.0"
"6:46047502:C>T","NM_001370650.1:c.478G>A","NP_001357579.1:p.Ala160Thr","Likely benign","null","missense_variant","2/7","null","160","MODERATE","10.94","null","0","null"","113.74226979347225","0.8944905920598931","34.91","0.0"
"6:46047503:A>T","NM_001370650.1:c.477T>A","NP_001357579.1:p.Asp159Glu","Likely benign","null","missense_variant","2/7","null","159","MODERATE","1.655","null","0.00163372","gnomad_AF_nfe_pass"","102.9323079415115","0.6434079940416961","31.0","0.1"
"6:46047507:G>A","NM_001370650.1:c.473C>T","NP_001357579.1:p.Ser158Phe","Unknown significance","null","missense_variant","2/7","null","158","MODERATE","22.4","null","0.00163233","gnomad_AF_nfe_pass"","134.82455208152476","0.9776469399822835","31.67","0.1"
"6:46047513:C>G","NM_001370650.1:c.467G>C","NP_001357579.1:p.Cys156Ser","Likely benign","null","missense_variant","2/7","null","156","MODERATE","0.002","null","0.0295055","gnomad_AF_afr_pass"","99.78434845252119","0.6457363196000595","24.88","0.2"
"6:46047525:G>T","NM_001370650.1:c.455C>A","NP_001357579.1:p.Thr152Asn","Likely benign","null","missense_variant","2/7","null","152","MODERATE","7.535","null","0.004044","gnomad_AF_amr_pass"","55.670625597908035","0.3538291491429863","29.75","0.2"
"6:46047535:A>T","NM_001370650.1:c.445T>A","NP_001357579.1:p.Phe149Ile","Likely benign","null","missense_variant","2/7","null","149","MODERATE","12.60","null","0.0273502","gnomad_AF_amr_pass"","21.55633388888933","0.09382501952288101","33.5","1.4"
"6:46047538:C>A","NM_001370650.1:c.442G>T","NP_001357579.1:p.Ala148Ser","Likely benign","null","missense_variant","2/7","null","148","MODERATE","9.660","null","0.00162159","gnomad_AF_nfe_pass"","92.92853611246034","0.7308074776195853","39.08","0.0"
"6:46047538:C>T","NM_001370650.1:c.442G>A","NP_001357579.1:p.Ala148Thr","Likely benign","null","missense_variant","2/7","null","148","MODERATE","9.994","null","0.00162159","gnomad_AF_nfe_pass"","92.92853611246034","0.7308074776195853","39.08","0.1"
"6:46047546:T>G","NM_001370650.1:c.434A>C","NP_001357579.1:p.His145Pro","Likely benign","null","missense_variant","2/7","null","145","MODERATE","8.195","null","0.0131741","gnomad_AF_sas_pass"","75.92788695635093","0.3696544759394681","34.78","0.2"
"6:46047553:T>C","NM_001370650.1:c.427A>G","NP_001357579.1:p.Ile143Val","Likely benign","null","missense_variant","2/7","null","143","MODERATE","0.643","null","0.0641026","gnomad_AF_eas_pass"","42.27704795758736","0.2155246932564984","38.09","0.3"
"6:46047559:A>C","NM_001370650.1:c.421T>G","NP_001357579.1:p.Phe141Val","Unknown significance","null","missense_variant","2/7","null","141","MODERATE","23.0","null","0.0161629","gnomad_AF_amr_pass"","24.035648359079087","0.10461635954238285","43.33","0.9"
"6:46047559:A>G","NM_001370650.1:c.421T>C","NP_001357579.1:p.Phe141Leu","Unknown significance","null","missense_variant","2/7","null","141","MODERATE","23.1","null","0.0064792","gnomad_AF_nfe_pass"","24.035648359079087","0.10461635954238285","43.33","0.6"
"6:46047562:T>C","NM_001370650.1:c.418A>G","NP_001357579.1:p.Ser140Gly","Likely benign","null","missense_variant","2/7","null","140","MODERATE","6.754","null","0","null"","112.9991993164422","0.8193857849078381","35.19","0.1"
"6:46047568:G>A","NM_001370650.1:c.412C>T","NP_001357579.1:p.Pro138Ser","Likely benign","null","missense_variant","2/7","null","138","MODERATE","11.25","null","0.00162111","gnomad_AF_nfe_pass"","94.08032324394014","0.5980944529787051","39.39","0.3"
"6:46047570:G>T","NM_001370650.1:c.410C>A","NP_001357579.1:p.Ser137Tyr","Unknown significance","null","missense_variant","2/7","null","137","MODERATE","22.5","null","0","gnomad_AF_afr_pass,gnomad_AF_amr_pass,gnomad_AF_eas_pass,gnomad_AF_nfe_pass,gnomad_AF_sas_pass"","116.477664780506","0.8446090180969957","29.64","0.1"
"6:46047573:G>T","NM_001370650.1:c.407C>A","NP_001357579.1:p.Pro136His","Likely benign","null","missense_variant","2/7","null","136","MODERATE","13.12","null","0.00404106","gnomad_AF_amr_pass"","138.63092334889717","0.8813148531739563","29.71","0.1"
"6:46047577:G>T","NM_001370650.1:c.403C>A","NP_001357579.1:p.Leu135Met","Likely benign","null","missense_variant","2/7","null","135","MODERATE","9.758","null","0.00162096","gnomad_AF_nfe_pass"","184.17595501586453","0.9550157134899505","29.41","0.0"
"6:46047587:C>T","NM_001370650.1:c.393G>A","NP_001357579.1:p.Met131Ile","Likely benign","null","missense_variant","2/7","null","131","MODERATE","10.30","null","0.00878194","gnomad_AF_sas_pass"","181.72456931067103","0.839245834336664","27.65","0.0"
"6:46047597:C>A","NM_001370650.1:c.383G>T","NP_001357579.1:p.Gly128Val","Unknown significance","null","missense_variant","2/7","null","128","MODERATE","12.58","null","0.00162364","gnomad_AF_nfe_pass"","63.29009368096531","0.6637925963119292","26.94","0.1"
"6:46047597:C>T","NM_001370650.1:c.383G>A","NP_001357579.1:p.Gly128Glu","Likely benign","null","missense_variant","2/7","null","128","MODERATE","8.170","null","0.0117467","gnomad_AF_afr_pass"","63.29009368096531","0.6637925963119292","26.94","0.4"
"6:46047598:C>T","NM_001370650.1:c.382G>A","NP_001357579.1:p.Gly128Arg","Likely benign","null","missense_variant","2/7","null","128","MODERATE","6.525","null","0.0120308","gnomad_AF_afr_pass"","63.29009368096531","0.6637925963119292","26.94","0.1"
"6:46047612:T>C","NM_001370650.1:c.368A>G","NP_001357579.1:p.Glu123Gly","Unknown significance","null","missense_variant","2/7","null","123","MODERATE","15.19","null","0.0016266","gnomad_AF_nfe_pass"","129.41854701006451","0.662764429614772","22.39","0.5"
"6:46047619:C>T","NM_001370650.1:c.361G>A","NP_001357579.1:p.Ala121Thr","Unknown significance","null","missense_variant","2/7","null","121","MODERATE","0.434","null","0.435397","gnomad_AF_afr_pass"","127.50410704901891","1.00271626732466","25.87","0.0"
"6:46047622:A>C","NM_001370650.1:c.358T>G","NP_001357579.1:p.Cys120Gly","Likely benign","null","missense_variant","2/7","null","120","MODERATE","0.004","null","0.00130154","gnomad_AF_nfe_pass"","137.54946970043483","0.8901264547471675","20.67","0.2"
"6:46047625:G>A","NM_001370650.1:c.355C>T","NP_001357579.1:p.Leu119Phe","Likely benign","null","missense_variant","2/7","null","119","MODERATE","0.584","null","0.0065116","gnomad_AF_nfe_pass"","184.92713854288917","0.9589108586078978","24.71","0.0"
"6:46047630:T>C","NM_001370650.1:c.350A>G","NP_001357579.1:p.Gln117Arg","Likely benign","null","missense_variant","2/7","null","117","MODERATE","7.015","null","0.00391022","gnomad_AF_nfe_pass"","169.53359178275898","0.8573053570854712","25.0","0.0"
"6:46047634:C>T","NM_001370650.1:c.346G>A","NP_001357579.1:p.Asp116Asn","Unknown significance","null","missense_variant","2/7","null","116","MODERATE","14.62","null","0.00489892","gnomad_AF_nfe_pass"","134.7673293065164","0.8424019508115297","29.47","0.0"
"6:46047639:G>A","NM_001370650.1:c.341C>T","NP_001357579.1:p.Thr114Ile","Likely benign","null","missense_variant","2/7","null","114","MODERATE","0.357","null","0.00163479","gnomad_AF_nfe_pass"","125.53674908727456","0.7978814794816328","27.33","0.1"
"6:46047640:T>A","NM_001370650.1:c.340A>T","NP_001357579.1:p.Thr114Ser","Likely benign","null","missense_variant","2/7","null","114","MODERATE","0.001","null","0.0114811","gnomad_AF_afr_pass"","125.53674908727456","0.7978814794816328","27.33","0.2"
"6:46047640:T>C","NM_001370650.1:c.340A>G","NP_001357579.1:p.Thr114Ala","Benign","null","missense_variant","2/7","null","114","MODERATE","0.001","null","5.11692","gnomad_AF_nfe_pass"","125.53674908727456","0.7978814794816328","27.33","0.2"
"6:46047654:C>T","NM_001370650.1:c.326G>A","NP_001357579.1:p.Gly109Glu","Likely benign","null","missense_variant","2/7","null","109","MODERATE","0.030","null","0","null"","30.892085855595724","0.32399917084882013","23.4","0.6"
"6:46047661:T>C","NM_001370650.1:c.319A>G","NP_001357579.1:p.Met107Val","Likely benign","null","missense_variant","2/7","null","107","MODERATE","0.003","null","0.00917431","gnomad_AF_eas_pass"","179.3340572453288","0.828205900108837","29.82","0.1"
"6:46047669:C>T","NM_001370650.1:c.311G>A","NP_001357579.1:p.Gly104Asp","Likely benign","null","missense_variant","2/7","null","104","MODERATE","0.001","null","0","null"","85.05192953635533","0.8920328260669984","23.35","0.1"
"6:46047670:C>A","NM_001370650.1:c.310G>T","NP_001357579.1:p.Gly104Cys","Likely pathogenic","Schizophrenia","missense_variant","2/7","null","104","MODERATE","10.29","null","0","null"","85.05192953635533","0.8920328260669984","23.35","0.0"
"6:46047681:T>A","NM_001370650.1:c.299A>T","NP_001357579.1:p.Gln100Leu","Benign","null","missense_variant","2/7","null","100","MODERATE","8.984","null","3.34617","gnomad_AF_eas_pass"","148.45056188665495","0.750691710294551","29.48","0.4"
"6:46047690:C>T","NM_001370650.1:c.290G>A","NP_001357579.1:p.Gly97Asp","Likely benign","null","missense_variant","2/7","null","97","MODERATE","0.721","null","0.257485","gnomad_AF_afr_pass"","45.21500267605432","0.4742193015210458","30.08","0.3"
"6:46047701:C>G","NM_001370650.1:c.279G>C","NP_001357579.1:p.Glu93Asp","Likely benign","null","missense_variant","2/7","null","93","MODERATE","0.004","null","0.0131752","gnomad_AF_sas_pass"","179.12763653339277","0.9173293055597648","27.2","0.0"
"6:46047709:G>C","NM_001370650.1:c.271C>G","NP_001357579.1:p.Leu91Val","Likely benign","null","missense_variant","2/7","null","91","MODERATE","0.028","null","0.00439174","gnomad_AF_sas_pass"","181.30940741048758","0.9401516775935916","26.35","0.0"
"6:46047720:A>T","NM_001370650.1:c.260T>A","NP_001357579.1:p.Ile87Lys","Likely benign","null","missense_variant","2/7","null","87","MODERATE","12.62","null","0.00993542","gnomad_AF_nfe_pass"","147.5269119413921","0.7520792954878177","23.78","0.0"
"6:46047721:T>A","NM_001370650.1:c.259A>T","NP_001357579.1:p.Ile87Leu","Likely benign","null","missense_variant","2/7","null","87","MODERATE","2.369","null","0.00601468","gnomad_AF_afr_pass"","147.5269119413921","0.7520792954878177","23.78","0.1"
"6:46047722:C>A","NM_001370650.1:c.258G>T","NP_001357579.1:p.Glu86Asp","Likely benign","null","missense_variant","2/7","null","86","MODERATE","0.242","null","0.00165618","gnomad_AF_nfe_pass"","121.97217488806065","0.6246308646338931","28.62","0.1"
"6:46047727:C>T","NM_001370650.1:c.253G>A","NP_001357579.1:p.Asp85Asn","Likely benign","null","missense_variant","2/7","null","85","MODERATE","14.03","null","0.0081011","gnomad_AF_amr_pass"","135.88464291656305","0.8493860408696686","25.84","0.0"
"6:46047732:A>T","NM_001370650.1:c.248T>A","NP_001357579.1:p.Leu83Gln","Likely benign","null","missense_variant","2/7","null","83","MODERATE","8.764","null","0","null"","157.25151870089547","0.8154032447752367","25.37","0.7"
"6:46047738:T>G","NM_001370650.1:c.242A>C","NP_001357579.1:p.Tyr81Ser","Unknown significance","null","missense_variant","2/7","null","81","MODERATE","22.4","null","0.125313","gnomad_AF_amr_pass"","195.94419645700424","0.8167345741050259","25.06","0.4"
"6:46047739:A>T","NM_001370650.1:c.241T>A","NP_001357579.1:p.Tyr81Asn","Unknown significance","null","missense_variant","2/7","null","81","MODERATE","21.0","null","0","null"","195.94419645700424","0.8167345741050259","25.06","0.3"
"6:46047742:C>T","NM_001370650.1:c.238G>A","NP_001357579.1:p.Gly80Ser","Likely benign","null","missense_variant","2/7","null","80","MODERATE","6.469","null","0.00802568","gnomad_AF_eas_pass"","86.1192016059781","0.9032264782937951","23.85","0.1"
"6:46047743:T>A","NM_001370650.1:c.237A>T","NP_001357579.1:p.Arg79Ser","Benign","null","missense_variant","2/7","null","79","MODERATE","8.996","null","0.503865","gnomad_AF_nfe_pass"","150.33609012282565","0.5579874417374387","27.92","0.2"
"6:46047746:G>C","NM_001370650.1:c.234C>G","NP_001357579.1:p.Asp78Glu","Likely benign","null","missense_variant","2/7","null","78","MODERATE","0.028","null","0","null"","156.6204259414679","0.9790010162622234","27.21","0.0"
"6:46047748:C>T","NM_001370650.1:c.232G>A","NP_001357579.1:p.Asp78Asn","Likely benign","null","missense_variant","2/7","null","78","MODERATE","5.519","null","0.00878194","gnomad_AF_sas_pass"","156.6204259414679","0.9790010162622234","27.21","0.1"
"6:46047774:G>T","NM_001370650.1:c.206C>A","NP_001357579.1:p.Thr69Asn","Likely benign","null","missense_variant","2/7","null","69","MODERATE","0.001","null","0.00165382","gnomad_AF_nfe_pass"","133.48768982526667","0.8484157525564404","26.06","0.1"
"6:46047779:T>G","NM_001370650.1:c.201A>C","NP_001357579.1:p.Glu67Asp","Likely benign","null","missense_variant","2/7","null","67","MODERATE","1.676","null","0.00917431","gnomad_AF_eas_pass"","207.34669966717905","1.061841755391802","28.21","0.0"
"6:46047790:T>C","NM_001370650.1:c.190A>G","NP_001357579.1:p.Ile64Val","Likely benign","null","missense_variant","2/7","null","64","MODERATE","0.119","null","0.00330218","gnomad_AF_nfe_pass"","172.31211781198198","0.8784321074891903","25.8","0.0"
"6:46047801:G>A","NM_001370650.1:c.179C>T","NP_001357579.1:p.Ser60Leu","Likely benign","null","missense_variant","2/7","null","60","MODERATE","15.51","null","0","gnomad_AF_afr_pass,gnomad_AF_amr_pass,gnomad_AF_eas_pass,gnomad_AF_nfe_pass,gnomad_AF_sas_pass"","92.05052532927665","0.6674816494662835","22.47","0.1"
"6:46047802:A>T","NM_001370650.1:c.178T>A","NP_001357579.1:p.Ser60Thr","Unknown significance","null","missense_variant","2/7","null","60","MODERATE","14.52","null","0.00330087","gnomad_AF_nfe_pass"","92.05052532927665","0.6674816494662835","22.47","0.1"
"6:46047805:C>T","NM_001370650.1:c.175G>A","NP_001357579.1:p.Val59Met","Likely benign","null","missense_variant","2/7","null","59","MODERATE","18.45","null","0.00878194","gnomad_AF_sas_pass"","136.23550669641236","0.7925640490212864","22.61","0.4"
"6:46047809:A>T","NM_001370650.1:c.171T>A","NP_001357579.1:p.Asp57Glu","Likely benign","null","missense_variant","2/7","null","57","MODERATE","9.615","null","0.0121517","gnomad_AF_amr_pass"","128.0116058816346","0.8001733586034003","25.06","0.1"
"6:46047819:T>C","NM_001370650.1:c.161A>G","NP_001357579.1:p.His54Arg","Likely benign","null","missense_variant","2/7","null","54","MODERATE","1.156","null","0.00917431","gnomad_AF_eas_pass"","196.3212551646889","0.955788888678029","27.13","0.0"
"6:46047825:T>C","NM_001370650.1:c.155A>G","NP_001357579.1:p.Asn52Ser","Likely benign","null","missense_variant","2/7","null","52","MODERATE","8.029","null","0.0016487","gnomad_AF_nfe_pass"","175.46863380638942","1.097865410715977","23.63","0.0"
"6:46047831:T>C","NM_001370650.1:c.149A>G","NP_001357579.1:p.Gln50Arg","Likely benign","null","missense_variant","2/7","null","50","MODERATE","0.017","null","0.00439097","gnomad_AF_sas_pass"","189.70280967265953","0.9592979967942603","25.75","0.1"
"6:46047834:G>A","NM_001370650.1:c.146C>T","NP_001357579.1:p.Thr49Ile","Likely benign","null","missense_variant","2/7","null","49","MODERATE","5.249","null","0.00164799","gnomad_AF_nfe_pass"","123.28749755596215","0.7835857760117092","28.92","0.0"
"6:46047835:T>G","NM_001370650.1:c.145A>C","NP_001357579.1:p.Thr49Pro","Likely benign","null","missense_variant","2/7","null","49","MODERATE","11.10","null","0.00329533","gnomad_AF_nfe_pass"","123.28749755596215","0.7835857760117092","28.92","0.3"
"6:46047840:T>A","NM_001370650.1:c.140A>T","NP_001357579.1:p.Tyr47Phe","Likely benign","null","missense_variant","2/7","null","47","MODERATE","1.140","null","0.0377358","gnomad_AF_afr_pass"","211.17364641154253","0.8802139654183736","29.93","0.2"
"6:46047844:A>T","NM_001370650.1:c.136T>A","NP_001357579.1:p.Leu46Ile","Unknown significance","null","missense_variant","2/7","null","46","MODERATE","4.133","null","0.0367898","gnomad_AF_nfe_pass"","182.85943855535277","0.9481891225446308","25.44","0.1"
"6:46047846:T>C","NM_001370650.1:c.134A>G","NP_001357579.1:p.Asp45Gly","Likely benign","null","missense_variant","2/7","null","45","MODERATE","4.268","null","0.104334","gnomad_AF_eas_pass"","98.62283921828947","0.616470420387278","32.63","0.1"
"6:46047857:C>A","NM_001370650.1:c.123G>T","NP_001357579.1:p.Arg41Ser","Likely benign","null","missense_variant","2/7","null","41","MODERATE","6.003","null","0","gnomad_AF_afr_pass,gnomad_AF_amr_pass,gnomad_AF_eas_pass,gnomad_AF_nfe_pass,gnomad_AF_sas_pass"","263.3645440546728","0.9775038585967702","26.69","0.1"
"6:46047862:A>C","NM_001370650.1:c.118T>G","NP_001357579.1:p.Leu40Val","Likely benign","null","missense_variant","2/7","null","40","MODERATE","0.003","null","0.00404989","gnomad_AF_amr_pass"","147.4052132471754","0.7643467622538649","28.0","0.2"
"6:46047864:T>C","NM_001370650.1:c.116A>G","NP_001357579.1:p.Tyr39Cys","Likely benign","null","missense_variant","2/7","null","39","MODERATE","13.64","null","0.0263458","gnomad_AF_sas_pass"","199.19242038012482","0.8302738206375445","27.05","0.3"
"6:46047891:C>T","NM_001370650.1:c.89G>A","NP_001357579.1:p.Ser30Asn","Likely benign","null","missense_variant","2/7","null","30","MODERATE","0.005","null","0.00165142","gnomad_AF_nfe_pass"","83.57019431300913","0.6059886236034749","26.99","0.1"
"6:46047910:G>T","NM_001370650.1:c.70C>A","NP_001357579.1:p.Gln24Lys","Likely benign","null","missense_variant","2/7","null","24","MODERATE","7.736","null","0.00165267","gnomad_AF_nfe_pass"","176.9761126888192","0.8949410431810154","26.6","0.0"
"6:46047912:T>C","NM_001370650.1:c.68A>G","NP_001357579.1:p.Asp23Gly","Unknown significance","null","missense_variant","2/7","null","23","MODERATE","18.18","null","0.0275229","gnomad_AF_eas_pass"","159.34722882128082","0.9960456818889232","32.24","0.2"
"6:46047913:C>G","NM_001370650.1:c.67G>C","NP_001357579.1:p.Asp23His","Unknown significance","null","missense_variant","2/7","null","23","MODERATE","22.0","null","0.00917431","gnomad_AF_eas_pass"","159.34722882128082","0.9960456818889232","32.24","0.0"
"6:46047918:A>C","NM_001370650.1:c.62T>G","NP_001357579.1:p.Val21Gly","Likely benign","null","missense_variant","2/7","null","21","MODERATE","15.48","null","0.00439174","gnomad_AF_sas_pass"","153.93213550046357","0.8955160041985847","31.51","0.3"
"6:46047919:C>G","NM_001370650.1:c.61G>C","NP_001357579.1:p.Val21Leu","Likely benign","null","missense_variant","2/7","null","21","MODERATE","14.64","null","0.0307503","gnomad_AF_sas_pass"","153.93213550046357","0.8955160041985847","31.51","0.1"
"6:46047920:C>A","NM_001370650.1:c.60G>T","NP_001357579.1:p.Glu20Asp","Likely benign","null","missense_variant","2/7","null","20","MODERATE","15.60","null","0.0043929","gnomad_AF_sas_pass"","176.5495334009836","0.9041265993672254","30.01","0.1"
"6:46047924:T>C","NM_001370650.1:c.56A>G","NP_001357579.1:p.Tyr19Cys","Unknown significance","null","missense_variant","2/7","null","19","MODERATE","24.5","null","0.00165366","gnomad_AF_nfe_pass"","181.71714696572514","0.7574333882718407","29.59","0.9"
"6:46047927:G>A","NM_001370650.1:c.53C>T","NP_001357579.1:p.Thr18Met","Likely benign","null","missense_variant","2/7","null","18","MODERATE","0.001","null","0.0105444","gnomad_AF_nfe_pass"","117.41073191448598","0.7462344625622267","29.18","0.3"
"6:46047934:C>T","NM_001370650.1:c.46G>A","NP_001357579.1:p.Glu16Lys","Likely benign","null","missense_variant","2/7","null","16","MODERATE","6.419","null","0.00405318","gnomad_AF_amr_pass"","57.614527735742335","0.2950493611192699","34.97","0.7"
"6:46047946:T>C","NM_001370650.1:c.34A>G","NP_001357579.1:p.Thr12Ala","Likely benign","null","missense_variant","2/7","null","12","MODERATE","15.38","null","0.0352665","gnomad_AF_amr_pass"","70.85333196197013","0.4503267907050701","37.81","0.5"
"6:46047949:C>T","NM_001370650.1:c.31G>A","NP_001357579.1:p.Asp11Asn","Likely benign","null","missense_variant","2/7","null","11","MODERATE","17.43","null","0","null"","37.8941905898322","0.23686853662206564","39.05","0.2"
"6:46047970:C>T","NM_001370650.1:c.10G>A","NP_001357579.1:p.Glu4Lys","Benign","null","missense_variant","2/7","null","4","MODERATE","12.16","null","1.84962","gnomad_AF_afr_pass"","90.3600685883325","0.4627423248171731","35.01","0.1"
"6:45870829:G>A","NM_016929.5:c.752C>T","NP_058625.2:p.Ser251Phe","Unknown significance","null","missense_variant","6/6","null","251","MODERATE","23.6","null","0.000880049","gnomad_AF_nfe_pass"","163.40857835812247","1.1849169467447855","49.25","0.1"
"6:45870830:A>C","NM_016929.5:c.751T>G","NP_058625.2:p.Ser251Ala","Likely benign","null","missense_variant","6/6","null","251","MODERATE","17.14","null","0.019755","gnomad_AF_amr_pass"","163.40857835812247","1.1849169467447855","49.25","0.0"
"6:45870832:C>T","NM_016929.5:c.749G>A","NP_058625.2:p.Arg250Gln","Likely benign","null","missense_variant","6/6","null","250","MODERATE","17.95","null","0.0870796","gnomad_AF_eas_pass"","275.03816478616324","1.020831670052128","62.66","0.0"
"6:45870839:G>A","NM_016929.5:c.742C>T","NP_058625.2:p.Leu248Phe","Unknown significance","null","missense_variant","6/6","null","248","MODERATE","25.8","null","0.0114784","gnomad_AF_afr_pass"","49.916582215300615","0.25883465827674845","74.98","0.1"
"6:45870839:G>T","NM_016929.5:c.742C>A","NP_058625.2:p.Leu248Ile","Unknown significance","null","missense_variant","6/6","null","248","MODERATE","23.5","null","0.00615233","gnomad_AF_afr_pass"","49.916582215300615","0.25883465827674845","74.98","0.2"
"6:45870841:C>A","NM_016929.5:c.740G>T","NP_058625.2:p.Arg247Leu","Unknown significance","null","missense_variant","6/6","null","247","MODERATE","29.3","null","0.0163203","gnomad_AF_eas_pass"","244.08360256128594","0.9059407149138768","77.23","0.0"
"6:45870841:C>T","NM_016929.5:c.740G>A","NP_058625.2:p.Arg247His","Unknown significance","null","missense_variant","6/6","null","247","MODERATE","31","null","0.00326691","gnomad_AF_sas_pass"","244.08360256128594","0.9059407149138768","77.23","0.0"
"6:45870842:G>A","NM_016929.5:c.739C>T","NP_058625.2:p.Arg247Cys","Unknown significance","null","missense_variant","6/6","null","247","MODERATE","29.1","null","0.211685","gnomad_AF_amr_pass"","244.08360256128594","0.9059407149138768","77.23","0.1"
"6:45870847:G>A","NM_016929.5:c.734C>T","NP_058625.2:p.Ala245Val","Unknown significance","null","missense_variant","6/6","null","245","MODERATE","24.8","null","0","gnomad_AF_afr_pass,gnomad_AF_amr_pass,gnomad_AF_eas_pass,gnomad_AF_nfe_pass,gnomad_AF_sas_pass"","5.282578640496565","0.04154319150057881","80.92","0.8"
"6:45870848:C>T","NM_016929.5:c.733G>A","NP_058625.2:p.Ala245Thr","Unknown significance","null","missense_variant","6/6","null","245","MODERATE","29.2","null","0.00615385","gnomad_AF_afr_pass"","5.282578640496565","0.04154319150057881","80.92","0.0"
"6:45870852:A>C","NM_016929.5:c.729T>G","NP_058625.2:p.Asp243Glu","Unknown significance","null","missense_variant","6/6","null","243","MODERATE","13.63","null","0.00615233","gnomad_AF_afr_pass"","139.83645553016248","0.8740879821492663","81.43","0.1"
"6:45870852:A>T","NM_016929.5:c.729T>A","NP_058625.2:p.Asp243Glu","Unknown significance","null","missense_variant","6/6","null","243","MODERATE","13.50","null","0.00289118","gnomad_AF_amr_pass"","139.83645553016248","0.8740879821492663","81.43","0.1"
"6:45870853:T>A","NM_016929.5:c.728A>T","NP_058625.2:p.Asp243Val","Unknown significance","null","missense_variant","6/6","null","243","MODERATE","25.1","null","0.00289118","gnomad_AF_amr_pass"","139.83645553016248","0.8740879821492663","81.43","0.2"
"6:45870854:C>A","NM_016929.5:c.727G>T","NP_058625.2:p.Asp243Tyr","Unknown significance","null","missense_variant","6/6","null","243","MODERATE","25.9","null","0.00326648","gnomad_AF_sas_pass"","139.83645553016248","0.8740879821492663","81.43","0.3"
"6:45870856:G>T","NM_016929.5:c.725C>A","NP_058625.2:p.Ala242Asp","Unknown significance","null","missense_variant","6/6","null","242","MODERATE","22.3","null","0.0114811","gnomad_AF_afr_pass"","56.050339904968524","0.4407904099134737","89.35","0.4"
"6:45870866:A>T","NM_016929.5:c.715T>A","NP_058625.2:p.Leu239Met","Likely benign","null","missense_variant","6/6","null","239","MODERATE","3.187","Glutathione_S-transferase&_C-terminal-like&Glutathione_S-transferase&_C-terminal-like","0.000879678","gnomad_AF_nfe_pass"","92.16471827584465","0.4779057840380103","92.02","0.1"
"6:45870869:C>T","NM_016929.5:c.712G>A","NP_058625.2:p.Glu238Lys","Unknown significance","null","missense_variant","6/6","null","238","MODERATE","26.6","Glutathione_S-transferase&_C-terminal-like&Glutathione_S-transferase&_C-terminal-like","0.000879678","gnomad_AF_nfe_pass"","35.46009561479326","0.18159445139185554","94.48","0.0"
"6:45870870:G>C","NM_016929.5:c.711C>G","NP_058625.2:p.Ile237Met","Unknown significance","null","missense_variant","6/6","null","237","MODERATE","17.36","Glutathione_S-transferase&_C-terminal-like&Glutathione_S-transferase&_C-terminal-like","0","gnomad_AF_afr_pass,gnomad_AF_amr_pass,gnomad_AF_eas_pass,gnomad_AF_nfe_pass,gnomad_AF_sas_pass"","0.46981799040004624","0.002395091028326685","94.41","0.6"
"6:45870872:T>G","NM_016929.5:c.709A>C","NP_058625.2:p.Ile237Leu","Unknown significance","null","missense_variant","6/6","null","237","MODERATE","24.9","Glutathione_S-transferase&_C-terminal-like&Glutathione_S-transferase&_C-terminal-like","0.00653296","gnomad_AF_sas_pass"","0.46981799040004624","0.002395091028326685","94.41","0.1"
"6:45870874:T>G","NM_016929.5:c.707A>C","NP_058625.2:p.Glu236Ala","Unknown significance","null","missense_variant","6/6","null","236","MODERATE","25.6","Glutathione_S-transferase&_C-terminal-like&Glutathione_S-transferase&_C-terminal-like","0.0123047","gnomad_AF_afr_pass"","6.731066152158668","0.03447041650597275","94.38","0.4"
"6:45870875:C>T","NM_016929.5:c.706G>A","NP_058625.2:p.Glu236Lys","Unknown significance","null","missense_variant","6/6","null","236","MODERATE","27.1","Glutathione_S-transferase&_C-terminal-like&Glutathione_S-transferase&_C-terminal-like","0.0391978","gnomad_AF_sas_pass"","6.731066152158668","0.03447041650597275","94.38","0.1"
"6:45870877:C>T","NM_016929.5:c.704G>A","NP_058625.2:p.Ser235Asn","Likely benign","null","missense_variant","6/6","null","235","MODERATE","0.484","Glutathione_S-transferase&_C-terminal-like&Glutathione_S-transferase&_C-terminal-like","0.00289101","gnomad_AF_amr_pass"","77.77147680043414","0.563940655748461","94.26","0.0"
"6:45870883:G>A","NM_016929.5:c.698C>T","NP_058625.2:p.Ala233Val","Unknown significance","null","missense_variant","6/6","null","233","MODERATE","25.1","Glutathione_S-transferase&_C-terminal-like&Glutathione_S-transferase&_C-terminal-like","0.00326648","gnomad_AF_sas_pass"","58.84468080619502","0.4627656320687354","94.72","0.3"
"6:45870889:C>G","NM_016929.5:c.692G>C","NP_058625.2:p.Cys231Ser","Unknown significance","null","missense_variant","6/6","null","231","MODERATE","25.8","Glutathione_S-transferase&_C-terminal-like&Glutathione_S-transferase&_C-terminal-like","0.00289151","gnomad_AF_amr_pass"","23.303114763280053","0.15080188221721133","95.85","0.5"
"6:45870892:G>A","NM_016929.5:c.689C>T","NP_058625.2:p.Thr230Ile","Unknown significance","null","missense_variant","6/6","null","230","MODERATE","26.0","Glutathione_S-transferase&_C-terminal-like&Glutathione_S-transferase&_C-terminal-like","0.00615309","gnomad_AF_afr_pass"","0.0","0.0","96.37","1.0"
"6:45870892:G>T","NM_016929.5:c.689C>A","NP_058625.2:p.Thr230Asn","Unknown significance","null","missense_variant","6/6","null","230","MODERATE","25.3","Glutathione_S-transferase&_C-terminal-like&Glutathione_S-transferase&_C-terminal-like","0.0114863","gnomad_AF_afr_pass"","0.0","0.0","96.37","1.0"
"6:45870899:T>G","NM_016929.5:c.682A>C","NP_058625.2:p.Thr228Pro","Unknown significance","null","missense_variant","6/6","null","228","MODERATE","25.4","Glutathione_S-transferase&_C-terminal-like&Glutathione_S-transferase&_C-terminal-like","0.000880809","gnomad_AF_nfe_pass"","48.823303618210524","0.3103092123008273","97.01","0.5"
"6:45870901:A>C","NM_016929.5:c.680T>G","NP_058625.2:p.Phe227Cys","Unknown significance","null","missense_variant","6/6","null","227","MODERATE","28.4","Glutathione_S-transferase&_C-terminal-like&Glutathione_S-transferase&_C-terminal-like","0.0115721","gnomad_AF_amr_pass"","0.028426138135182955","1.23726185502644E-4","98.03","2.4"
"6:45870906:A>T","NM_016929.5:c.675T>A","NP_058625.2:p.Asp225Glu","Likely benign","null","missense_variant","6/6","null","225","MODERATE","5.739","Glutathione_S-transferase&_C-terminal-like&Glutathione_S-transferase&_C-terminal-like","0.00653467","gnomad_AF_sas_pass"","89.07774825531288","0.55680608416231","97.51","0.1"
"6:45870907:T>A","NM_016929.5:c.674A>T","NP_058625.2:p.Asp225Val","Unknown significance","null","missense_variant","6/6","null","225","MODERATE","28.4","Glutathione_S-transferase&_C-terminal-like&Glutathione_S-transferase&_C-terminal-like","0.000881539","gnomad_AF_nfe_pass"","89.07774825531288","0.55680608416231","97.51","0.4"
"6:45870908:C>T","NM_016929.5:c.673G>A","NP_058625.2:p.Asp225Asn","Unknown significance","null","missense_variant","6/6","null","225","MODERATE","25.5","Glutathione_S-transferase&_C-terminal-like&Glutathione_S-transferase&_C-terminal-like","0.00615385","gnomad_AF_afr_pass"","89.07774825531288","0.55680608416231","97.51","0.0"
"6:45870910:C>T","NM_016929.5:c.671G>A","NP_058625.2:p.Arg224His","Unknown significance","null","missense_variant","6/6","null","224","MODERATE","24.6","Glutathione_S-transferase&_C-terminal-like&Glutathione_S-transferase&_C-terminal-like","0.00868458","gnomad_AF_amr_pass"","40.396473383986525","0.14993555320169125","97.81","0.3"
"6:45870911:G>A","NM_016929.5:c.670C>T","NP_058625.2:p.Arg224Cys","Unknown significance","null","missense_variant","6/6","null","224","MODERATE","25.4","Glutathione_S-transferase&_C-terminal-like&Glutathione_S-transferase&_C-terminal-like","0.00654065","gnomad_AF_sas_pass"","40.396473383986525","0.14993555320169125","97.81","1.0"
"6:45870911:G>C","NM_016929.5:c.670C>G","NP_058625.2:p.Arg224Gly","Unknown significance","null","missense_variant","6/6","null","224","MODERATE","27.0","Glutathione_S-transferase&_C-terminal-like&Glutathione_S-transferase&_C-terminal-like","0.000882737","gnomad_AF_nfe_pass"","40.396473383986525","0.14993555320169125","97.81","2.1"
"6:45870920:C>T","NM_016929.5:c.661G>A","NP_058625.2:p.Ala221Thr","Unknown significance","null","missense_variant","6/6","null","221","MODERATE","29.8","Glutathione_S-transferase&_C-terminal-like&Glutathione_S-transferase&_C-terminal-like","0.000885081","gnomad_AF_nfe_pass"","0.0","0.0","98.19","0.5"
"6:45870932:A>G","NM_016929.5:c.649T>C","NP_058625.2:p.Tyr217His","Unknown significance","null","missense_variant","6/6","null","217","MODERATE","29.2","Glutathione_S-transferase&_C-terminal-like&Glutathione_S-transferase&_C-terminal-like","0.00290968","gnomad_AF_amr_pass"","0.0","0.0","98.54","3.0"
"6:45870934:C>A","NM_016929.5:c.647G>T","NP_058625.2:p.Arg216Leu","Unknown significance","null","missense_variant","6/6","null","216","MODERATE","29.5","Glutathione_S-transferase&_C-terminal-like&Glutathione_S-transferase&_C-terminal-like","0.00178171","gnomad_AF_nfe_pass"","32.03709478511605","0.11890888305823094","98.03","0.5"
"6:45870934:C>T","NM_016929.5:c.647G>A","NP_058625.2:p.Arg216Gln","Unknown significance","null","missense_variant","6/6","null","216","MODERATE","25.4","Glutathione_S-transferase&_C-terminal-like&Glutathione_S-transferase&_C-terminal-like","0.00330732","gnomad_AF_sas_pass"","32.03709478511605","0.11890888305823094","98.03","0.4"
"6:45870935:G>A","NM_016929.5:c.646C>T","NP_058625.2:p.Arg216Trp","Unknown significance","null","missense_variant","6/6","null","216","MODERATE","27.4","Glutathione_S-transferase&_C-terminal-like&Glutathione_S-transferase&_C-terminal-like","0.0807021","gnomad_AF_eas_pass"","32.03709478511605","0.11890888305823094","98.03","0.6"
"6:45870935:G>C","NM_016929.5:c.646C>G","NP_058625.2:p.Arg216Gly","Unknown significance","null","missense_variant","6/6","null","216","MODERATE","23.7","Glutathione_S-transferase&_C-terminal-like&Glutathione_S-transferase&_C-terminal-like","0.00330797","gnomad_AF_sas_pass"","32.03709478511605","0.11890888305823094","98.03","1.6"
"6:45870937:C>G","NM_016929.5:c.644G>C","NP_058625.2:p.Trp215Ser","Unknown significance","null","missense_variant","6/6","null","215","MODERATE","26.0","Glutathione_S-transferase&_C-terminal-like&Glutathione_S-transferase&_C-terminal-like","0","null"","74.26427461604207","0.28309681325534275","98.22","1.2"
"6:45870938:A>G","NM_016929.5:c.643T>C","NP_058625.2:p.Trp215Arg","Likely benign","null","missense_variant","6/6","null","215","MODERATE","23.2","Glutathione_S-transferase&_C-terminal-like&Glutathione_S-transferase&_C-terminal-like","0","null"","74.26427461604207","0.28309681325534275","98.22","0.6"
"6:45870947:T>C","NM_016929.5:c.634A>G","NP_058625.2:p.Thr212Ala","Unknown significance","null","missense_variant","6/6","null","212","MODERATE","23.4","Glutathione_S-transferase&_C-terminal-like&Glutathione_S-transferase&_C-terminal-like","0.00332491","gnomad_AF_sas_pass"","91.20874933228619","0.5797009432538416","97.04","0.0"
"6:45870953:C>T","NM_016929.5:c.628G>A","NP_058625.2:p.Glu210Lys","Unknown significance","null","missense_variant","6/6","null","210","MODERATE","25.9","Glutathione_S-transferase&_C-terminal-like&Glutathione_S-transferase&_C-terminal-like","0.0114943","gnomad_AF_afr_pass"","120.30858822981432","0.616111482457692","96.9","0.0"
"6:45870958:G>A","NM_016929.5:c.623C>T","NP_058625.2:p.Pro208Leu","Unknown significance","null","missense_variant","6/6","null","208","MODERATE","26.6","Glutathione_S-transferase&_C-terminal-like&Glutathione_S-transferase&_C-terminal-like","0.00868056","gnomad_AF_amr_pass"","39.33229178848211","0.25004618107693705","97.56","1.1"
"6:45870958:G>C","NM_016929.5:c.623C>G","NP_058625.2:p.Pro208Arg","Unknown significance","null","missense_variant","6/6","null","208","MODERATE","25.9","Glutathione_S-transferase&_C-terminal-like&Glutathione_S-transferase&_C-terminal-like","0","null"","39.33229178848211","0.25004618107693705","97.56","0.6"
"6:45870961:A>T","NM_016929.5:c.620T>A","NP_058625.2:p.Ile207Asn","Unknown significance","null","missense_variant","6/6","null","207","MODERATE","28.8","Glutathione_S-transferase&_C-terminal-like&Glutathione_S-transferase&_C-terminal-like","0.0115075","gnomad_AF_afr_pass"","2.3011507920080105","0.011731065496389916","97.24","2.8"
"6:45870970:T>G","NM_016929.5:c.611A>C","NP_058625.2:p.Asn204Thr","Unknown significance","null","missense_variant","6/6","null","204","MODERATE","26.0","Glutathione_S-transferase&_C-terminal-like&Glutathione_S-transferase&_C-terminal-like","0.0113056","gnomad_AF_nfe_pass"","130.43230137992603","0.8160838152025794","94.78","0.0"
"6:45870973:C>T","NM_016929.5:c.608G>A","NP_058625.2:p.Arg203His","Unknown significance","null","missense_variant","6/6","null","203","MODERATE","25.3","Glutathione_S-transferase&_C-terminal-like&Glutathione_S-transferase&_C-terminal-like","0.0124875","gnomad_AF_afr_pass"","25.85386785578262","0.09595921759093037","93.82","0.2"
"6:45870974:G>A","NM_016929.5:c.607C>T","NP_058625.2:p.Arg203Cys","Unknown significance","null","missense_variant","6/6","null","203","MODERATE","32","Glutathione_S-transferase&_C-terminal-like&Glutathione_S-transferase&_C-terminal-like","0.0150114","gnomad_AF_amr_pass"","25.85386785578262","0.09595921759093037","93.82","0.6"
"6:45870977:A>T","NM_016929.5:c.604T>A","NP_058625.2:p.Tyr202Asn","Unknown significance","null","missense_variant","6/6","null","202","MODERATE","31","Glutathione_S-transferase&_C-terminal-like&Glutathione_S-transferase&_C-terminal-like","0.00097195","gnomad_AF_nfe_pass"","60.40050273433809","0.25176136761613016","94.48","1.8"
"6:45870989:C>A","NM_016929.5:c.592G>T","NP_058625.2:p.Val198Leu","Unknown significance","null","missense_variant","6/6","null","198","MODERATE","27.6","Glutathione_S-transferase&_C-terminal-like&Glutathione_S-transferase&_C-terminal-like","0.002362","gnomad_AF_nfe_pass"","0.0","0.0","96.62","0.3"
"6:45881972:A>G","NM_016929.5:c.581T>C","NP_058625.2:p.Val194Ala","Unknown significance","null","missense_variant","5/6","null","194","MODERATE","24.7","Glutathione_S-transferase&_C-terminal-like&Glutathione_S-transferase&_C-terminal-like&Glutathione_S-transferase&_C-terminal-like","0.00269237","gnomad_AF_nfe_pass"","2.538652094454249","0.01476886923113719","96.7","1.5"
"6:45881973:C>T","NM_016929.5:c.580G>A","NP_058625.2:p.Val194Met","Unknown significance","null","missense_variant","5/6","null","194","MODERATE","23.5","Glutathione_S-transferase&_C-terminal-like&Glutathione_S-transferase&_C-terminal-like&Glutathione_S-transferase&_C-terminal-like","0.00342395","gnomad_AF_sas_pass"","2.538652094454249","0.01476886923113719","96.7","0.2"
"6:45881979:G>A","NM_016929.5:c.574C>T","NP_058625.2:p.Leu192Phe","Unknown significance","null","missense_variant","5/6","null","192","MODERATE","31","Glutathione_S-transferase&_C-terminal-like&Glutathione_S-transferase&_C-terminal-like&Glutathione_S-transferase&_C-terminal-like","0.000891154","gnomad_AF_nfe_pass"","0.07451502080206274","3.863860282460358E-4","97.98","0.5"
"6:45881985:G>A","NM_016929.5:c.568C>T","NP_058625.2:p.Pro190Ser","Unknown significance","null","missense_variant","5/6","null","190","MODERATE","28.9","Glutathione_S-transferase&_C-terminal-like&Glutathione_S-transferase&_C-terminal-like&Glutathione_S-transferase&_C-terminal-like","0.00547945","gnomad_AF_eas_pass"","0.0","0.0","97.91","0.5"
"6:45881986:C>A","NM_016929.5:c.567G>T","NP_058625.2:p.Leu189Phe","Unknown significance","null","missense_variant","5/6","null","189","MODERATE","27.6","Glutathione_S-transferase&_C-terminal-like&Glutathione_S-transferase&_C-terminal-like&Glutathione_S-transferase&_C-terminal-like","0.00615991","gnomad_AF_afr_pass"","0.0","0.0","98.49","0.5"
"6:45881990:A>C","NM_016929.5:c.563T>G","NP_058625.2:p.Leu188Arg","Unknown significance","null","missense_variant","5/6","null","188","MODERATE","29.8","Glutathione_S-transferase&_C-terminal-like&Glutathione_S-transferase&_C-terminal-like&Glutathione_S-transferase&_C-terminal-like","0.00547345","gnomad_AF_eas_pass"","0.40547492027925347","0.002102527011516875","98.22","3.1"
"6:45882015:C>T","NM_016929.5:c.538G>A","NP_058625.2:p.Glu180Lys","Unknown significance","null","missense_variant","5/6","null","180","MODERATE","25.3","Glutathione_S-transferase&_C-terminal-like&Glutathione_S-transferase&_C-terminal-like&Glutathione_S-transferase&_C-terminal-like","0.00615688","gnomad_AF_afr_pass"","111.04381563914575","0.5686657193624881","96.84","0.1"
"6:45882017:T>A","NM_016929.5:c.536A>T","NP_058625.2:p.Asp179Val","Unknown significance","null","missense_variant","5/6","null","179","MODERATE","28.6","Glutathione_S-transferase&_C-terminal-like&Glutathione_S-transferase&_C-terminal-like&Glutathione_S-transferase&_C-terminal-like","0.00329859","gnomad_AF_sas_pass"","76.58135035083174","0.4786937551058417","96.54","0.2"
"6:45882017:T>C","NM_016929.5:c.536A>G","NP_058625.2:p.Asp179Gly","Unknown significance","null","missense_variant","5/6","null","179","MODERATE","29.8","Glutathione_S-transferase&_C-terminal-like&Glutathione_S-transferase&_C-terminal-like&Glutathione_S-transferase&_C-terminal-like","0.00620569","gnomad_AF_nfe_pass"","76.58135035083174","0.4786937551058417","96.54","0.5"
"6:45882020:C>T","NM_016929.5:c.533G>A","NP_058625.2:p.Gly178Glu","Unknown significance","null","missense_variant","5/6","null","178","MODERATE","29.4","Glutathione_S-transferase&_C-terminal-like&Glutathione_S-transferase&_C-terminal-like&Glutathione_S-transferase&_C-terminal-like","0.00545435","gnomad_AF_eas_pass"","21.50075301063326","0.225501967741314","96.27","0.9"
"6:45882023:T>A","NM_016929.5:c.530A>T","NP_058625.2:p.Asp177Val","Unknown significance","null","missense_variant","5/6","null","177","MODERATE","29.0","Glutathione_S-transferase&_C-terminal-like&Glutathione_S-transferase&_C-terminal-like&Glutathione_S-transferase&_C-terminal-like","0","gnomad_AF_afr_pass,gnomad_AF_amr_pass,gnomad_AF_eas_pass,gnomad_AF_nfe_pass,gnomad_AF_sas_pass"","4.978953682596131","0.0311223819363498","96.98","2.5"
"6:45882035:C>T","NM_016929.5:c.518G>A","NP_058625.2:p.Arg173His","Unknown significance","null","missense_variant","5/6","null","173","MODERATE","31","Glutathione_S-transferase&_C-terminal-like&Glutathione_S-transferase&_C-terminal-like&Glutathione_S-transferase&_C-terminal-like","0.000883002","gnomad_AF_nfe_pass"","7.659802096909145","0.028430121953933046","95.87","0.3"
"6:45882036:G>A","NM_016929.5:c.517C>T","NP_058625.2:p.Arg173Cys","Unknown significance","null","missense_variant","5/6","null","173","MODERATE","27.7","Glutathione_S-transferase&_C-terminal-like&Glutathione_S-transferase&_C-terminal-like&Glutathione_S-transferase&_C-terminal-like","0.00176541","gnomad_AF_nfe_pass"","7.659802096909145","0.028430121953933046","95.87","0.9"
"6:45882038:C>A","NM_016929.5:c.515G>T","NP_058625.2:p.Arg172Leu","Likely benign","null","missense_variant","5/6","null","172","MODERATE","22.4","Glutathione_S-transferase&_C-terminal-like&Glutathione_S-transferase&_C-terminal-like&Glutathione_S-transferase&_C-terminal-like","0","null"","220.44968877113052","0.8182210789752424","91.81","0.1"
"6:45882038:C>T","NM_016929.5:c.515G>A","NP_058625.2:p.Arg172Gln","Benign","null","missense_variant","5/6","null","172","MODERATE","21.0","Glutathione_S-transferase&_C-terminal-like&Glutathione_S-transferase&_C-terminal-like&Glutathione_S-transferase&_C-terminal-like","0.02998","gnomad_AF_sas_pass"","220.44968877113052","0.8182210789752424","91.81","0.1"
"6:45882039:G>A","NM_016929.5:c.514C>T","NP_058625.2:p.Arg172Trp","Unknown significance","null","missense_variant","5/6","null","172","MODERATE","29.5","Glutathione_S-transferase&_C-terminal-like&Glutathione_S-transferase&_C-terminal-like&Glutathione_S-transferase&_C-terminal-like","0.0404122","gnomad_AF_eas_pass"","220.44968877113052","0.8182210789752424","91.81","0.0"
"6:45882041:G>A","NM_016929.5:c.512C>T","NP_058625.2:p.Ser171Phe","Unknown significance","null","missense_variant","5/6","null","171","MODERATE","29.9","Glutathione_S-transferase&_C-terminal-like&Glutathione_S-transferase&_C-terminal-like&Glutathione_S-transferase&_C-terminal-like","0.00298063","gnomad_AF_amr_pass"","6.40263836268706","0.04642715074112926","92.83","0.5"
"6:45882041:G>C","NM_016929.5:c.512C>G","NP_058625.2:p.Ser171Cys","Unknown significance","null","missense_variant","5/6","null","171","MODERATE","28.9","Glutathione_S-transferase&_C-terminal-like&Glutathione_S-transferase&_C-terminal-like&Glutathione_S-transferase&_C-terminal-like","0.00616067","gnomad_AF_afr_pass"","6.40263836268706","0.04642715074112926","92.83","0.4"
"6:45882045:C>G","NM_016929.5:c.508G>C","NP_058625.2:p.Gly170Arg","Benign","null","missense_variant","5/6","null","170","MODERATE","17.26","Glutathione_S-transferase&_C-terminal-like&Glutathione_S-transferase&_C-terminal-like&Glutathione_S-transferase&_C-terminal-like","0.565674","gnomad_AF_afr_pass"","40.93055689062163","0.4292836216023826","85.51","0.7"
"6:45882051:C>G","NM_016929.5:c.502G>C","NP_058625.2:p.Asp168His","Unknown significance","null","missense_variant","5/6","null","168","MODERATE","23.4","Glutathione_S-transferase&_C-terminal-like&Glutathione_S-transferase&_C-terminal-like&Glutathione_S-transferase&_C-terminal-like","0.00176488","gnomad_AF_nfe_pass"","162.10638026203515","1.0132925514992086","61.93","0.1"
"6:45882054:C>T","NM_016929.5:c.499G>A","NP_058625.2:p.Glu167Lys","Unknown significance","null","missense_variant","5/6","null","167","MODERATE","25.4","Glutathione_S-transferase&_C-terminal-like&Glutathione_S-transferase&_C-terminal-like&Glutathione_S-transferase&_C-terminal-like","0.322375","gnomad_AF_amr_pass"","111.94924149109623","0.573302489456034","56.88","0.1"
"6:45882062:G>C","NM_016929.5:c.491C>G","NP_058625.2:p.Thr164Ser","Benign","null","missense_variant","5/6","null","164","MODERATE","6.927","Glutathione_S-transferase&_C-terminal-like&Glutathione_S-transferase&_C-terminal-like&Glutathione_S-transferase&_C-terminal-like","0.66365","gnomad_AF_eas_pass"","45.9045415885363","0.29175826061995924","64.42","0.3"
"6:45882069:C>T","NM_016929.5:c.484G>A","NP_058625.2:p.Ala162Thr","Likely benign","null","missense_variant","5/6","null","162","MODERATE","17.13","Glutathione_S-transferase&_C-terminal-like&Glutathione_S-transferase&_C-terminal-like&Glutathione_S-transferase&_C-terminal-like","0.0129634","gnomad_AF_nfe_pass"","113.14677399925779","0.8898075011869638","69.01","0.0"
"6:45882074:A>G","NM_016929.5:c.479T>C","NP_058625.2:p.Ile160Thr","Unknown significance","null","missense_variant","5/6","null","160","MODERATE","25.9","Glutathione_S-transferase&_C-terminal-like&Glutathione_S-transferase&_C-terminal-like&Glutathione_S-transferase&_C-terminal-like","0.00286107","gnomad_AF_amr_pass"","114.75206406148324","0.5849959872366788","85.29","0.6"
"6:45882076:C>A","NM_016929.5:c.477G>T","NP_058625.2:p.Glu159Asp","Likely benign","null","missense_variant","5/6","null","159","MODERATE","24.4","Glutathione_S-transferase&_C-terminal-like&Glutathione_S-transferase&_C-terminal-like&Glutathione_S-transferase&_C-terminal-like","0.125648","gnomad_AF_nfe_pass"","71.7174607345244","0.36727179415358796","87.0","0.1"
"6:45882079:C>G","NM_016929.5:c.474G>C","NP_058625.2:p.Glu158Asp","Unknown significance","null","missense_variant","5/6","null","158","MODERATE","18.76","Glutathione_S-transferase&_C-terminal-like&Glutathione_S-transferase&_C-terminal-like&Glutathione_S-transferase&_C-terminal-like","0.000881073","gnomad_AF_nfe_pass"","125.94817714988315","0.6449923424288717","86.26","0.1"
"6:45882096:T>A","NM_016929.5:c.457A>T","NP_058625.2:p.Asn153Tyr","Unknown significance","null","missense_variant","5/6","null","153","MODERATE","27.3","Glutathione_S-transferase&_C-terminal-like&Glutathione_S-transferase&_C-terminal-like&Glutathione_S-transferase&_C-terminal-like","0.00295438","gnomad_AF_amr_pass"","36.34594419564095","0.22740790810644776","96.6","1.3"
"6:45882104:T>A","NM_016929.5:c.449A>T","NP_058625.2:p.Asp150Val","Unknown significance","null","missense_variant","5/6","null","150","MODERATE","24.4","Glutathione_S-transferase&_C-terminal-like&Glutathione_S-transferase&_C-terminal-like&Glutathione_S-transferase&_C-terminal-like","0.0386058","gnomad_AF_eas_pass"","75.07445639400726","0.4692744810471573","97.52","0.9"
"6:45882108:C>A","NM_016929.5:c.445G>T","NP_058625.2:p.Asp149Tyr","Unknown significance","null","missense_variant","5/6","null","149","MODERATE","29.0","Glutathione_S-transferase&_C-terminal-like&Glutathione_S-transferase&_C-terminal-like&Glutathione_S-transferase&_C-terminal-like","0.000885834","gnomad_AF_nfe_pass"","0.6810711652386265","0.004257231193871844","98.23","1.9"
"6:45882108:C>T","NM_016929.5:c.445G>A","NP_058625.2:p.Asp149Asn","Unknown significance","null","missense_variant","5/6","null","149","MODERATE","23.4","Glutathione_S-transferase&_C-terminal-like&Glutathione_S-transferase&_C-terminal-like&Glutathione_S-transferase&_C-terminal-like","0.0120012","gnomad_AF_amr_pass"","0.6810711652386265","0.004257231193871844","98.23","0.2"
"6:45882115:C>A","NM_016929.5:c.438G>T","NP_058625.2:p.Lys146Asn","Unknown significance","null","missense_variant","5/6","null","146","MODERATE","23.6","Glutathione_S-transferase&_C-terminal-like&Glutathione_S-transferase&_C-terminal-like&Glutathione_S-transferase&_C-terminal-like","0.00552792","gnomad_AF_eas_pass"","83.27020744434792","0.3517745069956057","98.25","0.1"
"6:45882116:T>C","NM_016929.5:c.437A>G","NP_058625.2:p.Lys146Arg","Likely benign","null","missense_variant","5/6","null","146","MODERATE","21.0","Glutathione_S-transferase&_C-terminal-like&Glutathione_S-transferase&_C-terminal-like&Glutathione_S-transferase&_C-terminal-like","0.00804182","gnomad_AF_afr_pass"","83.27020744434792","0.3517745069956057","98.25","0.6"
"6:45882120:G>C","NM_016929.5:c.433C>G","NP_058625.2:p.Leu145Val","Unknown significance","null","missense_variant","5/6","null","145","MODERATE","24.4","Glutathione_S-transferase&_C-terminal-like&Glutathione_S-transferase&_C-terminal-like&Glutathione_S-transferase&_C-terminal-like","0","null"","0.0","0.0","98.57","1.1"
"6:45882122:G>A","NM_016929.5:c.431C>T","NP_058625.2:p.Ala144Val","Unknown significance","null","missense_variant","5/6","null","144","MODERATE","22.7","Glutathione_S-transferase&_C-terminal-like&Glutathione_S-transferase&_C-terminal-like&Glutathione_S-transferase&_C-terminal-like","0.00178171","gnomad_AF_nfe_pass"","0.1434721407881939","0.0011282918864794547","98.38","1.1"
"6:45882123:C>G","NM_016929.5:c.430G>C","NP_058625.2:p.Ala144Pro","Unknown significance","null","missense_variant","5/6","null","144","MODERATE","29.4","Glutathione_S-transferase&_C-terminal-like&Glutathione_S-transferase&_C-terminal-like&Glutathione_S-transferase&_C-terminal-like","0.00342677","gnomad_AF_sas_pass"","0.1434721407881939","0.0011282918864794547","98.38","0.9"
"6:45882128:G>A","NM_016929.5:c.425C>T","NP_058625.2:p.Thr142Ile","Unknown significance","null","missense_variant","5/6","null","142","MODERATE","22.2","Glutathione_S-transferase&_C-terminal-like&Glutathione_S-transferase&_C-terminal-like&Glutathione_S-transferase&_C-terminal-like","0.0771272","gnomad_AF_amr_pass"","41.8291897989485","0.2658563017200689","98.23","0.8"
"6:45882128:G>C","NM_016929.5:c.425C>G","NP_058625.2:p.Thr142Ser","Unknown significance","null","missense_variant","5/6","null","142","MODERATE","21.7","Glutathione_S-transferase&_C-terminal-like&Glutathione_S-transferase&_C-terminal-like&Glutathione_S-transferase&_C-terminal-like","0.00350557","gnomad_AF_sas_pass"","41.8291897989485","0.2658563017200689","98.23","0.4"
"6:45882135:C>G","NM_016929.5:c.418G>C","NP_058625.2:p.Gly140Arg","Unknown significance","null","missense_variant","5/6","null","140","MODERATE","24.4","Glutathione_S-transferase&_C-terminal-like&Glutathione_S-transferase&_C-terminal-like&Glutathione_S-transferase&_C-terminal-like","0.00698812","gnomad_AF_sas_pass"","8.948648368667895","0.09385428569695828","98.06","1.5"
"6:45882138:T>C","NM_016929.5:c.415A>G","NP_058625.2:p.Arg139Gly","Unknown significance","null","missense_variant","5/6","null","139","MODERATE","23.0","Glutathione_S-transferase&_C-terminal-like&Glutathione_S-transferase&_C-terminal-like&Glutathione_S-transferase&_C-terminal-like","0","null"","176.6086979512545","0.6555008546376869","97.82","0.6"
"6:45882140:T>G","NM_016929.5:c.413A>C","NP_058625.2:p.Glu138Ala","Unknown significance","null","missense_variant","5/6","null","138","MODERATE","28.1","Glutathione_S-transferase&_C-terminal-like&Glutathione_S-transferase&_C-terminal-like&Glutathione_S-transferase&_C-terminal-like","0.000900268","gnomad_AF_nfe_pass"","56.062328669208846","0.2871004051717143","97.59","0.1"
"6:45882143:A>T","NM_016929.5:c.410T>A","NP_058625.2:p.Leu137His","Unknown significance","null","missense_variant","5/6","null","137","MODERATE","25.0","Glutathione_S-transferase&_C-terminal-like&Glutathione_S-transferase&_C-terminal-like&Glutathione_S-transferase&_C-terminal-like","0","gnomad_AF_afr_pass,gnomad_AF_amr_pass,gnomad_AF_eas_pass,gnomad_AF_nfe_pass,gnomad_AF_sas_pass"","39.579493573417686","0.2052332960148488","97.57","0.8"
"6:45882144:G>T","NM_016929.5:c.409C>A","NP_058625.2:p.Leu137Ile","Unknown significance","null","missense_variant&splice_region_variant","5/6","null","137","MODERATE","24.6","Glutathione_S-transferase&_C-terminal-like&Glutathione_S-transferase&_C-terminal-like&Glutathione_S-transferase&_C-terminal-like","0","gnomad_AF_afr_pass,gnomad_AF_amr_pass,gnomad_AF_eas_pass,gnomad_AF_nfe_pass,gnomad_AF_sas_pass"","39.579493573417686","0.2052332960148488","97.57","0.0"
"6:45909284:C>G","NM_016929.5:c.406G>C","NP_058625.2:p.Ala136Pro","Likely benign","null","missense_variant&splice_region_variant","4/6","null","136","MODERATE","32","Glutathione_S-transferase&_C-terminal-like&Glutathione_S-transferase&_C-terminal-like&Glutathione_S-transferase&_C-terminal-like","0","gnomad_AF_afr_pass,gnomad_AF_amr_pass,gnomad_AF_eas_pass,gnomad_AF_nfe_pass,gnomad_AF_sas_pass"","53.424633821768836","0.42014136366882643","97.65","0.3"
"6:45909292:T>C","NM_016929.5:c.398A>G","NP_058625.2:p.Asn133Ser","Unknown significance","null","missense_variant","4/6","null","133","MODERATE","17.51","Glutathione_S-transferase&_C-terminal-like&Glutathione_S-transferase&_C-terminal-like&Glutathione_S-transferase&_C-terminal-like","0.00615157","gnomad_AF_afr_pass"","54.366849956906336","0.3401604193438443","94.68","0.0"
"6:45909295:T>C","NM_016929.5:c.395A>G","NP_058625.2:p.Gln132Arg","Unknown significance","null","missense_variant","4/6","null","132","MODERATE","23.3","Glutathione_S-transferase&_C-terminal-like&Glutathione_S-transferase&_C-terminal-like&Glutathione_S-transferase&_C-terminal-like","0","null"","158.29837741373058","0.8004906021729804","93.67","0.1"
"6:45909307:T>G","NM_016929.5:c.383A>C","NP_058625.2:p.Asn128Thr","Unknown significance","null","missense_variant","4/6","null","128","MODERATE","26.1","Glutathione_S-transferase&_C-terminal-like&Glutathione_S-transferase&_C-terminal-like&Glutathione_S-transferase&_C-terminal-like","0.00543951","gnomad_AF_eas_pass"","27.49908340152265","0.17205520917338013","93.2","0.3"
"6:45909319:G>A","NM_016929.5:c.371C>T","NP_058625.2:p.Ala124Val","Unknown significance","null","missense_variant","4/6","null","124","MODERATE","27.5","Glutathione_S-transferase&_C-terminal-like&Glutathione_S-transferase&_C-terminal-like&Glutathione_S-transferase&_C-terminal-like","0.0173451","gnomad_AF_amr_pass"","43.97120320027807","0.3457978081114386","95.83","0.6"
"6:45909328:T>C","NM_016929.5:c.362A>G","NP_058625.2:p.Lys121Arg","Unknown significance","null","missense_variant","4/6","null","121","MODERATE","22.7","Glutathione_S-transferase&_C-terminal-like&Glutathione_S-transferase&_C-terminal-like&Glutathione_S-transferase&_C-terminal-like","0.00289084","gnomad_AF_amr_pass"","88.40246588828379","0.3734557029394993","97.92","0.6"
"6:45909336:G>C","NM_016929.5:c.354C>G","NP_058625.2:p.Ile118Met","Unknown significance","null","missense_variant","4/6","null","118","MODERATE","21.7","Glutathione_S-transferase&_C-terminal-like&Glutathione_S-transferase&_C-terminal-like&Glutathione_S-transferase&_C-terminal-like","0.00653296","gnomad_AF_sas_pass"","0.057832398639355756","2.9482451067867774E-4","98.22","0.8"
"6:45909338:T>C","NM_016929.5:c.352A>G","NP_058625.2:p.Ile118Val","Unknown significance","null","missense_variant","4/6","null","118","MODERATE","16.03","Glutathione_S-transferase&_C-terminal-like&Glutathione_S-transferase&_C-terminal-like&Glutathione_S-transferase&_C-terminal-like","0.0451467","gnomad_AF_amr_pass"","0.057832398639355756","2.9482451067867774E-4","98.22","0.4"
"6:45909340:T>C","NM_016929.5:c.350A>G","NP_058625.2:p.Asp117Gly","Unknown significance","null","missense_variant","4/6","null","117","MODERATE","24.5","Glutathione_S-transferase&_C-terminal-like&Glutathione_S-transferase&_C-terminal-like&Glutathione_S-transferase&_C-terminal-like","0.0293964","gnomad_AF_sas_pass"","34.14509696090397","0.21343374865798073","96.39","0.3"
"6:45909343:A>T","NM_016929.5:c.347T>A","NP_058625.2:p.Ile116Asn","Unknown significance","null","missense_variant","4/6","null","116","MODERATE","16.46","Glutathione_S-transferase&_C-terminal-like&Glutathione_S-transferase&_C-terminal-like&Glutathione_S-transferase&_C-terminal-like","0.00282167","gnomad_AF_amr_pass"","111.31495512040242","0.5674739064386352","95.71","0.5"
"6:45909344:T>A","NM_016929.5:c.346A>T","NP_058625.2:p.Ile116Phe","Unknown significance","null","missense_variant","4/6","null","116","MODERATE","16.12","Glutathione_S-transferase&_C-terminal-like&Glutathione_S-transferase&_C-terminal-like&Glutathione_S-transferase&_C-terminal-like","0.00867253","gnomad_AF_amr_pass"","111.31495512040242","0.5674739064386352","95.71","0.0"
"6:45909346:C>G","NM_016929.5:c.344G>C","NP_058625.2:p.Gly115Ala","Unknown significance","null","missense_variant","4/6","null","115","MODERATE","23.9","Glutathione_S-transferase&_C-terminal-like&Glutathione_S-transferase&_C-terminal-like&Glutathione_S-transferase&_C-terminal-like","0.0115154","gnomad_AF_afr_pass"","0.02786890651195757","2.9229177481073046E-4","96.99","1.2"
"6:45909349:G>A","NM_016929.5:c.341C>T","NP_058625.2:p.Ala114Val","Unknown significance","null","missense_variant","4/6","null","114","MODERATE","22.4","Glutathione_S-transferase&_C-terminal-like&Glutathione_S-transferase&_C-terminal-like&Glutathione_S-transferase&_C-terminal-like","0.0163313","gnomad_AF_sas_pass"","1.9911299919230951","0.015658620568918126","97.02","1.5"
"6:45909349:G>T","NM_016929.5:c.341C>A","NP_058625.2:p.Ala114Glu","Likely benign","null","missense_variant","4/6","null","114","MODERATE","24.7","Glutathione_S-transferase&_C-terminal-like&Glutathione_S-transferase&_C-terminal-like&Glutathione_S-transferase&_C-terminal-like","0.334749","gnomad_AF_nfe_pass"","1.9911299919230951","0.015658620568918126","97.02","1.0"
"6:45909350:C>T","NM_016929.5:c.340G>A","NP_058625.2:p.Ala114Thr","Unknown significance","null","missense_variant","4/6","null","114","MODERATE","25.0","Glutathione_S-transferase&_C-terminal-like&Glutathione_S-transferase&_C-terminal-like&Glutathione_S-transferase&_C-terminal-like","0.00289101","gnomad_AF_amr_pass"","1.9911299919230951","0.015658620568918126","97.02","0.1"
"6:45909352:G>T","NM_016929.5:c.338C>A","NP_058625.2:p.Thr113Lys","Unknown significance","null","missense_variant","4/6","null","113","MODERATE","23.1","Glutathione_S-transferase&_C-terminal-like&Glutathione_S-transferase&_C-terminal-like&Glutathione_S-transferase&_C-terminal-like","0.000879987","gnomad_AF_nfe_pass"","75.87705094311907","0.48225634410136237","96.13","0.3"
"6:45909356:T>C","NM_016929.5:c.334A>G","NP_058625.2:p.Asn112Asp","Unknown significance","Deafness, autosomal recessive 103","missense_variant","4/6","null","112","MODERATE","23.2","Glutathione_S-transferase&_C-terminal-like&Glutathione_S-transferase&_C-terminal-like&Glutathione_S-transferase&_C-terminal-like","0.499739","gnomad_AF_sas_pass"","78.12153602614488","0.4887878270582595","96.11","0.2"
"6:45909356:T>G","NM_016929.5:c.334A>C","NP_058625.2:p.Asn112His","Unknown significance","null","missense_variant","4/6","null","112","MODERATE","23.3","Glutathione_S-transferase&_C-terminal-like&Glutathione_S-transferase&_C-terminal-like&Glutathione_S-transferase&_C-terminal-like","0.00326627","gnomad_AF_sas_pass"","78.12153602614488","0.4887878270582595","96.11","0.4"
"6:45909362:C>G","NM_016929.5:c.328G>C","NP_058625.2:p.Glu110Gln","Unknown significance","null","missense_variant","4/6","null","110","MODERATE","23.0","Glutathione_S-transferase&_C-terminal-like&Glutathione_S-transferase&_C-terminal-like&Glutathione_S-transferase&_C-terminal-like","0","null"","78.73992220340466","0.4032344732087948","95.31","0.3"
"6:45909364:C>T","NM_016929.5:c.326G>A","NP_058625.2:p.Arg109Gln","Benign","null","missense_variant","4/6","null","109","MODERATE","22.5","Glutathione_S-transferase&_C-terminal-like&Glutathione_S-transferase&_C-terminal-like&Glutathione_S-transferase&_C-terminal-like","0.586819","gnomad_AF_eas_pass"","216.4815536777537","0.8034929485082808","94.35","0.1"
"6:45909365:G>A","NM_016929.5:c.325C>T","NP_058625.2:p.Arg109Trp","Unknown significance","null","missense_variant","4/6","null","109","MODERATE","24.9","Glutathione_S-transferase&_C-terminal-like&Glutathione_S-transferase&_C-terminal-like&Glutathione_S-transferase&_C-terminal-like","0.0282183","gnomad_AF_amr_pass"","216.4815536777537","0.8034929485082808","94.35","0.1"
"6:45909374:C>T","NM_016929.5:c.316G>A","NP_058625.2:p.Ala106Thr","Unknown significance","null","missense_variant","4/6","null","106","MODERATE","22.4","Glutathione_S-transferase&_C-terminal-like&Glutathione_S-transferase&_C-terminal-like&Glutathione_S-transferase&_C-terminal-like","0.000879925","gnomad_AF_nfe_pass"","18.701381403581554","0.14707117902958872","96.32","0.3"
"6:45909377:C>G","NM_016929.5:c.313G>C","NP_058625.2:p.Ala105Pro","Unknown significance","null","missense_variant","4/6","null","105","MODERATE","22.8","Glutathione_S-transferase&_C-terminal-like&Glutathione_S-transferase&_C-terminal-like&Glutathione_S-transferase&_C-terminal-like","0.00615157","gnomad_AF_afr_pass"","32.21773884058271","0.253366354853574","96.57","0.4"
"6:45916993:T>A","NM_016929.5:c.299A>T","NP_058625.2:p.Lys100Met","Unknown significance","null","missense_variant&splice_region_variant","3/6","null","100","MODERATE","27.0","null","0","gnomad_AF_afr_pass,gnomad_AF_amr_pass,gnomad_AF_eas_pass,gnomad_AF_nfe_pass,gnomad_AF_sas_pass"","131.30882540125882","0.5547133691311006","85.11","0.6"
"6:45916993:T>G","NM_016929.5:c.299A>C","NP_058625.2:p.Lys100Thr","Unknown significance","null","missense_variant&splice_region_variant","3/6","null","100","MODERATE","25.6","null","0.00654793","gnomad_AF_sas_pass"","131.30882540125882","0.5547133691311006","85.11","0.3"
"6:45916999:G>T","NM_016929.5:c.293C>A","NP_058625.2:p.Pro98His","Benign","null","missense_variant","3/6","null","98","MODERATE","29.5","null","2.50194","gnomad_AF_nfe_pass"","88.38319501117405","0.5618762441499504","77.61","0.3"
"6:45917002:G>A","NM_016929.5:c.290C>T","NP_058625.2:p.Thr97Ile","Unknown significance","null","missense_variant","3/6","null","97","MODERATE","24.2","null","0.00289235","gnomad_AF_amr_pass"","57.63058899953723","0.3662862066181211","85.68","0.2"
"6:45917002:G>T","NM_016929.5:c.290C>A","NP_058625.2:p.Thr97Asn","Unknown significance","null","missense_variant","3/6","null","97","MODERATE","25.4","null","0.000880499","gnomad_AF_nfe_pass"","57.63058899953723","0.3662862066181211","85.68","0.2"
"6:45917004:C>A","NM_016929.5:c.288G>T","NP_058625.2:p.Leu96Phe","Unknown significance","null","missense_variant","3/6","null","96","MODERATE","23.6","null","0.0093042","gnomad_AF_nfe_pass"","1.3938900952554705","0.007227799870685142","93.05","1.0"
"6:45917009:T>C","NM_016929.5:c.283A>G","NP_058625.2:p.Thr95Ala","Likely benign","null","missense_variant","3/6","null","95","MODERATE","22.0","Glutathione_S-transferase&_N-terminal&Glutathione_S-transferase&_N-terminal&Glutathione_S-transferase&_N-terminal&Glutathione_S-transferase&_N-terminal","0.000880142","gnomad_AF_nfe_pass"","55.715593839786386","0.3541149565071283","93.62","0.3"
"6:45917012:C>T","NM_016929.5:c.280G>A","NP_058625.2:p.Glu94Lys","Unknown significance","null","missense_variant","3/6","null","94","MODERATE","26.9","Glutathione_S-transferase&_N-terminal&Glutathione_S-transferase&_N-terminal&Glutathione_S-transferase&_N-terminal&Glutathione_S-transferase&_N-terminal","0.0032684","gnomad_AF_sas_pass"","135.96023052917565","0.6962650000231763","94.96","0.1"
"6:45917021:A>T","NM_016929.5:c.271T>A","NP_058625.2:p.Phe91Ile","Unknown significance","null","missense_variant","3/6","null","91","MODERATE","29.1","Glutathione_S-transferase&_N-terminal&Glutathione_S-transferase&_N-terminal&Glutathione_S-transferase&_N-terminal&Glutathione_S-transferase&_N-terminal","0.0184547","gnomad_AF_afr_pass"","63.83750670837787","0.2778559352475407","97.21","0.8"
"6:45917032:T>C","NM_016929.5:c.260A>G","NP_058625.2:p.Lys87Arg","Unknown significance","null","missense_variant","3/6","null","87","MODERATE","26.6","Glutathione_S-transferase&_N-terminal&Glutathione_S-transferase&_N-terminal&Glutathione_S-transferase&_N-terminal&Glutathione_S-transferase&_N-terminal","0.000880049","gnomad_AF_nfe_pass"","158.159313456762","0.6681430997418791","97.04","0.3"
"6:45917039:C>T","NM_016929.5:c.253G>A","NP_058625.2:p.Val85Ile","Unknown significance","null","missense_variant","3/6","null","85","MODERATE","22.9","Glutathione_S-transferase&_N-terminal&Glutathione_S-transferase&_N-terminal&Glutathione_S-transferase&_N-terminal&Glutathione_S-transferase&_N-terminal","0.176254","gnomad_AF_afr_pass"","16.539637608230674","0.09622104009445619","95.09","0.0"
"6:45917044:G>C","NM_016929.5:c.248C>G","NP_058625.2:p.Thr83Arg","Unknown significance","null","missense_variant","3/6","null","83","MODERATE","27.7","Glutathione_S-transferase&_N-terminal&Glutathione_S-transferase&_N-terminal&Glutathione_S-transferase&_N-terminal&Glutathione_S-transferase&_N-terminal","0.000879941","gnomad_AF_nfe_pass"","89.00650118793384","0.5657039820422687","94.16","0.0"
"6:45917050:A>G","NM_016929.5:c.242T>C","NP_058625.2:p.Val81Ala","Unknown significance","null","missense_variant","3/6","null","81","MODERATE","27.6","Glutathione_S-transferase&_N-terminal&Glutathione_S-transferase&_N-terminal&Glutathione_S-transferase&_N-terminal&Glutathione_S-transferase&_N-terminal","0.0217533","gnomad_AF_eas_pass"","55.158670949753294","0.3208912320045015","94.8","1.0"
"6:45917051:C>T","NM_016929.5:c.241G>A","NP_058625.2:p.Val81Met","Unknown significance","null","missense_variant","3/6","null","81","MODERATE","29.9","Glutathione_S-transferase&_N-terminal&Glutathione_S-transferase&_N-terminal&Glutathione_S-transferase&_N-terminal&Glutathione_S-transferase&_N-terminal","0.00653339","gnomad_AF_sas_pass"","55.158670949753294","0.3208912320045015","94.8","0.4"
"6:45917052:G>C","NM_016929.5:c.240C>G","NP_058625.2:p.Asp80Glu","Likely benign","null","missense_variant","3/6","null","80","MODERATE","0.019","Glutathione_S-transferase&_N-terminal&Glutathione_S-transferase&_N-terminal&Glutathione_S-transferase&_N-terminal&Glutathione_S-transferase&_N-terminal","0.00326669","gnomad_AF_sas_pass"","90.4737721772145","0.5655323331815715","94.17","0.1"
"6:45917054:C>A","NM_016929.5:c.238G>T","NP_058625.2:p.Asp80Tyr","Unknown significance","null","missense_variant","3/6","null","80","MODERATE","26.0","Glutathione_S-transferase&_N-terminal&Glutathione_S-transferase&_N-terminal&Glutathione_S-transferase&_N-terminal&Glutathione_S-transferase&_N-terminal","0.00543833","gnomad_AF_eas_pass"","90.4737721772145","0.5655323331815715","94.17","1.1"
"6:45917057:C>T","NM_016929.5:c.235G>A","NP_058625.2:p.Gly79Arg","Unknown significance","null","missense_variant","3/6","null","79","MODERATE","32","Glutathione_S-transferase&_N-terminal&Glutathione_S-transferase&_N-terminal&Glutathione_S-transferase&_N-terminal&Glutathione_S-transferase&_N-terminal","0.00615157","gnomad_AF_afr_pass"","52.5017944482732","0.5506438752252287","91.75","0.2"
"6:45917059:T>C","NM_016929.5:c.233A>G","NP_058625.2:p.Asn78Ser","Unknown significance","null","missense_variant","3/6","null","78","MODERATE","25.5","Glutathione_S-transferase&_N-terminal&Glutathione_S-transferase&_N-terminal&Glutathione_S-transferase&_N-terminal&Glutathione_S-transferase&_N-terminal","0.00289101","gnomad_AF_amr_pass"","80.25458398176973","0.5021337996066232","94.8","0.1"
"6:45917063:A>G","NM_016929.5:c.229T>C","NP_058625.2:p.Phe77Leu","Unknown significance","null","missense_variant","3/6","null","77","MODERATE","26.2","Glutathione_S-transferase&_N-terminal&Glutathione_S-transferase&_N-terminal&Glutathione_S-transferase&_N-terminal&Glutathione_S-transferase&_N-terminal","0","null"","21.543747415475934","0.09377023626892775","96.09","0.1"
"6:45917070:G>C","NM_016929.5:c.222C>G","NP_058625.2:p.Phe74Leu","Unknown significance","null","missense_variant","3/6","null","74","MODERATE","26.8","Glutathione_S-transferase&_N-terminal&Glutathione_S-transferase&_N-terminal&Glutathione_S-transferase&_N-terminal&Glutathione_S-transferase&_N-terminal","0.00653296","gnomad_AF_sas_pass"","0.0","0.0","95.13","0.1"
"6:45917077:G>A","NM_016929.5:c.215C>T","NP_058625.2:p.Pro72Leu","Unknown significance","null","missense_variant","3/6","null","72","MODERATE","25.7","Glutathione_S-transferase&_N-terminal&Glutathione_S-transferase&_N-terminal&Glutathione_S-transferase&_N-terminal&Glutathione_S-transferase&_N-terminal","0.00528225","gnomad_AF_nfe_pass"","9.658840068513431","0.06140389900880191","90.09","2.5"
"6:45917083:G>A","NM_016929.5:c.209C>T","NP_058625.2:p.Thr70Met","Unknown significance","null","missense_variant","3/6","null","70","MODERATE","29.2","Glutathione_S-transferase&_N-terminal&Glutathione_S-transferase&_N-terminal&Glutathione_S-transferase&_N-terminal&Glutathione_S-transferase&_N-terminal","0.0881057","gnomad_AF_afr_pass"","16.795932985916327","0.10675092319588934","83.42","0.6"
"6:45917087:C>T","NM_016929.5:c.205G>A","NP_058625.2:p.Gly69Ser","Unknown significance","null","missense_variant","3/6","null","69","MODERATE","29.4","Glutathione_S-transferase&_N-terminal&Glutathione_S-transferase&_N-terminal&Glutathione_S-transferase&_N-terminal&Glutathione_S-transferase&_N-terminal","0.00326776","gnomad_AF_sas_pass"","67.38729331914257","0.7067644206094802","79.97","0.2"
"6:45917101:T>C","NM_016929.5:c.191A>G","NP_058625.2:p.His64Arg","Unknown significance","null","missense_variant","3/6","null","64","MODERATE","24.4","Glutathione_S-transferase&_N-terminal&Glutathione_S-transferase&_N-terminal&Glutathione_S-transferase&_N-terminal&Glutathione_S-transferase&_N-terminal","0.00615309","gnomad_AF_afr_pass"","129.7339698530343","0.6316090775071785","76.51","0.1"
"6:45917104:A>G","NM_016929.5:c.188T>C","NP_058625.2:p.Leu63Pro","Unknown significance","null","missense_variant","3/6","null","63","MODERATE","32","Glutathione_S-transferase&_N-terminal&Glutathione_S-transferase&_N-terminal&Glutathione_S-transferase&_N-terminal&Glutathione_S-transferase&_N-terminal","0","null"","11.894579040161936","0.06167748600909591","77.2","2.1"
"6:45917113:G>A","NM_016929.5:c.179C>T","NP_058625.2:p.Pro60Leu","Unknown significance","null","missense_variant","3/6","null","60","MODERATE","27.4","Glutathione_S-transferase&_N-terminal&Glutathione_S-transferase&_N-terminal&Glutathione_S-transferase&_N-terminal&Glutathione_S-transferase&_N-terminal","0.00615536","gnomad_AF_afr_pass"","48.49925932323705","0.308323111301302","71.18","0.2"
"6:45922882:C>T","NM_016929.5:c.163G>A","NP_058625.2:p.Asp55Asn","Unknown significance","null","missense_variant","2/6","null","55","MODERATE","31","Glutathione_S-transferase&_N-terminal&Glutathione_S-transferase&_N-terminal&Glutathione_S-transferase&_N-terminal&Glutathione_S-transferase&_N-terminal","0","null"","6.19953885228465","0.038752000578852","87.92","0.3"
"6:45922887:G>C","NM_016929.5:c.158C>G","NP_058625.2:p.Thr53Ser","Unknown significance","null","missense_variant","2/6","null","53","MODERATE","27.1","Glutathione_S-transferase&_N-terminal&Glutathione_S-transferase&_N-terminal&Glutathione_S-transferase&_N-terminal&Glutathione_S-transferase&_N-terminal","0.00352715","gnomad_AF_nfe_pass"","40.678079311601145","0.2585401194438096","93.12","0.4"
"6:45922888:T>C","NM_016929.5:c.157A>G","NP_058625.2:p.Thr53Ala","Unknown significance","null","missense_variant","2/6","null","53","MODERATE","26.3","Glutathione_S-transferase&_N-terminal&Glutathione_S-transferase&_N-terminal&Glutathione_S-transferase&_N-terminal&Glutathione_S-transferase&_N-terminal","0.000881912","gnomad_AF_nfe_pass"","40.678079311601145","0.2585401194438096","93.12","0.1"
"6:45922891:T>A","NM_016929.5:c.154A>T","NP_058625.2:p.Thr52Ser","Unknown significance","null","missense_variant","2/6","null","52","MODERATE","24.3","Glutathione_S-transferase&_N-terminal&Glutathione_S-transferase&_N-terminal&Glutathione_S-transferase&_N-terminal&Glutathione_S-transferase&_N-terminal","0.00615309","gnomad_AF_afr_pass"","60.31085865553406","0.383321357950977","93.73","0.5"
"6:45922896:T>C","NM_016929.5:c.149A>G","NP_058625.2:p.Asn50Ser","Unknown significance","null","missense_variant","2/6","null","50","MODERATE","22.5","Glutathione_S-transferase&_N-terminal&Glutathione_S-transferase&_N-terminal&Glutathione_S-transferase&_N-terminal&Glutathione_S-transferase&_N-terminal","0.0035264","gnomad_AF_nfe_pass"","105.3697809794657","0.6592735998601095","96.8","0.0"
"6:45922903:C>G","NM_016929.5:c.142G>C","NP_058625.2:p.Val48Leu","Unknown significance","null","missense_variant","2/6","null","48","MODERATE","24.3","Glutathione_S-transferase&_N-terminal&Glutathione_S-transferase&_N-terminal&Glutathione_S-transferase&_N-terminal&Glutathione_S-transferase&_N-terminal","0.000881632","gnomad_AF_nfe_pass"","94.9832228286657","0.5525746517898099","95.0","0.0"
"6:45922903:C>T","NM_016929.5:c.142G>A","NP_058625.2:p.Val48Met","Unknown significance","null","missense_variant","2/6","null","48","MODERATE","27.8","Glutathione_S-transferase&_N-terminal&Glutathione_S-transferase&_N-terminal&Glutathione_S-transferase&_N-terminal&Glutathione_S-transferase&_N-terminal","0.0636648","gnomad_AF_amr_pass"","94.9832228286657","0.5525746517898099","95.0","0.0"
"6:45922906:C>T","NM_016929.5:c.139G>A","NP_058625.2:p.Val47Ile","Unknown significance","null","missense_variant","2/6","null","47","MODERATE","24.3","Glutathione_S-transferase&_N-terminal&Glutathione_S-transferase&_N-terminal&Glutathione_S-transferase&_N-terminal&Glutathione_S-transferase&_N-terminal","0.00400545","gnomad_AF_afr_pass"","8.19672182179832","0.04768527084691857","95.15","0.4"
"6:45922924:T>A","NM_016929.5:c.121A>T","NP_058625.2:p.Ile41Phe","Unknown significance","null","missense_variant","2/6","null","41","MODERATE","28.3","Glutathione_S-transferase&_N-terminal&Glutathione_S-transferase&_N-terminal&Glutathione_S-transferase&_N-terminal&Glutathione_S-transferase&_N-terminal","0.00543149","gnomad_AF_nfe_pass"","0.0","0.0","98.31","0.2"
"6:45922925:C>G","NM_016929.5:c.120G>C","NP_058625.2:p.Met40Ile","Unknown significance","null","missense_variant","2/6","null","40","MODERATE","27.2","Glutathione_S-transferase&_N-terminal&Glutathione_S-transferase&_N-terminal&Glutathione_S-transferase&_N-terminal&Glutathione_S-transferase&_N-terminal","0.00544307","gnomad_AF_eas_pass"","0.0","0.0","98.4","0.9"
"6:45922935:C>T","NM_016929.5:c.110G>A","NP_058625.2:p.Arg37His","Unknown significance","null","missense_variant","2/6","null","37","MODERATE","31","Glutathione_S-transferase&_N-terminal&Glutathione_S-transferase&_N-terminal&Glutathione_S-transferase&_N-terminal&Glutathione_S-transferase&_N-terminal","0.00529091","gnomad_AF_nfe_pass"","17.04236888344793","0.06325445744033632","97.84","0.4"
"6:45922936:G>A","NM_016929.5:c.109C>T","NP_058625.2:p.Arg37Cys","Unknown significance","null","missense_variant","2/6","null","37","MODERATE","32","Glutathione_S-transferase&_N-terminal&Glutathione_S-transferase&_N-terminal&Glutathione_S-transferase&_N-terminal&Glutathione_S-transferase&_N-terminal","0.0114758","gnomad_AF_afr_pass"","17.04236888344793","0.06325445744033632","97.84","0.5"
"6:45922941:G>A","NM_016929.5:c.104C>T","NP_058625.2:p.Ser35Phe","Unknown significance","null","missense_variant","2/6","null","35","MODERATE","29.8","Glutathione_S-transferase&_N-terminal&Glutathione_S-transferase&_N-terminal&Glutathione_S-transferase&_N-terminal&Glutathione_S-transferase&_N-terminal","0","null"","0.0","0.0","96.22","1.4"
"6:45922948:G>A","NM_016929.5:c.97C>T","NP_058625.2:p.Pro33Ser","Unknown significance","null","missense_variant","2/6","null","33","MODERATE","27.8","Glutathione_S-transferase&_N-terminal&Glutathione_S-transferase&_N-terminal&Glutathione_S-transferase&_N-terminal&Glutathione_S-transferase&_N-terminal","0","null"","5.628122176092038","0.035779518374729924","95.0","1.3"
"6:45922957:C>T","NM_016929.5:c.88G>A","NP_058625.2:p.Gly30Ser","Unknown significance","null","missense_variant","2/6","null","30","MODERATE","29.8","null","0.00326755","gnomad_AF_sas_pass"","0.0","0.0","91.81","0.8"
"6:45922962:C>A","NM_016929.5:c.83G>T","NP_058625.2:p.Ser28Ile","Unknown significance","null","missense_variant","2/6","null","28","MODERATE","31","null","0.000883548","gnomad_AF_nfe_pass"","54.9468091323815","0.398433215469399","93.27","0.3"
"6:45922962:C>T","NM_016929.5:c.83G>A","NP_058625.2:p.Ser28Asn","Unknown significance","null","missense_variant","2/6","null","28","MODERATE","25.5","null","0.00289687","gnomad_AF_amr_pass"","54.9468091323815","0.398433215469399","93.27","0.1"
"6:45922963:T>C","NM_016929.5:c.82A>G","NP_058625.2:p.Ser28Gly","Unknown significance","null","missense_variant","2/6","null","28","MODERATE","24.4","null","0.0114758","gnomad_AF_afr_pass"","54.9468091323815","0.398433215469399","93.27","0.4"
"6:45922969:C>T","NM_016929.5:c.76G>A","NP_058625.2:p.Gly26Arg","Unknown significance","null","missense_variant","2/6","null","26","MODERATE","32","null","0.000884345","gnomad_AF_nfe_pass"","3.7840173721123347","0.03968713853680584","88.22","1.2"
"6:45922972:C>T","NM_016929.5:c.73G>A","NP_058625.2:p.Asp25Asn","Unknown significance","null","missense_variant","2/6","null","25","MODERATE","31","null","0.0367959","gnomad_AF_amr_pass"","74.18386715689964","0.4637075968878306","89.91","0.0"
"6:45922980:G>T","NM_016929.5:c.65C>A","NP_058625.2:p.Ala22Asp","Unknown significance","null","missense_variant&splice_region_variant","2/6","null","22","MODERATE","32","null","0.00290309","gnomad_AF_amr_pass"","3.684567802969798","0.02897613386428502","92.72","1.2"
"6:45983222:C>T","NM_016929.5:c.58G>A","NP_058625.2:p.Val20Met","Unknown significance","null","missense_variant","1/6","null","20","MODERATE","20.6","null","0.00407299","gnomad_AF_amr_pass"","0.0","0.0","95.25","0.6"
"6:45983224:A>G","NM_016929.5:c.56T>C","NP_058625.2:p.Phe19Ser","Unknown significance","null","missense_variant","1/6","null","19","MODERATE","21.9","null","0","null"","9.274575603975086","0.04036805338026029","95.34","4.1"
"6:45983239:G>A","NM_016929.5:c.41C>T","NP_058625.2:p.Pro14Leu","Unknown significance","null","missense_variant","1/6","null","14","MODERATE","22.0","null","0.0100241","gnomad_AF_afr_pass"","15.481467182198058","0.09841993869043104","90.91","0.5"
"6:45983241:G>T","NM_016929.5:c.39C>A","NP_058625.2:p.Asp13Glu","Unknown significance","null","missense_variant","1/6","null","13","MODERATE","21.1","null","0.11206","gnomad_AF_afr_pass"","70.5312735274571","0.4408760099238573","84.19","0.1"
"6:45983243:C>T","NM_016929.5:c.37G>A","NP_058625.2:p.Asp13Asn","Unknown significance","null","missense_variant","1/6","null","13","MODERATE","22.1","null","0.00708918","gnomad_AF_amr_pass"","70.5312735274571","0.4408760099238573","84.19","0.2"
"6:45983248:T>C","NM_016929.5:c.32A>G","NP_058625.2:p.Asp11Gly","Unknown significance","null","missense_variant","1/6","null","11","MODERATE","20.9","null","0","null"","153.4934487134118","0.9594549457819923","62.64","0.1"
"6:45983248:T>G","NM_016929.5:c.32A>C","NP_058625.2:p.Asp11Ala","Unknown significance","null","missense_variant","1/6","null","11","MODERATE","20.7","null","0.00245321","gnomad_AF_nfe_pass"","153.4934487134118","0.9594549457819923","62.64","0.1"
"6:45983249:C>T","NM_016929.5:c.31G>A","NP_058625.2:p.Asp11Asn","Unknown significance","null","missense_variant","1/6","null","11","MODERATE","21.3","null","0.0363788","gnomad_AF_afr_pass"","153.4934487134118","0.9594549457819923","62.64","0.1"
"6:45983252:C>T","NM_016929.5:c.28G>A","NP_058625.2:p.Asp10Asn","Likely benign","null","missense_variant","1/6","null","10","MODERATE","22.0","null","0.0102354","gnomad_AF_afr_pass"","104.43123096033383","0.6527774434599625","53.95","0.1"
"6:45983256:G>C","NM_016929.5:c.24C>G","NP_058625.2:p.Asn8Lys","Unknown significance","null","missense_variant","1/6","null","8","MODERATE","20.5","null","0.00342302","gnomad_AF_amr_pass"","153.89039179224318","0.9628554945988391","40.89","0.1"