{"applied_filters": "CONTAINS missense_variant[Consequence]"},,"Surface Area","Normalized SA","Confidence Score","|ddG|""Genomic Description (GRCh37)","HGVS Nucleotide Change","HGVS Protein Change","Variant Classification","Phenotype","Consequence","Exon","Intron","Protein Position","Impact","CADD Phred","Interpro Domain","Max MAF (%)","Max MAF Source","Surface Area","Normalized SA","Confidence Score","|ddG|"
"8:102505016:A>C","NM_024915.4:c.19A>C","NP_079191.2:p.Asn7His","Unknown significance","null","missense_variant&splice_region_variant","1/16","null","7","MODERATE","28.2","null","0.000898037","gnomad_AF_nfe_pass"","112.2357523575732","0.7022323459531998","36.51","0.0"
"8:102555470:A>G","NM_024915.4:c.22A>G","NP_079191.2:p.Asn8Asp","Unknown significance","null","missense_variant&splice_region_variant","2/16","null","8","MODERATE","23.2","null","0.00289235","gnomad_AF_amr_pass"","87.93313987538342","0.5501766932963831","35.56","0.1"
"8:102555474:A>G","NM_024915.4:c.26A>G","NP_079191.2:p.Lys9Arg","Benign","null","missense_variant","2/16","null","9","MODERATE","23.7","null","6.72248","gnomad_AF_eas_pass"","212.7743475205858","0.898863993468365","38.43","0.2"
"8:102555474:A>T","NM_024915.4:c.26A>T","NP_079191.2:p.Lys9Ile","Unknown significance","null","missense_variant","2/16","null","9","MODERATE","26.9","null","0","null"","212.7743475205858","0.898863993468365","38.43","0.0"
"8:102555477:G>C","NM_024915.4:c.29G>C","NP_079191.2:p.Arg10Thr","Unknown significance","null","missense_variant","2/16","null","10","MODERATE","26.8","null","0.00615233","gnomad_AF_afr_pass"","218.4124089611107","0.8106595111017695","30.41","0.3"
"8:102555479:C>G","NM_024915.4:c.31C>G","NP_079191.2:p.Leu11Val","Unknown significance","null","missense_variant","2/16","null","11","MODERATE","18.56","null","0.000879956","gnomad_AF_nfe_pass"","183.14926339414882","0.949691964081063","31.19","0.1"
"8:102555482:G>A","NM_024915.4:c.34G>A","NP_079191.2:p.Val12Met","Unknown significance","null","missense_variant","2/16","null","12","MODERATE","27.8","null","0","null"","133.30975953515426","0.7755432144916614","30.53","0.5"
"8:102555482:G>T","NM_024915.4:c.34G>T","NP_079191.2:p.Val12Leu","Unknown significance","Progressive sensorineural hearing impairment","missense_variant","2/16","null","12","MODERATE","24.3","null","0","null"","133.30975953515426","0.7755432144916614","30.53","0.3"
"8:102555483:T>C","NM_024915.4:c.35T>C","NP_079191.2:p.Val12Ala","Unknown significance","null","missense_variant","2/16","null","12","MODERATE","23.0","null","0.00543715","gnomad_AF_eas_pass"","133.30975953515426","0.7755432144916614","30.53","0.7"
"8:102555488:T>G","NM_024915.4:c.40T>G","NP_079191.2:p.Leu14Val","Unknown significance","null","missense_variant","2/16","null","14","MODERATE","16.20","null","0.000880096","gnomad_AF_nfe_pass"","180.10938750290495","0.9339291613691287","27.2","0.1"
"8:102555489:T>C","NM_024915.4:c.41T>C","NP_079191.2:p.Leu14Ser","Unknown significance","null","missense_variant","2/16","null","14","MODERATE","23.8","null","0","gnomad_AF_afr_pass,gnomad_AF_amr_pass,gnomad_AF_eas_pass,gnomad_AF_nfe_pass"","180.10938750290495","0.9339291613691287","27.2","0.5"
"8:102555497:A>G","NM_024915.4:c.49A>G","NP_079191.2:p.Met17Val","Unknown significance","null","missense_variant","2/16","null","17","MODERATE","19.31","null","0.000880282","gnomad_AF_nfe_pass"","152.7768298915814","0.7055585194452942","27.7","0.2"
"8:102555498:T>A","NM_024915.4:c.50T>A","NP_079191.2:p.Met17Lys","Unknown significance","null","missense_variant","2/16","null","17","MODERATE","23.3","null","0.0114732","gnomad_AF_afr_pass"","152.7768298915814","0.7055585194452942","27.7","0.9"
"8:102555498:T>G","NM_024915.4:c.50T>G","NP_079191.2:p.Met17Arg","Unknown significance","null","missense_variant","2/16","null","17","MODERATE","23.3","null","0.00326627","gnomad_AF_sas_pass"","152.7768298915814","0.7055585194452942","27.7","0.6"
"8:102555500:C>G","NM_024915.4:c.52C>G","NP_079191.2:p.Pro18Ala","Unknown significance","null","missense_variant","2/16","null","18","MODERATE","20.9","null","0.00326627","gnomad_AF_sas_pass"","128.9054834285123","0.8194875606158972","33.97","0.2"
"8:102555503:A>G","NM_024915.4:c.55A>G","NP_079191.2:p.Ser19Gly","Unknown significance","null","missense_variant","2/16","null","19","MODERATE","21.9","null","0.00176059","gnomad_AF_nfe_pass"","137.42252803297947","0.9964855209371192","34.5","0.1"
"8:102555506:G>A","NM_024915.4:c.58G>A","NP_079191.2:p.Asp20Asn","Unknown significance","null","missense_variant","2/16","null","20","MODERATE","24.7","null","0.000880452","gnomad_AF_nfe_pass"","103.46922650337712","0.6467641579300062","33.69","0.0"
"8:102555507:A>C","NM_024915.4:c.59A>C","NP_079191.2:p.Asp20Ala","Unknown significance","null","missense_variant","2/16","null","20","MODERATE","24.4","null","0","null"","103.46922650337712","0.6467641579300062","33.69","0.3"
"8:102555509:C>A","NM_024915.4:c.61C>A","NP_079191.2:p.Pro21Thr","Unknown significance","null","missense_variant","2/16","null","21","MODERATE","16.51","null","0.00289302","gnomad_AF_amr_pass"","144.83622031052334","0.920763630174978","36.05","0.1"
"8:102555513:C>T","NM_024915.4:c.65C>T","NP_079191.2:p.Pro22Leu","Unknown significance","null","missense_variant","2/16","null","22","MODERATE","22.1","null","0","gnomad_AF_afr_pass,gnomad_AF_amr_pass,gnomad_AF_eas_pass,gnomad_AF_nfe_pass,gnomad_AF_sas_pass"","93.49814923918127","0.5943934129428217","42.12","0.5"
"8:102555517:C>G","NM_024915.4:c.69C>G","NP_079191.2:p.Phe23Leu","Unknown significance","null","missense_variant","2/16","null","23","MODERATE","22.0","null","0.00704436","gnomad_AF_nfe_pass"","170.0319472524264","0.7400725398252939","40.12","0.2"
"8:102555519:A>G","NM_024915.4:c.71A>G","NP_079191.2:p.Asn24Ser","Unknown significance","null","missense_variant","2/16","null","24","MODERATE","18.44","null","0.000880638","gnomad_AF_nfe_pass"","127.25284194516252","0.7961906954894975","39.1","0.0"
"8:102555525:G>A","NM_024915.4:c.77G>A","NP_079191.2:p.Arg26Gln","Unknown significance","null","missense_variant","2/16","null","26","MODERATE","31","null","0.00578637","gnomad_AF_amr_pass"","271.8930130130154","1.0091581245292869","45.32","0.1"
"8:102555528:G>A","NM_024915.4:c.80G>A","NP_079191.2:p.Arg27Lys","Unknown significance","null","missense_variant","2/16","null","27","MODERATE","23.4","null","0.000880576","gnomad_AF_nfe_pass"","142.25557370733938","0.5279957964917041","60.38","0.6"
"8:102555529:A>T","NM_024915.4:c.81A>T","NP_079191.2:p.Arg27Ser","Unknown significance","null","missense_variant","2/16","null","27","MODERATE","24.6","null","0.000880592","gnomad_AF_nfe_pass"","142.25557370733938","0.5279957964917041","60.38","0.7"
"8:102555531:C>G","NM_024915.4:c.83C>G","NP_079191.2:p.Ala28Gly","Unknown significance","null","missense_variant","2/16","null","28","MODERATE","23.0","null","0.0902346","gnomad_AF_eas_pass"","88.03990242779348","0.6923623433093453","59.94","0.4"
"8:102555531:C>T","NM_024915.4:c.83C>T","NP_079191.2:p.Ala28Val","Unknown significance","null","missense_variant","2/16","null","28","MODERATE","23.1","null","0.00176131","gnomad_AF_nfe_pass"","88.03990242779348","0.6923623433093453","59.94","0.0"
"8:102555552:C>T","NM_024915.4:c.104C>T","NP_079191.2:p.Ala35Val","Unknown significance","null","missense_variant","2/16","null","35","MODERATE","28.3","null","0","null"","33.327539075511616","0.26209403253234964","79.79","0.4"
"8:102555641:G>A","NM_024915.4:c.193G>A","NP_079191.2:p.Gly65Ser","Unknown significance","null","missense_variant","2/16","null","65","MODERATE","24.2","null","0.0160256","gnomad_AF_afr_pass"","2.708301032636615","0.028404921994748387","89.72","0.6"
"8:102555651:A>G","NM_024915.4:c.203A>G","NP_079191.2:p.Tyr68Cys","Unknown significance","null","missense_variant","2/16","null","68","MODERATE","27.7","null","0","gnomad_AF_afr_pass,gnomad_AF_amr_pass,gnomad_AF_eas_pass,gnomad_AF_nfe_pass,gnomad_AF_sas_pass"","4.270697020664734","0.017801118764288523","91.32","3.5"
"8:102555662:A>G","NM_024915.4:c.214A>G","NP_079191.2:p.Lys72Glu","Unknown significance","null","missense_variant&splice_region_variant","2/16","null","72","MODERATE","31","null","0.000883158","gnomad_AF_nfe_pass"","141.66250035740813","0.5984524087597258","86.38","0.2"
"8:102564943:G>A","NM_024915.4:c.217G>A","NP_079191.2:p.Val73Ile","Unknown significance","null","missense_variant&splice_region_variant","3/16","null","73","MODERATE","23.5","null","0","null"","7.257476352972765","0.04222111388924579","82.97","0.6"
"8:102564954:C>G","NM_024915.4:c.228C>G","NP_079191.2:p.Asp76Glu","Unknown significance","null","missense_variant","3/16","null","76","MODERATE","15.81","null","0.00615233","gnomad_AF_afr_pass"","73.3110550446328","0.4582518337600087","53.21","0.1"
"8:102564959:G>A","NM_024915.4:c.233G>A","NP_079191.2:p.Arg78Lys","Unknown significance","null","missense_variant","3/16","null","78","MODERATE","22.9","null","0.00615233","gnomad_AF_afr_pass"","187.00529858118907","0.6940888782022444","37.24","0.4"
"8:102564970:G>A","NM_024915.4:c.244G>A","NP_079191.2:p.Val82Ile","Likely benign","null","missense_variant","3/16","null","82","MODERATE","14.38","null","0.00175892","gnomad_AF_nfe_pass"","135.7521743547729","0.7897522134946909","30.65","0.0"
"8:102564974:G>T","NM_024915.4:c.248G>T","NP_079191.2:p.Ser83Ile","Unknown significance","null","missense_variant","3/16","null","83","MODERATE","20.3","null","0.00544544","gnomad_AF_eas_pass"","115.73189996988272","0.8392012887643483","27.1","0.0"
"8:102564980:C>T","NM_024915.4:c.254C>T","NP_079191.2:p.Ala85Val","Unknown significance","null","missense_variant","3/16","null","85","MODERATE","23.3","null","0.00544544","gnomad_AF_eas_pass"","114.77350161376015","0.9026003929558593","29.83","0.1"
"8:102564985:G>T","NM_024915.4:c.259G>T","NP_079191.2:p.Asp87Tyr","Unknown significance","null","missense_variant","3/16","null","87","MODERATE","23.6","null","0.00289218","gnomad_AF_amr_pass"","131.562259268781","0.8223677387649656","28.26","0.3"
"8:102564987:C>G","NM_024915.4:c.261C>G","NP_079191.2:p.Asp87Glu","Unknown significance","null","missense_variant","3/16","null","87","MODERATE","15.25","null","0.00175932","gnomad_AF_nfe_pass"","131.562259268781","0.8223677387649656","28.26","0.0"
"8:102564990:C>A","NM_024915.4:c.264C>A","NP_079191.2:p.Ser88Arg","Likely benign","null","missense_variant","3/16","null","88","MODERATE","16.32","null","0","gnomad_AF_afr_pass,gnomad_AF_amr_pass,gnomad_AF_eas_pass,gnomad_AF_nfe_pass,gnomad_AF_sas_pass"","130.84858753012617","0.948816215035373","28.13","0.1"
"8:102564996:A>C","NM_024915.4:c.270A>C","NP_079191.2:p.Glu90Asp","Unknown significance","null","missense_variant","3/16","null","90","MODERATE","19.70","null","0.0123077","gnomad_AF_afr_pass"","163.35055371308906","0.8365333954065589","26.37","0.0"
"8:102570657:G>A","NM_024915.4:c.295G>A","NP_079191.2:p.Gly99Ser","Likely benign","null","missense_variant","4/16","null","99","MODERATE","19.86","null","0","null"","85.37085498153058","0.8953777468432255","21.59","0.1"
"8:102570660:A>G","NM_024915.4:c.298A>G","NP_079191.2:p.Thr100Ala","Likely benign","null","missense_variant","4/16","null","100","MODERATE","0.057","null","0.00326627","gnomad_AF_sas_pass"","122.01089631831648","0.7754720046132426","29.99","0.1"
"8:102570663:A>G","NM_024915.4:c.301A>G","NP_079191.2:p.Ser101Gly","Likely benign","null","missense_variant","4/16","null","101","MODERATE","9.900","null","0.00289101","gnomad_AF_amr_pass"","123.22243122272965","0.8935170261069013","21.87","0.1"
"8:102570665:T>A","NM_024915.4:c.303T>A","NP_079191.2:p.Ser101Arg","Likely benign","null","missense_variant","4/16","null","101","MODERATE","10.69","null","0.0271887","gnomad_AF_eas_pass"","123.22243122272965","0.8935170261069013","21.87","0.0"
"8:102570679:A>G","NM_024915.4:c.317A>G","NP_079191.2:p.Asn106Ser","Likely benign","null","missense_variant","4/16","null","106","MODERATE","5.353","null","0.00326627","gnomad_AF_sas_pass"","110.62350486605834","0.692144897752054","23.08","0.0"
"8:102570681:T>A","NM_024915.4:c.319T>A","NP_079191.2:p.Leu107Met","Unknown significance","null","missense_variant","4/16","null","107","MODERATE","0.387","null","0.00175864","gnomad_AF_nfe_pass"","189.94756288000164","0.9849434866451288","30.94","0.0"
"8:102570683:G>C","NM_024915.4:c.321G>C","NP_079191.2:p.Leu107Phe","Likely benign","null","missense_variant","4/16","null","107","MODERATE","19.14","null","0.0017588","gnomad_AF_nfe_pass"","189.94756288000164","0.9849434866451288","30.94","0.0"
"8:102570688:G>A","NM_024915.4:c.326G>A","NP_079191.2:p.Gly109Glu","Likely benign","null","missense_variant","4/16","null","109","MODERATE","16.61","null","0.00263773","gnomad_AF_nfe_pass"","86.61743705917493","0.9084520196987312","24.33","0.0"
"8:102570700:G>A","NM_024915.4:c.338G>A","NP_079191.2:p.Arg113Gln","Unknown significance","null","missense_variant","4/16","null","113","MODERATE","22.7","null","0.00615157","gnomad_AF_afr_pass"","204.26953793811393","0.758166830106161","30.0","0.2"
"8:102570700:G>C","NM_024915.4:c.338G>C","NP_079191.2:p.Arg113Pro","Unknown significance","null","missense_variant","4/16","null","113","MODERATE","22.6","null","0","null"","204.26953793811393","0.758166830106161","30.0","0.4"
"8:102570703:T>C","NM_024915.4:c.341T>C","NP_079191.2:p.Val114Ala","Unknown significance","null","missense_variant","4/16","null","114","MODERATE","22.3","null","0.000879183","gnomad_AF_nfe_pass"","154.3205076042319","0.8977753987907409","27.67","0.2"
"8:102570720:G>A","NM_024915.4:c.358G>A","NP_079191.2:p.Val120Ile","Unknown significance","null","missense_variant","4/16","null","120","MODERATE","22.4","null","0.00543715","gnomad_AF_eas_pass"","74.68213896615529","0.43447101188155346","30.32","0.1"
"8:102570723:C>G","NM_024915.4:c.361C>G","NP_079191.2:p.Pro121Ala","Unknown significance","null","missense_variant","4/16","null","121","MODERATE","22.0","null","0.000879167","gnomad_AF_nfe_pass"","86.26939029575077","0.5484382070409918","31.3","0.5"
"8:102570730:A>G","NM_024915.4:c.368A>G","NP_079191.2:p.Asn123Ser","Unknown significance","null","missense_variant","4/16","null","123","MODERATE","24.9","null","0","null"","72.53753069518022","0.45385003690663595","29.73","0.3"
"8:102570732:C>G","NM_024915.4:c.370C>G","NP_079191.2:p.Leu124Val","Unknown significance","null","missense_variant","4/16","null","124","MODERATE","18.87","null","0","gnomad_AF_afr_pass,gnomad_AF_amr_pass,gnomad_AF_eas_pass,gnomad_AF_nfe_pass,gnomad_AF_sas_pass"","58.57751199160795","0.3037445599471051","36.37","0.4"
"8:102570735:T>G","NM_024915.4:c.373T>G","NP_079191.2:p.Ser125Ala","Likely benign","null","missense_variant","4/16","null","125","MODERATE","21.4","null","0.00400577","gnomad_AF_afr_pass"","15.229747520423564","0.11043475264832847","29.9","0.2"
"8:102570738:C>G","NM_024915.4:c.376C>G","NP_079191.2:p.Leu126Val","Unknown significance","null","missense_variant","4/16","null","126","MODERATE","18.59","null","0.00326648","gnomad_AF_sas_pass"","131.17020684851636","0.6801626665721363","29.71","0.2"
"8:102570747:G>A","NM_024915.4:c.385G>A","NP_079191.2:p.Asp129Asn","Unknown significance","null","missense_variant","4/16","null","129","MODERATE","23.1","null","0","null"","153.4558331657888","0.9592198189833718","28.38","0.0"
"8:102570751:A>C","NM_024915.4:c.389A>C","NP_079191.2:p.His130Pro","Unknown significance","null","missense_variant","4/16","null","130","MODERATE","17.40","null","0","gnomad_AF_afr_pass,gnomad_AF_amr_pass,gnomad_AF_eas_pass,gnomad_AF_nfe_pass,gnomad_AF_sas_pass"","136.74485045016803","0.6657415089087992","32.52","0.5"
"8:102570758:G>T","NM_024915.4:c.396G>T","NP_079191.2:p.Glu132Asp","Likely benign","null","missense_variant","4/16","null","132","MODERATE","18.10","null","0.00326627","gnomad_AF_sas_pass"","150.34366214699446","0.7699238926032747","28.29","0.0"
"8:102570768:C>T","NM_024915.4:c.406C>T","NP_079191.2:p.Arg136Trp","Unknown significance","null","missense_variant","4/16","null","136","MODERATE","25.8","null","0.00543656","gnomad_AF_eas_pass"","223.20037475094364","0.8284305252342543","28.12","0.0"
"8:102570771:G>A","NM_024915.4:c.409G>A","NP_079191.2:p.Glu137Lys","Unknown significance","null","missense_variant","4/16","null","137","MODERATE","21.8","null","0","gnomad_AF_afr_pass,gnomad_AF_amr_pass,gnomad_AF_eas_pass,gnomad_AF_nfe_pass,gnomad_AF_sas_pass"","104.22308161910908","0.5337361053559878","27.25","0.4"
"8:102570771:G>C","NM_024915.4:c.409G>C","NP_079191.2:p.Glu137Gln","Unknown significance","null","missense_variant","4/16","null","137","MODERATE","21.1","null","0","gnomad_AF_afr_pass,gnomad_AF_amr_pass,gnomad_AF_eas_pass,gnomad_AF_nfe_pass,gnomad_AF_sas_pass"","104.22308161910908","0.5337361053559878","27.25","0.0"
"8:102570774:C>G","NM_024915.4:c.412C>G","NP_079191.2:p.Gln138Glu","Likely benign","null","missense_variant","4/16","null","138","MODERATE","11.99","null","0.000879461","gnomad_AF_nfe_pass"","160.800097038508","0.8131414144025462","24.36","0.1"
"8:102570777:T>C","NM_024915.4:c.415T>C","NP_079191.2:p.Tyr139His","Unknown significance","null","missense_variant","4/16","null","139","MODERATE","20.5","null","0.00648593","gnomad_AF_nfe_pass"","206.1081625236984","0.8591000161380128","26.47","0.3"
"8:102570781:G>A","NM_024915.4:c.419G>A","NP_079191.2:p.Ser140Asn","Likely benign","null","missense_variant","4/16","null","140","MODERATE","12.58","null","0.00653253","gnomad_AF_sas_pass"","90.48584370909073","0.656135747148015","21.0","0.1"
"8:102570811:T>G","NM_024915.4:c.449T>G","NP_079191.2:p.Ile150Ser","Unknown significance","null","missense_variant","4/16","null","150","MODERATE","15.05","null","0","null"","176.83679448870978","0.901498513493103","22.67","0.3"
"8:102570816:G>A","NM_024915.4:c.454G>A","NP_079191.2:p.Val152Met","Likely benign","null","missense_variant","4/16","null","152","MODERATE","16.08","null","0.0797708","gnomad_AF_nfe_pass"","160.93942560141846","0.936281633877311","21.17","0.0"
"8:102570817:T>C","NM_024915.4:c.455T>C","NP_079191.2:p.Val152Ala","Likely benign","null","missense_variant","4/16","null","152","MODERATE","15.24","null","0.00326627","gnomad_AF_sas_pass"","160.93942560141846","0.936281633877311","21.17","0.1"
"8:102570819:T>A","NM_024915.4:c.457T>A","NP_079191.2:p.Ser153Thr","Unknown significance","null","missense_variant","4/16","null","153","MODERATE","12.03","null","0.00282199","gnomad_AF_amr_pass"","119.96818124092276","0.8699196361098098","24.03","0.1"
"8:102570820:C>T","NM_024915.4:c.458C>T","NP_079191.2:p.Ser153Leu","Unknown significance","null","missense_variant","4/16","null","153","MODERATE","21.5","null","0.00175917","gnomad_AF_nfe_pass"","119.96818124092276","0.8699196361098098","24.03","0.0"
"8:102570823:G>C","NM_024915.4:c.461G>C","NP_079191.2:p.Gly154Ala","Unknown significance","null","missense_variant","4/16","null","154","MODERATE","11.26","null","0.000879569","gnomad_AF_nfe_pass"","72.39452736353468","0.7592807733806273","25.64","0.2"
"8:102570823:G>T","NM_024915.4:c.461G>T","NP_079191.2:p.Gly154Val","Unknown significance","null","missense_variant","4/16","null","154","MODERATE","14.55","null","0.000879569","gnomad_AF_nfe_pass"","72.39452736353468","0.7592807733806273","25.64","0.3"
"8:102570828:A>G","NM_024915.4:c.466A>G","NP_079191.2:p.Thr156Ala","Likely benign","null","missense_variant","4/16","null","156","MODERATE","3.479","null","0.000879631","gnomad_AF_nfe_pass"","123.52414761425855","0.7850898670448591","25.88","0.1"
"8:102570829:C>A","NM_024915.4:c.467C>A","NP_079191.2:p.Thr156Lys","Likely benign","null","missense_variant","4/16","null","156","MODERATE","13.51","null","0","null"","123.52414761425855","0.7850898670448591","25.88","0.3"
"8:102570840:G>T","NM_024915.4:c.478G>T","NP_079191.2:p.Ala160Ser","Unknown significance","null","missense_variant","4/16","null","160","MODERATE","15.32","null","0.00289101","gnomad_AF_amr_pass"","89.80993933670814","0.7062822463102066","23.71","0.1"
"8:102570841:C>G","NM_024915.4:c.479C>G","NP_079191.2:p.Ala160Gly","Unknown significance","null","missense_variant","4/16","null","160","MODERATE","24.5","null","0.011489","gnomad_AF_afr_pass"","89.80993933670814","0.7062822463102066","23.71","0.4"
"8:102570843:G>A","NM_024915.4:c.481G>A","NP_079191.2:p.Glu161Lys","Unknown significance","null","missense_variant","4/16","null","161","MODERATE","24.6","null","0","gnomad_AF_afr_pass,gnomad_AF_amr_pass,gnomad_AF_eas_pass,gnomad_AF_nfe_pass,gnomad_AF_sas_pass"","144.67840256646207","0.7409115707896232","26.35","0.3"
"8:102570846:G>A","NM_024915.4:c.484G>A","NP_079191.2:p.Asp162Asn","Likely benign","null","missense_variant","4/16","null","162","MODERATE","21.5","null","0.00615157","gnomad_AF_afr_pass"","137.04105694063583","0.8566145393109271","23.24","0.1"
"8:102570862:T>A","NM_024915.4:c.500T>A","NP_079191.2:p.Phe167Tyr","Unknown significance","null","missense_variant","4/16","null","167","MODERATE","17.63","null","0.000879709","gnomad_AF_nfe_pass"","199.18154493755003","0.866947619140173","28.33","0.2"
"8:102570883:A>G","NM_024915.4:c.521A>G","NP_079191.2:p.Tyr174Cys","Unknown significance","null","missense_variant","4/16","null","174","MODERATE","22.6","null","0.00439862","gnomad_AF_nfe_pass"","176.3417370920322","0.7350276055377044","28.66","0.7"
"8:102570885:C>A","NM_024915.4:c.523C>A","NP_079191.2:p.Pro175Thr","Likely benign","null","missense_variant","4/16","null","175","MODERATE","10.86","null","0.00543951","gnomad_AF_eas_pass"","134.08166977098284","0.8523939987771327","30.79","0.1"
"8:102570886:C>T","NM_024915.4:c.524C>T","NP_079191.2:p.Pro175Leu","Unknown significance","null","missense_variant","4/16","null","175","MODERATE","18.58","null","0","null"","134.08166977098284","0.8523939987771327","30.79","0.1"
"8:102570888:C>T","NM_024915.4:c.526C>T","NP_079191.2:p.Arg176Trp","Unknown significance","null","missense_variant","4/16","null","176","MODERATE","24.4","null","0.000879786","gnomad_AF_nfe_pass"","261.40619390941","0.9702352460720691","26.87","0.0"
"8:102570889:G>A","NM_024915.4:c.527G>A","NP_079191.2:p.Arg176Gln","Unknown significance","null","missense_variant","4/16","null","176","MODERATE","19.40","null","0.00578269","gnomad_AF_amr_pass"","261.40619390941","0.9702352460720691","26.87","0.1"
"8:102570891:G>A","NM_024915.4:c.529G>A","NP_079191.2:p.Gly177Arg","Unknown significance","null","missense_variant","4/16","null","177","MODERATE","20.6","null","0.0551489","gnomad_AF_eas_pass"","68.06670234910648","0.713890127931559","28.44","0.3"
"8:102570892:G>T","NM_024915.4:c.530G>T","NP_079191.2:p.Gly177Val","Unknown significance","null","missense_variant","4/16","null","177","MODERATE","16.99","null","0.0054401","gnomad_AF_eas_pass"","68.06670234910648","0.713890127931559","28.44","0.1"
"8:102570905:G>T","NM_024915.4:c.543G>T","NP_079191.2:p.Glu181Asp","Likely benign","null","missense_variant","4/16","null","181","MODERATE","14.12","null","0.000879972","gnomad_AF_nfe_pass"","138.6508795554556","0.7100440642175632","26.18","0.0"
"8:102570910:G>A","NM_024915.4:c.548G>A","NP_079191.2:p.Arg183Gln","Unknown significance","null","missense_variant","4/16","null","183","MODERATE","22.4","null","0.0371949","gnomad_AF_nfe_pass"","188.701233060147","0.7003835087230654","26.18","0.2"
"8:102570918:A>G","NM_024915.4:c.556A>G","NP_079191.2:p.Ile186Val","Unknown significance","null","missense_variant","4/16","null","186","MODERATE","12.14","null","0.000880034","gnomad_AF_nfe_pass"","137.9446608408095","0.703229817368351","31.81","0.0"
"8:102570920:C>G","NM_024915.4:c.558C>G","NP_079191.2:p.Ile186Met","Unknown significance","null","missense_variant","4/16","null","186","MODERATE","23.0","null","0.00326627","gnomad_AF_sas_pass"","137.9446608408095","0.703229817368351","31.81","0.2"
"8:102570928:A>G","NM_024915.4:c.566A>G","NP_079191.2:p.Gln189Arg","Unknown significance","null","missense_variant","4/16","null","189","MODERATE","18.18","null","0.00088008","gnomad_AF_nfe_pass"","127.0079634934298","0.6422597807929328","28.58","0.2"
"8:102570930:A>G","NM_024915.4:c.568A>G","NP_079191.2:p.Thr190Ala","Likely benign","null","missense_variant","4/16","null","190","MODERATE","11.47","null","0.000880142","gnomad_AF_nfe_pass"","115.99433485172686","0.7372321824157015","25.74","0.2"
"8:102570934:A>G","NM_024915.4:c.572A>G","NP_079191.2:p.Gln191Arg","Unknown significance","null","missense_variant","4/16","null","191","MODERATE","15.42","null","0.000880173","gnomad_AF_nfe_pass"","171.5120048000971","0.8673098881076475","23.68","0.1"
"8:102570937:A>G","NM_024915.4:c.575A>G","NP_079191.2:p.Tyr192Cys","Unknown significance","null","missense_variant","4/16","null","192","MODERATE","17.53","null","0.000880313","gnomad_AF_nfe_pass"","184.4747143373329","0.7689274802303652","30.27","0.4"
"8:102570942:G>A","NM_024915.4:c.580G>A","NP_079191.2:p.Val194Met","Likely benign","null","missense_variant","4/16","null","194","MODERATE","13.57","null","0.00400769","gnomad_AF_afr_pass"","136.26306028463458","0.7927243448500025","32.34","0.0"
"8:102570946:C>T","NM_024915.4:c.584C>T","NP_079191.2:p.Pro195Leu","Unknown significance","null","missense_variant","4/16","null","195","MODERATE","17.87","null","0.00289168","gnomad_AF_amr_pass"","144.3220238892008","0.9174947423062884","36.33","0.2"
"8:102570958:C>A","NM_024915.4:c.596C>A","NP_079191.2:p.Thr199Asn","Likely benign","null","missense_variant","4/16","null","199","MODERATE","7.949","null","0.00615536","gnomad_AF_afr_pass"","140.66698748201395","0.8940456472100148","28.33","0.1"
"8:102570958:C>T","NM_024915.4:c.596C>T","NP_079191.2:p.Thr199Ile","Likely benign","null","missense_variant","4/16","null","199","MODERATE","10.35","null","0.000881135","gnomad_AF_nfe_pass"","140.66698748201395","0.8940456472100148","28.33","0.0"
"8:102570966:G>T","NM_024915.4:c.604G>T","NP_079191.2:p.Ala202Ser","Likely benign","null","missense_variant","4/16","null","202","MODERATE","8.927","null","0.00326648","gnomad_AF_sas_pass"","108.62356269623098","0.8542361171816777","28.7","0.1"
"8:102570972:C>G","NM_024915.4:c.610C>G","NP_079191.2:p.Leu204Val","Likely benign","null","missense_variant","4/16","null","204","MODERATE","14.53","null","0","null"","177.5150653434943","0.9204767081003026","31.11","0.0"
"8:102570979:A>T","NM_024915.4:c.617A>T","NP_079191.2:p.Asp206Val","Unknown significance","null","missense_variant","4/16","null","206","MODERATE","23.3","null","0","null"","89.29320402143964","0.5581528523933993","32.8","0.2"
"8:102570980:C>A","NM_024915.4:c.618C>A","NP_079191.2:p.Asp206Glu","Likely benign","null","missense_variant","4/16","null","206","MODERATE","1.126","null","0.000881834","gnomad_AF_nfe_pass"","89.29320402143964","0.5581528523933993","32.8","0.1"
"8:102570987:C>T","NM_024915.4:c.625C>T","NP_079191.2:p.Arg209Cys","Unknown significance","null","missense_variant","4/16","null","209","MODERATE","25.1","null","0.0381471","gnomad_AF_eas_pass"","253.1010422001944","0.9394098444557283","34.95","0.3"
"8:102570993:A>C","NM_024915.4:c.631A>C","NP_079191.2:p.Thr211Pro","Unknown significance","null","missense_variant","4/16","null","211","MODERATE","20.8","null","0.0038835","gnomad_AF_nfe_pass"","107.9944129098455","0.6863865965523274","32.29","0.2"
"8:102570996:C>T","NM_024915.4:c.634C>T","NP_079191.2:p.Pro212Ser","Unknown significance","null","missense_variant","4/16","null","212","MODERATE","25.9","null","0","null"","148.85438421138673","0.9463082016369012","33.79","0.3"
"8:102570997:C>A","NM_024915.4:c.635C>A","NP_079191.2:p.Pro212Gln","Unknown significance","null","missense_variant","4/16","null","212","MODERATE","26.3","null","0.00326755","gnomad_AF_sas_pass"","148.85438421138673","0.9463082016369012","33.79","0.3"
"8:102570997:C>G","NM_024915.4:c.635C>G","NP_079191.2:p.Pro212Arg","Unknown significance","null","missense_variant","4/16","null","212","MODERATE","26.3","null","0.00648424","gnomad_AF_nfe_pass"","148.85438421138673","0.9463082016369012","33.79","0.2"
"8:102570999:G>A","NM_024915.4:c.637G>A","NP_079191.2:p.Asp213Asn","Unknown significance","null","missense_variant","4/16","null","213","MODERATE","28.5","null","0.0196027","gnomad_AF_sas_pass"","114.11018381595211","0.7132785219434656","29.11","0.1"
"8:102570999:G>C","NM_024915.4:c.637G>C","NP_079191.2:p.Asp213His","Unknown significance","null","missense_variant","4/16","null","213","MODERATE","27.6","null","0.00326712","gnomad_AF_sas_pass"","114.11018381595211","0.7132785219434656","29.11","0.1"
"8:102571001:C>G","NM_024915.4:c.639C>G","NP_079191.2:p.Asp213Glu","Unknown significance","null","missense_variant","4/16","null","213","MODERATE","23.5","null","0.00544722","gnomad_AF_eas_pass"","114.11018381595211","0.7132785219434656","29.11","0.2"
"8:102571003:G>A","NM_024915.4:c.641G>A","NP_079191.2:p.Ser214Asn","Unknown significance","null","missense_variant","4/16","null","214","MODERATE","26.5","null","0.0124405","gnomad_AF_nfe_pass"","124.05821395022954","0.8995774981308413","34.11","0.1"
"8:102571008:T>C","NM_024915.4:c.646T>C","NP_079191.2:p.Tyr216His","Unknown significance","null","missense_variant","4/16","null","216","MODERATE","27.4","null","0.00648256","gnomad_AF_nfe_pass"","185.09460380219448","0.7715113034169172","34.03","0.5"
"8:102571028:C>G","NM_024915.4:c.666C>G","NP_079191.2:p.Asp222Glu","Likely benign","null","missense_variant","4/16","null","222","MODERATE","13.81","null","0.0114784","gnomad_AF_afr_pass"","155.4402064171697","0.9716237146953622","29.38","0.0"
"8:102571029:G>T","NM_024915.4:c.667G>T","NP_079191.2:p.Ala223Ser","Unknown significance","null","missense_variant","4/16","null","223","MODERATE","20.4","null","0.000888873","gnomad_AF_nfe_pass"","97.21018709137233","0.7644791858251183","34.31","0.1"
"8:102571032:G>C","NM_024915.4:c.670G>C","NP_079191.2:p.Ala224Pro","Likely benign","null","missense_variant","4/16","null","224","MODERATE","10.23","null","0.00545732","gnomad_AF_eas_pass"","131.62403750804322","1.035116174959963","29.66","0.0"
"8:102571032:G>T","NM_024915.4:c.670G>T","NP_079191.2:p.Ala224Ser","Likely benign","null","missense_variant","4/16","null","224","MODERATE","4.751","null","0","null"","131.62403750804322","1.035116174959963","29.66","0.0"
"8:102571033:C>A","NM_024915.4:c.671C>A","NP_079191.2:p.Ala224Asp","Likely benign","null","missense_variant","4/16","null","224","MODERATE","13.71","null","0","null"","131.62403750804322","1.035116174959963","29.66","0.0"
"8:102571035:A>G","NM_024915.4:c.673A>G","NP_079191.2:p.Thr225Ala","Likely benign","null","missense_variant","4/16","null","225","MODERATE","0.043","null","0.0301689","gnomad_AF_eas_pass"","119.04674528036573","0.7566325712778855","35.96","0.2"
"8:102582573:C>T","NM_024915.4:c.685C>T","NP_079191.2:p.Arg229Trp","Unknown significance","null","missense_variant","5/16","null","229","MODERATE","27.8","CP2_transcription_factor&CP2_transcription_factor","0.011564","gnomad_AF_amr_pass"","236.742097803465","0.8786919853841085","28.48","0.1"
"8:102582574:G>A","NM_024915.4:c.686G>A","NP_079191.2:p.Arg229Gln","Unknown significance","null","missense_variant","5/16","null","229","MODERATE","28.9","CP2_transcription_factor&CP2_transcription_factor","0.00578168","gnomad_AF_amr_pass"","236.742097803465","0.8786919853841085","28.48","0.1"
"8:102582577:G>A","NM_024915.4:c.689G>A","NP_079191.2:p.Ser230Asn","Likely benign","null","missense_variant","5/16","null","230","MODERATE","22.4","CP2_transcription_factor&CP2_transcription_factor","0.172248","gnomad_AF_afr_pass"","88.63217824243554","0.6426943498413104","34.6","0.1"
"8:102582577:G>C","NM_024915.4:c.689G>C","NP_079191.2:p.Ser230Thr","Unknown significance","null","missense_variant","5/16","null","230","MODERATE","21.5","CP2_transcription_factor&CP2_transcription_factor","0.0163097","gnomad_AF_eas_pass"","88.63217824243554","0.6426943498413104","34.6","0.1"
"8:102582579:G>T","NM_024915.4:c.691G>T","NP_079191.2:p.Ala231Ser","Likely benign","null","missense_variant","5/16","null","231","MODERATE","16.58","CP2_transcription_factor&CP2_transcription_factor","0.00543656","gnomad_AF_eas_pass"","117.50077316893038","0.9240481691653712","32.94","0.0"
"8:102582585:G>T","NM_024915.4:c.697G>T","NP_079191.2:p.Val233Phe","Unknown significance","null","missense_variant","5/16","null","233","MODERATE","24.2","CP2_transcription_factor&CP2_transcription_factor","0.00464655","gnomad_AF_nfe_pass"","132.6439662790885","0.7716698938600991","36.46","0.1"
"8:102582586:T>C","NM_024915.4:c.698T>C","NP_079191.2:p.Val233Ala","Likely benign","null","missense_variant","5/16","null","233","MODERATE","21.1","CP2_transcription_factor&CP2_transcription_factor","0.000879569","gnomad_AF_nfe_pass"","132.6439662790885","0.7716698938600991","36.46","0.4"
"8:102582597:G>A","NM_024915.4:c.709G>A","NP_079191.2:p.Glu237Lys","Unknown significance","null","missense_variant","5/16","null","237","MODERATE","23.5","CP2_transcription_factor&CP2_transcription_factor","0.00439692","gnomad_AF_nfe_pass"","165.9923138129771","0.8500620948567638","34.45","0.0"
"8:102582603:A>C","NM_024915.4:c.715A>C","NP_079191.2:p.Met239Leu","Likely benign","null","missense_variant","5/16","null","239","MODERATE","17.75","CP2_transcription_factor&CP2_transcription_factor","0","null"","124.15444614729813","0.573373771850107","30.92","0.0"
"8:102582603:A>G","NM_024915.4:c.715A>G","NP_079191.2:p.Met239Val","Likely benign","null","missense_variant","5/16","null","239","MODERATE","17.14","CP2_transcription_factor&CP2_transcription_factor","0.000879415","gnomad_AF_nfe_pass"","124.15444614729813","0.573373771850107","30.92","0.1"
"8:102582610:A>T","NM_024915.4:c.722A>T","NP_079191.2:p.Asp241Val","Unknown significance","null","missense_variant","5/16","null","241","MODERATE","23.5","CP2_transcription_factor&CP2_transcription_factor","0.000879446","gnomad_AF_nfe_pass"","49.620558248907145","0.310167570169511","37.72","0.7"
"8:102582615:A>G","NM_024915.4:c.727A>G","NP_079191.2:p.Thr243Ala","Unknown significance","null","missense_variant","5/16","null","243","MODERATE","17.83","CP2_transcription_factor&CP2_transcription_factor","0.00542064","gnomad_AF_nfe_pass"","55.45287182618171","0.35244515837684887","41.92","0.5"
"8:102582615:A>T","NM_024915.4:c.727A>T","NP_079191.2:p.Thr243Ser","Unknown significance","null","missense_variant","5/16","null","243","MODERATE","17.49","CP2_transcription_factor&CP2_transcription_factor","0.00263829","gnomad_AF_nfe_pass"","55.45287182618171","0.35244515837684887","41.92","0.4"
"8:102582616:C>T","NM_024915.4:c.728C>T","NP_079191.2:p.Thr243Ile","Unknown significance","null","missense_variant","5/16","null","243","MODERATE","23.2","CP2_transcription_factor&CP2_transcription_factor","0.00801025","gnomad_AF_afr_pass"","55.45287182618171","0.35244515837684887","41.92","0.3"
"8:102582621:A>G","NM_024915.4:c.733A>G","NP_079191.2:p.Ser245Gly","Likely benign","null","missense_variant&splice_region_variant","5/16","null","245","MODERATE","22.5","CP2_transcription_factor&CP2_transcription_factor","0.000879446","gnomad_AF_nfe_pass"","21.469021564789006","0.15567730738343616","56.49","0.6"
"8:102585904:T>C","NM_024915.4:c.743T>C","NP_079191.2:p.Phe248Ser","Unknown significance","null","missense_variant","6/16","null","248","MODERATE","29.7","CP2_transcription_factor&CP2_transcription_factor","0.00289101","gnomad_AF_amr_pass"","3.3489242891947546","0.014576360174876552","94.36","5.2"
"8:102585907:A>C","NM_024915.4:c.746A>C","NP_079191.2:p.Gln249Pro","Unknown significance","null","missense_variant","6/16","null","249","MODERATE","26.2","CP2_transcription_factor&CP2_transcription_factor","0.00326627","gnomad_AF_sas_pass"","56.36796078014096","0.2850441274595412","95.46","0.9"
"8:102585910:A>G","NM_024915.4:c.749A>G","NP_079191.2:p.Tyr250Cys","Unknown significance","null","missense_variant","6/16","null","250","MODERATE","29.4","CP2_transcription_factor&CP2_transcription_factor","0.00326627","gnomad_AF_sas_pass"","0.0","0.0","97.42","3.1"
"8:102585912:A>C","NM_024915.4:c.751A>C","NP_079191.2:p.Thr251Pro","Unknown significance","null","missense_variant","6/16","null","251","MODERATE","28.3","CP2_transcription_factor&CP2_transcription_factor","0","null"","6.755320096242973","0.042935194928579834","96.91","1.3"
"8:102585913:C>T","NM_024915.4:c.752C>T","NP_079191.2:p.Thr251Ile","Unknown significance","null","missense_variant","6/16","null","251","MODERATE","23.5","CP2_transcription_factor&CP2_transcription_factor","0","null"","6.755320096242973","0.042935194928579834","96.91","1.4"
"8:102585915:C>G","NM_024915.4:c.754C>G","NP_079191.2:p.Leu252Val","Unknown significance","null","missense_variant","6/16","null","252","MODERATE","24.3","CP2_transcription_factor&CP2_transcription_factor","0","null"","0.0","0.0","97.65","1.9"
"8:102585922:C>T","NM_024915.4:c.761C>T","NP_079191.2:p.Ala254Val","Unknown significance","null","missense_variant","6/16","null","254","MODERATE","29.2","CP2_transcription_factor&CP2_transcription_factor","0.00087926","gnomad_AF_nfe_pass"","9.922542595246515","0.07803274030734124","94.48","0.1"
"8:102585924:A>G","NM_024915.4:c.763A>G","NP_079191.2:p.Thr255Ala","Unknown significance","null","missense_variant","6/16","null","255","MODERATE","22.7","CP2_transcription_factor&CP2_transcription_factor","0.010879","gnomad_AF_eas_pass"","23.685462355315266","0.1505391200876743","89.75","0.0"
"8:102585936:C>T","NM_024915.4:c.775C>T","NP_079191.2:p.Arg259Cys","Unknown significance","null","missense_variant","6/16","null","259","MODERATE","32","CP2_transcription_factor&CP2_transcription_factor","0.00326627","gnomad_AF_sas_pass"","124.08086786579375","0.460538557125102","79.1","0.1"
"8:102585937:G>A","NM_024915.4:c.776G>A","NP_079191.2:p.Arg259His","Unknown significance","null","missense_variant","6/16","null","259","MODERATE","23.8","CP2_transcription_factor&CP2_transcription_factor","0.0375831","gnomad_AF_amr_pass"","124.08086786579375","0.460538557125102","79.1","0.0"
"8:102585945:C>G","NM_024915.4:c.784C>G","NP_079191.2:p.Gln262Glu","Unknown significance","null","missense_variant","6/16","null","262","MODERATE","22.8","CP2_transcription_factor&CP2_transcription_factor","0.0064834","gnomad_AF_nfe_pass"","197.84237270565825","1.000458517957915","68.93","0.0"
"8:102585954:G>C","NM_024915.4:c.793G>C","NP_079191.2:p.Gly265Arg","Unknown significance","null","missense_variant","6/16","null","265","MODERATE","29.0","CP2_transcription_factor&CP2_transcription_factor","0.00615157","gnomad_AF_afr_pass"","0.020180400795475704","2.1165398658072943E-4","81.34","1.7"
"8:102585964:C>T","NM_024915.4:c.803C>T","NP_079191.2:p.Thr268Ile","Unknown significance","null","missense_variant","6/16","null","268","MODERATE","27.3","CP2_transcription_factor&CP2_transcription_factor","0.000879044","gnomad_AF_nfe_pass"","0.0","0.0","95.31","0.7"
"8:102585981:C>A","NM_024915.4:c.820C>A","NP_079191.2:p.Gln274Lys","Unknown significance","null","missense_variant","6/16","null","274","MODERATE","27.9","CP2_transcription_factor&CP2_transcription_factor","0","null"","84.59417253553218","0.42777974872292973","96.79","0.8"
"8:102585982:A>G","NM_024915.4:c.821A>G","NP_079191.2:p.Gln274Arg","Unknown significance","null","missense_variant","6/16","null","274","MODERATE","27.1","CP2_transcription_factor&CP2_transcription_factor","0.000879013","gnomad_AF_nfe_pass"","84.59417253553218","0.42777974872292973","96.79","0.3"
"8:102585983:G>T","NM_024915.4:c.822G>T","NP_079191.2:p.Gln274His","Unknown significance","null","missense_variant","6/16","null","274","MODERATE","22.7","CP2_transcription_factor&CP2_transcription_factor","0","gnomad_AF_afr_pass,gnomad_AF_amr_pass,gnomad_AF_eas_pass,gnomad_AF_nfe_pass,gnomad_AF_sas_pass"","84.59417253553218","0.42777974872292973","96.79","0.3"
"8:102585993:A>G","NM_024915.4:c.832A>G","NP_079191.2:p.Ile278Val","Unknown significance","null","missense_variant","6/16","null","278","MODERATE","17.56","CP2_transcription_factor&CP2_transcription_factor","0.000879028","gnomad_AF_nfe_pass"","0.0","0.0","97.89","0.9"
"8:102586006:A>G","NM_024915.4:c.845A>G","NP_079191.2:p.Glu282Gly","Unknown significance","null","missense_variant","6/16","null","282","MODERATE","25.0","CP2_transcription_factor&CP2_transcription_factor","0.00263718","gnomad_AF_nfe_pass"","0.8811935338959203","0.00451267413647703","91.44","1.0"
"8:102586011:G>A","NM_024915.4:c.850G>A","NP_079191.2:p.Gly284Arg","Unknown significance","null","missense_variant","6/16","null","284","MODERATE","24.3","CP2_transcription_factor&CP2_transcription_factor","0.0097988","gnomad_AF_sas_pass"","15.279357077534332","0.1602513681777643","74.89","0.7"
"8:102586017:A>G","NM_024915.4:c.856A>G","NP_079191.2:p.Asn286Asp","Unknown significance","null","missense_variant","6/16","null","286","MODERATE","22.8","CP2_transcription_factor&CP2_transcription_factor","0.0320359","gnomad_AF_afr_pass"","47.163411291355644","0.2950902208840544","56.1","0.3"
"8:102586030:G>A","NM_024915.4:c.869G>A","NP_079191.2:p.Arg290Gln","Unknown significance","null","missense_variant","6/16","null","290","MODERATE","24.0","CP2_transcription_factor&CP2_transcription_factor","0.00578202","gnomad_AF_amr_pass"","20.657167887202363","0.0766711456544043","55.86","0.5"
"8:102586030:G>C","NM_024915.4:c.869G>C","NP_079191.2:p.Arg290Pro","Unknown significance","null","missense_variant","6/16","null","290","MODERATE","28.2","CP2_transcription_factor&CP2_transcription_factor","0.00543833","gnomad_AF_eas_pass"","20.657167887202363","0.0766711456544043","55.86","1.1"
"8:102586030:G>T","NM_024915.4:c.869G>T","NP_079191.2:p.Arg290Leu","Unknown significance","null","missense_variant","6/16","null","290","MODERATE","24.5","CP2_transcription_factor&CP2_transcription_factor","0.00867303","gnomad_AF_amr_pass"","20.657167887202363","0.0766711456544043","55.86","0.2"
"8:102586034:C>A","NM_024915.4:c.873C>A","NP_079191.2:p.His291Gln","Likely benign","null","missense_variant","6/16","null","291","MODERATE","14.75","CP2_transcription_factor&CP2_transcription_factor","0.00615395","gnomad_AF_nfe_pass"","58.971052642789665","0.28710022672961855","53.06","0.2"
"8:102586043:C>G","NM_024915.4:c.882C>G","NP_079191.2:p.Ser294Arg","Unknown significance","null","missense_variant","6/16","null","294","MODERATE","29.2","CP2_transcription_factor&CP2_transcription_factor","0.00326669","gnomad_AF_sas_pass"","17.650414322757847","0.1279876201007478","85.43","0.5"
"8:102586044:A>C","NM_024915.4:c.883A>C","NP_079191.2:p.Lys295Gln","Unknown significance","null","missense_variant","6/16","null","295","MODERATE","28.2","CP2_transcription_factor&CP2_transcription_factor","0.00289168","gnomad_AF_amr_pass"","60.526345891072964","0.2556931961567113","88.8","0.5"
"8:102589639:G>A","NM_024915.4:c.895G>A","NP_079191.2:p.Val299Met","Unknown significance","null","missense_variant","7/16","null","299","MODERATE","28.9","CP2_transcription_factor&CP2_transcription_factor","0.000881663","gnomad_AF_nfe_pass"","2.144970539738539","0.01247858636291415","98.08","1.0"
"8:102589647:G>A","NM_024915.4:c.903G>A","NP_079191.2:p.Met301Ile","Unknown significance","null","missense_variant","7/16","null","301","MODERATE","32","CP2_transcription_factor&CP2_transcription_factor","0.0054401","gnomad_AF_eas_pass"","0.0","0.0","98.27","0.2"
"8:102589658:G>C","NM_024915.4:c.914G>C","NP_079191.2:p.Ser305Thr","Unknown significance","null","missense_variant","7/16","null","305","MODERATE","25.6","CP2_transcription_factor&CP2_transcription_factor","0","null"","21.95694476175325","0.15921536193725383","90.64","0.2"
"8:102589670:A>G","NM_024915.4:c.926A>G","NP_079191.2:p.Asn309Ser","Unknown significance","null","missense_variant","7/16","null","309","MODERATE","16.06","CP2_transcription_factor&CP2_transcription_factor","0","gnomad_AF_afr_pass,gnomad_AF_amr_pass,gnomad_AF_eas_pass,gnomad_AF_nfe_pass,gnomad_AF_sas_pass"","93.79435738835593","0.58684893398457","91.17","0.1"
"8:102589673:G>A","NM_024915.4:c.929G>A","NP_079191.2:p.Arg310Lys","Unknown significance","null","missense_variant","7/16","null","310","MODERATE","23.7","CP2_transcription_factor&CP2_transcription_factor","0.000879585","gnomad_AF_nfe_pass"","95.51830751446485","0.3545257562940566","91.76","0.7"
"8:102589675:G>T","NM_024915.4:c.931G>T","NP_079191.2:p.Asp311Tyr","Unknown significance","null","missense_variant","7/16","null","311","MODERATE","26.0","CP2_transcription_factor&CP2_transcription_factor","0.000879446","gnomad_AF_nfe_pass"","113.20173540648011","0.707600003890991","94.12","0.4"
"8:102589684:C>G","NM_024915.4:c.940C>G","NP_079191.2:p.Leu314Val","Unknown significance","null","missense_variant","7/16","null","314","MODERATE","24.3","CP2_transcription_factor&CP2_transcription_factor","0.000879353","gnomad_AF_nfe_pass"","34.91246884372568","0.18103316656951413","95.27","0.5"
"8:102589699:T>C","NM_024915.4:c.955T>C","NP_079191.2:p.Tyr319His","Unknown significance","null","missense_variant","7/16","null","319","MODERATE","24.1","CP2_transcription_factor&CP2_transcription_factor","0.00543833","gnomad_AF_eas_pass"","83.31852682840385","0.34728827265464085","96.29","1.3"
"8:102589700:A>G","NM_024915.4:c.956A>G","NP_079191.2:p.Tyr319Cys","Unknown significance","null","missense_variant","7/16","null","319","MODERATE","28.7","CP2_transcription_factor&CP2_transcription_factor","0","null"","83.31852682840385","0.34728827265464085","96.29","1.6"
"8:102589712:G>A","NM_024915.4:c.968G>A","NP_079191.2:p.Arg323Gln","Unknown significance","null","missense_variant","7/16","null","323","MODERATE","31","CP2_transcription_factor&CP2_transcription_factor","0","null"","120.21086842444174","0.4461746669504868","95.38","0.3"
"8:102589718:A>C","NM_024915.4:c.974A>C","NP_079191.2:p.His325Pro","Unknown significance","null","missense_variant","7/16","null","325","MODERATE","21.2","CP2_transcription_factor&CP2_transcription_factor","0","null"","187.43103887018566","0.9125069223667271","92.66","0.2"
"8:102589723:G>A","NM_024915.4:c.979G>A","NP_079191.2:p.Ala327Thr","Unknown significance","null","missense_variant","7/16","null","327","MODERATE","25.1","CP2_transcription_factor&CP2_transcription_factor","0.00176075","gnomad_AF_nfe_pass"","43.58482440399523","0.34275925262213836","91.32","0.0"
"8:102589724:C>T","NM_024915.4:c.980C>T","NP_079191.2:p.Ala327Val","Unknown significance","null","missense_variant","7/16","null","327","MODERATE","23.8","CP2_transcription_factor&CP2_transcription_factor","0.0160346","gnomad_AF_afr_pass"","43.58482440399523","0.34275925262213836","91.32","0.2"
"8:102611287:G>A","NM_024915.4:c.1006G>A","NP_079191.2:p.Asp336Asn","Unknown significance","null","missense_variant&splice_region_variant","8/16","null","336","MODERATE","32","CP2_transcription_factor&CP2_transcription_factor","0.00400737","gnomad_AF_afr_pass"","129.55537484798447","0.8098231305143477","90.73","0.0"
"8:102611301:C>A","NM_024915.4:c.1020C>A","NP_079191.2:p.Ser340Arg","Unknown significance","null","missense_variant","8/16","null","340","MODERATE","24.8","CP2_transcription_factor&CP2_transcription_factor","0.00087974","gnomad_AF_nfe_pass"","0.0","0.0","80.14","0.1"
"8:102611309:C>T","NM_024915.4:c.1028C>T","NP_079191.2:p.Thr343Met","Unknown significance","null","missense_variant","8/16","null","343","MODERATE","25.9","CP2_transcription_factor&CP2_transcription_factor","0.0802568","gnomad_AF_eas_pass"","34.80852419509928","0.2212346343623242","89.54","0.4"
"8:102611315:G>A","NM_024915.4:c.1034G>A","NP_079191.2:p.Gly345Glu","Unknown significance","null","missense_variant","8/16","null","345","MODERATE","23.6","CP2_transcription_factor&CP2_transcription_factor","0.00175929","gnomad_AF_nfe_pass"","26.27035736669501","0.2755260374614558","92.31","0.1"
"8:102611320:A>G","NM_024915.4:c.1039A>G","NP_079191.2:p.Ile347Val","Unknown significance","null","missense_variant","8/16","null","347","MODERATE","23.6","CP2_transcription_factor&CP2_transcription_factor","0.000879724","gnomad_AF_nfe_pass"","45.6353853527069","0.23264520360199586","94.47","0.3"
"8:102611328:G>T","NM_024915.4:c.1047G>T","NP_079191.2:p.Glu349Asp","Unknown significance","null","missense_variant","8/16","null","349","MODERATE","26.6","CP2_transcription_factor&CP2_transcription_factor","0.000879647","gnomad_AF_nfe_pass"","68.94645618567864","0.3530812218461051","95.07","0.3"
"8:102611336:A>G","NM_024915.4:c.1055A>G","NP_079191.2:p.Tyr352Cys","Unknown significance","null","missense_variant","8/16","null","352","MODERATE","26.2","CP2_transcription_factor&CP2_transcription_factor","0.00175917","gnomad_AF_nfe_pass"","38.903645419568576","0.1621581697616464","97.42","2.2"
"8:102611339:A>G","NM_024915.4:c.1058A>G","NP_079191.2:p.Asn353Ser","Unknown significance","null","missense_variant","8/16","null","353","MODERATE","26.1","CP2_transcription_factor&CP2_transcription_factor","0","null"","0.0","0.0","97.95","0.7"
"8:102611344:G>C","NM_024915.4:c.1063G>C","NP_079191.2:p.Val355Leu","Unknown significance","null","missense_variant","8/16","null","355","MODERATE","21.8","CP2_transcription_factor&CP2_transcription_factor","0.0114784","gnomad_AF_afr_pass"","0.0","0.0","98.2","0.1"
"8:102611348:C>T","NM_024915.4:c.1067C>T","NP_079191.2:p.Ser356Phe","Unknown significance","null","missense_variant","8/16","null","356","MODERATE","31","CP2_transcription_factor&CP2_transcription_factor","0","null"","0.03737855251025158","2.710413416431599E-4","97.11","1.5"
"8:102611361:C>A","NM_024915.4:c.1080C>A","NP_079191.2:p.Asp360Glu","Unknown significance","null","missense_variant","8/16","null","360","MODERATE","22.7","CP2_transcription_factor&CP2_transcription_factor","0.0130702","gnomad_AF_sas_pass"","14.668701522102868","0.09169093757127691","91.03","0.1"
"8:102611362:G>A","NM_024915.4:c.1081G>A","NP_079191.2:p.Val361Met","Unknown significance","null","missense_variant","8/16","null","361","MODERATE","29.6","CP2_transcription_factor&CP2_transcription_factor","0.00326755","gnomad_AF_sas_pass"","0.0","0.0","90.74","0.1"
"8:102611366:A>G","NM_024915.4:c.1085A>G","NP_079191.2:p.Asn362Ser","Unknown significance","null","missense_variant","8/16","null","362","MODERATE","23.1","CP2_transcription_factor&CP2_transcription_factor","0.00326797","gnomad_AF_sas_pass"","64.2375644746866","0.40191912694328974","88.3","0.1"
"8:102611375:C>A","NM_024915.4:c.1094C>A","NP_079191.2:p.Ala365Glu","Unknown significance","null","missense_variant","8/16","null","365","MODERATE","29.1","CP2_transcription_factor&CP2_transcription_factor","0","null"","0.0","0.0","96.06","1.5"
"8:102611375:C>T","NM_024915.4:c.1094C>T","NP_079191.2:p.Ala365Val","Unknown significance","null","missense_variant","8/16","null","365","MODERATE","31","CP2_transcription_factor&CP2_transcription_factor","0.00326968","gnomad_AF_sas_pass"","0.0","0.0","96.06","1.1"
"8:102611378:A>T","NM_024915.4:c.1097A>T","NP_079191.2:p.Lys366Met","Unknown significance","null","missense_variant&splice_region_variant","8/16","null","366","MODERATE","33","CP2_transcription_factor&CP2_transcription_factor","0.00327118","gnomad_AF_sas_pass"","54.08084109534931","0.228464198638375","96.39","0.9"
"8:102631773:A>G","NM_024915.4:c.1105A>G","NP_079191.2:p.Ile369Val","Unknown significance","null","missense_variant","9/16","null","369","MODERATE","23.4","CP2_transcription_factor&CP2_transcription_factor","0.00615536","gnomad_AF_afr_pass"","0.0","0.0","97.84","0.4"
"8:102631779:G>A","NM_024915.4:c.1111G>A","NP_079191.2:p.Val371Met","Unknown significance","null","missense_variant","9/16","null","371","MODERATE","30","CP2_transcription_factor&CP2_transcription_factor","0.00400609","gnomad_AF_afr_pass"","0.0","0.0","98.35","1.2"
"8:102631836:A>G","NM_024915.4:c.1168A>G","NP_079191.2:p.Met390Val","Unknown significance","null","missense_variant","9/16","null","390","MODERATE","22.0","CP2_transcription_factor&CP2_transcription_factor","0.000881135","gnomad_AF_nfe_pass"","24.22069164974878","0.11185672168001588","96.65","0.1"
"8:102631839:A>G","NM_024915.4:c.1171A>G","NP_079191.2:p.Ile391Val","Unknown significance","null","missense_variant","9/16","null","391","MODERATE","19.80","CP2_transcription_factor&CP2_transcription_factor","0.000880964","gnomad_AF_nfe_pass"","0.0","0.0","98.14","0.8"
"8:102631843:A>T","NM_024915.4:c.1175A>T","NP_079191.2:p.Gln392Leu","Unknown significance","null","missense_variant","9/16","null","392","MODERATE","28.2","CP2_transcription_factor&CP2_transcription_factor","0.00289118","gnomad_AF_amr_pass"","8.365206133402042","0.042301563695290825","97.64","1.1"
"8:102631844:G>T","NM_024915.4:c.1176G>T","NP_079191.2:p.Gln392His","Unknown significance","null","missense_variant","9/16","null","392","MODERATE","26.4","CP2_transcription_factor&CP2_transcription_factor","0.0054401","gnomad_AF_eas_pass"","8.365206133402042","0.042301563695290825","97.64","0.1"
"8:102631857:A>G","NM_024915.4:c.1189A>G","NP_079191.2:p.Ser397Gly","Unknown significance","null","missense_variant","9/16","null","397","MODERATE","24.8","CP2_transcription_factor&CP2_transcription_factor","0.00176224","gnomad_AF_nfe_pass"","10.887677247056983","0.07894930248063178","89.26","0.8"
"8:102631860:T>C","NM_024915.4:c.1192T>C","NP_079191.2:p.Tyr398His","Pathogenic","Ectodermal dysplasia syndrome","missense_variant","9/16","null","398","MODERATE","25.5","CP2_transcription_factor&CP2_transcription_factor","0","null"","98.59391999430541","0.4109591644555981","82.87","0.6"
"8:102631864:A>T","NM_024915.4:c.1196A>T","NP_079191.2:p.Asn399Ile","Unknown significance","null","missense_variant","9/16","null","399","MODERATE","26.9","CP2_transcription_factor&CP2_transcription_factor","0.0054407","gnomad_AF_eas_pass"","58.27059607832446","0.3645852281883156","75.55","0.0"
"8:102631870:G>A","NM_024915.4:c.1202G>A","NP_079191.2:p.Arg401His","Unknown significance","null","missense_variant","9/16","null","401","MODERATE","26.7","CP2_transcription_factor&CP2_transcription_factor","0.00846692","gnomad_AF_amr_pass"","101.88238617306416","0.37814667105129424","68.12","0.2"
"8:102631881:C>A","NM_024915.4:c.1213C>A","NP_079191.2:p.Pro405Thr","Pathogenic","Dyskeratosis congenita","missense_variant","9/16","null","405","MODERATE","26.6","CP2_transcription_factor&CP2_transcription_factor","0","null"","0.0","0.0","94.2","0.0"
"8:102631881:C>T","NM_024915.4:c.1213C>T","NP_079191.2:p.Pro405Ser","Unknown significance","null","missense_variant","9/16","null","405","MODERATE","27.4","CP2_transcription_factor&CP2_transcription_factor","0.00326648","gnomad_AF_sas_pass"","0.0","0.0","94.2","0.4"
"8:102631888:A>G","NM_024915.4:c.1220A>G","NP_079191.2:p.His407Arg","Unknown significance","null","missense_variant","9/16","null","407","MODERATE","25.8","CP2_transcription_factor&CP2_transcription_factor","0","null"","0.02489257582259446","1.2118936058071039E-4","95.31","1.0"
"8:102631891:G>C","NM_024915.4:c.1223G>C","NP_079191.2:p.Arg408Thr","Unknown significance","null","missense_variant","9/16","null","408","MODERATE","27.9","CP2_transcription_factor&CP2_transcription_factor","0.00326669","gnomad_AF_sas_pass"","0.26317363109191055","9.76795266031943E-4","96.82","0.7"
"8:102631902:C>G","NM_024915.4:c.1234C>G","NP_079191.2:p.Gln412Glu","Unknown significance","null","missense_variant","9/16","null","412","MODERATE","26.0","CP2_transcription_factor&CP2_transcription_factor","0.000881896","gnomad_AF_nfe_pass"","2.20705600594167","0.011160743528079253","96.0","0.7"
"8:102631903:A>C","NM_024915.4:c.1235A>C","NP_079191.2:p.Gln412Pro","Unknown significance","null","missense_variant","9/16","null","412","MODERATE","26.5","CP2_transcription_factor&CP2_transcription_factor","0.00544307","gnomad_AF_eas_pass"","2.20705600594167","0.011160743528079253","96.0","1.6"
"8:102631911:G>A","NM_024915.4:c.1243G>A","NP_079191.2:p.Val415Ile","Benign","null","missense_variant","9/16","null","415","MODERATE","24.4","CP2_transcription_factor&CP2_transcription_factor","9.89766","gnomad_AF_eas_pass"","0.0","0.0","97.35","0.2"
"8:102631911:G>T","NM_024915.4:c.1243G>T","NP_079191.2:p.Val415Phe","Unknown significance","null","missense_variant","9/16","null","415","MODERATE","29.6","CP2_transcription_factor&CP2_transcription_factor","0.00088213","gnomad_AF_nfe_pass"","0.0","0.0","97.35","0.8"
"8:102643892:G>A","NM_024915.4:c.1285G>A","NP_079191.2:p.Glu429Lys","Unknown significance","null","missense_variant","10/16","null","429","MODERATE","32","CP2_transcription_factor&CP2_transcription_factor","0.000883642","gnomad_AF_nfe_pass"","55.41773928866653","0.2837994029351675","93.17","0.4"
"8:102643895:C>T","NM_024915.4:c.1288C>T","NP_079191.2:p.Arg430Trp","Unknown significance","null","missense_variant","10/16","null","430","MODERATE","26.7","CP2_transcription_factor&CP2_transcription_factor","0","null"","141.48631140464204","0.5251406024796978","93.92","0.2"
"8:102643896:G>A","NM_024915.4:c.1289G>A","NP_079191.2:p.Arg430Gln","Unknown significance","null","missense_variant","10/16","null","430","MODERATE","32","CP2_transcription_factor&CP2_transcription_factor","0.00176716","gnomad_AF_nfe_pass"","141.48631140464204","0.5251406024796978","93.92","0.3"
"8:102643909:G>T","NM_024915.4:c.1302G>T","NP_079191.2:p.Arg434Ser","Unknown significance","null","missense_variant","10/16","null","434","MODERATE","28.4","CP2_transcription_factor&CP2_transcription_factor","0.0351617","gnomad_AF_eas_pass"","183.03643629031677","0.6793580486690118","91.27","0.4"
"8:102643911:A>G","NM_024915.4:c.1304A>G","NP_079191.2:p.Lys435Arg","Unknown significance","null","missense_variant","10/16","null","435","MODERATE","21.5","CP2_transcription_factor&CP2_transcription_factor","0.00648256","gnomad_AF_nfe_pass"","135.44235412669747","0.5721754371884566","84.53","0.5"
"8:102643915:A>C","NM_024915.4:c.1308A>C","NP_079191.2:p.Lys436Asn","Unknown significance","null","missense_variant","10/16","null","436","MODERATE","24.7","CP2_transcription_factor&CP2_transcription_factor","0.00326648","gnomad_AF_sas_pass"","133.04908534020734","0.5620650871207185","77.55","0.3"
"8:102643923:G>A","NM_024915.4:c.1316G>A","NP_079191.2:p.Gly439Asp","Unknown significance","null","missense_variant","10/16","null","439","MODERATE","22.8","null","0.00616523","gnomad_AF_afr_pass"","64.00217799374082","0.6712610051462238","48.11","0.2"
"8:102643927:G>T","NM_024915.4:c.1320G>T","NP_079191.2:p.Gln440His","Unknown significance","null","missense_variant","10/16","null","440","MODERATE","22.3","null","0.0114758","gnomad_AF_afr_pass"","164.65201064634059","0.8326199504041715","50.43","0.0"
"8:102643928:G>C","NM_024915.4:c.1321G>C","NP_079191.2:p.Ala441Pro","Likely benign","null","missense_variant","10/16","null","441","MODERATE","18.34","null","0.0116603","gnomad_AF_nfe_pass"","102.02643428656192","0.8023550591741763","43.14","0.0"
"8:102643941:A>G","NM_024915.4:c.1334A>G","NP_079191.2:p.Gln445Arg","Likely pathogenic","Sensorineural hearing loss","missense_variant","10/16","null","445","MODERATE","17.64","null","0.0150784","gnomad_AF_eas_pass"","172.05701787272318","0.8700659355784207","33.97","0.1"
"8:102643942:A>T","NM_024915.4:c.1335A>T","NP_079191.2:p.Gln445His","Likely benign","null","missense_variant","10/16","null","445","MODERATE","18.11","null","0","gnomad_AF_afr_pass,gnomad_AF_amr_pass,gnomad_AF_eas_pass,gnomad_AF_nfe_pass,gnomad_AF_sas_pass"","172.05701787272318","0.8700659355784207","33.97","0.0"
"8:102643943:T>G","NM_024915.4:c.1336T>G","NP_079191.2:p.Cys446Gly","Unknown significance","null","missense_variant","10/16","null","446","MODERATE","21.3","null","0","gnomad_AF_afr_pass,gnomad_AF_amr_pass,gnomad_AF_eas_pass,gnomad_AF_nfe_pass,gnomad_AF_sas_pass"","142.21040990785247","0.9202888842472796","33.02","0.2"
"8:102643944:G>A","NM_024915.4:c.1337G>A","NP_079191.2:p.Cys446Tyr","Unknown significance","null","missense_variant","10/16","null","446","MODERATE","22.8","null","0.000883736","gnomad_AF_nfe_pass"","142.21040990785247","0.9202888842472796","33.02","0.2"
"8:102643948:C>A","NM_024915.4:c.1341C>A","NP_079191.2:p.Asn447Lys","Unknown significance","null","missense_variant","10/16","null","447","MODERATE","14.68","null","0.00289905","gnomad_AF_amr_pass"","119.88484596180285","0.7500909011219741","32.06","0.2"
"8:102643950:G>A","NM_024915.4:c.1343G>A","NP_079191.2:p.Ser448Asn","Likely benign","null","missense_variant&splice_region_variant","10/16","null","448","MODERATE","12.11","null","0.000883908","gnomad_AF_nfe_pass"","111.95474521854088","0.8118121839798131","33.78","0.0"
"8:102644456:T>A","NM_024915.4:c.1348T>A","NP_079191.2:p.Ser450Thr","Likely benign","null","missense_variant&splice_region_variant","11/16","null","450","MODERATE","17.61","null","0.0132105","gnomad_AF_nfe_pass"","112.07825495907062","0.8127077843583992","35.58","0.1"
"8:102644457:C>G","NM_024915.4:c.1349C>G","NP_079191.2:p.Ser450Cys","Unknown significance","null","missense_variant","11/16","null","450","MODERATE","24.1","null","0.000880778","gnomad_AF_nfe_pass"","112.07825495907062","0.8127077843583992","35.58","0.1"
"8:102644457:C>T","NM_024915.4:c.1349C>T","NP_079191.2:p.Ser450Phe","Unknown significance","null","missense_variant","11/16","null","450","MODERATE","24.4","null","0","gnomad_AF_afr_pass,gnomad_AF_amr_pass,gnomad_AF_eas_pass,gnomad_AF_nfe_pass,gnomad_AF_sas_pass"","112.07825495907062","0.8127077843583992","35.58","0.1"
"8:102644463:G>A","NM_024915.4:c.1355G>A","NP_079191.2:p.Gly452Glu","Unknown significance","null","missense_variant","11/16","null","452","MODERATE","22.7","null","0.000880592","gnomad_AF_nfe_pass"","57.89376716230073","0.6071954042074628","37.91","0.2"
"8:102644475:C>G","NM_024915.4:c.1367C>G","NP_079191.2:p.Ala456Gly","Unknown significance","null","missense_variant","11/16","null","456","MODERATE","21.7","null","0.0008807","gnomad_AF_nfe_pass"","111.31044902751047","0.8753662963984966","42.95","0.1"
"8:102644484:T>C","NM_024915.4:c.1376T>C","NP_079191.2:p.Leu459Ser","Unknown significance","null","missense_variant","11/16","null","459","MODERATE","22.3","null","0.0184547","gnomad_AF_afr_pass"","190.86523088219047","0.9897019110647647","46.15","0.1"
"8:102644486:C>G","NM_024915.4:c.1378C>G","NP_079191.2:p.Gln460Glu","Unknown significance","null","missense_variant","11/16","null","460","MODERATE","22.6","null","0.00615157","gnomad_AF_afr_pass"","114.80145681138413","0.5805333497076592","39.93","0.1"
"8:102644493:A>G","NM_024915.4:c.1385A>G","NP_079191.2:p.Lys462Arg","Unknown significance","null","missense_variant","11/16","null","462","MODERATE","21.0","null","0.0163324","gnomad_AF_sas_pass"","175.63432242691613","0.7419661734904124","48.52","0.3"
"8:102644497:T>A","NM_024915.4:c.1389T>A","NP_079191.2:p.Ser463Arg","Likely benign","null","missense_variant","11/16","null","463","MODERATE","13.70","null","0.00264275","gnomad_AF_nfe_pass"","77.98830878652214","0.5655129593416598","62.11","0.0"
"8:102644505:C>T","NM_024915.4:c.1397C>T","NP_079191.2:p.Thr466Ile","Unknown significance","null","missense_variant","11/16","null","466","MODERATE","27.2","null","0.0359336","gnomad_AF_sas_pass"","0.0","0.0","94.95","0.9"
"8:102644508:A>G","NM_024915.4:c.1400A>G","NP_079191.2:p.Tyr467Cys","Unknown significance","null","missense_variant","11/16","null","467","MODERATE","23.7","null","0","null"","124.24867866609824","0.517893326203898","94.72","0.8"
"8:102644517:C>A","NM_024915.4:c.1409C>A","NP_079191.2:p.Thr470Asn","Unknown significance","null","missense_variant","11/16","null","470","MODERATE","25.4","null","0.000880949","gnomad_AF_nfe_pass"","58.381820970557484","0.3710608569163763","94.88","0.4"
"8:102644520:T>C","NM_024915.4:c.1412T>C","NP_079191.2:p.Met471Thr","Unknown significance","null","missense_variant","11/16","null","471","MODERATE","22.7","null","0.00326627","gnomad_AF_sas_pass"","31.02618973592744","0.14328607623056863","92.73","1.2"
"8:102644525:G>A","NM_024915.4:c.1417G>A","NP_079191.2:p.Asp473Asn","Unknown significance","null","missense_variant","11/16","null","473","MODERATE","24.8","null","0.0645161","gnomad_AF_eas_pass"","72.60734375686228","0.45385308396896934","93.09","0.1"
"8:102644532:A>T","NM_024915.4:c.1424A>T","NP_079191.2:p.His475Leu","Unknown significance","null","missense_variant","11/16","null","475","MODERATE","23.9","null","0.000881492","gnomad_AF_nfe_pass"","179.36195933065525","0.8732226555700795","91.63","0.0"
"8:102644534:T>C","NM_024915.4:c.1426T>C","NP_079191.2:p.Ser476Pro","Unknown significance","null","missense_variant","11/16","null","476","MODERATE","23.8","null","0.000881601","gnomad_AF_nfe_pass"","53.58083664894069","0.3885282033783638","91.9","0.3"
"8:102644553:T>A","NM_024915.4:c.1445T>A","NP_079191.2:p.Ile482Lys","Pathogenic","Ectodermal dysplasia syndrome","missense_variant","11/16","null","482","MODERATE","27.4","null","0","null"","20.591863180525177","0.10497551768550069","93.92","2.6"
"8:102644553:T>C","NM_024915.4:c.1445T>C","NP_079191.2:p.Ile482Thr","Unknown significance","null","missense_variant","11/16","null","482","MODERATE","26.0","null","0.000882317","gnomad_AF_nfe_pass"","20.591863180525177","0.10497551768550069","93.92","1.6"
"8:102644576:C>A","NM_024915.4:c.1468C>A","NP_079191.2:p.Leu490Met","Unknown significance","null","missense_variant","11/16","null","490","MODERATE","23.8","null","0","null"","128.67513554924983","0.66722486317173","42.63","0.3"
"8:102644588:G>A","NM_024915.4:c.1480G>A","NP_079191.2:p.Gly494Arg","Unknown significance","null","missense_variant","11/16","null","494","MODERATE","31","null","0.00088505","gnomad_AF_nfe_pass"","60.12210257156191","0.6305664005315232","37.57","0.4"
"8:102649125:G>A","NM_024915.4:c.1486G>A","NP_079191.2:p.Val496Met","Likely benign","null","missense_variant&splice_region_variant","12/16","null","496","MODERATE","23.2","null","0.000880964","gnomad_AF_nfe_pass"","95.27763431359631","0.5542874208338958","30.1","0.0"
"8:102649129:A>G","NM_024915.4:c.1490A>G","NP_079191.2:p.Tyr497Cys","Unknown significance","null","missense_variant","12/16","null","497","MODERATE","23.0","null","0","gnomad_AF_afr_pass,gnomad_AF_amr_pass,gnomad_AF_eas_pass,gnomad_AF_nfe_pass,gnomad_AF_sas_pass"","160.6017656168287","0.6694202584885336","34.12","0.5"
"8:102649137:A>G","NM_024915.4:c.1498A>G","NP_079191.2:p.Thr500Ala","Likely benign","null","missense_variant","12/16","null","500","MODERATE","12.10","null","0.00088098","gnomad_AF_nfe_pass"","104.14869257000521","0.6619441200923772","31.8","0.2"
"8:102649138:C>A","NM_024915.4:c.1499C>A","NP_079191.2:p.Thr500Lys","Unknown significance","null","missense_variant","12/16","null","500","MODERATE","22.7","null","0","null"","104.14869257000521","0.6619441200923772","31.8","0.4"
"8:102649138:C>T","NM_024915.4:c.1499C>T","NP_079191.2:p.Thr500Met","Unknown significance","null","missense_variant","12/16","null","500","MODERATE","23.9","null","0.0184547","gnomad_AF_afr_pass"","104.14869257000521","0.6619441200923772","31.8","0.0"
"8:102649140:G>A","NM_024915.4:c.1501G>A","NP_079191.2:p.Asp501Asn","Unknown significance","null","missense_variant","12/16","null","501","MODERATE","23.5","null","0.000881166","gnomad_AF_nfe_pass"","112.32874872436093","0.702143149564101","30.18","0.1"
"8:102649146:G>A","NM_024915.4:c.1507G>A","NP_079191.2:p.Glu503Lys","Unknown significance","null","missense_variant","12/16","null","503","MODERATE","24.3","null","0.000881213","gnomad_AF_nfe_pass"","162.15836580979575","0.8304280901471948","34.1","0.0"
"8:102649150:G>A","NM_024915.4:c.1511G>A","NP_079191.2:p.Arg504Gln","Likely benign","null","missense_variant","12/16","null","504","MODERATE","22.5","null","0.00543715","gnomad_AF_eas_pass"","214.24860808578677","0.7952051475059894","40.91","0.2"
"8:102656361:G>T","NM_024915.4:c.1520G>T","NP_079191.2:p.Gly507Val","Unknown significance","null","missense_variant&splice_region_variant","13/16","null","507","MODERATE","19.76","null","0","null"","75.66126208445698","0.793542601666015","30.38","0.2"
"8:102656364:G>A","NM_024915.4:c.1523G>A","NP_079191.2:p.Ser508Asn","Unknown significance","null","missense_variant","13/16","null","508","MODERATE","20.2","null","0.00326861","gnomad_AF_sas_pass"","86.73090220093954","0.6289077162101728","30.45","0.1"
"8:102656378:C>T","NM_024915.4:c.1537C>T","NP_079191.2:p.Arg513Trp","Unknown significance","null","missense_variant","13/16","null","513","MODERATE","25.8","null","0.00326776","gnomad_AF_sas_pass"","234.840708810481","0.8716347898758573","33.37","0.0"
"8:102656379:G>A","NM_024915.4:c.1538G>A","NP_079191.2:p.Arg513Gln","Unknown significance","null","missense_variant","13/16","null","513","MODERATE","25.6","null","0.00980264","gnomad_AF_sas_pass"","234.840708810481","0.8716347898758573","33.37","0.1"
"8:102656387:C>T","NM_024915.4:c.1546C>T","NP_079191.2:p.Arg516Trp","Unknown significance","null","missense_variant","13/16","null","516","MODERATE","24.3","null","0.0120154","gnomad_AF_afr_pass"","241.6708800779942","0.8969856539902195","35.26","0.0"
"8:102656388:G>A","NM_024915.4:c.1547G>A","NP_079191.2:p.Arg516Gln","Likely pathogenic","Sensorineural hearing loss","missense_variant","13/16","null","516","MODERATE","23.4","null","0","null"","241.6708800779942","0.8969856539902195","35.26","0.1"
"8:102656388:G>C","NM_024915.4:c.1547G>C","NP_079191.2:p.Arg516Pro","Unknown significance","null","missense_variant","13/16","null","516","MODERATE","23.5","null","0","gnomad_AF_afr_pass,gnomad_AF_amr_pass,gnomad_AF_eas_pass,gnomad_AF_nfe_pass,gnomad_AF_sas_pass"","241.6708800779942","0.8969856539902195","35.26","0.1"
"8:102656396:G>C","NM_024915.4:c.1555G>C","NP_079191.2:p.Glu519Gln","Unknown significance","null","missense_variant","13/16","null","519","MODERATE","23.0","null","0.00289168","gnomad_AF_amr_pass"","145.59447484134583","0.7456028622063166","32.04","0.1"
"8:102656399:G>A","NM_024915.4:c.1558G>A","NP_079191.2:p.Glu520Lys","Unknown significance","null","missense_variant","13/16","null","520","MODERATE","24.1","null","0.00289184","gnomad_AF_amr_pass"","124.22569464296157","0.6361713491277143","34.46","0.1"
"8:102656402:G>A","NM_024915.4:c.1561G>A","NP_079191.2:p.Glu521Lys","Unknown significance","null","missense_variant","13/16","null","521","MODERATE","23.8","null","0.00544484","gnomad_AF_eas_pass"","187.09071677974742","0.9581089809569971","35.5","0.0"
"8:102656407:T>A","NM_024915.4:c.1566T>A","NP_079191.2:p.Phe522Leu","Unknown significance","null","missense_variant","13/16","null","522","MODERATE","22.8","null","0.00087926","gnomad_AF_nfe_pass"","182.83292557466626","0.7957894371041574","32.0","0.1"
"8:102656415:T>G","NM_024915.4:c.1574T>G","NP_079191.2:p.Val525Gly","Likely benign","null","missense_variant","13/16","null","525","MODERATE","21.6","null","0","gnomad_AF_afr_pass,gnomad_AF_amr_pass,gnomad_AF_eas_pass,gnomad_AF_nfe_pass,gnomad_AF_sas_pass"","149.17029345093164","0.8678134991241403","31.94","0.2"
"8:102656426:C>A","NM_024915.4:c.1585C>A","NP_079191.2:p.Gln529Lys","Unknown significance","null","missense_variant","13/16","null","529","MODERATE","22.1","null","0.00087974","gnomad_AF_nfe_pass"","182.038102867133","0.9205387507016779","36.8","0.2"
"8:102656430:T>A","NM_024915.4:c.1589T>A","NP_079191.2:p.Met530Lys","Unknown significance","null","missense_variant","13/16","null","530","MODERATE","22.7","null","0.0114732","gnomad_AF_afr_pass"","176.94028705350814","0.8171509191039829","36.41","0.4"
"8:102656430:T>C","NM_024915.4:c.1589T>C","NP_079191.2:p.Met530Thr","Unknown significance","null","missense_variant","13/16","null","530","MODERATE","21.8","null","0.00654322","gnomad_AF_sas_pass"","176.94028705350814","0.8171509191039829","36.41","0.1"
"8:102656433:A>G","NM_024915.4:c.1592A>G","NP_079191.2:p.Lys531Arg","Unknown significance","null","missense_variant","13/16","null","531","MODERATE","21.9","null","0.00309914","gnomad_AF_nfe_pass"","168.4634051639405","0.7116726752236352","35.36","0.3"
"8:102656451:G>A","NM_024915.4:c.1610G>A","NP_079191.2:p.Arg537Gln","Unknown significance","null","missense_variant&splice_region_variant","13/16","null","537","MODERATE","32","null","0.00402253","gnomad_AF_afr_pass"","115.0456586356811","0.4270034739673979","92.08","0.4"
"8:102661660:A>G","NM_024915.4:c.1631A>G","NP_079191.2:p.Lys544Arg","Unknown significance","null","missense_variant","14/16","null","544","MODERATE","23.3","null","0.0163328","gnomad_AF_eas_pass"","74.39606862824817","0.3142857591846869","94.05","0.7"
"8:102661665:A>G","NM_024915.4:c.1636A>G","NP_079191.2:p.Thr546Ala","Unknown significance","null","missense_variant","14/16","null","546","MODERATE","21.4","null","0.00289218","gnomad_AF_amr_pass"","141.22299952287102","0.8975795264365688","89.9","0.1"
"8:102661666:C>T","NM_024915.4:c.1637C>T","NP_079191.2:p.Thr546Ile","Unknown significance","null","missense_variant","14/16","null","546","MODERATE","23.2","null","0.000879585","gnomad_AF_nfe_pass"","141.22299952287102","0.8975795264365688","89.9","0.1"
"8:102661671:G>T","NM_024915.4:c.1642G>T","NP_079191.2:p.Asp548Tyr","Unknown significance","null","missense_variant","14/16","null","548","MODERATE","29.8","null","0","null"","134.21132196984072","0.8389264670463524","88.83","0.2"
"8:102661680:G>A","NM_024915.4:c.1651G>A","NP_079191.2:p.Asp551Asn","Unknown significance","null","missense_variant","14/16","null","551","MODERATE","25.1","null","0.00615309","gnomad_AF_afr_pass"","31.021417402244612","0.19390829120872113","96.59","0.5"
"8:102661689:A>T","NM_024915.4:c.1660A>T","NP_079191.2:p.Met554Leu","Unknown significance","null","missense_variant","14/16","null","554","MODERATE","23.0","null","0.00327075","gnomad_AF_sas_pass"","86.0709065548396","0.3974952317000083","95.98","0.1"
"8:102661710:A>G","NM_024915.4:c.1681A>G","NP_079191.2:p.Lys561Glu","Unknown significance","null","missense_variant","14/16","null","561","MODERATE","24.0","null","0.00327461","gnomad_AF_sas_pass"","158.61603335607464","0.670072510299949","95.56","0.1"
"8:102661719:A>T","NM_024915.4:c.1690A>T","NP_079191.2:p.Met564Leu","Unknown significance","null","missense_variant","14/16","null","564","MODERATE","22.6","null","0.0170437","gnomad_AF_nfe_pass"","32.67948595441581","0.15092137821287163","96.54","0.4"
"8:102661721:G>A","NM_024915.4:c.1692G>A","NP_079191.2:p.Met564Ile","Unknown significance","null","missense_variant","14/16","null","564","MODERATE","23.1","null","0.00648172","gnomad_AF_nfe_pass"","32.67948595441581","0.15092137821287163","96.54","0.4"
"8:102661721:G>T","NM_024915.4:c.1692G>T","NP_079191.2:p.Met564Ile","Unknown significance","null","missense_variant","14/16","null","564","MODERATE","22.7","null","0.00528002","gnomad_AF_nfe_pass"","32.67948595441581","0.15092137821287163","96.54","0.4"
"8:102661725:G>A","NM_024915.4:c.1696G>A","NP_079191.2:p.Ala566Thr","Unknown significance","null","missense_variant&splice_region_variant","14/16","null","566","MODERATE","32","null","0.000880251","gnomad_AF_nfe_pass"","1.5997232319250005","0.012580524227754438","96.75","0.5"
"8:102661726:C>T","NM_024915.4:c.1697C>T","NP_079191.2:p.Ala566Val","Unknown significance","null","missense_variant&splice_region_variant","14/16","null","566","MODERATE","26.0","null","0.000880406","gnomad_AF_nfe_pass"","1.5997232319250005","0.012580524227754438","96.75","0.6"
"8:102676685:T>G","NM_024915.4:c.1702T>G","NP_079191.2:p.Ser568Ala","Unknown significance","null","missense_variant","15/16","null","568","MODERATE","24.9","null","0.00289134","gnomad_AF_amr_pass"","14.985089247096859","0.10866067360585133","95.12","0.6"
"8:102676694:T>A","NM_024915.4:c.1711T>A","NP_079191.2:p.Tyr571Asn","Unknown significance","null","missense_variant","15/16","null","571","MODERATE","29.8","null","0.000879678","gnomad_AF_nfe_pass"","66.69069239482562","0.27798013533822197","93.39","2.7"
"8:102676703:C>A","NM_024915.4:c.1720C>A","NP_079191.2:p.Pro574Thr","Unknown significance","null","missense_variant","15/16","null","574","MODERATE","25.5","null","0.000879631","gnomad_AF_nfe_pass"","57.74541509839307","0.36710346291806834","91.55","0.0"
"8:102676706:G>A","NM_024915.4:c.1723G>A","NP_079191.2:p.Val575Met","Unknown significance","null","missense_variant","15/16","null","575","MODERATE","22.6","null","0.0184547","gnomad_AF_afr_pass"","28.461396387680995","0.1655770959334957","93.22","0.1"
"8:102676706:G>C","NM_024915.4:c.1723G>C","NP_079191.2:p.Val575Leu","Unknown significance","null","missense_variant","15/16","null","575","MODERATE","20.1","null","0.00309823","gnomad_AF_nfe_pass"","28.461396387680995","0.1655770959334957","93.22","0.0"
"8:102676713:A>G","NM_024915.4:c.1730A>G","NP_079191.2:p.Lys577Arg","Unknown significance","null","missense_variant","15/16","null","577","MODERATE","22.8","null","0.00326691","gnomad_AF_sas_pass"","121.70117783867397","0.5141259178872137","93.22","0.5"
"8:102676719:C>G","NM_024915.4:c.1736C>G","NP_079191.2:p.Ala579Gly","Unknown significance","null","missense_variant","15/16","null","579","MODERATE","21.8","null","0.00175908","gnomad_AF_nfe_pass"","57.54100482534284","0.4525132790773266","92.95","0.7"
"8:102676737:G>A","NM_024915.4:c.1754G>A","NP_079191.2:p.Ser585Asn","Unknown significance","null","missense_variant","15/16","null","585","MODERATE","23.3","null","0","null"","32.07091180609697","0.2325542959765478","87.64","0.1"
"8:102676738:C>A","NM_024915.4:c.1755C>A","NP_079191.2:p.Ser585Arg","Unknown significance","null","missense_variant","15/16","null","585","MODERATE","26.7","null","0","null"","32.07091180609697","0.2325542959765478","87.64","0.0"
"8:102678818:A>G","NM_024915.4:c.1765A>G","NP_079191.2:p.Ile589Val","Unknown significance","null","missense_variant&splice_region_variant","16/16","null","589","MODERATE","23.3","null","0.00087991","gnomad_AF_nfe_pass"","105.10955921813418","0.5358393408059259","91.71","0.4"
"8:102678825:T>C","NM_024915.4:c.1772T>C","NP_079191.2:p.Val591Ala","Unknown significance","null","missense_variant","16/16","null","591","MODERATE","27.0","null","0","null"","75.66600513083152","0.4401947543190407","94.39","1.6"
"8:102678832:G>C","NM_024915.4:c.1779G>C","NP_079191.2:p.Met593Ile","Unknown significance","null","missense_variant","16/16","null","593","MODERATE","23.5","null","0","null"","10.054940038640495","0.046436024440413684","95.82","0.8"
"8:102678836:G>A","NM_024915.4:c.1783G>A","NP_079191.2:p.Asp595Asn","Unknown significance","null","missense_variant","16/16","null","595","MODERATE","26.0","null","0.00615157","gnomad_AF_afr_pass"","64.21425703707357","0.40138968158158905","95.47","0.0"
"8:102678839:A>G","NM_024915.4:c.1786A>G","NP_079191.2:p.Asn596Asp","Unknown significance","null","missense_variant","16/16","null","596","MODERATE","24.4","null","0.00648677","gnomad_AF_nfe_pass"","105.8480898164669","0.6622662642263392","92.86","0.1"
"8:102678840:A>T","NM_024915.4:c.1787A>T","NP_079191.2:p.Asn596Ile","Unknown significance","null","missense_variant","16/16","null","596","MODERATE","27.4","null","0.00543656","gnomad_AF_eas_pass"","105.8480898164669","0.6622662642263392","92.86","0.0"
"8:102678845:A>G","NM_024915.4:c.1792A>G","NP_079191.2:p.Ile598Val","Unknown significance","null","missense_variant","16/16","null","598","MODERATE","21.4","null","0.00175917","gnomad_AF_nfe_pass"","0.0","0.0","94.37","0.2"
"8:102678848:G>A","NM_024915.4:c.1795G>A","NP_079191.2:p.Glu599Lys","Unknown significance","null","missense_variant","16/16","null","599","MODERATE","23.0","null","0.000879848","gnomad_AF_nfe_pass"","91.26165171340901","0.4673594159485947","92.16","0.1"
"8:102678858:C>T","NM_024915.4:c.1805C>T","NP_079191.2:p.Ser602Leu","Unknown significance","null","missense_variant","16/16","null","602","MODERATE","29.7","null","0.00653296","gnomad_AF_sas_pass"","53.509497855877655","0.3880109077399705","89.24","0.2"
"8:102678870:C>T","NM_024915.4:c.1817C>T","NP_079191.2:p.Thr606Ile","Unknown significance","null","missense_variant","16/16","null","606","MODERATE","26.8","null","0.000879693","gnomad_AF_nfe_pass"","4.751844924495434","0.030201587074617287","94.1","0.7"
"8:102678875:A>G","NM_024915.4:c.1822A>G","NP_079191.2:p.Ile608Val","Unknown significance","null","missense_variant","16/16","null","608","MODERATE","21.5","null","0.0114916","gnomad_AF_afr_pass"","10.371692944419895","0.05287398360072851","96.62","0.5"
"8:102678892:C>A","NM_024915.4:c.1839C>A","NP_079191.2:p.Ser613Arg","Unknown significance","null","missense_variant","16/16","null","613","MODERATE","23.5","null","0.00326627","gnomad_AF_sas_pass"","100.50918999232496","0.7288175671199544","92.41","0.3"
"8:102678892:C>G","NM_024915.4:c.1839C>G","NP_079191.2:p.Ser613Arg","Unknown significance","null","missense_variant","16/16","null","613","MODERATE","23.5","null","0.00648256","gnomad_AF_nfe_pass"","100.50918999232496","0.7288175671199544","92.41","0.3"
"8:102678894:T>G","NM_024915.4:c.1841T>G","NP_079191.2:p.Met614Arg","Unknown significance","null","missense_variant","16/16","null","614","MODERATE","21.2","null","0.0228639","gnomad_AF_sas_pass"","51.46800353555301","0.23769107134321407","89.73","0.1"
"8:102678896:G>A","NM_024915.4:c.1843G>A","NP_079191.2:p.Val615Met","Unknown significance","null","missense_variant","16/16","null","615","MODERATE","23.3","null","0.00326627","gnomad_AF_sas_pass"","177.73535205753336","1.0339936606603606","87.23","0.0"
"8:102678900:A>G","NM_024915.4:c.1847A>G","NP_079191.2:p.Glu616Gly","Unknown significance","null","missense_variant","16/16","null","616","MODERATE","22.6","null","0.00578168","gnomad_AF_amr_pass"","116.72147716007457","0.597741552667675","86.75","0.2"
"8:102678908:A>G","NM_024915.4:c.1855A>G","NP_079191.2:p.Lys619Glu","Unknown significance","null","missense_variant","16/16","null","619","MODERATE","24.4","null","0.00653296","gnomad_AF_sas_pass"","44.44030686086539","0.18773781784034052","95.15","0.0"
"8:102678909:A>C","NM_024915.4:c.1856A>C","NP_079191.2:p.Lys619Thr","Unknown significance","null","missense_variant","16/16","null","619","MODERATE","24.3","null","0.000880251","gnomad_AF_nfe_pass"","44.44030686086539","0.18773781784034052","95.15","0.4"
"8:102678909:A>G","NM_024915.4:c.1856A>G","NP_079191.2:p.Lys619Arg","Unknown significance","null","missense_variant","16/16","null","619","MODERATE","22.8","null","0.00653424","gnomad_AF_sas_pass"","44.44030686086539","0.18773781784034052","95.15","0.8"
"8:102678911:G>A","NM_024915.4:c.1858G>A","NP_079191.2:p.Val620Ile","Likely benign","null","missense_variant","16/16","null","620","MODERATE","13.30","null","0.00648424","gnomad_AF_nfe_pass"","0.0","0.0","96.52","0.5"
"8:102678915:C>T","NM_024915.4:c.1862C>T","NP_079191.2:p.Thr621Met","Unknown significance","null","missense_variant","16/16","null","621","MODERATE","26.2","null","0.000880499","gnomad_AF_nfe_pass"","4.743236621218198","0.03014687476284719","97.18","0.7"
"8:102678920:A>G","NM_024915.4:c.1867A>G","NP_079191.2:p.Met623Val","Unknown significance","null","missense_variant","16/16","null","623","MODERATE","23.2","null","0","null"","56.254790899503604","0.25979755573489294","95.35","0.4"
"8:102678926:A>T","NM_024915.4:c.1873A>T","NP_079191.2:p.Ile625Phe","Unknown significance","null","missense_variant","16/16","null","625","MODERATE","23.8","null","0","gnomad_AF_afr_pass,gnomad_AF_amr_pass,gnomad_AF_eas_pass,gnomad_AF_nfe_pass,gnomad_AF_sas_pass"","55.148795153155184","0.281143734793718","85.43","0.5"