{"applied_filters": "CONTAINS missense_variant[Consequence]"},,"Surface Area","Normalized SA","Confidence Score","|ddG|""Genomic Description (GRCh37)","HGVS Nucleotide Change","HGVS Protein Change","Variant Classification","Phenotype","Consequence","Exon","Intron","Protein Position","Impact","CADD Phred","Interpro Domain","Max MAF (%)","Max MAF Source","Surface Area","Normalized SA","Confidence Score","|ddG|"
"X:21755688:T>C","NM_014332.3:c.260A>G","NP_055147.1:p.Glu87Gly","Unknown significance","null","missense_variant","4/5","null","87","MODERATE","23.3","null","0","gnomad_AF_afr_pass,gnomad_AF_amr_pass,gnomad_AF_eas_pass,gnomad_AF_nfe_pass,gnomad_AF_sas_pass"","144.88624044529638","0.7419759279192644","72.73","0.5"
"X:21755692:C>G","NM_014332.3:c.256G>C","NP_055147.1:p.Ala86Pro","Unknown significance","null","missense_variant","4/5","null","86","MODERATE","24.4","null","0","null"","90.92389121597314","0.7150425733005088","77.81","0.2"
"X:21755701:C>T","NM_014332.3:c.247G>A","NP_055147.1:p.Val83Ile","Unknown significance","null","missense_variant","4/5","null","83","MODERATE","23.2","null","0.00122389","gnomad_AF_nfe_pass"","137.2338573147466","0.798372056255209","90.16","0.3"
"X:21755710:G>T","NM_014332.3:c.238C>A","NP_055147.1:p.Leu80Ile","Likely pathogenic","Hearing loss, non-syndromic","missense_variant","4/5","null","80","MODERATE","27.9","null","0","null"","192.06147952343008","0.995904871975305","86.64","0.1"
"X:21755721:A>G","NM_014332.3:c.227T>C","NP_055147.1:p.Ile76Thr","Unknown significance","null","missense_variant","4/5","null","76","MODERATE","23.8","null","0.00244609","gnomad_AF_nfe_pass"","137.0067192490522","0.6984482731588594","88.48","0.4"
"X:21755736:G>A","NM_014332.3:c.212C>T","NP_055147.1:p.Ser71Leu","Unknown significance","null","missense_variant","4/5","null","71","MODERATE","31","null","0.0134716","gnomad_AF_eas_pass"","89.28407074096356","0.6474213872877091","89.33","0.0"
"X:21755740:G>T","NM_014332.3:c.208C>A","NP_055147.1:p.Leu70Ile","Unknown significance","null","missense_variant","4/5","null","70","MODERATE","24.1","null","0.00524136","gnomad_AF_sas_pass"","99.16718857201504","0.5142160025218145","84.77","0.7"
"X:21755762:T>G","NM_014332.3:c.186A>C","NP_055147.1:p.Lys62Asn","Unknown significance","null","missense_variant","4/5","null","62","MODERATE","23.1","null","0.00524191","gnomad_AF_sas_pass"","157.19767765816533","0.6640806749041994","67.8","0.1"
"X:21755766:T>C","NM_014332.3:c.182A>G","NP_055147.1:p.Lys61Arg","Unknown significance","null","missense_variant","4/5","null","61","MODERATE","21.9","null","0.00611486","gnomad_AF_nfe_pass"","211.61914802581643","0.8939838599220945","61.37","0.1"
"X:21755769:G>A","NM_014332.3:c.179C>T","NP_055147.1:p.Ala60Val","Likely benign","null","missense_variant","4/5","null","60","MODERATE","19.77","null","0.00356659","gnomad_AF_amr_pass"","87.94106754452316","0.6915850872073425","61.09","0.1"
"X:21755779:T>A","NM_014332.3:c.169A>T","NP_055147.1:p.Ile57Phe","Unknown significance","null","missense_variant","4/5","null","57","MODERATE","19.64","null","0.00122311","gnomad_AF_nfe_pass"","152.08734897442972","0.7753280046608672","60.19","0.1"
"X:21755786:C>A","NM_014332.3:c.162G>T","NP_055147.1:p.Lys54Asn","Unknown significance","null","missense_variant","4/5","null","54","MODERATE","28.5","null","0.00122369","gnomad_AF_nfe_pass"","164.85512965971037","0.6964295363440643","51.24","0.1"
"X:21755795:A>T","NM_014332.3:c.153T>A","NP_055147.1:p.Asp51Glu","Likely benign","null","missense_variant","4/5","null","51","MODERATE","0.017","null","0.00524246","gnomad_AF_sas_pass"","151.46419609124843","0.9467705186556533","47.95","0.0"
"X:21755796:T>A","NM_014332.3:c.152A>T","NP_055147.1:p.Asp51Val","Unknown significance","null","missense_variant","4/5","null","51","MODERATE","22.0","null","0.161551","gnomad_AF_amr_pass"","151.46419609124843","0.9467705186556533","47.95","0.0"
"X:21755799:G>A","NM_014332.3:c.149C>T","NP_055147.1:p.Ser50Leu","Likely benign","null","missense_variant","4/5","null","50","MODERATE","22.1","null","0.0227929","gnomad_AF_afr_pass"","99.65081508024923","0.722593273449459","36.97","0.2"
"X:21755803:T>C","NM_014332.3:c.145A>G","NP_055147.1:p.Thr49Ala","Likely benign","null","missense_variant","4/5","null","49","MODERATE","13.56","null","0.0012245","gnomad_AF_nfe_pass"","127.91584875656443","0.8130024665851588","38.44","0.1"
"X:21755809:G>A","NM_014332.3:c.139C>T","NP_055147.1:p.Pro47Ser","Unknown significance","null","missense_variant","4/5","null","47","MODERATE","22.5","null","0.00757543","gnomad_AF_nfe_pass"","113.5235755110659","0.72170054751434","45.83","0.4"
"X:21755814:C>T","NM_014332.3:c.134G>A","NP_055147.1:p.Gly45Asp","Unknown significance","null","missense_variant&splice_region_variant","4/5","null","45","MODERATE","21.6","null","0.00759936","gnomad_AF_afr_pass"","38.92195367760076","0.40821719770905535","37.37","0.1"
"X:21761873:C>G","NM_014332.3:c.127G>C","NP_055147.1:p.Glu43Gln","Unknown significance","null","missense_variant","3/5","null","43","MODERATE","21.7","null","0","gnomad_AF_afr_pass,gnomad_AF_amr_pass,gnomad_AF_eas_pass,gnomad_AF_nfe_pass,gnomad_AF_sas_pass"","159.22916909331616","0.8154274010197231","43.19","0.1"
"X:21761873:C>T","NM_014332.3:c.127G>A","NP_055147.1:p.Glu43Lys","Unknown significance","null","missense_variant","3/5","null","43","MODERATE","23.3","null","0.00524439","gnomad_AF_sas_pass"","159.22916909331616","0.8154274010197231","43.19","0.1"
"X:21761875:A>G","NM_014332.3:c.125T>C","NP_055147.1:p.Val42Ala","Likely benign","null","missense_variant","3/5","null","42","MODERATE","1.434","null","0.00721917","gnomad_AF_eas_pass"","97.4541096276915","0.5669492894565754","43.84","0.3"
"X:21761888:A>G","NM_014332.3:c.112T>C","NP_055147.1:p.Cys38Arg","Likely benign","null","missense_variant","3/5","null","38","MODERATE","17.85","null","0.0577409","gnomad_AF_eas_pass"","121.82632163426814","0.7883769527237693","53.29","0.1"
"X:21761900:T>C","NM_014332.3:c.100A>G","NP_055147.1:p.Arg34Gly","Unknown significance","null","missense_variant","3/5","null","34","MODERATE","23.0","null","0.00244948","gnomad_AF_nfe_pass"","208.9699068352141","0.7756127196059635","67.06","0.6"
"X:21761903:G>A","NM_014332.3:c.97C>T","NP_055147.1:p.Pro33Ser","Unknown significance","null","missense_variant","3/5","null","33","MODERATE","22.8","null","0.00244972","gnomad_AF_nfe_pass"","157.27736812982164","0.9998554236854739","71.24","0.1"
"X:21761906:G>A","NM_014332.3:c.94C>T","NP_055147.1:p.Pro32Ser","Unknown significance","null","missense_variant","3/5","null","32","MODERATE","26.4","null","0.00721813","gnomad_AF_eas_pass"","75.30771101832933","0.4787518013708276","70.28","1.4"
"X:21761906:G>C","NM_014332.3:c.94C>G","NP_055147.1:p.Pro32Ala","Unknown significance","null","missense_variant","3/5","null","32","MODERATE","25.2","null","0.00524356","gnomad_AF_sas_pass"","75.30771101832933","0.4787518013708276","70.28","1.3"
"X:21761908:T>A","NM_014332.3:c.92A>T","NP_055147.1:p.Gln31Leu","Unknown significance","null","missense_variant","3/5","null","31","MODERATE","19.81","null","0.00524329","gnomad_AF_sas_pass"","122.65589972360152","0.6202520621749473","71.9","0.2"
"X:21761908:T>C","NM_014332.3:c.92A>G","NP_055147.1:p.Gln31Arg","Unknown significance","null","missense_variant","3/5","null","31","MODERATE","21.0","null","0","null"","122.65589972360152","0.6202520621749473","71.9","0.0"
"X:21761909:G>C","NM_014332.3:c.91C>G","NP_055147.1:p.Gln31Glu","Unknown significance","null","missense_variant","3/5","null","31","MODERATE","21.8","null","0.0531996","gnomad_AF_afr_pass"","122.65589972360152","0.6202520621749473","71.9","0.4"
"X:21761915:C>T","NM_014332.3:c.85G>A","NP_055147.1:p.Ala29Thr","Unknown significance","null","missense_variant","3/5","null","29","MODERATE","27.4","null","0.00721709","gnomad_AF_eas_pass"","63.35449040602231","0.4982316225606748","67.19","0.5"
"X:21761917:C>G","NM_014332.3:c.83G>C","NP_055147.1:p.Gly28Ala","Unknown significance","null","missense_variant","3/5","null","28","MODERATE","25.7","null","0.00721657","gnomad_AF_eas_pass"","108.76941811662803","1.140784129897548","75.6","0.1"
"X:21761923:C>T","NM_014332.3:c.77G>A","NP_055147.1:p.Arg26Gln","Unknown significance","null","missense_variant","3/5","null","26","MODERATE","24.5","null","0","null"","145.41334932891323","0.5397161966911724","81.7","0.5"
"X:21761924:G>A","NM_014332.3:c.76C>T","NP_055147.1:p.Arg26Trp","Unknown significance","null","missense_variant","3/5","null","26","MODERATE","27.1","null","0.0067331","gnomad_AF_eas_pass"","145.41334932891323","0.5397161966911724","81.7","0.0"
"X:21761927:A>G","NM_014332.3:c.73T>C","NP_055147.1:p.Phe25Leu","Unknown significance","null","missense_variant","3/5","null","25","MODERATE","21.2","null","0.100301","gnomad_AF_eas_pass"","134.5173107759668","0.5854933113754449","80.52","0.2"
"X:21761927:A>T","NM_014332.3:c.73T>A","NP_055147.1:p.Phe25Ile","Unknown significance","null","missense_variant","3/5","null","25","MODERATE","23.6","null","0","null"","134.5173107759668","0.5854933113754449","80.52","0.4"
"X:21761935:A>T","NM_014332.3:c.65T>A","NP_055147.1:p.Met22Lys","Pathogenic","Hearing loss, non-syndromic","missense_variant","3/5","null","22","MODERATE","28.0","null","0","null"","201.67376142921836","0.931375789286512","89.36","0.5"
"X:21761944:T>C","NM_014332.3:c.56A>G","NP_055147.1:p.Asn19Ser","Unknown significance","null","missense_variant","3/5","null","19","MODERATE","25.3","null","0.00122713","gnomad_AF_nfe_pass"","173.42721104124675","1.0850927151413865","92.59","0.1"
"X:21761945:T>C","NM_014332.3:c.55A>G","NP_055147.1:p.Asn19Asp","Unknown significance","null","missense_variant","3/5","null","19","MODERATE","26.6","null","0.242392","gnomad_AF_eas_pass"","173.42721104124675","1.0850927151413865","92.59","0.1"
"X:21761946:G>C","NM_014332.3:c.54C>G","NP_055147.1:p.Ile18Met","Unknown significance","null","missense_variant","3/5","null","18","MODERATE","23.0","null","0.010491","gnomad_AF_sas_pass"","130.117747624523","0.6633288982744331","89.37","0.3"
"X:21772386:A>G","NM_014332.3:c.23T>C","NP_055147.1:p.Val8Ala","Unknown significance","null","missense_variant","2/5","null","8","MODERATE","18.55","null","0","gnomad_AF_afr_pass,gnomad_AF_amr_pass,gnomad_AF_eas_pass,gnomad_AF_nfe_pass,gnomad_AF_sas_pass"","157.8434594528071","0.9182705329104816","74.71","0.1"
"X:21772390:G>T","NM_014332.3:c.19C>A","NP_055147.1:p.Pro7Thr","Unknown significance","null","missense_variant","2/5","null","7","MODERATE","22.9","null","0.0032396","gnomad_AF_nfe_pass"","142.1019574307566","0.903381170113337","71.91","0.3"
"X:21772400:C>T","NM_014332.3:c.9G>A","NP_055147.1:p.Met3Ile","Unknown significance","null","missense_variant","2/5","null","3","MODERATE","26.1","null","0.00122347","gnomad_AF_nfe_pass"","148.67258702142934","0.6866041824233559","63.07","0.1"