{"applied_filters": "CONTAINS missense_variant[Consequence]"},,"Surface Area","Normalized SA","Confidence Score","|ddG|""Genomic Description (GRCh37)","HGVS Nucleotide Change","HGVS Protein Change","Variant Classification","Phenotype","Consequence","Exon","Intron","Protein Position","Impact","CADD Phred","Interpro Domain","Max MAF (%)","Max MAF Source","Surface Area","Normalized SA","Confidence Score","|ddG|"
"7:96650055:A>T","NM_005221.6:c.863T>A","NP_005212.1:p.Leu288His","Unknown significance","null","missense_variant","3/3","null","288","MODERATE","27.6","null","0.00551511","gnomad_AF_eas_pass"","202.18984040198902","1.0484239089477885","34.26","0.2"
"7:96650056:G>A","NM_005221.6:c.862C>T","NP_005212.1:p.Leu288Phe","Unknown significance","null","missense_variant","3/3","null","288","MODERATE","23.9","null","0.0275209","gnomad_AF_eas_pass"","202.18984040198902","1.0484239089477885","34.26","0.0"
"7:96650058:G>C","NM_005221.6:c.860C>G","NP_005212.1:p.Thr287Arg","Unknown significance","null","missense_variant","3/3","null","287","MODERATE","26.0","null","0.00369549","gnomad_AF_sas_pass"","126.32447123869544","0.8028880526179119","41.93","0.2"
"7:96650059:T>A","NM_005221.6:c.859A>T","NP_005212.1:p.Thr287Ser","Unknown significance","null","missense_variant","3/3","null","287","MODERATE","24.7","null","0.00737246","gnomad_AF_sas_pass"","126.32447123869544","0.8028880526179119","41.93","0.2"
"7:96650061:C>T","NM_005221.6:c.857G>A","NP_005212.1:p.Gly286Glu","Unknown significance","null","missense_variant","3/3","null","286","MODERATE","29.6","null","0.00631233","gnomad_AF_afr_pass"","69.00166434766024","0.7236960993937193","40.24","0.3"
"7:96650071:G>C","NM_005221.6:c.847C>G","NP_005212.1:p.Leu283Val","Unknown significance","null","missense_variant","3/3","null","283","MODERATE","20.2","null","0.00626096","gnomad_AF_afr_pass"","176.00692878115356","0.9126565009782597","40.29","0.0"
"7:96650079:G>A","NM_005221.6:c.839C>T","NP_005212.1:p.Pro280Leu","Unknown significance","null","missense_variant","3/3","null","280","MODERATE","24.9","null","0.000892921","gnomad_AF_nfe_pass"","146.08127218368236","0.9286787668723332","44.41","0.0"
"7:96650083:G>A","NM_005221.6:c.835C>T","NP_005212.1:p.His279Tyr","Unknown significance","null","missense_variant","3/3","null","279","MODERATE","26.7","null","0.0241468","gnomad_AF_afr_pass"","130.00924584168035","0.6329492570564945","39.16","0.1"
"7:96650086:G>C","NM_005221.6:c.832C>G","NP_005212.1:p.Gln278Glu","Unknown significance","null","missense_variant","3/3","null","278","MODERATE","23.2","null","0.000886556","gnomad_AF_nfe_pass"","183.743493905473","0.929162651473909","38.35","0.1"
"7:96650088:A>G","NM_005221.6:c.830T>C","NP_005212.1:p.Leu277Ser","Unknown significance","null","missense_variant","3/3","null","277","MODERATE","26.2","null","0.000886116","gnomad_AF_nfe_pass"","163.4008048267913","0.8472894097008938","37.45","0.4"
"7:96650091:G>A","NM_005221.6:c.827C>T","NP_005212.1:p.Ser276Phe","Unknown significance","null","missense_variant","3/3","null","276","MODERATE","25.7","null","0.0017696","gnomad_AF_nfe_pass"","97.96592913271449","0.7103757391399035","35.18","0.2"
"7:96650091:G>C","NM_005221.6:c.827C>G","NP_005212.1:p.Ser276Cys","Unknown significance","null","missense_variant","3/3","null","276","MODERATE","25.5","null","0.0200501","gnomad_AF_eas_pass"","97.96592913271449","0.7103757391399035","35.18","0.0"
"7:96650094:C>A","NM_005221.6:c.824G>T","NP_005212.1:p.Gly275Val","Unknown significance","null","missense_variant","3/3","null","275","MODERATE","20.1","null","0.00265557","gnomad_AF_nfe_pass"","78.55412017021703","0.8238831758037042","41.29","0.2"
"7:96650094:C>T","NM_005221.6:c.824G>A","NP_005212.1:p.Gly275Asp","Unknown significance","null","missense_variant","3/3","null","275","MODERATE","20.6","null","0.019861","gnomad_AF_sas_pass"","78.55412017021703","0.8238831758037042","41.29","0.0"
"7:96650097:G>A","NM_005221.6:c.821C>T","NP_005212.1:p.Pro274Leu","Unknown significance","null","missense_variant","3/3","null","274","MODERATE","19.07","null","0.000883408","gnomad_AF_nfe_pass"","144.41292777140853","0.9180726432512256","48.67","0.1"
"7:96650098:G>C","NM_005221.6:c.820C>G","NP_005212.1:p.Pro274Ala","Unknown significance","null","missense_variant","3/3","null","274","MODERATE","18.52","null","0.155404","gnomad_AF_eas_pass"","144.41292777140853","0.9180726432512256","48.67","0.1"
"7:96650103:G>A","NM_005221.6:c.815C>T","NP_005212.1:p.Pro272Leu","Unknown significance","null","missense_variant","3/3","null","272","MODERATE","23.4","null","0.00328299","gnomad_AF_sas_pass"","105.06672385600689","0.6679380189626498","43.17","0.1"
"7:96650109:T>C","NM_005221.6:c.809A>G","NP_005212.1:p.His270Arg","Unknown significance","null","missense_variant","3/3","null","270","MODERATE","23.0","null","0.0008828","gnomad_AF_nfe_pass"","169.8305563446416","0.8268190755812378","43.37","0.2"
"7:96650109:T>G","NM_005221.6:c.809A>C","NP_005212.1:p.His270Pro","Unknown significance","null","missense_variant","3/3","null","270","MODERATE","23.3","null","0","null"","169.8305563446416","0.8268190755812378","43.37","0.3"
"7:96650110:G>A","NM_005221.6:c.808C>T","NP_005212.1:p.His270Tyr","Unknown significance","null","missense_variant","3/3","null","270","MODERATE","23.9","null","0.00615839","gnomad_AF_afr_pass"","169.8305563446416","0.8268190755812378","43.37","0.0"
"7:96650115:T>C","NM_005221.6:c.803A>G","NP_005212.1:p.Asn268Ser","Likely benign","null","missense_variant","3/3","null","268","MODERATE","14.85","null","0.00981932","gnomad_AF_sas_pass"","153.35933667472707","0.959532809329927","35.87","0.0"
"7:96650119:T>C","NM_005221.6:c.799A>G","NP_005212.1:p.Ile267Val","Likely benign","null","missense_variant","3/3","null","267","MODERATE","19.15","null","0.00543715","gnomad_AF_eas_pass"","168.08772349267048","0.8568965146829592","48.6","0.1"
"7:96650122:A>G","NM_005221.6:c.796T>C","NP_005212.1:p.Ser266Pro","Unknown significance","null","missense_variant","3/3","null","266","MODERATE","23.7","null","0.00088008","gnomad_AF_nfe_pass"","97.4706842532234","0.706784593213577","41.98","0.2"
"7:96650128:C>A","NM_005221.6:c.790G>T","NP_005212.1:p.Ala264Ser","Unknown significance","null","missense_variant","3/3","null","264","MODERATE","19.47","null","0.00543656","gnomad_AF_eas_pass"","121.5313438747833","0.9557453349029988","39.24","0.0"
"7:96650132:A>T","NM_005221.6:c.786T>A","NP_005212.1:p.Ser262Arg","Unknown significance","null","missense_variant","3/3","null","262","MODERATE","20.3","null","0.00615385","gnomad_AF_afr_pass"","108.8858762990274","0.7895590389698828","43.38","0.0"
"7:96650134:T>G","NM_005221.6:c.784A>C","NP_005212.1:p.Ser262Arg","Unknown significance","null","missense_variant","3/3","null","262","MODERATE","22.5","null","0.00791794","gnomad_AF_nfe_pass"","108.8858762990274","0.7895590389698828","43.38","0.0"
"7:96650141:C>A","NM_005221.6:c.777G>T","NP_005212.1:p.Trp259Cys","Unknown significance","null","missense_variant","3/3","null","259","MODERATE","32","null","0","gnomad_AF_afr_pass,gnomad_AF_amr_pass,gnomad_AF_eas_pass,gnomad_AF_nfe_pass,gnomad_AF_sas_pass"","209.5613445466822","0.7988517915161241","56.13","0.8"
"7:96650154:T>C","NM_005221.6:c.764A>G","NP_005212.1:p.Asn255Ser","Unknown significance","null","missense_variant","3/3","null","255","MODERATE","20.1","null","0","null"","69.9516994210399","0.43767110707602763","48.52","0.0"
"7:96650156:C>G","NM_005221.6:c.762G>C","NP_005212.1:p.Glu254Asp","Unknown significance","null","missense_variant","3/3","null","254","MODERATE","23.5","null","0","null"","117.07115860753436","0.5995323039195379","49.8","0.1"
"7:96650158:C>G","NM_005221.6:c.760G>C","NP_005212.1:p.Glu254Gln","Unknown significance","null","missense_variant","3/3","null","254","MODERATE","24.5","null","0.00616273","gnomad_AF_nfe_pass"","117.07115860753436","0.5995323039195379","49.8","0.2"
"7:96650164:A>G","NM_005221.6:c.754T>C","NP_005212.1:p.Tyr252His","Unknown significance","null","missense_variant","3/3","null","252","MODERATE","24.6","null","0.00310029","gnomad_AF_nfe_pass"","182.74400896304843","0.7617135543150974","51.75","0.4"
"7:96650166:C>T","NM_005221.6:c.752G>A","NP_005212.1:p.Ser251Asn","Unknown significance","null","missense_variant","3/3","null","251","MODERATE","22.5","null","0.00232562","gnomad_AF_nfe_pass"","84.958342373645","0.6160544364155389","46.34","0.2"
"7:96650172:G>A","NM_005221.6:c.746C>T","NP_005212.1:p.Ala249Val","Unknown significance","null","missense_variant","3/3","null","249","MODERATE","25.4","null","0.00289101","gnomad_AF_amr_pass"","105.46203952929216","0.8293733046622772","43.79","0.0"
"7:96650175:G>A","NM_005221.6:c.743C>T","NP_005212.1:p.Pro248Leu","Unknown significance","null","missense_variant","3/3","null","248","MODERATE","24.6","null","0","null"","154.38199947154584","0.9814487699439362","47.78","0.1"
"7:96650175:G>C","NM_005221.6:c.743C>G","NP_005212.1:p.Pro248Arg","Unknown significance","null","missense_variant","3/3","null","248","MODERATE","24.1","null","0.000880483","gnomad_AF_nfe_pass"","154.38199947154584","0.9814487699439362","47.78","0.0"
"7:96650181:T>C","NM_005221.6:c.737A>G","NP_005212.1:p.Gln246Arg","Likely benign","null","missense_variant","3/3","null","246","MODERATE","17.35","null","0","gnomad_AF_afr_pass,gnomad_AF_amr_pass,gnomad_AF_eas_pass,gnomad_AF_nfe_pass,gnomad_AF_sas_pass"","196.82246440651295","0.9953009982038736","39.65","0.0"
"7:96650187:G>C","NM_005221.6:c.731C>G","NP_005212.1:p.Ser244Cys","Unknown significance","null","missense_variant","3/3","null","244","MODERATE","23.7","null","0.00289118","gnomad_AF_amr_pass"","76.81734428356592","0.5570219994573592","49.0","0.2"
"7:96650190:G>C","NM_005221.6:c.728C>G","NP_005212.1:p.Thr243Ser","Likely benign","null","missense_variant","3/3","null","243","MODERATE","17.01","null","0.00326648","gnomad_AF_sas_pass"","142.79915637242888","0.9075972014852196","37.17","0.1"
"7:96650200:G>A","NM_005221.6:c.718C>T","NP_005212.1:p.His240Tyr","Unknown significance","null","missense_variant","3/3","null","240","MODERATE","23.2","null","0.000880762","gnomad_AF_nfe_pass"","169.08239185409133","0.8231766411114116","32.78","0.0"
"7:96650202:G>C","NM_005221.6:c.716C>G","NP_005212.1:p.Ala239Gly","Unknown significance","null","missense_variant","3/3","null","239","MODERATE","22.2","null","0.000880902","gnomad_AF_nfe_pass"","76.4141752441272","0.6009354392170791","35.66","0.3"
"7:96650205:T>A","NM_005221.6:c.713A>T","NP_005212.1:p.His238Leu","Unknown significance","null","missense_variant","3/3","null","238","MODERATE","22.6","null","0.000880607","gnomad_AF_nfe_pass"","175.2119192317548","0.8530182094912793","32.19","0.1"
"7:96650205:T>G","NM_005221.6:c.713A>C","NP_005212.1:p.His238Pro","Unknown significance","null","missense_variant","3/3","null","238","MODERATE","22.6","null","0.00326669","gnomad_AF_sas_pass"","175.2119192317548","0.8530182094912793","32.19","0.2"
"7:96650206:G>T","NM_005221.6:c.712C>A","NP_005212.1:p.His238Asn","Unknown significance","null","missense_variant","3/3","null","238","MODERATE","22.9","null","0.0369829","gnomad_AF_nfe_pass"","175.2119192317548","0.8530182094912793","32.19","0.2"
"7:96650210:G>T","NM_005221.6:c.708C>A","NP_005212.1:p.His236Gln","Unknown significance","null","missense_variant","3/3","null","236","MODERATE","19.40","null","0.0080141","gnomad_AF_afr_pass"","157.30920973885088","0.7658589724733921","34.78","0.2"
"7:96650212:G>A","NM_005221.6:c.706C>T","NP_005212.1:p.His236Tyr","Unknown significance","null","missense_variant","3/3","null","236","MODERATE","22.9","null","0.00326669","gnomad_AF_sas_pass"","157.30920973885088","0.7658589724733921","34.78","0.1"
"7:96650216:G>C","NM_005221.6:c.702C>G","NP_005212.1:p.Ser234Arg","Unknown significance","null","missense_variant","3/3","null","234","MODERATE","21.2","null","0.00615839","gnomad_AF_afr_pass"","94.95985128637619","0.6885779080887452","32.78","0.0"
"7:96650216:G>T","NM_005221.6:c.702C>A","NP_005212.1:p.Ser234Arg","Benign","null","missense_variant","3/3","null","234","MODERATE","21.3","null","1.26909","gnomad_AF_nfe_pass"","94.95985128637619","0.6885779080887452","32.78","0.0"
"7:96650223:G>A","NM_005221.6:c.695C>T","NP_005212.1:p.Ser232Leu","Unknown significance","null","missense_variant","3/3","null","232","MODERATE","23.5","null","0.00578436","gnomad_AF_amr_pass"","116.95086871701024","0.8480403395690018","37.06","0.0"
"7:96650226:C>A","NM_005221.6:c.692G>T","NP_005212.1:p.Arg231Leu","Unknown significance","null","missense_variant","3/3","null","231","MODERATE","25.5","null","0.0108731","gnomad_AF_eas_pass"","266.5841334337635","0.9894536867426006","32.69","0.0"
"7:96650226:C>T","NM_005221.6:c.692G>A","NP_005212.1:p.Arg231His","Likely benign","null","missense_variant","3/3","null","231","MODERATE","29.8","null","0.0302382","gnomad_AF_nfe_pass"","266.5841334337635","0.9894536867426006","32.69","0.0"
"7:96650232:G>A","NM_005221.6:c.686C>T","NP_005212.1:p.Ser229Leu","Unknown significance","null","missense_variant","3/3","null","229","MODERATE","23.4","null","0.000880235","gnomad_AF_nfe_pass"","136.05266156958822","0.9865522726122221","35.86","0.0"
"7:96650233:A>G","NM_005221.6:c.685T>C","NP_005212.1:p.Ser229Pro","Unknown significance","null","missense_variant","3/3","null","229","MODERATE","22.5","null","0.00697393","gnomad_AF_nfe_pass"","136.05266156958822","0.9865522726122221","35.86","0.1"
"7:96650238:T>C","NM_005221.6:c.680A>G","NP_005212.1:p.Gln227Arg","Unknown significance","null","missense_variant","3/3","null","227","MODERATE","22.4","null","0.000879848","gnomad_AF_nfe_pass"","181.99946584139346","0.9203433691917362","41.56","0.1"
"7:96650242:G>A","NM_005221.6:c.676C>T","NP_005212.1:p.Pro226Ser","Unknown significance","null","missense_variant","3/3","null","226","MODERATE","21.3","null","0.000879863","gnomad_AF_nfe_pass"","141.79301281163453","0.9014171243213659","46.39","0.0"
"7:96650248:A>T","NM_005221.6:c.670T>A","NP_005212.1:p.Trp224Arg","Unknown significance","null","missense_variant","3/3","null","224","MODERATE","29.6","null","0.00543656","gnomad_AF_eas_pass"","258.48043958677323","0.9853323029704631","47.89","0.2"
"7:96650281:T>C","NM_005221.6:c.637A>G","NP_005212.1:p.Met213Val","Unknown significance","null","missense_variant","3/3","null","213","MODERATE","22.4","null","0.00087943","gnomad_AF_nfe_pass"","207.34469858408306","0.9575654806532794","45.59","0.0"
"7:96650287:C>T","NM_005221.6:c.631G>A","NP_005212.1:p.Asp211Asn","Unknown significance","null","missense_variant","3/3","null","211","MODERATE","31","null","0.00648172","gnomad_AF_nfe_pass"","114.45910245440135","0.715459538241827","39.81","0.1"
"7:96650292:G>A","NM_005221.6:c.626C>T","NP_005212.1:p.Ser209Phe","Unknown significance","null","missense_variant","3/3","null","209","MODERATE","28.0","null","0.00543656","gnomad_AF_eas_pass"","86.980397176154","0.6307168674018035","40.87","0.1"
"7:96650306:C>G","NM_005221.6:c.612G>C","NP_005212.1:p.Glu204Asp","Unknown significance","null","missense_variant","3/3","null","204","MODERATE","22.6","null","0.00615309","gnomad_AF_afr_pass"","187.7510761382447","0.9614907427190204","49.3","0.0"
"7:96650307:T>C","NM_005221.6:c.611A>G","NP_005212.1:p.Glu204Gly","Unknown significance","null","missense_variant","3/3","null","204","MODERATE","25.2","null","0.000880173","gnomad_AF_nfe_pass"","187.7510761382447","0.9614907427190204","49.3","0.1"
"7:96650307:T>G","NM_005221.6:c.611A>C","NP_005212.1:p.Glu204Ala","Unknown significance","null","missense_variant","3/3","null","204","MODERATE","24.5","null","0.00326669","gnomad_AF_sas_pass"","187.7510761382447","0.9614907427190204","49.3","0.0"
"7:96650308:C>T","NM_005221.6:c.610G>A","NP_005212.1:p.Glu204Lys","Unknown significance","null","missense_variant","3/3","null","204","MODERATE","26.1","null","0.000880173","gnomad_AF_nfe_pass"","187.7510761382447","0.9614907427190204","49.3","0.0"
"7:96650310:G>A","NM_005221.6:c.608C>T","NP_005212.1:p.Pro203Leu","Unknown significance","null","missense_variant","3/3","null","203","MODERATE","23.1","null","0.00289151","gnomad_AF_amr_pass"","80.92475838680362","0.5144609141519585","58.82","0.2"
"7:96650310:G>C","NM_005221.6:c.608C>G","NP_005212.1:p.Pro203Arg","Unknown significance","null","missense_variant","3/3","null","203","MODERATE","23.1","null","0.0240442","gnomad_AF_afr_pass"","80.92475838680362","0.5144609141519585","58.82","0.3"
"7:96650311:G>A","NM_005221.6:c.607C>T","NP_005212.1:p.Pro203Ser","Unknown significance","null","missense_variant","3/3","null","203","MODERATE","22.6","null","0.000880483","gnomad_AF_nfe_pass"","80.92475838680362","0.5144609141519585","58.82","0.0"
"7:96650311:G>C","NM_005221.6:c.607C>G","NP_005212.1:p.Pro203Ala","Unknown significance","null","missense_variant","3/3","null","203","MODERATE","22.0","null","0.00176097","gnomad_AF_nfe_pass"","80.92475838680362","0.5144609141519585","58.82","0.0"
"7:96650313:G>A","NM_005221.6:c.605C>T","NP_005212.1:p.Pro202Leu","Unknown significance","null","missense_variant","3/3","null","202","MODERATE","28.5","null","0.000880561","gnomad_AF_nfe_pass"","37.48895908440786","0.23832760882626122","59.46","0.2"
"7:96650325:T>G","NM_005221.6:c.593A>C","NP_005212.1:p.Asn198Thr","Likely pathogenic","Hypogonadotropic hypogonadism","missense_variant","3/3","null","198","MODERATE","22.9","Homeobox_domain&Homeobox_domain","0","null"","98.46181100947722","0.6160520785899137","88.28","0.0"
"7:96650326:T>A","NM_005221.6:c.592A>T","NP_005212.1:p.Asn198Tyr","Unknown significance","null","missense_variant","3/3","null","198","MODERATE","27.6","Homeobox_domain&Homeobox_domain","0.00326797","gnomad_AF_sas_pass"","98.46181100947722","0.6160520785899137","88.28","0.3"
"7:96650338:T>G","NM_005221.6:c.580A>C","NP_005212.1:p.Lys194Gln","Unknown significance","null","missense_variant","3/3","null","194","MODERATE","29.0","Homeobox_domain&Homeobox_domain&Homeobox_domain&Homeobox_domain&Homeobox_domain&Homeobox_domain&Homeobox_domain&Homeobox_domain","0.00847266","gnomad_AF_amr_pass"","152.1805074474202","0.6428856685319929","95.97","0.2"
"7:96650342:G>C","NM_005221.6:c.576C>G","NP_005212.1:p.Ile192Met","Likely pathogenic","Pierre Robin sequence","missense_variant","3/3","null","192","MODERATE","22.0","Homeobox_domain&Homeobox_domain&_metazoa&Homeobox&_conserved_site&Homeobox_domain&Homeobox_domain&Homeobox_domain&Homeobox_domain&Homeobox_domain&_metazoa&Homeobox&_conserved_site&Homeobox_domain&Homeobox_domain&Homeobox_domain","0","null"","20.170377747984492","0.1028268218103406","97.08","0.0"
"7:96650360:C>A","NM_005221.6:c.558G>T","NP_005212.1:p.Gln186His","Pathogenic","Split hand/foot malformation","missense_variant","3/3","null","186","MODERATE","25.4","Homeobox_domain&Homeobox_domain&_metazoa&Helix-turn-helix_motif&Homeobox&_conserved_site&Homeobox_domain&Homeobox_domain&Homeobox_domain&Homeobox_domain&Homeobox_domain&_metazoa&Helix-turn-helix_motif&Homeobox&_conserved_site&Homeobox_domain&Homeobox_domain&Homeobox_domain","0","null"","99.68256135098119","0.5040794155042975","98.72","0.2"
"7:96650361:T>C","NM_005221.6:c.557A>G","NP_005212.1:p.Gln186Arg","Pathogenic","Split hand/foot malformation","missense_variant","3/3","null","186","MODERATE","23.5","Homeobox_domain&Homeobox_domain&_metazoa&Helix-turn-helix_motif&Homeobox&_conserved_site&Homeobox_domain&Homeobox_domain&Homeobox_domain&Homeobox_domain&Homeobox_domain&_metazoa&Helix-turn-helix_motif&Homeobox&_conserved_site&Homeobox_domain&Homeobox_domain&Homeobox_domain","0","null"","99.68256135098119","0.5040794155042975","98.72","0.1"
"7:96651501:G>A","NM_005221.6:c.536C>T","NP_005212.1:p.Thr179Ile","Unknown significance","null","missense_variant","2/3","null","179","MODERATE","31","Homeobox_domain&Homeobox_domain&_metazoa&Helix-turn-helix_motif&Homeobox&_conserved_site&Homeobox_domain&Homeobox_domain&Homeobox_domain&Homeobox_domain&Homeobox_domain&_metazoa&Helix-turn-helix_motif&Homeobox&_conserved_site&Homeobox_domain&Homeobox_domain&Homeobox_domain","0.00619214","gnomad_AF_nfe_pass"","91.1087062528586","0.5790650934265523","98.45","0.1"
"7:96651504:T>G","NM_005221.6:c.533A>C","NP_005212.1:p.Gln178Pro","Pathogenic","Split hand/foot malformation","missense_variant","2/3","null","178","MODERATE","26.0","Homeobox_domain&Homeobox_domain&_metazoa&Helix-turn-helix_motif&Homeobox&_conserved_site&Homeobox_domain&Homeobox_domain&Homeobox_domain&Homeobox_domain&Homeobox_domain&_metazoa&Helix-turn-helix_motif&Homeobox&_conserved_site&Homeobox_domain&Homeobox_domain&Homeobox_domain","0","null"","65.22069104802343","0.32981102588763295","98.68","0.4"
"7:96651519:G>A","NM_005221.6:c.518C>T","NP_005212.1:p.Ser173Leu","Unknown significance","null","missense_variant","2/3","null","173","MODERATE","32","Homeobox_domain&Helix-turn-helix_motif&Homeobox&_conserved_site&Homeobox_domain&Homeobox_domain&Homeobox_domain&Homeobox_domain&Helix-turn-helix_motif&Homeobox&_conserved_site&Homeobox_domain&Homeobox_domain&Homeobox_domain","0.000878997","gnomad_AF_nfe_pass"","78.1409540272276","0.5666198286037828","97.93","0.5"
"7:96651522:G>A","NM_005221.6:c.515C>T","NP_005212.1:p.Ala172Val","Unknown significance","null","missense_variant","2/3","null","172","MODERATE","32","Homeobox_domain&Helix-turn-helix_motif&Homeobox&_conserved_site&Homeobox_domain&Homeobox_domain&Homeobox_domain&Homeobox_domain&Helix-turn-helix_motif&Homeobox&_conserved_site&Homeobox_domain&Homeobox_domain&Homeobox_domain","0.00326627","gnomad_AF_sas_pass"","89.22121868544858","0.7016524364351335","98.51","0.3"
"7:96651531:T>G","NM_005221.6:c.506A>C","NP_005212.1:p.Glu169Ala","Unknown significance","null","missense_variant","2/3","null","169","MODERATE","31","Homeobox_domain&Homeobox_domain&_metazoa&Helix-turn-helix_motif&Homeobox_domain&Homeobox_domain&Homeobox_domain&Homeobox_domain&Homeobox_domain&_metazoa&Helix-turn-helix_motif&Homeobox_domain&Homeobox_domain&Homeobox_domain","0.00400416","gnomad_AF_afr_pass"","91.88149490288598","0.4705336906365369","98.4","0.1"
"7:96651532:C>T","NM_005221.6:c.505G>A","NP_005212.1:p.Glu169Lys","Likely pathogenic","Hypogonadotropic hypogonadism","missense_variant","2/3","null","169","MODERATE","32","Homeobox_domain&Homeobox_domain&_metazoa&Helix-turn-helix_motif&Homeobox_domain&Homeobox_domain&Homeobox_domain&Homeobox_domain&Homeobox_domain&_metazoa&Helix-turn-helix_motif&Homeobox_domain&Homeobox_domain&Homeobox_domain","0.000878966","gnomad_AF_nfe_pass"","91.88149490288598","0.4705336906365369","98.4","0.4"
"7:96651541:C>G","NM_005221.6:c.496G>C","NP_005212.1:p.Glu166Gln","Unknown significance","null","missense_variant","2/3","null","166","MODERATE","29.1","Homeobox_domain&Homeobox_domain&_metazoa&Helix-turn-helix_motif&Homeobox_domain&Homeobox_domain&Homeobox_domain&Homeobox_domain&Homeobox_domain&_metazoa&Helix-turn-helix_motif&Homeobox_domain&Homeobox_domain&Homeobox_domain","0.0380559","gnomad_AF_eas_pass"","78.97555807046567","0.4044411864244618","98.17","0.2"
"7:96651541:C>T","NM_005221.6:c.496G>A","NP_005212.1:p.Glu166Lys","Unknown significance","null","missense_variant","2/3","null","166","MODERATE","32","Homeobox_domain&Homeobox_domain&_metazoa&Helix-turn-helix_motif&Homeobox_domain&Homeobox_domain&Homeobox_domain&Homeobox_domain&Homeobox_domain&_metazoa&Helix-turn-helix_motif&Homeobox_domain&Homeobox_domain&Homeobox_domain","0","null"","78.97555807046567","0.4044411864244618","98.17","0.4"
"7:96651543:G>A","NM_005221.6:c.494C>T","NP_005212.1:p.Pro165Leu","Unknown significance","null","missense_variant","2/3","null","165","MODERATE","29.8","Homeobox_domain&Homeobox_domain&_metazoa&Homeobox_domain&Homeobox_domain&Homeobox_domain&Homeobox_domain&Homeobox_domain&_metazoa&Homeobox_domain&Homeobox_domain&Homeobox_domain","0","gnomad_AF_afr_pass,gnomad_AF_amr_pass,gnomad_AF_eas_pass,gnomad_AF_nfe_pass,gnomad_AF_sas_pass"","107.15252469086862","0.6811980277119236","98.09","0.2"
"7:96651561:G>A","NM_005221.6:c.476C>T","NP_005212.1:p.Thr159Ile","Unknown significance","null","missense_variant","2/3","null","159","MODERATE","29.9","Homeobox_domain&Homeobox_domain&_metazoa&Homeobox_domain&Homeobox_domain&Homeobox_domain&Homeobox_domain&Homeobox_domain&_metazoa&Homeobox_domain&Homeobox_domain&Homeobox_domain","0.00543656","gnomad_AF_eas_pass"","45.87319987033255","0.29155906017330346","97.79","0.0"
"7:96651563:C>G","NM_005221.6:c.474G>C","NP_005212.1:p.Lys158Asn","Unknown significance","null","missense_variant","2/3","null","158","MODERATE","24.2","Homeobox_domain&Homeobox_domain&Homeobox_domain&Homeobox_domain&Homeobox_domain&Homeobox_domain&Homeobox_domain&Homeobox_domain","0.00653253","gnomad_AF_sas_pass"","168.3191830786216","0.7110634098630938","97.87","0.1"
"7:96651573:C>A","NM_005221.6:c.464G>T","NP_005212.1:p.Arg155Met","Unknown significance","null","missense_variant","2/3","null","155","MODERATE","27.4","Homeobox_domain&Homeobox_domain&Homeobox_domain&Homeobox_domain&Homeobox_domain&Homeobox_domain&Homeobox_domain&Homeobox_domain","0.00289084","gnomad_AF_amr_pass"","49.625720843864066","0.18419082866542985","98.06","0.2"
"7:96651581:T>A","NM_005221.6:c.456A>T","NP_005212.1:p.Leu152Phe","Unknown significance","null","missense_variant","2/3","null","152","MODERATE","24.6","Homeobox_domain&Homeobox_domain&Homeobox_domain&Homeobox_domain&Homeobox_domain&Homeobox_domain&Homeobox_domain&Homeobox_domain","0.00648424","gnomad_AF_nfe_pass"","0.0","0.0","98.75","1.6"
"7:96651586:C>A","NM_005221.6:c.451G>T","NP_005212.1:p.Ala151Ser","Unknown significance","null","missense_variant","2/3","null","151","MODERATE","31","Homeobox_domain&Homeobox_domain&Homeobox_domain&Homeobox_domain&Homeobox_domain&Homeobox_domain&Homeobox_domain&Homeobox_domain","0.000878966","gnomad_AF_nfe_pass"","10.398406250256613","0.0817750215479271","98.49","0.7"
"7:96651588:G>A","NM_005221.6:c.449C>T","NP_005212.1:p.Ala150Val","Unknown significance","null","missense_variant","2/3","null","150","MODERATE","32","Homeobox_domain&Homeobox_domain&Homeobox_domain&Homeobox_domain&Homeobox_domain&Homeobox_domain&Homeobox_domain&Homeobox_domain","0.00400449","gnomad_AF_afr_pass"","45.56381150622224","0.35832237922374516","98.6","0.5"
"7:96651589:C>A","NM_005221.6:c.448G>T","NP_005212.1:p.Ala150Ser","Unknown significance","null","missense_variant","2/3","null","150","MODERATE","31","Homeobox_domain&Homeobox_domain&Homeobox_domain&Homeobox_domain&Homeobox_domain&Homeobox_domain&Homeobox_domain&Homeobox_domain","0.000878966","gnomad_AF_nfe_pass"","45.56381150622224","0.35832237922374516","98.6","0.4"
"7:96651603:G>C","NM_005221.6:c.434C>G","NP_005212.1:p.Ser145Cys","Unknown significance","null","missense_variant","2/3","null","145","MODERATE","29.1","Homeobox_domain&Homeobox_domain&Homeobox_domain&Homeobox_domain&Homeobox_domain&Homeobox_domain&Homeobox_domain&Homeobox_domain","0.000878966","gnomad_AF_nfe_pass"","83.97283420520787","0.6089082673363528","98.51","0.2"
"7:96651604:A>T","NM_005221.6:c.433T>A","NP_005212.1:p.Ser145Thr","Unknown significance","null","missense_variant","2/3","null","145","MODERATE","32","Homeobox_domain&Homeobox_domain&Homeobox_domain&Homeobox_domain&Homeobox_domain&Homeobox_domain&Homeobox_domain&Homeobox_domain","0.000878966","gnomad_AF_nfe_pass"","83.97283420520787","0.6089082673363528","98.51","0.3"
"7:96651606:T>A","NM_005221.6:c.431A>T","NP_005212.1:p.Tyr144Phe","Unknown significance","null","missense_variant","2/3","null","144","MODERATE","25.5","Homeobox_domain&Homeobox_domain&Homeobox_domain&Homeobox_domain&Homeobox_domain&Homeobox_domain&Homeobox_domain&Homeobox_domain","0.000878966","gnomad_AF_nfe_pass"","18.779250972851692","0.0782756714546988","98.4","0.5"
"7:96651625:G>C","NM_005221.6:c.412C>G","NP_005212.1:p.Arg138Gly","Unknown significance","null","missense_variant","2/3","null","138","MODERATE","30","Homeobox_domain&Homeobox_domain&Homeobox_domain&Homeobox_domain&Homeobox_domain&Homeobox_domain&Homeobox_domain&Homeobox_domain","0.00326627","gnomad_AF_sas_pass"","174.05565581004365","0.6460249832627014","91.33","0.6"
"7:96651637:G>C","NM_005221.6:c.400C>G","NP_005212.1:p.Pro134Ala","Unknown significance","null","missense_variant","2/3","null","134","MODERATE","24.1","null","0","gnomad_AF_afr_pass,gnomad_AF_amr_pass,gnomad_AF_eas_pass,gnomad_AF_nfe_pass,gnomad_AF_sas_pass"","105.55826349181899","0.6710628714234148","77.7","0.2"
"7:96651643:C>T","NM_005221.6:c.394G>A","NP_005212.1:p.Gly132Ser","Unknown significance","null","missense_variant","2/3","null","132","MODERATE","31","null","0.00615157","gnomad_AF_afr_pass"","52.85259673631816","0.5543231233986844","77.75","0.1"
"7:96651653:T>A","NM_005221.6:c.384A>T","NP_005212.1:p.Arg128Ser","Unknown significance","null","missense_variant","2/3","null","128","MODERATE","23.8","null","0.000878966","gnomad_AF_nfe_pass"","160.2102606114805","0.5946364135561311","72.5","0.4"
"7:96651658:C>T","NM_005221.6:c.379G>A","NP_005212.1:p.Val127Met","Unknown significance","null","missense_variant","2/3","null","127","MODERATE","27.1","null","0.000878966","gnomad_AF_nfe_pass"","92.98554547115117","0.5409529586387134","69.32","0.0"
"7:96651663:G>A","NM_005221.6:c.374C>T","NP_005212.1:p.Pro125Leu","Unknown significance","null","missense_variant","2/3","null","125","MODERATE","25.2","null","0.00543656","gnomad_AF_eas_pass"","78.12665473438898","0.49667260076543485","59.77","0.0"
"7:96651664:G>C","NM_005221.6:c.373C>G","NP_005212.1:p.Pro125Ala","Unknown significance","null","missense_variant","2/3","null","125","MODERATE","22.7","null","0.000879028","gnomad_AF_nfe_pass"","78.12665473438898","0.49667260076543485","59.77","0.2"
"7:96651666:T>C","NM_005221.6:c.371A>G","NP_005212.1:p.Glu124Gly","Unknown significance","null","missense_variant","2/3","null","124","MODERATE","32","null","0.00175806","gnomad_AF_nfe_pass"","146.20178348144125","0.7487129462997631","65.2","0.2"
"7:96651667:C>T","NM_005221.6:c.370G>A","NP_005212.1:p.Glu124Lys","Unknown significance","null","missense_variant","2/3","null","124","MODERATE","27.4","null","0.00543715","gnomad_AF_eas_pass"","146.20178348144125","0.7487129462997631","65.2","0.0"
"7:96651673:C>G","NM_005221.6:c.364G>C","NP_005212.1:p.Val122Leu","Unknown significance","null","missense_variant","2/3","null","122","MODERATE","22.8","null","0.00543774","gnomad_AF_eas_pass"","145.639339375594","0.8472718112285317","56.05","0.0"
"7:96651673:C>T","NM_005221.6:c.364G>A","NP_005212.1:p.Val122Met","Unknown significance","null","missense_variant","2/3","null","122","MODERATE","23.5","null","0.00801089","gnomad_AF_afr_pass"","145.639339375594","0.8472718112285317","56.05","0.0"
"7:96651677:T>G","NM_005221.6:c.360A>C","NP_005212.1:p.Lys120Asn","Unknown significance","null","missense_variant","2/3","null","120","MODERATE","26.6","null","0.00326648","gnomad_AF_sas_pass"","151.4213928379043","0.6396787932795914","45.98","0.0"
"7:96653581:C>G","NM_005221.6:c.355G>C","NP_005212.1:p.Glu119Gln","Unknown significance","null","missense_variant&splice_region_variant","1/3","null","119","MODERATE","32","null","0.00329186","gnomad_AF_sas_pass"","199.92424857617235","1.0238306922379865","45.08","0.0"
"7:96653581:C>T","NM_005221.6:c.355G>A","NP_005212.1:p.Glu119Lys","Unknown significance","null","missense_variant&splice_region_variant","1/3","null","119","MODERATE","31","null","0.000889316","gnomad_AF_nfe_pass"","199.92424857617235","1.0238306922379865","45.08","0.0"
"7:96653589:T>C","NM_005221.6:c.347A>G","NP_005212.1:p.Asn116Ser","Likely benign","null","missense_variant","1/3","null","116","MODERATE","15.85","Distal-less-like_homeobox_protein&_N-terminal_domain&Distal-less-like_homeobox_protein&_N-terminal_domain","0.000886273","gnomad_AF_nfe_pass"","157.49359846134098","0.9853998997375287","37.82","0.0"
"7:96653590:T>G","NM_005221.6:c.346A>C","NP_005212.1:p.Asn116His","Unknown significance","null","missense_variant","1/3","null","116","MODERATE","24.4","Distal-less-like_homeobox_protein&_N-terminal_domain&Distal-less-like_homeobox_protein&_N-terminal_domain","0.0054407","gnomad_AF_eas_pass"","157.49359846134098","0.9853998997375287","37.82","0.0"
"7:96653599:T>C","NM_005221.6:c.337A>G","NP_005212.1:p.Ser113Gly","Unknown significance","null","missense_variant","1/3","null","113","MODERATE","23.9","Distal-less-like_homeobox_protein&_N-terminal_domain&Distal-less-like_homeobox_protein&_N-terminal_domain","0.0320564","gnomad_AF_afr_pass"","93.77468726008854","0.6799839838680544","41.84","0.4"
"7:96653601:G>C","NM_005221.6:c.335C>G","NP_005212.1:p.Pro112Arg","Unknown significance","null","missense_variant","1/3","null","112","MODERATE","23.0","Distal-less-like_homeobox_protein&_N-terminal_domain&Distal-less-like_homeobox_protein&_N-terminal_domain","0.000884267","gnomad_AF_nfe_pass"","152.26850109714485","0.9680126803289894","55.08","0.0"
"7:96653604:A>G","NM_005221.6:c.332T>C","NP_005212.1:p.Val111Ala","Likely benign","null","missense_variant","1/3","null","111","MODERATE","19.45","Distal-less-like_homeobox_protein&_N-terminal_domain&Distal-less-like_homeobox_protein&_N-terminal_domain","0.0130736","gnomad_AF_sas_pass"","140.55213600029927","0.8176764832329958","47.22","0.2"
"7:96653607:C>T","NM_005221.6:c.329G>A","NP_005212.1:p.Arg110His","Unknown significance","null","missense_variant","1/3","null","110","MODERATE","31","Distal-less-like_homeobox_protein&_N-terminal_domain&Distal-less-like_homeobox_protein&_N-terminal_domain","0.000884064","gnomad_AF_nfe_pass"","199.5376600255512","0.7406039917425479","45.21","0.1"
"7:96653608:G>A","NM_005221.6:c.328C>T","NP_005212.1:p.Arg110Cys","Unknown significance","null","missense_variant","1/3","null","110","MODERATE","32","Distal-less-like_homeobox_protein&_N-terminal_domain&Distal-less-like_homeobox_protein&_N-terminal_domain","0","null"","199.5376600255512","0.7406039917425479","45.21","0.3"
"7:96653613:T>C","NM_005221.6:c.323A>G","NP_005212.1:p.Tyr108Cys","Unknown significance","null","missense_variant","1/3","null","108","MODERATE","26.5","Distal-less-like_homeobox_protein&_N-terminal_domain&Distal-less-like_homeobox_protein&_N-terminal_domain","0.0194086","gnomad_AF_nfe_pass"","133.48203805406138","0.556379813600025","47.82","1.2"
"7:96653616:G>A","NM_005221.6:c.320C>T","NP_005212.1:p.Ala107Val","Unknown significance","null","missense_variant","1/3","null","107","MODERATE","22.8","Distal-less-like_homeobox_protein&_N-terminal_domain&Distal-less-like_homeobox_protein&_N-terminal_domain","0","gnomad_AF_afr_pass,gnomad_AF_amr_pass,gnomad_AF_eas_pass,gnomad_AF_nfe_pass"","112.57747497957806","0.8853304266737061","46.13","0.0"
"7:96653617:C>A","NM_005221.6:c.319G>T","NP_005212.1:p.Ala107Ser","Unknown significance","null","missense_variant","1/3","null","107","MODERATE","23.0","Distal-less-like_homeobox_protein&_N-terminal_domain&Distal-less-like_homeobox_protein&_N-terminal_domain","0.0115707","gnomad_AF_amr_pass"","112.57747497957806","0.8853304266737061","46.13","0.0"
"7:96653617:C>T","NM_005221.6:c.319G>A","NP_005212.1:p.Ala107Thr","Unknown significance","null","missense_variant","1/3","null","107","MODERATE","23.1","Distal-less-like_homeobox_protein&_N-terminal_domain&Distal-less-like_homeobox_protein&_N-terminal_domain","0.00176463","gnomad_AF_nfe_pass"","112.57747497957806","0.8853304266737061","46.13","0.0"
"7:96653623:C>T","NM_005221.6:c.313G>A","NP_005212.1:p.Gly105Ser","Unknown significance","null","missense_variant","1/3","null","105","MODERATE","22.4","Distal-less-like_homeobox_protein&_N-terminal_domain&Distal-less-like_homeobox_protein&_N-terminal_domain","0.00176165","gnomad_AF_nfe_pass"","67.19728566252192","0.704771602012258","40.15","0.1"
"7:96653625:T>C","NM_005221.6:c.311A>G","NP_005212.1:p.Tyr104Cys","Unknown significance","null","missense_variant","1/3","null","104","MODERATE","32","Distal-less-like_homeobox_protein&_N-terminal_domain&Distal-less-like_homeobox_protein&_N-terminal_domain","0.00440257","gnomad_AF_nfe_pass"","165.58516029028073","0.6901920435161764","45.15","0.9"
"7:96653632:G>A","NM_005221.6:c.304C>T","NP_005212.1:p.His102Tyr","Unknown significance","null","missense_variant","1/3","null","102","MODERATE","22.7","Distal-less-like_homeobox_protein&_N-terminal_domain&Distal-less-like_homeobox_protein&_N-terminal_domain","0","null"","180.82628440519284","0.8803517136768116","42.84","0.1"
"7:96653635:A>G","NM_005221.6:c.301T>C","NP_005212.1:p.Tyr101His","Unknown significance","null","missense_variant","1/3","null","101","MODERATE","31","Distal-less-like_homeobox_protein&_N-terminal_domain&Distal-less-like_homeobox_protein&_N-terminal_domain","0.00087991","gnomad_AF_nfe_pass"","197.1863081952821","0.8219119440904433","41.36","0.3"
"7:96653637:G>A","NM_005221.6:c.299C>T","NP_005212.1:p.Ser100Phe","Unknown significance","null","missense_variant","1/3","null","100","MODERATE","23.6","Distal-less-like_homeobox_protein&_N-terminal_domain&Distal-less-like_homeobox_protein&_N-terminal_domain","0.000879802","gnomad_AF_nfe_pass"","115.4567839089537","0.8372063525976432","43.09","0.1"
"7:96653640:C>G","NM_005221.6:c.296G>C","NP_005212.1:p.Ser99Thr","Unknown significance","null","missense_variant","1/3","null","99","MODERATE","22.6","Distal-less-like_homeobox_protein&_N-terminal_domain&Distal-less-like_homeobox_protein&_N-terminal_domain","0.000879802","gnomad_AF_nfe_pass"","91.7332039979803","0.6651806722055144","47.52","0.1"
"7:96653648:G>C","NM_005221.6:c.288C>G","NP_005212.1:p.Ser96Arg","Unknown significance","null","missense_variant","1/3","null","96","MODERATE","27.1","Distal-less-like_homeobox_protein&_N-terminal_domain&Distal-less-like_homeobox_protein&_N-terminal_domain","0.000879538","gnomad_AF_nfe_pass"","103.52086616258492","0.750655993034337","46.81","0.2"
"7:96653649:C>G","NM_005221.6:c.287G>C","NP_005212.1:p.Ser96Thr","Unknown significance","null","missense_variant","1/3","null","96","MODERATE","22.7","Distal-less-like_homeobox_protein&_N-terminal_domain&Distal-less-like_homeobox_protein&_N-terminal_domain","0.000879569","gnomad_AF_nfe_pass"","103.52086616258492","0.750655993034337","46.81","0.1"
"7:96653665:C>A","NM_005221.6:c.271G>T","NP_005212.1:p.Ala91Ser","Unknown significance","null","missense_variant","1/3","null","91","MODERATE","18.24","Distal-less-like_homeobox_protein&_N-terminal_domain&Distal-less-like_homeobox_protein&_N-terminal_domain","0.000879322","gnomad_AF_nfe_pass"","110.29141039127036","0.8673523849940784","50.2","0.0"
"7:96653670:G>T","NM_005221.6:c.266C>A","NP_005212.1:p.Ala89Asp","Unknown significance","null","missense_variant","1/3","null","89","MODERATE","24.8","Distal-less-like_homeobox_protein&_N-terminal_domain&Distal-less-like_homeobox_protein&_N-terminal_domain","0.0046459","gnomad_AF_nfe_pass"","104.45713583343053","0.8214705530862222","47.93","0.1"
"7:96653674:G>A","NM_005221.6:c.262C>T","NP_005212.1:p.Pro88Ser","Unknown significance","null","missense_variant","1/3","null","88","MODERATE","22.1","Distal-less-like_homeobox_protein&_N-terminal_domain&Distal-less-like_homeobox_protein&_N-terminal_domain","0.004397","gnomad_AF_nfe_pass"","120.35619328526926","0.7651373752076159","54.9","0.1"
"7:96653674:G>C","NM_005221.6:c.262C>G","NP_005212.1:p.Pro88Ala","Unknown significance","null","missense_variant","1/3","null","88","MODERATE","22.4","Distal-less-like_homeobox_protein&_N-terminal_domain&Distal-less-like_homeobox_protein&_N-terminal_domain","0.000879399","gnomad_AF_nfe_pass"","120.35619328526926","0.7651373752076159","54.9","0.1"
"7:96653674:G>T","NM_005221.6:c.262C>A","NP_005212.1:p.Pro88Thr","Unknown significance","null","missense_variant","1/3","null","88","MODERATE","22.9","Distal-less-like_homeobox_protein&_N-terminal_domain&Distal-less-like_homeobox_protein&_N-terminal_domain","0.000879399","gnomad_AF_nfe_pass"","120.35619328526926","0.7651373752076159","54.9","0.1"
"7:96653677:A>G","NM_005221.6:c.259T>C","NP_005212.1:p.Tyr87His","Unknown significance","null","missense_variant","1/3","null","87","MODERATE","31","Distal-less-like_homeobox_protein&_N-terminal_domain&Distal-less-like_homeobox_protein&_N-terminal_domain","0.0108731","gnomad_AF_eas_pass"","185.923097429531","0.7749646304462783","40.11","0.3"
"7:96653678:G>C","NM_005221.6:c.258C>G","NP_005212.1:p.Ser86Arg","Unknown significance","null","missense_variant","1/3","null","86","MODERATE","22.3","Distal-less-like_homeobox_protein&_N-terminal_domain&Distal-less-like_homeobox_protein&_N-terminal_domain","0.00615385","gnomad_AF_afr_pass"","136.95181707887966","0.9930722767112933","47.02","0.0"
"7:96653682:C>G","NM_005221.6:c.254G>C","NP_005212.1:p.Gly85Ala","Likely benign","null","missense_variant","1/3","null","85","MODERATE","21.8","Distal-less-like_homeobox_protein&_N-terminal_domain&Distal-less-like_homeobox_protein&_N-terminal_domain","0.00154878","gnomad_AF_nfe_pass"","73.9059185801069","0.7751323899819351","43.24","0.1"
"7:96653683:C>T","NM_005221.6:c.253G>A","NP_005212.1:p.Gly85Arg","Unknown significance","null","missense_variant","1/3","null","85","MODERATE","28.5","Distal-less-like_homeobox_protein&_N-terminal_domain&Distal-less-like_homeobox_protein&_N-terminal_domain","0.0108755","gnomad_AF_eas_pass"","73.9059185801069","0.7751323899819351","43.24","0.1"
"7:96653685:G>A","NM_005221.6:c.251C>T","NP_005212.1:p.Ala84Val","Unknown significance","null","missense_variant","1/3","null","84","MODERATE","24.4","Distal-less-like_homeobox_protein&_N-terminal_domain&Distal-less-like_homeobox_protein&_N-terminal_domain","0.00289118","gnomad_AF_amr_pass"","125.2760207615533","0.9851941779021924","43.46","0.0"
"7:96653686:C>G","NM_005221.6:c.250G>C","NP_005212.1:p.Ala84Pro","Unknown significance","null","missense_variant","1/3","null","84","MODERATE","22.8","Distal-less-like_homeobox_protein&_N-terminal_domain&Distal-less-like_homeobox_protein&_N-terminal_domain","0.00175874","gnomad_AF_nfe_pass"","125.2760207615533","0.9851941779021924","43.46","0.1"
"7:96653686:C>T","NM_005221.6:c.250G>A","NP_005212.1:p.Ala84Thr","Unknown significance","null","missense_variant","1/3","null","84","MODERATE","22.8","Distal-less-like_homeobox_protein&_N-terminal_domain&Distal-less-like_homeobox_protein&_N-terminal_domain","0.0123062","gnomad_AF_afr_pass"","125.2760207615533","0.9851941779021924","43.46","0.0"
"7:96653688:G>A","NM_005221.6:c.248C>T","NP_005212.1:p.Ser83Phe","Unknown significance","null","missense_variant","1/3","null","83","MODERATE","24.0","Distal-less-like_homeobox_protein&_N-terminal_domain&Distal-less-like_homeobox_protein&_N-terminal_domain","0.000774281","gnomad_AF_nfe_pass"","106.56088829427866","0.7726999626870726","47.18","0.1"
"7:96653692:C>T","NM_005221.6:c.244G>A","NP_005212.1:p.Gly82Ser","Unknown significance","null","missense_variant","1/3","null","82","MODERATE","23.2","Distal-less-like_homeobox_protein&_N-terminal_domain&Distal-less-like_homeobox_protein&_N-terminal_domain","0.00175864","gnomad_AF_nfe_pass"","81.81699856651082","0.858104558585088","42.04","0.1"
"7:96653697:A>G","NM_005221.6:c.239T>C","NP_005212.1:p.Val80Ala","Likely benign","null","missense_variant","1/3","null","80","MODERATE","22.4","Distal-less-like_homeobox_protein&_N-terminal_domain&Distal-less-like_homeobox_protein&_N-terminal_domain","0.252323","gnomad_AF_afr_pass"","169.11443427856454","0.983840586275685","50.62","0.1"
"7:96653697:A>T","NM_005221.6:c.239T>A","NP_005212.1:p.Val80Glu","Unknown significance","null","missense_variant","1/3","null","80","MODERATE","23.2","Distal-less-like_homeobox_protein&_N-terminal_domain&Distal-less-like_homeobox_protein&_N-terminal_domain","0.00648172","gnomad_AF_nfe_pass"","169.11443427856454","0.983840586275685","50.62","0.1"
"7:96653706:T>C","NM_005221.6:c.230A>G","NP_005212.1:p.Tyr77Cys","Unknown significance","null","missense_variant","1/3","null","77","MODERATE","27.9","Distal-less-like_homeobox_protein&_N-terminal_domain&Distal-less-like_homeobox_protein&_N-terminal_domain","0","null"","206.90546544200328","0.862423334058058","45.57","0.4"
"7:96653707:A>G","NM_005221.6:c.229T>C","NP_005212.1:p.Tyr77His","Unknown significance","null","missense_variant","1/3","null","77","MODERATE","25.0","Distal-less-like_homeobox_protein&_N-terminal_domain&Distal-less-like_homeobox_protein&_N-terminal_domain","0.00154832","gnomad_AF_nfe_pass"","206.90546544200328","0.862423334058058","45.57","0.2"
"7:96653712:T>C","NM_005221.6:c.224A>G","NP_005212.1:p.Tyr75Cys","Unknown significance","null","missense_variant","1/3","null","75","MODERATE","32","Distal-less-like_homeobox_protein&_N-terminal_domain&Distal-less-like_homeobox_protein&_N-terminal_domain","0.000879198","gnomad_AF_nfe_pass"","152.84208605096336","0.637076363134587","47.0","1.0"
"7:96653715:T>C","NM_005221.6:c.221A>G","NP_005212.1:p.Gln74Arg","Unknown significance","null","missense_variant","1/3","null","74","MODERATE","25.0","Distal-less-like_homeobox_protein&_N-terminal_domain&Distal-less-like_homeobox_protein&_N-terminal_domain","0","null"","166.9749462368069","0.8443666792083552","49.76","0.0"
"7:96653728:G>A","NM_005221.6:c.208C>T","NP_005212.1:p.Leu70Phe","Unknown significance","null","missense_variant","1/3","null","70","MODERATE","24.8","Distal-less-like_homeobox_protein&_N-terminal_domain&Distal-less-like_homeobox_protein&_N-terminal_domain","0.00578168","gnomad_AF_amr_pass"","159.72704371112215","0.8282396939398424","56.74","0.1"
"7:96653742:G>A","NM_005221.6:c.194C>T","NP_005212.1:p.Ser65Phe","Unknown significance","null","missense_variant","1/3","null","65","MODERATE","32","Distal-less-like_homeobox_protein&_N-terminal_domain&Distal-less-like_homeobox_protein&_N-terminal_domain","0.00653253","gnomad_AF_sas_pass"","130.89019106743578","0.9491178928107872","40.1","0.0"
"7:96653745:G>C","NM_005221.6:c.191C>G","NP_005212.1:p.Ala64Gly","Unknown significance","null","missense_variant","1/3","null","64","MODERATE","23.6","Distal-less-like_homeobox_protein&_N-terminal_domain&Distal-less-like_homeobox_protein&_N-terminal_domain","0.00326627","gnomad_AF_sas_pass"","103.18957968158483","0.8115022532202854","41.35","0.2"
"7:96653749:A>T","NM_005221.6:c.187T>A","NP_005212.1:p.Ser63Thr","Unknown significance","null","missense_variant","1/3","null","63","MODERATE","22.3","Distal-less-like_homeobox_protein&_N-terminal_domain&Distal-less-like_homeobox_protein&_N-terminal_domain","0.00696681","gnomad_AF_nfe_pass"","127.28046505962509","0.9229428562078347","47.51","0.0"
"7:96653751:G>A","NM_005221.6:c.185C>T","NP_005212.1:p.Thr62Ile","Unknown significance","null","missense_variant","1/3","null","62","MODERATE","23.1","Distal-less-like_homeobox_protein&_N-terminal_domain&Distal-less-like_homeobox_protein&_N-terminal_domain","0","gnomad_AF_afr_pass,gnomad_AF_amr_pass,gnomad_AF_eas_pass,gnomad_AF_nfe_pass"","130.08481078179219","0.8267878692039975","43.5","0.0"
"7:96653752:T>C","NM_005221.6:c.184A>G","NP_005212.1:p.Thr62Ala","Unknown significance","null","missense_variant","1/3","null","62","MODERATE","20.7","Distal-less-like_homeobox_protein&_N-terminal_domain&Distal-less-like_homeobox_protein&_N-terminal_domain","0.000879167","gnomad_AF_nfe_pass"","130.08481078179219","0.8267878692039975","43.5","0.1"
"7:96653754:G>A","NM_005221.6:c.182C>T","NP_005212.1:p.Pro61Leu","Unknown significance","null","missense_variant","1/3","null","61","MODERATE","26.4","Distal-less-like_homeobox_protein&_N-terminal_domain&Distal-less-like_homeobox_protein&_N-terminal_domain","0.000879105","gnomad_AF_nfe_pass"","162.67626277502058","1.0341776796915183","56.07","0.0"
"7:96653761:A>G","NM_005221.6:c.175T>C","NP_005212.1:p.Cys59Arg","Unknown significance","null","missense_variant","1/3","null","59","MODERATE","25.4","Distal-less-like_homeobox_protein&_N-terminal_domain&Distal-less-like_homeobox_protein&_N-terminal_domain","0.0326193","gnomad_AF_eas_pass"","143.30799879114488","0.9273917317070536","42.45","0.0"
"7:96653763:T>A","NM_005221.6:c.173A>T","NP_005212.1:p.Tyr58Phe","Unknown significance","null","missense_variant","1/3","null","58","MODERATE","25.3","Distal-less-like_homeobox_protein&_N-terminal_domain&Distal-less-like_homeobox_protein&_N-terminal_domain","0.00289084","gnomad_AF_amr_pass"","172.8265248438882","0.7203754983036602","40.92","0.3"
"7:96653766:C>A","NM_005221.6:c.170G>T","NP_005212.1:p.Gly57Val","Unknown significance","null","missense_variant","1/3","null","57","MODERATE","31","Distal-less-like_homeobox_protein&_N-terminal_domain&Distal-less-like_homeobox_protein&_N-terminal_domain","0.00615157","gnomad_AF_afr_pass"","60.69663354555028","0.6365921367045139","37.6","0.2"
"7:96653768:G>C","NM_005221.6:c.168C>G","NP_005212.1:p.His56Gln","Likely benign","null","missense_variant","1/3","null","56","MODERATE","15.36","Distal-less-like_homeobox_protein&_N-terminal_domain&Distal-less-like_homeobox_protein&_N-terminal_domain","0.000879384","gnomad_AF_nfe_pass"","168.8741516550536","0.8221628249138256","44.39","0.2"
"7:96653769:T>G","NM_005221.6:c.167A>C","NP_005212.1:p.His56Pro","Unknown significance","null","missense_variant","1/3","null","56","MODERATE","23.1","Distal-less-like_homeobox_protein&_N-terminal_domain&Distal-less-like_homeobox_protein&_N-terminal_domain","0.000879384","gnomad_AF_nfe_pass"","168.8741516550536","0.8221628249138256","44.39","0.2"
"7:96653772:G>A","NM_005221.6:c.164C>T","NP_005212.1:p.Pro55Leu","Unknown significance","null","missense_variant","1/3","null","55","MODERATE","23.3","Distal-less-like_homeobox_protein&_N-terminal_domain&Distal-less-like_homeobox_protein&_N-terminal_domain","0.000879384","gnomad_AF_nfe_pass"","152.09853584219906","0.9669321645242274","47.41","0.0"
"7:96653772:G>T","NM_005221.6:c.164C>A","NP_005212.1:p.Pro55Gln","Unknown significance","null","missense_variant","1/3","null","55","MODERATE","22.5","Distal-less-like_homeobox_protein&_N-terminal_domain&Distal-less-like_homeobox_protein&_N-terminal_domain","0.00326627","gnomad_AF_sas_pass"","152.09853584219906","0.9669321645242274","47.41","0.0"
"7:96653773:G>A","NM_005221.6:c.163C>T","NP_005212.1:p.Pro55Ser","Unknown significance","null","missense_variant","1/3","null","55","MODERATE","22.7","Distal-less-like_homeobox_protein&_N-terminal_domain&Distal-less-like_homeobox_protein&_N-terminal_domain","0.00289084","gnomad_AF_amr_pass"","152.09853584219906","0.9669321645242274","47.41","0.1"
"7:96653778:C>T","NM_005221.6:c.158G>A","NP_005212.1:p.Gly53Glu","Unknown significance","null","missense_variant","1/3","null","53","MODERATE","25.0","Distal-less-like_homeobox_protein&_N-terminal_domain&Distal-less-like_homeobox_protein&_N-terminal_domain","0.000879693","gnomad_AF_nfe_pass"","77.54428428817351","0.8132919198423907","33.12","0.0"
"7:96653782:C>G","NM_005221.6:c.154G>C","NP_005212.1:p.Gly52Arg","Unknown significance","null","missense_variant","1/3","null","52","MODERATE","29.5","Distal-less-like_homeobox_protein&_N-terminal_domain&Distal-less-like_homeobox_protein&_N-terminal_domain","0.00326627","gnomad_AF_sas_pass"","65.32273488605509","0.6851111329805349","37.56","0.3"
"7:96653784:G>A","NM_005221.6:c.152C>T","NP_005212.1:p.Thr51Met","Unknown significance","null","missense_variant","1/3","null","51","MODERATE","24.2","Distal-less-like_homeobox_protein&_N-terminal_domain&Distal-less-like_homeobox_protein&_N-terminal_domain","0","null"","141.1668349186193","0.8972225576775346","44.79","0.0"
"7:96653784:G>C","NM_005221.6:c.152C>G","NP_005212.1:p.Thr51Arg","Unknown significance","null","missense_variant","1/3","null","51","MODERATE","22.6","Distal-less-like_homeobox_protein&_N-terminal_domain&Distal-less-like_homeobox_protein&_N-terminal_domain","0.000879631","gnomad_AF_nfe_pass"","141.1668349186193","0.8972225576775346","44.79","0.0"
"7:96653798:G>T","NM_005221.6:c.138C>A","NP_005212.1:p.Asp46Glu","Unknown significance","null","missense_variant","1/3","null","46","MODERATE","27.7","Distal-less-like_homeobox_protein&_N-terminal_domain&Distal-less-like_homeobox_protein&_N-terminal_domain","0.00697134","gnomad_AF_nfe_pass"","129.44332724060882","0.8091227447196399","45.3","0.0"
"7:96653799:T>G","NM_005221.6:c.137A>C","NP_005212.1:p.Asp46Ala","Unknown significance","null","missense_variant","1/3","null","46","MODERATE","24.7","Distal-less-like_homeobox_protein&_N-terminal_domain&Distal-less-like_homeobox_protein&_N-terminal_domain","0.000879755","gnomad_AF_nfe_pass"","129.44332724060882","0.8091227447196399","45.3","0.1"
"7:96653803:A>G","NM_005221.6:c.133T>C","NP_005212.1:p.Ser45Pro","Unknown significance","null","missense_variant","1/3","null","45","MODERATE","24.0","Distal-less-like_homeobox_protein&_N-terminal_domain&Distal-less-like_homeobox_protein&_N-terminal_domain","0.00326627","gnomad_AF_sas_pass"","126.6801566663906","0.9185898681605501","51.07","0.1"
"7:96653805:T>G","NM_005221.6:c.131A>C","NP_005212.1:p.Asp44Ala","Unknown significance","null","missense_variant","1/3","null","44","MODERATE","31","Distal-less-like_homeobox_protein&_N-terminal_domain&Distal-less-like_homeobox_protein&_N-terminal_domain","0.00232421","gnomad_AF_nfe_pass"","119.11794701770673","0.7445809860649112","42.82","0.2"
"7:96653808:G>T","NM_005221.6:c.128C>A","NP_005212.1:p.Thr43Asn","Unknown significance","null","missense_variant","1/3","null","43","MODERATE","28.4","Distal-less-like_homeobox_protein&_N-terminal_domain&Distal-less-like_homeobox_protein&_N-terminal_domain","0.00326627","gnomad_AF_sas_pass"","151.8046041959548","0.9648336687752418","48.66","0.1"
"7:96653814:G>A","NM_005221.6:c.122C>T","NP_005212.1:p.Ser41Leu","Unknown significance","null","missense_variant","1/3","null","41","MODERATE","31","Distal-less-like_homeobox_protein&_N-terminal_domain&Distal-less-like_homeobox_protein&_N-terminal_domain","0.00289084","gnomad_AF_amr_pass"","100.84397501514353","0.7312451780265536","51.1","0.1"
"7:96653818:A>C","NM_005221.6:c.118T>G","NP_005212.1:p.Ser40Ala","Unknown significance","null","missense_variant","1/3","null","40","MODERATE","28.2","Distal-less-like_homeobox_protein&_N-terminal_domain&Distal-less-like_homeobox_protein&_N-terminal_domain","0.000879972","gnomad_AF_nfe_pass"","134.1918410718662","0.9730589923649108","51.9","0.1"
"7:96653823:G>C","NM_005221.6:c.113C>G","NP_005212.1:p.Pro38Arg","Unknown significance","null","missense_variant","1/3","null","38","MODERATE","29.7","Distal-less-like_homeobox_protein&_N-terminal_domain&Distal-less-like_homeobox_protein&_N-terminal_domain","0","null"","134.059183069817","0.8522510446420986","53.86","0.3"
"7:96653824:G>A","NM_005221.6:c.112C>T","NP_005212.1:p.Pro38Ser","Unknown significance","null","missense_variant","1/3","null","38","MODERATE","29.6","Distal-less-like_homeobox_protein&_N-terminal_domain&Distal-less-like_homeobox_protein&_N-terminal_domain","0.000880204","gnomad_AF_nfe_pass"","134.059183069817","0.8522510446420986","53.86","0.4"
"7:96653842:G>C","NM_005221.6:c.94C>G","NP_005212.1:p.Gln32Glu","Unknown significance","null","missense_variant","1/3","null","32","MODERATE","28.0","Distal-less-like_homeobox_protein&_N-terminal_domain&Distal-less-like_homeobox_protein&_N-terminal_domain","0.00653253","gnomad_AF_sas_pass"","163.28030228197358","0.8256834317074067","39.85","0.1"
"7:96653845:A>C","NM_005221.6:c.91T>G","NP_005212.1:p.Ser31Ala","Unknown significance","null","missense_variant","1/3","null","31","MODERATE","22.8","null","0.000879941","gnomad_AF_nfe_pass"","104.59245734100148","0.7584263717993077","38.73","0.1"
"7:96653850:T>C","NM_005221.6:c.86A>G","NP_005212.1:p.His29Arg","Unknown significance","null","missense_variant","1/3","null","29","MODERATE","24.5","null","0.000879832","gnomad_AF_nfe_pass"","156.86198292761043","0.7636816513445925","37.59","0.3"
"7:96653856:A>G","NM_005221.6:c.80T>C","NP_005212.1:p.Met27Thr","Unknown significance","null","missense_variant","1/3","null","27","MODERATE","22.7","null","0.117925","gnomad_AF_amr_pass"","211.18957357456623","0.9753219971856795","38.12","0.1"
"7:96653859:G>C","NM_005221.6:c.77C>G","NP_005212.1:p.Ala26Gly","Unknown significance","null","missense_variant","1/3","null","26","MODERATE","22.9","null","0.00289251","gnomad_AF_amr_pass"","110.13277437224107","0.8661048415184541","36.95","0.1"
"7:96653860:C>T","NM_005221.6:c.76G>A","NP_005212.1:p.Ala26Thr","Likely benign","null","missense_variant","1/3","null","26","MODERATE","21.1","null","0.00326669","gnomad_AF_sas_pass"","110.13277437224107","0.8661048415184541","36.95","0.0"
"7:96653877:G>C","NM_005221.6:c.59C>G","NP_005212.1:p.Pro20Arg","Unknown significance","null","missense_variant","1/3","null","20","MODERATE","23.4","null","0.00615764","gnomad_AF_afr_pass"","157.81543706416875","1.0032760756757815","43.97","0.0"
"7:96653880:G>C","NM_005221.6:c.56C>G","NP_005212.1:p.Ala19Gly","Likely benign","null","missense_variant","1/3","null","19","MODERATE","22.6","null","0.00327225","gnomad_AF_sas_pass"","79.52657786094649","0.6254119584961698","35.1","0.3"
"7:96653880:G>T","NM_005221.6:c.56C>A","NP_005212.1:p.Ala19Asp","Likely benign","null","missense_variant","1/3","null","19","MODERATE","24.0","null","0.000883517","gnomad_AF_nfe_pass"","79.52657786094649","0.6254119584961698","35.1","0.2"
"7:96653883:T>C","NM_005221.6:c.53A>G","NP_005212.1:p.Gln18Arg","Unknown significance","null","missense_variant","1/3","null","18","MODERATE","22.9","null","0","null"","180.98577302454882","0.9152172801778635","36.08","0.0"
"7:96653885:G>C","NM_005221.6:c.51C>G","NP_005212.1:p.Phe17Leu","Likely benign","null","missense_variant","1/3","null","17","MODERATE","20.1","null","0.000884361","gnomad_AF_nfe_pass"","195.79582875229187","0.852211120400723","40.04","0.1"
"7:96653889:T>C","NM_005221.6:c.47A>G","NP_005212.1:p.Asp16Gly","Unknown significance","null","missense_variant","1/3","null","16","MODERATE","25.2","null","0.00543833","gnomad_AF_eas_pass"","171.63651265027394","1.0728633848507034","34.84","0.0"
"7:96653890:C>A","NM_005221.6:c.46G>T","NP_005212.1:p.Asp16Tyr","Unknown significance","null","missense_variant","1/3","null","16","MODERATE","29.4","null","0.0150361","gnomad_AF_eas_pass"","171.63651265027394","1.0728633848507034","34.84","0.1"
"7:96653892:C>T","NM_005221.6:c.44G>A","NP_005212.1:p.Gly15Asp","Unknown significance","null","missense_variant","1/3","null","15","MODERATE","22.5","null","0.00290006","gnomad_AF_amr_pass"","38.06494015281714","0.3992287573449411","41.12","0.1"
"7:96653913:C>G","NM_005221.6:c.23G>C","NP_005212.1:p.Arg8Thr","Unknown significance","null","missense_variant","1/3","null","8","MODERATE","23.5","null","0.0432312","gnomad_AF_afr_pass"","215.8444022432888","0.8011280972032752","42.74","0.3"
"7:96653926:C>T","NM_005221.6:c.10G>A","NP_005212.1:p.Val4Met","Unknown significance","null","missense_variant","1/3","null","4","MODERATE","31","null","0.00185522","gnomad_AF_nfe_pass"","182.50138296834632","1.0617205348654242","54.96","0.1"
"7:96653929:C>T","NM_005221.6:c.7G>A","NP_005212.1:p.Gly3Arg","Unknown significance","null","missense_variant","1/3","null","3","MODERATE","32","null","0.00617246","gnomad_AF_amr_pass"","56.30337712266265","0.5905152403435642","46.37","0.3"