{"applied_filters": "CONTAINS missense_variant[Consequence]"},,"Surface Area","Normalized SA","Confidence Score","|ddG|""Genomic Description (GRCh37)","HGVS Nucleotide Change","HGVS Protein Change","Variant Classification","Phenotype","Consequence","Exon","Intron","Protein Position","Impact","CADD Phred","Interpro Domain","Max MAF (%)","Max MAF Source","Surface Area","Normalized SA","Confidence Score","|ddG|"
"5:145718681:G>A","NM_002700.3:c.6G>A","NP_002691.1:p.Met2Ile","Unknown significance","null","missense_variant","1/2","null","2","MODERATE","24.1","null","0.000880871","gnomad_AF_nfe_pass"","186.36308160825033","0.8606675503876604","41.73","0.3"
"5:145718682:G>A","NM_002700.3:c.7G>A","NP_002691.1:p.Ala3Thr","Unknown significance","null","missense_variant","1/2","null","3","MODERATE","20.5","null","0.00326733","gnomad_AF_sas_pass"","98.79620396549367","0.7769519206784472","41.26","0.0"
"5:145718685:A>G","NM_002700.3:c.10A>G","NP_002691.1:p.Met4Val","Unknown significance","null","missense_variant","1/2","null","4","MODERATE","23.9","null","0.000880483","gnomad_AF_nfe_pass"","172.15093264602572","0.7950325795151844","51.52","0.4"
"5:145718686:T>C","NM_002700.3:c.11T>C","NP_002691.1:p.Met4Thr","Unknown significance","null","missense_variant","1/2","null","4","MODERATE","25.6","null","0.0108755","gnomad_AF_eas_pass"","172.15093264602572","0.7950325795151844","51.52","0.6"
"5:145718700:C>G","NM_002700.3:c.25C>G","NP_002691.1:p.Pro9Ala","Unknown significance","null","missense_variant","1/2","null","9","MODERATE","22.9","null","0.00653424","gnomad_AF_sas_pass"","138.03145271412123","0.8775038537107268","37.81","0.1"
"5:145718701:C>T","NM_002700.3:c.26C>T","NP_002691.1:p.Pro9Leu","Unknown significance","null","missense_variant","1/2","null","9","MODERATE","23.9","null","0.00653424","gnomad_AF_sas_pass"","138.03145271412123","0.8775038537107268","37.81","0.0"
"5:145718706:G>A","NM_002700.3:c.31G>A","NP_002691.1:p.Gly11Ser","Unknown significance","null","missense_variant","1/2","null","11","MODERATE","22.8","null","0.0130668","gnomad_AF_sas_pass"","82.99685333787775","0.8704789890276238","36.15","0.1"
"5:145718706:G>T","NM_002700.3:c.31G>T","NP_002691.1:p.Gly11Cys","Unknown significance","null","missense_variant","1/2","null","11","MODERATE","25.6","null","0","null"","82.99685333787775","0.8704789890276238","36.15","0.1"
"5:145718710:T>C","NM_002700.3:c.35T>C","NP_002691.1:p.Met12Thr","Unknown significance","null","missense_variant","1/2","null","12","MODERATE","23.1","null","0.00289118","gnomad_AF_amr_pass"","180.63250867243542","0.8342024472759114","33.9","0.4"
"5:145718713:A>C","NM_002700.3:c.38A>C","NP_002691.1:p.His13Pro","Unknown significance","null","missense_variant","1/2","null","13","MODERATE","25.3","null","0","null"","160.12760275861032","0.7795803024941993","38.93","0.5"
"5:145718721:C>G","NM_002700.3:c.46C>G","NP_002691.1:p.Leu16Val","Unknown significance","null","missense_variant","1/2","null","16","MODERATE","23.2","null","0.00175864","gnomad_AF_nfe_pass"","134.12512238759686","0.6954849206178092","33.63","0.1"
"5:145718729:A>C","NM_002700.3:c.54A>C","NP_002691.1:p.Glu18Asp","Unknown significance","null","missense_variant","1/2","null","18","MODERATE","22.8","null","0.00289101","gnomad_AF_amr_pass"","136.2483314459348","0.6977403916434556","31.2","0.1"
"5:145718731:C>T","NM_002700.3:c.56C>T","NP_002691.1:p.Pro19Leu","Unknown significance","null","missense_variant","1/2","null","19","MODERATE","22.8","null","0.00326648","gnomad_AF_sas_pass"","109.59137379878419","0.6967024612937919","38.45","0.2"
"5:145718734:A>C","NM_002700.3:c.59A>C","NP_002691.1:p.Lys20Thr","Unknown significance","null","missense_variant","1/2","null","20","MODERATE","26.0","null","0.00615157","gnomad_AF_afr_pass"","198.54721031127326","0.8387615350817976","34.55","0.1"
"5:145718742:A>G","NM_002700.3:c.67A>G","NP_002691.1:p.Ser23Gly","Unknown significance","null","missense_variant","1/2","null","23","MODERATE","21.7","null","0.117925","gnomad_AF_amr_pass"","129.3800115608287","0.938167199108014","38.33","0.1"
"5:145718749:A>C","NM_002700.3:c.74A>C","NP_002691.1:p.His25Pro","Unknown significance","null","missense_variant","1/2","null","25","MODERATE","23.5","null","0.00326648","gnomad_AF_sas_pass"","198.84990079392617","0.9680995852136731","36.43","0.2"
"5:145718749:A>G","NM_002700.3:c.74A>G","NP_002691.1:p.His25Arg","Unknown significance","null","missense_variant","1/2","null","25","MODERATE","24.8","null","0.00615157","gnomad_AF_afr_pass"","198.84990079392617","0.9680995852136731","36.43","0.1"
"5:145718755:G>T","NM_002700.3:c.80G>T","NP_002691.1:p.Gly27Val","Unknown significance","null","missense_variant","1/2","null","27","MODERATE","23.7","null","0.000879152","gnomad_AF_nfe_pass"","74.67073016036147","0.7831538074743112","35.34","0.0"
"5:145718758:C>T","NM_002700.3:c.83C>T","NP_002691.1:p.Ser28Phe","Unknown significance","null","missense_variant","1/2","null","28","MODERATE","24.1","null","0.000879152","gnomad_AF_nfe_pass"","116.6073699409762","0.8455495430331136","35.01","0.1"
"5:145718760:G>A","NM_002700.3:c.85G>A","NP_002691.1:p.Glu29Lys","Unknown significance","null","missense_variant","1/2","null","29","MODERATE","24.6","null","0.00282167","gnomad_AF_amr_pass"","133.45333605388421","0.6834269599940934","36.44","0.2"
"5:145718762:G>C","NM_002700.3:c.87G>C","NP_002691.1:p.Glu29Asp","Unknown significance","null","missense_variant","1/2","null","29","MODERATE","22.4","null","0.0280336","gnomad_AF_afr_pass"","133.45333605388421","0.6834269599940934","36.44","0.1"
"5:145718766:A>G","NM_002700.3:c.91A>G","NP_002691.1:p.Met31Val","Unknown significance","null","missense_variant","1/2","null","31","MODERATE","21.4","null","0.00326627","gnomad_AF_sas_pass"","161.42113708220768","0.745479917129595","43.76","0.2"
"5:145718766:A>T","NM_002700.3:c.91A>T","NP_002691.1:p.Met31Leu","Unknown significance","null","missense_variant","1/2","null","31","MODERATE","22.5","null","0.00326627","gnomad_AF_sas_pass"","161.42113708220768","0.745479917129595","43.76","0.1"
"5:145718769:C>A","NM_002700.3:c.94C>A","NP_002691.1:p.Arg32Ser","Unknown significance","null","missense_variant","1/2","null","32","MODERATE","25.6","null","0.000879214","gnomad_AF_nfe_pass"","228.53892061524664","0.8482450724064382","40.4","0.3"
"5:145718770:G>C","NM_002700.3:c.95G>C","NP_002691.1:p.Arg32Pro","Unknown significance","null","missense_variant","1/2","null","32","MODERATE","24.6","null","0","gnomad_AF_afr_pass,gnomad_AF_sas_pass,gnomad_AF_amr_pass,gnomad_AF_eas_pass,gnomad_AF_nfe_pass"","228.53892061524664","0.8482450724064382","40.4","0.2"
"5:145718773:G>A","NM_002700.3:c.98G>A","NP_002691.1:p.Arg33Gln","Unknown significance","null","missense_variant","1/2","null","33","MODERATE","27.3","null","0.00615157","gnomad_AF_afr_pass"","258.82136505661026","0.9606413951363127","44.71","0.1"
"5:145718776:T>C","NM_002700.3:c.101T>C","NP_002691.1:p.Val34Ala","Unknown significance","null","missense_variant","1/2","null","34","MODERATE","19.09","null","0","null"","128.7420333704371","0.7489699985091642","43.2","0.2"
"5:145718778:T>C","NM_002700.3:c.103T>C","NP_002691.1:p.Cys35Arg","Unknown significance","null","missense_variant","1/2","null","35","MODERATE","26.4","null","0.00619243","gnomad_AF_nfe_pass"","143.32763596741364","0.9275188101329568","37.0","0.5"
"5:145718785:C>T","NM_002700.3:c.110C>T","NP_002691.1:p.Pro37Leu","Unknown significance","null","missense_variant","1/2","null","37","MODERATE","24.0","null","0.00543715","gnomad_AF_eas_pass"","148.10394082471106","0.9415374269268538","39.68","0.1"
"5:145718787:G>C","NM_002700.3:c.112G>C","NP_002691.1:p.Ala38Pro","Unknown significance","null","missense_variant","1/2","null","38","MODERATE","23.9","null","0.00648256","gnomad_AF_nfe_pass"","97.08165209609999","0.7634683624590088","36.14","0.1"
"5:145718788:C>A","NM_002700.3:c.113C>A","NP_002691.1:p.Ala38Asp","Unknown significance","Deafness, autosomal dominant 15","missense_variant","1/2","null","38","MODERATE","24.3","null","0.00289084","gnomad_AF_amr_pass"","97.08165209609999","0.7634683624590088","36.14","0.2"
"5:145719112:T>C","NM_002700.3:c.122T>C","NP_002691.1:p.Leu41Pro","Unknown significance","null","missense_variant&splice_region_variant","2/2","null","41","MODERATE","24.6","null","0.000880918","gnomad_AF_nfe_pass"","165.5478217297895","0.8584224312688569","36.4","0.4"
"5:145719117:G>C","NM_002700.3:c.127G>C","NP_002691.1:p.Gly43Arg","Unknown significance","null","missense_variant","2/2","null","43","MODERATE","27.3","null","0.00615688","gnomad_AF_afr_pass"","48.38328138000454","0.5074485136207495","36.76","0.2"
"5:145719118:G>A","NM_002700.3:c.128G>A","NP_002691.1:p.Gly43Asp","Unknown significance","null","missense_variant","2/2","null","43","MODERATE","26.2","null","0.00326627","gnomad_AF_sas_pass"","48.38328138000454","0.5074485136207495","36.76","0.6"
"5:145719126:T>C","NM_002700.3:c.136T>C","NP_002691.1:p.Phe46Leu","Unknown significance","null","missense_variant","2/2","null","46","MODERATE","24.4","null","0.000879631","gnomad_AF_nfe_pass"","186.01808651186298","0.8096530091130337","41.4","0.5"
"5:145719133:G>C","NM_002700.3:c.143G>C","NP_002691.1:p.Ser48Thr","Unknown significance","null","missense_variant","2/2","null","48","MODERATE","21.1","null","0","null"","78.10563936829658","0.5663637530766819","45.03","0.0"
"5:145719134:C>A","NM_002700.3:c.144C>A","NP_002691.1:p.Ser48Arg","Unknown significance","null","missense_variant","2/2","null","48","MODERATE","24.0","null","0.00615536","gnomad_AF_afr_pass"","78.10563936829658","0.5663637530766819","45.03","0.2"
"5:145719135:T>G","NM_002700.3:c.145T>G","NP_002691.1:p.Phe49Val","Unknown significance","null","missense_variant","2/2","null","49","MODERATE","23.2","null","0","gnomad_AF_afr_pass,gnomad_AF_sas_pass,gnomad_AF_amr_pass,gnomad_AF_eas_pass,gnomad_AF_nfe_pass"","133.03854029490725","0.5790568890241107","42.8","0.6"
"5:145719139:A>G","NM_002700.3:c.149A>G","NP_002691.1:p.Asp50Gly","Unknown significance","null","missense_variant","2/2","null","50","MODERATE","27.0","null","0.000879291","gnomad_AF_nfe_pass"","89.32825141699215","0.5583719262189045","55.26","0.7"
"5:145719143:G>C","NM_002700.3:c.153G>C","NP_002691.1:p.Glu51Asp","Unknown significance","null","missense_variant","2/2","null","51","MODERATE","18.36","null","0.00289084","gnomad_AF_amr_pass"","116.87213545404924","0.5985130878191637","55.24","0.1"
"5:145719147:C>A","NM_002700.3:c.157C>A","NP_002691.1:p.Leu53Met","Unknown significance","null","missense_variant","2/2","null","53","MODERATE","26.2","null","0","null"","110.73030045642282","0.5741747172492643","47.63","0.5"
"5:145719151:T>A","NM_002700.3:c.161T>A","NP_002691.1:p.Leu54Gln","Unknown significance","null","missense_variant","2/2","null","54","MODERATE","25.4","null","0.00326627","gnomad_AF_sas_pass"","115.11889097632384","0.5969310694898023","54.48","1.5"
"5:145719151:T>G","NM_002700.3:c.161T>G","NP_002691.1:p.Leu54Arg","Unknown significance","null","missense_variant","2/2","null","54","MODERATE","25.6","null","0.00326627","gnomad_AF_sas_pass"","115.11889097632384","0.5969310694898023","54.48","1.2"
"5:145719153:G>T","NM_002700.3:c.163G>T","NP_002691.1:p.Ala55Ser","Unknown significance","null","missense_variant","2/2","null","55","MODERATE","20.3","null","0.00087926","gnomad_AF_nfe_pass"","68.14921967926321","0.5359382749263751","54.96","0.4"
"5:145719154:C>A","NM_002700.3:c.164C>A","NP_002691.1:p.Ala55Glu","Unknown significance","null","missense_variant","2/2","null","55","MODERATE","23.5","null","0.00154849","gnomad_AF_nfe_pass"","68.14921967926321","0.5359382749263751","54.96","0.7"
"5:145719156:C>A","NM_002700.3:c.166C>A","NP_002691.1:p.Arg56Ser","Unknown significance","null","missense_variant","2/2","null","56","MODERATE","25.2","null","0.00175874","gnomad_AF_nfe_pass"","176.0677440252216","0.6534930500111444","50.14","0.7"
"5:145719156:C>G","NM_002700.3:c.166C>G","NP_002691.1:p.Arg56Gly","Unknown significance","null","missense_variant","2/2","null","56","MODERATE","22.5","null","0.000879368","gnomad_AF_nfe_pass"","176.0677440252216","0.6534930500111444","50.14","1.0"
"5:145719157:G>C","NM_002700.3:c.167G>C","NP_002691.1:p.Arg56Pro","Unknown significance","null","missense_variant","2/2","null","56","MODERATE","28.4","null","0.00543656","gnomad_AF_eas_pass"","176.0677440252216","0.6534930500111444","50.14","0.8"
"5:145719159:G>A","NM_002700.3:c.169G>A","NP_002691.1:p.Ala57Thr","Unknown significance","null","missense_variant","2/2","null","57","MODERATE","25.4","null","0","null"","53.05130112878052","0.4172054051883707","49.25","0.5"
"5:145719162:G>A","NM_002700.3:c.172G>A","NP_002691.1:p.Glu58Lys","Unknown significance","null","missense_variant","2/2","null","58","MODERATE","27.8","null","0","null"","124.99455604526307","0.6401087599588646","49.17","0.4"
"5:145719168:C>A","NM_002700.3:c.178C>A","NP_002691.1:p.Leu60Met","Unknown significance","null","missense_variant","2/2","null","60","MODERATE","25.9","null","0","null"","144.9298419468473","0.7515111101279847","48.02","0.4"
"5:145719169:T>C","NM_002700.3:c.179T>C","NP_002691.1:p.Leu60Pro","Unknown significance","null","missense_variant","2/2","null","60","MODERATE","25.5","null","0.000879368","gnomad_AF_nfe_pass"","144.9298419468473","0.7515111101279847","48.02","1.1"
"5:145719172:C>A","NM_002700.3:c.182C>A","NP_002691.1:p.Ala61Glu","Unknown significance","Deafness, autosomal dominant 15","missense_variant","2/2","null","61","MODERATE","25.1","null","0","gnomad_AF_afr_pass,gnomad_AF_sas_pass,gnomad_AF_amr_pass,gnomad_AF_eas_pass,gnomad_AF_nfe_pass"","95.15766123960054","0.7483377366725452","48.63","0.7"
"5:145719175:C>G","NM_002700.3:c.185C>G","NP_002691.1:p.Ala62Gly","Unknown significance","null","missense_variant","2/2","null","62","MODERATE","26.5","null","0.000879477","gnomad_AF_nfe_pass"","85.2032506368713","0.6700543803634946","38.85","0.8"
"5:145719177:G>A","NM_002700.3:c.187G>A","NP_002691.1:p.Val63Met","Unknown significance","null","missense_variant","2/2","null","63","MODERATE","24.4","null","0.00289084","gnomad_AF_amr_pass"","119.9767872787459","0.6979772793454331","43.11","0.4"
"5:145719181:A>G","NM_002700.3:c.191A>G","NP_002691.1:p.Asp64Gly","Unknown significance","null","missense_variant","2/2","null","64","MODERATE","26.5","null","0","null"","116.21386922521718","0.7264282126123965","33.96","0.3"
"5:145719181:A>T","NM_002700.3:c.191A>T","NP_002691.1:p.Asp64Val","Pathogenic","Hearing loss, autosomal dominant","missense_variant","2/2","null","64","MODERATE","26.1","null","0","null"","116.21386922521718","0.7264282126123965","33.96","0.1"
"5:145719189:T>C","NM_002700.3:c.199T>C","NP_002691.1:p.Ser67Pro","Unknown significance","null","missense_variant","2/2","null","67","MODERATE","22.8","null","0","null"","106.7231327160415","0.7738764380397942","35.15","0.1"
"5:145719195:G>A","NM_002700.3:c.205G>A","NP_002691.1:p.Gly69Ser","Unknown significance","null","missense_variant","2/2","null","69","MODERATE","22.4","null","0.0097988","gnomad_AF_sas_pass"","86.69673299458562","0.9092836831042015","32.28","0.0"
"5:145719195:G>C","NM_002700.3:c.205G>C","NP_002691.1:p.Gly69Arg","Unknown significance","null","missense_variant","2/2","null","69","MODERATE","24.9","null","0.0100231","gnomad_AF_eas_pass"","86.69673299458562","0.9092836831042015","32.28","0.0"
"5:145719195:G>T","NM_002700.3:c.205G>T","NP_002691.1:p.Gly69Cys","Unknown significance","null","missense_variant","2/2","null","69","MODERATE","25.4","null","0.000879121","gnomad_AF_nfe_pass"","86.69673299458562","0.9092836831042015","32.28","0.1"
"5:145719196:G>T","NM_002700.3:c.206G>T","NP_002691.1:p.Gly69Val","Unknown significance","null","missense_variant","2/2","null","69","MODERATE","22.0","null","0.00801154","gnomad_AF_afr_pass"","86.69673299458562","0.9092836831042015","32.28","0.0"
"5:145719202:A>C","NM_002700.3:c.212A>C","NP_002691.1:p.Asn71Thr","Unknown significance","null","missense_variant","2/2","null","71","MODERATE","19.57","null","0","null"","142.2862496839078","0.8902511438073972","30.88","0.0"
"5:145719204:C>G","NM_002700.3:c.214C>G","NP_002691.1:p.His72Asp","Unknown significance","Deafness, autosomal dominant 15","missense_variant","2/2","null","72","MODERATE","23.8","null","0.00696713","gnomad_AF_nfe_pass"","172.14866265506382","0.8381047626680351","37.07","0.2"
"5:145719204:C>T","NM_002700.3:c.214C>T","NP_002691.1:p.His72Tyr","Unknown significance","null","missense_variant","2/2","null","72","MODERATE","22.8","null","0.000879121","gnomad_AF_nfe_pass"","172.14866265506382","0.8381047626680351","37.07","0.1"
"5:145719207:C>T","NM_002700.3:c.217C>T","NP_002691.1:p.Pro73Ser","Unknown significance","null","missense_variant","2/2","null","73","MODERATE","22.5","null","0","null"","101.26249366811136","0.6437534828685839","34.93","0.4"
"5:145719208:C>A","NM_002700.3:c.218C>A","NP_002691.1:p.Pro73Gln","Unknown significance","null","missense_variant","2/2","null","73","MODERATE","22.4","null","0","null"","101.26249366811136","0.6437534828685839","34.93","0.1"
"5:145719208:C>T","NM_002700.3:c.218C>T","NP_002691.1:p.Pro73Leu","Unknown significance","null","missense_variant","2/2","null","73","MODERATE","22.6","null","0.000879121","gnomad_AF_nfe_pass"","101.26249366811136","0.6437534828685839","34.93","0.0"
"5:145719215:G>T","NM_002700.3:c.225G>T","NP_002691.1:p.Lys75Asn","Unknown significance","null","missense_variant","2/2","null","75","MODERATE","25.3","null","0.0641849","gnomad_AF_eas_pass"","192.41517866410956","0.8128568030561916","37.8","0.1"
"5:145719220:A>G","NM_002700.3:c.230A>G","NP_002691.1:p.Asp77Gly","Unknown significance","null","missense_variant","2/2","null","77","MODERATE","24.6","null","0.120212","gnomad_AF_afr_pass"","149.38527150480024","0.9337756026309331","36.85","0.2"
"5:145719222:G>A","NM_002700.3:c.232G>A","NP_002691.1:p.Ala78Thr","Unknown significance","null","missense_variant","2/2","null","78","MODERATE","22.7","null","0.000879384","gnomad_AF_nfe_pass"","117.88368939071438","0.9270594943178834","42.17","0.0"
"5:145719222:G>C","NM_002700.3:c.232G>C","NP_002691.1:p.Ala78Pro","Unknown significance","null","missense_variant","2/2","null","78","MODERATE","22.8","null","0","null"","117.88368939071438","0.9270594943178834","42.17","0.1"
"5:145719222:G>T","NM_002700.3:c.232G>T","NP_002691.1:p.Ala78Ser","Unknown significance","null","missense_variant","2/2","null","78","MODERATE","22.3","null","0.00615536","gnomad_AF_afr_pass"","117.88368939071438","0.9270594943178834","42.17","0.1"
"5:145719223:C>T","NM_002700.3:c.233C>T","NP_002691.1:p.Ala78Val","Unknown significance","null","missense_variant","2/2","null","78","MODERATE","22.5","null","0.0114811","gnomad_AF_afr_pass"","117.88368939071438","0.9270594943178834","42.17","0.1"
"5:145719225:A>C","NM_002700.3:c.235A>C","NP_002691.1:p.Thr79Pro","Unknown significance","null","missense_variant","2/2","null","79","MODERATE","23.7","null","0","null"","150.16399115753717","0.954406325643714","42.05","0.1"
"5:145719235:C>A","NM_002700.3:c.245C>A","NP_002691.1:p.Thr82Asn","Unknown significance","null","missense_variant","2/2","null","82","MODERATE","22.5","null","0.00289101","gnomad_AF_amr_pass"","111.74596522214395","0.7102305636062174","37.96","0.1"
"5:145719235:C>T","NM_002700.3:c.245C>T","NP_002691.1:p.Thr82Ile","Unknown significance","null","missense_variant","2/2","null","82","MODERATE","23.8","null","0.0160192","gnomad_AF_afr_pass"","111.74596522214395","0.7102305636062174","37.96","0.0"
"5:145719237:A>G","NM_002700.3:c.247A>G","NP_002691.1:p.Met83Val","Unknown significance","null","missense_variant","2/2","null","83","MODERATE","23.0","null","0.00175806","gnomad_AF_nfe_pass"","161.50587248611254","0.7458712447030638","43.61","0.3"
"5:145719238:T>C","NM_002700.3:c.248T>C","NP_002691.1:p.Met83Thr","Unknown significance","null","missense_variant","2/2","null","83","MODERATE","22.3","null","0","null"","161.50587248611254","0.7458712447030638","43.61","0.4"
"5:145719239:G>A","NM_002700.3:c.249G>A","NP_002691.1:p.Met83Ile","Unknown significance","null","missense_variant","2/2","null","83","MODERATE","23.9","null","0.00543656","gnomad_AF_eas_pass"","161.50587248611254","0.7458712447030638","43.61","0.3"
"5:145719243:A>T","NM_002700.3:c.253A>T","NP_002691.1:p.Ser85Cys","Unknown significance","null","missense_variant","2/2","null","85","MODERATE","25.3","null","0.00232227","gnomad_AF_nfe_pass"","120.19867145046543","0.8715909789370347","40.67","0.1"
"5:145719245:C>A","NM_002700.3:c.255C>A","NP_002691.1:p.Ser85Arg","Unknown significance","null","missense_variant","2/2","null","85","MODERATE","22.9","null","0.00653253","gnomad_AF_sas_pass"","120.19867145046543","0.8715909789370347","40.67","0.0"
"5:145719246:G>C","NM_002700.3:c.256G>C","NP_002691.1:p.Val86Leu","Unknown significance","null","missense_variant","2/2","null","86","MODERATE","22.0","null","0","null"","142.55447821254802","0.8293253146555012","45.63","0.1"
"5:145719249:C>G","NM_002700.3:c.259C>G","NP_002691.1:p.Pro87Ala","Unknown significance","null","missense_variant","2/2","null","87","MODERATE","21.2","null","0","gnomad_AF_afr_pass,gnomad_AF_sas_pass,gnomad_AF_amr_pass,gnomad_AF_eas_pass,gnomad_AF_nfe_pass"","130.60807217300143","0.8303113848617235","41.48","0.2"
"5:145719249:C>T","NM_002700.3:c.259C>T","NP_002691.1:p.Pro87Ser","Unknown significance","null","missense_variant","2/2","null","87","MODERATE","22.3","null","0.00289101","gnomad_AF_amr_pass"","130.60807217300143","0.8303113848617235","41.48","0.2"
"5:145719255:A>T","NM_002700.3:c.265A>T","NP_002691.1:p.Thr89Ser","Unknown significance","null","missense_variant","2/2","null","89","MODERATE","21.7","null","0.00326627","gnomad_AF_sas_pass"","146.44683151350202","0.9307809501435862","37.44","0.1"
"5:145719256:C>G","NM_002700.3:c.266C>G","NP_002691.1:p.Thr89Arg","Unknown significance","null","missense_variant","2/2","null","89","MODERATE","23.8","null","0.00648424","gnomad_AF_nfe_pass"","146.44683151350202","0.9307809501435862","37.44","0.1"
"5:145719256:C>T","NM_002700.3:c.266C>T","NP_002691.1:p.Thr89Met","Unknown significance","null","missense_variant","2/2","null","89","MODERATE","24.4","null","0.0160179","gnomad_AF_afr_pass"","146.44683151350202","0.9307809501435862","37.44","0.0"
"5:145719270:A>C","NM_002700.3:c.280A>C","NP_002691.1:p.Thr94Pro","Unknown significance","null","missense_variant","2/2","null","94","MODERATE","20.5","null","0","null"","139.1006931343019","0.884090655858539","35.82","0.1"
"5:145719270:A>G","NM_002700.3:c.280A>G","NP_002691.1:p.Thr94Ala","Unknown significance","null","missense_variant","2/2","null","94","MODERATE","18.74","null","0.00087926","gnomad_AF_nfe_pass"","139.1006931343019","0.884090655858539","35.82","0.0"
"5:145719271:C>T","NM_002700.3:c.281C>T","NP_002691.1:p.Thr94Ile","Unknown significance","null","missense_variant","2/2","null","94","MODERATE","23.3","null","0.165397","gnomad_AF_eas_pass"","139.1006931343019","0.884090655858539","35.82","0.0"
"5:145719273:G>A","NM_002700.3:c.283G>A","NP_002691.1:p.Val95Met","Unknown significance","null","missense_variant","2/2","null","95","MODERATE","22.4","null","0","gnomad_AF_afr_pass,gnomad_AF_sas_pass,gnomad_AF_amr_pass,gnomad_AF_eas_pass,gnomad_AF_nfe_pass"","107.82007372377014","0.6272543499743539","42.32","0.2"
"5:145719277:C>A","NM_002700.3:c.287C>A","NP_002691.1:p.Pro96His","Unknown significance","null","missense_variant","2/2","null","96","MODERATE","22.7","null","0.0641026","gnomad_AF_eas_pass"","146.03152122914088","0.9283624863907654","40.31","0.1"
"5:145719283:C>G","NM_002700.3:c.293C>G","NP_002691.1:p.Ser98Cys","Unknown significance","null","missense_variant","2/2","null","98","MODERATE","23.9","null","0.0130651","gnomad_AF_sas_pass"","105.06666584543441","0.761864977647537","35.59","0.1"
"5:145719285:C>T","NM_002700.3:c.295C>T","NP_002691.1:p.His99Tyr","Likely benign","null","missense_variant","2/2","null","99","MODERATE","22.3","null","0.0780572","gnomad_AF_amr_pass"","176.41778288092658","0.8588889496522073","35.94","0.0"
"5:145719286:A>C","NM_002700.3:c.296A>C","NP_002691.1:p.His99Pro","Unknown significance","null","missense_variant","2/2","null","99","MODERATE","22.2","null","0","null"","176.41778288092658","0.8588889496522073","35.94","0.4"
"5:145719287:C>A","NM_002700.3:c.297C>A","NP_002691.1:p.His99Gln","Unknown significance","null","missense_variant","2/2","null","99","MODERATE","21.3","null","0.00400481","gnomad_AF_afr_pass"","176.41778288092658","0.8588889496522073","35.94","0.3"
"5:145719289:C>T","NM_002700.3:c.299C>T","NP_002691.1:p.Pro100Leu","Unknown significance","null","missense_variant","2/2","null","100","MODERATE","23.8","null","0.000879585","gnomad_AF_nfe_pass"","142.67642894795662","0.907033243320406","44.55","0.2"
"5:145719291:G>A","NM_002700.3:c.301G>A","NP_002691.1:p.Ala101Thr","Likely benign","null","missense_variant","2/2","null","101","MODERATE","20.2","null","0.00653253","gnomad_AF_sas_pass"","109.91293302989412","0.864375967874274","31.89","0.0"
"5:145719300:A>C","NM_002700.3:c.310A>C","NP_002691.1:p.Thr104Pro","Unknown significance","null","missense_variant","2/2","null","104","MODERATE","17.51","null","0","null"","127.01417264666534","0.8072716294095095","35.11","0.2"
"5:145719301:C>A","NM_002700.3:c.311C>A","NP_002691.1:p.Thr104Asn","Unknown significance","null","missense_variant","2/2","null","104","MODERATE","16.28","null","0.00543715","gnomad_AF_eas_pass"","127.01417264666534","0.8072716294095095","35.11","0.2"
"5:145719304:C>T","NM_002700.3:c.314C>T","NP_002691.1:p.Ser105Leu","Unknown significance","null","missense_variant","2/2","null","105","MODERATE","19.56","null","0.00543715","gnomad_AF_eas_pass"","113.64002530860147","0.8240325763165481","31.24","0.0"
"5:145719306:C>A","NM_002700.3:c.316C>A","NP_002691.1:p.His106Asn","Unknown significance","null","missense_variant","2/2","null","106","MODERATE","20.2","null","0.000880204","gnomad_AF_nfe_pass"","172.9478419664528","0.841995562496338","39.67","0.3"
"5:145719306:C>T","NM_002700.3:c.316C>T","NP_002691.1:p.His106Tyr","Unknown significance","null","missense_variant","2/2","null","106","MODERATE","20.3","null","0.000880204","gnomad_AF_nfe_pass"","172.9478419664528","0.841995562496338","39.67","0.0"
"5:145719307:A>C","NM_002700.3:c.317A>C","NP_002691.1:p.His106Pro","Unknown significance","null","missense_variant","2/2","null","106","MODERATE","19.29","null","0","null"","172.9478419664528","0.841995562496338","39.67","0.3"
"5:145719308:C>A","NM_002700.3:c.318C>A","NP_002691.1:p.His106Gln","Unknown significance","null","missense_variant","2/2","null","106","MODERATE","15.08","null","0","null"","172.9478419664528","0.841995562496338","39.67","0.3"
"5:145719315:C>T","NM_002700.3:c.325C>T","NP_002691.1:p.His109Tyr","Unknown significance","Deafness, autosomal dominant 15","missense_variant","2/2","null","109","MODERATE","22.7","null","0.016315","gnomad_AF_eas_pass"","174.466179125477","0.8493875781221799","38.52","0.0"
"5:145719317:C>A","NM_002700.3:c.327C>A","NP_002691.1:p.His109Gln","Unknown significance","Deafness, autosomal dominant 15","missense_variant","2/2","null","109","MODERATE","23.9","null","0.0114732","gnomad_AF_afr_pass"","174.466179125477","0.8493875781221799","38.52","0.2"
"5:145719326:C>G","NM_002700.3:c.336C>G","NP_002691.1:p.His112Gln","Likely benign","null","missense_variant","2/2","null","112","MODERATE","17.75","null","0.00176227","gnomad_AF_nfe_pass"","187.10895367514945","0.9109388524684114","34.4","0.1"
"5:145719328:A>G","NM_002700.3:c.338A>G","NP_002691.1:p.Gln113Arg","Unknown significance","null","missense_variant","2/2","null","113","MODERATE","22.4","null","0.00653595","gnomad_AF_sas_pass"","160.49627861340835","0.8116050512506763","34.71","0.0"
"5:145719330:G>C","NM_002700.3:c.340G>C","NP_002691.1:p.Gly114Arg","Unknown significance","null","missense_variant","2/2","null","114","MODERATE","23.5","null","0.00529017","gnomad_AF_nfe_pass"","49.99501361922944","0.5243525165288143","33.48","0.3"
"5:145719331:G>A","NM_002700.3:c.341G>A","NP_002691.1:p.Gly114Asp","Unknown significance","null","missense_variant","2/2","null","114","MODERATE","22.3","null","0.0065368","gnomad_AF_sas_pass"","49.99501361922944","0.5243525165288143","33.48","0.2"
"5:145719336:G>A","NM_002700.3:c.346G>A","NP_002691.1:p.Glu116Lys","Unknown significance","null","missense_variant","2/2","null","116","MODERATE","24.8","null","0.00653552","gnomad_AF_sas_pass"","192.4461927825724","0.9855348722247447","33.24","0.0"
"5:145719339:G>A","NM_002700.3:c.349G>A","NP_002691.1:p.Gly117Ser","Unknown significance","null","missense_variant","2/2","null","117","MODERATE","22.2","null","0","null"","87.29459539706812","0.9155541215456682","34.11","0.0"
"5:145719339:G>T","NM_002700.3:c.349G>T","NP_002691.1:p.Gly117Cys","Unknown significance","null","missense_variant","2/2","null","117","MODERATE","25.9","null","0.00155323","gnomad_AF_nfe_pass"","87.29459539706812","0.9155541215456682","34.11","0.1"
"5:145719345:C>A","NM_002700.3:c.355C>A","NP_002691.1:p.Leu119Met","Likely benign","null","missense_variant","2/2","null","119","MODERATE","19.59","null","0","null"","172.91148497148802","0.8966055594848321","42.35","0.0"
"5:145719361:C>T","NM_002700.3:c.371C>T","NP_002691.1:p.Ser124Leu","Unknown significance","null","missense_variant","2/2","null","124","MODERATE","24.3","null","0.00980264","gnomad_AF_sas_pass"","67.23979907715221","0.4875727958884831","26.03","0.0"
"5:145719364:C>T","NM_002700.3:c.374C>T","NP_002691.1:p.Pro125Leu","Pathogenic","Hearing loss, non-syndromic","missense_variant","2/2","null","125","MODERATE","23.4","null","0","null"","114.036134606791","0.7249590264545334","36.03","0.1"
"5:145719367:C>A","NM_002700.3:c.377C>A","NP_002691.1:p.Thr126Lys","Unknown significance","null","missense_variant","2/2","null","126","MODERATE","22.4","null","0.00176872","gnomad_AF_nfe_pass"","121.55476765103406","0.7725729601618663","33.57","0.3"
"5:145719367:C>T","NM_002700.3:c.377C>T","NP_002691.1:p.Thr126Met","Unknown significance","null","missense_variant","2/2","null","126","MODERATE","22.6","null","0.000884361","gnomad_AF_nfe_pass"","121.55476765103406","0.7725729601618663","33.57","0.1"
"5:145719369:C>A","NM_002700.3:c.379C>A","NP_002691.1:p.Leu127Met","Unknown significance","null","missense_variant","2/2","null","127","MODERATE","19.45","null","0.00326797","gnomad_AF_sas_pass"","182.17724993040062","0.9446517397394906","37.37","0.0"
"5:145719370:T>A","NM_002700.3:c.380T>A","NP_002691.1:p.Leu127Gln","Unknown significance","null","missense_variant","2/2","null","127","MODERATE","26.4","null","0","gnomad_AF_afr_pass,gnomad_AF_sas_pass,gnomad_AF_amr_pass,gnomad_AF_eas_pass,gnomad_AF_nfe_pass"","182.17724993040062","0.9446517397394906","37.37","0.2"
"5:145719373:G>C","NM_002700.3:c.383G>C","NP_002691.1:p.Ser128Thr","Unknown significance","null","missense_variant","2/2","null","128","MODERATE","19.99","null","0.000884737","gnomad_AF_nfe_pass"","114.51820272287675","0.8304004629408527","34.34","0.1"
"5:145719380:C>A","NM_002700.3:c.390C>A","NP_002691.1:p.Ser130Arg","Unknown significance","null","missense_variant","2/2","null","130","MODERATE","19.10","null","0","null"","131.98472453120334","0.9570546318916152","30.34","0.0"
"5:145719390:G>A","NM_002700.3:c.400G>A","NP_002691.1:p.Ala134Thr","Unknown significance","null","missense_variant","2/2","null","134","MODERATE","22.4","null","0.0124239","gnomad_AF_afr_pass"","104.43811168562695","0.8213209436115462","34.78","0.0"
"5:145719390:G>T","NM_002700.3:c.400G>T","NP_002691.1:p.Ala134Ser","Unknown significance","null","missense_variant","2/2","null","134","MODERATE","21.0","null","0.00980905","gnomad_AF_sas_pass"","104.43811168562695","0.8213209436115462","34.78","0.1"
"5:145719393:C>T","NM_002700.3:c.403C>T","NP_002691.1:p.Pro135Ser","Unknown significance","Deafness, autosomal dominant 15","missense_variant","2/2","null","135","MODERATE","21.3","null","0.00442807","gnomad_AF_nfe_pass"","144.2692407727053","0.9171591855384291","41.19","0.1"
"5:145719394:C>T","NM_002700.3:c.404C>T","NP_002691.1:p.Pro135Leu","Unknown significance","null","missense_variant","2/2","null","135","MODERATE","24.0","null","0","null"","144.2692407727053","0.9171591855384291","41.19","0.1"
"5:145719396:G>A","NM_002700.3:c.406G>A","NP_002691.1:p.Glu136Lys","Unknown significance","null","missense_variant","2/2","null","136","MODERATE","22.5","null","0.00265684","gnomad_AF_nfe_pass"","165.1077777477071","0.8455323033058915","32.98","0.0"
"5:145719403:C>T","NM_002700.3:c.413C>T","NP_002691.1:p.Ser138Leu","Unknown significance","null","missense_variant","2/2","null","138","MODERATE","22.7","null","0.0028957","gnomad_AF_amr_pass"","75.5857202528502","0.5480911819894118","32.48","0.1"
"5:145719411:C>A","NM_002700.3:c.421C>A","NP_002691.1:p.Pro141Thr","Likely benign","null","missense_variant","2/2","null","141","MODERATE","19.72","null","0.0684876","gnomad_AF_afr_pass"","143.01842250069205","0.9092073902598801","38.69","0.1"
"5:145719411:C>T","NM_002700.3:c.421C>T","NP_002691.1:p.Pro141Ser","Unknown significance","null","missense_variant","2/2","null","141","MODERATE","18.45","null","0.00326861","gnomad_AF_sas_pass"","143.01842250069205","0.9092073902598801","38.69","0.0"
"5:145719414:G>A","NM_002700.3:c.424G>A","NP_002691.1:p.Ala142Thr","Likely benign","null","missense_variant","2/2","null","142","MODERATE","16.51","null","0.00544968","gnomad_AF_nfe_pass"","107.39964823488387","0.8446110237740212","38.07","0.1"
"5:145719418:A>G","NM_002700.3:c.428A>G","NP_002691.1:p.Gln143Arg","Unknown significance","null","missense_variant","2/2","null","143","MODERATE","20.3","null","0.00620501","gnomad_AF_afr_pass"","186.75301010110007","0.9443813130359945","29.28","0.0"
"5:145719424:A>G","NM_002700.3:c.434A>G","NP_002691.1:p.His145Arg","Unknown significance","null","missense_variant","2/2","null","145","MODERATE","21.9","null","0.00326776","gnomad_AF_sas_pass"","185.6348418731414","0.9037621477359233","38.37","0.1"
"5:145719429:C>T","NM_002700.3:c.439C>T","NP_002691.1:p.His147Tyr","Unknown significance","null","missense_variant","2/2","null","147","MODERATE","22.2","null","0.0114784","gnomad_AF_afr_pass"","181.84915092111945","0.8853315333591142","41.65","0.0"
"5:145719432:C>T","NM_002700.3:c.442C>T","NP_002691.1:p.His148Tyr","Unknown significance","Deafness, autosomal dominant 15","missense_variant","2/2","null","148","MODERATE","23.9","null","0.0062004","gnomad_AF_afr_pass"","187.8555293026156","0.9145735515675558","34.77","0.0"
"5:145719434:C>A","NM_002700.3:c.444C>A","NP_002691.1:p.His148Gln","Likely benign","null","missense_variant","2/2","null","148","MODERATE","19.99","null","0.00545792","gnomad_AF_eas_pass"","187.8555293026156","0.9145735515675558","34.77","0.2"
"5:145719434:C>G","NM_002700.3:c.444C>G","NP_002691.1:p.His148Gln","Likely benign","null","missense_variant","2/2","null","148","MODERATE","19.89","null","0","null"","187.8555293026156","0.9145735515675558","34.77","0.2"
"5:145719435:C>A","NM_002700.3:c.445C>A","NP_002691.1:p.Leu149Met","Unknown significance","null","missense_variant","2/2","null","149","MODERATE","19.97","null","0","null"","153.51342116303164","0.7960199225228257","32.17","0.1"
"5:145719436:T>C","NM_002700.3:c.446T>C","NP_002691.1:p.Leu149Pro","Unknown significance","null","missense_variant","2/2","null","149","MODERATE","23.2","null","0.0228713","gnomad_AF_sas_pass"","153.51342116303164","0.7960199225228257","32.17","0.4"
"5:145719439:G>A","NM_002700.3:c.449G>A","NP_002691.1:p.Gly150Asp","Unknown significance","null","missense_variant","2/2","null","150","MODERATE","22.2","null","0.0044211","gnomad_AF_nfe_pass"","73.41901283288323","0.7700256756241081","36.54","0.0"
"5:145719447:G>T","NM_002700.3:c.457G>T","NP_002691.1:p.Gly153Cys","Unknown significance","null","missense_variant","2/2","null","153","MODERATE","24.9","null","0","null"","72.34258953637465","0.7587360444486217","32.59","0.1"
"5:145719452:C>G","NM_002700.3:c.462C>G","NP_002691.1:p.His154Gln","Unknown significance","null","missense_variant","2/2","null","154","MODERATE","19.72","null","0.00442094","gnomad_AF_nfe_pass"","189.96704028513759","0.9248534305023312","40.6","0.1"
"5:145719454:T>C","NM_002700.3:c.464T>C","NP_002691.1:p.Leu155Pro","Unknown significance","null","missense_variant","2/2","null","155","MODERATE","22.8","null","0.00289452","gnomad_AF_amr_pass"","187.05346538659757","0.9699365950976697","34.16","0.2"
"5:145719456:C>T","NM_002700.3:c.466C>T","NP_002691.1:p.His156Tyr","Unknown significance","null","missense_variant","2/2","null","156","MODERATE","22.2","null","0.00545494","gnomad_AF_eas_pass"","167.31685231006048","0.814581122112255","40.52","0.0"
"5:145719458:C>A","NM_002700.3:c.468C>A","NP_002691.1:p.His156Gln","Likely benign","null","missense_variant","2/2","null","156","MODERATE","17.40","null","0.00088433","gnomad_AF_nfe_pass"","167.31685231006048","0.814581122112255","40.52","0.3"
"5:145719458:C>G","NM_002700.3:c.468C>G","NP_002691.1:p.His156Gln","Likely benign","null","missense_variant","2/2","null","156","MODERATE","17.33","null","0.00088433","gnomad_AF_nfe_pass"","167.31685231006048","0.814581122112255","40.52","0.3"
"5:145719459:C>A","NM_002700.3:c.469C>A","NP_002691.1:p.Gln157Lys","Unknown significance","null","missense_variant","2/2","null","157","MODERATE","22.6","null","0.000884267","gnomad_AF_nfe_pass"","118.1879168082297","0.5976581582268558","35.78","0.4"
"5:145719465:A>G","NM_002700.3:c.475A>G","NP_002691.1:p.Met159Val","Unknown significance","null","missense_variant","2/2","null","159","MODERATE","19.66","null","0.00353626","gnomad_AF_nfe_pass"","163.06725865903638","0.7530820849674696","40.46","0.3"
"5:145719467:G>A","NM_002700.3:c.477G>A","NP_002691.1:p.Met159Ile","Unknown significance","null","missense_variant","2/2","null","159","MODERATE","22.5","null","0","null"","163.06725865903638","0.7530820849674696","40.46","0.2"
"5:145719469:G>C","NM_002700.3:c.479G>C","NP_002691.1:p.Gly160Ala","Unknown significance","null","missense_variant","2/2","null","160","MODERATE","19.56","null","0.000884455","gnomad_AF_nfe_pass"","73.48161470143293","0.7706822500489787","31.34","0.1"
"5:145719469:G>T","NM_002700.3:c.479G>T","NP_002691.1:p.Gly160Val","Unknown significance","null","missense_variant","2/2","null","160","MODERATE","22.5","null","0.000884455","gnomad_AF_nfe_pass"","73.48161470143293","0.7706822500489787","31.34","0.1"
"5:145719474:A>G","NM_002700.3:c.484A>G","NP_002691.1:p.Ser162Gly","Unknown significance","null","missense_variant","2/2","null","162","MODERATE","19.24","null","0.000884377","gnomad_AF_nfe_pass"","132.9261003948512","0.963880786462572","32.17","0.1"
"5:145719480:C>A","NM_002700.3:c.490C>A","NP_002691.1:p.Pro164Thr","Unknown significance","null","missense_variant","2/2","null","164","MODERATE","22.6","null","0.00653595","gnomad_AF_sas_pass"","147.81462887753673","0.9396981914223502","39.04","0.1"
"5:145719480:C>T","NM_002700.3:c.490C>T","NP_002691.1:p.Pro164Ser","Unknown significance","null","missense_variant","2/2","null","164","MODERATE","22.7","null","0.00467202","gnomad_AF_nfe_pass"","147.81462887753673","0.9396981914223502","39.04","0.1"
"5:145719481:C>G","NM_002700.3:c.491C>G","NP_002691.1:p.Pro164Arg","Pathogenic","Hearing loss","missense_variant","2/2","null","164","MODERATE","23.6","null","0.0402334","gnomad_AF_eas_pass"","147.81462887753673","0.9396981914223502","39.04","0.0"
"5:145719481:C>T","NM_002700.3:c.491C>T","NP_002691.1:p.Pro164Leu","Unknown significance","null","missense_variant","2/2","null","164","MODERATE","22.8","null","0.0044247","gnomad_AF_nfe_pass"","147.81462887753673","0.9396981914223502","39.04","0.1"
"5:145719489:G>A","NM_002700.3:c.499G>A","NP_002691.1:p.Val167Met","Unknown significance","null","missense_variant","2/2","null","167","MODERATE","22.5","null","0","null"","182.90621186285176","1.0640756685274952","40.33","0.0"
"5:145719493:C>A","NM_002700.3:c.503C>A","NP_002691.1:p.Ala168Asp","Unknown significance","null","missense_variant","2/2","null","168","MODERATE","22.9","null","0","null"","73.21829290228632","0.5758024196870692","35.68","0.4"
"5:145719493:C>T","NM_002700.3:c.503C>T","NP_002691.1:p.Ala168Val","Unknown significance","null","missense_variant","2/2","null","168","MODERATE","22.7","null","0.00326883","gnomad_AF_sas_pass"","73.21829290228632","0.5758024196870692","35.68","0.1"
"5:145719495:C>G","NM_002700.3:c.505C>G","NP_002691.1:p.Pro169Ala","Likely benign","null","missense_variant","2/2","null","169","MODERATE","18.71","null","0.000885567","gnomad_AF_nfe_pass"","152.48082970478526","0.9693625116014558","44.48","0.0"
"5:145719495:C>T","NM_002700.3:c.505C>T","NP_002691.1:p.Pro169Ser","Likely benign","null","missense_variant","2/2","null","169","MODERATE","19.24","null","0.00545732","gnomad_AF_eas_pass"","152.48082970478526","0.9693625116014558","44.48","0.0"
"5:145719498:C>T","NM_002700.3:c.508C>T","NP_002691.1:p.His170Tyr","Unknown significance","Deafness, autosomal dominant 15","missense_variant","2/2","null","170","MODERATE","22.4","null","0","null"","175.095183640958","0.8524498829465899","48.34","0.0"
"5:145719499:A>G","NM_002700.3:c.509A>G","NP_002691.1:p.His170Arg","Unknown significance","null","missense_variant","2/2","null","170","MODERATE","22.8","null","0.00177035","gnomad_AF_nfe_pass"","175.095183640958","0.8524498829465899","48.34","0.2"
"5:145719503:C>A","NM_002700.3:c.513C>A","NP_002691.1:p.Ser171Arg","Unknown significance","null","missense_variant","2/2","null","171","MODERATE","19.72","null","0.0233729","gnomad_AF_nfe_pass"","118.46427186862469","0.8590144087373589","41.18","0.0"
"5:145719504:G>A","NM_002700.3:c.514G>A","NP_002691.1:p.Ala172Thr","Likely benign","null","missense_variant","2/2","null","172","MODERATE","18.66","null","0","null"","85.03618602999298","0.6687405528885357","43.9","0.0"
"5:145719504:G>T","NM_002700.3:c.514G>T","NP_002691.1:p.Ala172Ser","Likely benign","null","missense_variant","2/2","null","172","MODERATE","16.56","null","0.00311667","gnomad_AF_nfe_pass"","85.03618602999298","0.6687405528885357","43.9","0.0"
"5:145719505:C>T","NM_002700.3:c.515C>T","NP_002691.1:p.Ala172Val","Likely benign","null","missense_variant","2/2","null","172","MODERATE","21.1","null","0.0382221","gnomad_AF_eas_pass"","85.03618602999298","0.6687405528885357","43.9","0.1"
"5:145719507:A>T","NM_002700.3:c.517A>T","NP_002691.1:p.Met173Leu","Unknown significance","null","missense_variant","2/2","null","173","MODERATE","17.97","null","0.0282668","gnomad_AF_afr_pass"","189.68472461717994","0.876007661353239","45.33","0.0"
"5:145719510:C>G","NM_002700.3:c.520C>G","NP_002691.1:p.Pro174Ala","Unknown significance","null","missense_variant","2/2","null","174","MODERATE","19.50","null","0.0054615","gnomad_AF_eas_pass"","138.63962737990929","0.8813701870895659","46.78","0.1"
"5:145719510:C>T","NM_002700.3:c.520C>T","NP_002691.1:p.Pro174Ser","Unknown significance","null","missense_variant","2/2","null","174","MODERATE","22.0","null","0.000885567","gnomad_AF_nfe_pass"","138.63962737990929","0.8813701870895659","46.78","0.0"
"5:145719511:C>A","NM_002700.3:c.521C>A","NP_002691.1:p.Pro174His","Unknown significance","null","missense_variant","2/2","null","174","MODERATE","22.6","null","0","null"","138.63962737990929","0.8813701870895659","46.78","0.1"
"5:145719513:G>A","NM_002700.3:c.523G>A","NP_002691.1:p.Ala175Thr","Likely benign","null","missense_variant","2/2","null","175","MODERATE","16.64","null","0.0114811","gnomad_AF_afr_pass"","82.3516274138688","0.6476286792612853","42.68","0.0"
"5:145719516:T>G","NM_002700.3:c.526T>G","NP_002691.1:p.Cys176Gly","Likely benign","null","missense_variant","2/2","null","176","MODERATE","21.3","null","0.0115835","gnomad_AF_amr_pass"","88.44356163540954","0.5723464738555136","44.73","0.6"
"5:145719517:G>A","NM_002700.3:c.527G>A","NP_002691.1:p.Cys176Tyr","Unknown significance","null","missense_variant","2/2","null","176","MODERATE","21.1","null","0.00088574","gnomad_AF_nfe_pass"","88.44356163540954","0.5723464738555136","44.73","0.2"
"5:145719520:T>C","NM_002700.3:c.530T>C","NP_002691.1:p.Leu177Pro","Unknown significance","null","missense_variant","2/2","null","177","MODERATE","22.5","null","0.00623131","gnomad_AF_afr_pass"","153.98933765126236","0.7984877133076225","51.53","0.2"
"5:145719523:G>C","NM_002700.3:c.533G>C","NP_002691.1:p.Ser178Thr","Unknown significance","null","missense_variant","2/2","null","178","MODERATE","20.4","null","0.00327097","gnomad_AF_sas_pass"","91.4083185997465","0.6628248459815478","55.31","0.1"
"5:145719523:G>T","NM_002700.3:c.533G>T","NP_002691.1:p.Ser178Ile","Unknown significance","null","missense_variant","2/2","null","178","MODERATE","22.5","null","0.000886116","gnomad_AF_nfe_pass"","91.4083185997465","0.6628248459815478","55.31","0.2"
"5:145719527:C>A","NM_002700.3:c.537C>A","NP_002691.1:p.Asp179Glu","Unknown significance","null","missense_variant","2/2","null","179","MODERATE","21.2","POU-specific_domain&POU-specific_domain&POU-specific_domain&POU-specific_domain","0","null"","106.94298885979347","0.6684779085901916","51.55","0.1"
"5:145719528:G>T","NM_002700.3:c.538G>T","NP_002691.1:p.Val180Leu","Unknown significance","null","missense_variant","2/2","null","180","MODERATE","21.9","POU-specific_domain&POU-specific_domain&POU-specific_domain&POU-specific_domain","0.00403779","gnomad_AF_afr_pass"","80.65725598546659","0.4692318686731264","55.52","0.1"
"5:145719529:T>G","NM_002700.3:c.539T>G","NP_002691.1:p.Val180Gly","Unknown significance","null","missense_variant","2/2","null","180","MODERATE","22.7","POU-specific_domain&POU-specific_domain&POU-specific_domain&POU-specific_domain","0.00088574","gnomad_AF_nfe_pass"","80.65725598546659","0.4692318686731264","55.52","0.8"
"5:145719535:C>T","NM_002700.3:c.545C>T","NP_002691.1:p.Ser182Leu","Unknown significance","null","missense_variant","2/2","null","182","MODERATE","25.0","POU-specific_domain&POU-specific_domain&POU-specific_domain&POU-specific_domain","0.00546627","gnomad_AF_eas_pass"","57.15958573685761","0.41447861849749407","69.91","0.4"
"5:145719538:A>C","NM_002700.3:c.548A>C","NP_002691.1:p.Asp183Ala","Unknown significance","null","missense_variant","2/2","null","183","MODERATE","26.9","POU-specific_domain&POU-specific_domain&POU-specific_domain&POU-specific_domain","0","null"","55.66706542005244","0.34796300221360665","85.6","0.3"
"5:145719539:C>A","NM_002700.3:c.549C>A","NP_002691.1:p.Asp183Glu","Unknown significance","null","missense_variant","2/2","null","183","MODERATE","24.9","POU-specific_domain&POU-specific_domain&POU-specific_domain&POU-specific_domain","0.010929","gnomad_AF_eas_pass"","55.66706542005244","0.34796300221360665","85.6","0.1"
"5:145719541:C>T","NM_002700.3:c.551C>T","NP_002691.1:p.Pro184Leu","Unknown significance","null","missense_variant","2/2","null","184","MODERATE","25.6","POU-specific_domain&POU-specific_domain&POU-specific_domain&POU-specific_domain","0.000886776","gnomad_AF_nfe_pass"","75.1953244526028","0.4780373291067807","87.53","0.8"
"5:145719543:C>G","NM_002700.3:c.553C>G","NP_002691.1:p.Arg185Gly","Unknown significance","null","missense_variant","2/2","null","185","MODERATE","26.9","POU-specific_domain&POU-specific_domain&POU-specific_domain&POU-specific_domain&POU-specific_domain&POU-specific_domain","0.000886478","gnomad_AF_nfe_pass"","218.47166322661343","0.810879439237408","90.16","0.6"
"5:145719543:C>T","NM_002700.3:c.553C>T","NP_002691.1:p.Arg185Cys","Unknown significance","Congenital sensorineural hearing impairment; Abnormal muscle tone","missense_variant","2/2","null","185","MODERATE","29.8","POU-specific_domain&POU-specific_domain&POU-specific_domain&POU-specific_domain&POU-specific_domain&POU-specific_domain","0.00443239","gnomad_AF_nfe_pass"","218.47166322661343","0.810879439237408","90.16","0.5"
"5:145719549:C>G","NM_002700.3:c.559C>G","NP_002691.1:p.Leu187Val","Unknown significance","null","missense_variant","2/2","null","187","MODERATE","26.5","POU-specific_domain&POU-specific_domain&POU-specific_domain&POU-specific_domain&POU-specific_domain&POU-specific_domain","0","null"","0.5153406579606752","0.002672218673226379","94.14","1.2"
"5:145719552:G>A","NM_002700.3:c.562G>A","NP_002691.1:p.Glu188Lys","Unknown significance","null","missense_variant","2/2","null","188","MODERATE","30","POU-specific_domain&POU-specific_domain&POU-specific_domain&POU-specific_domain&POU-specific_domain&POU-specific_domain","0","null"","72.78953840135262","0.37276200370835055","95.8","0.1"
"5:145719556:C>A","NM_002700.3:c.566C>A","NP_002691.1:p.Ala189Asp","Unknown significance","null","missense_variant","2/2","null","189","MODERATE","28.1","POU-specific_domain&POU-specific_domain&POU-specific_domain&POU-specific_domain&POU-specific_domain&POU-specific_domain","0.000885834","gnomad_AF_nfe_pass"","74.95759331146789","0.5894806050758764","96.54","0.4"
"5:145719564:G>C","NM_002700.3:c.574G>C","NP_002691.1:p.Glu192Gln","Unknown significance","null","missense_variant","2/2","null","192","MODERATE","26.2","POU-specific_domain&POU-specific_domain&POU-specific_domain&Cro/C1-type_helix-turn-helix_domain&POU-specific_domain&POU-specific_domain&POU-specific_domain&Cro/C1-type_helix-turn-helix_domain","0.00545316","gnomad_AF_eas_pass"","71.52377721815031","0.36627992283204186","97.02","0.4"
"5:145719567:C>T","NM_002700.3:c.577C>T","NP_002691.1:p.Arg193Cys","Unknown significance","Deafness, autosomal dominant 15","missense_variant","2/2","null","193","MODERATE","30","POU-specific_domain&POU-specific_domain&POU-specific_domain&Cro/C1-type_helix-turn-helix_domain&POU-specific_domain&POU-specific_domain&POU-specific_domain&Cro/C1-type_helix-turn-helix_domain","0","null"","145.72509757800478","0.5408732815124858","96.98","0.4"
"5:145719568:G>T","NM_002700.3:c.578G>T","NP_002691.1:p.Arg193Leu","Unknown significance","null","missense_variant","2/2","null","193","MODERATE","27.8","POU-specific_domain&POU-specific_domain&POU-specific_domain&Cro/C1-type_helix-turn-helix_domain&POU-specific_domain&POU-specific_domain&POU-specific_domain&Cro/C1-type_helix-turn-helix_domain","0.0032684","gnomad_AF_sas_pass"","145.72509757800478","0.5408732815124858","96.98","0.3"
"5:145719571:T>A","NM_002700.3:c.581T>A","NP_002691.1:p.Phe194Tyr","Pathogenic","Hearing loss, autosomal dominant","missense_variant","2/2","null","194","MODERATE","28.1","POU-specific_domain&POU-specific_domain&POU-specific_domain&Cro/C1-type_helix-turn-helix_domain&POU-specific_domain&POU-specific_domain&POU-specific_domain&Cro/C1-type_helix-turn-helix_domain","0","null"","0.0","0.0","98.47","0.8"
"5:145719572:C>A","NM_002700.3:c.582C>A","NP_002691.1:p.Phe194Leu","Unknown significance","null","missense_variant","2/2","null","194","MODERATE","29.3","POU-specific_domain&POU-specific_domain&POU-specific_domain&Cro/C1-type_helix-turn-helix_domain&POU-specific_domain&POU-specific_domain&POU-specific_domain&Cro/C1-type_helix-turn-helix_domain","0","null"","0.0","0.0","98.47","1.4"
"5:145719579:C>T","NM_002700.3:c.589C>T","NP_002691.1:p.Arg197Trp","Unknown significance","null","missense_variant","2/2","null","197","MODERATE","28.3","POU-specific_domain&POU-specific_domain&POU-specific_domain&POU-specific_domain&Cro/C1-type_helix-turn-helix_domain&POU-specific_domain&POU-specific_domain&POU-specific_domain&POU-specific_domain&Cro/C1-type_helix-turn-helix_domain","0","null"","56.73884036128989","0.21059188352230654","95.51","0.3"
"5:145719580:G>C","NM_002700.3:c.590G>C","NP_002691.1:p.Arg197Pro","Unknown significance","null","missense_variant","2/2","null","197","MODERATE","31","POU-specific_domain&POU-specific_domain&POU-specific_domain&POU-specific_domain&Cro/C1-type_helix-turn-helix_domain&POU-specific_domain&POU-specific_domain&POU-specific_domain&POU-specific_domain&Cro/C1-type_helix-turn-helix_domain","0","null"","56.73884036128989","0.21059188352230654","95.51","1.4"
"5:145719583:G>A","NM_002700.3:c.593G>A","NP_002691.1:p.Arg198His","Unknown significance","null","missense_variant","2/2","null","198","MODERATE","31","POU-specific_domain&POU_domain&POU-specific_domain&POU-specific_domain&POU-specific_domain&Cro/C1-type_helix-turn-helix_domain&POU-specific_domain&POU_domain&POU-specific_domain&POU-specific_domain&POU-specific_domain&Cro/C1-type_helix-turn-helix_domain","0","null"","6.4330053555511695","0.023876743090062824","96.97","0.8"
"5:145719585:A>G","NM_002700.3:c.595A>G","NP_002691.1:p.Ile199Val","Unknown significance","null","missense_variant","2/2","null","199","MODERATE","25.2","POU-specific_domain&POU_domain&POU-specific_domain&POU-specific_domain&POU-specific_domain&Cro/C1-type_helix-turn-helix_domain&POU-specific_domain&POU_domain&POU-specific_domain&POU-specific_domain&POU-specific_domain&Cro/C1-type_helix-turn-helix_domain","0.00326712","gnomad_AF_sas_pass"","118.79319495652115","0.6055973191327979","93.86","0.5"
"5:145719592:T>C","NM_002700.3:c.602T>C","NP_002691.1:p.Leu201Pro","Pathogenic","Hearing loss, non-syndromic","missense_variant","2/2","null","201","MODERATE","28.9","POU-specific_domain&POU_domain&POU-specific_domain&POU-specific_domain&POU-specific_domain&Cro/C1-type_helix-turn-helix_domain&POU-specific_domain&POU_domain&POU-specific_domain&POU-specific_domain&POU-specific_domain&Cro/C1-type_helix-turn-helix_domain","0","null"","44.021765553408876","0.22826800510118023","92.7","2.7"
"5:145719595:G>C","NM_002700.3:c.605G>C","NP_002691.1:p.Gly202Ala","Unknown significance","Deafness, autosomal dominant 15","missense_variant","2/2","null","202","MODERATE","26.6","POU-specific_domain&POU_domain&POU-specific_domain&POU-specific_domain&POU-specific_domain&Cro/C1-type_helix-turn-helix_domain&POU-specific_domain&POU_domain&POU-specific_domain&POU-specific_domain&POU-specific_domain&Cro/C1-type_helix-turn-helix_domain","0","null"","72.86602194095488","0.7642258539057155","93.44","0.2"
"5:145719597:G>T","NM_002700.3:c.607G>T","NP_002691.1:p.Val203Leu","Unknown significance","null","missense_variant","2/2","null","203","MODERATE","26.0","POU-specific_domain&POU_domain&POU-specific_domain&POU-specific_domain&POU-specific_domain&Cro/C1-type_helix-turn-helix_domain&POU-specific_domain&POU_domain&POU-specific_domain&POU-specific_domain&POU-specific_domain&Cro/C1-type_helix-turn-helix_domain","0.00326669","gnomad_AF_sas_pass"","39.06585260546011","0.22726960885790573","94.32","0.3"
"5:145719598:T>G","NM_002700.3:c.608T>G","NP_002691.1:p.Val203Gly","Unknown significance","null","missense_variant","2/2","null","203","MODERATE","27.8","POU-specific_domain&POU_domain&POU-specific_domain&POU-specific_domain&POU-specific_domain&Cro/C1-type_helix-turn-helix_domain&POU-specific_domain&POU_domain&POU-specific_domain&POU-specific_domain&POU-specific_domain&Cro/C1-type_helix-turn-helix_domain","0","null"","39.06585260546011","0.22726960885790573","94.32","2.3"
"5:145719606:G>A","NM_002700.3:c.616G>A","NP_002691.1:p.Ala206Thr","Unknown significance","null","missense_variant","2/2","null","206","MODERATE","28.3","POU-specific_domain&POU_domain&POU-specific_domain&POU-specific_domain&POU-specific_domain&Cro/C1-type_helix-turn-helix_domain&POU-specific_domain&POU_domain&POU-specific_domain&POU-specific_domain&POU-specific_domain&Cro/C1-type_helix-turn-helix_domain","0.00326669","gnomad_AF_sas_pass"","53.37044641988144","0.4197152237536968","94.96","0.1"
"5:145719607:C>A","NM_002700.3:c.617C>A","NP_002691.1:p.Ala206Glu","Unknown significance","null","missense_variant","2/2","null","206","MODERATE","27.8","POU-specific_domain&POU_domain&POU-specific_domain&POU-specific_domain&POU-specific_domain&Cro/C1-type_helix-turn-helix_domain&POU-specific_domain&POU_domain&POU-specific_domain&POU-specific_domain&POU-specific_domain&Cro/C1-type_helix-turn-helix_domain","0.00544307","gnomad_AF_eas_pass"","53.37044641988144","0.4197152237536968","94.96","0.6"
"5:145719610:A>G","NM_002700.3:c.620A>G","NP_002691.1:p.Asp207Gly","Unknown significance","null","missense_variant","2/2","null","207","MODERATE","28.9","POU-specific_domain&POU_domain&POU-specific_domain&POU-specific_domain&POU-specific_domain&Cro/C1-type_helix-turn-helix_domain&POU-specific_domain&POU_domain&POU-specific_domain&POU-specific_domain&POU-specific_domain&Cro/C1-type_helix-turn-helix_domain","0.00326691","gnomad_AF_sas_pass"","51.029385791180445","0.3189738519002172","94.3","1.0"
"5:145719612:G>A","NM_002700.3:c.622G>A","NP_002691.1:p.Val208Met","Unknown significance","null","missense_variant","2/2","null","208","MODERATE","28.1","POU-specific_domain&POU_domain&POU-specific_domain&POU-specific_domain&POU-specific_domain&Cro/C1-type_helix-turn-helix_domain&POU-specific_domain&POU_domain&POU-specific_domain&POU-specific_domain&POU-specific_domain&Cro/C1-type_helix-turn-helix_domain","0.00326691","gnomad_AF_sas_pass"","0.0","0.0","94.59","1.5"
"5:145719612:G>C","NM_002700.3:c.622G>C","NP_002691.1:p.Val208Leu","Unknown significance","null","missense_variant","2/2","null","208","MODERATE","26.7","POU-specific_domain&POU_domain&POU-specific_domain&POU-specific_domain&POU-specific_domain&Cro/C1-type_helix-turn-helix_domain&POU-specific_domain&POU_domain&POU-specific_domain&POU-specific_domain&POU-specific_domain&Cro/C1-type_helix-turn-helix_domain","0.00289168","gnomad_AF_amr_pass"","0.0","0.0","94.59","0.9"
"5:145719613:T>C","NM_002700.3:c.623T>C","NP_002691.1:p.Val208Ala","Unknown significance","null","missense_variant","2/2","null","208","MODERATE","26.9","POU-specific_domain&POU_domain&POU-specific_domain&POU-specific_domain&POU-specific_domain&Cro/C1-type_helix-turn-helix_domain&POU-specific_domain&POU_domain&POU-specific_domain&POU-specific_domain&POU-specific_domain&Cro/C1-type_helix-turn-helix_domain","0.00544425","gnomad_AF_eas_pass"","0.0","0.0","94.59","3.0"
"5:145719621:G>T","NM_002700.3:c.631G>T","NP_002691.1:p.Ala211Ser","Unknown significance","null","missense_variant","2/2","null","211","MODERATE","26.7","POU-specific_domain&POU_domain&POU-specific_domain&POU-specific_domain&Cro/C1-type_helix-turn-helix_domain&POU-specific_domain&POU_domain&POU-specific_domain&POU-specific_domain&Cro/C1-type_helix-turn-helix_domain","0.0100361","gnomad_AF_eas_pass"","21.597238700220785","0.16984474520243864","90.51","0.8"
"5:145719622:C>A","NM_002700.3:c.632C>A","NP_002691.1:p.Ala211Asp","Unknown significance","null","missense_variant","2/2","null","211","MODERATE","27.7","POU-specific_domain&POU_domain&POU-specific_domain&POU-specific_domain&Cro/C1-type_helix-turn-helix_domain&POU-specific_domain&POU_domain&POU-specific_domain&POU-specific_domain&Cro/C1-type_helix-turn-helix_domain","0.000881912","gnomad_AF_nfe_pass"","21.597238700220785","0.16984474520243864","90.51","1.5"
"5:145719625:T>C","NM_002700.3:c.635T>C","NP_002691.1:p.Leu212Pro","Likely pathogenic","Deafness, autosomal dominant 15","missense_variant","2/2","null","212","MODERATE","27.5","POU-specific_domain&POU_domain&POU-specific_domain&POU-specific_domain&Cro/C1-type_helix-turn-helix_domain&POU-specific_domain&POU_domain&POU-specific_domain&POU-specific_domain&Cro/C1-type_helix-turn-helix_domain","0","null"","0.0","0.0","90.01","4.4"
"5:145719636:A>C","NM_002700.3:c.646A>C","NP_002691.1:p.Lys216Gln","Unknown significance","null","missense_variant","2/2","null","216","MODERATE","25.9","POU-specific_domain&POU-specific_domain&POU-specific_domain&Cro/C1-type_helix-turn-helix_domain&POU-specific_domain&POU-specific_domain&POU-specific_domain&Cro/C1-type_helix-turn-helix_domain","0.000881259","gnomad_AF_nfe_pass"","232.4495275004108","0.9819816768496442","71.1","0.1"
"5:145719637:A>G","NM_002700.3:c.647A>G","NP_002691.1:p.Lys216Arg","Unknown significance","null","missense_variant","2/2","null","216","MODERATE","26.8","POU-specific_domain&POU-specific_domain&POU-specific_domain&Cro/C1-type_helix-turn-helix_domain&POU-specific_domain&POU-specific_domain&POU-specific_domain&Cro/C1-type_helix-turn-helix_domain","0.0641026","gnomad_AF_eas_pass"","232.4495275004108","0.9819816768496442","71.1","0.1"
"5:145719638:G>T","NM_002700.3:c.648G>T","NP_002691.1:p.Lys216Asn","Unknown significance","null","missense_variant","2/2","null","216","MODERATE","27.0","POU-specific_domain&POU-specific_domain&POU-specific_domain&Cro/C1-type_helix-turn-helix_domain&POU-specific_domain&POU-specific_domain&POU-specific_domain&Cro/C1-type_helix-turn-helix_domain","0.00088129","gnomad_AF_nfe_pass"","232.4495275004108","0.9819816768496442","71.1","0.0"
"5:145719645:G>C","NM_002700.3:c.655G>C","NP_002691.1:p.Gly219Arg","Unknown significance","null","missense_variant","2/2","null","219","MODERATE","27.1","POU-specific_domain&POU-specific_domain&POU-specific_domain&Cro/C1-type_helix-turn-helix_domain&POU-specific_domain&POU-specific_domain&POU-specific_domain&Cro/C1-type_helix-turn-helix_domain","0.00617742","gnomad_AF_afr_pass"","102.14511975073685","1.0713078508260536","72.37","0.1"
"5:145719648:G>A","NM_002700.3:c.658G>A","NP_002691.1:p.Val220Met","Unknown significance","null","missense_variant","2/2","null","220","MODERATE","27.2","POU-specific_domain&POU-specific_domain&POU-specific_domain&Cro/C1-type_helix-turn-helix_domain&POU-specific_domain&POU-specific_domain&POU-specific_domain&Cro/C1-type_helix-turn-helix_domain","0.0054407","gnomad_AF_eas_pass"","34.23728475183479","0.19917891956666767","80.84","0.5"
"5:145719651:G>A","NM_002700.3:c.661G>A","NP_002691.1:p.Gly221Ser","Unknown significance","null","missense_variant","2/2","null","221","MODERATE","26.6","POU-specific_domain&POU-specific_domain&POU-specific_domain&Cro/C1-type_helix-turn-helix_domain&POU-specific_domain&POU-specific_domain&POU-specific_domain&Cro/C1-type_helix-turn-helix_domain","0.00264275","gnomad_AF_nfe_pass"","51.02249610391664","0.5351288517577298","87.0","0.3"
"5:145719655:C>T","NM_002700.3:c.665C>T","NP_002691.1:p.Ser222Leu","Pathogenic","Hearing loss, autosomal dominant","missense_variant","2/2","null","222","MODERATE","27.8","POU-specific_domain&POU-specific_domain&POU-specific_domain&Cro/C1-type_helix-turn-helix_domain&POU-specific_domain&POU-specific_domain&POU-specific_domain&Cro/C1-type_helix-turn-helix_domain","0","null"","37.452802654939994","0.2715797482288089","88.97","0.8"
"5:145719658:T>C","NM_002700.3:c.668T>C","NP_002691.1:p.Leu223Pro","Pathogenic","Deafness, non-syndromic, autosomal dominant","missense_variant","2/2","null","223","MODERATE","27.0","POU-specific_domain&POU-specific_domain&POU-specific_domain&Cro/C1-type_helix-turn-helix_domain&POU-specific_domain&POU-specific_domain&POU-specific_domain&Cro/C1-type_helix-turn-helix_domain","0","null"","41.23222919696979","0.21380329903506343","92.97","2.2"
"5:145719669:A>C","NM_002700.3:c.679A>C","NP_002691.1:p.Thr227Pro","Unknown significance","null","missense_variant","2/2","null","227","MODERATE","26.5","POU-specific_domain&POU_domain&POU-specific_domain&POU-specific_domain&POU-specific_domain&Cro/C1-type_helix-turn-helix_domain&POU-specific_domain&POU_domain&POU-specific_domain&POU-specific_domain&POU-specific_domain&Cro/C1-type_helix-turn-helix_domain","0","null"","29.254531949937352","0.18593479123416948","97.38","1.3"
"5:145719673:T>C","NM_002700.3:c.683T>C","NP_002691.1:p.Ile228Thr","Unknown significance","null","missense_variant","2/2","null","228","MODERATE","26.8","POU-specific_domain&POU_domain&POU-specific_domain&POU-specific_domain&POU-specific_domain&Cro/C1-type_helix-turn-helix_domain&POU-specific_domain&POU_domain&POU-specific_domain&POU-specific_domain&POU-specific_domain&Cro/C1-type_helix-turn-helix_domain","0","null"","0.0","0.0","97.41","3.2"
"5:145719676:G>T","NM_002700.3:c.686G>T","NP_002691.1:p.Cys229Phe","Unknown significance","null","missense_variant","2/2","null","229","MODERATE","29.0","POU-specific_domain&POU_domain&POU-specific_domain&POU-specific_domain&POU-specific_domain&Cro/C1-type_helix-turn-helix_domain&POU-specific_domain&POU_domain&POU-specific_domain&POU-specific_domain&POU-specific_domain&Cro/C1-type_helix-turn-helix_domain","0","null"","46.26225994545227","0.2993778276537197","98.0","0.5"
"5:145719679:G>A","NM_002700.3:c.689G>A","NP_002691.1:p.Arg230Lys","Unknown significance","null","missense_variant","2/2","null","230","MODERATE","28.2","POU-specific_domain&POU_domain&POU-specific_domain&POU-specific_domain&POU-specific_domain&Cro/C1-type_helix-turn-helix_domain&POU-specific_domain&POU_domain&POU-specific_domain&POU-specific_domain&POU-specific_domain&Cro/C1-type_helix-turn-helix_domain","0","null"","149.52857368919263","0.5549902636905991","98.13","0.6"
"5:145719680:G>C","NM_002700.3:c.690G>C","NP_002691.1:p.Arg230Ser","Pathogenic","Hearing loss","missense_variant","2/2","null","230","MODERATE","26.9","POU-specific_domain&POU_domain&POU-specific_domain&POU-specific_domain&POU-specific_domain&Cro/C1-type_helix-turn-helix_domain&POU-specific_domain&POU_domain&POU-specific_domain&POU-specific_domain&POU-specific_domain&Cro/C1-type_helix-turn-helix_domain","0","null"","149.52857368919263","0.5549902636905991","98.13","0.8"
"5:145719680:G>T","NM_002700.3:c.690G>T","NP_002691.1:p.Arg230Ser","Unknown significance","null","missense_variant","2/2","null","230","MODERATE","27.0","POU-specific_domain&POU_domain&POU-specific_domain&POU-specific_domain&POU-specific_domain&Cro/C1-type_helix-turn-helix_domain&POU-specific_domain&POU_domain&POU-specific_domain&POU-specific_domain&POU-specific_domain&Cro/C1-type_helix-turn-helix_domain","0.000880173","gnomad_AF_nfe_pass"","149.52857368919263","0.5549902636905991","98.13","0.8"
"5:145719684:G>A","NM_002700.3:c.694G>A","NP_002691.1:p.Glu232Lys","Pathogenic","Hearing loss","missense_variant","2/2","null","232","MODERATE","31","POU-specific_domain&POU_domain&POU-specific_domain&POU-specific_domain&POU-specific_domain&Cro/C1-type_helix-turn-helix_domain&POU-specific_domain&POU_domain&POU-specific_domain&POU-specific_domain&POU-specific_domain&Cro/C1-type_helix-turn-helix_domain","0","null"","16.901067109953082","0.08655193835654741","98.1","1.0"
"5:145719686:G>T","NM_002700.3:c.696G>T","NP_002691.1:p.Glu232Asp","Likely pathogenic","Deafness, autosomal dominant 15","missense_variant","2/2","null","232","MODERATE","24.5","POU-specific_domain&POU_domain&POU-specific_domain&POU-specific_domain&POU-specific_domain&Cro/C1-type_helix-turn-helix_domain&POU-specific_domain&POU_domain&POU-specific_domain&POU-specific_domain&POU-specific_domain&Cro/C1-type_helix-turn-helix_domain","0","null"","16.901067109953082","0.08655193835654741","98.1","0.5"
"5:145719693:A>C","NM_002700.3:c.703A>C","NP_002691.1:p.Thr235Pro","Unknown significance","null","missense_variant","2/2","null","235","MODERATE","26.0","POU-specific_domain&POU_domain&POU-specific_domain&POU-specific_domain&POU-specific_domain&POU-specific_domain&POU_domain&POU-specific_domain&POU-specific_domain&POU-specific_domain","0","null"","92.2003972302244","0.5860036195433297","96.65","0.4"
"5:145719699:T>G","NM_002700.3:c.709T>G","NP_002691.1:p.Ser237Ala","Unknown significance","null","missense_variant","2/2","null","237","MODERATE","25.9","POU-specific_domain&POU_domain&POU-specific_domain&POU-specific_domain&POU-specific_domain&POU-specific_domain&POU_domain&POU-specific_domain&POU-specific_domain&POU-specific_domain","0","null"","37.82373680039107","0.27426948556994174","92.66","0.2"
"5:145719700:C>T","NM_002700.3:c.710C>T","NP_002691.1:p.Ser237Leu","Unknown significance","null","missense_variant","2/2","null","237","MODERATE","28.6","POU-specific_domain&POU_domain&POU-specific_domain&POU-specific_domain&POU-specific_domain&POU-specific_domain&POU_domain&POU-specific_domain&POU-specific_domain&POU-specific_domain","0.00326669","gnomad_AF_sas_pass"","37.82373680039107","0.27426948556994174","92.66","0.1"
"5:145719703:A>G","NM_002700.3:c.713A>G","NP_002691.1:p.His238Arg","Unknown significance","null","missense_variant","2/2","null","238","MODERATE","25.1","POU-specific_domain&POU-specific_domain&POU-specific_domain&POU-specific_domain&POU-specific_domain&POU-specific_domain","0.000880235","gnomad_AF_nfe_pass"","78.91306571910296","0.3841878013797651","91.48","0.2"
"5:145719708:A>T","NM_002700.3:c.718A>T","NP_002691.1:p.Asn240Tyr","Pathogenic","Hearing loss, autosomal dominant","missense_variant","2/2","null","240","MODERATE","28.4","POU-specific_domain&POU_domain&POU-specific_domain&POU-specific_domain&POU-specific_domain&POU_domain&POU-specific_domain&POU-specific_domain","0","null"","71.01211398547842","0.4443058682071883","94.14","0.4"
"5:145719712:T>C","NM_002700.3:c.722T>C","NP_002691.1:p.Met241Thr","Unknown significance","null","missense_variant","2/2","null","241","MODERATE","26.6","POU-specific_domain&POU_domain&POU-specific_domain&POU-specific_domain&POU-specific_domain&POU_domain&POU-specific_domain&POU-specific_domain","0.00649013","gnomad_AF_nfe_pass"","4.556878292611392","0.02104471145074114","95.67","1.8"
"5:145719713:G>A","NM_002700.3:c.723G>A","NP_002691.1:p.Met241Ile","Unknown significance","null","missense_variant","2/2","null","241","MODERATE","28.2","POU-specific_domain&POU_domain&POU-specific_domain&POU-specific_domain&POU-specific_domain&POU_domain&POU-specific_domain&POU-specific_domain","0.00326691","gnomad_AF_sas_pass"","4.556878292611392","0.02104471145074114","95.67","0.3"
"5:145719714:A>G","NM_002700.3:c.724A>G","NP_002691.1:p.Ile242Val","Unknown significance","null","missense_variant","2/2","null","242","MODERATE","19.02","POU-specific_domain&POU_domain&POU-specific_domain&POU-specific_domain&POU-specific_domain&POU_domain&POU-specific_domain&POU-specific_domain","0.00289168","gnomad_AF_amr_pass"","45.161054467892","0.23022710623260595","95.1","0.2"
"5:145719718:C>T","NM_002700.3:c.728C>T","NP_002691.1:p.Ala243Val","Unknown significance","null","missense_variant","2/2","null","243","MODERATE","27.5","POU-specific_domain&POU_domain&POU-specific_domain&POU-specific_domain&POU-specific_domain&POU_domain&POU-specific_domain&POU-specific_domain","0","null"","73.38185063068501","0.5770886684104063","93.63","0.2"
"5:145719723:A>C","NM_002700.3:c.733A>C","NP_002691.1:p.Lys245Gln","Unknown significance","null","missense_variant","2/2","null","245","MODERATE","26.4","POU-specific_domain&POU_domain&POU-specific_domain&POU-specific_domain&POU-specific_domain&POU_domain&POU-specific_domain&POU-specific_domain","0.00176041","gnomad_AF_nfe_pass"","21.79195610643338","0.09205999181560598","94.33","0.7"
"5:145719726:C>A","NM_002700.3:c.736C>A","NP_002691.1:p.Pro246Thr","Pathogenic","Deafness","missense_variant","2/2","null","246","MODERATE","26.6","POU-specific_domain&POU_domain&POU-specific_domain&POU-specific_domain&POU-specific_domain&POU_domain&POU-specific_domain&POU-specific_domain","0","null"","87.10572688990555","0.5537550284606003","93.59","0.5"
"5:145719732:C>T","NM_002700.3:c.742C>T","NP_002691.1:p.Leu248Phe","Unknown significance","null","missense_variant","2/2","null","248","MODERATE","28.2","POU-specific_domain&POU_domain&POU-specific_domain&POU-specific_domain&POU-specific_domain&POU_domain&POU-specific_domain&POU-specific_domain","0.0123487","gnomad_AF_afr_pass"","0.0","0.0","95.82","0.9"
"5:145719735:C>A","NM_002700.3:c.745C>A","NP_002691.1:p.Gln249Lys","Unknown significance","null","missense_variant","2/2","null","249","MODERATE","24.3","POU-specific_domain&POU_domain&POU-specific_domain&POU-specific_domain&POU-specific_domain&POU_domain&POU-specific_domain&POU-specific_domain","0.000775182","gnomad_AF_nfe_pass"","57.26856789596295","0.2895983594374306","95.21","0.6"
"5:145719739:C>T","NM_002700.3:c.749C>T","NP_002691.1:p.Ala250Val","Unknown significance","null","missense_variant","2/2","null","250","MODERATE","27.8","POU-specific_domain&POU_domain&POU-specific_domain&POU-specific_domain&POU-specific_domain&POU_domain&POU-specific_domain&POU-specific_domain","0.00264126","gnomad_AF_nfe_pass"","27.505849926070553","0.21631117464207172","93.19","0.6"
"5:145719750:G>A","NM_002700.3:c.760G>A","NP_002691.1:p.Glu254Lys","Unknown significance","null","missense_variant","2/2","null","254","MODERATE","25.8","POU-specific_domain&POU_domain&POU-specific_domain&POU-specific_domain&POU-specific_domain&POU_domain&POU-specific_domain&POU-specific_domain","0","null"","100.56184229290713","0.5149865578624225","91.53","0.0"
"5:145719751:A>T","NM_002700.3:c.761A>T","NP_002691.1:p.Glu254Val","Unknown significance","null","missense_variant","2/2","null","254","MODERATE","29.9","POU-specific_domain&POU_domain&POU-specific_domain&POU-specific_domain&POU-specific_domain&POU_domain&POU-specific_domain&POU-specific_domain","0","gnomad_AF_afr_pass,gnomad_AF_sas_pass,gnomad_AF_amr_pass,gnomad_AF_eas_pass,gnomad_AF_nfe_pass"","100.56184229290713","0.5149865578624225","91.53","0.3"
"5:145719754:C>T","NM_002700.3:c.764C>T","NP_002691.1:p.Ala255Val","Unknown significance","null","missense_variant","2/2","null","255","MODERATE","29.4","POU-specific_domain&POU_domain&POU-specific_domain&POU-specific_domain&POU-specific_domain&POU_domain&POU-specific_domain&POU-specific_domain","0","gnomad_AF_afr_pass,gnomad_AF_sas_pass,gnomad_AF_amr_pass,gnomad_AF_eas_pass,gnomad_AF_nfe_pass"","8.600245065716459","0.06763394395646558","91.3","0.4"
"5:145719759:G>A","NM_002700.3:c.769G>A","NP_002691.1:p.Ala257Thr","Unknown significance","null","missense_variant","2/2","null","257","MODERATE","23.5","null","0.000881057","gnomad_AF_nfe_pass"","37.72354305741976","0.29666503425066015","90.03","0.2"
"5:145719760:C>G","NM_002700.3:c.770C>G","NP_002691.1:p.Ala257Gly","Unknown significance","null","missense_variant","2/2","null","257","MODERATE","22.5","null","0","null"","37.72354305741976","0.29666503425066015","90.03","0.6"
"5:145719762:G>A","NM_002700.3:c.772G>A","NP_002691.1:p.Ala258Thr","Unknown significance","null","missense_variant","2/2","null","258","MODERATE","24.8","null","0.000881042","gnomad_AF_nfe_pass"","43.24037040447574","0.3400504016160257","87.63","0.3"
"5:145719769:G>A","NM_002700.3:c.779G>A","NP_002691.1:p.Arg260Gln","Unknown significance","null","missense_variant","2/2","null","260","MODERATE","29.3","null","0.0359289","gnomad_AF_sas_pass"","189.20438922261792","0.7022510231679483","84.98","0.2"
"5:145719769:G>T","NM_002700.3:c.779G>T","NP_002691.1:p.Arg260Leu","Unknown significance","null","missense_variant","2/2","null","260","MODERATE","28.9","null","0","gnomad_AF_afr_pass,gnomad_AF_sas_pass,gnomad_AF_amr_pass,gnomad_AF_eas_pass,gnomad_AF_nfe_pass"","189.20438922261792","0.7022510231679483","84.98","0.2"
"5:145719771:G>A","NM_002700.3:c.781G>A","NP_002691.1:p.Glu261Lys","Unknown significance","null","missense_variant","2/2","null","261","MODERATE","23.6","null","0.00653253","gnomad_AF_sas_pass"","95.48663139614948","0.4889959302987962","82.32","0.2"
"5:145719773:G>C","NM_002700.3:c.783G>C","NP_002691.1:p.Glu261Asp","Unknown significance","null","missense_variant","2/2","null","261","MODERATE","22.7","null","0.00176022","gnomad_AF_nfe_pass"","95.48663139614948","0.4889959302987962","82.32","0.1"
"5:145719775:A>C","NM_002700.3:c.785A>C","NP_002691.1:p.Lys262Thr","Unknown significance","null","missense_variant","2/2","null","262","MODERATE","27.1","null","0.000880096","gnomad_AF_nfe_pass"","100.15153612481936","0.4230895818136005","72.01","0.3"
"5:145719781:G>A","NM_002700.3:c.791G>A","NP_002691.1:p.Ser264Asn","Likely benign","null","missense_variant","2/2","null","264","MODERATE","19.72","null","0.000879941","gnomad_AF_nfe_pass"","113.31701975926705","0.821690381352584","68.38","0.0"
"5:145719782:C>A","NM_002700.3:c.792C>A","NP_002691.1:p.Ser264Arg","Unknown significance","null","missense_variant","2/2","null","264","MODERATE","22.4","null","0.000880034","gnomad_AF_nfe_pass"","113.31701975926705","0.821690381352584","68.38","0.1"
"5:145719787:C>A","NM_002700.3:c.797C>A","NP_002691.1:p.Pro266Gln","Unknown significance","null","missense_variant","2/2","null","266","MODERATE","27.5","null","0.000880049","gnomad_AF_nfe_pass"","112.42252005366424","0.7147008355789722","40.74","0.0"
"5:145719789:G>C","NM_002700.3:c.799G>C","NP_002691.1:p.Glu267Gln","Unknown significance","null","missense_variant","2/2","null","267","MODERATE","23.1","null","0.0123168","gnomad_AF_afr_pass"","105.17328452426678","0.5386021829082738","36.48","0.2"
"5:145719792:C>T","NM_002700.3:c.802C>T","NP_002691.1:p.Leu268Phe","Unknown significance","null","missense_variant","2/2","null","268","MODERATE","23.2","null","0.0326335","gnomad_AF_eas_pass"","195.7789747577753","1.0151813641934009","37.38","0.0"
"5:145719801:G>A","NM_002700.3:c.811G>A","NP_002691.1:p.Gly271Ser","Unknown significance","null","missense_variant","2/2","null","271","MODERATE","23.4","null","0.0040093","gnomad_AF_afr_pass"","26.56920273155175","0.27866035642192377","38.26","0.4"
"5:145719801:G>C","NM_002700.3:c.811G>C","NP_002691.1:p.Gly271Arg","Unknown significance","null","missense_variant","2/2","null","271","MODERATE","25.0","null","0.00326627","gnomad_AF_sas_pass"","26.56920273155175","0.27866035642192377","38.26","0.8"
"5:145719806:C>G","NM_002700.3:c.816C>G","NP_002691.1:p.Ser272Arg","Unknown significance","null","missense_variant","2/2","null","272","MODERATE","17.39","Homeobox_domain&Homeobox_domain","0.00088084","gnomad_AF_nfe_pass"","102.48309889756058","0.7431308800233823","35.07","0.1"
"5:145719810:C>T","NM_002700.3:c.820C>T","NP_002691.1:p.Arg274Trp","Unknown significance","null","missense_variant","2/2","null","274","MODERATE","25.9","POU_domain&Homeobox_domain&Homeobox_domain&POU_domain&Homeobox_domain&Homeobox_domain","0.00326627","gnomad_AF_sas_pass"","265.2444851741077","0.9844814481761816","48.43","0.0"
"5:145719811:G>A","NM_002700.3:c.821G>A","NP_002691.1:p.Arg274Gln","Unknown significance","null","missense_variant","2/2","null","274","MODERATE","25.3","POU_domain&Homeobox_domain&Homeobox_domain&POU_domain&Homeobox_domain&Homeobox_domain","0.010879","gnomad_AF_eas_pass"","265.2444851741077","0.9844814481761816","48.43","0.0"
"5:145719820:A>G","NM_002700.3:c.830A>G","NP_002691.1:p.Lys277Arg","Unknown significance","null","missense_variant","2/2","null","277","MODERATE","25.5","Homeobox_domain&POU_domain&Homeobox_domain&Homeobox_domain&Homeobox_domain&Homeobox_domain&POU_domain&Homeobox_domain&Homeobox_domain&Homeobox_domain","0.00088053","gnomad_AF_nfe_pass"","226.1067806620427","0.9551867797244501","73.39","0.1"
"5:145719823:G>A","NM_002700.3:c.833G>A","NP_002691.1:p.Arg278His","Unknown significance","null","missense_variant","2/2","null","278","MODERATE","32","Homeobox_domain&POU_domain&Homeobox_domain&Homeobox_domain&Homeobox_domain&Homeobox_domain&POU_domain&Homeobox_domain&Homeobox_domain&Homeobox_domain","0","null"","195.60752840099366","0.7260169149528921","79.93","0.2"
"5:145719826:C>G","NM_002700.3:c.836C>G","NP_002691.1:p.Thr279Arg","Unknown significance","null","missense_variant","2/2","null","279","MODERATE","28.1","Homeobox_domain&POU_domain&Homeobox_domain&Homeobox_domain&Homeobox_domain&Homeobox_domain&POU_domain&Homeobox_domain&Homeobox_domain&Homeobox_domain","0","null"","80.57594558702404","0.5121213918874952","83.72","0.4"
"5:145719826:C>T","NM_002700.3:c.836C>T","NP_002691.1:p.Thr279Met","Unknown significance","null","missense_variant","2/2","null","279","MODERATE","29.3","Homeobox_domain&POU_domain&Homeobox_domain&Homeobox_domain&Homeobox_domain&Homeobox_domain&POU_domain&Homeobox_domain&Homeobox_domain&Homeobox_domain","0.0054407","gnomad_AF_eas_pass"","80.57594558702404","0.5121213918874952","83.72","0.1"
"5:145719831:A>G","NM_002700.3:c.841A>G","NP_002691.1:p.Ile281Val","Pathogenic","Hearing loss, autosomal dominant","missense_variant","2/2","null","281","MODERATE","25.4","Homeobox_domain&POU_domain&Homeobox_domain&Homeobox_domain&Homeobox_domain&Homeobox_domain&POU_domain&Homeobox_domain&Homeobox_domain&Homeobox_domain","0","null"","21.67849153719306","0.11051505401948515","91.59","0.5"
"5:145719838:C>A","NM_002700.3:c.848C>A","NP_002691.1:p.Ala283Glu","Unknown significance","null","missense_variant","2/2","null","283","MODERATE","29.1","Homeobox_domain&POU_domain&Homeobox_domain&Homeobox_domain&Homeobox_domain&Homeobox_domain&POU_domain&Homeobox_domain&Homeobox_domain&Homeobox_domain","0.00289134","gnomad_AF_amr_pass"","65.7744122571598","0.5172623429190167","94.74","0.2"
"5:145719838:C>T","NM_002700.3:c.848C>T","NP_002691.1:p.Ala283Val","Likely pathogenic","Deafness","missense_variant","2/2","null","283","MODERATE","25.8","Homeobox_domain&POU_domain&Homeobox_domain&Homeobox_domain&Homeobox_domain&Homeobox_domain&POU_domain&Homeobox_domain&Homeobox_domain&Homeobox_domain","0","null"","65.7744122571598","0.5172623429190167","94.74","0.2"
"5:145719841:C>G","NM_002700.3:c.851C>G","NP_002691.1:p.Pro284Arg","Unknown significance","null","missense_variant","2/2","null","284","MODERATE","26.8","Homeobox_domain&POU_domain&Homeobox_domain&Homeobox_domain&Homeobox_domain&Homeobox_domain&POU_domain&Homeobox_domain&Homeobox_domain&Homeobox_domain","0.0054407","gnomad_AF_eas_pass"","95.23431578780185","0.6054307005112829","95.47","0.3"
"5:145719846:A>G","NM_002700.3:c.856A>G","NP_002691.1:p.Lys286Glu","Unknown significance","null","missense_variant","2/2","null","286","MODERATE","27.7","Homeobox_domain&POU_domain&Homeobox_domain&Homeobox_domain&Homeobox_domain&Homeobox_domain&POU_domain&Homeobox_domain&Homeobox_domain&Homeobox_domain","0","null"","114.20875561836854","0.48247422379827626","97.27","0.2"
"5:145719849:C>G","NM_002700.3:c.859C>G","NP_002691.1:p.Arg287Gly","Unknown significance","null","missense_variant","2/2","null","287","MODERATE","25.6","Homeobox_domain&POU_domain&Homeobox_domain&Homeobox_domain&Homeobox_domain&Homeobox_domain&POU_domain&Homeobox_domain&Homeobox_domain&Homeobox_domain","0.00543951","gnomad_AF_eas_pass"","177.6497794938256","0.6593649329578342","97.48","0.6"
"5:145719855:C>T","NM_002700.3:c.865C>T","NP_002691.1:p.Leu289Phe","Pathogenic","Deafness, non-syndromic, autosomal dominant","missense_variant","2/2","null","289","MODERATE","24.9","Homeobox_domain&POU_domain&Homeobox_domain&Homeobox_domain&Homeobox_domain&Homeobox_domain&POU_domain&Homeobox_domain&Homeobox_domain&Homeobox_domain","0","null"","0.0","0.0","98.43","1.6"
"5:145719858:G>A","NM_002700.3:c.868G>A","NP_002691.1:p.Glu290Lys","Unknown significance","null","missense_variant","2/2","null","290","MODERATE","30","Homeobox_domain&POU_domain&Homeobox_domain&Homeobox_domain&Homeobox_domain&Homeobox_domain&POU_domain&Homeobox_domain&Homeobox_domain&Homeobox_domain","0.00289134","gnomad_AF_amr_pass"","72.64641850358049","0.37202907338572766","97.73","0.3"
"5:145719858:G>C","NM_002700.3:c.868G>C","NP_002691.1:p.Glu290Gln","Unknown significance","null","missense_variant","2/2","null","290","MODERATE","27.2","Homeobox_domain&POU_domain&Homeobox_domain&Homeobox_domain&Homeobox_domain&Homeobox_domain&POU_domain&Homeobox_domain&Homeobox_domain&Homeobox_domain","0.000880158","gnomad_AF_nfe_pass"","72.64641850358049","0.37202907338572766","97.73","0.2"
"5:145719870:G>T","NM_002700.3:c.880G>T","NP_002691.1:p.Ala294Ser","Unknown significance","null","missense_variant","2/2","null","294","MODERATE","24.3","Homeobox_domain&Homeobox_domain&Homeobox_domain&Homeobox_domain&Homeobox_domain&Homeobox_domain&Homeobox_domain&Homeobox_domain","0.0097988","gnomad_AF_sas_pass"","97.66315632268964","0.7680414210138625","96.81","0.1"
"5:145719879:C>A","NM_002700.3:c.889C>A","NP_002691.1:p.Pro297Thr","Unknown significance","null","missense_variant","2/2","null","297","MODERATE","26.2","Homeobox_domain&Homeobox_domain&Homeobox_domain&Homeobox_domain&Homeobox_domain&Homeobox_domain&Homeobox_domain&Homeobox_domain","0.00289118","gnomad_AF_amr_pass"","46.55037531872638","0.29593352044525834","96.65","0.2"
"5:145719882:C>T","NM_002700.3:c.892C>T","NP_002691.1:p.Arg298Cys","Unknown significance","null","missense_variant","2/2","null","298","MODERATE","29.3","Homeobox_domain&Homeobox_domain&Homeobox_domain&Homeobox_domain&Homeobox_domain&Homeobox_domain&Homeobox_domain&Homeobox_domain","0.00400545","gnomad_AF_afr_pass"","194.70736340913766","0.7226758625114128","97.65","0.3"
"5:145719885:C>T","NM_002700.3:c.895C>T","NP_002691.1:p.Pro299Ser","Unknown significance","null","missense_variant","2/2","null","299","MODERATE","27.5","Homeobox_domain&Homeobox_domain&Homeobox_domain&Homeobox_domain&Homeobox_domain&Homeobox_domain&Homeobox_domain&Homeobox_domain","0","null"","12.313262758412876","0.0782787930562342","95.97","1.6"
"5:145719886:C>T","NM_002700.3:c.896C>T","NP_002691.1:p.Pro299Leu","Pathogenic","Hearing loss, autosomal dominant","missense_variant","2/2","null","299","MODERATE","29.2","Homeobox_domain&Homeobox_domain&Homeobox_domain&Homeobox_domain&Homeobox_domain&Homeobox_domain&Homeobox_domain&Homeobox_domain","0","null"","12.313262758412876","0.0782787930562342","95.97","0.4"
"5:145719888:T>A","NM_002700.3:c.898T>A","NP_002691.1:p.Ser300Thr","Unknown significance","null","missense_variant","2/2","null","300","MODERATE","26.2","Homeobox_domain&Homeobox_domain&Homeobox_domain&Homeobox_domain&Homeobox_domain&Homeobox_domain&Homeobox_domain&Homeobox_domain","0.00615385","gnomad_AF_afr_pass"","67.9371771017302","0.4926296603928599","97.3","0.2"
"5:145719891:T>C","NM_002700.3:c.901T>C","NP_002691.1:p.Ser301Pro","Unknown significance","null","missense_variant","2/2","null","301","MODERATE","26.7","Homeobox_domain&Homeobox_domain&Homeobox_domain&Homeobox_domain&Homeobox_domain&Homeobox_domain&Homeobox_domain&Homeobox_domain","0","null"","86.19990378681793","0.6250573123580054","96.94","0.1"
"5:145719907:C>T","NM_002700.3:c.917C>T","NP_002691.1:p.Ala306Val","Unknown significance","null","missense_variant","2/2","null","306","MODERATE","27.8","Homeobox_domain&Homeobox_domain&Homeobox_domain&Homeobox_domain&Homeobox_domain&Homeobox_domain&Homeobox_domain&Homeobox_domain","0.00326627","gnomad_AF_sas_pass"","42.80692313668516","0.33664169081838874","98.08","0.5"
"5:145719909:A>G","NM_002700.3:c.919A>G","NP_002691.1:p.Ile307Val","Unknown significance","null","missense_variant","2/2","null","307","MODERATE","25.3","Homeobox_domain&Homeobox&_conserved_site&Homeobox_domain&Homeobox_domain&Homeobox_domain&Homeobox_domain&Homeobox&_conserved_site&Homeobox_domain&Homeobox_domain&Homeobox_domain","0","gnomad_AF_afr_pass,gnomad_AF_amr_pass,gnomad_AF_eas_pass,gnomad_AF_nfe_pass"","1.8989308117671784","0.009680583212243526","97.54","0.8"
"5:145719917:G>T","NM_002700.3:c.927G>T","NP_002691.1:p.Glu309Asp","Unknown significance","null","missense_variant","2/2","null","309","MODERATE","24.2","Homeobox_domain&POU_domain&Homeobox&_conserved_site&Homeobox_domain&Homeobox_domain&Homeobox_domain&Homeobox_domain&POU_domain&Homeobox&_conserved_site&Homeobox_domain&Homeobox_domain&Homeobox_domain","0.000879662","gnomad_AF_nfe_pass"","160.75118631411408","0.8232217929249849","97.64","0.1"
"5:145719922:T>C","NM_002700.3:c.932T>C","NP_002691.1:p.Leu311Pro","Pathogenic","Deafness, non-syndromic, autosomal dominant","missense_variant","2/2","null","311","MODERATE","31","Homeobox_domain&POU_domain&Homeobox&_conserved_site&Homeobox_domain&Homeobox_domain&Homeobox_domain&Homeobox_domain&POU_domain&Homeobox&_conserved_site&Homeobox_domain&Homeobox_domain&Homeobox_domain","0","null"","15.200139531304636","0.07881795481057931","96.29","3.2"
"5:145719925:A>G","NM_002700.3:c.935A>G","NP_002691.1:p.Asp312Gly","Unknown significance","null","missense_variant","2/2","null","312","MODERATE","28.9","Homeobox_domain&POU_domain&Homeobox&_conserved_site&Homeobox_domain&Homeobox_domain&Homeobox_domain&Homeobox_domain&POU_domain&Homeobox&_conserved_site&Homeobox_domain&Homeobox_domain&Homeobox_domain","0.00543774","gnomad_AF_eas_pass"","141.54260174317918","0.8847527397400772","96.09","0.1"
"5:145719935:G>C","NM_002700.3:c.945G>C","NP_002691.1:p.Lys315Asn","Unknown significance","null","missense_variant","2/2","null","315","MODERATE","28.9","Homeobox_domain&POU_domain&Homeobox&_conserved_site&Homeobox_domain&Homeobox_domain&Homeobox_domain&Homeobox_domain&POU_domain&Homeobox&_conserved_site&Homeobox_domain&Homeobox_domain&Homeobox_domain","0.0250601","gnomad_AF_eas_pass"","95.95403965520146","0.40535728239303676","96.66","0.1"
"5:145719937:A>C","NM_002700.3:c.947A>C","NP_002691.1:p.Asn316Thr","Unknown significance","null","missense_variant","2/2","null","316","MODERATE","27.6","Homeobox_domain&POU_domain&Homeobox&_conserved_site&Homeobox_domain&Homeobox_domain&Homeobox_domain&Homeobox_domain&POU_domain&Homeobox&_conserved_site&Homeobox_domain&Homeobox_domain&Homeobox_domain","0.00326627","gnomad_AF_sas_pass"","72.04484573775113","0.4507674245820976","95.95","0.2"
"5:145719938:C>A","NM_002700.3:c.948C>A","NP_002691.1:p.Asn316Lys","Unknown significance","null","missense_variant","2/2","null","316","MODERATE","24.8","Homeobox_domain&POU_domain&Homeobox&_conserved_site&Homeobox_domain&Homeobox_domain&Homeobox_domain&Homeobox_domain&POU_domain&Homeobox&_conserved_site&Homeobox_domain&Homeobox_domain&Homeobox_domain","0.00154962","gnomad_AF_nfe_pass"","72.04484573775113","0.4507674245820976","95.95","0.1"
"5:145719938:C>G","NM_002700.3:c.948C>G","NP_002691.1:p.Asn316Lys","Unknown significance","Deafness, autosomal dominant 15","missense_variant","2/2","null","316","MODERATE","24.7","Homeobox_domain&POU_domain&Homeobox&_conserved_site&Homeobox_domain&Homeobox_domain&Homeobox_domain&Homeobox_domain&POU_domain&Homeobox&_conserved_site&Homeobox_domain&Homeobox_domain&Homeobox_domain","0.0635344","gnomad_AF_nfe_pass"","72.04484573775113","0.4507674245820976","95.95","0.1"
"5:145719940:T>C","NM_002700.3:c.950T>C","NP_002691.1:p.Val317Ala","Unknown significance","null","missense_variant","2/2","null","317","MODERATE","28.5","Homeobox_domain&POU_domain&Homeobox&_conserved_site&Homeobox_domain&Homeobox_domain&Homeobox_domain&Homeobox_domain&POU_domain&Homeobox&_conserved_site&Homeobox_domain&Homeobox_domain&Homeobox_domain","0.00326627","gnomad_AF_sas_pass"","21.014545817695314","0.12225427809161987","96.72","1.3"
"5:145719955:T>C","NM_002700.3:c.965T>C","NP_002691.1:p.Phe322Ser","Pathogenic","Hearing loss","missense_variant","2/2","null","322","MODERATE","32","Homeobox_domain&POU_domain&Homeobox&_conserved_site&Homeobox_domain&Homeobox_domain&Homeobox_domain&Homeobox_domain&POU_domain&Homeobox&_conserved_site&Homeobox_domain&Homeobox_domain&Homeobox_domain","0","null"","0.11125623568062669","4.842483206366261E-4","98.39","6.1"
"5:145719967:G>A","NM_002700.3:c.977G>A","NP_002691.1:p.Arg326Lys","Pathogenic","Deafness, non-syndromic, autosomal dominant","missense_variant","2/2","null","326","MODERATE","29.8","Homeobox_domain&Homeobox&_conserved_site&Homeobox_domain&Homeobox_domain&Homeobox_domain&Homeobox_domain&Homeobox&_conserved_site&Homeobox_domain&Homeobox_domain&Homeobox_domain","0","null"","63.030748143638505","0.23394492885062546","96.07","1.0"
"5:145719972:A>G","NM_002700.3:c.982A>G","NP_002691.1:p.Lys328Glu","Pathogenic","Hearing loss, autosomal dominant","missense_variant","2/2","null","328","MODERATE","28.1","Homeobox_domain&Homeobox&_conserved_site&Homeobox_domain&Homeobox_domain&Homeobox_domain&Homeobox_domain&Homeobox&_conserved_site&Homeobox_domain&Homeobox_domain&Homeobox_domain","0","null"","107.4429620585831","0.45389216825916623","91.05","0.5"
"5:145719988:A>C","NM_002700.3:c.998A>C","NP_002691.1:p.Lys333Thr","Unknown significance","null","missense_variant","2/2","null","333","MODERATE","27.8","Homeobox_domain&Homeobox_domain&Homeobox_domain&Homeobox_domain","0.00289251","gnomad_AF_amr_pass"","140.4354098360098","0.5932685719896257","78.56","0.3"
"5:145719994:C>T","NM_002700.3:c.1004C>T","NP_002691.1:p.Ser335Leu","Unknown significance","null","missense_variant","2/2","null","335","MODERATE","29.7","Homeobox_domain&Homeobox_domain","0.00545019","gnomad_AF_eas_pass"","77.18749405471654","0.5597060491019797","67.12","0.1"
"5:145720004:C>G","NM_002700.3:c.1014C>G","NP_002691.1:p.His338Gln","Unknown significance","null","missense_variant","2/2","null","338","MODERATE","18.74","null","0.00579039","gnomad_AF_amr_pass"","248.10002924014873","1.207873549043403","42.18","0.1"