{"applied_filters": "CONTAINS missense_variant[Consequence]"},,"Surface Area","Normalized SA","Confidence Score","|ddG|""Genomic Description (GRCh37)","HGVS Nucleotide Change","HGVS Protein Change","Variant Classification","Phenotype","Consequence","Exon","Intron","Protein Position","Impact","CADD Phred","Interpro Domain","Max MAF (%)","Max MAF Source","Surface Area","Normalized SA","Confidence Score","|ddG|"
"17:46606913:G>C","NM_002144.4:c.902C>G","NP_002135.2:p.Ser301Cys","Unknown significance","null","missense_variant","2/2","null","301","MODERATE","25.5","null","0.00649266","gnomad_AF_nfe_pass"","184.35713516072627","1.336820232451433","52.97","0.1"
"17:46606916:G>T","NM_002144.4:c.899C>A","NP_002135.2:p.Thr300Asn","Unknown significance","null","missense_variant","2/2","null","300","MODERATE","18.65","null","0.0314495","gnomad_AF_nfe_pass"","144.24635632543755","0.9167952574171089","46.24","0.1"
"17:46606931:G>A","NM_002144.4:c.884C>T","NP_002135.2:p.Ser295Leu","Unknown significance","null","missense_variant","2/2","null","295","MODERATE","29.6","null","0.00642013","gnomad_AF_afr_pass"","112.36938016248","0.8148188068678068","50.78","0.2"
"17:46606940:G>A","NM_002144.4:c.875C>T","NP_002135.2:p.Pro292Leu","Unknown significance","null","missense_variant","2/2","null","292","MODERATE","27.2","null","0.00763184","gnomad_AF_amr_pass"","159.24040680791822","1.0123349996889273","54.9","0.1"
"17:46606941:G>A","NM_002144.4:c.874C>T","NP_002135.2:p.Pro292Ser","Unknown significance","null","missense_variant","2/2","null","292","MODERATE","24.4","null","0.00106847","gnomad_AF_nfe_pass"","159.24040680791822","1.0123349996889273","54.9","0.1"
"17:46606943:G>A","NM_002144.4:c.872C>T","NP_002135.2:p.Ser291Phe","Unknown significance","null","missense_variant","2/2","null","291","MODERATE","29.3","null","0.084565","gnomad_AF_amr_pass"","69.87057751262284","0.5066492359544886","47.09","0.2"
"17:46606943:G>T","NM_002144.4:c.872C>A","NP_002135.2:p.Ser291Tyr","Unknown significance","null","missense_variant","2/2","null","291","MODERATE","28.2","null","0.0904126","gnomad_AF_nfe_pass"","69.87057751262284","0.5066492359544886","47.09","0.0"
"17:46606943:GA>TT","NM_002144.4:c.871_872delinsAA","NP_002135.2:p.Ser291Asn","Unknown significance","null","missense_variant","2/2","null","291","MODERATE","null","null","0","null"","69.87057751262284","0.5066492359544886","47.09","0.3"
"17:46606944:A>T","NM_002144.4:c.871T>A","NP_002135.2:p.Ser291Thr","Unknown significance","null","missense_variant","2/2","null","291","MODERATE","26.4","null","0.0904556","gnomad_AF_nfe_pass"","69.87057751262284","0.5066492359544886","47.09","0.0"
"17:46606955:G>A","NM_002144.4:c.860C>T","NP_002135.2:p.Ser287Leu","Unknown significance","null","missense_variant","2/2","null","287","MODERATE","28.3","null","0.00452981","gnomad_AF_sas_pass"","109.61914455360292","0.7948761526127928","46.92","0.1"
"17:46606965:A>C","NM_002144.4:c.850T>G","NP_002135.2:p.Ser284Ala","Unknown significance","null","missense_variant","2/2","null","284","MODERATE","22.9","null","0.0186765","gnomad_AF_amr_pass"","112.83936842754798","0.8182268106926106","46.75","0.2"
"17:46606967:G>A","NM_002144.4:c.848C>T","NP_002135.2:p.Ala283Val","Likely benign","null","missense_variant","2/2","null","283","MODERATE","19.29","null","0.00496179","gnomad_AF_nfe_pass"","82.44265664854444","0.6483445502753562","43.99","0.0"
"17:46606969:A>T","NM_002144.4:c.846T>A","NP_002135.2:p.Asp282Glu","Likely benign","null","missense_variant","2/2","null","282","MODERATE","4.763","null","0.000939655","gnomad_AF_nfe_pass"","166.31769491395352","1.0396165849019072","43.23","0.0"
"17:46606974:C>T","NM_002144.4:c.841G>A","NP_002135.2:p.Gly281Arg","Unknown significance","null","missense_variant","2/2","null","281","MODERATE","25.3","null","0.00554078","gnomad_AF_eas_pass"","80.57998014993737","0.8451305903277158","37.78","0.2"
"17:46606979:G>T","NM_002144.4:c.836C>A","NP_002135.2:p.Ala279Glu","Likely benign","null","missense_variant","2/2","null","279","MODERATE","6.495","null","0.000919168","gnomad_AF_nfe_pass"","112.954382495938","0.8882944982371873","42.82","0.0"
"17:46606985:T>C","NM_002144.4:c.830A>G","NP_002135.2:p.Lys277Arg","Likely benign","null","missense_variant","2/2","null","277","MODERATE","22.1","null","0","null"","242.78806442749388","1.0256567659625317","43.26","0.1"
"17:46606988:G>A","NM_002144.4:c.827C>T","NP_002135.2:p.Pro276Leu","Unknown significance","null","missense_variant","2/2","null","276","MODERATE","22.5","null","0","null"","103.79126188151851","0.6598295568993469","44.69","0.1"
"17:46606989:G>A","NM_002144.4:c.826C>T","NP_002135.2:p.Pro276Ser","Likely benign","null","missense_variant","2/2","null","276","MODERATE","12.34","null","0","null"","103.79126188151851","0.6598295568993469","44.69","0.1"
"17:46607000:G>A","NM_002144.4:c.815C>T","NP_002135.2:p.Pro272Leu","Unknown significance","null","missense_variant","2/2","null","272","MODERATE","21.9","null","0","gnomad_AF_afr_pass,gnomad_AF_amr_pass,gnomad_AF_eas_pass,gnomad_AF_nfe_pass,gnomad_AF_sas_pass"","133.4255528507735","0.8482228833201293","51.68","0.1"
"17:46607001:G>A","NM_002144.4:c.814C>T","NP_002135.2:p.Pro272Ser","Unknown significance","null","missense_variant","2/2","null","272","MODERATE","23.1","null","0.0272124","gnomad_AF_eas_pass"","133.4255528507735","0.8482228833201293","51.68","0.0"
"17:46607003:G>A","NM_002144.4:c.812C>T","NP_002135.2:p.Ala271Val","Likely benign","null","missense_variant","2/2","null","271","MODERATE","8.438","null","0","null"","98.58868068011597","0.7753199185499442","53.77","0.1"
"17:46607004:C>T","NM_002144.4:c.811G>A","NP_002135.2:p.Ala271Thr","Likely benign","null","missense_variant","2/2","null","271","MODERATE","14.21","null","0.0054401","gnomad_AF_eas_pass"","98.58868068011597","0.7753199185499442","53.77","0.0"
"17:46607006:G>C","NM_002144.4:c.809C>G","NP_002135.2:p.Pro270Arg","Likely benign","null","missense_variant","2/2","null","270","MODERATE","12.22","null","0","gnomad_AF_afr_pass,gnomad_AF_amr_pass,gnomad_AF_eas_pass,gnomad_AF_nfe_pass,gnomad_AF_sas_pass"","143.1659493208331","0.9101452587721212","57.14","0.0"
"17:46607007:G>A","NM_002144.4:c.808C>T","NP_002135.2:p.Pro270Ser","Likely benign","null","missense_variant","2/2","null","270","MODERATE","9.812","null","0.00544129","gnomad_AF_eas_pass"","143.1659493208331","0.9101452587721212","57.14","0.0"
"17:46607007:G>T","NM_002144.4:c.808C>A","NP_002135.2:p.Pro270Thr","Likely benign","null","missense_variant","2/2","null","270","MODERATE","8.553","null","0","null"","143.1659493208331","0.9101452587721212","57.14","0.0"
"17:46607009:G>T","NM_002144.4:c.806C>A","NP_002135.2:p.Pro269His","Unknown significance","null","missense_variant","2/2","null","269","MODERATE","16.02","null","0.000883736","gnomad_AF_nfe_pass"","124.4655146322765","0.7912614595900569","57.56","0.1"
"17:46607015:C>T","NM_002144.4:c.800G>A","NP_002135.2:p.Arg267Gln","Unknown significance","null","missense_variant","2/2","null","267","MODERATE","21.6","null","0.024052","gnomad_AF_afr_pass"","235.41217067898307","0.8737558277836242","64.93","0.1"
"17:46607016:G>A","NM_002144.4:c.799C>T","NP_002135.2:p.Arg267Trp","Unknown significance","null","missense_variant","2/2","null","267","MODERATE","23.1","null","0","null"","235.41217067898307","0.8737558277836242","64.93","0.1"
"17:46607019:C>G","NM_002144.4:c.796G>C","NP_002135.2:p.Gly266Arg","Unknown significance","null","missense_variant","2/2","null","266","MODERATE","25.4","null","0.000881337","gnomad_AF_nfe_pass"","70.23113362399606","0.7365908915414223","71.88","0.2"
"17:46607021:T>A","NM_002144.4:c.794A>T","NP_002135.2:p.Glu265Val","Unknown significance","null","missense_variant","2/2","null","265","MODERATE","23.6","Homeobox_domain&Homeobox_domain","0","null"","112.25384908125937","0.574862413287779","84.54","0.0"
"17:46607021:T>C","NM_002144.4:c.794A>G","NP_002135.2:p.Glu265Gly","Benign","null","missense_variant","2/2","null","265","MODERATE","22.9","Homeobox_domain&Homeobox_domain","100","gnomad_AF_eas_pass"","112.25384908125937","0.574862413287779","84.54","0.5"
"17:46607027:C>T","NM_002144.4:c.788G>A","NP_002135.2:p.Arg263Gln","Unknown significance","null","missense_variant","2/2","null","263","MODERATE","27.3","Homeobox_domain&Homeobox_domain","0.00615233","gnomad_AF_afr_pass"","173.8704331873603","0.6453375109644759","89.93","0.2"
"17:46607033:C>T","NM_002144.4:c.782G>A","NP_002135.2:p.Arg261His","Unknown significance","null","missense_variant","2/2","null","261","MODERATE","27.7","Homeobox_domain&Homeobox_domain&Homeobox_domain&Homeobox_domain&Homeobox_domain&Homeobox_domain","0.00175948","gnomad_AF_nfe_pass"","138.88734747486802","0.5154942877913374","96.3","0.1"
"17:46607034:G>A","NM_002144.4:c.781C>T","NP_002135.2:p.Arg261Cys","Unknown significance","null","missense_variant","2/2","null","261","MODERATE","32","Homeobox_domain&Homeobox_domain&Homeobox_domain&Homeobox_domain&Homeobox_domain&Homeobox_domain","0.00175979","gnomad_AF_nfe_pass"","138.88734747486802","0.5154942877913374","96.3","0.7"
"17:46607034:G>T","NM_002144.4:c.781C>A","NP_002135.2:p.Arg261Ser","Unknown significance","null","missense_variant","2/2","null","261","MODERATE","27.9","Homeobox_domain&Homeobox_domain&Homeobox_domain&Homeobox_domain&Homeobox_domain&Homeobox_domain","0","null"","138.88734747486802","0.5154942877913374","96.3","0.4"
"17:46607035:C>G","NM_002144.4:c.780G>C","NP_002135.2:p.Lys260Asn","Unknown significance","null","missense_variant","2/2","null","260","MODERATE","23.4","Homeobox_domain&Homeobox_domain&Homeobox_domain&Homeobox_domain&Homeobox_domain&Homeobox_domain&Homeobox_domain&Homeobox_domain","0.00326819","gnomad_AF_sas_pass"","128.97184067314257","0.5448407907405786","97.06","0.0"
"17:46607037:T>G","NM_002144.4:c.778A>C","NP_002135.2:p.Lys260Gln","Unknown significance","null","missense_variant","2/2","null","260","MODERATE","25.7","Homeobox_domain&Homeobox_domain&Homeobox_domain&Homeobox_domain&Homeobox_domain&Homeobox_domain&Homeobox_domain&Homeobox_domain","0.0114863","gnomad_AF_afr_pass"","128.97184067314257","0.5448407907405786","97.06","0.3"
"17:46607051:C>T","NM_002144.4:c.764G>A","NP_002135.2:p.Arg255Gln","Unknown significance","Hereditary congenital facial paresis 3","missense_variant","2/2","null","255","MODERATE","32","Homeobox_domain&Homeobox_domain&_metazoa&Homeobox&_conserved_site&Homeobox_domain&Homeobox_domain&Homeobox_domain&Homeobox_domain&Homeobox_domain&_metazoa&Homeobox&_conserved_site&Homeobox_domain&Homeobox_domain&Homeobox_domain","0","null"","65.94935247570423","0.24477762087662286","98.7","0.4"
"17:46607057:T>G","NM_002144.4:c.758A>C","NP_002135.2:p.Asn253Thr","Unknown significance","null","missense_variant","2/2","null","253","MODERATE","27.2","Homeobox_domain&Homeobox_domain&_metazoa&Homeobox&_conserved_site&Homeobox_domain&Homeobox_domain&Homeobox_domain&Homeobox_domain&Homeobox_domain&_metazoa&Homeobox&_conserved_site&Homeobox_domain&Homeobox_domain&Homeobox_domain","0.000879229","gnomad_AF_nfe_pass"","87.69409565119629","0.5486810505728178","98.75","0.3"
"17:46607087:T>C","NM_002144.4:c.728A>G","NP_002135.2:p.Asn243Ser","Unknown significance","null","missense_variant","2/2","null","243","MODERATE","25.8","Homeobox_domain&Homeobox_domain&_metazoa&Homeobox&_conserved_site&Homeobox_domain&Homeobox_domain&Homeobox_domain&Homeobox_domain&Homeobox_domain&_metazoa&Homeobox&_conserved_site&Homeobox_domain&Homeobox_domain&Homeobox_domain","0.00615233","gnomad_AF_afr_pass"","88.74893732093754","0.5552809434304131","97.65","0.0"
"17:46607100:T>G","NM_002144.4:c.715A>C","NP_002135.2:p.Thr239Pro","Unknown significance","null","missense_variant","2/2","null","239","MODERATE","22.9","Homeobox_domain&Homeobox&_conserved_site&Homeobox_domain&Homeobox_domain&Homeobox_domain&Homeobox_domain&Homeobox&_conserved_site&Homeobox_domain&Homeobox_domain&Homeobox_domain","0.000879167","gnomad_AF_nfe_pass"","86.26628910640065","0.5482878510240347","98.54","0.4"
"17:46607103:C>T","NM_002144.4:c.712G>A","NP_002135.2:p.Ala238Thr","Unknown significance","null","missense_variant","2/2","null","238","MODERATE","27.5","Homeobox_domain&Homeobox&_conserved_site&Homeobox_domain&Homeobox_domain&Homeobox_domain&Homeobox_domain&Homeobox&_conserved_site&Homeobox_domain&Homeobox_domain&Homeobox_domain","0.0115075","gnomad_AF_afr_pass"","78.56368815491395","0.6178396128343386","98.67","0.1"
"17:46607110:C>A","NM_002144.4:c.705G>T","NP_002135.2:p.Glu235Asp","Unknown significance","null","missense_variant","2/2","null","235","MODERATE","24.9","Homeobox_domain&Homeobox_domain&_metazoa&Homeobox_domain&Homeobox_domain&Homeobox_domain&Homeobox_domain&Homeobox_domain&_metazoa&Homeobox_domain&Homeobox_domain&Homeobox_domain","0","null"","89.51135748926785","0.45839599625396055","98.81","0.3"
"17:46607111:T>A","NM_002144.4:c.704A>T","NP_002135.2:p.Glu235Val","Unknown significance","null","missense_variant","2/2","null","235","MODERATE","29.5","Homeobox_domain&Homeobox_domain&_metazoa&Homeobox_domain&Homeobox_domain&Homeobox_domain&Homeobox_domain&Homeobox_domain&_metazoa&Homeobox_domain&Homeobox_domain&Homeobox_domain","0.00326627","gnomad_AF_sas_pass"","89.51135748926785","0.45839599625396055","98.81","0.3"
"17:46607114:A>G","NM_002144.4:c.701T>C","NP_002135.2:p.Val234Ala","Unknown significance","null","missense_variant","2/2","null","234","MODERATE","27.3","Homeobox_domain&Homeobox_domain&_metazoa&Homeobox_domain&Homeobox_domain&Homeobox_domain&Homeobox_domain&Homeobox_domain&_metazoa&Homeobox_domain&Homeobox_domain&Homeobox_domain","0.000879275","gnomad_AF_nfe_pass"","76.60901943142797","0.4456808368425285","98.86","0.6"
"17:46607120:C>T","NM_002144.4:c.695G>A","NP_002135.2:p.Arg232Gln","Unknown significance","null","missense_variant","2/2","null","232","MODERATE","32","Homeobox_domain&Homeobox_domain&_metazoa&Homeobox_domain&Homeobox_domain&Homeobox_domain&Homeobox_domain&Homeobox_domain&_metazoa&Homeobox_domain&Homeobox_domain&Homeobox_domain","0.0115727","gnomad_AF_amr_pass"","59.122429860495636","0.21943881446036279","98.76","0.3"
"17:46607121:G>A","NM_002144.4:c.694C>T","NP_002135.2:p.Arg232Trp","Unknown significance","null","missense_variant","2/2","null","232","MODERATE","32","Homeobox_domain&Homeobox_domain&_metazoa&Homeobox_domain&Homeobox_domain&Homeobox_domain&Homeobox_domain&Homeobox_domain&_metazoa&Homeobox_domain&Homeobox_domain&Homeobox_domain","0.000879229","gnomad_AF_nfe_pass"","59.122429860495636","0.21943881446036279","98.76","0.2"
"17:46607124:C>A","NM_002144.4:c.691G>T","NP_002135.2:p.Ala231Ser","Unknown significance","null","missense_variant","2/2","null","231","MODERATE","27.8","Homeobox_domain&Homeobox_domain&_metazoa&Homeobox_domain&Homeobox_domain&Homeobox_domain&Homeobox_domain&Homeobox_domain&_metazoa&Homeobox_domain&Homeobox_domain&Homeobox_domain","0.00326627","gnomad_AF_sas_pass"","73.40122092249686","0.5772410000266349","98.79","0.0"
"17:46607126:C>T","NM_002144.4:c.689G>A","NP_002135.2:p.Arg230Gln","Unknown significance","null","missense_variant","2/2","null","230","MODERATE","32","Homeobox_domain&Homeobox_domain&_metazoa&Homeobox_domain&Homeobox_domain&Homeobox_domain&Homeobox_domain&Homeobox_domain&_metazoa&Homeobox_domain&Homeobox_domain&Homeobox_domain","0","null"","224.02660563286364","0.8314971638285557","98.79","0.2"
"17:46607127:G>A","NM_002144.4:c.688C>T","NP_002135.2:p.Arg230Trp","Pathogenic","Facial paresis","missense_variant","2/2","null","230","MODERATE","29.2","Homeobox_domain&Homeobox_domain&_metazoa&Homeobox_domain&Homeobox_domain&Homeobox_domain&Homeobox_domain&Homeobox_domain&_metazoa&Homeobox_domain&Homeobox_domain&Homeobox_domain","0","null"","224.02660563286364","0.8314971638285557","98.79","0.0"
"17:46607130:T>C","NM_002144.4:c.685A>G","NP_002135.2:p.Ser229Gly","Unknown significance","null","missense_variant","2/2","null","229","MODERATE","26.9","Homeobox_domain&Homeobox_domain&_metazoa&Homeobox_domain&Homeobox_domain&Homeobox_domain&Homeobox_domain&Homeobox_domain&_metazoa&Homeobox_domain&Homeobox_domain&Homeobox_domain","0.0108778","gnomad_AF_eas_pass"","75.06761293541675","0.5443342547409907","98.64","0.5"
"17:46607141:T>C","NM_002144.4:c.674A>G","NP_002135.2:p.Asn225Ser","Unknown significance","null","missense_variant","2/2","null","225","MODERATE","21.7","Homeobox_domain&Homeobox_domain&_metazoa&Homeobox_domain&Homeobox_domain&Homeobox_domain&Homeobox_domain&Homeobox_domain&_metazoa&Homeobox_domain&Homeobox_domain&Homeobox_domain","0.00289335","gnomad_AF_amr_pass"","68.50235337304244","0.42860289437192683","98.59","0.2"
"17:46607154:C>T","NM_002144.4:c.661G>A","NP_002135.2:p.Glu221Lys","Unknown significance","null","missense_variant","2/2","null","221","MODERATE","31","Homeobox_domain&Homeobox_domain&Homeobox_domain&Homeobox_domain&Homeobox_domain&Homeobox_domain&Homeobox_domain&Homeobox_domain","0.000880034","gnomad_AF_nfe_pass"","15.599312769745497","0.07988553317183196","98.76","0.1"
"17:46607178:T>C","NM_002144.4:c.637A>G","NP_002135.2:p.Arg213Gly","Unknown significance","null","missense_variant","2/2","null","213","MODERATE","24.1","Homeobox_domain&Homeobox_domain&Homeobox_domain&Homeobox_domain&Homeobox_domain&Homeobox_domain&Homeobox_domain&Homeobox_domain","0.000881663","gnomad_AF_nfe_pass"","155.2522396504373","0.5762342226392806","98.69","0.7"
"17:46607192:G>T","NM_002144.4:c.623C>A","NP_002135.2:p.Thr208Asn","Unknown significance","null","missense_variant","2/2","null","208","MODERATE","26.5","Homeobox_domain&Homeobox_domain&Homeobox_domain&Homeobox_domain&Homeobox_domain&Homeobox_domain&Homeobox_domain&Homeobox_domain","0","null"","49.35933121482687","0.31371607519110256","91.42","0.6"
"17:46607195:C>T","NM_002144.4:c.620G>A","NP_002135.2:p.Arg207His","Pathogenic","Moebius syndrome","missense_variant","2/2","null","207","MODERATE","31","Homeobox_domain&Homeobox_domain&Homeobox_domain&Homeobox_domain&Homeobox_domain&Homeobox_domain&Homeobox_domain&Homeobox_domain","0","null"","206.93733820718384","0.768068637755865","86.37","0.2"
"17:46607196:G>A","NM_002144.4:c.619C>T","NP_002135.2:p.Arg207Cys","Pathogenic","Bilateral facial palsy, hearing loss & strabismus","missense_variant","2/2","null","207","MODERATE","31","Homeobox_domain&Homeobox_domain&Homeobox_domain&Homeobox_domain&Homeobox_domain&Homeobox_domain&Homeobox_domain&Homeobox_domain","0.000885144","gnomad_AF_nfe_pass"","206.93733820718384","0.768068637755865","86.37","0.6"
"17:46607198:A>G","NM_002144.4:c.617T>C","NP_002135.2:p.Leu206Pro","Unknown significance","null","missense_variant","2/2","null","206","MODERATE","23.6","Homeobox_domain&Homeobox_domain&Homeobox_domain&Homeobox_domain","0.000885175","gnomad_AF_nfe_pass"","95.7490252627556","0.49649164935455997","84.31","0.2"
"17:46607201:C>T","NM_002144.4:c.614G>A","NP_002135.2:p.Gly205Asp","Unknown significance","null","missense_variant","2/2","null","205","MODERATE","23.0","Homeobox_domain&Homeobox_domain&Homeobox_domain&Homeobox_domain","0.00329815","gnomad_AF_sas_pass"","82.11889580933408","0.861270885935514","69.83","0.2"
"17:46607204:C>T","NM_002144.4:c.611G>A","NP_002135.2:p.Ser204Asn","Unknown significance","null","missense_variant","2/2","null","204","MODERATE","9.861","Homeobox_domain&Homeobox_domain&Homeobox_domain&Homeobox_domain","0","null"","117.12811422413726","0.8493255915872215","62.94","0.1"
"17:46607208:G>A","NM_002144.4:c.607C>T","NP_002135.2:p.Pro203Ser","Unknown significance","null","missense_variant","2/2","null","203","MODERATE","14.18","Homeobox_domain&Homeobox_domain&Homeobox_domain&Homeobox_domain","0.00331719","gnomad_AF_sas_pass"","102.6023704967948","0.6522714478508299","55.47","0.0"
"17:46607208:G>C","NM_002144.4:c.607C>G","NP_002135.2:p.Pro203Ala","Likely benign","null","missense_variant","2/2","null","203","MODERATE","7.925","Homeobox_domain&Homeobox_domain&Homeobox_domain&Homeobox_domain","0.0044526","gnomad_AF_nfe_pass"","102.6023704967948","0.6522714478508299","55.47","0.2"
"17:46607210:G>A","NM_002144.4:c.605C>T","NP_002135.2:p.Ser202Leu","Unknown significance","null","missense_variant","2/2","null","202","MODERATE","18.65","Homeobox_domain&Homeobox_domain","0.00332336","gnomad_AF_sas_pass"","83.62494326582959","0.6063856221127656","52.23","0.0"
"17:46607210:G>C","NM_002144.4:c.605C>G","NP_002135.2:p.Ser202Trp","Unknown significance","null","missense_variant","2/2","null","202","MODERATE","22.7","Homeobox_domain&Homeobox_domain","0.00332336","gnomad_AF_sas_pass"","83.62494326582959","0.6063856221127656","52.23","0.3"
"17:46607224:C>A","NM_002144.4:c.591G>T","NP_002135.2:p.Glu197Asp","Unknown significance","null","missense_variant","2/2","null","197","MODERATE","16.60","null","0.0068306","gnomad_AF_sas_pass"","170.07196245047555","0.8709543553922654","48.61","0.0"
"17:46607231:A>G","NM_002144.4:c.584T>C","NP_002135.2:p.Val195Ala","Unknown significance","null","missense_variant","2/2","null","195","MODERATE","18.62","null","0","null"","177.63892702338376","1.0334326981231643","52.56","0.1"
"17:46607237:G>A","NM_002144.4:c.578C>T","NP_002135.2:p.Ala193Val","Unknown significance","null","missense_variant&splice_region_variant","2/2","null","193","MODERATE","23.0","null","0.00723432","gnomad_AF_sas_pass"","116.88414282062814","0.9191988721860118","52.95","0.0"
"17:46607237:G>C","NM_002144.4:c.578C>G","NP_002135.2:p.Ala193Gly","Likely benign","null","missense_variant&splice_region_variant","2/2","null","193","MODERATE","13.43","null","0.00723432","gnomad_AF_sas_pass"","116.88414282062814","0.9191988721860118","52.95","0.1"
"17:46607726:C>T","NM_002144.4:c.541G>A","NP_002135.2:p.Asp181Asn","Unknown significance","null","missense_variant","1/2","null","181","MODERATE","29.2","null","0.00465528","gnomad_AF_nfe_pass"","118.1990361325065","0.7388370692988974","87.87","0.0"
"17:46607734:C>A","NM_002144.4:c.533G>T","NP_002135.2:p.Arg178Leu","Unknown significance","null","missense_variant","1/2","null","178","MODERATE","23.2","null","0.00543715","gnomad_AF_eas_pass"","206.39611718790522","0.7660598417860145","77.39","0.0"
"17:46607735:G>A","NM_002144.4:c.532C>T","NP_002135.2:p.Arg178Trp","Unknown significance","null","missense_variant","1/2","null","178","MODERATE","29.6","null","0.00440358","gnomad_AF_nfe_pass"","206.39611718790522","0.7660598417860145","77.39","0.1"
"17:46607740:G>A","NM_002144.4:c.527C>T","NP_002135.2:p.Thr176Met","Unknown significance","null","missense_variant","1/2","null","176","MODERATE","22.6","null","0.018457","gnomad_AF_afr_pass"","111.29082106214831","0.707337776447118","58.06","0.0"
"17:46607740:G>T","NM_002144.4:c.527C>A","NP_002135.2:p.Thr176Lys","Likely benign","null","missense_variant","1/2","null","176","MODERATE","20.8","null","0.000880266","gnomad_AF_nfe_pass"","111.29082106214831","0.707337776447118","58.06","0.3"
"17:46607744:G>A","NM_002144.4:c.523C>T","NP_002135.2:p.Pro175Ser","Likely pathogenic","Multiple congenital anomalies","missense_variant","1/2","null","175","MODERATE","20.6","null","0","null"","95.42492464238376","0.6066424533484672","54.17","0.2"
"17:46607746:G>A","NM_002144.4:c.521C>T","NP_002135.2:p.Thr174Ile","Likely benign","null","missense_variant","1/2","null","174","MODERATE","19.53","null","0.0123062","gnomad_AF_afr_pass"","106.84677800638758","0.6790925042539903","52.02","0.0"
"17:46607746:G>T","NM_002144.4:c.521C>A","NP_002135.2:p.Thr174Asn","Likely benign","null","missense_variant","1/2","null","174","MODERATE","18.67","null","0.000879802","gnomad_AF_nfe_pass"","106.84677800638758","0.6790925042539903","52.02","0.2"
"17:46607753:G>A","NM_002144.4:c.514C>T","NP_002135.2:p.Pro172Ser","Likely benign","null","missense_variant","1/2","null","172","MODERATE","11.19","null","0.00648761","gnomad_AF_nfe_pass"","133.21091334213205","0.846858361015336","46.33","0.1"
"17:46607762:G>A","NM_002144.4:c.505C>T","NP_002135.2:p.Pro169Ser","Likely benign","null","missense_variant","1/2","null","169","MODERATE","11.32","null","0.000879616","gnomad_AF_nfe_pass"","154.48667325629066","0.9821142099410526","39.82","0.0"
"17:46607762:G>C","NM_002144.4:c.505C>G","NP_002135.2:p.Pro169Ala","Likely benign","null","missense_variant","1/2","null","169","MODERATE","10.37","null","0","null"","154.48667325629066","0.9821142099410526","39.82","0.0"
"17:46607768:G>A","NM_002144.4:c.499C>T","NP_002135.2:p.Pro167Ser","Likely benign","null","missense_variant","1/2","null","167","MODERATE","0.003","null","0.00543656","gnomad_AF_eas_pass"","158.3090556161058","1.006414144377304","37.55","0.0"
"17:46607770:G>A","NM_002144.4:c.497C>T","NP_002135.2:p.Thr166Ile","Likely benign","null","missense_variant","1/2","null","166","MODERATE","13.19","null","0.000879507","gnomad_AF_nfe_pass"","89.83150932849435","0.5709475359861197","42.51","0.0"
"17:46607773:T>C","NM_002144.4:c.494A>G","NP_002135.2:p.Glu165Gly","Unknown significance","null","missense_variant","1/2","null","165","MODERATE","21.8","null","0.146982","gnomad_AF_sas_pass"","186.4977467280646","0.9550723261099014","40.7","0.1"
"17:46607773:T>G","NM_002144.4:c.494A>C","NP_002135.2:p.Glu165Ala","Unknown significance","null","missense_variant","1/2","null","165","MODERATE","22.7","null","0.0026382","gnomad_AF_nfe_pass"","186.4977467280646","0.9550723261099014","40.7","0.0"
"17:46607777:T>C","NM_002144.4:c.490A>G","NP_002135.2:p.Lys164Glu","Unknown significance","null","missense_variant","1/2","null","164","MODERATE","21.5","null","0.00326627","gnomad_AF_sas_pass"","198.92338254501988","0.8403506724952008","48.25","0.0"
"17:46607779:T>A","NM_002144.4:c.488A>T","NP_002135.2:p.Asp163Val","Likely benign","null","missense_variant","1/2","null","163","MODERATE","21.2","null","0.0250601","gnomad_AF_eas_pass"","152.47735033330227","0.9531035306279984","39.92","0.0"
"17:46607783:C>G","NM_002144.4:c.484G>C","NP_002135.2:p.Glu162Gln","Unknown significance","null","missense_variant","1/2","null","162","MODERATE","22.4","null","0.0320718","gnomad_AF_afr_pass"","138.08176238662944","0.707129562204558","48.82","0.2"
"17:46607783:C>T","NM_002144.4:c.484G>A","NP_002135.2:p.Glu162Lys","Likely benign","null","missense_variant","1/2","null","162","MODERATE","19.95","null","0.188422","gnomad_AF_afr_pass"","138.08176238662944","0.707129562204558","48.82","0.1"
"17:46607797:G>A","NM_002144.4:c.470C>T","NP_002135.2:p.Ala157Val","Likely benign","null","missense_variant","1/2","null","157","MODERATE","18.69","null","0.0057857","gnomad_AF_amr_pass"","65.13352248766519","0.512222265290873","53.74","0.1"
"17:46607798:C>A","NM_002144.4:c.469G>T","NP_002135.2:p.Ala157Ser","Likely benign","null","missense_variant","1/2","null","157","MODERATE","12.64","null","0.0057857","gnomad_AF_amr_pass"","65.13352248766519","0.512222265290873","53.74","0.1"
"17:46607806:G>A","NM_002144.4:c.461C>T","NP_002135.2:p.Pro154Leu","Likely benign","null","missense_variant","1/2","null","154","MODERATE","22.1","null","0","gnomad_AF_afr_pass,gnomad_AF_amr_pass,gnomad_AF_eas_pass,gnomad_AF_nfe_pass,gnomad_AF_sas_pass"","98.06334604142978","0.6234156227953673","49.7","0.1"
"17:46607814:G>T","NM_002144.4:c.453C>A","NP_002135.2:p.Ser151Arg","Likely benign","null","missense_variant","1/2","null","151","MODERATE","8.074","null","0.000879322","gnomad_AF_nfe_pass"","107.75999858593602","0.7813950148065948","43.7","0.1"
"17:46607818:G>T","NM_002144.4:c.449C>A","NP_002135.2:p.Ala150Glu","Likely benign","null","missense_variant","1/2","null","150","MODERATE","4.741","null","0.00543656","gnomad_AF_eas_pass"","77.10603783187892","0.6063763766703746","45.3","0.2"
"17:46607819:C>A","NM_002144.4:c.448G>T","NP_002135.2:p.Ala150Ser","Likely benign","null","missense_variant","1/2","null","150","MODERATE","2.123","null","0.00501203","gnomad_AF_eas_pass"","77.10603783187892","0.6063763766703746","45.3","0.0"
"17:46607819:C>T","NM_002144.4:c.448G>A","NP_002135.2:p.Ala150Thr","Likely benign","null","missense_variant","1/2","null","150","MODERATE","8.444","null","0.0144651","gnomad_AF_amr_pass"","77.10603783187892","0.6063763766703746","45.3","0.0"
"17:46607828:C>T","NM_002144.4:c.439G>A","NP_002135.2:p.Glu147Lys","Unknown significance","null","missense_variant","1/2","null","147","MODERATE","22.2","null","0.000879492","gnomad_AF_nfe_pass"","186.36939946003804","0.9544150477997096","41.8","0.0"
"17:46607829:G>C","NM_002144.4:c.438C>G","NP_002135.2:p.Asn146Lys","Likely benign","null","missense_variant","1/2","null","146","MODERATE","3.562","null","0.0123077","gnomad_AF_afr_pass"","146.09693958361805","0.9140937220568681","48.33","0.0"
"17:46607829:G>T","NM_002144.4:c.438C>A","NP_002135.2:p.Asn146Lys","Likely benign","null","missense_variant","1/2","null","146","MODERATE","3.812","null","0.00653296","gnomad_AF_sas_pass"","146.09693958361805","0.9140937220568681","48.33","0.0"
"17:46607837:A>G","NM_002144.4:c.430T>C","NP_002135.2:p.Tyr144His","Unknown significance","null","missense_variant","1/2","null","144","MODERATE","15.21","null","0.000879368","gnomad_AF_nfe_pass"","234.3163797475923","0.9766775034900016","37.09","0.1"
"17:46607840:G>A","NM_002144.4:c.427C>T","NP_002135.2:p.Pro143Ser","Likely benign","null","missense_variant","1/2","null","143","MODERATE","0.353","null","0.00578737","gnomad_AF_amr_pass"","135.15264214044876","0.8592024642605067","45.65","0.1"
"17:46607848:T>C","NM_002144.4:c.419A>G","NP_002135.2:p.Gln140Arg","Likely benign","null","missense_variant","1/2","null","140","MODERATE","14.52","null","0.00653339","gnomad_AF_sas_pass"","182.82316421022628","0.9245086854384882","44.94","0.0"
"17:46607851:G>A","NM_002144.4:c.416C>T","NP_002135.2:p.Pro139Leu","Likely benign","null","missense_variant","1/2","null","139","MODERATE","16.87","null","0.00653339","gnomad_AF_sas_pass"","138.06067378360646","0.877689620074687","43.54","0.0"
"17:46607854:G>A","NM_002144.4:c.413C>T","NP_002135.2:p.Pro138Leu","Unknown significance","null","missense_variant","1/2","null","138","MODERATE","18.43","null","0.00649182","gnomad_AF_nfe_pass"","124.17353670030687","0.7894052756880264","45.48","0.1"
"17:46607860:G>A","NM_002144.4:c.407C>T","NP_002135.2:p.Pro136Leu","Unknown significance","null","missense_variant","1/2","null","136","MODERATE","12.61","null","0.0400922","gnomad_AF_eas_pass"","122.66585036547052","0.7798204995881474","41.71","0.0"
"17:46607866:G>A","NM_002144.4:c.401C>T","NP_002135.2:p.Pro134Leu","Likely benign","null","missense_variant","1/2","null","134","MODERATE","12.39","null","0.0100251","gnomad_AF_eas_pass"","160.4951881151523","1.0203119890707788","41.7","0.0"
"17:46607866:G>C","NM_002144.4:c.401C>G","NP_002135.2:p.Pro134Arg","Unknown significance","null","missense_variant","1/2","null","134","MODERATE","14.50","null","0.00289419","gnomad_AF_amr_pass"","160.4951881151523","1.0203119890707788","41.7","0.0"
"17:46607870:C>A","NM_002144.4:c.397G>T","NP_002135.2:p.Gly133Cys","Likely benign","null","missense_variant","1/2","null","133","MODERATE","13.11","null","0.00326691","gnomad_AF_sas_pass"","64.63290179235783","0.6778760970743564","38.39","0.1"
"17:46607873:C>T","NM_002144.4:c.394G>A","NP_002135.2:p.Ala132Thr","Likely benign","null","missense_variant","1/2","null","132","MODERATE","9.095","null","0.000880793","gnomad_AF_nfe_pass"","112.34473412271073","0.8835001088223585","40.71","0.0"
"17:46607878:C>T","NM_002144.4:c.389G>A","NP_002135.2:p.Gly130Asp","Unknown significance","null","missense_variant","1/2","null","130","MODERATE","16.08","null","0.00264196","gnomad_AF_nfe_pass"","90.78784098061016","0.9521916175674496","36.61","0.0"
"17:46607879:C>T","NM_002144.4:c.388G>A","NP_002135.2:p.Gly130Ser","Likely benign","null","missense_variant","1/2","null","130","MODERATE","13.54","null","0","gnomad_AF_afr_pass,gnomad_AF_amr_pass,gnomad_AF_eas_pass,gnomad_AF_nfe_pass,gnomad_AF_sas_pass"","90.78784098061016","0.9521916175674496","36.61","0.1"
"17:46607884:C>T","NM_002144.4:c.383G>A","NP_002135.2:p.Gly128Glu","Likely benign","null","missense_variant","1/2","null","128","MODERATE","13.53","null","0.00289402","gnomad_AF_amr_pass"","85.6071305806658","0.8978558280763758","32.65","0.0"
"17:46607885:C>G","NM_002144.4:c.382G>C","NP_002135.2:p.Gly128Arg","Unknown significance","null","missense_variant","1/2","null","128","MODERATE","19.96","null","0.00326691","gnomad_AF_sas_pass"","85.6071305806658","0.8978558280763758","32.65","0.1"
"17:46607885:C>T","NM_002144.4:c.382G>A","NP_002135.2:p.Gly128Arg","Unknown significance","null","missense_variant","1/2","null","128","MODERATE","20.5","null","0.00088084","gnomad_AF_nfe_pass"","85.6071305806658","0.8978558280763758","32.65","0.1"
"17:46607890:C>T","NM_002144.4:c.377G>A","NP_002135.2:p.Gly126Asp","Unknown significance","null","missense_variant","1/2","null","126","MODERATE","23.5","null","0.00930521","gnomad_AF_nfe_pass"","69.32184421610486","0.7270541766819757","37.79","0.1"
"17:46607893:T>A","NM_002144.4:c.374A>T","NP_002135.2:p.Asp125Val","Unknown significance","null","missense_variant","1/2","null","125","MODERATE","23.7","null","0.000880545","gnomad_AF_nfe_pass"","120.07181732123381","0.7505434267294793","41.49","0.3"
"17:46607893:T>C","NM_002144.4:c.374A>G","NP_002135.2:p.Asp125Gly","Unknown significance","null","missense_variant","1/2","null","125","MODERATE","23.3","null","0.00326648","gnomad_AF_sas_pass"","120.07181732123381","0.7505434267294793","41.49","0.1"
"17:46607894:C>G","NM_002144.4:c.373G>C","NP_002135.2:p.Asp125His","Unknown significance","null","missense_variant","1/2","null","125","MODERATE","24.0","null","0.000880762","gnomad_AF_nfe_pass"","120.07181732123381","0.7505434267294793","41.49","0.4"
"17:46607899:A>G","NM_002144.4:c.368T>C","NP_002135.2:p.Leu123Ser","Likely benign","null","missense_variant","1/2","null","123","MODERATE","18.04","null","0.000880638","gnomad_AF_nfe_pass"","195.04632487478312","1.0113823223983749","41.96","0.1"
"17:46607902:C>G","NM_002144.4:c.365G>C","NP_002135.2:p.Gly122Ala","Likely benign","null","missense_variant","1/2","null","122","MODERATE","12.66","null","0.000880499","gnomad_AF_nfe_pass"","93.84376834851929","0.9842424780371848","36.88","0.1"
"17:46607906:C>T","NM_002144.4:c.361G>A","NP_002135.2:p.Gly121Arg","Unknown significance","null","missense_variant","1/2","null","121","MODERATE","22.3","null","0.000880452","gnomad_AF_nfe_pass"","43.67569260888554","0.45807486932655916","35.78","0.1"
"17:46607908:A>T","NM_002144.4:c.359T>A","NP_002135.2:p.Leu120Gln","Unknown significance","null","missense_variant","1/2","null","120","MODERATE","22.9","null","0","gnomad_AF_afr_pass,gnomad_AF_amr_pass,gnomad_AF_eas_pass,gnomad_AF_nfe_pass,gnomad_AF_sas_pass"","181.56896790718096","0.9414975881003247","47.7","0.1"
"17:46607914:G>A","NM_002144.4:c.353C>T","NP_002135.2:p.Ala118Val","Likely benign","null","missense_variant","1/2","null","118","MODERATE","17.85","null","0.0173581","gnomad_AF_amr_pass"","86.56887347277419","0.6807938950684085","45.15","0.1"
"17:46607917:C>G","NM_002144.4:c.350G>C","NP_002135.2:p.Gly117Ala","Likely benign","null","missense_variant","1/2","null","117","MODERATE","12.35","null","0.00289302","gnomad_AF_amr_pass"","79.23356235232215","0.8310092308286321","36.91","0.1"
"17:46607923:C>A","NM_002144.4:c.344G>T","NP_002135.2:p.Ser115Ile","Unknown significance","null","missense_variant","1/2","null","115","MODERATE","18.60","null","0.0163185","gnomad_AF_eas_pass"","127.95378960341073","0.9278253028370581","44.71","0.1"
"17:46607931:A>T","NM_002144.4:c.336T>A","NP_002135.2:p.His112Gln","Likely benign","null","missense_variant","1/2","null","112","MODERATE","0.038","null","0.00653467","gnomad_AF_sas_pass"","168.15570981096323","0.8186650949753792","46.37","0.1"
"17:46607941:C>G","NM_002144.4:c.326G>C","NP_002135.2:p.Gly109Ala","Likely benign","null","missense_variant","1/2","null","109","MODERATE","14.40","null","0.00176286","gnomad_AF_nfe_pass"","89.22399914284745","0.9357898938009713","38.99","0.0"
"17:46607945:C>T","NM_002144.4:c.322G>A","NP_002135.2:p.Gly108Arg","Unknown significance","null","missense_variant","1/2","null","108","MODERATE","21.7","null","0.00544544","gnomad_AF_eas_pass"","70.90458893443775","0.7436541556799078","40.05","0.3"
"17:46607950:C>T","NM_002144.4:c.317G>A","NP_002135.2:p.Gly106Glu","Unknown significance","null","missense_variant","1/2","null","106","MODERATE","16.61","null","0.0114995","gnomad_AF_afr_pass"","77.85043291337163","0.8165028361005019","45.09","0.1"
"17:46607952:T>G","NM_002144.4:c.315A>C","NP_002135.2:p.Glu105Asp","Likely benign","null","missense_variant","1/2","null","105","MODERATE","16.16","null","0.000882021","gnomad_AF_nfe_pass"","163.4844682368086","0.8372191841515308","41.43","0.0"
"17:46607958:T>A","NM_002144.4:c.309A>T","NP_002135.2:p.Gln103His","Benign","null","missense_variant","1/2","null","103","MODERATE","8.447","null","19.5738","gnomad_AF_nfe_pass"","182.58107977682943","0.9232845016089846","42.0","0.1"
"17:46607959:T>C","NM_002144.4:c.308A>G","NP_002135.2:p.Gln103Arg","Unknown significance","null","missense_variant","1/2","null","103","MODERATE","15.25","null","0.00326776","gnomad_AF_sas_pass"","182.58107977682943","0.9232845016089846","42.0","0.1"
"17:46607960:G>C","NM_002144.4:c.307C>G","NP_002135.2:p.Gln103Glu","Unknown significance","null","missense_variant","1/2","null","103","MODERATE","15.82","null","0","null"","182.58107977682943","0.9232845016089846","42.0","0.1"
"17:46607962:C>T","NM_002144.4:c.305G>A","NP_002135.2:p.Gly102Asp","Unknown significance","null","missense_variant","1/2","null","102","MODERATE","22.4","null","0.00289419","gnomad_AF_amr_pass"","56.799410232252896","0.5957176833567053","41.75","0.2"
"17:46607966:G>C","NM_002144.4:c.301C>G","NP_002135.2:p.Leu101Val","Likely benign","null","missense_variant","1/2","null","101","MODERATE","15.15","null","0.00326776","gnomad_AF_sas_pass"","185.71372129879924","0.9629895609107562","44.21","0.1"
"17:46607984:G>A","NM_002144.4:c.283C>T","NP_002135.2:p.Pro95Ser","Likely benign","null","missense_variant","1/2","null","95","MODERATE","15.13","null","0.00546329","gnomad_AF_eas_pass"","157.5382944329563","1.001514203855015","49.89","0.0"
"17:46607984:G>T","NM_002144.4:c.283C>A","NP_002135.2:p.Pro95Thr","Benign","null","missense_variant","1/2","null","95","MODERATE","14.62","null","1.08271","gnomad_AF_afr_pass"","157.5382944329563","1.001514203855015","49.89","0.0"
"17:46607986:C>T","NM_002144.4:c.281G>A","NP_002135.2:p.Gly94Glu","Unknown significance","null","missense_variant","1/2","null","94","MODERATE","23.4","null","0.00354629","gnomad_AF_nfe_pass"","53.7380354782341","0.5636096901769592","41.09","0.2"
"17:46607987:C>T","NM_002144.4:c.280G>A","NP_002135.2:p.Gly94Arg","Unknown significance","null","missense_variant","1/2","null","94","MODERATE","23.8","null","0.00289553","gnomad_AF_amr_pass"","53.7380354782341","0.5636096901769592","41.09","0.1"
"17:46607996:G>A","NM_002144.4:c.271C>T","NP_002135.2:p.Pro91Ser","Likely benign","null","missense_variant","1/2","null","91","MODERATE","15.90","null","0.0114943","gnomad_AF_afr_pass"","139.21588605951206","0.8850336217788536","58.55","0.1"
"17:46608005:C>T","NM_002144.4:c.262G>A","NP_002135.2:p.Ala88Thr","Likely benign","null","missense_variant","1/2","null","88","MODERATE","11.26","null","0.000888936","gnomad_AF_nfe_pass"","114.989804041455","0.904301435909935","47.94","0.0"
"17:46608011:G>A","NM_002144.4:c.256C>T","NP_002135.2:p.Pro86Ser","Unknown significance","null","missense_variant","1/2","null","86","MODERATE","13.95","null","0.00547106","gnomad_AF_eas_pass"","131.5407880992022","0.8362409161646626","54.73","0.1"
"17:46608013:G>A","NM_002144.4:c.254C>T","NP_002135.2:p.Ala85Val","Unknown significance","null","missense_variant","1/2","null","85","MODERATE","16.72","null","0.00640451","gnomad_AF_afr_pass"","88.69610479302979","0.6975228420690158","48.86","0.0"
"17:46608014:C>T","NM_002144.4:c.253G>A","NP_002135.2:p.Ala85Thr","Likely benign","null","missense_variant","1/2","null","85","MODERATE","12.61","null","0.00326968","gnomad_AF_sas_pass"","88.69610479302979","0.6975228420690158","48.86","0.0"
"17:46608016:T>C","NM_002144.4:c.251A>G","NP_002135.2:p.Tyr84Cys","Unknown significance","null","missense_variant","1/2","null","84","MODERATE","23.6","null","0.00289771","gnomad_AF_amr_pass"","212.7521568630404","0.8867935124763409","48.99","0.7"
"17:46608020:C>T","NM_002144.4:c.247G>A","NP_002135.2:p.Gly83Arg","Unknown significance","null","missense_variant","1/2","null","83","MODERATE","23.3","null","0","null"","73.35118857116564","0.7693143282368629","41.2","0.1"
"17:46608026:G>A","NM_002144.4:c.241C>T","NP_002135.2:p.Pro81Ser","Likely benign","null","missense_variant","1/2","null","81","MODERATE","11.60","null","0.0115075","gnomad_AF_afr_pass"","163.39220357112853","1.038729111957573","50.92","0.0"
"17:46608026:G>T","NM_002144.4:c.241C>A","NP_002135.2:p.Pro81Thr","Likely benign","null","missense_variant","1/2","null","81","MODERATE","9.367","null","0.000892045","gnomad_AF_nfe_pass"","163.39220357112853","1.038729111957573","50.92","0.0"
"17:46608028:G>A","NM_002144.4:c.239C>T","NP_002135.2:p.Ala80Val","Likely benign","null","missense_variant","1/2","null","80","MODERATE","15.33","null","0.00327161","gnomad_AF_sas_pass"","80.65242556141911","0.6342658364607435","48.25","0.1"
"17:46608029:C>A","NM_002144.4:c.238G>T","NP_002135.2:p.Ala80Ser","Likely benign","null","missense_variant","1/2","null","80","MODERATE","14.42","null","0.00327204","gnomad_AF_sas_pass"","80.65242556141911","0.6342658364607435","48.25","0.1"
"17:46608029:C>T","NM_002144.4:c.238G>A","NP_002135.2:p.Ala80Thr","Likely benign","null","missense_variant","1/2","null","80","MODERATE","15.64","null","0","null"","80.65242556141911","0.6342658364607435","48.25","0.0"
"17:46608032:A>G","NM_002144.4:c.235T>C","NP_002135.2:p.Ser79Pro","Likely benign","null","missense_variant","1/2","null","79","MODERATE","18.51","null","0","null"","123.39491260928173","0.8947677322814309","46.4","0.1"
"17:46608034:C>T","NM_002144.4:c.233G>A","NP_002135.2:p.Ser78Asn","Unknown significance","null","missense_variant","1/2","null","78","MODERATE","17.59","null","0.00649013","gnomad_AF_nfe_pass"","103.03907295792436","0.7471623886057027","43.62","0.1"
"17:46608038:G>A","NM_002144.4:c.229C>T","NP_002135.2:p.Pro77Ser","Likely benign","null","missense_variant","1/2","null","77","MODERATE","15.44","null","0.00566476","gnomad_AF_amr_pass"","135.6405608875443","0.8623042977372636","54.69","0.0"
"17:46608038:G>C","NM_002144.4:c.229C>G","NP_002135.2:p.Pro77Ala","Likely benign","null","missense_variant","1/2","null","77","MODERATE","13.04","null","0.00548306","gnomad_AF_eas_pass"","135.6405608875443","0.8623042977372636","54.69","0.0"
"17:46608039:G>T","NM_002144.4:c.228C>A","NP_002135.2:p.Phe76Leu","Unknown significance","null","missense_variant","1/2","null","76","MODERATE","23.2","null","0","null"","180.51274596547475","0.7856907395124864","43.05","0.3"
"17:46608044:G>A","NM_002144.4:c.223C>T","NP_002135.2:p.Pro75Ser","Likely benign","null","missense_variant","1/2","null","75","MODERATE","14.98","null","0","null"","142.33107515299466","0.9048377343982447","54.07","0.1"
"17:46608047:C>A","NM_002144.4:c.220G>T","NP_002135.2:p.Val74Leu","Likely benign","null","missense_variant","1/2","null","74","MODERATE","15.22","null","0.0032789","gnomad_AF_sas_pass"","124.60682730899904","0.7249130126391435","55.13","0.1"
"17:46608055:G>T","NM_002144.4:c.212C>A","NP_002135.2:p.Thr71Asn","Likely benign","null","missense_variant","1/2","null","71","MODERATE","8.846","null","0","null"","159.74241062307092","1.015284463319102","46.7","0.0"
"17:46608058:G>A","NM_002144.4:c.209C>T","NP_002135.2:p.Ser70Leu","Unknown significance","null","missense_variant","1/2","null","70","MODERATE","16.40","null","0.00548727","gnomad_AF_eas_pass"","95.63195328521697","0.6934514897352493","47.89","0.1"
"17:46608058:G>C","NM_002144.4:c.209C>G","NP_002135.2:p.Ser70Trp","Unknown significance","null","missense_variant","1/2","null","70","MODERATE","21.3","null","0.00290799","gnomad_AF_amr_pass"","95.63195328521697","0.6934514897352493","47.89","0.2"
"17:46608064:G>A","NM_002144.4:c.203C>T","NP_002135.2:p.Pro68Leu","Unknown significance","null","missense_variant","1/2","null","68","MODERATE","17.04","null","0","gnomad_AF_afr_pass,gnomad_AF_amr_pass,gnomad_AF_eas_pass,gnomad_AF_nfe_pass,gnomad_AF_sas_pass"","99.78468325450447","0.6343586362050508","53.4","0.0"
"17:46608074:C>T","NM_002144.4:c.193G>A","NP_002135.2:p.Ala65Thr","Likely benign","null","missense_variant","1/2","null","65","MODERATE","9.700","null","0.00568764","gnomad_AF_amr_pass"","104.79519714493507","0.8241291307920242","40.87","0.0"
"17:46608076:G>A","NM_002144.4:c.191C>T","NP_002135.2:p.Pro64Leu","Unknown significance","null","missense_variant","1/2","null","64","MODERATE","16.52","null","0","null"","135.29341452690946","0.8600973929828114","48.78","0.0"
"17:46608082:C>T","NM_002144.4:c.185G>A","NP_002135.2:p.Gly62Asp","Unknown significance","null","missense_variant","1/2","null","62","MODERATE","22.9","null","0.000897183","gnomad_AF_nfe_pass"","86.0399040323584","0.9023947977066309","36.96","0.0"
"17:46608083:C>T","NM_002144.4:c.184G>A","NP_002135.2:p.Gly62Ser","Likely benign","null","missense_variant","1/2","null","62","MODERATE","16.12","null","0.00330907","gnomad_AF_sas_pass"","86.0399040323584","0.9023947977066309","36.96","0.1"
"17:46608089:T>C","NM_002144.4:c.178A>G","NP_002135.2:p.Asn60Asp","Likely benign","null","missense_variant","1/2","null","60","MODERATE","18.98","null","0.00291869","gnomad_AF_amr_pass"","139.64420030725728","0.8737204707115501","33.06","0.1"
"17:46608097:A>T","NM_002144.4:c.170T>A","NP_002135.2:p.Phe57Tyr","Unknown significance","null","missense_variant","1/2","null","57","MODERATE","13.15","null","0","null"","183.00465278242297","0.796536888349969","41.39","0.2"
"17:46608100:G>A","NM_002144.4:c.167C>T","NP_002135.2:p.Ala56Val","Likely benign","null","missense_variant","1/2","null","56","MODERATE","7.151","null","0","null"","126.51962906516535","0.994974147387665","34.49","0.0"
"17:46608104:G>A","NM_002144.4:c.163C>T","NP_002135.2:p.Pro55Ser","Likely benign","null","missense_variant","1/2","null","55","MODERATE","14.31","null","0","null"","125.4869028394704","0.7977547049361275","39.5","0.2"
"17:46608115:C>G","NM_002144.4:c.152G>C","NP_002135.2:p.Gly51Ala","Likely benign","null","missense_variant","1/2","null","51","MODERATE","14.29","null","0.00547885","gnomad_AF_eas_pass"","82.77370463706933","0.8681385839680275","41.53","0.0"
"17:46608118:C>G","NM_002144.4:c.149G>C","NP_002135.2:p.Gly50Ala","Unknown significance","null","missense_variant","1/2","null","50","MODERATE","15.44","null","0.0115022","gnomad_AF_afr_pass"","85.67953199232562","0.8986151810529187","36.09","0.1"
"17:46608118:C>T","NM_002144.4:c.149G>A","NP_002135.2:p.Gly50Glu","Unknown significance","null","missense_variant","1/2","null","50","MODERATE","17.16","null","0.000895865","gnomad_AF_nfe_pass"","85.67953199232562","0.8986151810529187","36.09","0.0"
"17:46608119:C>A","NM_002144.4:c.148G>T","NP_002135.2:p.Gly50Trp","Unknown significance","null","missense_variant","1/2","null","50","MODERATE","23.7","null","0.418684","gnomad_AF_eas_pass"","85.67953199232562","0.8986151810529187","36.09","0.2"
"17:46608119:C>G","NM_002144.4:c.148G>C","NP_002135.2:p.Gly50Arg","Unknown significance","null","missense_variant","1/2","null","50","MODERATE","18.06","null","0","gnomad_AF_afr_pass,gnomad_AF_amr_pass,gnomad_AF_eas_pass,gnomad_AF_nfe_pass,gnomad_AF_sas_pass"","85.67953199232562","0.8986151810529187","36.09","0.1"
"17:46608122:C>T","NM_002144.4:c.145G>A","NP_002135.2:p.Gly49Ser","Unknown significance","null","missense_variant","1/2","null","49","MODERATE","23.2","null","0.00268822","gnomad_AF_nfe_pass"","89.44461673677407","0.9381037523678877","39.75","0.1"
"17:46608127:C>T","NM_002144.4:c.140G>A","NP_002135.2:p.Arg47His","Unknown significance","null","missense_variant","1/2","null","47","MODERATE","28.2","null","0.00633553","gnomad_AF_afr_pass"","207.66021532967932","0.7707516685300605","45.25","0.3"
"17:46608128:G>A","NM_002144.4:c.139C>T","NP_002135.2:p.Arg47Cys","Unknown significance","null","missense_variant","1/2","null","47","MODERATE","28.7","null","0.00708338","gnomad_AF_nfe_pass"","207.66021532967932","0.7707516685300605","45.25","0.7"
"17:46608136:C>T","NM_002144.4:c.131G>A","NP_002135.2:p.Ser44Asn","Unknown significance","null","missense_variant","1/2","null","44","MODERATE","22.3","null","0","null"","103.56036465599625","0.750942406603834","48.63","0.1"
"17:46608137:T>C","NM_002144.4:c.130A>G","NP_002135.2:p.Ser44Gly","Likely benign","null","missense_variant","1/2","null","44","MODERATE","13.88","null","0.0114837","gnomad_AF_afr_pass"","103.56036465599625","0.750942406603834","48.63","0.0"
"17:46608140:C>T","NM_002144.4:c.127G>A","NP_002135.2:p.Ala43Thr","Likely benign","null","missense_variant","1/2","null","43","MODERATE","17.30","null","0","null"","81.03012436511305","0.6372361308565733","43.85","0.1"
"17:46608148:T>C","NM_002144.4:c.119A>G","NP_002135.2:p.Asp40Gly","Unknown significance","null","missense_variant","1/2","null","40","MODERATE","24.6","null","0.00180141","gnomad_AF_nfe_pass"","132.07733245165187","0.8255873518291547","41.1","0.3"
"17:46608154:G>A","NM_002144.4:c.113C>T","NP_002135.2:p.Ala38Val","Likely benign","null","missense_variant","1/2","null","38","MODERATE","16.56","null","0.00634921","gnomad_AF_nfe_pass"","96.59184450338341","0.759616423470979","42.71","0.1"
"17:46608161:C>T","NM_002144.4:c.106G>A","NP_002135.2:p.Ala36Thr","Likely benign","null","missense_variant","1/2","null","36","MODERATE","5.523","null","0","null"","109.56048300126699","0.8616042345920857","41.69","0.0"
"17:46608163:G>A","NM_002144.4:c.104C>T","NP_002135.2:p.Ser35Leu","Unknown significance","null","missense_variant","1/2","null","35","MODERATE","24.1","null","0.00650111","gnomad_AF_nfe_pass"","120.41445534575391","0.873155682558662","44.49","0.1"
"17:46608169:G>A","NM_002144.4:c.98C>T","NP_002135.2:p.Pro33Leu","Likely benign","null","missense_variant","1/2","null","33","MODERATE","14.43","null","0","null"","145.75674426849088","0.9266156537874696","46.33","0.1"
"17:46608172:G>C","NM_002144.4:c.95C>G","NP_002135.2:p.Pro32Arg","Unknown significance","null","missense_variant","1/2","null","32","MODERATE","18.22","null","0.000926012","gnomad_AF_nfe_pass"","117.89779211276692","0.749508643781412","53.07","0.1"
"17:46608176:A>G","NM_002144.4:c.91T>C","NP_002135.2:p.Phe31Leu","Unknown significance","null","missense_variant","1/2","null","31","MODERATE","23.6","null","0.00399808","gnomad_AF_sas_pass"","184.90182409631902","0.804794421216274","42.04","0.3"
"17:46608179:A>C","NM_002144.4:c.88T>G","NP_002135.2:p.Ser30Ala","Unknown significance","null","missense_variant","1/2","null","30","MODERATE","20.8","null","0.00109659","gnomad_AF_nfe_pass"","121.56570350412939","0.8815036742398468","39.78","0.0"
"17:46608181:G>A","NM_002144.4:c.86C>T","NP_002135.2:p.Thr29Ile","Unknown significance","null","missense_variant","1/2","null","29","MODERATE","23.6","null","0.0120453","gnomad_AF_afr_pass"","103.91594003559578","0.6604648007866128","44.69","0.1"
"17:46608181:G>T","NM_002144.4:c.86C>A","NP_002135.2:p.Thr29Asn","Unknown significance","null","missense_variant","1/2","null","29","MODERATE","23.1","null","0.0102396","gnomad_AF_amr_pass"","103.91594003559578","0.6604648007866128","44.69","0.3"
"17:46608182:T>C","NM_002144.4:c.85A>G","NP_002135.2:p.Thr29Ala","Likely benign","null","missense_variant","1/2","null","29","MODERATE","14.94","null","0.00096008","gnomad_AF_nfe_pass"","103.91594003559578","0.6604648007866128","44.69","0.0"
"17:46608185:G>A","NM_002144.4:c.82C>T","NP_002135.2:p.Pro28Ser","Likely benign","null","missense_variant","1/2","null","28","MODERATE","16.40","null","0","null"","143.29914045997438","0.9109919914231108","42.77","0.1"
"17:46608188:C>G","NM_002144.4:c.79G>C","NP_002135.2:p.Ala27Pro","Likely benign","null","missense_variant","1/2","null","27","MODERATE","22.8","null","0","null"","69.34388942795944","0.545333382416033","40.51","0.1"
"17:46608192:G>C","NM_002144.4:c.75C>G","NP_002135.2:p.His25Gln","Likely benign","null","missense_variant","1/2","null","25","MODERATE","15.74","null","0.000991355","gnomad_AF_nfe_pass"","186.43449705692873","0.907655264346229","45.8","0.2"
"17:46608197:C>A","NM_002144.4:c.70G>T","NP_002135.2:p.Ala24Ser","Likely benign","null","missense_variant","1/2","null","24","MODERATE","16.91","null","0.00593895","gnomad_AF_eas_pass"","122.14197087352206","0.9605474204128216","36.51","0.0"
"17:46608197:C>T","NM_002144.4:c.70G>A","NP_002135.2:p.Ala24Thr","Unknown significance","null","missense_variant","1/2","null","24","MODERATE","19.27","null","0.0326122","gnomad_AF_eas_pass"","122.14197087352206","0.9605474204128216","36.51","0.0"
"17:46608203:A>G","NM_002144.4:c.64T>C","NP_002135.2:p.Tyr22His","Unknown significance","null","missense_variant","1/2","null","22","MODERATE","23.0","null","0.032052","gnomad_AF_nfe_pass"","211.49487826697657","0.881552923996279","45.39","0.2"
"17:46608205:G>A","NM_002144.4:c.62C>T","NP_002135.2:p.Ala21Val","Likely benign","null","missense_variant","1/2","null","21","MODERATE","21.5","null","0","null"","128.29575718618483","1.0089419528256054","39.08","0.0"
"17:46608207:G>T","NM_002144.4:c.60C>A","NP_002135.2:p.Ser20Arg","Unknown significance","null","missense_variant","1/2","null","20","MODERATE","19.25","null","0.0031748","gnomad_AF_nfe_pass"","71.38878635587298","0.5176581524088154","40.29","0.1"
"17:46608211:G>A","NM_002144.4:c.56C>T","NP_002135.2:p.Pro19Leu","Unknown significance","null","missense_variant","1/2","null","19","MODERATE","24.3","null","0","null"","162.17655407972777","1.0310008942760929","44.52","0.0"
"17:46608211:G>T","NM_002144.4:c.56C>A","NP_002135.2:p.Pro19His","Unknown significance","null","missense_variant","1/2","null","19","MODERATE","24.4","null","0.00110993","gnomad_AF_nfe_pass"","162.17655407972777","1.0310008942760929","44.52","0.0"
"17:46608215:C>T","NM_002144.4:c.52G>A","NP_002135.2:p.Gly18Arg","Unknown significance","null","missense_variant","1/2","null","18","MODERATE","28.6","null","0.00399138","gnomad_AF_amr_pass"","57.64322235858607","0.6045676661827957","34.75","0.4"
"17:46608217:C>G","NM_002144.4:c.50G>C","NP_002135.2:p.Arg17Pro","Unknown significance","null","missense_variant","1/2","null","17","MODERATE","25.7","null","0.00562303","gnomad_AF_sas_pass"","224.7575591940772","0.8342101711132149","38.37","0.4"
"17:46608218:G>A","NM_002144.4:c.49C>T","NP_002135.2:p.Arg17Trp","Unknown significance","null","missense_variant","1/2","null","17","MODERATE","32","null","0.0083949","gnomad_AF_afr_pass"","224.7575591940772","0.8342101711132149","38.37","0.1"
"17:46608223:C>T","NM_002144.4:c.44G>A","NP_002135.2:p.Cys15Tyr","Unknown significance","null","missense_variant","1/2","null","15","MODERATE","27.0","null","0.00110843","gnomad_AF_nfe_pass"","68.77186551573854","0.44504465899572865","45.32","0.8"
"17:46608226:A>G","NM_002144.4:c.41T>C","NP_002135.2:p.Leu14Pro","Unknown significance","null","missense_variant","1/2","null","14","MODERATE","24.7","null","0","gnomad_AF_afr_pass,gnomad_AF_amr_pass,gnomad_AF_eas_pass,gnomad_AF_nfe_pass,gnomad_AF_sas_pass"","201.09572863124677","1.0427505628626106","40.76","0.2"
"17:46608227:G>A","NM_002144.4:c.40C>T","NP_002135.2:p.Leu14Phe","Unknown significance","null","missense_variant","1/2","null","14","MODERATE","20.9","null","0.0121256","gnomad_AF_sas_pass"","201.09572863124677","1.0427505628626106","40.76","0.0"
"17:46608230:G>A","NM_002144.4:c.37C>T","NP_002135.2:p.Pro13Ser","Unknown significance","null","missense_variant","1/2","null","13","MODERATE","22.0","null","0.0114943","gnomad_AF_afr_pass"","125.7494957244867","0.7994240800243987","47.92","0.1"
"17:46608239:A>C","NM_002144.4:c.28T>G","NP_002135.2:p.Leu10Val","Unknown significance","null","missense_variant","1/2","null","10","MODERATE","23.2","null","0.00115001","gnomad_AF_nfe_pass"","143.72291628272006","0.7452527851791253","44.88","0.5"
"17:46608248:T>A","NM_002144.4:c.19A>T","NP_002135.2:p.Asn7Tyr","Unknown significance","null","missense_variant","1/2","null","7","MODERATE","25.9","null","0.00115872","gnomad_AF_nfe_pass"","73.61005774991997","0.4605605830020429","44.09","0.2"
"17:46608249:C>A","NM_002144.4:c.18G>T","NP_002135.2:p.Met6Ile","Unknown significance","null","missense_variant","1/2","null","6","MODERATE","26.0","null","0","gnomad_AF_afr_pass,gnomad_AF_amr_pass,gnomad_AF_eas_pass,gnomad_AF_nfe_pass,gnomad_AF_sas_pass"","125.50213657569567","0.5795977160437753","52.17","0.7"
"17:46608251:T>C","NM_002144.4:c.16A>G","NP_002135.2:p.Met6Val","Unknown significance","null","missense_variant","1/2","null","6","MODERATE","24.6","null","0.00448471","gnomad_AF_amr_pass"","125.50213657569567","0.5795977160437753","52.17","0.9"
"17:46608259:T>C","NM_002144.4:c.8A>G","NP_002135.2:p.Tyr3Cys","Unknown significance","null","missense_variant","1/2","null","3","MODERATE","23.6","null","0.00117741","gnomad_AF_nfe_pass"","150.07594576194407","0.6255465375428264","48.16","0.8"