{"applied_filters": "CONTAINS missense_variant[Consequence]"},,"Surface Area","Normalized SA","Confidence Score","|ddG|""Genomic Description (GRCh37)","HGVS Nucleotide Change","HGVS Protein Change","Variant Classification","Phenotype","Consequence","Exon","Intron","Protein Position","Impact","CADD Phred","Interpro Domain","Max MAF (%)","Max MAF Source","Surface Area","Normalized SA","Confidence Score","|ddG|"
"22:18561153:A>G","NM_001127649.3:c.11A>G","NP_001121121.1:p.Asp4Gly","Unknown significance","null","missense_variant","1/5","null","4","MODERATE","24.7","null","0.00348651","gnomad_AF_sas_pass"","111.5113137915566","0.697033537422944","45.18","0.7"
"22:18561156:C>T","NM_001127649.3:c.14C>T","NP_001121121.1:p.Ser5Phe","Likely benign","null","missense_variant","1/5","null","5","MODERATE","7.598","null","0.00350336","gnomad_AF_sas_pass"","131.26933789157596","0.9518671823630381","42.57","0.0"
"22:18561159:C>T","NM_001127649.3:c.17C>T","NP_001121121.1:p.Ser6Leu","Unknown significance","null","missense_variant","1/5","null","6","MODERATE","23.6","null","0.00104985","gnomad_AF_nfe_pass"","114.49849886480888","0.8302575852806009","42.35","0.3"
"22:18561162:C>T","NM_001127649.3:c.20C>T","NP_001121121.1:p.Thr7Ile","Likely benign","null","missense_variant","1/5","null","7","MODERATE","12.74","null","0.00351865","gnomad_AF_sas_pass"","161.35050300950738","1.0255051129835366","39.05","0.0"
"22:18561164:T>A","NM_001127649.3:c.22T>A","NP_001121121.1:p.Ser8Thr","Unknown significance","null","missense_variant","1/5","null","8","MODERATE","16.05","null","0.00105899","gnomad_AF_nfe_pass"","118.5193679231914","0.8594139241692341","42.94","0.0"
"22:18561165:C>T","NM_001127649.3:c.23C>T","NP_001121121.1:p.Ser8Phe","Unknown significance","Peroxisome biogenesis disorder 7B; Peroxisome biogenesis disorder 7A","missense_variant","1/5","null","8","MODERATE","24.0","null","0.0310829","gnomad_AF_amr_pass"","118.5193679231914","0.8594139241692341","42.94","0.0"
"22:18561171:C>T","NM_001127649.3:c.29C>T","NP_001121121.1:p.Ala10Val","Unknown significance","Peroxisome biogenesis disorder 7B; Peroxisome biogenesis disorder 7A","missense_variant","1/5","null","10","MODERATE","21.8","null","0.0118886","gnomad_AF_nfe_pass"","100.3350120640437","0.7890533968459077","40.8","0.0"
"22:18561173:C>A","NM_001127649.3:c.31C>A","NP_001121121.1:p.Pro11Thr","Likely benign","null","missense_variant","1/5","null","11","MODERATE","11.09","null","0.006027","gnomad_AF_eas_pass"","87.11869947021317","0.5538374987163911","42.19","0.8"
"22:18561173:C>T","NM_001127649.3:c.31C>T","NP_001121121.1:p.Pro11Ser","Likely benign","null","missense_variant","1/5","null","11","MODERATE","11.34","null","0.00860289","gnomad_AF_afr_pass"","87.11869947021317","0.5538374987163911","42.19","1.0"
"22:18561174:C>A","NM_001127649.3:c.32C>A","NP_001121121.1:p.Pro11His","Likely benign","null","missense_variant","1/5","null","11","MODERATE","19.92","null","0.00107229","gnomad_AF_nfe_pass"","87.11869947021317","0.5538374987163911","42.19","0.9"
"22:18561174:C>T","NM_001127649.3:c.32C>T","NP_001121121.1:p.Pro11Leu","Unknown significance","Peroxisome biogenesis disorder 7A; Peroxisome biogenesis disorder 7B","missense_variant","1/5","null","11","MODERATE","21.0","null","0.011969","gnomad_AF_nfe_pass"","87.11869947021317","0.5538374987163911","42.19","0.5"
"22:18561176:C>A","NM_001127649.3:c.34C>A","NP_001121121.1:p.Leu12Ile","Likely benign","null","missense_variant","1/5","null","12","MODERATE","6.106","null","0.00612745","gnomad_AF_eas_pass"","191.6693256556248","0.9938714192054923","39.39","0.1"
"22:18561176:C>G","NM_001127649.3:c.34C>G","NP_001121121.1:p.Leu12Val","Likely benign","null","missense_variant","1/5","null","12","MODERATE","5.933","null","0.00612745","gnomad_AF_eas_pass"","191.6693256556248","0.9938714192054923","39.39","0.1"
"22:18561176:C>T","NM_001127649.3:c.34C>T","NP_001121121.1:p.Leu12Phe","Likely benign","null","missense_variant","1/5","null","12","MODERATE","6.762","null","0.00218929","gnomad_AF_nfe_pass"","191.6693256556248","0.9938714192054923","39.39","0.1"
"22:18561177:T>A","NM_001127649.3:c.35T>A","NP_001121121.1:p.Leu12His","Unknown significance","null","missense_variant","1/5","null","12","MODERATE","22.8","null","0","null"","191.6693256556248","0.9938714192054923","39.39","0.3"
"22:18561180:G>T","NM_001127649.3:c.38G>T","NP_001121121.1:p.Arg13Met","Unknown significance","null","missense_variant","1/5","null","13","MODERATE","21.2","null","0.00982704","gnomad_AF_amr_pass"","242.92442094369332","0.9016382963477086","38.23","0.1"
"22:18561185:C>T","NM_001127649.3:c.43C>T","NP_001121121.1:p.Leu15Phe","Likely benign","null","missense_variant","1/5","null","15","MODERATE","11.88","null","0.0066778","gnomad_AF_amr_pass"","166.34692824634348","0.8625660735808814","39.88","0.2"
"22:18561189:G>A","NM_001127649.3:c.47G>A","NP_001121121.1:p.Gly16Glu","Likely benign","null","missense_variant","1/5","null","16","MODERATE","20.7","null","0","null"","95.29452662589205","0.9994581705342226","33.25","0.1"
"22:18561191:G>A","NM_001127649.3:c.49G>A","NP_001121121.1:p.Gly17Arg","Unknown significance","null","missense_variant","1/5","null","17","MODERATE","24.6","null","0.00230303","gnomad_AF_nfe_pass"","33.99164037978632","0.35650759713420654","35.44","0.6"
"22:18561192:G>A","NM_001127649.3:c.50G>A","NP_001121121.1:p.Gly17Glu","Unknown significance","null","missense_variant","1/5","null","17","MODERATE","22.8","null","0.0103928","gnomad_AF_afr_pass"","33.99164037978632","0.35650759713420654","35.44","1.2"
"22:18561194:C>G","NM_001127649.3:c.52C>G","NP_001121121.1:p.Pro18Ala","Likely benign","null","missense_variant","1/5","null","18","MODERATE","7.275","null","0.00364033","gnomad_AF_sas_pass"","125.5727325173948","0.7983003477708618","44.25","0.5"
"22:18561194:C>T","NM_001127649.3:c.52C>T","NP_001121121.1:p.Pro18Ser","Likely benign","null","missense_variant","1/5","null","18","MODERATE","8.413","null","0.00676682","gnomad_AF_amr_pass"","125.5727325173948","0.7983003477708618","44.25","0.5"
"22:18561195:C>T","NM_001127649.3:c.53C>T","NP_001121121.1:p.Pro18Leu","Likely benign","null","missense_variant","1/5","null","18","MODERATE","11.99","null","0.00351692","gnomad_AF_nfe_pass"","125.5727325173948","0.7983003477708618","44.25","0.2"
"22:18561198:T>C","NM_001127649.3:c.56T>C","NP_001121121.1:p.Leu19Pro","Unknown significance","null","missense_variant","1/5","null","19","MODERATE","21.5","null","0","null"","157.82028711970977","0.8183525047764009","38.47","0.7"
"22:18561200:C>T","NM_001127649.3:c.58C>T","NP_001121121.1:p.Arg20Cys","Unknown significance","null","missense_variant","1/5","null","20","MODERATE","22.5","null","0","null"","205.71953426575644","0.7635486365687936","40.69","0.6"
"22:18561207:G>A","NM_001127649.3:c.65G>A","NP_001121121.1:p.Ser22Asn","Unknown significance","null","missense_variant","1/5","null","22","MODERATE","25.9","null","0.00390533","gnomad_AF_sas_pass"","112.04492152792344","0.8124660752152422","43.91","0.2"
"22:18561208:C>G","NM_001127649.3:c.66C>G","NP_001121121.1:p.Ser22Arg","Unknown significance","null","missense_variant","1/5","null","22","MODERATE","25.1","null","0","null"","112.04492152792344","0.8124660752152422","43.91","0.1"
"22:18561209:G>A","NM_001127649.3:c.67G>A","NP_001121121.1:p.Glu23Lys","Unknown significance","null","missense_variant","1/5","null","23","MODERATE","29.1","null","0.00122615","gnomad_AF_nfe_pass"","149.9245279793304","0.7677774675043874","37.53","0.3"
"22:18561213:C>G","NM_001127649.3:c.71C>G","NP_001121121.1:p.Pro24Arg","Unknown significance","null","missense_variant","1/5","null","24","MODERATE","23.3","null","0.009994","gnomad_AF_afr_pass"","82.01950461489638","0.5214205165838497","43.39","0.7"
"22:18561213:C>T","NM_001127649.3:c.71C>T","NP_001121121.1:p.Pro24Leu","Unknown significance","null","missense_variant","1/5","null","24","MODERATE","25.2","null","0.00379372","gnomad_AF_nfe_pass"","82.01950461489638","0.5214205165838497","43.39","0.8"
"22:18561219:G>A","NM_001127649.3:c.77G>A","NP_001121121.1:p.Arg26His","Likely benign","null","missense_variant","1/5","null","26","MODERATE","12.77","null","0.0323904","gnomad_AF_afr_pass"","234.02211539943931","0.8685964985189576","42.83","0.1"
"22:18561219:G>C","NM_001127649.3:c.77G>C","NP_001121121.1:p.Arg26Pro","Unknown significance","Peroxisome biogenesis disorder 7A; Peroxisome biogenesis disorder 7B","missense_variant","1/5","null","26","MODERATE","13.86","null","0.00128093","gnomad_AF_nfe_pass"","234.02211539943931","0.8685964985189576","42.83","0.2"
"22:18561221:G>A","NM_001127649.3:c.79G>A","NP_001121121.1:p.Ala27Thr","Likely benign","null","missense_variant","1/5","null","27","MODERATE","9.792","null","0","null"","89.5636185801435","0.7043451335747547","48.96","0.1"
"22:18561224:G>T","NM_001127649.3:c.82G>T","NP_001121121.1:p.Val28Phe","Likely benign","null","missense_variant","1/5","null","28","MODERATE","14.65","null","0.00651975","gnomad_AF_nfe_pass"","134.91920124184452","0.7849063068796148","46.69","0.1"
"22:18561230:G>A","NM_001127649.3:c.88G>A","NP_001121121.1:p.Ala30Thr","Likely benign","null","missense_variant","1/5","null","30","MODERATE","10.58","null","0","null"","116.41520401166453","0.915511049236537","61.04","0.0"
"22:18561231:C>T","NM_001127649.3:c.89C>T","NP_001121121.1:p.Ala30Val","Likely benign","null","missense_variant","1/5","null","30","MODERATE","18.21","null","0","null"","116.41520401166453","0.915511049236537","61.04","0.1"
"22:18561233:C>T","NM_001127649.3:c.91C>T","NP_001121121.1:p.Arg31Trp","Likely benign","null","missense_variant","1/5","null","31","MODERATE","20.4","null","0.0113062","gnomad_AF_sas_pass"","158.1101295923041","0.5868415671307234","67.54","0.3"
"22:18561239:C>T","NM_001127649.3:c.97C>T","NP_001121121.1:p.Pro33Ser","Likely benign","null","missense_variant","1/5","null","33","MODERATE","8.664","null","0.00133801","gnomad_AF_nfe_pass"","67.51270926726751","0.4291968344285806","87.89","0.4"
"22:18561240:C>G","NM_001127649.3:c.98C>G","NP_001121121.1:p.Pro33Arg","Unknown significance","null","missense_variant","1/5","null","33","MODERATE","12.38","null","0","null"","67.51270926726751","0.4291968344285806","87.89","0.1"
"22:18561240:C>T","NM_001127649.3:c.98C>T","NP_001121121.1:p.Pro33Leu","Unknown significance","Peroxisome biogenesis disorder 7A","missense_variant","1/5","null","33","MODERATE","9.551","null","0.0155652","gnomad_AF_nfe_pass"","67.51270926726751","0.4291968344285806","87.89","0.5"
"22:18561242:G>A","NM_001127649.3:c.100G>A","NP_001121121.1:p.Ala34Thr","Likely benign","null","missense_variant","1/5","null","34","MODERATE","16.52","null","0.00398979","gnomad_AF_nfe_pass"","0.0","0.0","90.9","0.7"
"22:18561245:G>A","NM_001127649.3:c.103G>A","NP_001121121.1:p.Val35Met","Likely benign","null","missense_variant","1/5","null","35","MODERATE","15.64","null","0.0247805","gnomad_AF_amr_pass"","32.309742236986146","0.18796524306430437","91.88","0.6"
"22:18561250:C>A","NM_001127649.3:c.108C>A","NP_001121121.1:p.Asp36Glu","Likely benign","null","missense_variant","1/5","null","36","MODERATE","10.46","null","0","null"","68.05449201969465","0.425394174789115","93.63","0.2"
"22:18561254:C>A","NM_001127649.3:c.112C>A","NP_001121121.1:p.Leu38Met","Unknown significance","null","missense_variant","1/5","null","38","MODERATE","24.0","null","0.00135479","gnomad_AF_nfe_pass"","20.696700826343157","0.10731951684385502","96.94","1.4"
"22:18561258:A>C","NM_001127649.3:c.116A>C","NP_001121121.1:p.Glu39Ala","Unknown significance","null","missense_variant","1/5","null","39","MODERATE","28.8","null","0","gnomad_AF_afr_pass,gnomad_AF_amr_pass,gnomad_AF_eas_pass,gnomad_AF_nfe_pass"","81.63026958629736","0.4180362112816419","97.04","0.0"
"22:18561258:A>G","NM_001127649.3:c.116A>G","NP_001121121.1:p.Glu39Gly","Unknown significance","null","missense_variant","1/5","null","39","MODERATE","32","null","0.00384143","gnomad_AF_sas_pass"","81.63026958629736","0.4180362112816419","97.04","0.7"
"22:18561261:A>C","NM_001127649.3:c.119A>C","NP_001121121.1:p.Glu40Ala","Unknown significance","null","missense_variant","1/5","null","40","MODERATE","23.2","null","0","null"","76.54330721821785","0.39198540333917725","98.26","0.3"
"22:18561261:A>G","NM_001127649.3:c.119A>G","NP_001121121.1:p.Glu40Gly","Unknown significance","null","missense_variant","1/5","null","40","MODERATE","25.8","null","0.00138122","gnomad_AF_nfe_pass"","76.54330721821785","0.39198540333917725","98.26","0.6"
"22:18561262:G>C","NM_001127649.3:c.120G>C","NP_001121121.1:p.Glu40Asp","Unknown significance","null","missense_variant","1/5","null","40","MODERATE","20.4","null","0.0110351","gnomad_AF_afr_pass"","76.54330721821785","0.39198540333917725","98.26","0.3"
"22:18561266:G>A","NM_001127649.3:c.124G>A","NP_001121121.1:p.Ala42Thr","Unknown significance","null","missense_variant","1/5","null","42","MODERATE","24.5","null","0.00139171","gnomad_AF_nfe_pass"","36.850709864880805","0.2898009099406624","98.43","0.6"
"22:18561269:G>C","NM_001127649.3:c.127G>C","NP_001121121.1:p.Asp43His","Pathogenic","Heimler syndrome","missense_variant","1/5","null","43","MODERATE","24.5","null","0","null"","61.43825590362454","0.3840374881211566","98.43","0.2"
"22:18561272:C>T","NM_001127649.3:c.130C>T","NP_001121121.1:p.Leu44Phe","Benign","null","missense_variant","1/5","null","44","MODERATE","11.49","null","1.70863","gnomad_AF_afr_pass"","31.13290894157656","0.16143484768843092","98.77","0.9"
"22:18561273:T>A","NM_001127649.3:c.131T>A","NP_001121121.1:p.Leu44His","Likely benign","null","missense_variant","1/5","null","44","MODERATE","13.45","null","0.00137039","gnomad_AF_nfe_pass"","31.13290894157656","0.16143484768843092","98.77","2.6"
"22:18561273:T>C","NM_001127649.3:c.131T>C","NP_001121121.1:p.Leu44Pro","Pathogenic","Peroxisome biogenesis disorder","missense_variant","1/5","null","44","MODERATE","21.9","null","0","null"","31.13290894157656","0.16143484768843092","98.77","3.7"
"22:18561276:T>C","NM_001127649.3:c.134T>C","NP_001121121.1:p.Leu45Pro","Pathogenic","Refsum disease, infantile","missense_variant","1/5","null","45","MODERATE","22.6","null","0","null"","8.493343990652912","0.044040911694744764","98.53","4.5"
"22:18561278:G>A","NM_001127649.3:c.136G>A","NP_001121121.1:p.Val46Met","Unknown significance","null","missense_variant","1/5","null","46","MODERATE","22.9","null","0","null"","112.0939922965176","0.6521183101220737","98.03","0.2"
"22:18561284:C>T","NM_001127649.3:c.142C>T","NP_001121121.1:p.His48Tyr","Unknown significance","null","missense_variant","1/5","null","48","MODERATE","22.1","null","0.0116722","gnomad_AF_sas_pass"","118.46252502544965","0.5767341139352742","97.89","0.3"
"22:18561291:A>T","NM_001127649.3:c.149A>T","NP_001121121.1:p.Asp50Val","Unknown significance","null","missense_variant","1/5","null","50","MODERATE","25.9","null","0","null"","72.21461345346097","0.45139821025862364","98.5","0.1"
"22:18561294:T>A","NM_001127649.3:c.152T>A","NP_001121121.1:p.Phe51Tyr","Unknown significance","null","missense_variant","1/5","null","51","MODERATE","25.1","null","0","null"","47.21540491869476","0.20550740729436337","98.58","0.9"
"22:18561295:C>A","NM_001127649.3:c.153C>A","NP_001121121.1:p.Phe51Leu","Pathogenic","Zellweger syndrome","missense_variant","1/5","null","51","MODERATE","17.35","null","0","gnomad_AF_afr_pass,gnomad_AF_sas_pass,gnomad_AF_amr_pass,gnomad_AF_eas_pass,gnomad_AF_nfe_pass"","47.21540491869476","0.20550740729436337","98.58","1.8"
"22:18561297:G>A","NM_001127649.3:c.155G>A","NP_001121121.1:p.Arg52Gln","Likely benign","null","missense_variant","1/5","null","52","MODERATE","2.874","null","0","gnomad_AF_afr_pass,gnomad_AF_sas_pass,gnomad_AF_amr_pass,gnomad_AF_eas_pass,gnomad_AF_nfe_pass"","147.24056811928747","0.5464981020706625","98.61","0.1"
"22:18561297:G>C","NM_001127649.3:c.155G>C","NP_001121121.1:p.Arg52Pro","Likely benign","null","missense_variant","1/5","null","52","MODERATE","2.012","null","0.00384586","gnomad_AF_sas_pass"","147.24056811928747","0.5464981020706625","98.61","0.6"
"22:18561305:C>G","NM_001127649.3:c.163C>G","NP_001121121.1:p.Leu55Val","Unknown significance","null","missense_variant","1/5","null","55","MODERATE","22.9","null","0.00118892","gnomad_AF_nfe_pass"","0.04195618942493737","2.175572819781205E-4","98.59","1.1"
"22:18561311:A>G","NM_001127649.3:c.169A>G","NP_001121121.1:p.Thr57Ala","Unknown significance","Peroxisome biogenesis disorder 7B; Peroxisome biogenesis disorder 7A","missense_variant","1/5","null","57","MODERATE","22.5","null","0.00326286","gnomad_AF_amr_pass"","2.244055146262639","0.01426267649239218","98.45","0.6"
"22:18561321:G>A","NM_001127649.3:c.179G>A","NP_001121121.1:p.Arg60Gln","Unknown significance","null","missense_variant","1/5","null","60","MODERATE","24.3","null","0.00318634","gnomad_AF_amr_pass"","119.83501215926496","0.4447796388125617","96.34","0.5"
"22:18561323:G>T","NM_001127649.3:c.181G>T","NP_001121121.1:p.Ala61Ser","Unknown significance","null","missense_variant","1/5","null","61","MODERATE","23.5","null","0","null"","0.0","0.0","94.75","0.7"
"22:18561329:C>A","NM_001127649.3:c.187C>A","NP_001121121.1:p.Gln63Lys","Likely benign","null","missense_variant","1/5","null","63","MODERATE","13.79","null","0.00358526","gnomad_AF_sas_pass"","124.24205353225639","0.6282729985747602","91.74","0.3"
"22:18561329:C>G","NM_001127649.3:c.187C>G","NP_001121121.1:p.Gln63Glu","Likely benign","null","missense_variant","1/5","null","63","MODERATE","10.91","null","0.00366146","gnomad_AF_nfe_pass"","124.24205353225639","0.6282729985747602","91.74","0.3"
"22:18561339:C>T","NM_001127649.3:c.197C>T","NP_001121121.1:p.Ala66Val","Likely benign","null","missense_variant","1/5","null","66","MODERATE","21.0","null","0","null"","77.69607136330504","0.6110165112818857","85.0","0.1"
"22:18561342:A>G","NM_001127649.3:c.200A>G","NP_001121121.1:p.Asn67Ser","Unknown significance","Peroxisome biogenesis disorder 7A; Peroxisome biogenesis disorder 7B","missense_variant","1/5","null","67","MODERATE","6.919","null","0.228798","gnomad_AF_nfe_pass"","118.8643073965065","0.7437056346111696","83.35","0.0"
"22:18561347:G>A","NM_001127649.3:c.205G>A","NP_001121121.1:p.Ala69Thr","Likely benign","null","missense_variant","1/5","null","69","MODERATE","5.693","null","0.00358314","gnomad_AF_nfe_pass"","80.9923119073508","0.6369387665803687","66.15","0.0"
"22:18561347:G>C","NM_001127649.3:c.205G>C","NP_001121121.1:p.Ala69Pro","Likely benign","null","missense_variant","1/5","null","69","MODERATE","5.090","null","0.00103909","gnomad_AF_nfe_pass"","80.9923119073508","0.6369387665803687","66.15","0.1"
"22:18561348:C>T","NM_001127649.3:c.206C>T","NP_001121121.1:p.Ala69Val","Likely benign","null","missense_variant","1/5","null","69","MODERATE","4.286","null","0","null"","80.9923119073508","0.6369387665803687","66.15","0.1"
"22:18561350:G>T","NM_001127649.3:c.208G>T","NP_001121121.1:p.Val70Leu","Unknown significance","Peroxisome biogenesis disorder 7A","missense_variant","1/5","null","70","MODERATE","6.464","null","0.00103419","gnomad_AF_nfe_pass"","166.74042337041718","0.9700295340514301","58.59","0.0"
"22:18561353:G>T","NM_001127649.3:c.211G>T","NP_001121121.1:p.Ala71Ser","Likely benign","null","missense_variant","1/5","null","71","MODERATE","10.48","null","0","null"","50.72671657349312","0.39892443524704774","55.06","0.1"
"22:18561356:G>A","NM_001127649.3:c.214G>A","NP_001121121.1:p.Glu72Lys","Unknown significance","null","missense_variant","1/5","null","72","MODERATE","22.6","null","0.00102785","gnomad_AF_nfe_pass"","206.57080166159756","1.057868309460065","57.9","0.0"
"22:18561356:G>C","NM_001127649.3:c.214G>C","NP_001121121.1:p.Glu72Gln","Unknown significance","null","missense_variant","1/5","null","72","MODERATE","17.88","null","0","null"","206.57080166159756","1.057868309460065","57.9","0.0"
"22:18561359:G>C","NM_001127649.3:c.217G>C","NP_001121121.1:p.Glu73Gln","Likely benign","null","missense_variant","1/5","null","73","MODERATE","16.46","null","0.00609793","gnomad_AF_amr_pass"","53.7448053917038","0.27523215267916284","58.03","0.4"
"22:18561360:A>T","NM_001127649.3:c.218A>T","NP_001121121.1:p.Glu73Val","Likely benign","null","missense_variant","1/5","null","73","MODERATE","22.3","null","0.0281551","gnomad_AF_sas_pass"","53.7448053917038","0.27523215267916284","58.03","0.3"
"22:18561366:C>T","NM_001127649.3:c.224C>T","NP_001121121.1:p.Ala75Val","Likely benign","null","missense_variant","1/5","null","75","MODERATE","12.38","null","0.00306861","gnomad_AF_amr_pass"","92.01028564453235","0.7235861833179367","69.29","0.0"
"22:18561369:G>A","NM_001127649.3:c.227G>A","NP_001121121.1:p.Gly76Asp","Likely benign","null","missense_variant","1/5","null","76","MODERATE","14.36","null","0","null"","58.165681247495286","0.6100472653137983","73.13","0.1"
"22:18562648:A>T","NM_001127649.3:c.239A>T","NP_001121121.1:p.Glu80Val","Unknown significance","Peroxisome biogenesis disorder 7A; Peroxisome biogenesis disorder 7B","missense_variant","2/5","null","80","MODERATE","28.7","null","0","gnomad_AF_afr_pass,gnomad_AF_sas_pass,gnomad_AF_amr_pass,gnomad_AF_eas_pass,gnomad_AF_nfe_pass"","117.67090975858608","0.6026036854079013","91.6","0.1"
"22:18562654:A>C","NM_001127649.3:c.245A>C","NP_001121121.1:p.Lys82Thr","Unknown significance","null","missense_variant","2/5","null","82","MODERATE","27.1","null","0.00543656","gnomad_AF_eas_pass"","68.50027946278232","0.2893790321488752","94.0","0.2"
"22:18562654:A>G","NM_001127649.3:c.245A>G","NP_001121121.1:p.Lys82Arg","Unknown significance","null","missense_variant","2/5","null","82","MODERATE","28.0","null","0.00351611","gnomad_AF_nfe_pass"","68.50027946278232","0.2893790321488752","94.0","0.6"
"22:18562659:T>A","NM_001127649.3:c.250T>A","NP_001121121.1:p.Ser84Thr","Unknown significance","null","missense_variant","2/5","null","84","MODERATE","25.0","null","0.000878982","gnomad_AF_nfe_pass"","41.778852449220764","0.3029490298492085","96.68","0.0"
"22:18562665:T>C","NM_001127649.3:c.256T>C","NP_001121121.1:p.Cys86Arg","Pathogenic","Zellweger syndrome","missense_variant","2/5","null","86","MODERATE","27.4","null","0","null"","0.0","0.0","97.55","4.5"
"22:18562671:G>T","NM_001127649.3:c.262G>T","NP_001121121.1:p.Val88Leu","Unknown significance","null","missense_variant","2/5","null","88","MODERATE","23.8","null","0.00175793","gnomad_AF_nfe_pass"","6.464008696937032","0.03760503432610742","98.55","0.4"
"22:18562674:G>A","NM_001127649.3:c.265G>A","NP_001121121.1:p.Gly89Arg","Pathogenic","Zellweger syndrome","missense_variant","2/5","null","89","MODERATE","28.7","null","0","null"","0.0","0.0","98.47","0.7"
"22:18562684:C>T","NM_001127649.3:c.275C>T","NP_001121121.1:p.Ala92Val","Unknown significance","null","missense_variant","2/5","null","92","MODERATE","27.7","null","0.00326627","gnomad_AF_sas_pass"","0.0","0.0","98.75","0.3"
"22:18562686:C>A","NM_001127649.3:c.277C>A","NP_001121121.1:p.Leu93Met","Unknown significance","null","missense_variant","2/5","null","93","MODERATE","24.7","null","0.000878982","gnomad_AF_nfe_pass"","0.0","0.0","98.78","1.4"
"22:18562690:C>G","NM_001127649.3:c.281C>G","NP_001121121.1:p.Ala94Gly","Unknown significance","null","missense_variant","2/5","null","94","MODERATE","27.1","null","0.00175793","gnomad_AF_nfe_pass"","21.420264450358065","0.16845298643213716","98.38","1.7"
"22:18562690:C>T","NM_001127649.3:c.281C>T","NP_001121121.1:p.Ala94Val","Unknown significance","null","missense_variant","2/5","null","94","MODERATE","29.5","null","0.00326627","gnomad_AF_sas_pass"","21.420264450358065","0.16845298643213716","98.38","0.0"
"22:18562692:G>C","NM_001127649.3:c.283G>C","NP_001121121.1:p.Glu95Gln","Unknown significance","null","missense_variant","2/5","null","95","MODERATE","26.9","null","0","null"","96.11419092491826","0.49220972107873295","98.04","0.3"
"22:18562701:C>T","NM_001127649.3:c.292C>T","NP_001121121.1:p.Arg98Trp","Pathogenic","Peroxisome biogenesis disorder","missense_variant","2/5","null","98","MODERATE","32","null","0.0131603","gnomad_AF_nfe_pass"","55.55076949268607","0.20618223961023324","98.32","0.2"
"22:18562702:G>A","NM_001127649.3:c.293G>A","NP_001121121.1:p.Arg98Gln","Unknown significance","null","missense_variant","2/5","null","98","MODERATE","25.0","null","0.00653253","gnomad_AF_sas_pass"","55.55076949268607","0.20618223961023324","98.32","0.5"
"22:18562704:T>A","NM_001127649.3:c.295T>A","NP_001121121.1:p.Trp99Arg","Unknown significance","null","missense_variant","2/5","null","99","MODERATE","27.8","null","0.0123047","gnomad_AF_afr_pass"","5.250905892593853","0.0200165521387307","97.9","4.7"
"22:18562705:G>C","NM_001127649.3:c.296G>C","NP_001121121.1:p.Trp99Ser","Unknown significance","null","missense_variant","2/5","null","99","MODERATE","29.2","null","0.000878966","gnomad_AF_nfe_pass"","5.250905892593853","0.0200165521387307","97.9","6.0"
"22:18562711:A>T","NM_001127649.3:c.302A>T","NP_001121121.1:p.Glu101Val","Unknown significance","null","missense_variant","2/5","null","101","MODERATE","29.7","null","0.00543656","gnomad_AF_eas_pass"","73.49980215891259","0.3763993305446553","98.1","0.4"
"22:18562719:T>A","NM_001127649.3:c.310T>A","NP_001121121.1:p.Ser104Thr","Unknown significance","null","missense_variant","2/5","null","104","MODERATE","22.4","null","0.00282167","gnomad_AF_amr_pass"","90.06806430552692","0.6531063229876825","97.22","0.1"
"22:18562728:C>T","NM_001127649.3:c.319C>T","NP_001121121.1:p.Leu107Phe","Unknown significance","null","missense_variant","2/5","null","107","MODERATE","28.2","null","0.0229621","gnomad_AF_afr_pass"","39.70920875844729","0.20590591389252375","96.41","0.8"
"22:18562734:T>C","NM_001127649.3:c.325T>C","NP_001121121.1:p.Tyr109His","Unknown significance","Peroxisome biogenesis disorder 7B; Peroxisome biogenesis disorder 7A","missense_variant","2/5","null","109","MODERATE","23.4","null","0.252342","gnomad_AF_nfe_pass"","38.25729244701241","0.15946404138577477","92.19","1.3"
"22:18562734:T>G","NM_001127649.3:c.325T>G","NP_001121121.1:p.Tyr109Asp","Unknown significance","null","missense_variant","2/5","null","109","MODERATE","24.7","null","0.00326627","gnomad_AF_sas_pass"","38.25729244701241","0.15946404138577477","92.19","3.1"
"22:18562740:C>A","NM_001127649.3:c.331C>A","NP_001121121.1:p.Gln111Lys","Likely benign","null","missense_variant","2/5","null","111","MODERATE","19.52","null","0.00543656","gnomad_AF_eas_pass"","162.93041863597858","0.8239141238026201","91.59","0.2"
"22:18562741:A>G","NM_001127649.3:c.332A>G","NP_001121121.1:p.Gln111Arg","Unknown significance","null","missense_variant","2/5","null","111","MODERATE","22.8","null","0.0114811","gnomad_AF_afr_pass"","162.93041863597858","0.8239141238026201","91.59","0.0"
"22:18562743:G>C","NM_001127649.3:c.334G>C","NP_001121121.1:p.Val112Leu","Unknown significance","Peroxisome biogenesis disorder 7A; Peroxisome biogenesis disorder 7B","missense_variant","2/5","null","112","MODERATE","17.42","null","0","null"","79.27002496935576","0.46116150979446213","94.78","0.3"
"22:18562746:C>T","NM_001127649.3:c.337C>T","NP_001121121.1:p.Pro113Ser","Unknown significance","null","missense_variant","2/5","null","113","MODERATE","26.7","null","0.000879013","gnomad_AF_nfe_pass"","26.975055308376646","0.17148783499500825","96.96","0.5"
"22:18562754:G>T","NM_001127649.3:c.345G>T","NP_001121121.1:p.Lys115Asn","Unknown significance","null","missense_variant","2/5","null","115","MODERATE","23.0","null","0.00543656","gnomad_AF_eas_pass"","150.23444451827905","0.6346645370073888","95.55","0.0"
"22:18562759:C>T","NM_001127649.3:c.350C>T","NP_001121121.1:p.Pro117Leu","Pathogenic","Peroxisome biogenesis disorder","missense_variant","2/5","null","117","MODERATE","28.3","null","0.0123031","gnomad_AF_afr_pass"","7.546164681716958","0.047973041352081434","96.48","1.0"
"22:18562761:C>G","NM_001127649.3:c.352C>G","NP_001121121.1:p.Pro118Ala","Unknown significance","null","missense_variant","2/5","null","118","MODERATE","23.5","null","0.000879075","gnomad_AF_nfe_pass"","31.340689193024474","0.19924136857262514","97.23","0.2"
"22:18562761:C>T","NM_001127649.3:c.352C>T","NP_001121121.1:p.Pro118Ser","Unknown significance","Peroxisome biogenesis disorder 7B; Peroxisome biogenesis disorder 7A","missense_variant","2/5","null","118","MODERATE","26.8","null","0","null"","31.340689193024474","0.19924136857262514","97.23","0.7"
"22:18562762:C>G","NM_001127649.3:c.353C>G","NP_001121121.1:p.Pro118Arg","Pathogenic","Peroxisome biogenesis disorder","missense_variant","2/5","null","118","MODERATE","28.1","null","0.00867553","gnomad_AF_amr_pass"","31.340689193024474","0.19924136857262514","97.23","0.3"
"22:18562762:C>T","NM_001127649.3:c.353C>T","NP_001121121.1:p.Pro118Leu","Unknown significance","null","missense_variant","2/5","null","118","MODERATE","29.7","null","0.00154835","gnomad_AF_nfe_pass"","31.340689193024474","0.19924136857262514","97.23","0.7"
"22:18562768:T>G","NM_001127649.3:c.359T>G","NP_001121121.1:p.Val120Gly","Pathogenic","Peroxisome biogenesis disorder","missense_variant","2/5","null","120","MODERATE","27.2","null","0","null"","0.0","0.0","98.04","5.5"
"22:18562777:T>C","NM_001127649.3:c.368T>C","NP_001121121.1:p.Leu123Pro","Likely pathogenic","null","missense_variant","2/5","null","123","MODERATE","26.3","null","0","null"","22.830272243328828","0.1183828189393909","98.34","3.5"
"22:18566206:T>G","NM_001127649.3:c.375T>G","NP_001121121.1:p.Ile125Met","Unknown significance","null","missense_variant","3/5","null","125","MODERATE","23.3","null","0.00289101","gnomad_AF_amr_pass"","0.0","0.0","98.35","2.2"
"22:18566212:A>T","NM_001127649.3:c.381A>T","NP_001121121.1:p.Leu127Phe","Unknown significance","Peroxisome biogenesis disorder 7A; Peroxisome biogenesis disorder 7B","missense_variant","3/5","null","127","MODERATE","25.7","null","0","null"","12.010298438776347","0.0622775309173623","98.35","0.9"
"22:18566217:G>A","NM_001127649.3:c.386G>A","NP_001121121.1:p.Ser129Asn","Unknown significance","null","missense_variant","3/5","null","129","MODERATE","25.3","null","0.0114784","gnomad_AF_afr_pass"","8.637227395410319","0.0626307212053491","97.08","0.4"
"22:18566240:G>C","NM_001127649.3:c.409G>C","NP_001121121.1:p.Val137Leu","Unknown significance","Peroxisome biogenesis disorder 7B; Peroxisome biogenesis disorder 7A","missense_variant","3/5","null","137","MODERATE","8.626","null","0.29054","gnomad_AF_nfe_pass"","0.0","0.0","97.55","0.1"
"22:18566252:G>C","NM_001127649.3:c.421G>C","NP_001121121.1:p.Val141Leu","Unknown significance","null","missense_variant","3/5","null","141","MODERATE","19.42","null","0.000880034","gnomad_AF_nfe_pass"","0.0","0.0","97.49","0.5"
"22:18566253:T>C","NM_001127649.3:c.422T>C","NP_001121121.1:p.Val141Ala","Likely benign","null","missense_variant","3/5","null","141","MODERATE","10.41","null","0","null"","0.0","0.0","97.49","2.0"
"22:18566255:G>A","NM_001127649.3:c.424G>A","NP_001121121.1:p.Gly142Ser","Likely benign","null","missense_variant","3/5","null","142","MODERATE","0.421","null","0","null"","17.415083509259397","0.18265107262871796","96.23","0.7"
"22:18566258:G>A","NM_001127649.3:c.427G>A","NP_001121121.1:p.Ala143Thr","Unknown significance","Peroxisome biogenesis disorder 7B; Peroxisome biogenesis disorder 7A","missense_variant","3/5","null","143","MODERATE","19.72","null","0.0217462","gnomad_AF_eas_pass"","18.259429652939883","0.14359558738005349","97.27","0.3"
"22:18566259:C>G","NM_001127649.3:c.428C>G","NP_001121121.1:p.Ala143Gly","Unknown significance","null","missense_variant","3/5","null","143","MODERATE","22.4","null","0.00326648","gnomad_AF_sas_pass"","18.259429652939883","0.14359558738005349","97.27","1.4"
"22:18566264:C>A","NM_001127649.3:c.433C>A","NP_001121121.1:p.Leu145Ile","Unknown significance","null","missense_variant","3/5","null","145","MODERATE","22.8","null","0.048929","gnomad_AF_eas_pass"","9.27120576327018","0.0480743926977815","95.92","1.4"
"22:18566271:A>C","NM_001127649.3:c.440A>C","NP_001121121.1:p.Asp147Ala","Unknown significance","null","missense_variant","3/5","null","147","MODERATE","22.6","null","0.00264173","gnomad_AF_nfe_pass"","24.263128788835562","0.15166366455195582","95.84","0.1"
"22:18566274:C>G","NM_001127649.3:c.443C>G","NP_001121121.1:p.Pro148Arg","Unknown significance","null","missense_variant","3/5","null","148","MODERATE","25.6","null","0.00543715","gnomad_AF_eas_pass"","110.17354453081663","0.7004034805240545","94.14","0.2"
"22:18566288:C>G","NM_001127649.3:c.457C>G","NP_001121121.1:p.Leu153Val","Benign","null","missense_variant","3/5","null","153","MODERATE","23.5","null","1.68065","gnomad_AF_nfe_pass"","67.81717071742204","0.35165537039832234","94.14","0.6"
"22:18566292:C>T","NM_001127649.3:c.461C>T","NP_001121121.1:p.Pro154Leu","Unknown significance","null","missense_variant","3/5","null","154","MODERATE","27.3","null","0.0061546","gnomad_AF_afr_pass"","135.06858327505617","0.8586680789673712","93.53","0.1"
"22:18566294:G>C","NM_001127649.3:c.463G>C","NP_001121121.1:p.Glu155Gln","Unknown significance","null","missense_variant","3/5","null","155","MODERATE","24.7","null","0.00155036","gnomad_AF_nfe_pass"","79.57318200776328","0.407501674253122","94.48","0.2"
"22:18566303:G>A","NM_001127649.3:c.472G>A","NP_001121121.1:p.Ala158Thr","Likely benign","null","missense_variant","3/5","null","158","MODERATE","12.89","null","0.00846597","gnomad_AF_amr_pass"","51.01767685522307","0.40121260160018196","92.79","0.1"
"22:18566304:C>A","NM_001127649.3:c.473C>A","NP_001121121.1:p.Ala158Asp","Unknown significance","null","missense_variant","3/5","null","158","MODERATE","23.4","null","0.00289118","gnomad_AF_amr_pass"","51.01767685522307","0.40121260160018196","92.79","0.9"
"22:18566304:C>G","NM_001127649.3:c.473C>G","NP_001121121.1:p.Ala158Gly","Unknown significance","null","missense_variant","3/5","null","158","MODERATE","18.72","null","0.00653253","gnomad_AF_sas_pass"","51.01767685522307","0.40121260160018196","92.79","0.9"
"22:18566309:G>T","NM_001127649.3:c.478G>T","NP_001121121.1:p.Ala160Ser","Unknown significance","null","missense_variant","3/5","null","160","MODERATE","23.0","null","0.00578202","gnomad_AF_amr_pass"","0.0","0.0","95.52","1.6"
"22:18566321:G>A","NM_001127649.3:c.490G>A","NP_001121121.1:p.Val164Met","Unknown significance","null","missense_variant","3/5","null","164","MODERATE","20.6","null","0.00653253","gnomad_AF_sas_pass"","0.0","0.0","95.51","0.7"
"22:18566324:C>A","NM_001127649.3:c.493C>A","NP_001121121.1:p.Gln165Lys","Likely benign","null","missense_variant","3/5","null","165","MODERATE","16.05","null","0.00578202","gnomad_AF_amr_pass"","72.42408088186784","0.36623746284794434","94.7","0.6"
"22:18566325:A>G","NM_001127649.3:c.494A>G","NP_001121121.1:p.Gln165Arg","Likely benign","null","missense_variant","3/5","null","165","MODERATE","15.18","null","0","null"","72.42408088186784","0.36623746284794434","94.7","0.2"
"22:18566327:C>T","NM_001127649.3:c.496C>T","NP_001121121.1:p.Arg166Trp","Unknown significance","Peroxisome biogenesis disorder 7B; Peroxisome biogenesis disorder 7A","missense_variant","3/5","null","166","MODERATE","26.0","null","0.0141099","gnomad_AF_amr_pass"","101.29352079368147","0.37596103827142713","96.25","0.7"
"22:18566328:G>A","NM_001127649.3:c.497G>A","NP_001121121.1:p.Arg166Gln","Unknown significance","null","missense_variant","3/5","null","166","MODERATE","15.54","null","0.248358","gnomad_AF_afr_pass"","101.29352079368147","0.37596103827142713","96.25","0.2"
"22:18566337:T>C","NM_001127649.3:c.506T>C","NP_001121121.1:p.Leu169Pro","Unknown significance","Peroxisome biogenesis disorder 7B; Peroxisome biogenesis disorder 7A","missense_variant","3/5","null","169","MODERATE","25.4","null","0.00543892","gnomad_AF_eas_pass"","37.48206540223448","0.19435740908800264","95.73","2.4"
"22:18566354:T>G","NM_001127649.3:c.523T>G","NP_001121121.1:p.Ser175Ala","Likely benign","null","missense_variant","3/5","null","175","MODERATE","9.073","null","0.0115022","gnomad_AF_afr_pass"","76.45679482305408","0.5544075640942177","94.61","0.1"
"22:18566355:C>T","NM_001127649.3:c.524C>T","NP_001121121.1:p.Ser175Leu","Likely benign","null","missense_variant","3/5","null","175","MODERATE","12.84","null","0.00653253","gnomad_AF_sas_pass"","76.45679482305408","0.5544075640942177","94.61","0.2"
"22:18566360:G>A","NM_001127649.3:c.529G>A","NP_001121121.1:p.Ala177Thr","Unknown significance","null","missense_variant","3/5","null","177","MODERATE","25.6","null","0","gnomad_AF_afr_pass,gnomad_AF_amr_pass,gnomad_AF_eas_pass,gnomad_AF_nfe_pass"","0.0","0.0","94.95","0.9"
"22:18566363:G>A","NM_001127649.3:c.532G>A","NP_001121121.1:p.Glu178Lys","Unknown significance","null","missense_variant","3/5","null","178","MODERATE","25.4","null","0.00088053","gnomad_AF_nfe_pass"","61.504927953320866","0.3149724628751264","93.9","0.4"
"22:18566365:G>T","NM_001127649.3:c.534G>T","NP_001121121.1:p.Glu178Asp","Unknown significance","null","missense_variant","3/5","null","178","MODERATE","23.7","null","0.00326627","gnomad_AF_sas_pass"","61.504927953320866","0.3149724628751264","93.9","0.4"
"22:18566375:G>A","NM_001127649.3:c.544G>A","NP_001121121.1:p.Val182Met","Likely benign","null","missense_variant","3/5","null","182","MODERATE","15.75","null","0.00326627","gnomad_AF_sas_pass"","100.83691056217667","0.5866290812427439","89.3","0.2"
"22:18566376:T>C","NM_001127649.3:c.545T>C","NP_001121121.1:p.Val182Ala","Likely benign","null","missense_variant","3/5","null","182","MODERATE","6.523","null","0.000880313","gnomad_AF_nfe_pass"","100.83691056217667","0.5866290812427439","89.3","0.6"
"22:18566378:G>A","NM_001127649.3:c.547G>A","NP_001121121.1:p.Gly183Ser","Likely benign","null","missense_variant","3/5","null","183","MODERATE","13.26","null","0","null"","67.7451486795805","0.7105176420852871","84.78","0.0"
"22:18566378:G>C","NM_001127649.3:c.547G>C","NP_001121121.1:p.Gly183Arg","Likely benign","null","missense_variant","3/5","null","183","MODERATE","16.47","null","0.00289151","gnomad_AF_amr_pass"","67.7451486795805","0.7105176420852871","84.78","0.2"
"22:18566379:G>A","NM_001127649.3:c.548G>A","NP_001121121.1:p.Gly183Asp","Unknown significance","Peroxisome biogenesis disorder 7A; Peroxisome biogenesis disorder 7B","missense_variant","3/5","null","183","MODERATE","15.09","null","0.0280539","gnomad_AF_afr_pass"","67.7451486795805","0.7105176420852871","84.78","0.2"
"22:18566385:C>T","NM_001127649.3:c.554C>T","NP_001121121.1:p.Ala185Val","Unknown significance","Peroxisome biogenesis disorder 7A","missense_variant","3/5","null","185","MODERATE","7.076","null","0.00979944","gnomad_AF_sas_pass"","115.44049366913694","0.9078457438671479","79.42","0.1"
"22:18566387:G>A","NM_001127649.3:c.556G>A","NP_001121121.1:p.Ala186Thr","Unknown significance","null","missense_variant","3/5","null","186","MODERATE","22.7","null","0.00653381","gnomad_AF_sas_pass"","49.398042799026626","0.3884754949073219","75.89","0.1"
"22:18566394:G>A","NM_001127649.3:c.563G>A","NP_001121121.1:p.Gly188Asp","Likely benign","null","missense_variant","3/5","null","188","MODERATE","8.303","null","0.000880142","gnomad_AF_nfe_pass"","44.87870774130464","0.4706922078657685","82.54","0.2"
"22:18566400:A>G","NM_001127649.3:c.569A>G","NP_001121121.1:p.Glu190Gly","Unknown significance","Peroxisome biogenesis disorder 7A; Peroxisome biogenesis disorder 7B","missense_variant","3/5","null","190","MODERATE","20.7","null","0.0163324","gnomad_AF_sas_pass"","128.7182033314196","0.6591779044262662","85.43","0.7"
"22:18566402:C>T","NM_001127649.3:c.571C>T","NP_001121121.1:p.Arg191Trp","Unknown significance","Peroxisome biogenesis disorder 7B; Peroxisome biogenesis disorder 7A","missense_variant","3/5","null","191","MODERATE","22.0","null","0.0160295","gnomad_AF_afr_pass"","129.0110857326319","0.47883755407571876","85.84","0.1"
"22:18566403:G>A","NM_001127649.3:c.572G>A","NP_001121121.1:p.Arg191Gln","Unknown significance","Peroxisome biogenesis disorder 7B; Peroxisome biogenesis disorder 7A","missense_variant","3/5","null","191","MODERATE","11.99","null","0.0202394","gnomad_AF_amr_pass"","129.0110857326319","0.47883755407571876","85.84","0.2"
"22:18566414:G>A","NM_001127649.3:c.583G>A","NP_001121121.1:p.Val195Ile","Likely benign","null","missense_variant","3/5","null","195","MODERATE","0.016","null","0.00326627","gnomad_AF_sas_pass"","0.5697758454077277","0.003314729485883487","90.24","0.3"
"22:18566424:C>T","NM_001127649.3:c.593C>T","NP_001121121.1:p.Ala198Val","Likely benign","null","missense_variant","3/5","null","198","MODERATE","14.96","null","0.00615309","gnomad_AF_afr_pass"","36.0789975613818","0.283732019311786","93.71","0.6"
"22:18566433:C>T","NM_001127649.3:c.602C>T","NP_001121121.1:p.Thr201Ile","Likely benign","null","missense_variant","3/5","null","201","MODERATE","7.499","null","0.00979944","gnomad_AF_sas_pass"","77.85003019925809","0.49479612722718125","94.51","0.2"
"22:18566436:C>T","NM_001127649.3:c.605C>T","NP_001121121.1:p.Ala202Val","Unknown significance","null","missense_variant","3/5","null","202","MODERATE","17.73","null","0.00979944","gnomad_AF_sas_pass"","10.67671042651886","0.0839636579084426","92.7","0.7"
"22:18566451:A>C","NM_001127649.3:c.620A>C","NP_001121121.1:p.Lys207Thr","Likely benign","null","missense_variant","3/5","null","207","MODERATE","2.038","null","0.00653253","gnomad_AF_sas_pass"","135.99628374785942","0.5745155096510446","88.33","0.2"
"22:18566454:A>G","NM_001127649.3:c.623A>G","NP_001121121.1:p.Gln208Arg","Likely benign","null","missense_variant","3/5","null","208","MODERATE","8.483","null","0.000884142","gnomad_AF_nfe_pass"","124.79295596520525","0.6310588276369066","86.63","0.0"
"22:18566458:A>T","NM_001127649.3:c.627A>T","NP_001121121.1:p.Glu209Asp","Likely benign","null","missense_variant","3/5","null","209","MODERATE","10.54","null","0.00578402","gnomad_AF_amr_pass"","126.51825747943134","0.6479117768776159","79.91","0.1"
"22:18566459:C>T","NM_001127649.3:c.628C>T","NP_001121121.1:p.His210Tyr","Unknown significance","null","missense_variant","3/5","null","210","MODERATE","17.51","null","0","null"","77.18991578127479","0.3757986559318064","72.76","0.2"
"22:18566460:A>C","NM_001127649.3:c.629A>C","NP_001121121.1:p.His210Pro","Likely benign","null","missense_variant","3/5","null","210","MODERATE","6.528","null","0.000884862","gnomad_AF_nfe_pass"","77.18991578127479","0.3757986559318064","72.76","0.9"
"22:18566460:A>G","NM_001127649.3:c.629A>G","NP_001121121.1:p.His210Arg","Likely benign","null","missense_variant","3/5","null","210","MODERATE","1.969","null","0.00326627","gnomad_AF_sas_pass"","77.18991578127479","0.3757986559318064","72.76","0.2"
"22:18566462:T>C","NM_001127649.3:c.631T>C","NP_001121121.1:p.Ser211Pro","Likely benign","null","missense_variant","3/5","null","211","MODERATE","11.17","null","0.00543656","gnomad_AF_eas_pass"","56.02451070775744","0.4062479022687535","69.62","0.3"
"22:18566466:G>T","NM_001127649.3:c.635G>T","NP_001121121.1:p.Gly212Val","Unknown significance","Peroxisome biogenesis disorder 7B; Peroxisome biogenesis disorder 7A","missense_variant","3/5","null","212","MODERATE","13.50","null","0.0124793","gnomad_AF_nfe_pass"","42.46472168678382","0.4453740896991479","57.47","0.2"
"22:18566469:C>T","NM_001127649.3:c.638C>T","NP_001121121.1:p.Ser213Phe","Likely benign","null","missense_variant","3/5","null","213","MODERATE","15.25","null","0.0114705","gnomad_AF_afr_pass"","95.78365654556416","0.694551528459458","57.45","0.0"
"22:18566474:G>A","NM_001127649.3:c.643G>A","NP_001121121.1:p.Glu215Lys","Unknown significance","Peroxisome biogenesis disorder 7A; Peroxisome biogenesis disorder 7B","missense_variant","3/5","null","215","MODERATE","17.85","null","0.0522603","gnomad_AF_sas_pass"","159.4500481519539","0.8165585432454235","45.93","0.0"
"22:18566474:G>C","NM_001127649.3:c.643G>C","NP_001121121.1:p.Glu215Gln","Likely benign","null","missense_variant","3/5","null","215","MODERATE","16.51","null","0.00326627","gnomad_AF_sas_pass"","159.4500481519539","0.8165585432454235","45.93","0.1"
"22:18566478:C>A","NM_001127649.3:c.647C>A","NP_001121121.1:p.Ala216Asp","Likely benign","null","missense_variant","3/5","null","216","MODERATE","12.26","null","0.000888826","gnomad_AF_nfe_pass"","110.92644873061545","0.8723464458755161","47.83","0.0"
"22:18566484:A>G","NM_001127649.3:c.653A>G","NP_001121121.1:p.Lys218Arg","Likely benign","null","missense_variant","3/5","null","218","MODERATE","11.73","null","0.0200521","gnomad_AF_eas_pass"","196.2677020928861","0.8291317658723059","34.49","0.2"
"22:18566486:C>T","NM_001127649.3:c.655C>T","NP_001121121.1:p.Pro219Ser","Likely benign","null","missense_variant","3/5","null","219","MODERATE","5.761","null","0.0057867","gnomad_AF_amr_pass"","138.38769885917736","0.8797686082938999","43.88","0.0"
"22:18566493:T>A","NM_001127649.3:c.662T>A","NP_001121121.1:p.Leu221Gln","Unknown significance","null","missense_variant","3/5","null","221","MODERATE","9.167","null","0","null"","200.14091935690683","1.0377995481641826","35.22","0.0"
"22:18566493:T>G","NM_001127649.3:c.662T>G","NP_001121121.1:p.Leu221Arg","Unknown significance","null","missense_variant","3/5","null","221","MODERATE","10.58","null","0.00178536","gnomad_AF_nfe_pass"","200.14091935690683","1.0377995481641826","35.22","0.0"
"22:18567883:G>A","NM_001127649.3:c.673G>A","NP_001121121.1:p.Val225Ile","Likely benign","null","missense_variant","4/5","null","225","MODERATE","3.117","null","0.00175985","gnomad_AF_nfe_pass"","107.37102515153072","0.6246419637965391","37.14","0.0"
"22:18567890:A>T","NM_001127649.3:c.680A>T","NP_001121121.1:p.His227Leu","Likely benign","null","missense_variant","4/5","null","227","MODERATE","11.09","null","0.00615157","gnomad_AF_afr_pass"","162.49395811380285","0.7911008897747739","38.91","0.0"
"22:18567892:A>G","NM_001127649.3:c.682A>G","NP_001121121.1:p.Lys228Glu","Unknown significance","null","missense_variant","4/5","null","228","MODERATE","23.0","null","0.000879523","gnomad_AF_nfe_pass"","172.43260559170898","0.7284405393433225","51.84","0.1"
"22:18567895:T>C","NM_001127649.3:c.685T>C","NP_001121121.1:p.Phe229Leu","Likely benign","null","missense_variant","4/5","null","229","MODERATE","11.96","null","0","null"","138.8429329245387","0.6043207977481417","51.54","0.0"
"22:18567899:T>C","NM_001127649.3:c.689T>C","NP_001121121.1:p.Leu230Pro","Unknown significance","null","missense_variant","4/5","null","230","MODERATE","22.7","null","0.00175877","gnomad_AF_nfe_pass"","72.288791807877","0.37484226472331555","50.15","1.7"
"22:18567905:T>A","NM_001127649.3:c.695T>A","NP_001121121.1:p.Leu232Gln","Unknown significance","null","missense_variant","4/5","null","232","MODERATE","25.3","null","0","null"","83.86744521061412","0.43488156757213386","56.94","1.9"
"22:18567907:C>T","NM_001127649.3:c.697C>T","NP_001121121.1:p.Pro233Ser","Likely benign","null","missense_variant","4/5","null","233","MODERATE","14.36","null","0.000879183","gnomad_AF_nfe_pass"","85.36695347792543","0.5427011683458164","60.0","0.2"
"22:18567908:C>T","NM_001127649.3:c.698C>T","NP_001121121.1:p.Pro233Leu","Unknown significance","Peroxisome biogenesis disorder 7A; Peroxisome biogenesis disorder 7B","missense_variant","4/5","null","233","MODERATE","11.41","null","0.00326627","gnomad_AF_sas_pass"","85.36695347792543","0.5427011683458164","60.0","2.1"
"22:18567911:T>C","NM_001127649.3:c.701T>C","NP_001121121.1:p.Met234Thr","Likely benign","null","missense_variant","4/5","null","234","MODERATE","9.349","null","0.0641849","gnomad_AF_eas_pass"","87.59726782482977","0.4045443189114471","59.74","0.8"
"22:18567919:C>T","NM_001127649.3:c.709C>T","NP_001121121.1:p.Arg237Cys","Unknown significance","Peroxisome biogenesis disorder 7A","missense_variant","4/5","null","237","MODERATE","26.3","null","0.0163324","gnomad_AF_sas_pass"","150.0566063763683","0.5569501098461709","67.93","0.4"
"22:18567920:G>A","NM_001127649.3:c.710G>A","NP_001121121.1:p.Arg237His","Unknown significance","Peroxisome biogenesis disorder 7A; Peroxisome biogenesis disorder 7B","missense_variant","4/5","null","237","MODERATE","14.56","null","0.03019","gnomad_AF_nfe_pass"","150.0566063763683","0.5569501098461709","67.93","0.0"
"22:18567926:T>C","NM_001127649.3:c.716T>C","NP_001121121.1:p.Leu239Pro","Unknown significance","Peroxisome biogenesis disorder 7B; Peroxisome biogenesis disorder 7A","missense_variant","4/5","null","239","MODERATE","25.8","null","0.00846501","gnomad_AF_amr_pass"","142.1728343230606","0.7372150767358893","71.85","0.6"
"22:18567933:C>G","NM_001127649.3:c.723C>G","NP_001121121.1:p.Asp241Glu","Likely benign","null","missense_variant","4/5","null","241","MODERATE","3.449","null","0","gnomad_AF_afr_pass,gnomad_AF_sas_pass,gnomad_AF_amr_pass,gnomad_AF_eas_pass,gnomad_AF_nfe_pass"","24.929909401212836","0.15583156853521565","68.27","0.1"
"22:18567935:C>T","NM_001127649.3:c.725C>T","NP_001121121.1:p.Ser242Phe","Unknown significance","null","missense_variant","4/5","null","242","MODERATE","15.31","null","0.00400481","gnomad_AF_afr_pass"","57.70697000592022","0.4184478403297306","69.08","0.7"
"22:18567938:C>T","NM_001127649.3:c.728C>T","NP_001121121.1:p.Ala243Val","Unknown significance","Peroxisome biogenesis disorder 7A; Peroxisome biogenesis disorder 7B","missense_variant","4/5","null","243","MODERATE","10.99","null","0.378912","gnomad_AF_sas_pass"","58.44364229872741","0.45961178985479967","68.71","0.4"
"22:18567940:G>T","NM_001127649.3:c.730G>T","NP_001121121.1:p.Val244Leu","Likely benign","null","missense_variant","4/5","null","244","MODERATE","13.07","null","0","gnomad_AF_afr_pass,gnomad_AF_sas_pass,gnomad_AF_amr_pass,gnomad_AF_eas_pass,gnomad_AF_nfe_pass"","62.82959306787723","0.36551760908558995","68.91","0.4"
"22:18567952:T>G","NM_001127649.3:c.742T>G","NP_001121121.1:p.Phe248Val","Likely benign","null","missense_variant","4/5","null","248","MODERATE","12.68","null","0.00867253","gnomad_AF_amr_pass"","167.12161983903644","0.7274051944507619","63.37","0.3"
"22:18567953:T>C","NM_001127649.3:c.743T>C","NP_001121121.1:p.Phe248Ser","Likely benign","null","missense_variant","4/5","null","248","MODERATE","16.66","null","0.00326627","gnomad_AF_sas_pass"","167.12161983903644","0.7274051944507619","63.37","0.8"
"22:18567956:C>T","NM_001127649.3:c.746C>T","NP_001121121.1:p.Ser249Phe","Unknown significance","null","missense_variant","4/5","null","249","MODERATE","22.6","null","0.000878966","gnomad_AF_nfe_pass"","66.28359715098286","0.4806391337869441","62.78","0.5"
"22:18567958:C>G","NM_001127649.3:c.748C>G","NP_001121121.1:p.Leu250Val","Likely benign","null","missense_variant","4/5","null","250","MODERATE","14.85","null","0.000878982","gnomad_AF_nfe_pass"","45.52948682543398","0.2360860588000086","61.53","0.7"
"22:18567959:T>G","NM_001127649.3:c.749T>G","NP_001121121.1:p.Leu250Arg","Unknown significance","null","missense_variant","4/5","null","250","MODERATE","25.5","null","0.00615157","gnomad_AF_afr_pass"","45.52948682543398","0.2360860588000086","61.53","1.7"
"22:18567962:C>T","NM_001127649.3:c.752C>T","NP_001121121.1:p.Pro251Leu","Unknown significance","null","missense_variant","4/5","null","251","MODERATE","29.1","null","0.00387075","gnomad_AF_nfe_pass"","80.71267628492211","0.5131126499843014","68.92","0.3"
"22:18567968:A>G","NM_001127649.3:c.758A>G","NP_001121121.1:p.Lys253Arg","Likely benign","null","missense_variant","4/5","null","253","MODERATE","22.3","null","0.00578168","gnomad_AF_amr_pass"","193.98073514291428","0.8194704872946195","70.44","0.2"
"22:18567974:G>A","NM_001127649.3:c.764G>A","NP_001121121.1:p.Ser255Asn","Unknown significance","null","missense_variant","4/5","null","255","MODERATE","20.9","null","0.0326627","gnomad_AF_sas_pass"","1.3828751419688807","0.010027577544674105","73.95","0.3"
"22:18567976:C>G","NM_001127649.3:c.766C>G","NP_001121121.1:p.Leu256Val","Unknown significance","null","missense_variant","4/5","null","256","MODERATE","22.9","null","0","null"","96.56714275933497","0.5007338701409111","77.32","0.6"
"22:18567976:C>T","NM_001127649.3:c.766C>T","NP_001121121.1:p.Leu256Phe","Unknown significance","null","missense_variant","4/5","null","256","MODERATE","20.1","null","0.0108731","gnomad_AF_eas_pass"","96.56714275933497","0.5007338701409111","77.32","0.2"
"22:18567986:C>T","NM_001127649.3:c.776C>T","NP_001121121.1:p.Ala259Val","Unknown significance","null","missense_variant","4/5","null","259","MODERATE","22.8","null","0.00867253","gnomad_AF_amr_pass"","34.75836519988831","0.2733463181553848","80.47","0.6"
"22:18567992:T>C","NM_001127649.3:c.782T>C","NP_001121121.1:p.Ile261Thr","Unknown significance","null","missense_variant","4/5","null","261","MODERATE","26.7","null","0.000878982","gnomad_AF_nfe_pass"","85.90397841265586","0.43793096943462856","82.44","2.0"
"22:18567994:C>G","NM_001127649.3:c.784C>G","NP_001121121.1:p.Leu262Val","Unknown significance","null","missense_variant","4/5","null","262","MODERATE","24.1","null","0.00232202","gnomad_AF_nfe_pass"","120.94779400030694","0.6271559377677133","81.51","0.7"
"22:18567994:C>T","NM_001127649.3:c.784C>T","NP_001121121.1:p.Leu262Phe","Unknown significance","null","missense_variant","4/5","null","262","MODERATE","23.2","null","0.00578168","gnomad_AF_amr_pass"","120.94779400030694","0.6271559377677133","81.51","0.6"
"22:18567998:G>C","NM_001127649.3:c.788G>C","NP_001121121.1:p.Cys263Ser","Unknown significance","null","missense_variant","4/5","null","263","MODERATE","24.1","null","0.00326627","gnomad_AF_sas_pass"","47.959883119232686","0.3103636882351147","78.75","2.0"
"22:18568006:G>A","NM_001127649.3:c.796G>A","NP_001121121.1:p.Val266Met","Unknown significance","null","missense_variant","4/5","null","266","MODERATE","24.3","null","0","gnomad_AF_afr_pass,gnomad_AF_sas_pass,gnomad_AF_amr_pass,gnomad_AF_eas_pass,gnomad_AF_nfe_pass"","105.08186350734212","0.6113245308777822","76.0","0.6"
"22:18568007:T>G","NM_001127649.3:c.797T>G","NP_001121121.1:p.Val266Gly","Unknown significance","null","missense_variant","4/5","null","266","MODERATE","25.3","null","0.00326627","gnomad_AF_sas_pass"","105.08186350734212","0.6113245308777822","76.0","1.9"
"22:18568009:G>A","NM_001127649.3:c.799G>A","NP_001121121.1:p.Val267Met","Unknown significance","null","missense_variant","4/5","null","267","MODERATE","21.4","null","0.00543656","gnomad_AF_eas_pass"","6.918645384765092","0.04024992994015311","69.56","1.4"
"22:18568015:T>C","NM_001127649.3:c.805T>C","NP_001121121.1:p.Phe269Leu","Likely benign","null","missense_variant","4/5","null","269","MODERATE","16.88","null","0.00175812","gnomad_AF_nfe_pass"","186.54094701561476","0.8119287855611589","65.8","0.0"
"22:18568021:C>A","NM_001127649.3:c.811C>A","NP_001121121.1:p.Pro271Thr","Unknown significance","null","missense_variant","4/5","null","271","MODERATE","26.4","null","0.000879105","gnomad_AF_nfe_pass"","156.95173690314402","0.9977852965464807","59.27","0.2"
"22:18568021:C>T","NM_001127649.3:c.811C>T","NP_001121121.1:p.Pro271Ser","Unknown significance","null","missense_variant","4/5","null","271","MODERATE","27.5","null","0.000879105","gnomad_AF_nfe_pass"","156.95173690314402","0.9977852965464807","59.27","0.2"
"22:18570740:T>G","NM_001127649.3:c.817T>G","NP_001121121.1:p.Ser273Ala","Unknown significance","null","missense_variant&splice_region_variant","5/5","null","273","MODERATE","16.48","null","0.00616675","gnomad_AF_afr_pass"","17.01216559985878","0.1233595171235351","52.98","0.1"
"22:18570746:T>G","NM_001127649.3:c.823T>G","NP_001121121.1:p.Ser275Ala","Likely benign","null","missense_variant","5/5","null","275","MODERATE","17.11","null","0.00648424","gnomad_AF_nfe_pass"","99.77601461174172","0.723501126929861","58.96","0.0"
"22:18570759:T>A","NM_001127649.3:c.836T>A","NP_001121121.1:p.Phe279Tyr","Unknown significance","null","missense_variant","5/5","null","279","MODERATE","26.6","null","0.00289151","gnomad_AF_amr_pass"","114.98071601528609","0.5004593072502691","66.73","0.6"
"22:18570760:C>G","NM_001127649.3:c.837C>G","NP_001121121.1:p.Phe279Leu","Unknown significance","null","missense_variant","5/5","null","279","MODERATE","25.2","null","0.000886462","gnomad_AF_nfe_pass"","114.98071601528609","0.5004593072502691","66.73","0.8"
"22:18570774:C>T","NM_001127649.3:c.851C>T","NP_001121121.1:p.Ala284Val","Unknown significance","Peroxisome biogenesis disorder 7B; Peroxisome biogenesis disorder 7A","missense_variant","5/5","null","284","MODERATE","17.37","null","0.0326648","gnomad_AF_sas_pass"","51.403088072181816","0.4042435478637823","69.97","0.8"
"22:18570777:A>G","NM_001127649.3:c.854A>G","NP_001121121.1:p.Gln285Arg","Unknown significance","null","missense_variant","5/5","null","285","MODERATE","22.7","null","0.00176482","gnomad_AF_nfe_pass"","98.09148132107842","0.49603356795961007","75.57","0.1"
"22:18570778:G>C","NM_001127649.3:c.855G>C","NP_001121121.1:p.Gln285His","Likely benign","null","missense_variant","5/5","null","285","MODERATE","20.0","null","0.000882472","gnomad_AF_nfe_pass"","98.09148132107842","0.49603356795961007","75.57","0.1"
"22:18570780:T>C","NM_001127649.3:c.857T>C","NP_001121121.1:p.Leu286Pro","Unknown significance","null","missense_variant","5/5","null","286","MODERATE","28.7","null","0.00264574","gnomad_AF_nfe_pass"","108.89604001069969","0.5646634455517846","75.44","1.8"
"22:18570785:C>T","NM_001127649.3:c.862C>T","NP_001121121.1:p.Arg288Cys","Unknown significance","Peroxisome biogenesis disorder 7A; Peroxisome biogenesis disorder 7B","missense_variant","5/5","null","288","MODERATE","28.4","null","0.00578235","gnomad_AF_amr_pass"","102.2673668712252","0.3795755654352686","71.84","0.7"
"22:18570786:G>A","NM_001127649.3:c.863G>A","NP_001121121.1:p.Arg288His","Unknown significance","null","missense_variant","5/5","null","288","MODERATE","13.37","null","0.00289134","gnomad_AF_amr_pass"","102.2673668712252","0.3795755654352686","71.84","0.0"
"22:18570794:C>T","NM_001127649.3:c.871C>T","NP_001121121.1:p.Arg291Trp","Likely benign","null","missense_variant","5/5","null","291","MODERATE","22.6","null","0.0108731","gnomad_AF_eas_pass"","125.01645625915017","0.46401108706586125","69.49","1.6"
"22:18570795:G>A","NM_001127649.3:c.872G>A","NP_001121121.1:p.Arg291Gln","Likely benign","null","missense_variant","5/5","null","291","MODERATE","15.96","null","0.00352286","gnomad_AF_nfe_pass"","125.01645625915017","0.46401108706586125","69.49","0.1"
"22:18570800:G>A","NM_001127649.3:c.877G>A","NP_001121121.1:p.Ala293Thr","Likely benign","null","missense_variant","5/5","null","293","MODERATE","16.67","null","0.0114811","gnomad_AF_afr_pass"","23.41979001973602","0.18417763140044452","72.09","0.7"
"22:18570800:G>T","NM_001127649.3:c.877G>T","NP_001121121.1:p.Ala293Ser","Likely benign","null","missense_variant","5/5","null","293","MODERATE","16.53","null","0.00615233","gnomad_AF_afr_pass"","23.41979001973602","0.18417763140044452","72.09","1.0"
"22:18570804:C>T","NM_001127649.3:c.881C>T","NP_001121121.1:p.Ala294Val","Likely benign","null","missense_variant","5/5","null","294","MODERATE","1.661","null","0","null"","46.89013030540935","0.3687527995951622","66.57","1.3"
"22:18570809:T>C","NM_001127649.3:c.886T>C","NP_001121121.1:p.Ser296Pro","Unknown significance","null","missense_variant","5/5","null","296","MODERATE","9.963","null","0.0480885","gnomad_AF_afr_pass"","56.2294925115325","0.40773427719170935","59.45","0.2"
"22:18570810:C>A","NM_001127649.3:c.887C>A","NP_001121121.1:p.Ser296Tyr","Unknown significance","null","missense_variant","5/5","null","296","MODERATE","22.8","null","0.0114811","gnomad_AF_afr_pass"","56.2294925115325","0.40773427719170935","59.45","0.5"
"22:18570812:C>T","NM_001127649.3:c.889C>T","NP_001121121.1:p.Arg297Cys","Unknown significance","Peroxisome biogenesis disorder 7A","missense_variant","5/5","null","297","MODERATE","15.90","null","0.0115634","gnomad_AF_amr_pass"","192.17100924798464","0.7132619302442798","55.62","0.1"
"22:18570813:G>A","NM_001127649.3:c.890G>A","NP_001121121.1:p.Arg297His","Likely benign","null","missense_variant","5/5","null","297","MODERATE","12.08","null","0.00400673","gnomad_AF_afr_pass"","192.17100924798464","0.7132619302442798","55.62","0.1"
"22:18570819:A>G","NM_001127649.3:c.896A>G","NP_001121121.1:p.Tyr299Cys","Likely benign","null","missense_variant","5/5","null","299","MODERATE","14.22","null","0.00543715","gnomad_AF_eas_pass"","138.47995683461386","0.5772121380089887","53.09","1.3"
"22:18570823:G>C","NM_001127649.3:c.900G>C","NP_001121121.1:p.Gln300His","Likely benign","null","missense_variant","5/5","null","300","MODERATE","13.12","null","0.00326648","gnomad_AF_sas_pass"","121.99431539604436","0.6169065317569677","55.34","0.0"
"22:18570824:C>T","NM_001127649.3:c.901C>T","NP_001121121.1:p.Leu301Phe","Likely benign","null","missense_variant","5/5","null","301","MODERATE","18.18","null","0.0261318","gnomad_AF_sas_pass"","121.99915155412098","0.6326075885236563","52.5","0.2"
"22:18570827:C>G","NM_001127649.3:c.904C>G","NP_001121121.1:p.Arg302Gly","Likely benign","null","missense_variant","5/5","null","302","MODERATE","8.991","null","0.000880142","gnomad_AF_nfe_pass"","139.31726167438836","0.5170899573618375","48.81","0.6"
"22:18570827:C>T","NM_001127649.3:c.904C>T","NP_001121121.1:p.Arg302Cys","Likely benign","null","missense_variant","5/5","null","302","MODERATE","15.82","null","0.0240327","gnomad_AF_afr_pass"","139.31726167438836","0.5170899573618375","48.81","0.2"
"22:18570828:G>A","NM_001127649.3:c.905G>A","NP_001121121.1:p.Arg302His","Likely benign","null","missense_variant","5/5","null","302","MODERATE","16.51","null","0","null"","139.31726167438836","0.5170899573618375","48.81","0.0"
"22:18570833:C>T","NM_001127649.3:c.910C>T","NP_001121121.1:p.Arg304Cys","Unknown significance","Peroxisome biogenesis disorder 7A; Peroxisome biogenesis disorder 7B","missense_variant","5/5","null","304","MODERATE","24.9","null","0.00543656","gnomad_AF_eas_pass"","230.2750348735669","0.8546888341989164","47.33","0.3"
"22:18570834:G>A","NM_001127649.3:c.911G>A","NP_001121121.1:p.Arg304His","Unknown significance","Peroxisome biogenesis disorder 7A; Peroxisome biogenesis disorder 7B","missense_variant","5/5","null","304","MODERATE","6.603","null","0.144219","gnomad_AF_afr_pass"","230.2750348735669","0.8546888341989164","47.33","0.0"
"22:18570836:G>A","NM_001127649.3:c.913G>A","NP_001121121.1:p.Asp305Asn","Unknown significance","null","missense_variant","5/5","null","305","MODERATE","18.78","null","0.0120192","gnomad_AF_afr_pass"","166.11047968265527","1.038321326503735","42.62","0.0"