{"applied_filters": "CONTAINS missense_variant[Consequence]"},,"Surface Area","Normalized SA","Confidence Score","|ddG|""Genomic Description (GRCh37)","HGVS Nucleotide Change","HGVS Protein Change","Variant Classification","Phenotype","Consequence","Exon","Intron","Protein Position","Impact","CADD Phred","Interpro Domain","Max MAF (%)","Max MAF Source","Surface Area","Normalized SA","Confidence Score","|ddG|"
"11:85361309:C>T","NM_032273.4:c.10C>T","NP_115649.1:p.His4Tyr","Unknown significance","null","missense_variant","2/5","null","4","MODERATE","22.6","null","0.00535236","gnomad_AF_nfe_pass"","158.12203289203535","0.7698161972661036","64.1","0.0"
"11:85361315:T>C","NM_032273.4:c.16T>C","NP_115649.1:p.Ser6Pro","Likely benign","null","missense_variant","2/5","null","6","MODERATE","4.039","null","0","gnomad_AF_afr_pass,gnomad_AF_sas_pass,gnomad_AF_amr_pass,gnomad_AF_eas_pass,gnomad_AF_nfe_pass"","58.19300652921204","0.42197221413538993","65.31","0.5"
"11:85361316:C>T","NM_032273.4:c.17C>T","NP_115649.1:p.Ser6Phe","Unknown significance","null","missense_variant","2/5","null","6","MODERATE","19.17","null","0.000888778","gnomad_AF_nfe_pass"","58.19300652921204","0.42197221413538993","65.31","0.1"
"11:85361319:A>G","NM_032273.4:c.20A>G","NP_115649.1:p.Asn7Ser","Unknown significance","Optic atrophy 7","missense_variant","2/5","null","7","MODERATE","0.074","null","0.0204177","gnomad_AF_amr_pass"","84.27491027394456","0.5272880227872794","70.93","0.2"
"11:85361319:A>T","NM_032273.4:c.20A>T","NP_115649.1:p.Asn7Ile","Likely benign","null","missense_variant","2/5","null","7","MODERATE","9.591","null","0.00623257","gnomad_AF_nfe_pass"","84.27491027394456","0.5272880227872794","70.93","0.4"
"11:85361322:A>G","NM_032273.4:c.23A>G","NP_115649.1:p.Asn8Ser","Likely benign","null","missense_variant","2/5","null","8","MODERATE","5.026","null","0.00334672","gnomad_AF_sas_pass"","71.12448017261332","0.44500891665244807","73.05","0.2"
"11:85361327:G>A","NM_032273.4:c.28G>A","NP_115649.1:p.Glu10Lys","Likely benign","null","missense_variant","2/5","null","10","MODERATE","9.156","null","0.00291087","gnomad_AF_amr_pass"","101.87542452105657","0.5217135347626026","73.77","0.1"
"11:85361333:A>G","NM_032273.4:c.34A>G","NP_115649.1:p.Ile12Val","Likely benign","null","missense_variant","2/5","null","12","MODERATE","0.038","null","0.000883111","gnomad_AF_nfe_pass"","102.18653311164809","0.5209380093408444","75.95","0.1"
"11:85361335:A>G","NM_032273.4:c.36A>G","NP_115649.1:p.Ile12Met","Likely benign","null","missense_variant","2/5","null","12","MODERATE","10.82","null","0.000883065","gnomad_AF_nfe_pass"","102.18653311164809","0.5209380093408444","75.95","0.0"
"11:85361337:C>T","NM_032273.4:c.38C>T","NP_115649.1:p.Thr13Ile","Likely benign","null","missense_variant","2/5","null","13","MODERATE","5.453","null","0.00649435","gnomad_AF_nfe_pass"","66.0987238273585","0.42010764132944006","78.57","0.8"
"11:85361340:T>C","NM_032273.4:c.41T>C","NP_115649.1:p.Ile14Thr","Likely benign","null","missense_variant","2/5","null","14","MODERATE","0.049","null","0.00330426","gnomad_AF_sas_pass"","57.25497727887945","0.2918808670798803","77.99","1.1"
"11:85361342:G>A","NM_032273.4:c.43G>A","NP_115649.1:p.Val15Ile","Likely benign","null","missense_variant","2/5","null","15","MODERATE","0.434","null","0.0008828","gnomad_AF_nfe_pass"","93.74306804231233","0.5453599239797122","80.55","0.0"
"11:85361349:T>A","NM_032273.4:c.50T>A","NP_115649.1:p.Ile17Lys","Unknown significance","null","missense_variant","2/5","null","17","MODERATE","22.8","null","0.000882161","gnomad_AF_nfe_pass"","18.287262781062683","0.09322686639198444","82.79","2.7"
"11:85361351:T>C","NM_032273.4:c.52T>C","NP_115649.1:p.Ser18Pro","Likely benign","null","missense_variant","2/5","null","18","MODERATE","0.025","null","0.0017642","gnomad_AF_nfe_pass"","50.7537265284201","0.3680281125889011","84.38","0.1"
"11:85361352:C>A","NM_032273.4:c.53C>A","NP_115649.1:p.Ser18Tyr","Likely benign","null","missense_variant","2/5","null","18","MODERATE","2.444","null","0.00155381","gnomad_AF_nfe_pass"","50.7537265284201","0.3680281125889011","84.38","1.3"
"11:85361357:A>C","NM_032273.4:c.58A>C","NP_115649.1:p.Lys20Gln","Unknown significance","null","missense_variant","2/5","null","20","MODERATE","23.6","null","0.0032845","gnomad_AF_sas_pass"","37.559692335153684","0.1586707017985475","85.79","0.6"
"11:85361361:T>C","NM_032273.4:c.62T>C","NP_115649.1:p.Ile21Thr","Unknown significance","null","missense_variant","2/5","null","21","MODERATE","24.8","null","0.0161082","gnomad_AF_afr_pass"","2.5474518253510414","0.012986686624744705","85.67","2.5"
"11:85361361:T>G","NM_032273.4:c.62T>G","NP_115649.1:p.Ile21Ser","Unknown significance","null","missense_variant","2/5","null","21","MODERATE","25.9","null","0.0272301","gnomad_AF_eas_pass"","2.5474518253510414","0.012986686624744705","85.67","3.7"
"11:85361372:C>G","NM_032273.4:c.73C>G","NP_115649.1:p.Pro25Ala","Unknown significance","null","missense_variant","2/5","null","25","MODERATE","25.9","null","0.0109004","gnomad_AF_eas_pass"","87.06452891418958","0.5534931216144069","91.06","0.6"
"11:85361375:G>A","NM_032273.4:c.76G>A","NP_115649.1:p.Glu26Lys","Unknown significance","null","missense_variant","2/5","null","26","MODERATE","25.4","null","0","gnomad_AF_afr_pass,gnomad_AF_amr_pass,gnomad_AF_eas_pass,gnomad_AF_nfe_pass"","126.58786173711863","0.6482682267622007","90.72","0.0"
"11:85361379:C>G","NM_032273.4:c.80C>G","NP_115649.1:p.Ala27Gly","Likely benign","null","missense_variant","2/5","null","27","MODERATE","15.38","null","0.00290141","gnomad_AF_amr_pass"","92.09372383240658","0.7242423569129207","88.83","0.2"
"11:85361385:G>A","NM_032273.4:c.86G>A","NP_115649.1:p.Arg29Lys","Unknown significance","null","missense_variant&splice_region_variant","2/5","null","29","MODERATE","32","null","0.00329207","gnomad_AF_sas_pass"","65.09489120211107","0.24160620235877775","90.71","0.8"
"11:85365107:G>C","NM_032273.4:c.87G>C","NP_115649.1:p.Arg29Ser","Unknown significance","Optic atrophy 7","missense_variant&splice_region_variant","3/5","null","29","MODERATE","24.2","null","0.0178052","gnomad_AF_nfe_pass"","65.09489120211107","0.24160620235877775","90.71","1.2"
"11:85365117:G>A","NM_032273.4:c.97G>A","NP_115649.1:p.Glu33Lys","Unknown significance","null","missense_variant","3/5","null","33","MODERATE","23.3","null","0","null"","70.74351172145586","0.362284110571651","89.55","0.0"
"11:85365126:T>C","NM_032273.4:c.106T>C","NP_115649.1:p.Ser36Pro","Unknown significance","null","missense_variant","3/5","null","36","MODERATE","20.3","null","0","null"","0.4758760375527736","0.003450697552794732","96.1","0.2"
"11:85365127:C>T","NM_032273.4:c.107C>T","NP_115649.1:p.Ser36Leu","Pathogenic","Optic atrophy, nonsyndromic","missense_variant","3/5","null","36","MODERATE","25.0","null","0.0108731","gnomad_AF_eas_pass"","0.4758760375527736","0.003450697552794732","96.1","1.0"
"11:85365133:A>T","NM_032273.4:c.113A>T","NP_115649.1:p.Tyr38Phe","Unknown significance","null","missense_variant","3/5","null","38","MODERATE","8.910","null","0.00867253","gnomad_AF_amr_pass"","80.0539326605901","0.33368079167032816","96.71","0.2"
"11:85365136:T>C","NM_032273.4:c.116T>C","NP_115649.1:p.Val39Ala","Unknown significance","null","missense_variant","3/5","null","39","MODERATE","22.4","null","0.000879028","gnomad_AF_nfe_pass"","0.0","0.0","97.57","2.1"
"11:85365145:A>G","NM_032273.4:c.125A>G","NP_115649.1:p.Asn42Ser","Unknown significance","null","missense_variant","3/5","null","42","MODERATE","24.1","null","0.000879028","gnomad_AF_nfe_pass"","29.332309643231596","0.1835252687340525","96.94","0.0"
"11:85365150:G>C","NM_032273.4:c.130G>C","NP_115649.1:p.Ala44Pro","Unknown significance","null","missense_variant","3/5","null","44","MODERATE","25.5","null","0.000879028","gnomad_AF_nfe_pass"","8.883057661118707","0.06985803537263556","98.06","1.3"
"11:85365151:C>T","NM_032273.4:c.131C>T","NP_115649.1:p.Ala44Val","Unknown significance","null","missense_variant","3/5","null","44","MODERATE","24.0","null","0.000879028","gnomad_AF_nfe_pass"","8.883057661118707","0.06985803537263556","98.06","0.6"
"11:85365153:C>T","NM_032273.4:c.133C>T","NP_115649.1:p.Leu45Phe","Likely benign","null","missense_variant","3/5","null","45","MODERATE","10.56","null","0.0718719","gnomad_AF_sas_pass"","112.60962615885956","0.5839196678126427","97.35","0.0"
"11:85365156:T>C","NM_032273.4:c.136T>C","NP_115649.1:p.Cys46Arg","Unknown significance","null","missense_variant","3/5","null","46","MODERATE","23.7","null","0.000879044","gnomad_AF_nfe_pass"","1.9552962379529797","0.01265334509874928","97.29","1.5"
"11:85365160:G>A","NM_032273.4:c.140G>A","NP_115649.1:p.Gly47Asp","Unknown significance","null","missense_variant","3/5","null","47","MODERATE","27.2","null","0.0114837","gnomad_AF_afr_pass"","0.0","0.0","97.47","1.7"
"11:85365166:T>C","NM_032273.4:c.146T>C","NP_115649.1:p.Ile49Thr","Unknown significance","null","missense_variant","3/5","null","49","MODERATE","20.6","null","0.0123031","gnomad_AF_afr_pass"","78.20380913790298","0.39867617987058124","96.72","1.3"
"11:85365174:A>G","NM_032273.4:c.154A>G","NP_115649.1:p.Ser52Gly","Likely benign","Optic atrophy 7","missense_variant","3/5","null","52","MODERATE","25.7","null","0.284852","gnomad_AF_nfe_pass"","62.29586070336535","0.4517230478420659","95.84","0.5"
"11:85365184:G>A","NM_032273.4:c.164G>A","NP_115649.1:p.Arg55Gln","Unknown significance","null","missense_variant","3/5","null","55","MODERATE","29.0","null","0.0114811","gnomad_AF_afr_pass"","19.88825388546731","0.07381724439627191","93.91","0.8"
"11:85365186:C>T","NM_032273.4:c.166C>T","NP_115649.1:p.Arg56Cys","Unknown significance","null","missense_variant","3/5","null","56","MODERATE","28.2","null","0.0108731","gnomad_AF_eas_pass"","203.9726696772857","0.7570649738502397","94.62","0.3"
"11:85365187:G>A","NM_032273.4:c.167G>A","NP_115649.1:p.Arg56His","Unknown significance","null","missense_variant","3/5","null","56","MODERATE","22.5","null","0.00615157","gnomad_AF_afr_pass"","203.9726696772857","0.7570649738502397","94.62","0.0"
"11:85365187:G>C","NM_032273.4:c.167G>C","NP_115649.1:p.Arg56Pro","Unknown significance","null","missense_variant","3/5","null","56","MODERATE","24.1","null","0.000879044","gnomad_AF_nfe_pass"","203.9726696772857","0.7570649738502397","94.62","0.3"
"11:85365196:A>G","NM_032273.4:c.176A>G","NP_115649.1:p.Asn59Ser","Unknown significance","null","missense_variant","3/5","null","59","MODERATE","23.0","null","0.00289084","gnomad_AF_amr_pass"","92.19585746225124","0.5768475010228319","92.62","0.2"
"11:85365201:A>G","NM_032273.4:c.181A>G","NP_115649.1:p.Thr61Ala","Unknown significance","null","missense_variant","3/5","null","61","MODERATE","21.9","null","0.00543656","gnomad_AF_eas_pass"","97.18389275925311","0.6176775223216087","89.01","0.3"
"11:85365201:A>T","NM_032273.4:c.181A>T","NP_115649.1:p.Thr61Ser","Unknown significance","null","missense_variant","3/5","null","61","MODERATE","16.87","null","0.000879059","gnomad_AF_nfe_pass"","97.18389275925311","0.6176775223216087","89.01","0.2"
"11:85365202:C>A","NM_032273.4:c.182C>A","NP_115649.1:p.Thr61Lys","Unknown significance","null","missense_variant","3/5","null","61","MODERATE","22.6","null","0.00087909","gnomad_AF_nfe_pass"","97.18389275925311","0.6176775223216087","89.01","0.4"
"11:85365202:C>G","NM_032273.4:c.182C>G","NP_115649.1:p.Thr61Arg","Unknown significance","null","missense_variant","3/5","null","61","MODERATE","21.7","null","0","gnomad_AF_afr_pass,gnomad_AF_sas_pass,gnomad_AF_amr_pass,gnomad_AF_eas_pass,gnomad_AF_nfe_pass"","97.18389275925311","0.6176775223216087","89.01","0.1"
"11:85365205:A>G","NM_032273.4:c.185A>G","NP_115649.1:p.Lys62Arg","Unknown significance","null","missense_variant","3/5","null","62","MODERATE","12.07","null","0.00087909","gnomad_AF_nfe_pass"","137.76879136776375","0.582003457781287","86.95","0.5"
"11:85365208:C>A","NM_032273.4:c.188C>A","NP_115649.1:p.Ala63Asp","Unknown significance","null","missense_variant","3/5","null","63","MODERATE","23.1","null","0.00087909","gnomad_AF_nfe_pass"","26.284422548152136","0.20670564012604514","85.51","0.9"
"11:85365208:C>T","NM_032273.4:c.188C>T","NP_115649.1:p.Ala63Val","Unknown significance","null","missense_variant","3/5","null","63","MODERATE","23.6","null","0.00289084","gnomad_AF_amr_pass"","26.284422548152136","0.20670564012604514","85.51","0.0"
"11:85365210:C>T","NM_032273.4:c.190C>T","NP_115649.1:p.Arg64Cys","Unknown significance","null","missense_variant","3/5","null","64","MODERATE","23.0","null","0.0123031","gnomad_AF_afr_pass"","187.33247908992195","0.6953032413994318","82.95","0.3"
"11:85365211:G>A","NM_032273.4:c.191G>A","NP_115649.1:p.Arg64His","Benign","null","missense_variant","3/5","null","64","MODERATE","15.45","null","2.07899","gnomad_AF_afr_pass"","187.33247908992195","0.6953032413994318","82.95","0.1"
"11:85365211:G>T","NM_032273.4:c.191G>T","NP_115649.1:p.Arg64Leu","Unknown significance","null","missense_variant","3/5","null","64","MODERATE","9.725","null","0.00648256","gnomad_AF_nfe_pass"","187.33247908992195","0.6953032413994318","82.95","0.1"
"11:85365213:A>G","NM_032273.4:c.193A>G","NP_115649.1:p.Ile65Val","Unknown significance","null","missense_variant","3/5","null","65","MODERATE","0.134","null","0.00615157","gnomad_AF_afr_pass"","167.9271507514528","0.8560779288907107","85.1","0.1"
"11:85365214:T>C","NM_032273.4:c.194T>C","NP_115649.1:p.Ile65Thr","Unknown significance","null","missense_variant","3/5","null","65","MODERATE","18.90","null","0.00615157","gnomad_AF_afr_pass"","167.9271507514528","0.8560779288907107","85.1","0.4"
"11:85365223:G>A","NM_032273.4:c.203G>A","NP_115649.1:p.Gly68Asp","Unknown significance","null","missense_variant","3/5","null","68","MODERATE","17.39","null","0","null"","12.566572225657245","0.13179941945510443","88.83","0.4"
"11:85365231:A>C","NM_032273.4:c.211A>C","NP_115649.1:p.Met71Leu","Unknown significance","null","missense_variant","3/5","null","71","MODERATE","23.8","null","0.00615157","gnomad_AF_afr_pass"","0.0","0.0","94.94","0.2"
"11:85365234:G>T","NM_032273.4:c.214G>T","NP_115649.1:p.Ala72Ser","Unknown significance","null","missense_variant","3/5","null","72","MODERATE","21.1","null","0.00289134","gnomad_AF_amr_pass"","22.90879655728098","0.18015908275006076","96.61","1.2"
"11:85365238:G>A","NM_032273.4:c.218G>A","NP_115649.1:p.Gly73Glu","Unknown significance","null","missense_variant","3/5","null","73","MODERATE","16.42","null","0.00543656","gnomad_AF_eas_pass"","27.839097905031743","0.2919791392712181","97.14","0.1"
"11:85365253:C>A","NM_032273.4:c.233C>A","NP_115649.1:p.Thr78Lys","Unknown significance","null","missense_variant","3/5","null","78","MODERATE","23.1","null","0","null"","41.40881485506332","0.2631844993625701","97.95","1.2"
"11:85365253:C>G","NM_032273.4:c.233C>G","NP_115649.1:p.Thr78Arg","Unknown significance","null","missense_variant","3/5","null","78","MODERATE","22.9","null","0.000879214","gnomad_AF_nfe_pass"","41.40881485506332","0.2631844993625701","97.95","0.5"
"11:85365259:A>C","NM_032273.4:c.239A>C","NP_115649.1:p.Asp80Ala","Likely benign","null","missense_variant","3/5","null","80","MODERATE","10.14","null","0.000879229","gnomad_AF_nfe_pass"","6.705033307659267","0.04191173905199097","98.2","1.7"
"11:85365270:A>G","NM_032273.4:c.250A>G","NP_115649.1:p.Arg84Gly","Likely benign","null","missense_variant","3/5","null","84","MODERATE","13.13","null","0.117925","gnomad_AF_amr_pass"","112.86032220612657","0.41889237913536853","97.31","1.2"
"11:85365279:G>A","NM_032273.4:c.259G>A","NP_115649.1:p.Val87Ile","Unknown significance","null","missense_variant","3/5","null","87","MODERATE","19.52","null","0.00801025","gnomad_AF_afr_pass"","0.0","0.0","96.73","0.1"
"11:85365279:G>C","NM_032273.4:c.259G>C","NP_115649.1:p.Val87Leu","Unknown significance","null","missense_variant","3/5","null","87","MODERATE","20.9","null","0.00980008","gnomad_AF_sas_pass"","0.0","0.0","96.73","1.0"
"11:85365279:G>T","NM_032273.4:c.259G>T","NP_115649.1:p.Val87Leu","Unknown significance","null","missense_variant","3/5","null","87","MODERATE","21.7","null","0.00615157","gnomad_AF_afr_pass"","0.0","0.0","96.73","1.0"
"11:85365280:T>C","NM_032273.4:c.260T>C","NP_115649.1:p.Val87Ala","Unknown significance","null","missense_variant","3/5","null","87","MODERATE","26.0","null","0.000879229","gnomad_AF_nfe_pass"","0.0","0.0","96.73","3.3"
"11:85365283:G>C","NM_032273.4:c.263G>C","NP_115649.1:p.Ser88Thr","Likely benign","null","missense_variant","3/5","null","88","MODERATE","11.41","null","0.00175849","gnomad_AF_nfe_pass"","8.682741548063198","0.0629607558420677","94.52","0.8"
"11:85365294:A>G","NM_032273.4:c.274A>G","NP_115649.1:p.Asn92Asp","Unknown significance","null","missense_variant","3/5","null","92","MODERATE","22.4","null","0.00980008","gnomad_AF_sas_pass"","26.70382905810883","0.16707949233204977","88.75","0.4"
"11:85365300:G>A","NM_032273.4:c.280G>A","NP_115649.1:p.Gly94Ser","Unknown significance","null","missense_variant&splice_region_variant","3/5","null","94","MODERATE","34","null","0","null"","49.77267818705761","0.5220206411089828","87.39","0.2"
"11:85366642:T>G","NM_032273.4:c.285T>G","NP_115649.1:p.Asp95Glu","Likely benign","null","missense_variant","4/5","null","95","MODERATE","11.00","null","0.00326669","gnomad_AF_sas_pass"","90.09213420854634","0.5631467952996224","89.69","0.1"
"11:85366652:G>A","NM_032273.4:c.295G>A","NP_115649.1:p.Glu99Lys","Unknown significance","null","missense_variant","4/5","null","99","MODERATE","25.1","null","0.00263889","gnomad_AF_nfe_pass"","57.75213790252593","0.2957540755964802","95.28","0.3"
"11:85366655:A>G","NM_032273.4:c.298A>G","NP_115649.1:p.Thr100Ala","Unknown significance","null","missense_variant","4/5","null","100","MODERATE","21.9","null","0.000879647","gnomad_AF_nfe_pass"","111.91133377904546","0.711281606506401","97.26","0.2"
"11:85366656:C>A","NM_032273.4:c.299C>A","NP_115649.1:p.Thr100Asn","Unknown significance","null","missense_variant","4/5","null","100","MODERATE","22.9","null","0.000879678","gnomad_AF_nfe_pass"","111.91133377904546","0.711281606506401","97.26","0.3"
"11:85366656:C>T","NM_032273.4:c.299C>T","NP_115649.1:p.Thr100Ile","Unknown significance","null","missense_variant","4/5","null","100","MODERATE","17.11","null","0.00326669","gnomad_AF_sas_pass"","111.91133377904546","0.711281606506401","97.26","0.4"
"11:85366661:A>G","NM_032273.4:c.304A>G","NP_115649.1:p.Thr102Ala","Likely benign","null","missense_variant","4/5","null","102","MODERATE","5.764","null","0","null"","0.0","0.0","97.14","0.1"
"11:85366668:C>G","NM_032273.4:c.311C>G","NP_115649.1:p.Thr104Arg","Unknown significance","null","missense_variant","4/5","null","104","MODERATE","16.13","null","0.000879724","gnomad_AF_nfe_pass"","89.36669985667862","0.567993318422372","98.11","0.3"
"11:85366670:C>T","NM_032273.4:c.313C>T","NP_115649.1:p.Arg105Trp","Unknown significance","null","missense_variant","4/5","null","105","MODERATE","24.4","null","0.00929483","gnomad_AF_nfe_pass"","62.90492444516741","0.233477921603314","97.61","0.0"
"11:85366671:G>A","NM_032273.4:c.314G>A","NP_115649.1:p.Arg105Gln","Benign","null","missense_variant","4/5","null","105","MODERATE","25.7","null","0.506337","gnomad_AF_sas_pass"","62.90492444516741","0.233477921603314","97.61","0.8"
"11:85366674:G>A","NM_032273.4:c.317G>A","NP_115649.1:p.Ser106Asn","Unknown significance","null","missense_variant","4/5","null","106","MODERATE","20.9","null","0.00543656","gnomad_AF_eas_pass"","0.0","0.0","98.16","0.5"
"11:85366677:G>A","NM_032273.4:c.320G>A","NP_115649.1:p.Gly107Glu","Unknown significance","null","missense_variant","4/5","null","107","MODERATE","20.6","null","0.00615385","gnomad_AF_afr_pass"","14.405432384061099","0.1510855618481685","98.35","0.2"
"11:85366685:G>A","NM_032273.4:c.328G>A","NP_115649.1:p.Gly110Ser","Unknown significance","null","missense_variant","4/5","null","110","MODERATE","25.2","null","0.0123077","gnomad_AF_afr_pass"","0.0","0.0","98.24","0.0"
"11:85366686:G>A","NM_032273.4:c.329G>A","NP_115649.1:p.Gly110Asp","Unknown significance","null","missense_variant","4/5","null","110","MODERATE","24.5","null","0.000879585","gnomad_AF_nfe_pass"","0.0","0.0","98.24","1.0"
"11:85366686:G>C","NM_032273.4:c.329G>C","NP_115649.1:p.Gly110Ala","Unknown significance","null","missense_variant","4/5","null","110","MODERATE","23.9","null","0.00400577","gnomad_AF_afr_pass"","0.0","0.0","98.24","1.2"
"11:85366695:T>C","NM_032273.4:c.338T>C","NP_115649.1:p.Ile113Thr","Unknown significance","null","missense_variant","4/5","null","113","MODERATE","15.46","null","0.0240327","gnomad_AF_afr_pass"","46.25720488039759","0.23581518517452393","98.13","1.4"
"11:85366697:G>A","NM_032273.4:c.340G>A","NP_115649.1:p.Gly114Ser","Unknown significance","null","missense_variant","4/5","null","114","MODERATE","26.6","null","0.00543656","gnomad_AF_eas_pass"","0.0","0.0","97.59","0.8"
"11:85366701:G>T","NM_032273.4:c.344G>T","NP_115649.1:p.Gly115Val","Unknown significance","null","missense_variant","4/5","null","115","MODERATE","25.7","null","0.00289184","gnomad_AF_amr_pass"","0.0","0.0","97.32","3.5"
"11:85366707:A>C","NM_032273.4:c.350A>C","NP_115649.1:p.Tyr117Ser","Unknown significance","null","missense_variant","4/5","null","117","MODERATE","25.5","null","0.0112918","gnomad_AF_amr_pass"","68.97805732145996","0.2875143295269608","97.56","3.3"
"11:85366709:C>T","NM_032273.4:c.352C>T","NP_115649.1:p.Pro118Ser","Unknown significance","null","missense_variant","4/5","null","118","MODERATE","25.4","null","0.00615309","gnomad_AF_afr_pass"","0.0","0.0","97.24","2.6"
"11:85366721:G>C","NM_032273.4:c.364G>C","NP_115649.1:p.Ala122Pro","Unknown significance","null","missense_variant","4/5","null","122","MODERATE","26.7","null","0.000879802","gnomad_AF_nfe_pass"","0.0","0.0","95.76","2.2"
"11:85366724:A>G","NM_032273.4:c.367A>G","NP_115649.1:p.Ile123Val","Unknown significance","null","missense_variant","4/5","null","123","MODERATE","13.62","null","0.0100703","gnomad_AF_nfe_pass"","32.163419955249836","0.16396630216209526","94.81","0.4"
"11:85366724:A>T","NM_032273.4:c.367A>T","NP_115649.1:p.Ile123Leu","Likely benign","null","missense_variant","4/5","null","123","MODERATE","11.39","null","0.000879786","gnomad_AF_nfe_pass"","32.163419955249836","0.16396630216209526","94.81","0.0"
"11:85366725:T>A","NM_032273.4:c.368T>A","NP_115649.1:p.Ile123Lys","Unknown significance","null","missense_variant","4/5","null","123","MODERATE","25.4","null","0.000879755","gnomad_AF_nfe_pass"","32.163419955249836","0.16396630216209526","94.81","3.1"
"11:85366725:T>C","NM_032273.4:c.368T>C","NP_115649.1:p.Ile123Thr","Unknown significance","Optic atrophy 7","missense_variant","4/5","null","123","MODERATE","24.9","null","0","null"","32.163419955249836","0.16396630216209526","94.81","2.0"
"11:85366727:C>T","NM_032273.4:c.370C>T","NP_115649.1:p.Pro124Ser","Unknown significance","null","missense_variant","4/5","null","124","MODERATE","26.1","null","0","gnomad_AF_afr_pass,gnomad_AF_sas_pass,gnomad_AF_amr_pass,gnomad_AF_eas_pass,gnomad_AF_nfe_pass"","98.22686698956693","0.6244551703718894","93.43","0.3"
"11:85366734:A>C","NM_032273.4:c.377A>C","NP_115649.1:p.Asn126Thr","Unknown significance","null","missense_variant","4/5","null","126","MODERATE","26.2","null","0.00326691","gnomad_AF_sas_pass"","0.0","0.0","93.95","0.3"
"11:85366739:G>A","NM_032273.4:c.382G>A","NP_115649.1:p.Gly128Ser","Likely benign","null","missense_variant","4/5","null","128","MODERATE","17.23","null","0.00543715","gnomad_AF_eas_pass"","41.506718318477915","0.43532645813252563","92.91","0.3"
"11:85366739:G>C","NM_032273.4:c.382G>C","NP_115649.1:p.Gly128Arg","Unknown significance","null","missense_variant","4/5","null","128","MODERATE","23.2","null","0.00543715","gnomad_AF_eas_pass"","41.506718318477915","0.43532645813252563","92.91","0.6"
"11:85366742:C>G","NM_032273.4:c.385C>G","NP_115649.1:p.Leu129Val","Unknown significance","Optic atrophy 7","missense_variant","4/5","null","129","MODERATE","23.7","null","0.267904","gnomad_AF_sas_pass"","18.33591437502675","0.09507802659608006","93.06","1.0"
"11:85366746:C>T","NM_032273.4:c.389C>T","NP_115649.1:p.Ala130Val","Unknown significance","null","missense_variant","4/5","null","130","MODERATE","30","null","0.00543656","gnomad_AF_eas_pass"","0.0","0.0","93.26","0.2"
"11:85366752:G>C","NM_032273.4:c.395G>C","NP_115649.1:p.Arg132Thr","Unknown significance","null","missense_variant&splice_region_variant","4/5","null","132","MODERATE","35","null","0.000880158","gnomad_AF_nfe_pass"","186.08100575101884","0.6906582728745312","93.08","0.3"
"11:85367358:A>C","NM_032273.4:c.401A>C","NP_115649.1:p.Gln134Pro","Likely benign","null","missense_variant","5/5","null","134","MODERATE","10.47","null","0.0108743","gnomad_AF_eas_pass"","167.5306892173848","0.8471769861770332","90.71","0.2"
"11:85367358:A>G","NM_032273.4:c.401A>G","NP_115649.1:p.Gln134Arg","Likely benign","null","missense_variant","5/5","null","134","MODERATE","8.691","null","0.00289939","gnomad_AF_amr_pass"","167.5306892173848","0.8471769861770332","90.71","0.0"
"11:85367363:G>A","NM_032273.4:c.406G>A","NP_115649.1:p.Ala136Thr","Likely benign","null","missense_variant","5/5","null","136","MODERATE","10.45","null","0.00088372","gnomad_AF_nfe_pass"","23.143375049049396","0.1820038521077274","87.07","0.0"
"11:85367364:C>T","NM_032273.4:c.407C>T","NP_115649.1:p.Ala136Val","Likely benign","null","missense_variant","5/5","null","136","MODERATE","17.66","null","0.0434972","gnomad_AF_eas_pass"","23.143375049049396","0.1820038521077274","87.07","0.8"
"11:85367366:C>G","NM_032273.4:c.409C>G","NP_115649.1:p.Leu137Val","Likely benign","null","missense_variant","5/5","null","137","MODERATE","10.02","null","0.00289805","gnomad_AF_amr_pass"","194.00399015186","1.0059774581259346","84.52","0.0"
"11:85367378:A>G","NM_032273.4:c.421A>G","NP_115649.1:p.Lys141Glu","Unknown significance","null","missense_variant","5/5","null","141","MODERATE","24.4","null","0.000882457","gnomad_AF_nfe_pass"","191.86117119729616","0.8105164017351018","81.52","0.0"
"11:85367379:A>G","NM_032273.4:c.422A>G","NP_115649.1:p.Lys141Arg","Likely benign","null","missense_variant","5/5","null","141","MODERATE","15.63","null","0.00326947","gnomad_AF_sas_pass"","191.86117119729616","0.8105164017351018","81.52","0.3"
"11:85367381:G>C","NM_032273.4:c.424G>C","NP_115649.1:p.Gly142Arg","Unknown significance","null","missense_variant","5/5","null","142","MODERATE","24.0","null","0.00543715","gnomad_AF_eas_pass"","72.65584846135734","0.7620215342154774","83.2","0.2"
"11:85367388:T>C","NM_032273.4:c.431T>C","NP_115649.1:p.Ile144Thr","Unknown significance","null","missense_variant","5/5","null","144","MODERATE","23.3","null","0.0302833","gnomad_AF_nfe_pass"","91.9733889539964","0.468872293589581","90.63","1.1"
"11:85367390:T>A","NM_032273.4:c.433T>A","NP_115649.1:p.Leu145Ile","Likely benign","null","missense_variant","5/5","null","145","MODERATE","16.57","null","0.000882021","gnomad_AF_nfe_pass"","152.94579139600424","0.7930765668230597","90.75","0.2"
"11:85367390:T>G","NM_032273.4:c.433T>G","NP_115649.1:p.Leu145Val","Unknown significance","null","missense_variant","5/5","null","145","MODERATE","16.29","null","0","null"","152.94579139600424","0.7930765668230597","90.75","0.3"
"11:85367394:G>A","NM_032273.4:c.437G>A","NP_115649.1:p.Ser146Asn","Likely benign","null","missense_variant","5/5","null","146","MODERATE","0.013","null","0.00264583","gnomad_AF_nfe_pass"","59.48087654023481","0.43131088543770607","92.84","0.0"
"11:85367406:G>A","NM_032273.4:c.449G>A","NP_115649.1:p.Arg150Lys","Likely benign","null","missense_variant","5/5","null","150","MODERATE","14.59","null","0.0032699","gnomad_AF_sas_pass"","216.9911690280469","0.8053844368750988","94.53","0.2"
"11:85367406:G>C","NM_032273.4:c.449G>C","NP_115649.1:p.Arg150Thr","Unknown significance","null","missense_variant","5/5","null","150","MODERATE","11.96","null","0.0114863","gnomad_AF_afr_pass"","216.9911690280469","0.8053844368750988","94.53","0.1"
"11:85367408:A>G","NM_032273.4:c.451A>G","NP_115649.1:p.Thr151Ala","Likely benign","null","missense_variant","5/5","null","151","MODERATE","9.211","null","0.00289754","gnomad_AF_amr_pass"","9.11903099148584","0.05795837467375622","93.07","0.3"
"11:85367409:C>A","NM_032273.4:c.452C>A","NP_115649.1:p.Thr151Asn","Unknown significance","null","missense_variant","5/5","null","151","MODERATE","16.16","null","0.00327033","gnomad_AF_sas_pass"","9.11903099148584","0.05795837467375622","93.07","0.9"
"11:85367412:C>T","NM_032273.4:c.455C>T","NP_115649.1:p.Ser152Phe","Unknown significance","null","missense_variant","5/5","null","152","MODERATE","25.7","null","0.000881834","gnomad_AF_nfe_pass"","5.536036953830156","0.04014320466103406","94.97","1.2"
"11:85367417:C>A","NM_032273.4:c.460C>A","NP_115649.1:p.Pro154Thr","Unknown significance","null","missense_variant","5/5","null","154","MODERATE","25.1","null","0.00088171","gnomad_AF_nfe_pass"","46.66506019549023","0.2966626037037751","96.35","0.7"
"11:85367418:C>T","NM_032273.4:c.461C>T","NP_115649.1:p.Pro154Leu","Unknown significance","null","missense_variant","5/5","null","154","MODERATE","27.3","null","0.0388151","gnomad_AF_nfe_pass"","46.66506019549023","0.2966626037037751","96.35","0.3"
"11:85367420:G>A","NM_032273.4:c.463G>A","NP_115649.1:p.Val155Ile","Likely benign","null","missense_variant","5/5","null","155","MODERATE","10.85","null","0.000881819","gnomad_AF_nfe_pass"","0.0","0.0","96.5","0.2"
"11:85367432:A>T","NM_032273.4:c.475A>T","NP_115649.1:p.Met159Leu","Unknown significance","null","missense_variant","5/5","null","159","MODERATE","25.9","null","0","gnomad_AF_afr_pass,gnomad_AF_sas_pass,gnomad_AF_amr_pass,gnomad_AF_eas_pass,gnomad_AF_nfe_pass"","0.0","0.0","97.36","0.5"
"11:85367434:G>A","NM_032273.4:c.477G>A","NP_115649.1:p.Met159Ile","Unknown significance","null","missense_variant","5/5","null","159","MODERATE","26.8","null","0.00326947","gnomad_AF_sas_pass"","0.0","0.0","97.36","0.1"
"11:85367435:T>A","NM_032273.4:c.478T>A","NP_115649.1:p.Leu160Ile","Likely benign","null","missense_variant","5/5","null","160","MODERATE","13.47","null","0","null"","107.27132048284211","0.5562387156298776","97.79","0.1"
"11:85367438:T>C","NM_032273.4:c.481T>C","NP_115649.1:p.Phe161Leu","Unknown significance","null","missense_variant","5/5","null","161","MODERATE","24.1","null","0.0032699","gnomad_AF_sas_pass"","164.52723142855658","0.7161129893606991","96.41","0.1"
"11:85367439:T>C","NM_032273.4:c.482T>C","NP_115649.1:p.Phe161Ser","Unknown significance","null","missense_variant","5/5","null","161","MODERATE","27.1","null","0","null"","164.52723142855658","0.7161129893606991","96.41","1.1"
"11:85367444:A>G","NM_032273.4:c.487A>G","NP_115649.1:p.Ile163Val","Unknown significance","Optic atrophy 7","missense_variant","5/5","null","163","MODERATE","4.098","null","0","null"","4.294503334234326","0.021893002433102778","98.05","0.6"
"11:85367445:T>A","NM_032273.4:c.488T>A","NP_115649.1:p.Ile163Asn","Unknown significance","null","missense_variant","5/5","null","163","MODERATE","22.9","null","0.00543774","gnomad_AF_eas_pass"","4.294503334234326","0.021893002433102778","98.05","4.8"
"11:85367445:T>C","NM_032273.4:c.488T>C","NP_115649.1:p.Ile163Thr","Likely benign","null","missense_variant","5/5","null","163","MODERATE","18.51","null","0.0496948","gnomad_AF_nfe_pass"","4.294503334234326","0.021893002433102778","98.05","3.3"
"11:85367450:C>G","NM_032273.4:c.493C>G","NP_115649.1:p.Leu165Val","Unknown significance","null","missense_variant","5/5","null","165","MODERATE","22.7","null","0.000776518","gnomad_AF_nfe_pass"","94.48093512687345","0.4899161655690423","97.23","0.3"
"11:85367450:C>T","NM_032273.4:c.493C>T","NP_115649.1:p.Leu165Phe","Unknown significance","null","missense_variant","5/5","null","165","MODERATE","24.5","null","0.00289889","gnomad_AF_amr_pass"","94.48093512687345","0.4899161655690423","97.23","0.0"
"11:85367454:A>G","NM_032273.4:c.497A>G","NP_115649.1:p.Gln166Arg","Pathogenic","Optic atrophy and deafness","missense_variant","5/5","null","166","MODERATE","24.9","null","0.0026462","gnomad_AF_nfe_pass"","1.6681412716009842","0.008435534418166742","97.69","0.2"
"11:85367459:A>G","NM_032273.4:c.502A>G","NP_115649.1:p.Met168Val","Unknown significance","Optic atrophy 7","missense_variant","5/5","null","168","MODERATE","0.516","null","0.00981226","gnomad_AF_sas_pass"","127.3753721230719","0.5882487484046182","98.18","0.1"
"11:85367461:G>A","NM_032273.4:c.504G>A","NP_115649.1:p.Met168Ile","Likely benign","null","missense_variant","5/5","null","168","MODERATE","10.85","null","0.000882208","gnomad_AF_nfe_pass"","127.3753721230719","0.5882487484046182","98.18","0.2"
"11:85367474:C>T","NM_032273.4:c.517C>T","NP_115649.1:p.Leu173Phe","Unknown significance","null","missense_variant","5/5","null","173","MODERATE","24.6","null","0.000882177","gnomad_AF_nfe_pass"","10.299672064507025","0.05340734443076679","96.7","0.8"
"11:85367475:T>C","NM_032273.4:c.518T>C","NP_115649.1:p.Leu173Pro","Unknown significance","null","missense_variant","5/5","null","173","MODERATE","27.5","null","0","null"","10.299672064507025","0.05340734443076679","96.7","3.7"
"11:85367478:G>C","NM_032273.4:c.521G>C","NP_115649.1:p.Gly174Ala","Unknown significance","null","missense_variant","5/5","null","174","MODERATE","21.2","null","0.0114837","gnomad_AF_afr_pass"","0.0","0.0","97.16","1.1"
"11:85367487:A>G","NM_032273.4:c.530A>G","NP_115649.1:p.Gln177Arg","Unknown significance","null","missense_variant","5/5","null","177","MODERATE","25.5","null","0.00327033","gnomad_AF_sas_pass"","0.0","0.0","95.67","0.1"
"11:85367493:A>T","NM_032273.4:c.536A>T","NP_115649.1:p.Lys179Ile","Unknown significance","null","missense_variant","5/5","null","179","MODERATE","24.0","null","0.00326968","gnomad_AF_sas_pass"","111.63221928492231","0.47158966104442385","94.97","0.5"
"11:85367502:T>C","NM_032273.4:c.545T>C","NP_115649.1:p.Ile182Thr","Unknown significance","null","missense_variant","5/5","null","182","MODERATE","23.4","null","0.0163527","gnomad_AF_sas_pass"","55.418217899468274","0.2825172283927438","91.93","1.1"
"11:85367519:T>A","NM_032273.4:c.562T>A","NP_115649.1:p.Ser188Thr","Benign","null","missense_variant","5/5","null","188","MODERATE","18.89","null","0.789368","gnomad_AF_afr_pass"","75.37765110272369","0.5465824199369119","73.29","0.2"
"11:85367520:C>A","NM_032273.4:c.563C>A","NP_115649.1:p.Ser188Tyr","Unknown significance","Optic atrophy 7","missense_variant","5/5","null","188","MODERATE","25.4","null","0","null"","75.37765110272369","0.5465824199369119","73.29","0.5"
"11:85367525:C>T","NM_032273.4:c.568C>T","NP_115649.1:p.Pro190Ser","Unknown significance","null","missense_variant","5/5","null","190","MODERATE","20.8","null","0.000885645","gnomad_AF_nfe_pass"","46.56646688011093","0.2960358189203487","61.11","0.2"
"11:85367529:G>C","NM_032273.4:c.572G>C","NP_115649.1:p.Gly191Ala","Unknown significance","null","missense_variant","5/5","null","191","MODERATE","17.17","null","0.00808669","gnomad_AF_afr_pass"","74.58829841239087","0.7822892553647858","61.14","0.0"