{"applied_filters": "CONTAINS missense_variant[Consequence]"},,"Surface Area","Normalized SA","Confidence Score","|ddG|""Genomic Description (GRCh37)","HGVS Nucleotide Change","HGVS Protein Change","Variant Classification","Phenotype","Consequence","Exon","Intron","Protein Position","Impact","CADD Phred","Interpro Domain","Max MAF (%)","Max MAF Source","Surface Area","Normalized SA","Confidence Score","|ddG|"
"21:35821550:G>A","NM_000219.6:c.383C>T","NP_000210.2:p.Ser128Phe","Unknown significance","null","missense_variant","4/4","null","128","MODERATE","19.00","null","0","gnomad_AF_afr_pass,gnomad_AF_amr_pass,gnomad_AF_eas_pass,gnomad_AF_nfe_pass,gnomad_AF_sas_pass"","117.14424913233678","0.8494425898889746","59.51","0.1"
"21:35821554:G>T","NM_000219.6:c.379C>A","NP_000210.2:p.Pro127Thr","Pathogenic","Long QT syndrome","missense_variant","4/4","null","127","MODERATE","13.40","null","0","null"","126.4733687111867","0.804025939404535","59.92","0.0"
"21:35821559:G>A","NM_000219.6:c.374C>T","NP_000210.2:p.Thr125Met","Unknown significance","null","missense_variant","4/4","null","125","MODERATE","0.002","null","0.0766685","gnomad_AF_afr_pass"","147.4869449040547","0.9373916614844214","58.91","0.0"
"21:35821574:G>A","NM_000219.6:c.359C>T","NP_000210.2:p.Thr120Ile","Unknown significance","Long QT syndrome","missense_variant","4/4","null","120","MODERATE","12.59","null","0","null"","97.20321634064032","0.6178003383720337","58.6","0.0"
"21:35821580:G>T","NM_000219.6:c.353C>A","NP_000210.2:p.Pro118His","Unknown significance","null","missense_variant","4/4","null","118","MODERATE","23.4","null","0.00289335","gnomad_AF_amr_pass"","133.82874124996724","0.8507860627050244","62.01","0.5"
"21:35821582:T>A","NM_000219.6:c.351A>T","NP_000210.2:p.Gln117His","Likely benign","null","missense_variant","4/4","null","117","MODERATE","3.323","null","0.00176339","gnomad_AF_nfe_pass"","146.5820599499065","0.7412429827400042","58.6","0.1"
"21:35821586:T>G","NM_000219.6:c.347A>C","NP_000210.2:p.Glu116Ala","Unknown significance","Long QT syndrome 5; Jervell and Lange-Nielsen syndrome 2","missense_variant","4/4","null","116","MODERATE","23.6","null","0","null"","156.95872659468313","0.8038002535795449","61.72","0.0"
"21:35821593:C>T","NM_000219.6:c.340G>A","NP_000210.2:p.Ala114Thr","Unknown significance","null","missense_variant","4/4","null","114","MODERATE","16.21","null","0.00176224","gnomad_AF_nfe_pass"","68.54001032310849","0.5390115260142895","62.11","0.5"
"21:35821596:G>T","NM_000219.6:c.337C>A","NP_000210.2:p.Leu113Met","Likely benign","null","missense_variant","4/4","null","113","MODERATE","16.74","null","0","null"","210.23885744990395","1.0901608325231007","64.68","0.1"
"21:35821598:T>C","NM_000219.6:c.335A>G","NP_000210.2:p.His112Arg","Unknown significance","Long QT syndrome 5","missense_variant","4/4","null","112","MODERATE","12.56","null","0.000880638","gnomad_AF_nfe_pass"","126.7086832086746","0.6168804870786007","68.4","0.1"
"21:35821608:C>T","NM_000219.6:c.325G>A","NP_000210.2:p.Val109Ile","Pathogenic","Long QT syndrome","missense_variant","4/4","null","109","MODERATE","0.007","null","0.0722022","gnomad_AF_afr_pass"","122.91402577899483","0.7150649659195808","72.26","0.1"
"21:35821611:C>T","NM_000219.6:c.322G>A","NP_000210.2:p.Val108Ile","Likely benign","null","missense_variant","4/4","null","108","MODERATE","12.88","null","0.000880003","gnomad_AF_nfe_pass"","117.86197193620313","0.6856741239385747","75.96","0.1"
"21:35821614:A>G","NM_000219.6:c.319T>C","NP_000210.2:p.Tyr107His","Unknown significance","null","missense_variant","4/4","null","107","MODERATE","16.49","null","0.00615991","gnomad_AF_afr_pass"","121.13960461060721","0.5049340841314763","79.11","0.7"
"21:35821619:G>A","NM_000219.6:c.314C>T","NP_000210.2:p.Ser105Leu","Unknown significance","Long QT syndrome","missense_variant","4/4","null","105","MODERATE","11.40","null","0.0685961","gnomad_AF_sas_pass"","103.0918787586938","0.7475452968278219","78.93","0.4"
"21:35821619:G>C","NM_000219.6:c.314C>G","NP_000210.2:p.Ser105Trp","Unknown significance","null","missense_variant","4/4","null","105","MODERATE","21.1","null","0.000879724","gnomad_AF_nfe_pass"","103.0918787586938","0.7475452968278219","78.93","0.3"
"21:35821620:A>G","NM_000219.6:c.313T>C","NP_000210.2:p.Ser105Pro","Likely benign","null","missense_variant","4/4","null","105","MODERATE","9.893","null","0.00649013","gnomad_AF_nfe_pass"","103.0918787586938","0.7475452968278219","78.93","0.1"
"21:35821625:T>C","NM_000219.6:c.308A>G","NP_000210.2:p.Tyr103Cys","Likely benign","null","missense_variant","4/4","null","103","MODERATE","4.700","null","0.0231281","gnomad_AF_amr_pass"","149.86953607922862","0.6246861807302645","81.59","0.8"
"21:35821638:C>G","NM_000219.6:c.295G>C","NP_000210.2:p.Val99Leu","Likely pathogenic","Long QT syndrome","missense_variant","4/4","null","99","MODERATE","5.599","null","0","null"","107.91523172383609","0.6278079414106679","82.47","0.1"
"21:35821638:C>T","NM_000219.6:c.295G>A","NP_000210.2:p.Val99Ile","Likely benign","null","missense_variant","4/4","null","99","MODERATE","4.389","null","0","null"","107.91523172383609","0.6278079414106679","82.47","0.0"
"21:35821640:C>T","NM_000219.6:c.293G>A","NP_000210.2:p.Arg98Gln","Likely pathogenic","Long QT syndrome","missense_variant","4/4","null","98","MODERATE","24.0","null","0.0163185","gnomad_AF_eas_pass"","129.9810130984098","0.48243753654871885","84.13","0.3"
"21:35821641:G>A","NM_000219.6:c.292C>T","NP_000210.2:p.Arg98Trp","Pathogenic","Long QT syndrome","missense_variant","4/4","null","98","MODERATE","24.9","null","0.00801603","gnomad_AF_afr_pass"","129.9810130984098","0.48243753654871885","84.13","0.2"
"21:35821641:G>C","NM_000219.6:c.292C>G","NP_000210.2:p.Arg98Gly","Unknown significance","Long QT syndrome","missense_variant","4/4","null","98","MODERATE","23.7","null","0","null"","129.9810130984098","0.48243753654871885","84.13","1.3"
"21:35821644:C>A","NM_000219.6:c.289G>T","NP_000210.2:p.Ala97Ser","Likely benign","null","missense_variant","4/4","null","97","MODERATE","11.42","null","0","null"","56.978848451378624","0.4480923756727213","80.74","0.6"
"21:35821644:C>T","NM_000219.6:c.289G>A","NP_000210.2:p.Ala97Thr","Likely benign","null","missense_variant","4/4","null","97","MODERATE","15.79","null","0","null"","56.978848451378624","0.4480923756727213","80.74","0.4"
"21:35821646:T>C","NM_000219.6:c.287A>G","NP_000210.2:p.Gln96Arg","Likely pathogenic","Ventricular fibrillation, idiopathic","missense_variant","4/4","null","96","MODERATE","21.4","null","0.00801539","gnomad_AF_afr_pass"","124.91150860772792","0.6316583301571007","81.07","0.2"
"21:35821650:C>T","NM_000219.6:c.283G>A","NP_000210.2:p.Val95Ile","Likely benign","null","missense_variant","4/4","null","95","MODERATE","1.437","null","0.000879152","gnomad_AF_nfe_pass"","99.78793300271413","0.5805265465803761","75.98","0.2"
"21:35821655:G>T","NM_000219.6:c.278C>A","NP_000210.2:p.Ala93Asp","Unknown significance","null","missense_variant","4/4","null","93","MODERATE","15.85","null","0.00289101","gnomad_AF_amr_pass"","44.91567085348776","0.35322527928671","74.96","0.5"
"21:35821656:C>T","NM_000219.6:c.277G>A","NP_000210.2:p.Ala93Thr","Pathogenic","Long QT syndrome","missense_variant","4/4","null","93","MODERATE","18.43","null","0.00232256","gnomad_AF_nfe_pass"","44.91567085348776","0.35322527928671","74.96","0.2"
"21:35821660:G>C","NM_000219.6:c.273C>G","NP_000210.2:p.Asp91Glu","Unknown significance","Hypertrophic cardiomyopathy","missense_variant","4/4","null","91","MODERATE","18.42","null","0.000879183","gnomad_AF_nfe_pass"","79.99741838661146","0.5000468708220452","69.76","0.1"
"21:35821660:G>T","NM_000219.6:c.273C>A","NP_000210.2:p.Asp91Glu","Likely pathogenic","Long QT syndrome","missense_variant","4/4","null","91","MODERATE","18.58","null","0.00615385","gnomad_AF_afr_pass"","79.99741838661146","0.5000468708220452","69.76","0.1"
"21:35821662:C>T","NM_000219.6:c.271G>A","NP_000210.2:p.Asp91Asn","Unknown significance","null","missense_variant","4/4","null","91","MODERATE","24.6","null","0.00543774","gnomad_AF_eas_pass"","79.99741838661146","0.5000468708220452","69.76","0.2"
"21:35821668:C>T","NM_000219.6:c.265G>A","NP_000210.2:p.Glu89Lys","Likely benign","null","missense_variant","4/4","null","89","MODERATE","10.58","null","0.00326627","gnomad_AF_sas_pass"","112.04525526808985","0.5737941849480208","62.12","0.3"
"21:35821671:G>T","NM_000219.6:c.262C>A","NP_000210.2:p.Gln88Lys","Unknown significance","null","missense_variant","4/4","null","88","MODERATE","15.94","null","0.00400673","gnomad_AF_afr_pass"","59.11174252252183","0.29891901067106796","59.51","0.6"
"21:35821674:A>G","NM_000219.6:c.259T>C","NP_000210.2:p.Trp87Arg","Pathogenic","Long QT syndrome","missense_variant","4/4","null","87","MODERATE","24.5","null","0","null"","167.42161235977682","0.6382143389156034","52.09","1.4"
"21:35821680:C>T","NM_000219.6:c.253G>A","NP_000210.2:p.Asp85Asn","Benign","null","missense_variant","4/4","null","85","MODERATE","17.30","null","1.22346","gnomad_AF_nfe_pass"","94.38012245689794","0.5899500990680947","56.46","0.2"
"21:35821686:C>T","NM_000219.6:c.247G>A","NP_000210.2:p.Glu83Lys","Pathogenic","Long QT syndrome","missense_variant","4/4","null","83","MODERATE","18.43","null","0.0150421","gnomad_AF_eas_pass"","129.51335732386627","0.6632499620596968","54.34","0.0"
"21:35821687:G>C","NM_000219.6:c.246C>G","NP_000210.2:p.Ile82Met","Unknown significance","null","missense_variant","4/4","null","82","MODERATE","22.3","null","0.000879368","gnomad_AF_nfe_pass"","82.50021034896007","0.4205788575137525","55.44","0.8"
"21:35821689:T>A","NM_000219.6:c.244A>T","NP_000210.2:p.Ile82Phe","Pathogenic","Long QT syndrome","missense_variant","4/4","null","82","MODERATE","24.4","null","0","null"","82.50021034896007","0.4205788575137525","55.44","0.9"
"21:35821689:T>C","NM_000219.6:c.244A>G","NP_000210.2:p.Ile82Val","Likely pathogenic","Long QT syndrome","missense_variant","4/4","null","82","MODERATE","23.5","null","0","null"","82.50021034896007","0.4205788575137525","55.44","0.7"
"21:35821691:T>A","NM_000219.6:c.242A>T","NP_000210.2:p.Tyr81Phe","Unknown significance","null","missense_variant","4/4","null","81","MODERATE","24.0","null","0","null"","204.77146373259606","0.8535283884113543","54.57","0.2"
"21:35821691:T>C","NM_000219.6:c.242A>G","NP_000210.2:p.Tyr81Cys","Pathogenic","Long QT syndrome","missense_variant","4/4","null","81","MODERATE","24.7","null","0.0108767","gnomad_AF_eas_pass"","204.77146373259606","0.8535283884113543","54.57","0.7"
"21:35821695:C>G","NM_000219.6:c.238G>C","NP_000210.2:p.Val80Leu","Likely benign","null","missense_variant","4/4","null","80","MODERATE","14.85","null","0.0163132","gnomad_AF_eas_pass"","160.6156265236447","0.934397899494309","55.73","0.0"
"21:35821695:C>T","NM_000219.6:c.238G>A","NP_000210.2:p.Val80Ile","Likely pathogenic","Long QT syndrome","missense_variant","4/4","null","80","MODERATE","13.67","null","0.0280426","gnomad_AF_afr_pass"","160.6156265236447","0.934397899494309","55.73","0.0"
"21:35821697:T>C","NM_000219.6:c.236A>G","NP_000210.2:p.Asn79Ser","Unknown significance","null","missense_variant","4/4","null","79","MODERATE","22.4","null","0.00501253","gnomad_AF_eas_pass"","46.94811953569064","0.2937431916935398","52.28","0.5"
"21:35821698:T>C","NM_000219.6:c.235A>G","NP_000210.2:p.Asn79Asp","Unknown significance","null","missense_variant","4/4","null","79","MODERATE","21.9","null","0.00543774","gnomad_AF_eas_pass"","46.94811953569064","0.2937431916935398","52.28","0.6"
"21:35821707:C>T","NM_000219.6:c.226G>A","NP_000210.2:p.Asp76Asn","Pathogenic","Jervell and Lange-Nielsen syndrome","missense_variant","4/4","null","76","MODERATE","23.9","null","0.0108441","gnomad_AF_nfe_pass"","46.00519712854479","0.2875687157115846","54.31","0.4"
"21:35821710:T>G","NM_000219.6:c.223A>C","NP_000210.2:p.Asn75His","Likely benign","null","missense_variant","4/4","null","75","MODERATE","4.769","null","0.117925","gnomad_AF_amr_pass"","139.19518143741664","0.8709110666872345","52.8","0.2"
"21:35821712:G>A","NM_000219.6:c.221C>T","NP_000210.2:p.Ser74Leu","Pathogenic","Long QT syndrome","missense_variant","4/4","null","74","MODERATE","25.0","null","0.00501203","gnomad_AF_eas_pass"","85.24744160991496","0.6181507681246154","56.42","0.4"
"21:35821712:G>C","NM_000219.6:c.221C>G","NP_000210.2:p.Ser74Trp","Unknown significance","Long QT syndrome","missense_variant","4/4","null","74","MODERATE","25.4","null","0","null"","85.24744160991496","0.6181507681246154","56.42","0.1"
"21:35821713:A>C","NM_000219.6:c.220T>G","NP_000210.2:p.Ser74Ala","Unknown significance","null","missense_variant","4/4","null","74","MODERATE","23.9","null","0","null"","85.24744160991496","0.6181507681246154","56.42","0.4"
"21:35821713:A>G","NM_000219.6:c.220T>C","NP_000210.2:p.Ser74Pro","Unknown significance","null","missense_variant","4/4","null","74","MODERATE","22.0","null","0.0144542","gnomad_AF_amr_pass"","85.24744160991496","0.6181507681246154","56.42","0.4"
"21:35821715:T>C","NM_000219.6:c.218A>G","NP_000210.2:p.His73Arg","Unknown significance","null","missense_variant","4/4","null","73","MODERATE","23.7","null","0.0123077","gnomad_AF_afr_pass"","114.92432872355191","0.5595084258228042","53.71","0.1"
"21:35821716:G>A","NM_000219.6:c.217C>T","NP_000210.2:p.His73Tyr","Likely pathogenic","Long QT syndrome","missense_variant","4/4","null","73","MODERATE","24.0","null","0","null"","114.92432872355191","0.5595084258228042","53.71","0.0"
"21:35821723:C>G","NM_000219.6:c.210G>C","NP_000210.2:p.Lys70Asn","Pathogenic","Long QT syndrome","missense_variant","4/4","null","70","MODERATE","22.5","null","0","gnomad_AF_afr_pass,gnomad_AF_amr_pass,gnomad_AF_eas_pass,gnomad_AF_nfe_pass,gnomad_AF_sas_pass"","84.34415062109944","0.3563113736990488","58.23","0.1"
"21:35821724:T>A","NM_000219.6:c.209A>T","NP_000210.2:p.Lys70Met","Pathogenic","Long QT syndrome","missense_variant","4/4","null","70","MODERATE","26.1","null","0","gnomad_AF_afr_pass,gnomad_AF_amr_pass,gnomad_AF_eas_pass,gnomad_AF_nfe_pass,gnomad_AF_sas_pass"","84.34415062109944","0.3563113736990488","58.23","0.0"
"21:35821725:T>G","NM_000219.6:c.208A>C","NP_000210.2:p.Lys70Gln","Unknown significance","Long QT syndrome","missense_variant","4/4","null","70","MODERATE","26.1","null","0","null"","84.34415062109944","0.3563113736990488","58.23","0.2"
"21:35821727:T>C","NM_000219.6:c.206A>G","NP_000210.2:p.Lys69Arg","Unknown significance","Long QT syndrome","missense_variant","4/4","null","69","MODERATE","19.94","null","0.0640974","gnomad_AF_afr_pass"","86.47385128989241","0.3653082817866569","61.06","0.8"
"21:35821728:T>C","NM_000219.6:c.205A>G","NP_000210.2:p.Lys69Glu","Unknown significance","null","missense_variant","4/4","null","69","MODERATE","24.6","null","0.000879662","gnomad_AF_nfe_pass"","86.47385128989241","0.3653082817866569","61.06","0.6"
"21:35821731:A>T","NM_000219.6:c.202T>A","NP_000210.2:p.Ser68Thr","Unknown significance","null","missense_variant","4/4","null","68","MODERATE","24.9","null","0","null"","55.66727913695989","0.4036575257634112","72.18","0.0"
"21:35821733:C>A","NM_000219.6:c.200G>T","NP_000210.2:p.Arg67Leu","Likely pathogenic","Cardiac arrest","missense_variant","4/4","null","67","MODERATE","24.9","null","0.000879662","gnomad_AF_nfe_pass"","171.36026513358232","0.6360207710551549","69.52","0.1"
"21:35821733:C>T","NM_000219.6:c.200G>A","NP_000210.2:p.Arg67His","Pathogenic","Long QT syndrome","missense_variant","4/4","null","67","MODERATE","29.4","null","0.0280494","gnomad_AF_afr_pass"","171.36026513358232","0.6360207710551549","69.52","0.3"
"21:35821734:G>A","NM_000219.6:c.199C>T","NP_000210.2:p.Arg67Cys","Pathogenic","Long QT syndrome","missense_variant","4/4","null","67","MODERATE","32","null","0.00867303","gnomad_AF_amr_pass"","171.36026513358232","0.6360207710551549","69.52","0.7"
"21:35821734:G>C","NM_000219.6:c.199C>G","NP_000210.2:p.Arg67Gly","Unknown significance","Long QT syndrome","missense_variant","4/4","null","67","MODERATE","28.2","null","0","null"","171.36026513358232","0.6360207710551549","69.52","0.8"
"21:35821734:G>T","NM_000219.6:c.199C>A","NP_000210.2:p.Arg67Ser","Unknown significance","null","missense_variant","4/4","null","67","MODERATE","27.9","null","0.00175951","gnomad_AF_nfe_pass"","171.36026513358232","0.6360207710551549","69.52","0.6"
"21:35821740:A>G","NM_000219.6:c.193T>C","NP_000210.2:p.Tyr65His","Unknown significance","null","missense_variant","4/4","null","65","MODERATE","24.3","null","0.00543656","gnomad_AF_eas_pass"","143.8524394926567","0.5996057195232343","79.34","0.8"
"21:35821748:A>T","NM_000219.6:c.185T>A","NP_000210.2:p.Met62Lys","Unknown significance","null","missense_variant","4/4","null","62","MODERATE","26.7","null","0.00615309","gnomad_AF_afr_pass"","118.21879000728525","0.5459615473586323","90.9","1.9"
"21:35821752:T>C","NM_000219.6:c.181A>G","NP_000210.2:p.Ile61Val","Likely pathogenic","Long QT syndrome","missense_variant","4/4","null","61","MODERATE","19.28","null","0.00154895","gnomad_AF_nfe_pass"","125.89432883090976","0.6417982786128996","90.91","0.3"
"21:35821754:C>T","NM_000219.6:c.179G>A","NP_000210.2:p.Gly60Asp","Pathogenic","Atrial fibrillation, early-onset","missense_variant","4/4","null","60","MODERATE","27.0","null","0.0017592","gnomad_AF_nfe_pass"","31.175252616504828","0.3269690511014958","92.53","1.1"
"21:35821757:A>G","NM_000219.6:c.176T>C","NP_000210.2:p.Leu59Pro","Pathogenic","Long QT syndrome","missense_variant","4/4","null","59","MODERATE","27.5","null","0.0023232","gnomad_AF_nfe_pass"","121.96964691009457","0.6324545967899431","92.41","1.5"
"21:35821758:G>C","NM_000219.6:c.175C>G","NP_000210.2:p.Leu59Val","Unknown significance","null","missense_variant","4/4","null","59","MODERATE","19.00","null","0","null"","121.96964691009457","0.6324545967899431","92.41","0.1"
"21:35821760:G>A","NM_000219.6:c.173C>T","NP_000210.2:p.Thr58Ile","Pathogenic","Long QT syndrome","missense_variant","4/4","null","58","MODERATE","26.1","null","0.0225734","gnomad_AF_amr_pass"","72.73697339823119","0.46229876406668735","93.56","1.0"
"21:35821761:T>G","NM_000219.6:c.172A>C","NP_000210.2:p.Thr58Pro","Pathogenic","Long QT syndrome","missense_variant","4/4","null","58","MODERATE","26.1","null","0.00232378","gnomad_AF_nfe_pass"","72.73697339823119","0.46229876406668735","93.56","0.7"
"21:35821770:C>G","NM_000219.6:c.163G>C","NP_000210.2:p.Gly55Arg","Unknown significance","null","missense_variant","4/4","null","55","MODERATE","25.5","null","0.00087943","gnomad_AF_nfe_pass"","21.463346994660466","0.2251096498442126","95.08","0.1"
"21:35821770:C>T","NM_000219.6:c.163G>A","NP_000210.2:p.Gly55Ser","Likely benign","null","missense_variant","4/4","null","55","MODERATE","23.4","null","0.0522603","gnomad_AF_sas_pass"","21.463346994660466","0.2251096498442126","95.08","0.2"
"21:35821773:A>C","NM_000219.6:c.160T>G","NP_000210.2:p.Phe54Val","Likely pathogenic","Sudden unexplained nocturnal death syndrome","missense_variant","4/4","null","54","MODERATE","24.3","null","0","null"","158.97683616398845","0.6919546168497673","95.65","0.9"
"21:35821774:G>T","NM_000219.6:c.159C>A","NP_000210.2:p.Phe53Leu","Unknown significance","Long QT syndrome","missense_variant","4/4","null","53","MODERATE","11.62","null","0","null"","121.22327338076755","0.5276303498639155","96.38","0.3"
"21:35821775:A>C","NM_000219.6:c.158T>G","NP_000210.2:p.Phe53Cys","Likely pathogenic","Long QT syndrome","missense_variant","4/4","null","53","MODERATE","25.0","null","0","null"","121.22327338076755","0.5276303498639155","96.38","1.6"
"21:35821775:A>G","NM_000219.6:c.158T>C","NP_000210.2:p.Phe53Ser","Pathogenic","Long QT syndrome","missense_variant","4/4","null","53","MODERATE","25.0","null","0","null"","121.22327338076755","0.5276303498639155","96.38","2.2"
"21:35821778:C>G","NM_000219.6:c.155G>C","NP_000210.2:p.Gly52Ala","Unknown significance","null","missense_variant","4/4","null","52","MODERATE","23.8","null","0","null"","43.14523738589672","0.4525114038738153","96.44","0.3"
"21:35821779:C>T","NM_000219.6:c.154G>A","NP_000210.2:p.Gly52Arg","Pathogenic","Long QT syndrome","missense_variant","4/4","null","52","MODERATE","23.7","null","0","null"","43.14523738589672","0.4525114038738153","96.44","0.2"
"21:35821786:C>T","NM_000219.6:c.147G>A","NP_000210.2:p.Met49Ile","Pathogenic","Long QT syndrome","missense_variant","4/4","null","49","MODERATE","17.05","null","0.000879229","gnomad_AF_nfe_pass"","95.64871143951623","0.44172773631974666","96.05","0.6"
"21:35821788:T>C","NM_000219.6:c.145A>G","NP_000210.2:p.Met49Val","Unknown significance","null","missense_variant","4/4","null","49","MODERATE","22.1","null","0.00289084","gnomad_AF_amr_pass"","95.64871143951623","0.44172773631974666","96.05","0.4"
"21:35821791:G>A","NM_000219.6:c.142C>T","NP_000210.2:p.Leu48Phe","Likely pathogenic","Sudden cardiac death","missense_variant","4/4","null","48","MODERATE","24.1","null","0.00619406","gnomad_AF_nfe_pass"","126.70938299865273","0.6570317596556305","95.47","0.5"
"21:35821791:G>T","NM_000219.6:c.142C>A","NP_000210.2:p.Leu48Ile","Unknown significance","Long QT syndrome","missense_variant","4/4","null","48","MODERATE","25.3","null","0","null"","126.70938299865273","0.6570317596556305","95.47","0.4"
"21:35821794:C>A","NM_000219.6:c.139G>T","NP_000210.2:p.Val47Phe","Pathogenic","Long QT syndrome","missense_variant","4/4","null","47","MODERATE","23.1","null","0","null"","103.3232410105","0.6010935639250691","95.23","0.3"
"21:35821794:C>T","NM_000219.6:c.139G>A","NP_000210.2:p.Val47Ile","Unknown significance","null","missense_variant","4/4","null","47","MODERATE","13.34","null","0.129797","gnomad_AF_amr_pass"","103.3232410105","0.6010935639250691","95.23","0.3"
"21:35821796:T>C","NM_000219.6:c.137A>G","NP_000210.2:p.Tyr46Cys","Likely pathogenic","Long QT syndrome","missense_variant","4/4","null","46","MODERATE","25.6","null","0","gnomad_AF_afr_pass,gnomad_AF_amr_pass,gnomad_AF_eas_pass,gnomad_AF_nfe_pass"","150.68975836126128","0.6281050311392093","95.13","1.4"
"21:35821803:C>T","NM_000219.6:c.130G>A","NP_000210.2:p.Ala44Thr","Unknown significance","null","missense_variant","4/4","null","44","MODERATE","23.9","null","0.000879384","gnomad_AF_nfe_pass"","63.71994283247729","0.5011056091437015","92.44","0.1"
"21:35821806:C>T","NM_000219.6:c.127G>A","NP_000210.2:p.Glu43Lys","Unknown significance","Long QT syndrome; Arrhythmogenic right ventricular cardiomyopathy","missense_variant","4/4","null","43","MODERATE","24.9","null","0.0202371","gnomad_AF_amr_pass"","109.87808183779985","0.5626958880223821","91.91","0.0"
"21:35821810:C>G","NM_000219.6:c.123G>C","NP_000210.2:p.Lys41Asn","Likely pathogenic","Long QT syndrome","missense_variant","4/4","null","41","MODERATE","13.56","null","0.00653253","gnomad_AF_sas_pass"","169.82982923625875","0.7174451257691431","88.4","0.1"
"21:35821815:C>T","NM_000219.6:c.118G>A","NP_000210.2:p.Gly40Ser","Likely benign","null","missense_variant","4/4","null","40","MODERATE","0.023","null","0.0722794","gnomad_AF_amr_pass"","59.881845349049954","0.6280465596490334","80.68","0.1"
"21:35821818:C>T","NM_000219.6:c.115G>A","NP_000210.2:p.Asp39Asn","Unknown significance","null","missense_variant","4/4","null","39","MODERATE","12.84","null","0","null"","44.19041321448432","0.2762248869262797","68.96","0.2"
"21:35821820:C>T","NM_000219.6:c.113G>A","NP_000210.2:p.Ser38Asn","Likely benign","null","missense_variant","4/4","null","38","MODERATE","0.480","null","0.000879446","gnomad_AF_nfe_pass"","44.87650125848327","0.32541086512149675","60.66","0.0"
"21:35821821:T>C","NM_000219.6:c.112A>G","NP_000210.2:p.Ser38Gly","Benign","null","missense_variant","4/4","null","38","MODERATE","2.281","null","71.263","gnomad_AF_eas_pass"","44.87650125848327","0.32541086512149675","60.66","0.6"
"21:35821823:C>T","NM_000219.6:c.110G>A","NP_000210.2:p.Ser37Asn","Unknown significance","Long QT syndrome","missense_variant","4/4","null","37","MODERATE","0.450","null","0.000879616","gnomad_AF_nfe_pass"","136.97079389939444","0.9932098824382951","55.48","0.0"
"21:35821824:T>C","NM_000219.6:c.109A>G","NP_000210.2:p.Ser37Gly","Unknown significance","null","missense_variant","4/4","null","37","MODERATE","0.001","null","0.00326648","gnomad_AF_sas_pass"","136.97079389939444","0.9932098824382951","55.48","0.1"
"21:35821826:C>T","NM_000219.6:c.107G>A","NP_000210.2:p.Arg36His","Pathogenic","Long QT syndrome","missense_variant","4/4","null","36","MODERATE","8.595","null","0.0200521","gnomad_AF_eas_pass"","199.49677784668546","0.740452253444849","55.12","0.1"
"21:35821827:G>A","NM_000219.6:c.106C>T","NP_000210.2:p.Arg36Cys","Unknown significance","Cardiovascular phenotype","missense_variant","4/4","null","36","MODERATE","13.25","null","0.00703755","gnomad_AF_nfe_pass"","199.49677784668546","0.740452253444849","55.12","0.3"
"21:35821827:G>C","NM_000219.6:c.106C>G","NP_000210.2:p.Arg36Gly","Likely benign","null","missense_variant","4/4","null","36","MODERATE","0.794","null","0.00175939","gnomad_AF_nfe_pass"","199.49677784668546","0.740452253444849","55.12","0.3"
"21:35821830:G>A","NM_000219.6:c.103C>T","NP_000210.2:p.Pro35Ser","Likely benign","null","missense_variant","4/4","null","35","MODERATE","8.039","null","0.00289118","gnomad_AF_amr_pass"","93.29648910388319","0.593111404079013","53.11","0.0"
"21:35821832:G>A","NM_000219.6:c.101C>T","NP_000210.2:p.Ser34Phe","Likely benign","null","missense_variant","4/4","null","34","MODERATE","15.81","null","0.00326648","gnomad_AF_sas_pass"","60.26453540693552","0.43699339415879324","49.53","0.1"
"21:35821832:G>T","NM_000219.6:c.101C>A","NP_000210.2:p.Ser34Tyr","Unknown significance","null","missense_variant","4/4","null","34","MODERATE","15.77","null","0.00653296","gnomad_AF_sas_pass"","60.26453540693552","0.43699339415879324","49.53","0.4"
"21:35821833:A>G","NM_000219.6:c.100T>C","NP_000210.2:p.Ser34Pro","Likely benign","null","missense_variant","4/4","null","34","MODERATE","8.468","null","0.00263968","gnomad_AF_nfe_pass"","60.26453540693552","0.43699339415879324","49.53","0.1"
"21:35821833:A>T","NM_000219.6:c.100T>A","NP_000210.2:p.Ser34Thr","Likely benign","null","missense_variant","4/4","null","34","MODERATE","4.664","null","0.00578202","gnomad_AF_amr_pass"","60.26453540693552","0.43699339415879324","49.53","0.1"
"21:35821834:C>A","NM_000219.6:c.99G>T","NP_000210.2:p.Arg33Ser","Likely benign","null","missense_variant","4/4","null","33","MODERATE","13.40","null","0.00175932","gnomad_AF_nfe_pass"","213.54701234608203","0.7926011047135243","42.81","0.1"
"21:35821835:C>A","NM_000219.6:c.98G>T","NP_000210.2:p.Arg33Met","Likely pathogenic","Long QT syndrome","missense_variant","4/4","null","33","MODERATE","22.2","null","0","null"","213.54701234608203","0.7926011047135243","42.81","0.0"
"21:35821838:C>T","NM_000219.6:c.95G>A","NP_000210.2:p.Arg32His","Likely pathogenic","Long QT syndrome","missense_variant","4/4","null","32","MODERATE","19.49","null","0.0130659","gnomad_AF_sas_pass"","188.13516916819344","0.6982825059454022","46.39","0.0"
"21:35821839:G>A","NM_000219.6:c.94C>T","NP_000210.2:p.Arg32Cys","Pathogenic","Long QT syndrome","missense_variant","4/4","null","32","MODERATE","22.7","null","0.00867353","gnomad_AF_amr_pass"","188.13516916819344","0.6982825059454022","46.39","0.3"
"21:35821841:G>A","NM_000219.6:c.92C>T","NP_000210.2:p.Ala31Val","Likely benign","null","missense_variant","4/4","null","31","MODERATE","19.47","null","0.0195989","gnomad_AF_sas_pass"","81.4895972730268","0.6408495121806976","51.49","0.0"
"21:35821842:C>T","NM_000219.6:c.91G>A","NP_000210.2:p.Ala31Thr","Unknown significance","null","missense_variant","4/4","null","31","MODERATE","21.7","null","0.0080186","gnomad_AF_afr_pass"","81.4895972730268","0.6408495121806976","51.49","0.2"
"21:35821847:C>T","NM_000219.6:c.86G>A","NP_000210.2:p.Gly29Asp","Unknown significance","null","missense_variant","4/4","null","29","MODERATE","13.53","null","0","null"","32.07121023690085","0.3363659408900632","48.56","0.1"
"21:35821850:G>A","NM_000219.6:c.83C>T","NP_000210.2:p.Ser28Leu","Pathogenic","Long QT syndrome","missense_variant","4/4","null","28","MODERATE","16.24","null","0.0130659","gnomad_AF_sas_pass"","62.95594706800714","0.4565095010848393","51.99","0.1"
"21:35821853:A>G","NM_000219.6:c.80T>C","NP_000210.2:p.Met27Thr","Likely benign","null","missense_variant","4/4","null","27","MODERATE","0.010","null","0.0195989","gnomad_AF_sas_pass"","95.11760426223587","0.43927496128877747","46.88","0.1"
"21:35821854:T>C","NM_000219.6:c.79A>G","NP_000210.2:p.Met27Val","Likely benign","null","missense_variant","4/4","null","27","MODERATE","0.001","null","0.00087991","gnomad_AF_nfe_pass"","95.11760426223587","0.43927496128877747","46.88","0.1"
"21:35821859:C>A","NM_000219.6:c.74G>T","NP_000210.2:p.Gly25Val","Pathogenic","Atrial fibrillation, early-onset","missense_variant","4/4","null","25","MODERATE","6.966","null","0","null"","51.71200104186745","0.5423604459348438","54.9","0.3"
"21:35821862:C>T","NM_000219.6:c.71G>A","NP_000210.2:p.Gly24Asp","Likely benign","null","missense_variant","4/4","null","24","MODERATE","10.25","null","0.00544129","gnomad_AF_eas_pass"","33.33443022975584","0.34961471380225334","51.37","0.0"
"21:35821865:T>A","NM_000219.6:c.68A>T","NP_000210.2:p.Gln23Leu","Likely benign","null","missense_variant","4/4","null","23","MODERATE","3.504","null","0.000880111","gnomad_AF_nfe_pass"","119.44264828111184","0.6040031427346103","60.84","0.1"
"21:35821872:C>T","NM_000219.6:c.61G>A","NP_000210.2:p.Val21Ile","Likely benign","null","missense_variant","4/4","null","21","MODERATE","11.63","null","0.00176044","gnomad_AF_nfe_pass"","82.02077121447863","0.4771642585251797","72.35","0.1"
"21:35821874:G>A","NM_000219.6:c.59C>T","NP_000210.2:p.Thr20Ile","Pathogenic","Long QT syndrome","missense_variant","4/4","null","20","MODERATE","9.175","null","0","gnomad_AF_afr_pass,gnomad_AF_amr_pass,gnomad_AF_eas_pass,gnomad_AF_nfe_pass,gnomad_AF_sas_pass"","98.35239833388361","0.6251042636021285","74.43","0.3"
"21:35821878:C>T","NM_000219.6:c.55G>A","NP_000210.2:p.Glu19Lys","Likely benign","null","missense_variant","4/4","null","19","MODERATE","16.19","null","0.00615839","gnomad_AF_afr_pass"","77.55284963362635","0.3971553640486581","76.81","0.3"
"21:35821881:G>T","NM_000219.6:c.52C>A","NP_000210.2:p.Gln18Lys","Unknown significance","null","missense_variant","4/4","null","18","MODERATE","19.69","null","0.00326648","gnomad_AF_sas_pass"","71.56871499752336","0.3619120088349347","81.56","0.5"
"21:35821884:A>G","NM_000219.6:c.49T>C","NP_000210.2:p.Trp17Arg","Unknown significance","null","missense_variant","4/4","null","17","MODERATE","20.4","null","0.000879879","gnomad_AF_nfe_pass"","189.62636601891546","0.7228592779865384","81.88","0.7"
"21:35821886:A>G","NM_000219.6:c.47T>C","NP_000210.2:p.Leu16Pro","Pathogenic","Long QT syndrome","missense_variant","4/4","null","16","MODERATE","22.5","null","0","null"","88.34924080080644","0.45812122017996176","82.6","2.0"
"21:35821887:G>T","NM_000219.6:c.46C>A","NP_000210.2:p.Leu16Met","Unknown significance","null","missense_variant","4/4","null","16","MODERATE","19.19","null","0.000879786","gnomad_AF_nfe_pass"","88.34924080080644","0.45812122017996176","82.6","0.7"
"21:35821901:G>A","NM_000219.6:c.32C>T","NP_000210.2:p.Pro11Leu","Likely benign","null","missense_variant","4/4","null","11","MODERATE","11.18","null","0.00653253","gnomad_AF_sas_pass"","90.53213478465526","0.5755376444724372","76.31","0.7"
"21:35821901:G>C","NM_000219.6:c.32C>G","NP_000210.2:p.Pro11Arg","Unknown significance","Long QT syndrome","missense_variant","4/4","null","11","MODERATE","20.2","null","0.00578269","gnomad_AF_amr_pass"","90.53213478465526","0.5755376444724372","76.31","0.0"
"21:35821902:G>A","NM_000219.6:c.31C>T","NP_000210.2:p.Pro11Ser","Likely benign","null","missense_variant","4/4","null","11","MODERATE","4.515","null","0.00653253","gnomad_AF_sas_pass"","90.53213478465526","0.5755376444724372","76.31","0.0"
"21:35821904:G>A","NM_000219.6:c.29C>T","NP_000210.2:p.Thr10Met","Pathogenic","Long QT syndrome","missense_variant","4/4","null","10","MODERATE","0.004","null","0.0587928","gnomad_AF_sas_pass"","65.36411033304425","0.4154386140848112","72.51","0.4"
"21:35821908:C>T","NM_000219.6:c.25G>A","NP_000210.2:p.Val9Met","Likely benign","null","missense_variant","4/4","null","9","MODERATE","2.761","null","0.00578269","gnomad_AF_amr_pass"","81.22312892808088","0.4725238926212546","64.64","0.1"
"21:35821910:G>A","NM_000219.6:c.23C>T","NP_000210.2:p.Ala8Val","Pathogenic","Long QT syndrome","missense_variant","4/4","null","8","MODERATE","3.215","null","0.0451399","gnomad_AF_eas_pass"","99.12639737705032","0.7795486237399729","59.79","0.0"
"21:35821910:G>T","NM_000219.6:c.23C>A","NP_000210.2:p.Ala8Glu","Likely benign","null","missense_variant","4/4","null","8","MODERATE","9.379","null","0.000880731","gnomad_AF_nfe_pass"","99.12639737705032","0.7795486237399729","59.79","0.2"
"21:35821913:G>A","NM_000219.6:c.20C>T","NP_000210.2:p.Thr7Ile","Pathogenic","Jervell and Lange-Nielsen syndrome","missense_variant","4/4","null","7","MODERATE","22.5","null","0.00289168","gnomad_AF_amr_pass"","118.44938213970546","0.7528358743750013","60.95","0.2"
"21:35821918:G>T","NM_000219.6:c.15C>A","NP_000210.2:p.Asn5Lys","Unknown significance","null","missense_variant","4/4","null","5","MODERATE","12.40","null","0.00326648","gnomad_AF_sas_pass"","110.23880161697531","0.6897379012342357","57.07","0.3"
"21:35821925:A>G","NM_000219.6:c.8T>C","NP_000210.2:p.Leu3Pro","Likely benign","null","missense_variant","4/4","null","3","MODERATE","8.885","null","0.104541","gnomad_AF_sas_pass"","144.01316541860308","0.7467578268419812","55.07","0.7"
"21:35821928:A>T","NM_000219.6:c.5T>A","NP_000210.2:p.Ile2Asn","Likely benign","null","missense_variant","4/4","null","2","MODERATE","14.49","null","0","null"","199.8383954438318","1.0187586636160342","46.18","0.2"
"21:35821929:T>A","NM_000219.6:c.4A>T","NP_000210.2:p.Ile2Phe","Unknown significance","Long QT syndrome","missense_variant","4/4","null","2","MODERATE","7.774","null","0.00440777","gnomad_AF_nfe_pass"","199.8383954438318","1.0187586636160342","46.18","0.1"