{"applied_filters": "CONTAINS missense_variant[Consequence]"},,"Surface Area","Normalized SA","Confidence Score","|ddG|""Genomic Description (GRCh37)","HGVS Nucleotide Change","HGVS Protein Change","Variant Classification","Phenotype","Consequence","Exon","Intron","Protein Position","Impact","CADD Phred","Interpro Domain","Max MAF (%)","Max MAF Source","Surface Area","Normalized SA","Confidence Score","|ddG|"
"20:741683:T>C","NM_001370086.1:c.1397A>G","NP_001357015.1:p.His466Arg","Likely benign","null","missense_variant","6/6","null","466","MODERATE","14.79","null","0.0641026","gnomad_AF_eas_pass"","193.7358311382028","0.943201766845685","73.24","0.0"
"20:741684:G>A","NM_001370086.1:c.1396C>T","NP_001357015.1:p.His466Tyr","Likely benign","null","missense_variant","6/6","null","466","MODERATE","19.35","null","0.00342959","gnomad_AF_sas_pass"","193.7358311382028","0.943201766845685","73.24","0.0"
"20:741686:A>G","NM_001370086.1:c.1394T>C","NP_001357015.1:p.Leu465Pro","Unknown significance","null","missense_variant","6/6","null","465","MODERATE","22.6","null","0","null"","57.99001998034733","0.3006982116751204","75.73","0.9"
"20:741687:G>T","NM_001370086.1:c.1393C>A","NP_001357015.1:p.Leu465Met","Unknown significance","null","missense_variant","6/6","null","465","MODERATE","20.1","null","0.000957561","gnomad_AF_nfe_pass"","57.99001998034733","0.3006982116751204","75.73","0.1"
"20:741694:G>T","NM_001370086.1:c.1386C>A","NP_001357015.1:p.Phe462Leu","Likely benign","null","missense_variant","6/6","null","462","MODERATE","12.56","null","0.00733999","gnomad_AF_afr_pass"","62.38181628545186","0.2715199700015811","74.27","0.2"
"20:741699:C>A","NM_001370086.1:c.1381G>T","NP_001357015.1:p.Asp461Tyr","Unknown significance","Brown-Vialetto-Van Laere syndrome 1","missense_variant","6/6","null","461","MODERATE","24.1","null","0.0743703","gnomad_AF_nfe_pass"","77.28872682047957","0.48311541517030876","82.35","0.7"
"20:741702:C>T","NM_001370086.1:c.1378G>A","NP_001357015.1:p.Ala460Thr","Unknown significance","null","missense_variant","6/6","null","460","MODERATE","23.9","null","0","null"","8.521556241228598","0.06701512024798457","85.71","0.1"
"20:741705:A>G","NM_001370086.1:c.1375T>C","NP_001357015.1:p.Ser459Pro","Unknown significance","null","missense_variant","6/6","null","459","MODERATE","22.5","null","0.00294724","gnomad_AF_amr_pass"","45.567223880393286","0.3304194696172012","91.51","0.3"
"20:741709:G>C","NM_001370086.1:c.1371C>G","NP_001357015.1:p.Phe457Leu","Pathogenic","Brown-Vialetto-Van Laere syndrome","missense_variant","6/6","null","457","MODERATE","23.0","null","0.0787402","gnomad_AF_nfe_pass"","2.647962437978054","0.011525388719609751","95.39","2.2"
"20:741711:A>G","NM_001370086.1:c.1369T>C","NP_001357015.1:p.Phe457Leu","Unknown significance","null","missense_variant","6/6","null","457","MODERATE","28.1","null","0.00336859","gnomad_AF_sas_pass"","2.647962437978054","0.011525388719609751","95.39","2.2"
"20:741716:C>G","NM_001370086.1:c.1364G>C","NP_001357015.1:p.Arg455Pro","Likely benign","null","missense_variant","6/6","null","455","MODERATE","16.80","null","0.00337655","gnomad_AF_sas_pass"","143.45800660490752","0.5324587465114022","93.24","0.5"
"20:741717:G>A","NM_001370086.1:c.1363C>T","NP_001357015.1:p.Arg455Trp","Unknown significance","Brown-Vialetto-Van Laere syndrome 1","missense_variant","6/6","null","455","MODERATE","21.7","null","0.00709723","gnomad_AF_afr_pass"","143.45800660490752","0.5324587465114022","93.24","0.5"
"20:741724:G>T","NM_001370086.1:c.1356C>A","NP_001357015.1:p.Asn452Lys","Unknown significance","null","missense_variant","6/6","null","452","MODERATE","25.2","null","0.00573132","gnomad_AF_eas_pass"","14.108190621133243","0.08827158538100921","94.32","0.8"
"20:741729:C>A","NM_001370086.1:c.1351G>T","NP_001357015.1:p.Val451Phe","Unknown significance","null","missense_variant","6/6","null","451","MODERATE","31","null","0","null"","0.0","0.0","96.26","1.4"
"20:741731:A>G","NM_001370086.1:c.1349T>C","NP_001357015.1:p.Leu450Pro","Unknown significance","null","missense_variant","6/6","null","450","MODERATE","31","null","0","null"","53.85636141347779","0.27926376934945035","96.76","3.1"
"20:741732:G>C","NM_001370086.1:c.1348C>G","NP_001357015.1:p.Leu450Val","Unknown significance","null","missense_variant","6/6","null","450","MODERATE","25.0","null","0.00339374","gnomad_AF_sas_pass"","53.85636141347779","0.27926376934945035","96.76","1.0"
"20:741734:G>C","NM_001370086.1:c.1346C>G","NP_001357015.1:p.Pro449Arg","Unknown significance","null","missense_variant","6/6","null","449","MODERATE","26.8","null","0.000944912","gnomad_AF_nfe_pass"","52.10019706629051","0.3312152614914924","96.99","0.5"
"20:741741:T>A","NM_001370086.1:c.1339A>T","NP_001357015.1:p.Met447Leu","Unknown significance","null","missense_variant","6/6","null","447","MODERATE","27.0","null","0","null"","7.821877893290729","0.03612323013632705","97.06","0.2"
"20:741741:T>C","NM_001370086.1:c.1339A>G","NP_001357015.1:p.Met447Val","Unknown significance","null","missense_variant","6/6","null","447","MODERATE","25.8","null","0.000956444","gnomad_AF_nfe_pass"","7.821877893290729","0.03612323013632705","97.06","0.1"
"20:741743:A>G","NM_001370086.1:c.1337T>C","NP_001357015.1:p.Leu446Pro","Unknown significance","null","missense_variant","6/6","null","446","MODERATE","25.2","null","0.000957341","gnomad_AF_nfe_pass"","105.5490531093046","0.5473081665556637","96.94","1.6"
"20:741746:A>C","NM_001370086.1:c.1334T>G","NP_001357015.1:p.Leu445Arg","Likely pathogenic","null","missense_variant","6/6","null","445","MODERATE","25.9","null","0.00589067","gnomad_AF_eas_pass"","80.21158888359773","0.4159246943024306","96.21","1.5"
"20:741746:A>G","NM_001370086.1:c.1334T>C","NP_001357015.1:p.Leu445Pro","Unknown significance","Brown-Vialetto-Van Laere syndrome 1","missense_variant","6/6","null","445","MODERATE","25.9","null","0","null"","80.21158888359773","0.4159246943024306","96.21","1.9"
"20:741747:G>C","NM_001370086.1:c.1333C>G","NP_001357015.1:p.Leu445Val","Likely benign","null","missense_variant","6/6","null","445","MODERATE","12.27","null","0.0114758","gnomad_AF_afr_pass"","80.21158888359773","0.4159246943024306","96.21","0.2"
"20:741749:G>A","NM_001370086.1:c.1331C>T","NP_001357015.1:p.Ala444Val","Unknown significance","null","missense_variant","6/6","null","444","MODERATE","28.4","null","0","null"","0.0","0.0","96.79","0.4"
"20:741758:A>G","NM_001370086.1:c.1322T>C","NP_001357015.1:p.Leu441Pro","Unknown significance","null","missense_variant","6/6","null","441","MODERATE","25.9","null","0","null"","44.61795716375324","0.2313594637885029","94.9","2.5"
"20:741764:C>T","NM_001370086.1:c.1316G>A","NP_001357015.1:p.Gly439Asp","Likely pathogenic","Brown-Vialetto-Van Laere syndrome","missense_variant","6/6","null","439","MODERATE","31","null","0","null"","0.670130387387831","0.007028392025361633","95.64","1.9"
"20:741767:A>G","NM_001370086.1:c.1313T>C","NP_001357015.1:p.Leu438Pro","Likely pathogenic","Inborn genetic diseases","missense_variant","6/6","null","438","MODERATE","28.6","null","0.00623325","gnomad_AF_amr_pass"","106.8879394140557","0.5542507528422593","91.95","1.3"
"20:741769:C>G","NM_001370086.1:c.1311G>C","NP_001357015.1:p.Gln437His","Unknown significance","Brown-Vialetto-Van Laere syndrome 1","missense_variant","6/6","null","437","MODERATE","28.1","null","0","null"","17.202693189794417","0.08699137954209454","88.86","0.3"
"20:741773:A>G","NM_001370086.1:c.1307T>C","NP_001357015.1:p.Val436Ala","Unknown significance","null","missense_variant","6/6","null","436","MODERATE","22.6","null","0.00108854","gnomad_AF_nfe_pass"","41.256038658227446","0.24001124111064462","90.33","1.2"
"20:741773:A>T","NM_001370086.1:c.1307T>A","NP_001357015.1:p.Val436Glu","Unknown significance","null","missense_variant","6/6","null","436","MODERATE","22.7","null","0","null"","41.256038658227446","0.24001124111064462","90.33","2.2"
"20:741779:G>A","NM_001370086.1:c.1301C>T","NP_001357015.1:p.Ala434Val","Unknown significance","null","missense_variant","6/6","null","434","MODERATE","25.3","null","0.0412725","gnomad_AF_amr_pass"","42.3318050464216","0.33290527283912835","85.23","0.9"
"20:741787:C>G","NM_001370086.1:c.1293G>C","NP_001357015.1:p.Trp431Cys","Unknown significance","null","missense_variant","6/6","null","431","MODERATE","32","null","0.00113464","gnomad_AF_nfe_pass"","175.45067264051235","0.6688212678954265","83.52","1.3"
"20:741804:G>A","NM_001370086.1:c.1276C>T","NP_001357015.1:p.Arg426Cys","Unknown significance","null","missense_variant","6/6","null","426","MODERATE","29.9","null","0.00628206","gnomad_AF_nfe_pass"","134.57095330199428","0.4994735589025892","73.35","0.6"
"20:741806:C>T","NM_001370086.1:c.1274G>A","NP_001357015.1:p.Ser425Asn","Unknown significance","null","missense_variant","6/6","null","425","MODERATE","22.5","null","0","null"","57.32251298685418","0.4156600452105052","77.53","0.1"
"20:741810:G>A","NM_001370086.1:c.1270C>T","NP_001357015.1:p.Leu424Phe","Unknown significance","Brown-Vialetto-Van Laere syndrome 1","missense_variant","6/6","null","424","MODERATE","17.31","null","0.00536285","gnomad_AF_nfe_pass"","50.65344737042312","0.2626555577085151","82.84","0.1"
"20:741813:C>T","NM_001370086.1:c.1267G>A","NP_001357015.1:p.Asp423Asn","Unknown significance","null","missense_variant","6/6","null","423","MODERATE","22.8","null","0.00130429","gnomad_AF_nfe_pass"","79.72765552420144","0.4983606404669578","81.03","0.0"
"20:741815:C>G","NM_001370086.1:c.1265G>C","NP_001357015.1:p.Arg422Pro","Unknown significance","null","missense_variant","6/6","null","422","MODERATE","30","null","0","null"","68.87245888635809","0.2556270228177966","80.03","1.4"
"20:741815:C>T","NM_001370086.1:c.1265G>A","NP_001357015.1:p.Arg422His","Unknown significance","null","missense_variant","6/6","null","422","MODERATE","25.6","null","0.00134221","gnomad_AF_nfe_pass"","68.87245888635809","0.2556270228177966","80.03","0.3"
"20:741822:C>T","NM_001370086.1:c.1258G>A","NP_001357015.1:p.Val420Ile","Likely benign","null","missense_variant","6/6","null","420","MODERATE","16.02","null","0","null"","16.04444476501456","0.09334020488208888","87.08","0.4"
"20:741825:C>T","NM_001370086.1:c.1255G>A","NP_001357015.1:p.Val419Met","Pathogenic","Brown-Vialetto-Van Laere syndrome 1","missense_variant","6/6","null","419","MODERATE","22.2","null","0","null"","26.20389830675659","0.1524438690452784","84.51","0.5"
"20:741827:C>T","NM_001370086.1:c.1253G>A","NP_001357015.1:p.Gly418Asp","Pathogenic","Brown-Vialetto-Van Laere syndrome","missense_variant","6/6","null","418","MODERATE","29.4","null","0","null"","9.580316841098755","0.10047928545500692","83.27","0.7"
"20:741832:C>T","NM_001370086.1:c.1248G>A","NP_001357015.1:p.Met416Ile","Unknown significance","null","missense_variant","6/6","null","416","MODERATE","23.3","null","0","null"","2.1175238890284542","0.009779212077467547","90.12","0.7"
"20:741837:C>T","NM_001370086.1:c.1243G>A","NP_001357015.1:p.Val415Met","Unknown significance","null","missense_variant","6/6","null","415","MODERATE","29.3","null","0","null"","53.220319282884816","0.309614672150367","86.92","0.7"
"20:741839:T>C","NM_001370086.1:c.1241A>G","NP_001357015.1:p.Lys414Arg","Unknown significance","null","missense_variant","6/6","null","414","MODERATE","29.8","null","0","null"","37.90631090381682","0.16013498992570854","90.15","0.9"
"20:741842:A>G","NM_001370086.1:c.1238T>C","NP_001357015.1:p.Val413Ala","Likely pathogenic","Brown-Vialetto-Van Laere syndrome","missense_variant","6/6","null","413","MODERATE","27.9","null","0.022477","gnomad_AF_afr_pass"","0.0","0.0","94.33","2.3"
"20:741845:T>C","NM_001370086.1:c.1235A>G","NP_001357015.1:p.Tyr412Cys","Unknown significance","null","missense_variant","6/6","null","412","MODERATE","29.8","null","0","null"","8.71663162811356","0.036332662814945266","92.96","3.4"
"20:741847:A>C","NM_001370086.1:c.1233T>G","NP_001357015.1:p.Ser411Arg","Unknown significance","null","missense_variant","6/6","null","411","MODERATE","25.6","null","0.0076858","gnomad_AF_amr_pass"","2.046979264583394","0.014843164567066799","92.21","0.2"
"20:741848:C>A","NM_001370086.1:c.1232G>T","NP_001357015.1:p.Ser411Ile","Unknown significance","null","missense_variant","6/6","null","411","MODERATE","27.9","null","0.00154183","gnomad_AF_nfe_pass"","2.046979264583394","0.014843164567066799","92.21","1.1"
"20:741848:C>T","NM_001370086.1:c.1232G>A","NP_001357015.1:p.Ser411Asn","Unknown significance","null","missense_variant","6/6","null","411","MODERATE","26.2","null","0","null"","2.046979264583394","0.014843164567066799","92.21","0.6"
"20:741853:G>C","NM_001370086.1:c.1227C>G","NP_001357015.1:p.Cys409Trp","Unknown significance","null","missense_variant","6/6","null","409","MODERATE","21.7","null","0","null"","14.098982671247164","0.09123901013963207","96.06","0.9"
"20:741854:C>T","NM_001370086.1:c.1226G>A","NP_001357015.1:p.Cys409Tyr","Unknown significance","null","missense_variant","6/6","null","409","MODERATE","22.6","null","0","null"","14.098982671247164","0.09123901013963207","96.06","0.8"
"20:741857:C>T","NM_001370086.1:c.1223G>A","NP_001357015.1:p.Gly408Asp","Likely pathogenic","Complex II/III deficiency","missense_variant","6/6","null","408","MODERATE","24.9","null","0","null"","18.626888867362688","0.195360603901256","94.33","1.1"
"20:741858:C>A","NM_001370086.1:c.1222G>T","NP_001357015.1:p.Gly408Cys","Unknown significance","null","missense_variant","6/6","null","408","MODERATE","26.1","null","0","gnomad_AF_afr_pass,gnomad_AF_amr_pass,gnomad_AF_eas_pass,gnomad_AF_nfe_pass,gnomad_AF_sas_pass"","18.626888867362688","0.195360603901256","94.33","0.5"
"20:741858:C>G","NM_001370086.1:c.1222G>C","NP_001357015.1:p.Gly408Arg","Unknown significance","null","missense_variant","6/6","null","408","MODERATE","25.4","null","0","gnomad_AF_afr_pass,gnomad_AF_amr_pass,gnomad_AF_eas_pass,gnomad_AF_nfe_pass,gnomad_AF_sas_pass"","18.626888867362688","0.195360603901256","94.33","0.1"
"20:741869:A>G","NM_001370086.1:c.1211T>C","NP_001357015.1:p.Val404Ala","Unknown significance","null","missense_variant","6/6","null","404","MODERATE","24.9","null","0","null"","43.78650182453551","0.25473247041144303","97.53","1.9"
"20:741876:A>T","NM_001370086.1:c.1204T>A","NP_001357015.1:p.Ser402Thr","Unknown significance","null","missense_variant","6/6","null","402","MODERATE","22.7","null","0","null"","1.9579620538186475","0.014197678248986621","98.18","0.7"
"20:741879:C>A","NM_001370086.1:c.1201G>T","NP_001357015.1:p.Ala401Ser","Unknown significance","Brown-Vialetto-Van Laere syndrome 1","missense_variant","6/6","null","401","MODERATE","16.39","null","0.00803729","gnomad_AF_amr_pass"","37.91993516294709","0.2982094986882699","98.01","0.8"
"20:741879:C>T","NM_001370086.1:c.1201G>A","NP_001357015.1:p.Ala401Thr","Unknown significance","Brown-Vialetto-Van Laere syndrome 1","missense_variant","6/6","null","401","MODERATE","17.66","null","0.143472","gnomad_AF_eas_pass"","37.91993516294709","0.2982094986882699","98.01","0.2"
"20:742347:T>C","NM_001370086.1:c.1195A>G","NP_001357015.1:p.Ile399Val","Unknown significance","Brown-Vialetto-Van Laere syndrome 1","missense_variant&splice_region_variant","5/6","null","399","MODERATE","21.5","null","0","null"","0.0","0.0","97.89","0.1"
"20:742350:G>A","NM_001370086.1:c.1192C>T","NP_001357015.1:p.Leu398Phe","Unknown significance","Brown-Vialetto-Van Laere syndrome 1","missense_variant","5/6","null","398","MODERATE","22.2","null","0.003918","gnomad_AF_nfe_pass"","78.926963773549","0.4092634709851164","97.5","0.7"
"20:742354:T>G","NM_001370086.1:c.1188A>C","NP_001357015.1:p.Glu396Asp","Unknown significance","null","missense_variant","5/6","null","396","MODERATE","16.91","null","0.00545375","gnomad_AF_eas_pass"","37.84305435062112","0.1937978049592825","94.91","0.2"
"20:742358:C>A","NM_001370086.1:c.1184G>T","NP_001357015.1:p.Gly395Val","Unknown significance","null","missense_variant","5/6","null","395","MODERATE","28.6","null","0","null"","0.0","0.0","94.92","0.0"
"20:742365:A>G","NM_001370086.1:c.1177T>C","NP_001357015.1:p.Trp393Arg","Unknown significance","Brown-Vialetto-Van Laere syndrome 1","missense_variant","5/6","null","393","MODERATE","21.0","null","0.00887516","gnomad_AF_nfe_pass"","210.7097952680783","0.8032297072917641","91.89","0.1"
"20:742367:T>C","NM_001370086.1:c.1175A>G","NP_001357015.1:p.His392Arg","Unknown significance","null","missense_variant","5/6","null","392","MODERATE","21.1","null","0","null"","98.75124091891944","0.48076984193225974","89.7","0.0"
"20:742367:T>G","NM_001370086.1:c.1175A>C","NP_001357015.1:p.His392Pro","Unknown significance","null","missense_variant","5/6","null","392","MODERATE","22.3","null","0","gnomad_AF_afr_pass,gnomad_AF_amr_pass,gnomad_AF_eas_pass,gnomad_AF_nfe_pass,gnomad_AF_sas_pass"","98.75124091891944","0.48076984193225974","89.7","0.5"
"20:742370:C>T","NM_001370086.1:c.1172G>A","NP_001357015.1:p.Gly391Asp","Unknown significance","Brown-Vialetto-Van Laere syndrome 1","missense_variant","5/6","null","391","MODERATE","19.54","null","0.00546184","gnomad_AF_nfe_pass"","53.35162108220988","0.5595569387861619","83.79","0.1"
"20:742382:G>A","NM_001370086.1:c.1160C>T","NP_001357015.1:p.Pro387Leu","Unknown significance","Brown-Vialetto-Van Laere syndrome 1","missense_variant","5/6","null","387","MODERATE","29.1","null","0.000884721","gnomad_AF_nfe_pass"","2.668402155183744","0.016963765347549623","93.96","0.5"
"20:742383:G>C","NM_001370086.1:c.1159C>G","NP_001357015.1:p.Pro387Ala","Unknown significance","null","missense_variant","5/6","null","387","MODERATE","25.8","null","0.000884564","gnomad_AF_nfe_pass"","2.668402155183744","0.016963765347549623","93.96","1.4"
"20:742386:A>G","NM_001370086.1:c.1156T>C","NP_001357015.1:p.Cys386Arg","Likely pathogenic","Brown-Vialetto-Van Laere syndrome","missense_variant","5/6","null","386","MODERATE","26.0","null","0","null"","19.795376366360394","0.12810218915237692","93.16","0.9"
"20:742388:G>A","NM_001370086.1:c.1154C>T","NP_001357015.1:p.Pro385Leu","Unknown significance","Brown-Vialetto-Van Laere syndrome 1","missense_variant","5/6","null","385","MODERATE","27.7","null","0","null"","51.86793804647486","0.3297387271151614","92.31","1.0"
"20:742393:C>T","NM_001370086.1:c.1149G>A","NP_001357015.1:p.Met383Ile","Unknown significance","Brown-Vialetto-Van Laere syndrome 1","missense_variant","5/6","null","383","MODERATE","23.6","null","0.00855299","gnomad_AF_nfe_pass"","75.93136700807361","0.35066850728407356","94.93","0.1"
"20:742394:A>G","NM_001370086.1:c.1148T>C","NP_001357015.1:p.Met383Thr","Unknown significance","null","missense_variant","5/6","null","383","MODERATE","23.4","null","0.000883205","gnomad_AF_nfe_pass"","75.93136700807361","0.35066850728407356","94.93","1.1"
"20:742398:C>A","NM_001370086.1:c.1144G>T","NP_001357015.1:p.Val382Leu","Unknown significance","null","missense_variant","5/6","null","382","MODERATE","23.0","null","0.00618582","gnomad_AF_afr_pass"","83.83351546957873","0.4877100843638415","96.48","0.1"
"20:742410:T>C","NM_001370086.1:c.1132A>G","NP_001357015.1:p.Met378Val","Unknown significance","null","missense_variant","5/6","null","378","MODERATE","23.5","null","0.000881725","gnomad_AF_nfe_pass"","33.19377481543395","0.15329648239329394","97.87","0.3"
"20:742412:T>A","NM_001370086.1:c.1130A>T","NP_001357015.1:p.Asn377Ile","Unknown significance","Brown-Vialetto-Van Laere syndrome 1","missense_variant","5/6","null","377","MODERATE","22.6","null","0","null"","0.0","0.0","98.13","4.7"
"20:742415:T>C","NM_001370086.1:c.1127A>G","NP_001357015.1:p.Tyr376Cys","Likely pathogenic","Brown-Vialetto-Van Laere syndrome","missense_variant","5/6","null","376","MODERATE","26.9","null","0.000881585","gnomad_AF_nfe_pass"","55.23410757466012","0.23022679998567858","98.32","2.5"
"20:742418:C>T","NM_001370086.1:c.1124G>A","NP_001357015.1:p.Gly375Asp","Pathogenic","Brown-Vialetto-Van Laere syndrome","missense_variant","5/6","null","375","MODERATE","22.3","null","0","null"","38.78900144312499","0.4068227818727791","98.24","0.3"
"20:742421:C>T","NM_001370086.1:c.1121G>A","NP_001357015.1:p.Gly374Glu","Unknown significance","null","missense_variant","5/6","null","374","MODERATE","24.5","null","0.0115734","gnomad_AF_amr_pass"","0.040614080390818624","4.2596438560101247E-4","98.07","0.5"
"20:742431:T>C","NM_001370086.1:c.1111A>G","NP_001357015.1:p.Thr371Ala","Unknown significance","null","missense_variant","5/6","null","371","MODERATE","18.44","null","0.00088143","gnomad_AF_nfe_pass"","36.68522851198718","0.2331625170563956","98.1","0.1"
"20:742436:A>G","NM_001370086.1:c.1106T>C","NP_001357015.1:p.Leu369Pro","Pathogenic","Brown-Vialetto-Van Laere syndrome","missense_variant","5/6","null","369","MODERATE","23.1","null","0","null"","86.76811252207179","0.4499225258872956","98.1","2.0"
"20:742437:G>A","NM_001370086.1:c.1105C>T","NP_001357015.1:p.Leu369Phe","Unknown significance","Brown-Vialetto-Van Laere syndrome 1","missense_variant","5/6","null","369","MODERATE","15.94","null","0","null"","86.76811252207179","0.4499225258872956","98.1","0.4"
"20:742439:A>C","NM_001370086.1:c.1103T>G","NP_001357015.1:p.Val368Gly","Unknown significance","null","missense_variant","5/6","null","368","MODERATE","16.92","null","0","null"","107.22023084709681","0.6237647024467663","98.0","1.5"
"20:742439:A>G","NM_001370086.1:c.1103T>C","NP_001357015.1:p.Val368Ala","Likely benign","null","missense_variant","5/6","null","368","MODERATE","13.28","null","0.00289285","gnomad_AF_amr_pass"","107.22023084709681","0.6237647024467663","98.0","0.7"
"20:742440:C>T","NM_001370086.1:c.1102G>A","NP_001357015.1:p.Val368Met","Unknown significance","Brown-Vialetto-Van Laere syndrome 1","missense_variant","5/6","null","368","MODERATE","10.42","null","0.00617818","gnomad_AF_afr_pass"","107.22023084709681","0.6237647024467663","98.0","0.3"
"20:742446:G>T","NM_001370086.1:c.1096C>A","NP_001357015.1:p.Leu366Ile","Unknown significance","null","missense_variant","5/6","null","366","MODERATE","11.52","null","0.00578536","gnomad_AF_amr_pass"","29.565337629307052","0.15330645093270628","96.94","0.6"
"20:742448:A>G","NM_001370086.1:c.1094T>C","NP_001357015.1:p.Val365Ala","Likely benign","null","missense_variant","5/6","null","365","MODERATE","6.739","null","0.000881414","gnomad_AF_nfe_pass"","96.18669807421679","0.5595759926049939","97.28","0.8"
"20:742449:C>T","NM_001370086.1:c.1093G>A","NP_001357015.1:p.Val365Ile","Likely benign","null","missense_variant","5/6","null","365","MODERATE","6.461","null","0.00326669","gnomad_AF_sas_pass"","96.18669807421679","0.5595759926049939","97.28","0.0"
"20:742458:A>G","NM_001370086.1:c.1084T>C","NP_001357015.1:p.Phe362Leu","Unknown significance","null","missense_variant","5/6","null","362","MODERATE","15.90","null","0.000881352","gnomad_AF_nfe_pass"","98.02047483271242","0.4266390107068046","96.09","0.1"
"20:742461:G>C","NM_001370086.1:c.1081C>G","NP_001357015.1:p.Leu361Val","Likely pathogenic","Brown-Vialetto-Van Laere syndrome","missense_variant","5/6","null","361","MODERATE","11.05","null","0","null"","160.99718796466635","0.8348258290323912","94.54","0.0"
"20:742464:G>C","NM_001370086.1:c.1078C>G","NP_001357015.1:p.Leu360Val","Unknown significance","null","missense_variant","5/6","null","360","MODERATE","22.8","null","0","null"","35.48022409400849","0.18397717294314636","92.55","0.4"
"20:742464:G>T","NM_001370086.1:c.1078C>A","NP_001357015.1:p.Leu360Met","Unknown significance","null","missense_variant","5/6","null","360","MODERATE","23.1","null","0.000881492","gnomad_AF_nfe_pass"","35.48022409400849","0.18397717294314636","92.55","0.8"
"20:744142:C>G","NM_001370086.1:c.1073G>C","NP_001357015.1:p.Arg358Thr","Unknown significance","null","missense_variant&splice_region_variant","4/6","null","358","MODERATE","34","null","0.00867754","gnomad_AF_amr_pass"","122.17990462834427","0.4534829418511199","89.77","0.3"
"20:744148:G>T","NM_001370086.1:c.1067C>A","NP_001357015.1:p.Pro356His","Unknown significance","null","missense_variant","4/6","null","356","MODERATE","25.8","null","0","null"","77.17358381969416","0.49061366721036725","88.7","0.1"
"20:744164:C>A","NM_001370086.1:c.1051G>T","NP_001357015.1:p.Val351Phe","Likely benign","null","missense_variant","4/6","null","351","MODERATE","14.53","null","0.00543656","gnomad_AF_eas_pass"","82.91515782699122","0.48236744448009405","88.36","0.1"
"20:744164:C>T","NM_001370086.1:c.1051G>A","NP_001357015.1:p.Val351Ile","Likely benign","null","missense_variant","4/6","null","351","MODERATE","7.590","null","0.00615233","gnomad_AF_afr_pass"","82.91515782699122","0.48236744448009405","88.36","0.1"
"20:744167:A>T","NM_001370086.1:c.1048T>A","NP_001357015.1:p.Leu350Met","Benign","null","missense_variant","4/6","null","350","MODERATE","15.58","null","5.26759","gnomad_AF_afr_pass"","64.96661929693079","0.3368742802259067","85.16","0.4"
"20:744169:G>A","NM_001370086.1:c.1046C>T","NP_001357015.1:p.Ser349Leu","Unknown significance","null","missense_variant","4/6","null","349","MODERATE","22.7","null","0.0114784","gnomad_AF_afr_pass"","27.55459738726235","0.19980535742341482","80.36","1.6"
"20:744176:G>A","NM_001370086.1:c.1039C>T","NP_001357015.1:p.Leu347Phe","Unknown significance","null","missense_variant","4/6","null","347","MODERATE","24.1","null","0.00289134","gnomad_AF_amr_pass"","95.64483869604096","0.4959514061488795","88.42","0.4"
"20:744188:C>T","NM_001370086.1:c.1027G>A","NP_001357015.1:p.Val343Met","Likely benign","null","missense_variant","4/6","null","343","MODERATE","10.84","null","0.000879477","gnomad_AF_nfe_pass"","17.763920138132875","0.10334342942286807","93.11","0.3"
"20:744199:G>T","NM_001370086.1:c.1016C>A","NP_001357015.1:p.Thr339Asn","Unknown significance","null","missense_variant","4/6","null","339","MODERATE","23.8","null","0.00615309","gnomad_AF_afr_pass"","0.0","0.0","96.69","1.8"
"20:744203:C>T","NM_001370086.1:c.1012G>A","NP_001357015.1:p.Ala338Thr","Unknown significance","null","missense_variant","4/6","null","338","MODERATE","24.0","null","0.00615233","gnomad_AF_afr_pass"","0.2096052432404064","0.001648375036522519","96.57","0.5"
"20:744206:C>A","NM_001370086.1:c.1009G>T","NP_001357015.1:p.Ala337Ser","Likely benign","null","missense_variant","4/6","null","337","MODERATE","12.65","null","0.0229832","gnomad_AF_afr_pass"","0.0","0.0","97.47","1.2"
"20:744206:C>T","NM_001370086.1:c.1009G>A","NP_001357015.1:p.Ala337Thr","Unknown significance","null","missense_variant","4/6","null","337","MODERATE","21.8","null","0.00326627","gnomad_AF_sas_pass"","0.0","0.0","97.47","0.8"
"20:744220:A>G","NM_001370086.1:c.995T>C","NP_001357015.1:p.Val332Ala","Likely benign","null","missense_variant","4/6","null","332","MODERATE","10.94","null","0.00263787","gnomad_AF_nfe_pass"","65.88844286018077","0.3833127818384496","92.7","0.8"
"20:744221:C>T","NM_001370086.1:c.994G>A","NP_001357015.1:p.Val332Ile","Unknown significance","Brown-Vialetto-Van Laere syndrome 1","missense_variant","4/6","null","332","MODERATE","7.593","null","0.00263787","gnomad_AF_nfe_pass"","65.88844286018077","0.3833127818384496","92.7","0.1"
"20:744226:C>A","NM_001370086.1:c.989G>T","NP_001357015.1:p.Gly330Val","Pathogenic","Brown-Vialetto-Van Laere syndrome","missense_variant","4/6","null","330","MODERATE","25.0","null","0","null"","0.46152105486416867","0.004840477260235812","89.92","0.2"
"20:744241:G>A","NM_001370086.1:c.974C>T","NP_001357015.1:p.Ser325Phe","Unknown significance","null","missense_variant","4/6","null","325","MODERATE","27.9","null","0.00578235","gnomad_AF_amr_pass"","0.0","0.0","96.72","1.3"
"20:744256:G>A","NM_001370086.1:c.959C>T","NP_001357015.1:p.Ser320Phe","Unknown significance","null","missense_variant","4/6","null","320","MODERATE","28.2","null","0.000879245","gnomad_AF_nfe_pass"","0.0","0.0","97.43","1.1"
"20:744256:G>C","NM_001370086.1:c.959C>G","NP_001357015.1:p.Ser320Cys","Unknown significance","null","missense_variant","4/6","null","320","MODERATE","27.1","null","0.0120212","gnomad_AF_afr_pass"","0.0","0.0","97.43","0.6"
"20:744259:G>A","NM_001370086.1:c.956C>T","NP_001357015.1:p.Pro319Leu","Unknown significance","null","missense_variant","4/6","null","319","MODERATE","28.3","null","0.00087926","gnomad_AF_nfe_pass"","8.682390382130933","0.055196340181395506","96.83","0.0"
"20:744260:G>A","NM_001370086.1:c.955C>T","NP_001357015.1:p.Pro319Ser","Pathogenic","Brown-Vialetto-Van Laere / Fazio-Londe syndrome","missense_variant","4/6","null","319","MODERATE","26.8","null","0","null"","8.682390382130933","0.055196340181395506","96.83","2.0"
"20:744264:C>T","NM_001370086.1:c.951G>A","NP_001357015.1:p.Met317Ile","Likely benign","null","missense_variant","4/6","null","317","MODERATE","18.73","null","0","null"","36.20087420772957","0.16718395863271196","97.36","0.8"
"20:744265:A>G","NM_001370086.1:c.950T>C","NP_001357015.1:p.Met317Thr","Unknown significance","Brown-Vialetto-Van Laere syndrome 1","missense_variant","4/6","null","317","MODERATE","23.4","null","0","null"","36.20087420772957","0.16718395863271196","97.36","1.2"
"20:744269:C>T","NM_001370086.1:c.946G>A","NP_001357015.1:p.Gly316Ser","Unknown significance","Brown-Vialetto-Van Laere syndrome 1","missense_variant","4/6","null","316","MODERATE","23.6","null","0.00929123","gnomad_AF_nfe_pass"","0.0","0.0","94.23","0.8"
"20:744280:G>A","NM_001370086.1:c.935C>T","NP_001357015.1:p.Ala312Val","Pathogenic","Brown-Vialetto-Van Laere syndrome","missense_variant","4/6","null","312","MODERATE","22.2","null","0.00263797","gnomad_AF_nfe_pass"","10.901111850909945","0.08572839289506748","97.55","0.4"
"20:744281:C>T","NM_001370086.1:c.934G>A","NP_001357015.1:p.Ala312Thr","Unknown significance","null","missense_variant","4/6","null","312","MODERATE","21.3","null","0.012025","gnomad_AF_afr_pass"","10.901111850909945","0.08572839289506748","97.55","0.7"
"20:744283:T>C","NM_001370086.1:c.932A>G","NP_001357015.1:p.Asn311Ser","Unknown significance","null","missense_variant","4/6","null","311","MODERATE","22.1","null","0.00615309","gnomad_AF_afr_pass"","3.470940390612971","0.021716846565954313","95.28","0.1"
"20:744287:C>T","NM_001370086.1:c.928G>A","NP_001357015.1:p.Val310Ile","Unknown significance","null","missense_variant","4/6","null","310","MODERATE","22.7","null","0.0112873","gnomad_AF_amr_pass"","0.0","0.0","96.94","0.2"
"20:744296:C>T","NM_001370086.1:c.919G>A","NP_001357015.1:p.Val307Met","Unknown significance","null","missense_variant","4/6","null","307","MODERATE","23.1","null","0.00615157","gnomad_AF_afr_pass"","0.06205487855625728","3.6101062786568434E-4","95.06","0.8"
"20:744301:G>A","NM_001370086.1:c.914C>T","NP_001357015.1:p.Thr305Ile","Likely benign","null","missense_variant","4/6","null","305","MODERATE","3.829","null","0.000879477","gnomad_AF_nfe_pass"","98.15940052049693","0.6238776157719013","96.12","1.1"
"20:744301:G>T","NM_001370086.1:c.914C>A","NP_001357015.1:p.Thr305Asn","Unknown significance","Brown-Vialetto-Van Laere syndrome 1","missense_variant","4/6","null","305","MODERATE","4.929","null","0.00439738","gnomad_AF_nfe_pass"","98.15940052049693","0.6238776157719013","96.12","0.5"
"20:744307:A>G","NM_001370086.1:c.908T>C","NP_001357015.1:p.Ile303Thr","Unknown significance","null","missense_variant","4/6","null","303","MODERATE","25.0","null","0.0123047","gnomad_AF_afr_pass"","2.6942782977069273","0.013735195140480766","94.22","3.4"
"20:744308:T>C","NM_001370086.1:c.907A>G","NP_001357015.1:p.Ile303Val","Benign","null","missense_variant","4/6","null","303","MODERATE","22.8","null","13.9903","gnomad_AF_sas_pass"","2.6942782977069273","0.013735195140480766","94.22","0.6"
"20:744316:A>G","NM_001370086.1:c.899T>C","NP_001357015.1:p.Leu300Pro","Unknown significance","null","missense_variant","4/6","null","300","MODERATE","25.0","null","0.0114837","gnomad_AF_afr_pass"","52.80056316980339","0.27378909208825575","91.32","1.8"
"20:744320:G>A","NM_001370086.1:c.895C>T","NP_001357015.1:p.His299Tyr","Unknown significance","Brown-Vialetto-Van Laere syndrome 1","missense_variant","4/6","null","299","MODERATE","13.87","null","0","null"","111.69624054945861","0.5437924973265084","89.74","0.4"
"20:744322:G>A","NM_001370086.1:c.893C>T","NP_001357015.1:p.Ala298Val","Unknown significance","Brown-Vialetto-Van Laere syndrome 1","missense_variant","4/6","null","298","MODERATE","17.34","null","0.00289134","gnomad_AF_amr_pass"","75.36888221666419","0.5927150583445223","89.59","0.2"
"20:744322:G>T","NM_001370086.1:c.893C>A","NP_001357015.1:p.Ala298Glu","Unknown significance","null","missense_variant","4/6","null","298","MODERATE","22.2","null","0.00326627","gnomad_AF_sas_pass"","75.36888221666419","0.5927150583445223","89.59","0.2"
"20:744325:G>A","NM_001370086.1:c.890C>T","NP_001357015.1:p.Pro297Leu","Unknown significance","Brown-Vialetto-Van Laere syndrome 1","missense_variant","4/6","null","297","MODERATE","6.040","null","0.0150376","gnomad_AF_eas_pass"","122.76667151294741","0.7804614473120675","85.49","0.4"
"20:744337:G>A","NM_001370086.1:c.878C>T","NP_001357015.1:p.Ala293Val","Likely benign","null","missense_variant","4/6","null","293","MODERATE","9.955","null","0.0097988","gnomad_AF_sas_pass"","100.38162824775907","0.7894199952780196","48.76","0.1"
"20:744337:G>C","NM_001370086.1:c.878C>G","NP_001357015.1:p.Ala293Gly","Likely benign","null","missense_variant","4/6","null","293","MODERATE","10.30","null","0.00326627","gnomad_AF_sas_pass"","100.38162824775907","0.7894199952780196","48.76","0.2"
"20:744337:G>T","NM_001370086.1:c.878C>A","NP_001357015.1:p.Ala293Asp","Unknown significance","Brown-Vialetto-Van Laere syndrome 1","missense_variant","4/6","null","293","MODERATE","15.32","null","0","null"","100.38162824775907","0.7894199952780196","48.76","0.1"
"20:744347:C>G","NM_001370086.1:c.868G>C","NP_001357015.1:p.Glu290Gln","Likely benign","null","missense_variant","4/6","null","290","MODERATE","11.07","null","0.0641026","gnomad_AF_eas_pass"","129.43121735358804","0.6628293156237127","32.02","0.1"
"20:744350:C>T","NM_001370086.1:c.865G>A","NP_001357015.1:p.Glu289Lys","Unknown significance","Brown-Vialetto-Van Laere syndrome 1","missense_variant","4/6","null","289","MODERATE","10.77","null","0.15228","gnomad_AF_afr_pass"","156.30127006086394","0.800433357452985","37.92","0.0"
"20:744358:C>T","NM_001370086.1:c.857G>A","NP_001357015.1:p.Gly286Glu","Likely benign","null","missense_variant","4/6","null","286","MODERATE","0.025","null","0.000879802","gnomad_AF_nfe_pass"","62.575389060111405","0.6562967054342163","30.71","0.2"
"20:744362:G>C","NM_001370086.1:c.853C>G","NP_001357015.1:p.Gln285Glu","Likely benign","null","missense_variant","4/6","null","285","MODERATE","6.406","null","0.00653253","gnomad_AF_sas_pass"","167.14527877084973","0.8452280246938445","30.42","0.1"
"20:744365:C>A","NM_001370086.1:c.850G>T","NP_001357015.1:p.Gly284Cys","Unknown significance","null","missense_variant","4/6","null","284","MODERATE","17.26","null","0.00326627","gnomad_AF_sas_pass"","100.30894360188249","1.05204985858357","29.68","0.0"
"20:744365:C>T","NM_001370086.1:c.850G>A","NP_001357015.1:p.Gly284Ser","Likely benign","null","missense_variant","4/6","null","284","MODERATE","11.21","null","0.000879771","gnomad_AF_nfe_pass"","100.30894360188249","1.05204985858357","29.68","0.1"
"20:744368:G>C","NM_001370086.1:c.847C>G","NP_001357015.1:p.Gln283Glu","Likely benign","null","missense_variant","4/6","null","283","MODERATE","0.596","null","0.00653253","gnomad_AF_sas_pass"","140.24168213239008","0.7091806651087706","35.31","0.1"
"20:744382:G>A","NM_001370086.1:c.833C>T","NP_001357015.1:p.Thr278Met","Benign","null","missense_variant","4/6","null","278","MODERATE","9.414","null","13.8392","gnomad_AF_sas_pass"","141.74387020992583","0.9008900556435739","35.57","0.0"
"20:744382:G>C","NM_001370086.1:c.833C>G","NP_001357015.1:p.Thr278Arg","Unknown significance","Brown-Vialetto-Van Laere syndrome 1","missense_variant","4/6","null","278","MODERATE","4.462","null","0.0120269","gnomad_AF_afr_pass"","141.74387020992583","0.9008900556435739","35.57","0.1"
"20:744386:C>T","NM_001370086.1:c.829G>A","NP_001357015.1:p.Gly277Ser","Unknown significance","Brown-Vialetto-Van Laere syndrome 1","missense_variant","4/6","null","277","MODERATE","9.462","null","0.00289201","gnomad_AF_amr_pass"","69.19207372177273","0.7256931312426746","38.21","0.3"
"20:744389:C>A","NM_001370086.1:c.826G>T","NP_001357015.1:p.Ala276Ser","Likely benign","null","missense_variant","4/6","null","276","MODERATE","0.006","null","0","null"","116.6798828864931","0.9175925336651584","37.78","0.0"
"20:744389:C>G","NM_001370086.1:c.826G>C","NP_001357015.1:p.Ala276Pro","Likely benign","null","missense_variant","4/6","null","276","MODERATE","0.169","null","0.00263899","gnomad_AF_nfe_pass"","116.6798828864931","0.9175925336651584","37.78","0.0"
"20:744394:C>T","NM_001370086.1:c.821G>A","NP_001357015.1:p.Gly274Asp","Likely benign","null","missense_variant","4/6","null","274","MODERATE","11.41","null","0","gnomad_AF_afr_pass,gnomad_AF_amr_pass,gnomad_AF_eas_pass,gnomad_AF_nfe_pass,gnomad_AF_sas_pass"","67.33312571356426","0.7061963055467331","37.53","0.0"
"20:744401:C>G","NM_001370086.1:c.814G>C","NP_001357015.1:p.Asp272His","Unknown significance","null","missense_variant","4/6","null","272","MODERATE","16.41","null","0.0184638","gnomad_AF_afr_pass"","157.8920910299468","0.9869499246276707","40.24","0.1"
"20:744404:T>A","NM_001370086.1:c.811A>T","NP_001357015.1:p.Asn271Tyr","Likely benign","null","missense_variant","4/6","null","271","MODERATE","11.16","null","0.00543656","gnomad_AF_eas_pass"","134.68138091365054","0.8426692928817671","38.11","0.1"
"20:744405:C>G","NM_001370086.1:c.810G>C","NP_001357015.1:p.Glu270Asp","Likely benign","null","missense_variant","4/6","null","270","MODERATE","5.786","null","0.0064792","gnomad_AF_nfe_pass"","148.25901647987132","0.7592482280371107","37.67","0.0"
"20:744412:C>T","NM_001370086.1:c.803G>A","NP_001357015.1:p.Arg268Gln","Unknown significance","Brown-Vialetto-Van Laere syndrome 1","missense_variant","4/6","null","268","MODERATE","10.56","null","0.0160269","gnomad_AF_afr_pass"","184.1966402737207","0.6836642618481908","29.9","0.2"
"20:744413:G>A","NM_001370086.1:c.802C>T","NP_001357015.1:p.Arg268Trp","Unknown significance","Madras motor neuron disease; Brown-Vialetto-Van Laere syndrome 1","missense_variant","4/6","null","268","MODERATE","24.7","null","0.0282247","gnomad_AF_amr_pass"","184.1966402737207","0.6836642618481908","29.9","0.0"
"20:744415:G>A","NM_001370086.1:c.800C>T","NP_001357015.1:p.Pro267Leu","Benign","null","missense_variant","4/6","null","267","MODERATE","13.80","null","25.5164","gnomad_AF_eas_pass"","112.08543922516242","0.7125579201766764","35.27","0.1"
"20:744416:G>A","NM_001370086.1:c.799C>T","NP_001357015.1:p.Pro267Ser","Likely benign","null","missense_variant","4/6","null","267","MODERATE","12.61","null","0","null"","112.08543922516242","0.7125579201766764","35.27","0.1"
"20:744418:C>T","NM_001370086.1:c.797G>A","NP_001357015.1:p.Arg266Gln","Likely benign","null","missense_variant","4/6","null","266","MODERATE","20.7","null","0.0250576","gnomad_AF_eas_pass"","142.18551959747887","0.527735783653055","32.71","0.2"
"20:744419:G>A","NM_001370086.1:c.796C>T","NP_001357015.1:p.Arg266Trp","Pathogenic","Brown-Vialetto-Van Laere / Fazio-Londe syndrome","missense_variant","4/6","null","266","MODERATE","25.8","null","0.00387219","gnomad_AF_nfe_pass"","142.18551959747887","0.527735783653055","32.71","0.0"
"20:744426:G>C","NM_001370086.1:c.789C>G","NP_001357015.1:p.His263Gln","Likely benign","null","missense_variant","4/6","null","263","MODERATE","13.18","null","0.00326627","gnomad_AF_sas_pass"","110.6293919561512","0.5385985511563414","37.71","0.2"
"20:744427:T>C","NM_001370086.1:c.788A>G","NP_001357015.1:p.His263Arg","Likely benign","null","missense_variant","4/6","null","263","MODERATE","11.22","null","0.00615233","gnomad_AF_afr_pass"","110.6293919561512","0.5385985511563414","37.71","0.0"
"20:744428:G>A","NM_001370086.1:c.787C>T","NP_001357015.1:p.His263Tyr","Unknown significance","Brown-Vialetto-Van Laere syndrome 1","missense_variant","4/6","null","263","MODERATE","14.90","null","0.101603","gnomad_AF_amr_pass"","110.6293919561512","0.5385985511563414","37.71","0.4"
"20:744433:G>A","NM_001370086.1:c.782C>T","NP_001357015.1:p.Thr261Ile","Likely benign","null","missense_variant","4/6","null","261","MODERATE","16.36","null","0.00543656","gnomad_AF_eas_pass"","80.76476071545783","0.5133214555749699","43.12","0.1"
"20:744434:T>G","NM_001370086.1:c.781A>C","NP_001357015.1:p.Thr261Pro","Likely benign","null","missense_variant","4/6","null","261","MODERATE","17.85","null","0.00543774","gnomad_AF_eas_pass"","80.76476071545783","0.5133214555749699","43.12","0.3"
"20:744445:T>C","NM_001370086.1:c.770A>G","NP_001357015.1:p.Asn257Ser","Likely benign","null","missense_variant","4/6","null","257","MODERATE","0.349","null","0.00289134","gnomad_AF_amr_pass"","87.96762843446398","0.5503924799886175","49.03","0.0"
"20:744451:A>G","NM_001370086.1:c.764T>C","NP_001357015.1:p.Leu255Pro","Unknown significance","null","missense_variant","4/6","null","255","MODERATE","21.2","null","0.00578302","gnomad_AF_amr_pass"","88.36832335734846","0.45822016980316105","54.03","0.6"
"20:744453:G>T","NM_001370086.1:c.762C>A","NP_001357015.1:p.Asp254Glu","Likely benign","null","missense_variant","4/6","null","254","MODERATE","14.24","null","0.00289184","gnomad_AF_amr_pass"","26.953494318266767","0.16848056804074044","54.26","0.3"
"20:744454:T>A","NM_001370086.1:c.761A>T","NP_001357015.1:p.Asp254Val","Unknown significance","null","missense_variant","4/6","null","254","MODERATE","22.5","null","0.00326627","gnomad_AF_sas_pass"","26.953494318266767","0.16848056804074044","54.26","0.8"
"20:744454:T>G","NM_001370086.1:c.761A>C","NP_001357015.1:p.Asp254Ala","Unknown significance","null","missense_variant","4/6","null","254","MODERATE","18.95","null","0.00326627","gnomad_AF_sas_pass"","26.953494318266767","0.16848056804074044","54.26","0.2"
"20:744461:C>T","NM_001370086.1:c.754G>A","NP_001357015.1:p.Val252Met","Unknown significance","Brown-Vialetto-Van Laere syndrome 1","missense_variant","4/6","null","252","MODERATE","11.30","null","0","null"","94.77519800814044","0.5513644460361818","56.54","0.1"
"20:744475:C>A","NM_001370086.1:c.740G>T","NP_001357015.1:p.Cys247Phe","Likely benign","null","missense_variant","4/6","null","247","MODERATE","0.149","null","0.00289151","gnomad_AF_amr_pass"","0.3828185974184592","0.002477341146232707","57.37","0.9"
"20:744477:C>G","NM_001370086.1:c.738G>C","NP_001357015.1:p.Arg246Ser","Likely benign","null","missense_variant","4/6","null","246","MODERATE","13.69","null","0.00289151","gnomad_AF_amr_pass"","163.09238839002936","0.6053337192037569","58.89","0.2"
"20:744482:G>T","NM_001370086.1:c.733C>A","NP_001357015.1:p.Pro245Thr","Unknown significance","null","missense_variant","4/6","null","245","MODERATE","16.94","null","0.0120192","gnomad_AF_afr_pass"","97.41347015566211","0.6192841833083405","62.27","0.3"
"20:744487:C>T","NM_001370086.1:c.728G>A","NP_001357015.1:p.Arg243His","Unknown significance","Brown-Vialetto-Van Laere syndrome 1","missense_variant","4/6","null","243","MODERATE","15.73","null","0.0310471","gnomad_AF_amr_pass"","187.54077283814675","0.696076344488696","88.91","0.0"
"20:744488:G>T","NM_001370086.1:c.727C>A","NP_001357015.1:p.Arg243Ser","Unknown significance","null","missense_variant","4/6","null","243","MODERATE","22.9","null","0","null"","187.54077283814675","0.696076344488696","88.91","0.4"
"20:744497:C>T","NM_001370086.1:c.718G>A","NP_001357015.1:p.Val240Ile","Likely benign","null","missense_variant","4/6","null","240","MODERATE","0.206","null","0.0114916","gnomad_AF_afr_pass"","46.57845229001188","0.2709749289249628","94.61","0.2"
"20:744505:G>A","NM_001370086.1:c.710C>T","NP_001357015.1:p.Ala237Val","Unknown significance","null","missense_variant","4/6","null","237","MODERATE","23.6","null","0.00653253","gnomad_AF_sas_pass"","1.4225076370572212","0.011186867474962755","96.55","0.6"
"20:744509:C>T","NM_001370086.1:c.706G>A","NP_001357015.1:p.Val236Met","Unknown significance","Brown-Vialetto-Van Laere syndrome 1","missense_variant","4/6","null","236","MODERATE","7.271","null","0.0008796","gnomad_AF_nfe_pass"","95.6775376640103","0.5566138996374546","97.63","0.4"
"20:744512:G>A","NM_001370086.1:c.703C>T","NP_001357015.1:p.Leu235Phe","Unknown significance","null","missense_variant","4/6","null","235","MODERATE","14.31","null","0.00326627","gnomad_AF_sas_pass"","54.72127531420759","0.28374864559695884","97.66","0.4"
"20:744518:A>G","NM_001370086.1:c.697T>C","NP_001357015.1:p.Cys233Arg","Unknown significance","null","missense_variant","4/6","null","233","MODERATE","17.49","null","0.000880003","gnomad_AF_nfe_pass"","62.07414072410794","0.4017015473382977","97.88","0.8"
"20:744521:C>A","NM_001370086.1:c.694G>T","NP_001357015.1:p.Ala232Ser","Likely benign","null","missense_variant","4/6","null","232","MODERATE","14.54","null","0.00440048","gnomad_AF_nfe_pass"","30.315470664195832","0.23840656030716129","97.9","0.9"
"20:744522:C>G","NM_001370086.1:c.693G>C","NP_001357015.1:p.Met231Ile","Unknown significance","null","missense_variant","4/6","null","231","MODERATE","23.2","null","0.0114995","gnomad_AF_afr_pass"","0.0","0.0","97.04","0.3"
"20:744523:A>T","NM_001370086.1:c.692T>A","NP_001357015.1:p.Met231Lys","Unknown significance","null","missense_variant","4/6","null","231","MODERATE","23.6","null","0.00326627","gnomad_AF_sas_pass"","0.0","0.0","97.04","4.5"
"20:744526:A>G","NM_001370086.1:c.689T>C","NP_001357015.1:p.Met230Thr","Unknown significance","null","missense_variant","4/6","null","230","MODERATE","23.8","null","0.00543715","gnomad_AF_eas_pass"","25.368704123918246","0.11715850718083134","97.3","2.1"
"20:744527:T>G","NM_001370086.1:c.688A>C","NP_001357015.1:p.Met230Leu","Likely benign","null","missense_variant","4/6","null","230","MODERATE","15.41","null","0.0123168","gnomad_AF_afr_pass"","25.368704123918246","0.11715850718083134","97.3","0.6"
"20:744530:T>G","NM_001370086.1:c.685A>C","NP_001357015.1:p.Ile229Leu","Likely benign","null","missense_variant","4/6","null","229","MODERATE","0.028","null","0.0097988","gnomad_AF_sas_pass"","119.15613544519374","0.6074475580040171","97.82","0.1"
"20:744539:G>A","NM_001370086.1:c.676C>T","NP_001357015.1:p.Leu226Phe","Unknown significance","null","missense_variant","4/6","null","226","MODERATE","13.74","null","0","null"","64.43215531179831","0.33410290051973385","97.43","0.0"
"20:744544:A>C","NM_001370086.1:c.671T>G","NP_001357015.1:p.Phe224Cys","Pathogenic","Brown-Vialetto-Van Laere syndrome 1","missense_variant","4/6","null","224","MODERATE","27.4","null","0.000881104","gnomad_AF_nfe_pass"","1.6260788697444748","0.007077589467945493","97.55","4.3"
"20:744545:A>G","NM_001370086.1:c.670T>C","NP_001357015.1:p.Phe224Leu","Pathogenic","Brown-Vialetto-Van Laere syndrome","missense_variant","4/6","null","224","MODERATE","25.3","null","0","null"","1.6260788697444748","0.007077589467945493","97.55","1.7"
"20:744550:A>C","NM_001370086.1:c.665T>G","NP_001357015.1:p.Val222Gly","Unknown significance","null","missense_variant","4/6","null","222","MODERATE","22.5","null","0.000881928","gnomad_AF_nfe_pass"","61.22517693518904","0.35618375349042514","96.89","2.4"
"20:744556:G>T","NM_001370086.1:c.659C>A","NP_001357015.1:p.Pro220His","Pathogenic","Brown-Vialetto-Van Laere syndrome","missense_variant","4/6","null","220","MODERATE","25.3","null","0","null"","2.4167265904949136","0.015363794662921175","95.02","0.4"
"20:744569:C>T","NM_001370086.1:c.646G>A","NP_001357015.1:p.Ala216Thr","Unknown significance","Brown-Vialetto-Van Laere syndrome 1","missense_variant","4/6","null","216","MODERATE","17.85","null","0.0141539","gnomad_AF_amr_pass"","15.362388558921083","0.12081271160206865","89.34","0.1"
"20:744580:C>T","NM_001370086.1:c.635G>A","NP_001357015.1:p.Arg212His","Unknown significance","null","missense_variant","4/6","null","212","MODERATE","14.73","null","0.00623053","gnomad_AF_afr_pass"","150.22168890465088","0.5575628301687273","72.78","0.0"
"20:744581:G>A","NM_001370086.1:c.634C>T","NP_001357015.1:p.Arg212Cys","Pathogenic","Brown-Vialetto-Van Laere syndrome","missense_variant","4/6","null","212","MODERATE","18.62","null","0.00178776","gnomad_AF_nfe_pass"","150.22168890465088","0.5575628301687273","72.78","0.4"
"20:744587:C>T","NM_001370086.1:c.628G>A","NP_001357015.1:p.Glu210Lys","Unknown significance","Brown-Vialetto-Van Laere syndrome 1","missense_variant","4/6","null","210","MODERATE","12.15","null","0.00792029","gnomad_AF_nfe_pass"","69.36722854771743","0.35523603629092043","76.19","0.2"
"20:744596:A>T","NM_001370086.1:c.619T>A","NP_001357015.1:p.Ser207Thr","Unknown significance","Brown-Vialetto-Van Laere syndrome 1","missense_variant","4/6","null","207","MODERATE","0.038","null","0","null"","61.283956657642335","0.4443854755780869","61.39","0.3"
"20:744614:C>T","NM_001370086.1:c.601G>A","NP_001357015.1:p.Gly201Arg","Unknown significance","Brown-Vialetto-Van Laere syndrome 1","missense_variant","4/6","null","201","MODERATE","0.098","null","0.00991277","gnomad_AF_amr_pass"","88.94131516503498","0.9328250770238972","42.99","0.1"
"20:744616:G>A","NM_001370086.1:c.599C>T","NP_001357015.1:p.Pro200Leu","Likely benign","null","missense_variant","4/6","null","200","MODERATE","7.122","null","0.00311436","gnomad_AF_nfe_pass"","159.4841253060652","1.0138843851162291","36.26","0.1"
"20:744623:C>A","NM_001370086.1:c.592G>T","NP_001357015.1:p.Ala198Ser","Likely benign","null","missense_variant","4/6","null","198","MODERATE","0.021","null","0.00111787","gnomad_AF_nfe_pass"","87.1883940358785","0.6856659212403028","34.67","0.0"
"20:744623:C>T","NM_001370086.1:c.592G>A","NP_001357015.1:p.Ala198Thr","Likely benign","null","missense_variant","4/6","null","198","MODERATE","0.163","null","0.033203","gnomad_AF_sas_pass"","87.1883940358785","0.6856659212403028","34.67","0.2"
"20:744634:G>C","NM_001370086.1:c.581C>G","NP_001357015.1:p.Ala194Gly","Likely benign","null","missense_variant","4/6","null","194","MODERATE","10.87","null","0","null"","77.68290977872395","0.6109130061064945","33.54","0.4"
"20:744640:G>A","NM_001370086.1:c.575C>T","NP_001357015.1:p.Pro192Leu","Likely benign","null","missense_variant","4/6","null","192","MODERATE","0.112","null","0.00789765","gnomad_AF_eas_pass"","144.3614315605257","0.9177452676957804","34.68","0.1"
"20:745856:G>A","NM_001370086.1:c.563C>T","NP_001357015.1:p.Ala188Val","Likely benign","null","missense_variant","3/6","null","188","MODERATE","12.29","null","0.00289118","gnomad_AF_amr_pass"","110.50328547229094","0.8690186104616109","33.52","0.1"
"20:745857:C>A","NM_001370086.1:c.562G>T","NP_001357015.1:p.Ala188Ser","Likely benign","null","missense_variant","3/6","null","188","MODERATE","0.018","null","0.00326627","gnomad_AF_sas_pass"","110.50328547229094","0.8690186104616109","33.52","0.1"
"20:745857:C>T","NM_001370086.1:c.562G>A","NP_001357015.1:p.Ala188Thr","Likely benign","null","missense_variant","3/6","null","188","MODERATE","0.058","null","0.000880359","gnomad_AF_nfe_pass"","110.50328547229094","0.8690186104616109","33.52","0.0"
"20:745865:G>A","NM_001370086.1:c.554C>T","NP_001357015.1:p.Thr185Ile","Likely benign","null","missense_variant","3/6","null","185","MODERATE","3.027","null","0.0114758","gnomad_AF_afr_pass"","130.48399090304486","0.8293249623503502","34.85","0.0"
"20:745866:T>C","NM_001370086.1:c.553A>G","NP_001357015.1:p.Thr185Ala","Likely benign","null","missense_variant","3/6","null","185","MODERATE","2.451","null","0.00648424","gnomad_AF_nfe_pass"","130.48399090304486","0.8293249623503502","34.85","0.3"
"20:745868:T>C","NM_001370086.1:c.551A>G","NP_001357015.1:p.Glu184Gly","Likely benign","null","missense_variant","3/6","null","184","MODERATE","8.748","null","0","null"","144.36369708350915","0.7392999347086702","37.25","0.1"
"20:745871:C>T","NM_001370086.1:c.548G>A","NP_001357015.1:p.Arg183Lys","Likely benign","null","missense_variant","3/6","null","183","MODERATE","0.305","null","0.00615915","gnomad_AF_afr_pass"","230.10409479449626","0.8540543729904794","32.6","0.2"
"20:745874:G>A","NM_001370086.1:c.545C>T","NP_001357015.1:p.Thr182Met","Likely benign","null","missense_variant","3/6","null","182","MODERATE","7.073","null","0.00175929","gnomad_AF_nfe_pass"","122.37021595772899","0.7777557540936593","38.35","0.0"
"20:745884:G>A","NM_001370086.1:c.535C>T","NP_001357015.1:p.Pro179Ser","Likely benign","null","missense_variant","3/6","null","179","MODERATE","5.254","null","0","gnomad_AF_afr_pass,gnomad_AF_amr_pass,gnomad_AF_eas_pass,gnomad_AF_nfe_pass,gnomad_AF_sas_pass"","124.55625332523971","0.7918383103815994","38.35","0.1"
"20:745886:C>T","NM_001370086.1:c.533G>A","NP_001357015.1:p.Ser178Asn","Likely benign","null","missense_variant","3/6","null","178","MODERATE","0.896","null","0.0115634","gnomad_AF_amr_pass"","126.80216407697529","0.9194745747645903","32.2","0.0"
"20:745890:G>T","NM_001370086.1:c.529C>A","NP_001357015.1:p.Pro177Thr","Likely benign","null","missense_variant","3/6","null","177","MODERATE","0.016","null","0.00648508","gnomad_AF_nfe_pass"","129.41645908427162","0.822735973193354","38.35","0.2"
"20:745893:C>G","NM_001370086.1:c.526G>C","NP_001357015.1:p.Val176Leu","Likely benign","null","missense_variant","3/6","null","176","MODERATE","0.084","null","0.0061546","gnomad_AF_afr_pass"","145.17724311361548","0.8445835187759082","43.79","0.0"
"20:745893:C>T","NM_001370086.1:c.526G>A","NP_001357015.1:p.Val176Ile","Unknown significance","Brown-Vialetto-Van Laere syndrome 1","missense_variant","3/6","null","176","MODERATE","0.042","null","0.00653253","gnomad_AF_sas_pass"","145.17724311361548","0.8445835187759082","43.79","0.0"
"20:745894:G>C","NM_001370086.1:c.525C>G","NP_001357015.1:p.Ser175Arg","Unknown significance","Brown-Vialetto-Van Laere syndrome 1","missense_variant","3/6","null","175","MODERATE","13.22","null","0","null"","107.27925814521795","0.7779090442356741","42.51","0.1"
"20:745894:G>T","NM_001370086.1:c.525C>A","NP_001357015.1:p.Ser175Arg","Unknown significance","Brown-Vialetto-Van Laere syndrome 1","missense_variant","3/6","null","175","MODERATE","12.78","null","0.00400513","gnomad_AF_afr_pass"","107.27925814521795","0.7779090442356741","42.51","0.1"
"20:745898:T>C","NM_001370086.1:c.521A>G","NP_001357015.1:p.Asp174Gly","Benign","null","missense_variant","3/6","null","174","MODERATE","1.853","null","3.70133","gnomad_AF_afr_pass"","153.2575274195591","0.9579802518839817","43.17","0.0"
"20:745902:A>G","NM_001370086.1:c.517T>C","NP_001357015.1:p.Ser173Pro","Unknown significance","Brown-Vialetto-Van Laere syndrome 1","missense_variant","3/6","null","173","MODERATE","0.445","null","0.00846501","gnomad_AF_amr_pass"","89.17021251816033","0.6465957725061515","49.17","0.1"
"20:745903:T>C","NM_001370086.1:c.516A>G","NP_001357015.1:p.Ile172Met","Likely benign","null","missense_variant","3/6","null","172","MODERATE","0.064","null","0.00615309","gnomad_AF_afr_pass"","154.78471336071132","0.7890789324110156","57.66","0.0"
"20:745904:A>G","NM_001370086.1:c.515T>C","NP_001357015.1:p.Ile172Thr","Unknown significance","Brown-Vialetto-Van Laere syndrome 1","missense_variant","3/6","null","172","MODERATE","2.956","null","0.000879105","gnomad_AF_nfe_pass"","154.78471336071132","0.7890789324110156","57.66","0.1"
"20:745905:T>C","NM_001370086.1:c.514A>G","NP_001357015.1:p.Ile172Val","Unknown significance","Brown-Vialetto-Van Laere syndrome 1","missense_variant","3/6","null","172","MODERATE","0.001","null","0.000879105","gnomad_AF_nfe_pass"","154.78471336071132","0.7890789324110156","57.66","0.0"
"20:745908:C>T","NM_001370086.1:c.511G>A","NP_001357015.1:p.Glu171Lys","Likely benign","null","missense_variant","3/6","null","171","MODERATE","10.26","null","0","null"","91.5713780273114","0.4689455532412212","60.68","0.0"
"20:745911:T>C","NM_001370086.1:c.508A>G","NP_001357015.1:p.Thr170Ala","Unknown significance","null","missense_variant","3/6","null","170","MODERATE","22.4","null","0.000879105","gnomad_AF_nfe_pass"","61.542959725487606","0.39115229695260745","73.92","0.5"
"20:745916:T>C","NM_001370086.1:c.503A>G","NP_001357015.1:p.Asn168Ser","Unknown significance","null","missense_variant","3/6","null","168","MODERATE","23.0","null","0.000879121","gnomad_AF_nfe_pass"","126.59704274200004","0.79208751621518","79.95","0.1"
"20:745917:T>G","NM_001370086.1:c.502A>C","NP_001357015.1:p.Asn168His","Pathogenic","Brown-Vialetto-Van Laere syndrome","missense_variant","3/6","null","168","MODERATE","22.4","null","0","null"","126.59704274200004","0.79208751621518","79.95","0.0"
"20:745920:C>T","NM_001370086.1:c.499G>A","NP_001357015.1:p.Val167Ile","Unknown significance","Brown-Vialetto-Van Laere syndrome 1","missense_variant","3/6","null","167","MODERATE","14.88","null","0.0097988","gnomad_AF_sas_pass"","41.135412636055804","0.2393094868406456","80.29","0.1"
"20:745923:A>G","NM_001370086.1:c.496T>C","NP_001357015.1:p.Cys166Arg","Unknown significance","null","missense_variant","3/6","null","166","MODERATE","26.7","null","0.000879136","gnomad_AF_nfe_pass"","56.4309573457636","0.3651827092432214","80.53","2.5"
"20:745925:G>T","NM_001370086.1:c.494C>A","NP_001357015.1:p.Thr165Asn","Unknown significance","null","missense_variant","3/6","null","165","MODERATE","16.21","null","0.000879152","gnomad_AF_nfe_pass"","43.83457473750057","0.27860204759397017","75.65","0.3"
"20:745926:T>C","NM_001370086.1:c.493A>G","NP_001357015.1:p.Thr165Ala","Likely benign","null","missense_variant","3/6","null","165","MODERATE","15.91","null","0.00867253","gnomad_AF_amr_pass"","43.83457473750057","0.27860204759397017","75.65","0.2"
"20:745934:C>A","NM_001370086.1:c.485G>T","NP_001357015.1:p.Gly162Val","Unknown significance","Brown-Vialetto-Van Laere syndrome 1","missense_variant","3/6","null","162","MODERATE","26.7","null","0","null"","13.271870290512734","0.13919665346781074","81.73","0.2"
"20:745935:C>T","NM_001370086.1:c.484G>A","NP_001357015.1:p.Gly162Ser","Unknown significance","null","missense_variant","3/6","null","162","MODERATE","27.2","null","0.000879214","gnomad_AF_nfe_pass"","13.271870290512734","0.13919665346781074","81.73","0.4"
"20:745941:C>T","NM_001370086.1:c.478G>A","NP_001357015.1:p.Gly160Ser","Unknown significance","null","missense_variant","3/6","null","160","MODERATE","26.8","null","0.0115634","gnomad_AF_amr_pass"","24.540059843288827","0.2573785104370279","92.34","0.7"
"20:745952:G>A","NM_001370086.1:c.467C>T","NP_001357015.1:p.Ala156Val","Unknown significance","null","missense_variant","3/6","null","156","MODERATE","27.9","null","0.00289084","gnomad_AF_amr_pass"","0.0","0.0","96.38","0.3"
"20:745956:C>A","NM_001370086.1:c.463G>T","NP_001357015.1:p.Val155Leu","Unknown significance","null","missense_variant","3/6","null","155","MODERATE","18.75","null","0.00578168","gnomad_AF_amr_pass"","33.96257960746563","0.19758079418226718","96.89","0.1"
"20:745956:C>G","NM_001370086.1:c.463G>C","NP_001357015.1:p.Val155Leu","Unknown significance","null","missense_variant","3/6","null","155","MODERATE","18.52","null","0.00326627","gnomad_AF_sas_pass"","33.96257960746563","0.19758079418226718","96.89","0.1"
"20:745956:C>T","NM_001370086.1:c.463G>A","NP_001357015.1:p.Val155Met","Unknown significance","null","missense_variant","3/6","null","155","MODERATE","22.5","null","0.000879198","gnomad_AF_nfe_pass"","33.96257960746563","0.19758079418226718","96.89","1.0"
"20:745962:C>A","NM_001370086.1:c.457G>T","NP_001357015.1:p.Ala153Ser","Unknown significance","null","missense_variant","3/6","null","153","MODERATE","20.7","null","0","null"","0.0","0.0","96.46","1.1"
"20:745962:C>T","NM_001370086.1:c.457G>A","NP_001357015.1:p.Ala153Thr","Unknown significance","Brown-Vialetto-Van Laere syndrome 1","missense_variant","3/6","null","153","MODERATE","24.5","null","0.01693","gnomad_AF_amr_pass"","0.0","0.0","96.46","0.7"
"20:745964:G>A","NM_001370086.1:c.455C>T","NP_001357015.1:p.Pro152Leu","Unknown significance","null","missense_variant","3/6","null","152","MODERATE","28.1","null","0","gnomad_AF_afr_pass,gnomad_AF_amr_pass,gnomad_AF_eas_pass,gnomad_AF_nfe_pass,gnomad_AF_sas_pass"","0.0","0.0","96.54","0.7"
"20:745971:G>A","NM_001370086.1:c.448C>T","NP_001357015.1:p.Leu150Phe","Unknown significance","null","missense_variant","3/6","null","150","MODERATE","18.71","null","0.0123047","gnomad_AF_afr_pass"","30.8890406736847","0.160170306788734","93.93","0.4"
"20:745973:C>A","NM_001370086.1:c.446G>T","NP_001357015.1:p.Gly149Val","Unknown significance","null","missense_variant","3/6","null","149","MODERATE","25.2","null","0.00439645","gnomad_AF_nfe_pass"","0.42048221189054275","0.0044100579237687275","91.45","0.8"
"20:745980:G>T","NM_001370086.1:c.439C>A","NP_001357015.1:p.Leu147Ile","Unknown significance","null","missense_variant","3/6","null","147","MODERATE","24.0","null","0","null"","43.89303378220417","0.227600486562643","91.92","0.8"
"20:745983:C>T","NM_001370086.1:c.436G>A","NP_001357015.1:p.Gly146Arg","Unknown significance","null","missense_variant","3/6","null","146","MODERATE","28.8","null","0.000879353","gnomad_AF_nfe_pass"","9.80478570202265","0.10283353648100384","86.93","0.2"
"20:745998:A>T","NM_001370086.1:c.421T>A","NP_001357015.1:p.Phe141Ile","Unknown significance","null","missense_variant","3/6","null","141","MODERATE","23.7","null","0.0008796","gnomad_AF_nfe_pass"","0.0","0.0","87.6","1.3"
"20:746003:G>A","NM_001370086.1:c.416C>T","NP_001357015.1:p.Thr139Ile","Unknown significance","null","missense_variant","3/6","null","139","MODERATE","20.6","null","0","gnomad_AF_afr_pass,gnomad_AF_amr_pass,gnomad_AF_eas_pass,gnomad_AF_nfe_pass"","64.90335578591355","0.41251016865018425","78.51","0.7"
"20:746016:T>C","NM_001370086.1:c.403A>G","NP_001357015.1:p.Thr135Ala","Pathogenic","Brown-Vialetto-Van Laere syndrome","missense_variant","3/6","null","135","MODERATE","0.003","null","0.00929944","gnomad_AF_nfe_pass"","82.53144243909458","0.5245500610445004","74.24","0.1"
"20:746024:C>A","NM_001370086.1:c.395G>T","NP_001357015.1:p.Arg132Leu","Unknown significance","null","missense_variant","3/6","null","132","MODERATE","23.1","null","0.00326648","gnomad_AF_sas_pass"","137.0749009429772","0.5087672111273813","79.45","0.1"
"20:746024:C>T","NM_001370086.1:c.395G>A","NP_001357015.1:p.Arg132Gln","Unknown significance","Brown-Vialetto-Van Laere syndrome 1","missense_variant","3/6","null","132","MODERATE","16.10","null","0.0302255","gnomad_AF_nfe_pass"","137.0749009429772","0.5087672111273813","79.45","0.2"
"20:746025:G>A","NM_001370086.1:c.394C>T","NP_001357015.1:p.Arg132Trp","Pathogenic","Brown-Vialetto-Van Laere syndrome","missense_variant","3/6","null","132","MODERATE","26.8","null","0.00979944","gnomad_AF_sas_pass"","137.0749009429772","0.5087672111273813","79.45","0.3"
"20:746036:G>A","NM_001370086.1:c.383C>T","NP_001357015.1:p.Pro128Leu","Pathogenic","Brown-Vialetto-Van Laere syndrome","missense_variant","3/6","null","128","MODERATE","28.2","null","0","null"","53.63893225264855","0.3409974236677174","80.2","0.3"
"20:746043:A>G","NM_001370086.1:c.376T>C","NP_001357015.1:p.Phe126Leu","Unknown significance","null","missense_variant","3/6","null","126","MODERATE","28.0","null","0","gnomad_AF_afr_pass,gnomad_AF_amr_pass,gnomad_AF_eas_pass,gnomad_AF_nfe_pass,gnomad_AF_sas_pass"","0.0","0.0","89.68","2.1"
"20:746045:G>T","NM_001370086.1:c.374C>A","NP_001357015.1:p.Thr125Asn","Pathogenic","Brown-Vialetto-Van Laere syndrome","missense_variant","3/6","null","125","MODERATE","25.7","null","0.00543369","gnomad_AF_nfe_pass"","0.0","0.0","87.12","1.7"
"20:746061:A>C","NM_001370086.1:c.358T>G","NP_001357015.1:p.Cys120Gly","Unknown significance","null","missense_variant","3/6","null","120","MODERATE","26.0","null","0.000884377","gnomad_AF_nfe_pass"","0.0","0.0","91.64","4.6"
"20:746061:A>G","NM_001370086.1:c.358T>C","NP_001357015.1:p.Cys120Arg","Unknown significance","null","missense_variant","3/6","null","120","MODERATE","26.9","null","0.00326968","gnomad_AF_sas_pass"","0.0","0.0","91.64","3.4"
"20:746067:C>T","NM_001370086.1:c.352G>A","NP_001357015.1:p.Val118Met","Pathogenic","Brown-Vialetto-Van Laere syndrome","missense_variant","3/6","null","118","MODERATE","27.0","null","0.000887894","gnomad_AF_nfe_pass"","0.0","0.0","96.29","1.7"
"20:746087:A>G","NM_001370086.1:c.332T>C","NP_001357015.1:p.Leu111Pro","Unknown significance","null","missense_variant","3/6","null","111","MODERATE","27.6","null","0.000908381","gnomad_AF_nfe_pass"","19.232781827756376","0.09972859300796981","98.07","4.8"
"20:746088:G>A","NM_001370086.1:c.331C>T","NP_001357015.1:p.Leu111Phe","Unknown significance","null","missense_variant","3/6","null","111","MODERATE","25.1","null","0.0018164","gnomad_AF_nfe_pass"","19.232781827756376","0.09972859300796981","98.07","1.2"
"20:746091:C>A","NM_001370086.1:c.328G>T","NP_001357015.1:p.Val110Phe","Unknown significance","null","missense_variant","3/6","null","110","MODERATE","23.2","null","0.00820599","gnomad_AF_nfe_pass"","82.80410692911207","0.4817213944788511","97.63","0.4"
"20:746092:C>A","NM_001370086.1:c.327G>T","NP_001357015.1:p.Leu109Phe","Unknown significance","Brown-Vialetto-Van Laere syndrome 1","missense_variant","3/6","null","109","MODERATE","10.91","null","0","null"","18.937632939711957","0.09819814444383869","97.34","0.2"
"20:746099:G>A","NM_001370086.1:c.320C>T","NP_001357015.1:p.Ala107Val","Unknown significance","null","missense_variant","3/6","null","107","MODERATE","17.96","null","0.000929403","gnomad_AF_nfe_pass"","10.73050529075272","0.08438671083367172","96.52","0.5"
"20:746099:G>C","NM_001370086.1:c.320C>G","NP_001357015.1:p.Ala107Gly","Unknown significance","null","missense_variant","3/6","null","107","MODERATE","16.82","null","0.0207521","gnomad_AF_afr_pass"","10.73050529075272","0.08438671083367172","96.52","1.9"
"20:746100:C>T","NM_001370086.1:c.319G>A","NP_001357015.1:p.Ala107Thr","Unknown significance","Brown-Vialetto-Van Laere syndrome 1","missense_variant","3/6","null","107","MODERATE","13.33","null","0.0117682","gnomad_AF_amr_pass"","10.73050529075272","0.08438671083367172","96.52","1.0"
"20:746105:C>T","NM_001370086.1:c.314G>A","NP_001357015.1:p.Ser105Asn","Unknown significance","null","missense_variant","3/6","null","105","MODERATE","24.0","null","0","null"","0.0","0.0","96.38","0.9"
"20:746108:T>C","NM_001370086.1:c.311A>G","NP_001357015.1:p.His104Arg","Unknown significance","Brown-Vialetto-Van Laere syndrome 1","missense_variant","3/6","null","104","MODERATE","10.37","null","0.0117137","gnomad_AF_eas_pass"","45.04488646272209","0.21930076769688917","94.88","0.5"
"20:746112:G>A","NM_001370086.1:c.307C>T","NP_001357015.1:p.His103Tyr","Likely benign","null","missense_variant","3/6","null","103","MODERATE","11.84","null","0","null"","125.8534543953706","0.6127168105762905","94.15","0.2"
"20:746114:C>T","NM_001370086.1:c.305G>A","NP_001357015.1:p.Gly102Asp","Unknown significance","Brown-Vialetto-Van Laere syndrome 1","missense_variant","3/6","null","102","MODERATE","6.614","null","0","null"","19.043308258904077","0.1997280505740206","88.94","0.6"
"20:746115:C>T","NM_001370086.1:c.304G>A","NP_001357015.1:p.Gly102Ser","Unknown significance","Brown-Vialetto-Van Laere syndrome 1","missense_variant","3/6","null","102","MODERATE","0.069","null","0.00621581","gnomad_AF_amr_pass"","19.043308258904077","0.1997280505740206","88.94","0.9"
"20:746116:G>C","NM_001370086.1:c.303C>G","NP_001357015.1:p.Asp101Glu","Unknown significance","null","missense_variant","3/6","null","101","MODERATE","0.001","null","0.000994431","gnomad_AF_nfe_pass"","138.58900166796496","0.8662904130168212","85.32","0.0"
"20:746116:G>T","NM_001370086.1:c.303C>A","NP_001357015.1:p.Asp101Glu","Unknown significance","null","missense_variant","3/6","null","101","MODERATE","0.001","null","0.000994431","gnomad_AF_nfe_pass"","138.58900166796496","0.8662904130168212","85.32","0.0"
"20:746121:G>T","NM_001370086.1:c.298C>A","NP_001357015.1:p.Leu100Met","Unknown significance","null","missense_variant","3/6","null","100","MODERATE","13.14","null","0.011489","gnomad_AF_afr_pass"","189.8373989453894","0.9843722487297043","85.25","0.0"
"20:746125:C>G","NM_001370086.1:c.294G>C","NP_001357015.1:p.Trp98Cys","Unknown significance","null","missense_variant","3/6","null","98","MODERATE","22.0","null","0","null"","174.66943602149058","0.6658431791927912","93.61","0.4"
"20:746126:C>A","NM_001370086.1:c.293G>T","NP_001357015.1:p.Trp98Leu","Unknown significance","null","missense_variant","3/6","null","98","MODERATE","14.88","null","0","gnomad_AF_afr_pass,gnomad_AF_amr_pass,gnomad_AF_eas_pass,gnomad_AF_nfe_pass,gnomad_AF_sas_pass"","174.66943602149058","0.6658431791927912","93.61","0.0"
"20:746132:G>T","NM_001370086.1:c.287C>A","NP_001357015.1:p.Thr96Asn","Unknown significance","Brown-Vialetto-Van Laere syndrome 1","missense_variant","3/6","null","96","MODERATE","23.4","null","0","null"","64.96057439696926","0.4128738364237641","94.85","0.8"
"20:746134:C>A","NM_001370086.1:c.285G>T","NP_001357015.1:p.Met95Ile","Likely benign","null","missense_variant","3/6","null","95","MODERATE","14.51","null","0","null"","107.37604718516101","0.49588726857085375","95.05","0.1"
"20:746144:A>G","NM_001370086.1:c.275T>C","NP_001357015.1:p.Leu92Pro","Unknown significance","null","missense_variant","3/6","null","92","MODERATE","25.8","null","0.00379651","gnomad_AF_sas_pass"","68.00874265505051","0.3526487368270895","97.18","2.3"
"20:746147:A>C","NM_001370086.1:c.272T>G","NP_001357015.1:p.Phe91Cys","Unknown significance","Brown-Vialetto-Van Laere syndrome 1","missense_variant","3/6","null","91","MODERATE","26.2","null","0.0114943","gnomad_AF_afr_pass"","119.7542146466941","0.5212361983762294","97.34","1.7"
"20:746150:G>A","NM_001370086.1:c.269C>T","NP_001357015.1:p.Ala90Val","Unknown significance","null","missense_variant","3/6","null","90","MODERATE","25.5","null","0.00115843","gnomad_AF_nfe_pass"","0.0","0.0","97.38","0.9"
"20:746165:G>A","NM_001370086.1:c.254C>T","NP_001357015.1:p.Thr85Ile","Unknown significance","null","missense_variant","3/6","null","85","MODERATE","22.4","null","0.00370233","gnomad_AF_amr_pass"","7.830703182953249","0.04977007200220398","98.14","1.7"
"20:746169:C>G","NM_001370086.1:c.250G>C","NP_001357015.1:p.Val84Leu","Unknown significance","Brown-Vialetto-Van Laere syndrome 1","missense_variant","3/6","null","84","MODERATE","0.001","null","0","null"","92.5069194589563","0.538168502666913","98.24","0.1"
"20:746169:C>T","NM_001370086.1:c.250G>A","NP_001357015.1:p.Val84Ile","Unknown significance","Brown-Vialetto-Van Laere syndrome 1","missense_variant","3/6","null","84","MODERATE","0.001","null","0.0176647","gnomad_AF_afr_pass"","92.5069194589563","0.538168502666913","98.24","0.0"
"20:746178:C>T","NM_001370086.1:c.241G>A","NP_001357015.1:p.Val81Met","Benign","null","missense_variant","3/6","null","81","MODERATE","9.226","null","0.683399","gnomad_AF_sas_pass"","51.55659781024416","0.2999358016504897","97.66","0.6"
"20:746180:C>T","NM_001370086.1:c.239G>A","NP_001357015.1:p.Gly80Asp","Unknown significance","null","missense_variant","3/6","null","80","MODERATE","13.28","null","0.00125433","gnomad_AF_nfe_pass"","19.00394795620891","0.1993152359296096","98.01","0.4"
"20:746181:C>T","NM_001370086.1:c.238G>A","NP_001357015.1:p.Gly80Ser","Likely benign","null","missense_variant","3/6","null","80","MODERATE","0.568","null","0.00374981","gnomad_AF_amr_pass"","19.00394795620891","0.1993152359296096","98.01","0.6"
"20:746195:A>G","NM_001370086.1:c.224T>C","NP_001357015.1:p.Ile75Thr","Likely pathogenic","Brown-Vialetto-Van Laere syndrome","missense_variant","3/6","null","75","MODERATE","25.5","null","0.00121782","gnomad_AF_nfe_pass"","0.0","0.0","94.04","4.1"
"20:746197:G>C","NM_001370086.1:c.222C>G","NP_001357015.1:p.Ile74Met","Benign","null","missense_variant","3/6","null","74","MODERATE","21.1","null","9.75868","gnomad_AF_nfe_pass"","35.727151992626695","0.18213389643155653","91.85","0.6"
"20:746204:A>T","NM_001370086.1:c.215T>A","NP_001357015.1:p.Val72Glu","Unknown significance","Brown-Vialetto-Van Laere syndrome 1","missense_variant","3/6","null","72","MODERATE","16.07","null","0.00397583","gnomad_AF_sas_pass"","36.782525520099185","0.2139861190842278","90.55","1.6"
"20:746208:C>T","NM_001370086.1:c.211G>A","NP_001357015.1:p.Glu71Lys","Pathogenic","Brown-Vialetto-Van Laere syndrome","missense_variant","3/6","null","71","MODERATE","26.7","null","0.00240425","gnomad_AF_nfe_pass"","3.085106116680361","0.01579911568288348","81.86","0.8"
"20:746216:C>G","NM_001370086.1:c.203G>C","NP_001357015.1:p.Cys68Ser","Unknown significance","Brown-Vialetto-Van Laere syndrome 1","missense_variant","3/6","null","68","MODERATE","18.86","null","0.0167405","gnomad_AF_nfe_pass"","103.25527309310365","0.6681977791152792","62.62","0.0"
"20:746225:C>T","NM_001370086.1:c.194G>A","NP_001357015.1:p.Arg65Gln","Unknown significance","Brown-Vialetto-Van Laere syndrome 1","missense_variant","3/6","null","65","MODERATE","14.90","null","0.0188626","gnomad_AF_afr_pass"","154.60822213029402","0.5738438871702308","81.16","0.1"
"20:746226:G>A","NM_001370086.1:c.193C>T","NP_001357015.1:p.Arg65Trp","Pathogenic","Brown-Vialetto-Van Laere syndrome","missense_variant","3/6","null","65","MODERATE","23.0","null","0.00595735","gnomad_AF_eas_pass"","154.60822213029402","0.5738438871702308","81.16","0.6"
"20:746235:G>A","NM_001370086.1:c.184C>T","NP_001357015.1:p.His62Tyr","Unknown significance","null","missense_variant","3/6","null","62","MODERATE","25.7","null","0","null"","54.21043332481344","0.2639231792747688","78.51","0.8"
"20:746238:G>T","NM_001370086.1:c.181C>A","NP_001357015.1:p.Leu61Ile","Likely benign","null","missense_variant","3/6","null","61","MODERATE","16.16","null","0","null"","87.48492640910263","0.4536394525930824","84.57","0.1"
"20:746241:G>C","NM_001370086.1:c.178C>G","NP_001357015.1:p.Leu60Val","Unknown significance","null","missense_variant","3/6","null","60","MODERATE","22.6","null","0","null"","80.33912116124343","0.41658599305404187","86.24","0.4"
"20:746244:T>A","NM_001370086.1:c.175A>T","NP_001357015.1:p.Thr59Ser","Unknown significance","null","missense_variant","3/6","null","59","MODERATE","24.6","null","0","null"","51.65514796357796","0.3283077360189511","81.34","0.7"
"20:746246:A>T","NM_001370086.1:c.173T>A","NP_001357015.1:p.Val58Asp","Pathogenic","Brown-Vialetto-Van Laere / Fazio-Londe syndrome","missense_variant","3/6","null","58","MODERATE","27.2","null","0","null"","13.121787048126206","0.0763373435123125","85.56","4.2"
"20:746253:G>A","NM_001370086.1:c.166C>T","NP_001357015.1:p.Leu56Phe","Unknown significance","null","missense_variant","3/6","null","56","MODERATE","23.4","null","0","null"","107.55628326083371","0.5577163457076925","88.49","0.5"
"20:746253:G>T","NM_001370086.1:c.166C>A","NP_001357015.1:p.Leu56Ile","Unknown significance","null","missense_variant","3/6","null","56","MODERATE","23.5","null","0","null"","107.55628326083371","0.5577163457076925","88.49","0.3"
"20:746259:C>T","NM_001370086.1:c.160G>A","NP_001357015.1:p.Gly54Arg","Likely pathogenic","Brown-Vialetto-Van Laere syndrome","missense_variant","3/6","null","54","MODERATE","26.5","null","0.000976753","gnomad_AF_nfe_pass"","1.3704127977380816","0.014373021370692676","91.91","0.6"
"20:746276:A>C","NM_001370086.1:c.143T>G","NP_001357015.1:p.Ile48Ser","Unknown significance","null","missense_variant","3/6","null","48","MODERATE","26.2","null","0.0121124","gnomad_AF_amr_pass"","7.223065276577424","0.03682255510526081","95.93","4.8"
"20:746279:A>G","NM_001370086.1:c.140T>C","NP_001357015.1:p.Val47Ala","Unknown significance","Brown-Vialetto-Van Laere syndrome 1","missense_variant","3/6","null","47","MODERATE","23.7","null","0","null"","21.08202134574666","0.12264682390452163","97.45","2.1"
"20:746280:C>A","NM_001370086.1:c.139G>T","NP_001357015.1:p.Val47Phe","Unknown significance","null","missense_variant","3/6","null","47","MODERATE","18.05","null","0","null"","21.08202134574666","0.12264682390452163","97.45","0.5"
"20:746280:C>T","NM_001370086.1:c.139G>A","NP_001357015.1:p.Val47Ile","Likely benign","null","missense_variant","3/6","null","47","MODERATE","8.925","null","0","gnomad_AF_afr_pass,gnomad_AF_amr_pass,gnomad_AF_eas_pass,gnomad_AF_nfe_pass,gnomad_AF_sas_pass"","21.08202134574666","0.12264682390452163","97.45","0.5"
"20:746285:G>A","NM_001370086.1:c.134C>T","NP_001357015.1:p.Thr45Met","Unknown significance","Brown-Vialetto-Van Laere syndrome 1","missense_variant","3/6","null","45","MODERATE","26.5","null","0.0116036","gnomad_AF_amr_pass"","1.6184710599264478","0.010286614024826793","96.86","1.0"
"20:746288:A>G","NM_001370086.1:c.131T>C","NP_001357015.1:p.Leu44Pro","Unknown significance","null","missense_variant","3/6","null","44","MODERATE","27.6","null","0","null"","0.0","0.0","97.29","5.1"
"20:746289:G>A","NM_001370086.1:c.130C>T","NP_001357015.1:p.Leu44Phe","Unknown significance","null","missense_variant","3/6","null","44","MODERATE","25.2","null","0.0102197","gnomad_AF_eas_pass"","0.0","0.0","97.29","1.2"
"20:746291:T>C","NM_001370086.1:c.128A>G","NP_001357015.1:p.Tyr43Cys","Unknown significance","null","missense_variant","3/6","null","43","MODERATE","27.5","null","0.00553955","gnomad_AF_eas_pass"","45.13630587046904","0.18813714423984387","96.92","2.8"
"20:746294:G>A","NM_001370086.1:c.125C>T","NP_001357015.1:p.Ser42Phe","Unknown significance","Brown-Vialetto-Van Laere syndrome 1","missense_variant","3/6","null","42","MODERATE","28.3","null","0","null"","0.0","0.0","97.22","1.3"
"20:746313:C>T","NM_001370086.1:c.106G>A","NP_001357015.1:p.Glu36Lys","Pathogenic","Brown-Vialetto-Van Laere syndrome","missense_variant","3/6","null","36","MODERATE","28.8","null","0.00330688","gnomad_AF_sas_pass"","7.153406240311596","0.036633259422192165","94.87","0.6"
"20:746322:C>G","NM_001370086.1:c.97G>C","NP_001357015.1:p.Glu33Gln","Likely benign","Brown-Vialetto-Van Laere syndrome 1","missense_variant","3/6","null","33","MODERATE","15.17","null","0.467105","gnomad_AF_amr_pass"","73.22456391925905","0.37498980989149916","91.64","0.4"
"20:746325:T>A","NM_001370086.1:c.94A>T","NP_001357015.1:p.Met32Leu","Unknown significance","null","missense_variant","3/6","null","32","MODERATE","16.63","null","0.00289855","gnomad_AF_amr_pass"","63.84838817537823","0.29486653350483394","89.53","0.3"
"20:746325:T>C","NM_001370086.1:c.94A>G","NP_001357015.1:p.Met32Val","Likely benign","null","missense_variant","3/6","null","32","MODERATE","15.63","null","0.000897795","gnomad_AF_nfe_pass"","63.84838817537823","0.29486653350483394","89.53","0.3"
"20:746337:G>A","NM_001370086.1:c.82C>T","NP_001357015.1:p.Pro28Ser","Unknown significance","null","missense_variant","3/6","null","28","MODERATE","26.6","null","0","null"","0.8773275358051275","0.00557741209338714","94.77","2.3"
"20:746337:G>T","NM_001370086.1:c.82C>A","NP_001357015.1:p.Pro28Thr","Pathogenic","Brown-Vialetto-Van Laere syndrome","missense_variant","3/6","null","28","MODERATE","25.9","null","0","null"","0.8773275358051275","0.00557741209338714","94.77","1.7"
"20:746346:C>T","NM_001370086.1:c.73G>A","NP_001357015.1:p.Val25Ile","Unknown significance","null","missense_variant","3/6","null","25","MODERATE","25.3","null","0.00327998","gnomad_AF_sas_pass"","0.0","0.0","96.4","0.5"
"20:746349:A>G","NM_001370086.1:c.70T>C","NP_001357015.1:p.Trp24Arg","Unknown significance","null","missense_variant","3/6","null","24","MODERATE","27.8","null","0.0115835","gnomad_AF_amr_pass"","15.060908639245099","0.05741246733431546","96.44","4.1"
"20:746357:T>C","NM_001370086.1:c.62A>G","NP_001357015.1:p.Asn21Ser","Pathogenic","Brown-Vialetto-Van Laere syndrome","missense_variant","3/6","null","21","MODERATE","25.0","null","0.0200904","gnomad_AF_eas_pass"","33.24068039855564","0.20797901281037925","95.06","0.5"
"20:746361:T>G","NM_001370086.1:c.58A>C","NP_001357015.1:p.Ile20Leu","Pathogenic","Brown-Vialetto-Van Laere syndrome","missense_variant","3/6","null","20","MODERATE","24.9","null","0.0166237","gnomad_AF_nfe_pass"","6.384942679136165","0.03254987939937702","95.65","0.9"
"20:746370:A>G","NM_001370086.1:c.49T>C","NP_001357015.1:p.Trp17Arg","Pathogenic","Brown-Vialetto-Van Laere syndrome","missense_variant","3/6","null","17","MODERATE","27.1","null","0","null"","41.67881782100317","0.15888043835854304","93.06","4.4"
"20:746375:C>A","NM_001370086.1:c.44G>T","NP_001357015.1:p.Gly15Val","Pathogenic","Brown-Vialetto-Van Laere syndrome","missense_variant","3/6","null","15","MODERATE","25.2","null","0","null"","0.0","0.0","93.28","0.8"
"20:746375:C>T","NM_001370086.1:c.44G>A","NP_001357015.1:p.Gly15Asp","Unknown significance","null","missense_variant","3/6","null","15","MODERATE","25.3","null","0","null"","0.0","0.0","93.28","1.3"
"20:746378:A>G","NM_001370086.1:c.41T>C","NP_001357015.1:p.Met14Thr","Likely benign","null","missense_variant","3/6","null","14","MODERATE","4.897","null","0.000904388","gnomad_AF_nfe_pass"","10.610311476822872","0.049000857405885195","93.91","1.7"
"20:746382:C>G","NM_001370086.1:c.37G>C","NP_001357015.1:p.Gly13Arg","Unknown significance","null","missense_variant","3/6","null","13","MODERATE","24.6","null","0","gnomad_AF_afr_pass,gnomad_AF_amr_pass,gnomad_AF_eas_pass,gnomad_AF_nfe_pass,gnomad_AF_sas_pass"","0.0","0.0","92.54","0.6"
"20:746382:C>T","NM_001370086.1:c.37G>A","NP_001357015.1:p.Gly13Arg","Pathogenic","Brown-Vialetto-Van Laere syndrome","missense_variant","3/6","null","13","MODERATE","24.8","null","0.0018134","gnomad_AF_nfe_pass"","0.0","0.0","92.54","0.6"
"20:746388:C>G","NM_001370086.1:c.31G>C","NP_001357015.1:p.Val11Leu","Likely benign","null","missense_variant","3/6","null","11","MODERATE","0.001","null","0.00329164","gnomad_AF_sas_pass"","30.950056591238024","0.18005513220611477","96.41","0.8"
"20:746388:C>T","NM_001370086.1:c.31G>A","NP_001357015.1:p.Val11Ile","Unknown significance","Brown-Vialetto-Van Laere syndrome 1","missense_variant","3/6","null","11","MODERATE","0.004","null","0.00091073","gnomad_AF_nfe_pass"","30.950056591238024","0.18005513220611477","96.41","0.3"
"20:746394:C>T","NM_001370086.1:c.25G>A","NP_001357015.1:p.Val9Ile","Unknown significance","Brown-Vialetto-Van Laere syndrome 1","missense_variant","3/6","null","9","MODERATE","22.1","null","0.000917364","gnomad_AF_nfe_pass"","0.0","0.0","92.81","0.3"
"20:746414:G>A","NM_001370086.1:c.5C>T","NP_001357015.1:p.Ala2Val","Unknown significance","Brown-Vialetto-Van Laere syndrome 1","missense_variant","3/6","null","2","MODERATE","22.7","null","0.00715308","gnomad_AF_nfe_pass"","78.34537827529726","0.6161227829009689","83.04","0.2"
"20:746415:C>A","NM_001370086.1:c.4G>T","NP_001357015.1:p.Ala2Ser","Likely benign","null","missense_variant","3/6","null","2","MODERATE","15.36","null","0.0134228","gnomad_AF_afr_pass"","78.34537827529726","0.6161227829009689","83.04","0.2"