{"applied_filters": "CONTAINS missense_variant[Consequence]"},
"Genomic Description (GRCh37)","HGVS Nucleotide Change","HGVS Protein Change","Variant Classification","Phenotype","Consequence","Exon","Intron","Protein Position","Impact","CADD Phred","Interpro Domain","Max MAF (%)","Max MAF Source","Surface Area","Normalized SA","Confidence Score","ddG","|ddG|"
"17:18925280:G>A","NM_006613.4:c.646C>T","NP_006604.1:p.His216Tyr","Unknown significance","null","missense_variant","5/5","null","216","MODERATE","18.65","SH3_domain&SH3_domain&SH3_domain&SH3_domain","0","null","185.56223122958755","0.903408643240191","66.83","0.1","0.1"
"17:18925283:C>T","NM_006613.4:c.643G>A","NP_006604.1:p.Val215Met","Unknown significance","null","missense_variant","5/5","null","215","MODERATE","15.03","SH3_domain&SH3_domain&SH3_domain&SH3_domain&SH3_domain&SH3_domain&SH3_domain&SH3_domain","0.0229779","gnomad_AF_afr_pass","39.17875003516253","0.22792640124763452","80.69","-0.3","0.3"
"17:18925285:G>A","NM_006613.4:c.641C>T","NP_006604.1:p.Pro214Leu","Unknown significance","null","missense_variant","5/5","null","214","MODERATE","24.1","SH3_domain&SH3_domain&SH3_domain&SH3_domain&SH3_domain&SH3_domain&SH3_domain&SH3_domain","0","null","61.63749475024006","0.39184648218135426","84.36","1.0","1.0"
"17:18925288:T>C","NM_006613.4:c.638A>G","NP_006604.1:p.Gln213Arg","Unknown significance","null","missense_variant","5/5","null","213","MODERATE","17.10","SH3_domain&SH3_domain&SH3_domain&SH3_domain&SH3_domain&SH3_domain&SH3_domain&SH3_domain","0.00322886","gnomad_AF_nfe_pass","106.68953288805746","0.5395125952801288","87.91","0.1","0.1"
"17:18925292:C>T","NM_006613.4:c.634G>A","NP_006604.1:p.Val212Met","Unknown significance","null","missense_variant","5/5","null","212","MODERATE","25.0","SH3_domain&SH3_domain&SH3_domain&SH3_domain&SH3_domain&SH3_domain&SH3_domain&SH3_domain","0","null","10.202268494348399","0.059352744546264505","90.79","-1.1","1.1"
"17:18925297:C>T","NM_006613.4:c.629G>A","NP_006604.1:p.Ser210Asn","Benign","null","missense_variant","5/5","null","210","MODERATE","14.29","SH3_domain&SH3_domain&SH3_domain&SH3_domain&SH3_domain&SH3_domain&SH3_domain&SH3_domain","0.526029","gnomad_AF_sas_pass","105.42723743365498","0.7644795734642933","89.61","0.0","0.0"
"17:18925300:C>T","NM_006613.4:c.626G>A","NP_006604.1:p.Arg209Gln","Unknown significance","null","missense_variant","5/5","null","209","MODERATE","17.63","null","0","null","88.33514262840987","0.3278647210424855","85.85","-0.3","0.3"
"17:18925309:A>C","NM_006613.4:c.617T>G","NP_006604.1:p.Phe206Cys","Unknown significance","null","missense_variant","5/5","null","206","MODERATE","23.1","SH3_domain&SH3_domain&SH3_domain&SH3_domain&SH3_domain&SH3_domain&SH3_domain&SH3_domain","0","null","60.44728709568281","0.26309983511532303","91.02","-1.6","1.6"
"17:18925316:C>A","NM_006613.4:c.610G>T","NP_006604.1:p.Val204Phe","Likely benign","null","missense_variant","5/5","null","204","MODERATE","13.84","SH3_domain&SH3_domain&SH3_domain&SH3_domain&SH3_domain&SH3_domain&SH3_domain&SH3_domain","0.00200771","gnomad_AF_nfe_pass","64.53990837175942","0.3754675439830218","86.7","0.1","0.1"
"17:18925316:C>T","NM_006613.4:c.610G>A","NP_006604.1:p.Val204Ile","Likely benign","null","missense_variant","5/5","null","204","MODERATE","5.153","SH3_domain&SH3_domain&SH3_domain&SH3_domain&SH3_domain&SH3_domain&SH3_domain&SH3_domain","0","null","64.53990837175942","0.3754675439830218","86.7","0.1","0.1"
"17:18925318:C>T","NM_006613.4:c.608G>A","NP_006604.1:p.Arg203His","Unknown significance","null","missense_variant","5/5","null","203","MODERATE","16.76","null","0.0323439","gnomad_AF_sas_pass","95.7138672741431","0.35525159591061506","81.06","-0.6","0.6"
"17:18925319:G>A","NM_006613.4:c.607C>T","NP_006604.1:p.Arg203Cys","Unknown significance","null","missense_variant","5/5","null","203","MODERATE","24.4","SH3_domain&SH3_domain&SH3_domain&SH3_domain&SH3_domain&SH3_domain&SH3_domain&SH3_domain","0","null","95.7138672741431","0.35525159591061506","81.06","-1.2","1.2"
"17:18925322:C>T","NM_006613.4:c.604G>A","NP_006604.1:p.Gly202Arg","Unknown significance","null","missense_variant","5/5","null","202","MODERATE","24.1","SH3_domain&SH3_domain&SH3_domain&SH3_domain&SH3_domain&SH3_domain","0.00766754","gnomad_AF_afr_pass","91.54740746111186","0.9601580239486015","75.18","-0.0","0.0"
"17:18925324:C>T","NM_006613.4:c.602G>A","NP_006604.1:p.Cys201Tyr","Unknown significance","null","missense_variant","5/5","null","201","MODERATE","5.998","null","0","null","103.32388681285254","0.6686418003626173","77.95","0.5","0.5"
"17:18925331:G>A","NM_006613.4:c.595C>T","NP_006604.1:p.Arg199Trp","Unknown significance","null","missense_variant","5/5","null","199","MODERATE","23.3","SH3_domain&SH3_domain&SH3_domain&SH3_domain&SH3_domain&SH3_domain&SH3_domain&SH3_domain","0.000990374","gnomad_AF_nfe_pass","121.23074827979687","0.44996005308700404","86.64","0.3","0.3"
"17:18925336:C>T","NM_006613.4:c.590G>A","NP_006604.1:p.Arg197Gln","Unknown significance","null","missense_variant","5/5","null","197","MODERATE","15.58","null","0.00354635","gnomad_AF_sas_pass","76.52270913984592","0.28402169214907474","85.96","-0.4","0.4"
"17:18925337:G>A","NM_006613.4:c.589C>T","NP_006604.1:p.Arg197Trp","Unknown significance","null","missense_variant","5/5","null","197","MODERATE","27.9","SH3_domain&SH3_domain&SH3_domain&SH3_domain&SH3_domain&SH3_domain&SH3_domain&SH3_domain","0","null","76.52270913984592","0.28402169214907474","85.96","0.8","0.8"
"17:18925348:G>A","NM_006613.4:c.578C>T","NP_006604.1:p.Pro193Leu","Unknown significance","null","missense_variant","5/5","null","193","MODERATE","27.2","SH3_domain&SH3_domain&SH3_domain&SH3_domain&SH3_domain&SH3_domain&SH3_domain&SH3_domain","0","null","101.2808199201904","0.6438699878861521","75.9","0.2","0.2"
"17:18925349:G>T","NM_006613.4:c.577C>A","NP_006604.1:p.Pro193Thr","Unknown significance","null","missense_variant","5/5","null","193","MODERATE","19.21","SH3_domain&SH3_domain&SH3_domain&SH3_domain&SH3_domain&SH3_domain&SH3_domain&SH3_domain","0.00610501","gnomad_AF_eas_pass","101.2808199201904","0.6438699878861521","75.9","0.1","0.1"
"17:18925355:G>A","NM_006613.4:c.571C>T","NP_006604.1:p.Pro191Ser","Likely benign","null","missense_variant","5/5","null","191","MODERATE","12.50","SH3_domain&SH3_domain&SH3_domain&SH3_domain&SH3_domain&SH3_domain","0","null","82.56536747657226","0.5248907167107021","73.34","0.2","0.2"
"17:18925357:C>T","NM_006613.4:c.569G>A","NP_006604.1:p.Arg190His","Unknown significance","null","missense_variant","5/5","null","190","MODERATE","17.00","SH2_domain","0.00721888","gnomad_AF_nfe_pass","153.9295671036169","0.5713249911297097","78.71","-0.2","0.2"
"17:18925358:G>A","NM_006613.4:c.568C>T","NP_006604.1:p.Arg190Cys","Likely benign","null","missense_variant","5/5","null","190","MODERATE","16.71","SH3_domain&SH3_domain&SH3_domain&SH3_domain&SH3_domain&SH3_domain&SH3_domain","0","null","153.9295671036169","0.5713249911297097","78.71","-0.5","0.5"
"17:18925367:C>T","NM_006613.4:c.559G>A","NP_006604.1:p.Val187Ile","Unknown significance","null","missense_variant","5/5","null","187","MODERATE","21.0","SH3_domain&SH3_domain&SH3_domain&SH3_domain&SH3_domain&SH3_domain&SH3_domain","0.0037048","gnomad_AF_sas_pass","11.570214139936908","0.06731090880167163","86.07","-0.0","0.0"
"17:18925372:A>G","NM_006613.4:c.554T>C","NP_006604.1:p.Ile185Thr","Unknown significance","null","missense_variant","5/5","null","185","MODERATE","26.4","SH3_domain&SH3_domain&SH3_domain&SH3_domain&SH3_domain&SH3_domain&SH3_domain","0","null","0.0","0.0","89.0","-3.2","3.2"
"17:18925376:T>C","NM_006613.4:c.550A>G","NP_006604.1:p.Ile184Val","Unknown significance","null","missense_variant","5/5","null","184","MODERATE","18.60","SH3_domain&SH3_domain&SH3_domain&SH3_domain&SH3_domain&SH3_domain&SH3_domain","0.00375291","gnomad_AF_sas_pass","80.91917948310473","0.41251890042463946","87.82","-0.2","0.2"
"17:18925379:C>G","NM_006613.4:c.547G>C","NP_006604.1:p.Asp183His","Unknown significance","null","missense_variant","5/5","null","183","MODERATE","28.9","SH3_domain&SH3_domain&SH3_domain&SH3_domain&SH3_domain&SH3_domain&SH3_domain","0.00790014","gnomad_AF_afr_pass","39.487152699628204","0.2468258044240337","88.59","0.1","0.1"
"17:18925379:C>T","NM_006613.4:c.547G>A","NP_006604.1:p.Asp183Asn","Unknown significance","null","missense_variant","5/5","null","183","MODERATE","29.5","SH3_domain&SH3_domain&SH3_domain&SH3_domain&SH3_domain&SH3_domain&SH3_domain","0.00640041","gnomad_AF_eas_pass","39.487152699628204","0.2468258044240337","88.59","-0.1","0.1"
"17:18925384:C>T","NM_006613.4:c.542G>A","NP_006604.1:p.Arg181His","Unknown significance","null","missense_variant","5/5","null","181","MODERATE","23.3","SH3_domain&SH3_domain&SH3_domain&SH3_domain&SH3_domain&SH3_domain&SH3_domain","0.00105822","gnomad_AF_nfe_pass","163.85218178734712","0.6081537684259494","91.55","-0.2","0.2"
"17:18925387:C>T","NM_006613.4:c.539G>A","NP_006604.1:p.Arg180His","Unknown significance","null","missense_variant","5/5","null","180","MODERATE","19.89","SH2_domain","0.0452109","gnomad_AF_amr_pass","202.366576439874","0.7511037980873011","90.74","-0.1","0.1"
"17:18925388:G>A","NM_006613.4:c.538C>T","NP_006604.1:p.Arg180Cys","Unknown significance","null","missense_variant","5/5","null","180","MODERATE","22.9","SH3_domain&SH3_domain&SH3_domain&SH3_domain&SH3_domain&SH3_domain&SH3_domain","0","null","202.366576439874","0.7511037980873011","90.74","-0.4","0.4"
"17:18925391:A>G","NM_006613.4:c.535T>C","NP_006604.1:p.Phe179Leu","Likely benign","null","missense_variant","5/5","null","179","MODERATE","22.4","SH3_domain&SH3_domain&SH3_domain&SH3_domain&SH3_domain&SH3_domain&SH3_domain","0","null","2.110351062820975","0.009185408367206944","91.98","-0.4","0.4"
"17:18925393:C>G","NM_006613.4:c.533G>C","NP_006604.1:p.Ser178Thr","Unknown significance","null","missense_variant","5/5","null","178","MODERATE","19.42","SH2_domain","0.0229727","gnomad_AF_afr_pass","39.62584393440069","0.28733702036152353","89.89","0.3","0.3"
"17:18925394:T>A","NM_006613.4:c.532A>T","NP_006604.1:p.Ser178Cys","Unknown significance","null","missense_variant","5/5","null","178","MODERATE","22.4","SH3_domain&SH3_domain&SH3_domain&SH3_domain&SH3_domain&SH3_domain&SH3_domain","0","null","39.62584393440069","0.28733702036152353","89.89","0.1","0.1"
"17:18925394:T>G","NM_006613.4:c.532A>C","NP_006604.1:p.Ser178Arg","Unknown significance","null","missense_variant","5/5","null","178","MODERATE","20.8","SH3_domain&SH3_domain&SH3_domain&SH3_domain&SH3_domain&SH3_domain&SH3_domain","0","gnomad_AF_afr_pass,gnomad_AF_amr_pass,gnomad_AF_eas_pass,gnomad_AF_nfe_pass,gnomad_AF_sas_pass","39.62584393440069","0.28733702036152353","89.89","0.3","0.3"
"17:18925402:G>A","NM_006613.4:c.524C>T","NP_006604.1:p.Ser175Leu","Unknown significance","null","missense_variant","5/5","null","175","MODERATE","22.8","SH2_domain","0","null","73.29235675199199","0.5314614229858339","84.89","0.2","0.2"
"17:18925406:G>A","NM_006613.4:c.520C>T","NP_006604.1:p.Pro174Ser","Likely benign","null","missense_variant","5/5","null","174","MODERATE","9.669","SH3_domain&SH3_domain&SH3_domain&SH3_domain&SH3_domain&SH3_domain","0","null","142.9340960830656","0.9086713040637138","83.94","0.0","0.0"
"17:18925421:A>G","NM_006613.4:c.505T>C","NP_006604.1:p.Phe169Leu","Unknown significance","null","missense_variant","5/5","null","169","MODERATE","28.2","SH3_domain&SH3_domain&SH3_domain&SH3_domain&SH3_domain&SH3_domain&SH3_domain","0","null","11.17550598147313","0.04864194775857663","90.67","-1.5","1.5"
"17:18925435:T>C","NM_006613.4:c.491A>G","NP_006604.1:p.Gln164Arg","Unknown significance","null","missense_variant","5/5","null","164","MODERATE","22.7","SH3_domain&SH3_domain&SH3_domain&SH3_domain&SH3_domain&SH3_domain&SH3_domain","0","null","69.88066136412124","0.35337578065888303","91.99","0.2","0.2"
"17:18925436:G>C","NM_006613.4:c.490C>G","NP_006604.1:p.Gln164Glu","Unknown significance","null","missense_variant","5/5","null","164","MODERATE","22.7","SH3_domain&SH3_domain&SH3_domain&SH3_domain&SH3_domain&SH3_domain&SH3_domain","0","null","69.88066136412124","0.35337578065888303","91.99","-0.5","0.5"
"17:18925447:G>A","NM_006613.4:c.479C>T","NP_006604.1:p.Ala160Val","Likely benign","null","missense_variant","5/5","null","160","MODERATE","17.89","SH3_domain&SH3_domain","0.0237643","gnomad_AF_eas_pass","27.264961896334576","0.21441678589169846","59.65","0.5","0.5"
"17:18925453:G>A","NM_006613.4:c.473C>T","NP_006604.1:p.Pro158Leu","Likely benign","null","missense_variant","5/5","null","158","MODERATE","15.72","SH3_domain&SH3_domain","0.0229674","gnomad_AF_afr_pass","164.39254476805405","1.0450885556790397","48.49","0.0","0.0"
"17:18927530:T>G","NM_006613.4:c.466A>C","NP_006604.1:p.Lys156Gln","Likely benign","null","missense_variant&splice_region_variant","4/5","null","156","MODERATE","0.655","null","0","null","190.18463952845337","0.8034339034518612","44.41","0.1","0.1"
"17:18927544:T>A","NM_006613.4:c.452A>T","NP_006604.1:p.Glu151Val","Unknown significance","null","missense_variant","4/5","null","151","MODERATE","20.6","SH2_domain&SH2_domain","0.00648593","gnomad_AF_nfe_pass","74.03518636614706","0.3791410829204173","70.84","0.5","0.5"
"17:18927544:T>C","NM_006613.4:c.452A>G","NP_006604.1:p.Glu151Gly","Unknown significance","null","missense_variant","4/5","null","151","MODERATE","21.1","SH2_domain&SH2_domain","0","gnomad_AF_afr_pass,gnomad_AF_amr_pass,gnomad_AF_eas_pass,gnomad_AF_nfe_pass,gnomad_AF_sas_pass","74.03518636614706","0.3791410829204173","70.84","-0.3","0.3"
"17:18927545:C>T","NM_006613.4:c.451G>A","NP_006604.1:p.Glu151Lys","Unknown significance","null","missense_variant","4/5","null","151","MODERATE","14.62","SH2_domain&SH2_domain","0.0691563","gnomad_AF_eas_pass","74.03518636614706","0.3791410829204173","70.84","-0.1","0.1"
"17:18927546:G>T","NM_006613.4:c.450C>A","NP_006604.1:p.Asp150Glu","Likely benign","null","missense_variant","4/5","null","150","MODERATE","6.216","SH2_domain&SH2_domain","0.00925412","gnomad_AF_afr_pass","26.96750107811298","0.16856812132149265","81.92","0.2","0.2"
"17:18927548:C>T","NM_006613.4:c.448G>A","NP_006604.1:p.Asp150Asn","Unknown significance","null","missense_variant","4/5","null","150","MODERATE","24.8","SH2_domain&SH2_domain","0","null","26.96750107811298","0.16856812132149265","81.92","0.3","0.3"
"17:18927550:C>T","NM_006613.4:c.446G>A","NP_006604.1:p.Arg149His","Unknown significance","null","missense_variant","4/5","null","149","MODERATE","22.2","SH2_domain&SH2_domain","0.00734322","gnomad_AF_sas_pass","101.46639784070784","0.3766026887302528","89.61","-0.1","0.1"
"17:18927551:G>A","NM_006613.4:c.445C>T","NP_006604.1:p.Arg149Cys","Likely benign","null","missense_variant","4/5","null","149","MODERATE","19.37","SH2_domain&SH2_domain","0.0150218","gnomad_AF_afr_pass","101.46639784070784","0.3766026887302528","89.61","-0.3","0.3"
"17:18927551:G>T","NM_006613.4:c.445C>A","NP_006604.1:p.Arg149Ser","Unknown significance","null","missense_variant","4/5","null","149","MODERATE","20.6","SH2_domain&SH2_domain","0.00101498","gnomad_AF_nfe_pass","101.46639784070784","0.3766026887302528","89.61","-0.5","0.5"
"17:18927563:G>C","NM_006613.4:c.433C>G","NP_006604.1:p.Gln145Glu","Unknown significance","null","missense_variant","4/5","null","145","MODERATE","18.69","SH2_domain&SH2_domain","0.00355948","gnomad_AF_sas_pass","150.7807599303136","0.762475164210035","88.56","-0.1","0.1"
"17:18927565:C>T","NM_006613.4:c.431G>A","NP_006604.1:p.Arg144Gln","Unknown significance","null","missense_variant","4/5","null","144","MODERATE","18.72","SH2_domain&SH2_domain","0.00710783","gnomad_AF_sas_pass","103.13913246122861","0.38281121065501134","87.2","-0.2","0.2"
"17:18927566:G>A","NM_006613.4:c.430C>T","NP_006604.1:p.Arg144Trp","Unknown significance","null","missense_variant","4/5","null","144","MODERATE","26.0","SH2_domain&SH2_domain","0","null","103.13913246122861","0.38281121065501134","87.2","0.4","0.4"
"17:18927566:G>C","NM_006613.4:c.430C>G","NP_006604.1:p.Arg144Gly","Unknown significance","null","missense_variant","4/5","null","144","MODERATE","23.4","SH2_domain&SH2_domain","0","gnomad_AF_afr_pass,gnomad_AF_amr_pass,gnomad_AF_eas_pass,gnomad_AF_nfe_pass,gnomad_AF_sas_pass","103.13913246122861","0.38281121065501134","87.2","-0.9","0.9"
"17:18927567:C>A","NM_006613.4:c.429G>T","NP_006604.1:p.Lys143Asn","Unknown significance","null","missense_variant","4/5","null","143","MODERATE","22.2","SH2_domain&SH2_domain","0","null","233.89945951897258","0.9881069062283221","83.63","0.0","0.0"
"17:18927569:T>C","NM_006613.4:c.427A>G","NP_006604.1:p.Lys143Glu","Likely benign","null","missense_variant","4/5","null","143","MODERATE","17.25","SH2_domain&SH2_domain","0","null","233.89945951897258","0.9881069062283221","83.63","0.0","0.0"
"17:18927575:C>A","NM_006613.4:c.421G>T","NP_006604.1:p.Ala141Ser","Likely benign","null","missense_variant","4/5","null","141","MODERATE","20.5","SH2_domain&SH2_domain&SH2_domain&SH2_domain","0","null","2.5652194604730454","0.020173368072647524","89.39","-0.1","0.1"
"17:18927575:C>T","NM_006613.4:c.421G>A","NP_006604.1:p.Ala141Thr","Unknown significance","null","missense_variant","4/5","null","141","MODERATE","26.4","SH2_domain&SH2_domain&SH2_domain&SH2_domain","0","null","2.5652194604730454","0.020173368072647524","89.39","0.3","0.3"
"17:18927581:T>C","NM_006613.4:c.415A>G","NP_006604.1:p.Thr139Ala","Unknown significance","null","missense_variant","4/5","null","139","MODERATE","23.3","SH2_domain&SH2_domain&SH2_domain&SH2_domain","0.000944144","gnomad_AF_nfe_pass","41.981728513287635","0.2668258012169097","93.09","-0.2","0.2"
"17:18927583:G>T","NM_006613.4:c.413C>A","NP_006604.1:p.Thr138Asn","Unknown significance","null","missense_variant","4/5","null","138","MODERATE","19.34","SH2_domain&SH2_domain&SH2_domain&SH2_domain&SH2_domain&SH2_domain","0.0009424","gnomad_AF_nfe_pass","56.10268545817344","0.3565752180275129","91.52","-0.2","0.2"
"17:18927584:T>A","NM_006613.4:c.412A>T","NP_006604.1:p.Thr138Ser","Unknown significance","null","missense_variant","4/5","null","138","MODERATE","19.74","SH2_domain&SH2_domain&SH2_domain&SH2_domain&SH2_domain&SH2_domain","0.00570972","gnomad_AF_eas_pass","56.10268545817344","0.3565752180275129","91.52","-0.3","0.3"
"17:18927589:C>T","NM_006613.4:c.407G>A","NP_006604.1:p.Arg136His","Unknown significance","null","missense_variant","4/5","null","136","MODERATE","25.2","SH2_domain&SH2_domain&SH2_domain&SH2_domain&SH2_domain&SH2_domain","0.00345901","gnomad_AF_sas_pass","78.27005905320692","0.2905071561995224","90.41","-0.1","0.1"
"17:18927595:A>G","NM_006613.4:c.401T>C","NP_006604.1:p.Phe134Ser","Unknown significance","null","missense_variant","4/5","null","134","MODERATE","27.9","SH2_domain&SH2_domain&SH2_domain&SH2_domain&SH2_domain&SH2_domain&SH2_domain&SH2_domain","0.00185213","gnomad_AF_nfe_pass","69.92813857817536","0.3043657145558382","92.2","-1.5","1.5"
"17:18927599:C>G","NM_006613.4:c.397G>C","NP_006604.1:p.Asp133His","Unknown significance","null","missense_variant","4/5","null","133","MODERATE","28.8","SH2_domain&SH2_domain&SH2_domain&SH2_domain&SH2_domain&SH2_domain&SH2_domain&SH2_domain","0","null","72.46501406815179","0.4529634113157745","88.32","0.5","0.5"
"17:18927599:C>T","NM_006613.4:c.397G>A","NP_006604.1:p.Asp133Asn","Unknown significance","null","missense_variant","4/5","null","133","MODERATE","23.5","SH2_domain&SH2_domain&SH2_domain&SH2_domain&SH2_domain&SH2_domain&SH2_domain&SH2_domain","0.0051435","gnomad_AF_eas_pass","72.46501406815179","0.4529634113157745","88.32","0.2","0.2"
"17:18927604:A>G","NM_006613.4:c.392T>C","NP_006604.1:p.Leu131Pro","Unknown significance","null","missense_variant","4/5","null","131","MODERATE","28.5","SH2_domain&SH2_domain&SH2_domain&SH2_domain&SH2_domain&SH2_domain&SH2_domain&SH2_domain","0","null","0.0","0.0","92.83","-3.6","3.6"
"17:18927609:G>T","NM_006613.4:c.387C>A","NP_006604.1:p.Asn129Lys","Unknown significance","null","missense_variant","4/5","null","129","MODERATE","19.31","SH2_domain&SH2_domain&SH2_domain&SH2_domain&SH2_domain&SH2_domain&SH2_domain&SH2_domain","0","null","15.429992794461256","0.09654178646724568","85.14","-0.1","0.1"
"17:18927611:T>C","NM_006613.4:c.385A>G","NP_006604.1:p.Asn129Asp","Unknown significance","null","missense_variant","4/5","null","129","MODERATE","24.3","SH2_domain&SH2_domain&SH2_domain&SH2_domain&SH2_domain&SH2_domain&SH2_domain&SH2_domain","0","null","15.429992794461256","0.09654178646724568","85.14","-0.4","0.4"
"17:18927617:A>G","NM_006613.4:c.379T>C","NP_006604.1:p.Ser127Pro","Unknown significance","null","missense_variant","4/5","null","127","MODERATE","28.2","SH2_domain&SH2_domain&SH2_domain&SH2_domain&SH2_domain&SH2_domain&SH2_domain&SH2_domain","0.00652742","gnomad_AF_afr_pass","26.080404374718487","0.18911561089427156","86.17","-0.4","0.4"
"17:18927628:T>C","NM_006613.4:c.368A>G","NP_006604.1:p.Glu123Gly","Unknown significance","null","missense_variant","4/5","null","123","MODERATE","25.5","SH2_domain&SH2_domain&SH2_domain&SH2_domain&SH2_domain&SH2_domain","0.00090009","gnomad_AF_nfe_pass","79.19133967913942","0.40554622413426467","92.06","-0.4","0.4"
"17:18927640:A>G","NM_006613.4:c.356T>C","NP_006604.1:p.Phe119Ser","Unknown significance","null","missense_variant","4/5","null","119","MODERATE","23.1","SH2_domain&SH2_domain&SH2_domain&SH2_domain&SH2_domain&SH2_domain","0.000893943","gnomad_AF_nfe_pass","50.549893839110176","0.22002093680589419","93.22","-1.9","1.9"
"17:18927652:G>A","NM_006613.4:c.344C>T","NP_006604.1:p.Ser115Leu","Likely benign","null","missense_variant","4/5","null","115","MODERATE","17.39","SH2_domain&SH2_domain&SH2_domain&SH2_domain&SH2_domain&SH2_domain","0.00314149","gnomad_AF_nfe_pass","84.70734517133536","0.6142343921951527","85.77","0.1","0.1"
"17:18927661:C>G","NM_006613.4:c.335G>C","NP_006604.1:p.Arg112Pro","Unknown significance","null","missense_variant","4/5","null","112","MODERATE","26.5","SH2_domain&SH2_domain&SH2_domain&SH2_domain&SH2_domain&SH2_domain&SH2_domain&SH2_domain","0.00545316","gnomad_AF_eas_pass","132.3641406655651","0.49128275297974705","88.51","-0.5","0.5"
"17:18927661:C>T","NM_006613.4:c.335G>A","NP_006604.1:p.Arg112His","Unknown significance","null","missense_variant","4/5","null","112","MODERATE","26.6","SH2_domain&SH2_domain&SH2_domain&SH2_domain&SH2_domain&SH2_domain&SH2_domain&SH2_domain","0.00545316","gnomad_AF_eas_pass","132.3641406655651","0.49128275297974705","88.51","-0.1","0.1"
"17:18927670:T>C","NM_006613.4:c.326A>G","NP_006604.1:p.Lys109Arg","Unknown significance","null","missense_variant","4/5","null","109","MODERATE","24.0","SH2_domain&SH2_domain&SH2_domain&SH2_domain&SH2_domain&SH2_domain&SH2_domain&SH2_domain","0.00582513","gnomad_AF_amr_pass","103.45569014764726","0.4370479612639537","92.19","0.6","0.6"
"17:18927679:T>C","NM_006613.4:c.317A>G","NP_006604.1:p.Gln106Arg","Unknown significance","null","missense_variant","4/5","null","106","MODERATE","26.6","SH2_domain&SH2_domain&SH2_domain&SH2_domain&SH2_domain&SH2_domain&SH2_domain&SH2_domain","0.000895111","gnomad_AF_nfe_pass","52.058528744919414","0.2632519909812124","94.83","0.2","0.2"
"17:18927685:T>A","NM_006613.4:c.311A>T","NP_006604.1:p.Gln104Leu","Likely pathogenic","Hearing loss, sensorineural","missense_variant","4/5","null","104","MODERATE","22.1","SH2_domain&SH2_domain&SH2_domain&SH2_domain&SH2_domain&SH2_domain&SH2_domain&SH2_domain","0.000896732","gnomad_AF_nfe_pass","92.61299734577602","0.46832971522255445","91.27","0.3","0.3"
"17:18927694:T>C","NM_006613.4:c.302A>G","NP_006604.1:p.Tyr101Cys","Unknown significance","null","missense_variant&splice_region_variant","4/5","null","101","MODERATE","21.7","SH2_domain&SH2_domain&SH2_domain&SH2_domain&SH2_domain&SH2_domain&SH2_domain&SH2_domain","0.0199508","gnomad_AF_sas_pass","11.630739074996125","0.04847924509480456","92.52","-1.6","1.6"
"17:18945129:T>C","NM_006613.4:c.167A>G","NP_006604.1:p.Lys56Arg","Unknown significance","null","missense_variant","2/5","null","56","MODERATE","22.0","SH3_domain&SH3_domain&SH3_domain&SH3_domain&SH3_domain&SH3_domain","0.0117096","gnomad_AF_sas_pass","47.505373182124664","0.20068617268610475","67.18","0.8","0.8"
"17:18945133:C>T","NM_006613.4:c.163G>A","NP_006604.1:p.Val55Ile","Likely benign","null","missense_variant","2/5","null","55","MODERATE","14.37","SH3_domain&SH3_domain&GRAP&_N-terminal_SH3_domain&SH3_domain&SH3_domain&SH3_domain&GRAP&_N-terminal_SH3_domain&SH3_domain","0.275735","gnomad_AF_eas_pass","56.02085684123291","0.3259070869584003","71.1","0.1","0.1"
"17:18945135:C>T","NM_006613.4:c.161G>A","NP_006604.1:p.Arg54His","Likely benign","null","missense_variant","2/5","null","54","MODERATE","18.92","SH3_domain&SH3_domain&GRAP&_N-terminal_SH3_domain&SH3_domain&SH3_domain&SH3_domain&GRAP&_N-terminal_SH3_domain&SH3_domain","0.0124049","gnomad_AF_nfe_pass","155.61414942864832","0.5775774869952894","77.78","-0.1","0.1"
"17:18945136:G>A","NM_006613.4:c.160C>T","NP_006604.1:p.Arg54Cys","Unknown significance","null","missense_variant","2/5","null","54","MODERATE","24.3","SH3_domain&SH3_domain&GRAP&_N-terminal_SH3_domain&SH3_domain&SH3_domain&SH3_domain&GRAP&_N-terminal_SH3_domain&SH3_domain","0.0494723","gnomad_AF_nfe_pass","155.61414942864832","0.5775774869952894","77.78","-0.2","0.2"
"17:18945146:C>A","NM_006613.4:c.150G>T","NP_006604.1:p.Lys50Asn","Unknown significance","null","missense_variant","2/5","null","50","MODERATE","24.1","SH3_domain&SH3_domain&SH3_domain&GRAP&_N-terminal_SH3_domain&SH3_domain&SH3_domain&SH3_domain&SH3_domain&GRAP&_N-terminal_SH3_domain&SH3_domain","0","null","87.65847560987622","0.37031272033589213","79.72","0.1","0.1"
"17:18945163:C>T","NM_006613.4:c.133G>A","NP_006604.1:p.Glu45Lys","Unknown significance","null","missense_variant","2/5","null","45","MODERATE","22.6","SH3_domain&SH3_domain&SH3_domain&GRAP&_N-terminal_SH3_domain&SH3_domain&SH3_domain&SH3_domain&SH3_domain&GRAP&_N-terminal_SH3_domain&SH3_domain","0.00384231","gnomad_AF_nfe_pass","95.27670317277965","0.48792086832015313","90.47","-0.0","0.0"
"17:18945168:C>T","NM_006613.4:c.128G>A","NP_006604.1:p.Gly43Asp","Unknown significance","null","missense_variant","2/5","null","43","MODERATE","25.4","SH3_domain&SH3_domain&SH3_domain&GRAP&_N-terminal_SH3_domain&SH3_domain&SH3_domain&SH3_domain&GRAP&_N-terminal_SH3_domain&SH3_domain","0","null","64.92365329590174","0.6809255268380708","82.21","-0.2","0.2"
"17:18945171:C>T","NM_006613.4:c.125G>A","NP_006604.1:p.Arg42Gln","Likely benign","null","missense_variant","2/5","null","42","MODERATE","19.13","SH3_domain&SH3_domain&SH3_domain&GRAP&_N-terminal_SH3_domain&SH3_domain&SH3_domain&SH3_domain&SH3_domain&GRAP&_N-terminal_SH3_domain&SH3_domain","0.0546448","gnomad_AF_sas_pass","225.44697720694552","0.8367690150539734","85.35","-0.1","0.1"
"17:18945172:G>A","NM_006613.4:c.124C>T","NP_006604.1:p.Arg42Trp","Likely benign","null","missense_variant","2/5","null","42","MODERATE","22.9","SH3_domain&SH3_domain&SH3_domain&GRAP&_N-terminal_SH3_domain&SH3_domain&SH3_domain&SH3_domain&SH3_domain&GRAP&_N-terminal_SH3_domain&SH3_domain","0.022168","gnomad_AF_eas_pass","225.44697720694552","0.8367690150539734","85.35","0.0","0.0"
"17:18945202:C>T","NM_006613.4:c.94G>A","NP_006604.1:p.Asp32Asn","Likely benign","null","missense_variant","2/5","null","32","MODERATE","22.8","SH3_domain&SH3_domain&SH3_domain&GRAP&_N-terminal_SH3_domain&SH3_domain&SH3_domain&SH3_domain&GRAP&_N-terminal_SH3_domain&SH3_domain","0","null","85.29547534053366","0.5331638995296761","60.94","0.1","0.1"