{"applied_filters": "CONTAINS missense_variant[Consequence]"},
"Genomic Description (GRCh37)","HGVS Nucleotide Change","HGVS Protein Change","Variant Classification","Phenotype","Consequence","Exon","Intron","Protein Position","Impact","CADD Phred","Interpro Domain","Max MAF (%)","Max MAF Source","Surface Area","Normalized SA","Confidence Score","ddG","|ddG|"
"X:9621630:A>G","NM_001139466.1:c.4A>G","NP_001132938.1:p.Thr2Ala","Likely benign","null","missense_variant","4/18","null","2","MODERATE","0.242","null","0","null","129.76641566152796","0.824764226155542","30.21","-0.3","0.3"
"X:9621636:C>T","NM_001139466.1:c.10C>T","NP_001132938.1:p.Leu4Phe","Likely benign","null","missense_variant","4/18","null","4","MODERATE","3.487","null","0.013412","gnomad_AF_afr_pass","167.0243554067151","0.866078766553447","26.38","-0.3","0.3"
"X:9621639:G>T","NM_001139466.1:c.13G>T","NP_001132938.1:p.Ala5Ser","Benign","null","missense_variant","4/18","null","5","MODERATE","0.004","null","1.80153","gnomad_AF_afr_pass","112.51294317376406","0.8848229364214536","25.24","-0.2","0.2"
"X:9621643:G>C","NM_001139466.1:c.17G>C","NP_001132938.1:p.Gly6Ala","Likely benign","null","missense_variant","4/18","null","6","MODERATE","0.001","null","0.00702642","gnomad_AF_sas_pass","81.70387539831144","0.8569181119051287","27.12","-0.2","0.2"
"X:9621645:G>A","NM_001139466.1:c.19G>A","NP_001132938.1:p.Ala7Thr","Likely benign","null","missense_variant","4/18","null","7","MODERATE","0.671","null","0","null","125.52318396829759","0.9871379158242294","25.13","-0.1","0.1"
"X:9621661:G>A","NM_001139466.1:c.35G>A","NP_001132938.1:p.Cys12Tyr","Likely benign","null","missense_variant","4/18","null","12","MODERATE","0.405","null","0","null","17.16292023686491","0.11106672658804646","28.36","-3.2","3.2"
"X:9621666:C>T","NM_001139466.1:c.40C>T","NP_001132938.1:p.Arg14Cys","Likely benign","null","missense_variant","4/18","null","14","MODERATE","8.151","null","0.00695846","gnomad_AF_sas_pass","10.781154668029624","0.0400153343570036","40.14","-0.8","0.8"
"X:9621667:G>A","NM_001139466.1:c.41G>A","NP_001132938.1:p.Arg14His","Likely benign","null","missense_variant","4/18","null","14","MODERATE","0.287","null","0","null","10.781154668029624","0.0400153343570036","40.14","-0.3","0.3"
"X:9621676:G>A","NM_001139466.1:c.50G>A","NP_001132938.1:p.Gly17Glu","Likely benign","null","missense_variant","4/18","null","17","MODERATE","11.86","null","0","null","0.3649283538014504","0.0038274037112154963","32.25","-1.7","1.7"
"X:9621679:G>C","NM_001139466.1:c.53G>C","NP_001132938.1:p.Arg18Thr","Likely benign","null","missense_variant","4/18","null","18","MODERATE","3.216","null","0","null","29.708760401064325","0.1102670370091226","43.71","-1.4","1.4"
"X:9621682:G>A","NM_001139466.1:c.56G>A","NP_001132938.1:p.Gly19Glu","Likely benign","null","missense_variant","4/18","null","19","MODERATE","1.159","null","0.00206164","gnomad_AF_nfe_pass","7.122253800508172","0.07469888361460421","30.59","-1.3","1.3"
"X:9621684:G>T","NM_001139466.1:c.58G>T","NP_001132938.1:p.Ala20Ser","Likely benign","null","missense_variant","4/18","null","20","MODERATE","0.027","null","0.189732","gnomad_AF_eas_pass","24.200035241377552","0.1903136265016966","30.31","-0.9","0.9"
"X:9621692:G>T","NM_001139466.1:c.66G>T","NP_001132938.1:p.Gln22His","Likely benign","null","missense_variant","4/18","null","22","MODERATE","13.29","null","0","null","54.37827777652059","0.27498260584622325","31.68","-0.2","0.2"
"X:9621702:C>G","NM_001139466.1:c.76C>G","NP_001132938.1:p.His26Asp","Likely benign","null","missense_variant","4/18","null","26","MODERATE","0.003","null","0.00513207","gnomad_AF_nfe_pass","117.3400548607197","0.5712693744682129","28.3","-1.6","1.6"
"X:9621705:C>T","NM_001139466.1:c.79C>T","NP_001132938.1:p.His27Tyr","Likely benign","null","missense_variant","4/18","null","27","MODERATE","6.069","null","0.0220653","gnomad_AF_afr_pass","122.37422949554268","0.5957782243917337","28.28","-0.0","0.0"
"X:9621714:C>T","NM_001139466.1:c.88C>T","NP_001132938.1:p.Arg30Cys","Unknown significance","null","missense_variant","4/18","null","30","MODERATE","16.33","null","0.0620604","gnomad_AF_eas_pass","222.16549232593715","0.8245894555592573","26.82","-0.4","0.4"
"X:9621715:G>A","NM_001139466.1:c.89G>A","NP_001132938.1:p.Arg30His","Likely benign","null","missense_variant","4/18","null","30","MODERATE","10.73","null","0.118802","gnomad_AF_nfe_pass","222.16549232593715","0.8245894555592573","26.82","-0.2","0.2"
"X:9621721:G>A","NM_001139466.1:c.95G>A","NP_001132938.1:p.Arg32Gln","Likely benign","null","missense_variant","4/18","null","32","MODERATE","1.013","null","0","null","181.48683030267966","0.6736065309859578","24.19","-0.2","0.2"
"X:9622261:G>T","NM_001139466.1:c.110G>T","NP_001132938.1:p.Gly37Val","Unknown significance","null","missense_variant","5/18","null","37","MODERATE","23.3","null","0.00245339","gnomad_AF_nfe_pass","43.90348642017782","0.4604639927521572","27.84","-0.2","0.2"
"X:9622288:C>G","NM_001139466.1:c.137C>G","NP_001132938.1:p.Pro46Arg","Likely benign","null","missense_variant","5/18","null","46","MODERATE","5.970","null","0.0157513","gnomad_AF_sas_pass","167.51879683029543","1.0649629986291518","42.84","0.0","0.0"
"X:9622309:G>A","NM_001139466.1:c.158G>A","NP_001132938.1:p.Ser53Asn","Unknown significance","null","missense_variant","5/18","null","53","MODERATE","24.4","null","0.00366148","gnomad_AF_nfe_pass","56.39118851489747","0.4089067758238691","71.87","-0.2","0.2"
"X:9622311:A>C","NM_001139466.1:c.160A>C","NP_001132938.1:p.Ile54Leu","Unknown significance","null","missense_variant","5/18","null","54","MODERATE","20.6","null","0.0158286","gnomad_AF_afr_pass","80.80904401736596","0.4119574394519192","83.35","-0.1","0.1"
"X:9622319:T>G","NM_001139466.1:c.168T>G","NP_001132938.1:p.Ser56Arg","Unknown significance","null","missense_variant","5/18","null","56","MODERATE","17.02","LIS1_homology_motif&LIS1_homology_motif&LIS1_homology_motif&LIS1_homology_motif&LIS1_homology_motif&LIS1_homology_motif&LIS1_homology_motif&LIS1_homology_motif&LIS1_homology_motif&LIS1_homology_motif&LIS1_homology_motif&LIS1_homology_motif&LIS1_homology_motif&LIS1_homology_motif&LIS1_homology_motif&LIS1_homology_motif&LIS1_homology_motif&LIS1_homology_motif","0.0012206","gnomad_AF_nfe_pass","26.34675267418011","0.19104696980418798","86.26","0.4","0.4"
"X:9652089:C>G","NM_001139466.1:c.218C>G","NP_001132938.1:p.Ser73Cys","Unknown significance","null","missense_variant","6/18","null","73","MODERATE","23.8","LIS1_homology_motif&LIS1_homology_motif&LIS1_homology_motif&LIS1_homology_motif&LIS1_homology_motif&LIS1_homology_motif&LIS1_homology_motif&LIS1_homology_motif&LIS1_homology_motif&LIS1_homology_motif&LIS1_homology_motif&LIS1_homology_motif&LIS1_homology_motif&LIS1_homology_motif&LIS1_homology_motif&LIS1_homology_motif&LIS1_homology_motif&LIS1_homology_motif&LIS1_homology_motif&LIS1_homology_motif&LIS1_homology_motif&LIS1_homology_motif&LIS1_homology_motif&LIS1_homology_motif&LIS1_homology_motif&LIS1_homology_motif&LIS1_homology_motif&LIS1_homology_motif","0.00122015","gnomad_AF_nfe_pass","82.10387750794087","0.5953559894475479","87.75","-0.1","0.1"
"X:9652104:C>T","NM_001139466.1:c.233C>T","NP_001132938.1:p.Thr78Met","Unknown significance","null","missense_variant","6/18","null","78","MODERATE","25.8","LIS1_homology_motif&LIS1_homology_motif&LIS1_homology_motif&LIS1_homology_motif&LIS1_homology_motif&LIS1_homology_motif&LIS1_homology_motif&LIS1_homology_motif&LIS1_homology_motif&LIS1_homology_motif&LIS1_homology_motif&LIS1_homology_motif&LIS1_homology_motif&LIS1_homology_motif&LIS1_homology_motif&LIS1_homology_motif&LIS1_homology_motif&LIS1_homology_motif&LIS1_homology_motif&LIS1_homology_motif&LIS1_homology_motif&LIS1_homology_motif&LIS1_homology_motif&LIS1_homology_motif&LIS1_homology_motif&LIS1_homology_motif&LIS1_homology_motif&LIS1_homology_motif","0.00364551","gnomad_AF_amr_pass","74.29912584259138","0.47222743047348936","94.97","0.4","0.4"
"X:9652134:C>A","NM_001139466.1:c.263C>A","NP_001132938.1:p.Ser88Tyr","Unknown significance","null","missense_variant","6/18","null","88","MODERATE","24.7","null","0.00610091","gnomad_AF_nfe_pass","20.17568417282008","0.14629899071854177","86.03","0.9","0.9"
"X:9652143:A>C","NM_001139466.1:c.272A>C","NP_001132938.1:p.Asn91Thr","Unknown significance","null","missense_variant","6/18","null","91","MODERATE","22.5","null","0.00122018","gnomad_AF_nfe_pass","80.48263687305693","0.5035606721805229","85.19","-0.0","0.0"
"X:9652149:C>T","NM_001139466.1:c.278C>T","NP_001132938.1:p.Thr93Met","Unknown significance","null","missense_variant","6/18","null","93","MODERATE","24.8","null","0.00366095","gnomad_AF_nfe_pass","146.94950744484882","0.9339758378455448","82.91","0.0","0.0"
"X:9652166:G>A","NM_001139466.1:c.295G>A","NP_001132938.1:p.Ala99Thr","Unknown significance","null","missense_variant","6/18","null","99","MODERATE","23.3","null","0.0043176","gnomad_AF_nfe_pass","1.103415341996412","0.008677465680458789","93.3","-1.0","1.0"
"X:9652176:C>G","NM_001139466.1:c.305C>G","NP_001132938.1:p.Ser102Cys","Unknown significance","null","missense_variant","6/18","null","102","MODERATE","23.0","null","0.00366215","gnomad_AF_nfe_pass","39.92771234126306","0.28952594455737674","92.36","0.4","0.4"
"X:9652200:A>G","NM_001139466.1:c.329A>G","NP_001132938.1:p.Tyr110Cys","Unknown significance","null","missense_variant","6/18","null","110","MODERATE","25.2","null","0","gnomad_AF_afr_pass,gnomad_AF_amr_pass,gnomad_AF_eas_pass,gnomad_AF_nfe_pass,gnomad_AF_sas_pass","169.7309979197677","0.7074727233824496","85.72","-1.0","1.0"
"X:9652211:G>A","NM_001139466.1:c.340G>A","NP_001132938.1:p.Glu114Lys","Unknown significance","null","missense_variant","6/18","null","114","MODERATE","27.8","null","0.00721761","gnomad_AF_eas_pass","60.32904416598927","0.3089506525117055","82.02","-0.0","0.0"
"X:9652221:T>A","NM_001139466.1:c.350T>A","NP_001132938.1:p.Ile117Asn","Unknown significance","null","missense_variant","6/18","null","117","MODERATE","26.0","null","0","null","88.42111355301007","0.45076310425052774","76.61","-1.8","1.8"
"X:9656064:C>T","NM_001139466.1:c.365C>T","NP_001132938.1:p.Thr122Ile","Unknown significance","null","missense_variant","7/18","null","122","MODERATE","26.3","null","0.00134309","gnomad_AF_nfe_pass","86.28611820361884","0.548413880011883","67.95","0.1","0.1"
"X:9656075:G>A","NM_001139466.1:c.376G>A","NP_001132938.1:p.Gly126Ser","Unknown significance","null","missense_variant","7/18","null","126","MODERATE","23.9","null","0.0170736","gnomad_AF_afr_pass","32.073549155709784","0.33639047169573033","50.61","0.3","0.3"
"X:9656078:C>T","NM_001139466.1:c.379C>T","NP_001132938.1:p.Arg127Cys","Unknown significance","null","missense_variant","7/18","null","127","MODERATE","23.9","null","0.00130579","gnomad_AF_nfe_pass","180.94486909468745","0.6715949877316305","51.02","-0.4","0.4"
"X:9656108:G>A","NM_001139466.1:c.409G>A","NP_001132938.1:p.Ala137Thr","Unknown significance","null","missense_variant","7/18","null","137","MODERATE","22.6","null","0.00126317","gnomad_AF_nfe_pass","9.850139403737462","0.07746334799824142","84.38","-0.5","0.5"
"X:9656111:G>A","NM_001139466.1:c.412G>A","NP_001132938.1:p.Val138Met","Unknown significance","null","missense_variant","7/18","null","138","MODERATE","24.5","null","0.00368568","gnomad_AF_amr_pass","112.10144008934321","0.6521616384215844","86.25","-0.1","0.1"
"X:9656114:A>T","NM_001139466.1:c.415A>T","NP_001132938.1:p.Met139Leu","Unknown significance","null","missense_variant","7/18","null","139","MODERATE","18.39","null","0.00531152","gnomad_AF_sas_pass","64.25111472633607","0.2967264172924264","85.12","-0.2","0.2"
"X:9656120:G>A","NM_001139466.1:c.421G>A","NP_001132938.1:p.Asp141Asn","Unknown significance","null","missense_variant","7/18","null","141","MODERATE","23.5","null","0","gnomad_AF_afr_pass,gnomad_AF_amr_pass,gnomad_AF_eas_pass,gnomad_AF_nfe_pass,gnomad_AF_sas_pass","127.00367343453914","0.7938729869622269","80.6","0.0","0.0"
"X:9656123:G>A","NM_001139466.1:c.424G>A","NP_001132938.1:p.Val142Met","Unknown significance","null","missense_variant","7/18","null","142","MODERATE","24.9","null","0.0203874","gnomad_AF_eas_pass","44.17947889713338","0.2570186548826085","79.95","0.0","0.0"
"X:9656133:C>T","NM_001139466.1:c.434C>T","NP_001132938.1:p.Thr145Met","Unknown significance","null","missense_variant","7/18","null","145","MODERATE","22.3","null","0.0110436","gnomad_AF_amr_pass","85.1781911072015","0.54137216101506","84.0","0.2","0.2"
"X:9656135:C>T","NM_001139466.1:c.436C>T","NP_001132938.1:p.Arg146Trp","Unknown significance","null","missense_variant","7/18","null","146","MODERATE","26.9","null","0.0272702","gnomad_AF_eas_pass","44.924687045742346","0.16674247131895323","83.15","-0.0","0.0"
"X:9656150:C>G","NM_001139466.1:c.451C>G","NP_001132938.1:p.Arg151Gly","Unknown significance","null","missense_variant","7/18","null","151","MODERATE","23.1","null","0.0054057","gnomad_AF_sas_pass","84.45967385203915","0.3134805308836642","76.71","-1.4","1.4"
"X:9656151:G>A","NM_001139466.1:c.452G>A","NP_001132938.1:p.Arg151Gln","Unknown significance","null","missense_variant","7/18","null","151","MODERATE","23.0","null","0.0107573","gnomad_AF_afr_pass","84.45967385203915","0.3134805308836642","76.71","-0.2","0.2"
"X:9656151:G>T","NM_001139466.1:c.452G>T","NP_001132938.1:p.Arg151Leu","Unknown significance","null","missense_variant","7/18","null","151","MODERATE","24.0","null","0.00128785","gnomad_AF_nfe_pass","84.45967385203915","0.3134805308836642","76.71","-0.0","0.0"
"X:9656162:G>A","NM_001139466.1:c.463G>A","NP_001132938.1:p.Ala155Thr","Unknown significance","null","missense_variant","7/18","null","155","MODERATE","19.08","null","0.0455477","gnomad_AF_eas_pass","64.06948320262372","0.503854460324611","74.82","0.0","0.0"
"X:9656166:A>C","NM_001139466.1:c.467A>C","NP_001132938.1:p.Gln156Pro","Unknown significance","null","missense_variant","7/18","null","156","MODERATE","23.2","null","0.00133715","gnomad_AF_nfe_pass","134.55041330309825","0.6804007920189725","77.87","-0.4","0.4"
"X:9656174:G>A","NM_001139466.1:c.475G>A","NP_001132938.1:p.Ala159Thr","Unknown significance","null","missense_variant","7/18","null","159","MODERATE","16.37","null","0.00136902","gnomad_AF_nfe_pass","70.0888561222682","0.5511919405463314","80.32","0.0","0.0"
"X:9656178:G>C","NM_001139466.1:c.479G>C","NP_001132938.1:p.Ser160Thr","Likely benign","null","missense_variant","7/18","null","160","MODERATE","7.744","null","0.0056319","gnomad_AF_sas_pass","82.49269826907344","0.5981754271645966","81.28","0.1","0.1"
"X:9656181:C>T","NM_001139466.1:c.482C>T","NP_001132938.1:p.Ala161Val","Likely benign","null","missense_variant","7/18","null","161","MODERATE","12.52","null","0.00833646","gnomad_AF_amr_pass","69.06773079537851","0.543161619014368","80.22","0.2","0.2"
"X:9656184:C>T","NM_001139466.1:c.485C>T","NP_001132938.1:p.Ala162Val","Unknown significance","null","missense_variant","7/18","null","162","MODERATE","15.85","null","0.00588062","gnomad_AF_sas_pass","69.60688374137997","0.5474016191370609","82.19","0.2","0.2"
"X:9656186:G>T","NM_001139466.1:c.487G>T","NP_001132938.1:p.Ala163Ser","Likely benign","null","missense_variant","7/18","null","163","MODERATE","5.485","null","0.0199661","gnomad_AF_afr_pass","70.15774719447253","0.5517337128889758","83.54","-0.1","0.1"
"X:9656187:C>A","NM_001139466.1:c.488C>A","NP_001132938.1:p.Ala163Glu","Unknown significance","null","missense_variant","7/18","null","163","MODERATE","10.27","null","0","null","70.15774719447253","0.5517337128889758","83.54","-0.2","0.2"
"X:9656187:C>T","NM_001139466.1:c.488C>T","NP_001132938.1:p.Ala163Val","Likely benign","null","missense_variant","7/18","null","163","MODERATE","13.20","null","0.0199521","gnomad_AF_afr_pass","70.15774719447253","0.5517337128889758","83.54","0.2","0.2"
"X:9656190:C>T","NM_001139466.1:c.491C>T","NP_001132938.1:p.Ala164Val","Unknown significance","null","missense_variant","7/18","null","164","MODERATE","15.65","null","0.00865801","gnomad_AF_eas_pass","69.89409459023044","0.5496602992451751","82.65","0.2","0.2"
"X:9656192:G>A","NM_001139466.1:c.493G>A","NP_001132938.1:p.Ala165Thr","Likely benign","null","missense_variant","7/18","null","165","MODERATE","13.17","null","0","gnomad_AF_afr_pass,gnomad_AF_amr_pass,gnomad_AF_eas_pass,gnomad_AF_nfe_pass","69.67068717717773","0.5479033813505794","82.64","0.0","0.0"
"X:9656193:C>T","NM_001139466.1:c.494C>T","NP_001132938.1:p.Ala165Val","Unknown significance","null","missense_variant","7/18","null","165","MODERATE","15.44","null","0","null","69.67068717717773","0.5479033813505794","82.64","0.2","0.2"
"X:9656195:G>A","NM_001139466.1:c.496G>A","NP_001132938.1:p.Ala166Thr","Likely benign","null","missense_variant","7/18","null","166","MODERATE","7.172","null","0.00157993","gnomad_AF_nfe_pass","69.66884521615171","0.5478888958228005","82.5","0.1","0.1"
"X:9656196:C>T","NM_001139466.1:c.497C>T","NP_001132938.1:p.Ala166Val","Likely benign","null","missense_variant","7/18","null","166","MODERATE","9.595","null","0","null","69.66884521615171","0.5478888958228005","82.5","0.3","0.3"
"X:9656199:C>T","NM_001139466.1:c.500C>T","NP_001132938.1:p.Ala167Val","Likely benign","null","missense_variant","7/18","null","167","MODERATE","11.64","null","0.00936856","gnomad_AF_nfe_pass","68.59163619932993","0.539417521610041","81.19","0.2","0.2"
"X:9656202:C>T","NM_001139466.1:c.503C>T","NP_001132938.1:p.Ala168Val","Likely benign","null","missense_variant","7/18","null","168","MODERATE","13.26","null","0","null","72.14774271187285","0.5673834117369769","79.57","0.2","0.2"
"X:9656205:C>T","NM_001139466.1:c.506C>T","NP_001132938.1:p.Thr169Met","Likely benign","null","missense_variant","7/18","null","169","MODERATE","13.25","null","0.023873","gnomad_AF_amr_pass","103.5477920155214","0.6581249402353334","81.53","0.1","0.1"
"X:9656214:C>T","NM_001139466.1:c.515C>T","NP_001132938.1:p.Ala172Val","Likely benign","null","missense_variant","7/18","null","172","MODERATE","12.72","null","0.0080289","gnomad_AF_eas_pass","67.17218470395458","0.5282546882077884","72.21","0.2","0.2"
"X:9656219:G>A","NM_001139466.1:c.520G>A","NP_001132938.1:p.Ala174Thr","Likely benign","null","missense_variant","7/18","null","174","MODERATE","0.785","null","0.00864006","gnomad_AF_eas_pass","54.250074810834","0.42663278678144817","63.73","0.1","0.1"
"X:9656234:T>C","NM_001139466.1:c.535T>C","NP_001132938.1:p.Ser179Pro","Likely benign","null","missense_variant","7/18","null","179","MODERATE","1.072","null","0.00157178","gnomad_AF_nfe_pass","117.51596185118956","0.8521379728628351","35.21","-0.1","0.1"
"X:9656240:G>A","NM_001139466.1:c.541G>A","NP_001132938.1:p.Gly181Ser","Likely benign","null","missense_variant","7/18","null","181","MODERATE","0.361","null","0.102607","gnomad_AF_afr_pass","87.9826538458406","0.9227705448050069","34.32","0.1","0.1"
"X:9656243:G>A","NM_001139466.1:c.544G>A","NP_001132938.1:p.Val182Ile","Likely benign","null","missense_variant","7/18","null","182","MODERATE","7.149","null","0.0120098","gnomad_AF_afr_pass","158.53084047885778","0.9222694426105874","27.85","0.0","0.0"
"X:9656254:A>C","NM_001139466.1:c.555A>C","NP_001132938.1:p.Gln185His","Likely benign","null","missense_variant","7/18","null","185","MODERATE","13.63","null","0.0328165","gnomad_AF_eas_pass","190.37952117552425","0.9627200230163596","26.35","0.0","0.0"
"X:9656255:A>G","NM_001139466.1:c.556A>G","NP_001132938.1:p.Asn186Asp","Likely benign","null","missense_variant","7/18","null","186","MODERATE","13.76","null","0.0295508","gnomad_AF_afr_pass","142.42522912109416","0.8911207050137381","24.24","-0.0","0.0"
"X:9656258:C>A","NM_001139466.1:c.559C>A","NP_001132938.1:p.Pro187Thr","Likely benign","null","missense_variant","7/18","null","187","MODERATE","12.73","null","0.00903342","gnomad_AF_afr_pass","137.30032444960597","0.8728558705369371","33.54","-0.0","0.0"
"X:9656258:C>T","NM_001139466.1:c.559C>T","NP_001132938.1:p.Pro187Ser","Likely benign","null","missense_variant","7/18","null","187","MODERATE","12.90","null","0.00791327","gnomad_AF_amr_pass","137.30032444960597","0.8728558705369371","33.54","-0.1","0.1"
"X:9656261:T>C","NM_001139466.1:c.562T>C","NP_001132938.1:p.Ser188Pro","Likely benign","null","missense_variant","7/18","null","188","MODERATE","12.36","null","0.0181094","gnomad_AF_afr_pass","98.52779109983923","0.7144499424238854","24.57","-0.1","0.1"
"X:9656262:C>T","NM_001139466.1:c.563C>T","NP_001132938.1:p.Ser188Leu","Unknown significance","null","missense_variant","7/18","null","188","MODERATE","18.96","null","0","null","98.52779109983923","0.7144499424238854","24.57","0.1","0.1"
"X:9656265:A>G","NM_001139466.1:c.566A>G","NP_001132938.1:p.Lys189Arg","Unknown significance","null","missense_variant","7/18","null","189","MODERATE","17.14","null","0.0030003","gnomad_AF_nfe_pass","214.63780120611386","0.9067361427238342","23.9","0.1","0.1"
"X:9656266:G>C","NM_001139466.1:c.567G>C","NP_001132938.1:p.Lys189Asn","Unknown significance","null","missense_variant","7/18","null","189","MODERATE","16.55","null","0","gnomad_AF_afr_pass,gnomad_AF_amr_pass,gnomad_AF_eas_pass,gnomad_AF_nfe_pass,gnomad_AF_sas_pass","214.63780120611386","0.9067361427238342","23.9","0.0","0.0"
"X:9656273:G>A","NM_001139466.1:c.574G>A","NP_001132938.1:p.Glu192Lys","Likely benign","null","missense_variant","7/18","null","192","MODERATE","14.72","null","0.00893975","gnomad_AF_afr_pass","177.17600663216834","0.9073348271160873","24.11","-0.0","0.0"
"X:9656280:C>T","NM_001139466.1:c.581C>T","NP_001132938.1:p.Thr194Met","Unknown significance","null","missense_variant","7/18","null","194","MODERATE","15.72","null","0.00759786","gnomad_AF_nfe_pass","109.71214423175645","0.6973040850044573","27.37","0.2","0.2"
"X:9656294:G>C","NM_001139466.1:c.595G>C","NP_001132938.1:p.Glu199Gln","Unknown significance","null","missense_variant","7/18","null","199","MODERATE","17.20","null","0.00469344","gnomad_AF_nfe_pass","121.22221391180796","0.6207902446443887","28.29","0.2","0.2"
"X:9656300:A>G","NM_001139466.1:c.601A>G","NP_001132938.1:p.Arg201Gly","Likely benign","null","missense_variant","7/18","null","201","MODERATE","11.86","null","0","null","217.7982784974468","0.8083801044334646","26.32","-0.2","0.2"
"X:9656304:C>T","NM_001139466.1:c.605C>T","NP_001132938.1:p.Ala202Val","Unknown significance","null","missense_variant","7/18","null","202","MODERATE","19.37","null","0.00821423","gnomad_AF_sas_pass","131.40269701368706","1.0333755117025571","26.96","0.1","0.1"
"X:9659620:T>A","NM_001139466.1:c.618T>A","NP_001132938.1:p.Asn206Lys","Unknown significance","null","missense_variant&splice_region_variant","8/18","null","206","MODERATE","14.30","null","0.00534702","gnomad_AF_sas_pass","126.33392904263546","0.7904412765234946","28.09","-0.1","0.1"
"X:9659627:G>T","NM_001139466.1:c.625G>T","NP_001132938.1:p.Ala209Ser","Likely benign","null","missense_variant","8/18","null","209","MODERATE","1.769","null","0.00529493","gnomad_AF_sas_pass","115.22412676896977","0.9061441938894298","35.78","-0.0","0.0"
"X:9659634:C>A","NM_001139466.1:c.632C>A","NP_001132938.1:p.Pro211Gln","Unknown significance","null","missense_variant","8/18","null","211","MODERATE","22.5","null","0.0109701","gnomad_AF_amr_pass","106.40364329153046","0.6764371829843633","41.73","-0.0","0.0"
"X:9659636:A>G","NM_001139466.1:c.634A>G","NP_001132938.1:p.Met212Val","Unknown significance","null","missense_variant","8/18","null","212","MODERATE","19.53","null","0.00122342","gnomad_AF_nfe_pass","41.754258661435145","0.19283076460353626","53.76","-0.1","0.1"
"X:9659655:T>C","NM_001139466.1:c.653T>C","NP_001132938.1:p.Val218Ala","Unknown significance","null","missense_variant","8/18","null","218","MODERATE","15.35","null","0.00365017","gnomad_AF_amr_pass","16.686350526455193","0.09707455756087463","92.49","-1.3","1.3"
"X:9659678:A>G","NM_001139466.1:c.676A>G","NP_001132938.1:p.Thr226Ala","Unknown significance","null","missense_variant","8/18","null","226","MODERATE","21.4","null","0.00244215","gnomad_AF_nfe_pass","70.04754205501156","0.4452053832463784","94.8","-0.1","0.1"
"X:9659688:G>A","NM_001139466.1:c.686G>A","NP_001132938.1:p.Arg229Gln","Unknown significance","null","missense_variant","8/18","null","229","MODERATE","23.4","WD40-repeat-containing_domain&WD40-repeat-containing_domain&WD40-repeat-containing_domain&WD40-repeat-containing_domain&WD40-repeat-containing_domain&WD40-repeat-containing_domain","0.00364884","gnomad_AF_amr_pass","138.08748858632575","0.5125255314893475","95.01","-0.3","0.3"
"X:9659738:T>G","NM_001139466.1:c.736T>G","NP_001132938.1:p.Leu246Val","Unknown significance","null","missense_variant","8/18","null","246","MODERATE","15.66","WD40-repeat-containing_domain&WD40-repeat-containing_domain&WD40-repeat-containing_domain&WD40-repeat-containing_domain&WD40-repeat-containing_domain&WD40-repeat-containing_domain","0.00728438","gnomad_AF_eas_pass","15.133644996237042","0.07847315776122891","96.88","-0.5","0.5"
"X:9660175:A>T","NM_001139466.1:c.772A>T","NP_001132938.1:p.Ile258Leu","Unknown significance","null","missense_variant","9/18","null","258","MODERATE","21.6","WD40_repeat&_conserved_site&WD40-repeat-containing_domain&WD40_repeat&_conserved_site&WD40-repeat-containing_domain&WD40_repeat&_conserved_site&WD40-repeat-containing_domain&WD40_repeat&_conserved_site&WD40-repeat-containing_domain&WD40_repeat&_conserved_site&WD40-repeat-containing_domain&WD40_repeat&_conserved_site&WD40-repeat-containing_domain","0.00730834","gnomad_AF_amr_pass","0.0","0.0","98.12","-0.2","0.2"
"X:9660181:A>G","NM_001139466.1:c.778A>G","NP_001132938.1:p.Asn260Asp","Unknown significance","null","missense_variant","9/18","null","260","MODERATE","16.63","WD40_repeat&_conserved_site&WD40-repeat-containing_domain&WD40_repeat&_conserved_site&WD40-repeat-containing_domain&WD40_repeat&_conserved_site&WD40-repeat-containing_domain&WD40_repeat&_conserved_site&WD40-repeat-containing_domain&WD40_repeat&_conserved_site&WD40-repeat-containing_domain&WD40_repeat&_conserved_site&WD40-repeat-containing_domain","0.00723014","gnomad_AF_eas_pass","32.16525275620159","0.201250318429758","93.88","-0.1","0.1"
"X:9660190:G>A","NM_001139466.1:c.787G>A","NP_001132938.1:p.Glu263Lys","Unknown significance","null","missense_variant","9/18","null","263","MODERATE","22.4","WD40-repeat-containing_domain&WD40-repeat-containing_domain&WD40-repeat-containing_domain&WD40-repeat-containing_domain&WD40-repeat-containing_domain&WD40-repeat-containing_domain","0.00244651","gnomad_AF_nfe_pass","133.21685474482186","0.6822159171912169","66.98","-0.1","0.1"
"X:9660197:G>A","NM_001139466.1:c.794G>A","NP_001132938.1:p.Ser265Asn","Unknown significance","null","missense_variant","9/18","null","265","MODERATE","16.83","WD40-repeat-containing_domain&WD40-repeat-containing_domain&WD40-repeat-containing_domain&WD40-repeat-containing_domain&WD40-repeat-containing_domain&WD40-repeat-containing_domain","0.00245044","gnomad_AF_nfe_pass","145.3928543591732","1.0542803737525903","48.44","-0.0","0.0"
"X:9660202:G>A","NM_001139466.1:c.799G>A","NP_001132938.1:p.Gly267Arg","Likely benign","null","missense_variant","9/18","null","267","MODERATE","18.35","WD40-repeat-containing_domain&WD40-repeat-containing_domain&WD40-repeat-containing_domain&WD40-repeat-containing_domain&WD40-repeat-containing_domain&WD40-repeat-containing_domain","0.00122645","gnomad_AF_nfe_pass","75.95294334117307","0.7966017827705191","50.32","0.3","0.3"
"X:9660206:G>A","NM_001139466.1:c.803G>A","NP_001132938.1:p.Gly268Asp","Unknown significance","null","missense_variant","9/18","null","268","MODERATE","15.38","WD40-repeat-containing_domain&WD40-repeat-containing_domain&WD40-repeat-containing_domain&WD40-repeat-containing_domain&WD40-repeat-containing_domain&WD40-repeat-containing_domain","0.0076929","gnomad_AF_afr_pass","51.34920389389818","0.538555394515596","58.91","0.1","0.1"
"X:9660209:C>G","NM_001139466.1:c.806C>G","NP_001132938.1:p.Ser269Cys","Unknown significance","null","missense_variant","9/18","null","269","MODERATE","23.8","WD40-repeat-containing_domain&WD40-repeat-containing_domain&WD40-repeat-containing_domain&WD40-repeat-containing_domain&WD40-repeat-containing_domain&WD40-repeat-containing_domain","0.00728385","gnomad_AF_eas_pass","33.22052766463227","0.24089045143859258","65.43","0.1","0.1"
"X:9660220:G>A","NM_001139466.1:c.817G>A","NP_001132938.1:p.Val273Met","Unknown significance","null","missense_variant","9/18","null","273","MODERATE","24.2","WD40-repeat-containing_domain&WD40-repeat-containing_domain&WD40-repeat-containing_domain&WD40-repeat-containing_domain&WD40-repeat-containing_domain&WD40-repeat-containing_domain","0.0111111","gnomad_AF_amr_pass","47.0379481755317","0.27364809342052815","96.59","-0.1","0.1"
"X:9660229:C>G","NM_001139466.1:c.826C>G","NP_001132938.1:p.His276Asp","Unknown significance","null","missense_variant","9/18","null","276","MODERATE","24.4","WD40-repeat-containing_domain&WD40-repeat-containing_domain&WD40-repeat-containing_domain&WD40-repeat-containing_domain&WD40-repeat-containing_domain&WD40-repeat-containing_domain","0.0037326","gnomad_AF_amr_pass","0.0","0.0","90.19","-1.4","1.4"
"X:9660233:G>T","NM_001139466.1:c.830G>T","NP_001132938.1:p.Cys277Phe","Unknown significance","null","missense_variant","9/18","null","277","MODERATE","22.9","WD40-repeat-containing_domain&WD40-repeat-containing_domain&WD40-repeat-containing_domain&WD40-repeat-containing_domain&WD40-repeat-containing_domain&WD40-repeat-containing_domain","0.00126923","gnomad_AF_nfe_pass","11.954582404742132","0.07736191260563138","85.95","0.8","0.8"
"X:9660235:A>T","NM_001139466.1:c.832A>T","NP_001132938.1:p.Ile278Leu","Unknown significance","null","missense_variant","9/18","null","278","MODERATE","22.0","WD40-repeat-containing_domain&WD40-repeat-containing_domain&WD40-repeat-containing_domain&WD40-repeat-containing_domain&WD40-repeat-containing_domain&WD40-repeat-containing_domain","0.00127029","gnomad_AF_nfe_pass","37.23649484516576","0.18982839429807535","75.89","-0.1","0.1"
"X:9660239:G>A","NM_001139466.1:c.836G>A","NP_001132938.1:p.Arg279Gln","Unknown significance","null","missense_variant","9/18","null","279","MODERATE","16.95","WD40-repeat-containing_domain&WD40-repeat-containing_domain&WD40-repeat-containing_domain&WD40-repeat-containing_domain&WD40-repeat-containing_domain&WD40-repeat-containing_domain","0.00128029","gnomad_AF_nfe_pass","142.32127272040967","0.5282396449528276","69.89","-0.2","0.2"
"X:9660243:G>T","NM_001139466.1:c.840G>T","NP_001132938.1:p.Glu280Asp","Likely benign","null","missense_variant","9/18","null","280","MODERATE","1.821","WD40-repeat-containing_domain&WD40-repeat-containing_domain&WD40-repeat-containing_domain&WD40-repeat-containing_domain&WD40-repeat-containing_domain&WD40-repeat-containing_domain","0.00610128","gnomad_AF_sas_pass","99.56846888895289","0.5098994001661226","64.97","-0.1","0.1"
"X:9660251:A>G","NM_001139466.1:c.848A>G","NP_001132938.1:p.His283Arg","Unknown significance","null","missense_variant","9/18","null","283","MODERATE","12.75","WD40-repeat-containing_domain&WD40-repeat-containing_domain&WD40-repeat-containing_domain&WD40-repeat-containing_domain&WD40-repeat-containing_domain&WD40-repeat-containing_domain","0.00130472","gnomad_AF_nfe_pass","149.50105434975052","0.727845013385197","72.04","-0.0","0.0"
"X:9660256:G>A","NM_001139466.1:c.853G>A","NP_001132938.1:p.Val285Ile","Unknown significance","null","missense_variant","9/18","null","285","MODERATE","16.16","WD40-repeat-containing_domain&WD40-repeat-containing_domain&WD40-repeat-containing_domain&WD40-repeat-containing_domain&WD40-repeat-containing_domain&WD40-repeat-containing_domain","0","null","47.4727412365626","0.27617754669811545","78.1","0.1","0.1"
"X:9660274:G>A","NM_001139466.1:c.871G>A","NP_001132938.1:p.Val291Ile","Unknown significance","null","missense_variant","9/18","null","291","MODERATE","25.1","WD40-repeat-containing_domain&WD40-repeat-containing_domain&WD40-repeat-containing_domain&WD40-repeat-containing_domain&WD40-repeat-containing_domain&WD40-repeat-containing_domain","0","null","0.0","0.0","95.28","0.3","0.3"
"X:9660292:A>C","NM_001139466.1:c.889A>C","NP_001132938.1:p.Asn297His","Unknown significance","null","missense_variant&splice_region_variant","9/18","null","297","MODERATE","28.5","WD40-repeat-containing_domain&WD40-repeat-containing_domain&WD40-repeat-containing_domain&WD40-repeat-containing_domain&WD40-repeat-containing_domain&WD40-repeat-containing_domain","0.00857927","gnomad_AF_eas_pass","2.1951053695236737","0.013734250992892843","98.55","0.6","0.6"
"X:9661193:A>G","NM_001139466.1:c.896A>G","NP_001132938.1:p.Asn299Ser","Unknown significance","null","missense_variant","10/18","null","299","MODERATE","20.7","WD40-repeat-containing_domain&WD40-repeat-containing_domain&WD40-repeat-containing_domain&WD40-repeat-containing_domain&WD40-repeat-containing_domain&WD40-repeat-containing_domain","0.00759705","gnomad_AF_afr_pass","88.24704484940973","0.5521407218851931","97.66","-0.1","0.1"
"X:9661205:T>C","NM_001139466.1:c.908T>C","NP_001132938.1:p.Leu303Ser","Unknown significance","null","missense_variant","10/18","null","303","MODERATE","26.4","WD40-repeat-containing_domain&WD40-repeat-containing_domain&WD40-repeat-containing_domain&WD40-repeat-containing_domain&WD40-repeat-containing_domain&WD40-repeat-containing_domain","0.0170969","gnomad_AF_afr_pass","0.0","0.0","98.77","-4.4","4.4"
"X:9661211:C>T","NM_001139466.1:c.914C>T","NP_001132938.1:p.Thr305Met","Unknown significance","null","missense_variant","10/18","null","305","MODERATE","27.8","WD40-repeat-containing_domain&WD40-repeat-containing_domain&WD40-repeat-containing_domain&WD40-repeat-containing_domain&WD40-repeat-containing_domain&WD40-repeat-containing_domain","0","null","0.0","0.0","98.67","0.9","0.9"
"X:9661244:C>T","NM_001139466.1:c.947C>T","NP_001132938.1:p.Thr316Met","Unknown significance","null","missense_variant","10/18","null","316","MODERATE","23.1","WD40-repeat-containing_domain&WD40-repeat-containing_domain&WD40-repeat-containing_domain&WD40-repeat-containing_domain&WD40-repeat-containing_domain&WD40-repeat-containing_domain","0.00524109","gnomad_AF_sas_pass","37.364669351677335","0.2374808801360014","98.02","0.5","0.5"
"X:9661250:A>G","NM_001139466.1:c.953A>G","NP_001132938.1:p.Asp318Gly","Unknown significance","null","missense_variant&splice_region_variant","10/18","null","318","MODERATE","25.7","WD40-repeat-containing_domain&WD40-repeat-containing_domain&WD40-repeat-containing_domain&WD40-repeat-containing_domain&WD40-repeat-containing_domain&WD40-repeat-containing_domain","0.00122011","gnomad_AF_nfe_pass","111.3084174405374","0.6957652754280627","95.56","-0.2","0.2"
"X:9661365:A>G","NM_001139466.1:c.959A>G","NP_001132938.1:p.Asn320Ser","Unknown significance","null","missense_variant","11/18","null","320","MODERATE","19.26","WD40-repeat-containing_domain&WD40-repeat-containing_domain&WD40-repeat-containing_domain&WD40-repeat-containing_domain&WD40-repeat-containing_domain&WD40-repeat-containing_domain","0.00365364","gnomad_AF_amr_pass","103.82067768101923","0.6495812298216731","96.72","-0.0","0.0"
"X:9661374:G>T","NM_001139466.1:c.968G>T","NP_001132938.1:p.Ser323Ile","Unknown significance","null","missense_variant","11/18","null","323","MODERATE","24.9","WD40-repeat-containing_domain&WD40-repeat-containing_domain&WD40-repeat-containing_domain&WD40-repeat-containing_domain&WD40-repeat-containing_domain&WD40-repeat-containing_domain","0","null","20.409311706684733","0.14799308307822023","96.04","1.6","1.6"
"X:9661380:T>C","NM_001139466.1:c.974T>C","NP_001132938.1:p.Leu325Ser","Unknown significance","null","missense_variant","11/18","null","325","MODERATE","28.4","WD40-repeat-containing_domain&WD40-repeat-containing_domain&WD40-repeat-containing_domain&WD40-repeat-containing_domain&WD40-repeat-containing_domain&WD40-repeat-containing_domain","0.00532141","gnomad_AF_sas_pass","0.04075437706110304","2.1132547125109362E-4","96.4","-2.7","2.7"
"X:9661407:C>T","NM_001139466.1:c.1001C>T","NP_001132938.1:p.Ala334Val","Unknown significance","null","missense_variant","11/18","null","334","MODERATE","28.1","WD40-repeat-containing_domain&WD40-repeat-containing_domain&WD40-repeat-containing_domain&WD40-repeat-containing_domain&WD40-repeat-containing_domain&WD40-repeat-containing_domain","0.00124415","gnomad_AF_nfe_pass","1.610015462457728","0.012661464263499749","98.35","0.9","0.9"
"X:9661422:G>A","NM_001139466.1:c.1016G>A","NP_001132938.1:p.Arg339Gln","Unknown significance","null","missense_variant","11/18","null","339","MODERATE","23.2","WD40-repeat-containing_domain&WD40-repeat-containing_domain&WD40-repeat-containing_domain&WD40-repeat-containing_domain&WD40-repeat-containing_domain&WD40-repeat-containing_domain","0.00733514","gnomad_AF_eas_pass","111.19262230399484","0.41270254407170553","97.65","-0.3","0.3"
"X:9661434:A>C","NM_001139466.1:c.1028A>C","NP_001132938.1:p.Tyr343Ser","Unknown significance","null","missense_variant","11/18","null","343","MODERATE","22.5","WD40-repeat-containing_domain&WD40-repeat-containing_domain&WD40-repeat-containing_domain&WD40-repeat-containing_domain&WD40-repeat-containing_domain&WD40-repeat-containing_domain","0.00739536","gnomad_AF_eas_pass","39.1771344238046","0.16329812659341778","98.77","-2.4","2.4"
"X:9661438:T>G","NM_001139466.1:c.1032T>G","NP_001132938.1:p.Ile344Met","Unknown significance","null","missense_variant","11/18","null","344","MODERATE","23.4","WD40_repeat&_conserved_site&WD40-repeat-containing_domain&WD40_repeat&_conserved_site&WD40-repeat-containing_domain&WD40_repeat&_conserved_site&WD40-repeat-containing_domain&WD40_repeat&_conserved_site&WD40-repeat-containing_domain&WD40_repeat&_conserved_site&WD40-repeat-containing_domain&WD40_repeat&_conserved_site&WD40-repeat-containing_domain","0.00128098","gnomad_AF_nfe_pass","0.0","0.0","98.87","-1.2","1.2"
"X:9661448:G>A","NM_001139466.1:c.1042G>A","NP_001132938.1:p.Gly348Ser","Unknown significance","null","missense_variant","11/18","null","348","MODERATE","24.5","WD40_repeat&_conserved_site&WD40-repeat-containing_domain&WD40_repeat&_conserved_site&WD40-repeat-containing_domain&WD40_repeat&_conserved_site&WD40-repeat-containing_domain&WD40_repeat&_conserved_site&WD40-repeat-containing_domain&WD40_repeat&_conserved_site&WD40-repeat-containing_domain&WD40_repeat&_conserved_site&WD40-repeat-containing_domain","0","null","0.0","0.0","96.15","0.7","0.7"
"X:9661458:A>G","NM_001139466.1:c.1052A>G","NP_001132938.1:p.Lys351Arg","Unknown significance","null","missense_variant&splice_region_variant","11/18","null","351","MODERATE","28.0","WD40_repeat&_conserved_site&WD40-repeat-containing_domain&WD40_repeat&_conserved_site&WD40-repeat-containing_domain&WD40_repeat&_conserved_site&WD40-repeat-containing_domain&WD40_repeat&_conserved_site&WD40-repeat-containing_domain&WD40_repeat&_conserved_site&WD40-repeat-containing_domain&WD40_repeat&_conserved_site&WD40-repeat-containing_domain","0.00132587","gnomad_AF_nfe_pass","99.41031317543037","0.4199582897753358","98.29","0.7","0.7"
"X:9665424:G>A","NM_001139466.1:c.1069G>A","NP_001132938.1:p.Asp357Asn","Unknown significance","null","missense_variant","12/18","null","357","MODERATE","25.2","WD40_repeat&_conserved_site&WD40-repeat-containing_domain&WD40_repeat&_conserved_site&WD40-repeat-containing_domain&WD40_repeat&_conserved_site&WD40-repeat-containing_domain&WD40_repeat&_conserved_site&WD40-repeat-containing_domain&WD40_repeat&_conserved_site&WD40-repeat-containing_domain&WD40_repeat&_conserved_site&WD40-repeat-containing_domain","0.00122573","gnomad_AF_nfe_pass","19.38967554870329","0.12120074347307318","98.32","0.2","0.2"
"X:9665434:C>A","NM_001139466.1:c.1079C>A","NP_001132938.1:p.Thr360Lys","Unknown significance","null","missense_variant","12/18","null","360","MODERATE","22.7","WD40-repeat-containing_domain&WD40-repeat-containing_domain&WD40-repeat-containing_domain&WD40-repeat-containing_domain&WD40-repeat-containing_domain&WD40-repeat-containing_domain","0.00122365","gnomad_AF_nfe_pass","77.57166984749685","0.49302693556890537","97.34","-0.5","0.5"
"X:9665446:A>C","NM_001139466.1:c.1091A>C","NP_001132938.1:p.Lys364Thr","Unknown significance","null","missense_variant","12/18","null","364","MODERATE","22.5","WD40-repeat-containing_domain&WD40-repeat-containing_domain&WD40-repeat-containing_domain&WD40-repeat-containing_domain&WD40-repeat-containing_domain&WD40-repeat-containing_domain","0.0107313","gnomad_AF_sas_pass","104.57309099805647","0.44176841465698596","97.99","0.5","0.5"
"X:9673066:C>T","NM_001139466.1:c.1148C>T","NP_001132938.1:p.Thr383Met","Likely benign","null","missense_variant","13/18","null","383","MODERATE","14.07","WD40-repeat-containing_domain&WD40-repeat-containing_domain&WD40-repeat-containing_domain&WD40-repeat-containing_domain&WD40-repeat-containing_domain&WD40-repeat-containing_domain","0.0216435","gnomad_AF_eas_pass","52.81620545476544","0.33568713906680175","98.37","0.3","0.3"
"X:9673069:C>T","NM_001139466.1:c.1151C>T","NP_001132938.1:p.Thr384Ile","Unknown significance","null","missense_variant","13/18","null","384","MODERATE","23.6","WD40-repeat-containing_domain&WD40-repeat-containing_domain&WD40-repeat-containing_domain&WD40-repeat-containing_domain&WD40-repeat-containing_domain&WD40-repeat-containing_domain","0.0048843","gnomad_AF_nfe_pass","1.7493189286260327","0.011118251707211434","98.81","1.3","1.3"
"X:9673104:G>A","NM_001139466.1:c.1186G>A","NP_001132938.1:p.Val396Met","Unknown significance","null","missense_variant","13/18","null","396","MODERATE","24.7","WD40-repeat-containing_domain&WD40-repeat-containing_domain&WD40-repeat-containing_domain&WD40-repeat-containing_domain&WD40-repeat-containing_domain&WD40-repeat-containing_domain","0.00721449","gnomad_AF_eas_pass","0.0","0.0","98.83","-0.8","0.8"
"X:9673116:G>A","NM_001139466.1:c.1198G>A","NP_001132938.1:p.Gly400Ser","Unknown significance","null","missense_variant","13/18","null","400","MODERATE","23.8","WD40-repeat-containing_domain&WD40-repeat-containing_domain&WD40-repeat-containing_domain&WD40-repeat-containing_domain&WD40-repeat-containing_domain&WD40-repeat-containing_domain","0.00244182","gnomad_AF_nfe_pass","82.36221813831122","0.8638228739497296","98.31","0.2","0.2"
"X:9673125:C>T","NM_001139466.1:c.1207C>T","NP_001132938.1:p.Arg403Cys","Unknown significance","null","missense_variant","13/18","null","403","MODERATE","28.3","WD40-repeat-containing_domain&WD40-repeat-containing_domain&WD40-repeat-containing_domain&WD40-repeat-containing_domain&WD40-repeat-containing_domain&WD40-repeat-containing_domain","0.00760167","gnomad_AF_afr_pass","194.7396776120548","0.7227957999090316","98.08","-0.3","0.3"
"X:9673126:G>A","NM_001139466.1:c.1208G>A","NP_001132938.1:p.Arg403His","Unknown significance","null","missense_variant","13/18","null","403","MODERATE","23.1","WD40-repeat-containing_domain&WD40-repeat-containing_domain&WD40-repeat-containing_domain&WD40-repeat-containing_domain&WD40-repeat-containing_domain&WD40-repeat-containing_domain","0.0336406","gnomad_AF_eas_pass","194.7396776120548","0.7227957999090316","98.08","-0.1","0.1"
"X:9673131:G>A","NM_001139466.1:c.1213G>A","NP_001132938.1:p.Val405Ile","Unknown significance","null","missense_variant","13/18","null","405","MODERATE","17.88","WD40-repeat-containing_domain&WD40-repeat-containing_domain&WD40-repeat-containing_domain&WD40-repeat-containing_domain&WD40-repeat-containing_domain&WD40-repeat-containing_domain","0.00488544","gnomad_AF_nfe_pass","53.40905905599023","0.31071268516041967","98.04","0.1","0.1"
"X:9673145:G>C","NM_001139466.1:c.1227G>C","NP_001132938.1:p.Gln409His","Unknown significance","null","missense_variant","13/18","null","409","MODERATE","19.69","WD40-repeat-containing_domain&WD40-repeat-containing_domain&WD40-repeat-containing_domain&WD40-repeat-containing_domain&WD40-repeat-containing_domain&WD40-repeat-containing_domain","0.00921914","gnomad_AF_nfe_pass","121.32450698982731","0.6135194134352692","96.9","0.1","0.1"
"X:9677297:A>T","NM_001139466.1:c.1246A>T","NP_001132938.1:p.Asn416Tyr","Pathogenic","Central hypothyroidism & hearing loss","missense_variant","14/18","null","416","MODERATE","28.5","WD40-repeat-containing_domain&WD40-repeat-containing_domain&WD40-repeat-containing_domain&WD40-repeat-containing_domain&WD40-repeat-containing_domain&WD40-repeat-containing_domain","0","null","0.0","0.0","97.3","2.2","2.2"
"X:9677300:G>A","NM_001139466.1:c.1249G>A","NP_001132938.1:p.Ala417Thr","Pathogenic","Central hypothyroidism & hearing loss","missense_variant","14/18","null","417","MODERATE","29.0","WD40-repeat-containing_domain&WD40-repeat-containing_domain&WD40-repeat-containing_domain&WD40-repeat-containing_domain&WD40-repeat-containing_domain&WD40-repeat-containing_domain","0","null","0.0","0.0","98.47","-0.2","0.2"
"X:9677309:T>C","NM_001139466.1:c.1258T>C","NP_001132938.1:p.Trp420Arg","Pathogenic","Central hypothyroidism & hearing loss","missense_variant","14/18","null","420","MODERATE","28.4","WD40-repeat-containing_domain&WD40-repeat-containing_domain&WD40-repeat-containing_domain&WD40-repeat-containing_domain&WD40-repeat-containing_domain&WD40-repeat-containing_domain","0","null","13.14759339326481","0.05011887358832769","98.55","-2.5","2.5"
"X:9677316:C>T","NM_001139466.1:c.1265C>T","NP_001132938.1:p.Pro422Leu","Unknown significance","null","missense_variant","14/18","null","422","MODERATE","30","WD40-repeat-containing_domain&WD40-repeat-containing_domain&WD40-repeat-containing_domain&WD40-repeat-containing_domain&WD40-repeat-containing_domain&WD40-repeat-containing_domain","0.00526399","gnomad_AF_sas_pass","42.2348907075276","0.2684987995718986","94.59","0.2","0.2"
"X:9677325:T>C","NM_001139466.1:c.1274T>C","NP_001132938.1:p.Met425Thr","Unknown significance","null","missense_variant","14/18","null","425","MODERATE","16.16","WD40-repeat-containing_domain&WD40-repeat-containing_domain&WD40-repeat-containing_domain&WD40-repeat-containing_domain&WD40-repeat-containing_domain&WD40-repeat-containing_domain","0.00721709","gnomad_AF_eas_pass","95.20955622597393","0.4396996165944357","95.06","-0.3","0.3"
"X:9677326:G>A","NM_001139466.1:c.1275G>A","NP_001132938.1:p.Met425Ile","Unknown significance","null","missense_variant","14/18","null","425","MODERATE","16.75","WD40-repeat-containing_domain&WD40-repeat-containing_domain&WD40-repeat-containing_domain&WD40-repeat-containing_domain&WD40-repeat-containing_domain&WD40-repeat-containing_domain","0.0157986","gnomad_AF_afr_pass","95.20955622597393","0.4396996165944357","95.06","0.1","0.1"
"X:9677346:A>T","NM_001139466.1:c.1295A>T","NP_001132938.1:p.Asp432Val","Unknown significance","null","missense_variant","14/18","null","432","MODERATE","29.9","WD40-repeat-containing_domain&WD40-repeat-containing_domain&WD40-repeat-containing_domain&WD40-repeat-containing_domain&WD40-repeat-containing_domain&WD40-repeat-containing_domain","0","null","1.9183177388939914","0.01199099673367589","97.59","0.7","0.7"
"X:9677675:C>G","NM_001139466.1:c.1314C>G","NP_001132938.1:p.Ile438Met","Unknown significance","null","missense_variant&splice_region_variant","15/18","null","438","MODERATE","23.7","WD40-repeat-containing_domain&WD40-repeat-containing_domain&WD40-repeat-containing_domain&WD40-repeat-containing_domain&WD40-repeat-containing_domain&WD40-repeat-containing_domain","0.0217014","gnomad_AF_eas_pass","0.0","0.0","98.36","-1.2","1.2"
"X:9677680:G>A","NM_001139466.1:c.1319G>A","NP_001132938.1:p.Ser440Asn","Unknown significance","null","missense_variant","15/18","null","440","MODERATE","23.4","WD40-repeat-containing_domain&WD40-repeat-containing_domain&WD40-repeat-containing_domain&WD40-repeat-containing_domain&WD40-repeat-containing_domain&WD40-repeat-containing_domain","0","null","3.8430288546677986","0.0278667745749881","97.4","0.2","0.2"
"X:9677703:C>A","NM_001139466.1:c.1342C>A","NP_001132938.1:p.His448Asn","Unknown significance","null","missense_variant","15/18","null","448","MODERATE","23.0","WD40-repeat-containing_domain&WD40-repeat-containing_domain&WD40-repeat-containing_domain&WD40-repeat-containing_domain&WD40-repeat-containing_domain&WD40-repeat-containing_domain","0","null","34.7004650616227","0.16893901228390557","96.33","-0.7","0.7"
"X:9677703:C>G","NM_001139466.1:c.1342C>G","NP_001132938.1:p.His448Asp","Unknown significance","null","missense_variant","15/18","null","448","MODERATE","23.3","WD40-repeat-containing_domain&WD40-repeat-containing_domain&WD40-repeat-containing_domain&WD40-repeat-containing_domain&WD40-repeat-containing_domain&WD40-repeat-containing_domain","0","gnomad_AF_afr_pass,gnomad_AF_amr_pass,gnomad_AF_eas_pass,gnomad_AF_nfe_pass,gnomad_AF_sas_pass","34.7004650616227","0.16893901228390557","96.33","-1.2","1.2"
"X:9677718:C>G","NM_001139466.1:c.1357C>G","NP_001132938.1:p.His453Asp","Unknown significance","null","missense_variant","15/18","null","453","MODERATE","25.3","WD40-repeat-containing_domain&WD40-repeat-containing_domain&WD40-repeat-containing_domain&WD40-repeat-containing_domain&WD40-repeat-containing_domain&WD40-repeat-containing_domain","0.00127411","gnomad_AF_nfe_pass","6.805150228053043","0.033130834296579724","95.51","-1.4","1.4"
"X:9677722:A>G","NM_001139466.1:c.1361A>G","NP_001132938.1:p.Asn454Ser","Likely benign","null","missense_variant","15/18","null","454","MODERATE","8.126","WD40-repeat-containing_domain&WD40-repeat-containing_domain&WD40-repeat-containing_domain&WD40-repeat-containing_domain&WD40-repeat-containing_domain&WD40-repeat-containing_domain","0.00522835","gnomad_AF_nfe_pass","102.30993821823122","0.6401288931571689","95.97","0.0","0.0"
"X:9677726:A>C","NM_001139466.1:c.1365A>C","NP_001132938.1:p.Lys455Asn","Unknown significance","null","missense_variant","15/18","null","455","MODERATE","23.5","WD40-repeat-containing_domain&WD40-repeat-containing_domain&WD40-repeat-containing_domain&WD40-repeat-containing_domain&WD40-repeat-containing_domain&WD40-repeat-containing_domain","0","null","123.12224585112658","0.5201292114399749","97.3","0.2","0.2"
"X:9677736:A>G","NM_001139466.1:c.1375A>G","NP_001132938.1:p.Thr459Ala","Unknown significance","null","missense_variant","15/18","null","459","MODERATE","24.0","WD40-repeat-containing_domain&WD40-repeat-containing_domain&WD40-repeat-containing_domain&WD40-repeat-containing_domain&WD40-repeat-containing_domain&WD40-repeat-containing_domain","0.00559566","gnomad_AF_sas_pass","9.523983419732332","0.06053215521943823","97.76","0.1","0.1"
"X:9677744:G>C","NM_001139466.1:c.1383G>C","NP_001132938.1:p.Lys461Asn","Unknown significance","null","missense_variant","15/18","null","461","MODERATE","24.8","WD40-repeat-containing_domain&WD40-repeat-containing_domain&WD40-repeat-containing_domain&WD40-repeat-containing_domain&WD40-repeat-containing_domain&WD40-repeat-containing_domain","0.00561608","gnomad_AF_sas_pass","48.03497910276614","0.20292348981732627","98.56","0.1","0.1"
"X:9677754:A>G","NM_001139466.1:c.1393A>G","NP_001132938.1:p.Thr465Ala","Unknown significance","null","missense_variant","15/18","null","465","MODERATE","19.66","WD40-repeat-containing_domain&WD40-repeat-containing_domain&WD40-repeat-containing_domain&WD40-repeat-containing_domain&WD40-repeat-containing_domain&WD40-repeat-containing_domain","0.00565739","gnomad_AF_sas_pass","0.3179014085420751","0.0020205051351179022","93.56","-0.5","0.5"
"X:9677763:G>A","NM_001139466.1:c.1402G>A","NP_001132938.1:p.Ala468Thr","Unknown significance","null","missense_variant","15/18","null","468","MODERATE","23.9","WD40-repeat-containing_domain&WD40-repeat-containing_domain&WD40-repeat-containing_domain&WD40-repeat-containing_domain&WD40-repeat-containing_domain&WD40-repeat-containing_domain","0.00373874","gnomad_AF_amr_pass","71.44691787703876","0.5618719934878135","87.73","0.1","0.1"
"X:9677770:G>A","NM_001139466.1:c.1409G>A","NP_001132938.1:p.Ser470Asn","Unknown significance","null","missense_variant","15/18","null","470","MODERATE","16.98","WD40-repeat-containing_domain&WD40-repeat-containing_domain&WD40-repeat-containing_domain&WD40-repeat-containing_domain&WD40-repeat-containing_domain&WD40-repeat-containing_domain","0.0025696","gnomad_AF_nfe_pass","123.1217140009918","0.8927867000489591","89.21","-0.0","0.0"
"X:9677776:C>G","NM_001139466.1:c.1415C>G","NP_001132938.1:p.Pro472Arg","Unknown significance","null","missense_variant","15/18","null","472","MODERATE","25.5","WD40-repeat-containing_domain&WD40-repeat-containing_domain&WD40-repeat-containing_domain&WD40-repeat-containing_domain&WD40-repeat-containing_domain&WD40-repeat-containing_domain","0","null","69.91199340781657","0.4444497426468206","90.12","0.3","0.3"
"X:9677782:C>G","NM_001139466.1:c.1421C>G","NP_001132938.1:p.Ser474Cys","Unknown significance","null","missense_variant","15/18","null","474","MODERATE","17.64","WD40-repeat-containing_domain&WD40-repeat-containing_domain&WD40-repeat-containing_domain&WD40-repeat-containing_domain&WD40-repeat-containing_domain&WD40-repeat-containing_domain","0.0168663","gnomad_AF_afr_pass","45.971788142164485","0.3333530674407463","89.16","-0.2","0.2"
"X:9677785:A>G","NM_001139466.1:c.1424A>G","NP_001132938.1:p.Asn475Ser","Likely benign","null","missense_variant","15/18","null","475","MODERATE","7.581","WD40-repeat-containing_domain&WD40-repeat-containing_domain&WD40-repeat-containing_domain&WD40-repeat-containing_domain&WD40-repeat-containing_domain&WD40-repeat-containing_domain","0.00128984","gnomad_AF_nfe_pass","62.000534068775075","0.3879225609924768","89.84","-0.1","0.1"
"X:9677790:A>T","NM_001139466.1:c.1429A>T","NP_001132938.1:p.Met477Leu","Likely benign","null","missense_variant","15/18","null","477","MODERATE","14.20","WD40-repeat-containing_domain&WD40-repeat-containing_domain&WD40-repeat-containing_domain&WD40-repeat-containing_domain&WD40-repeat-containing_domain&WD40-repeat-containing_domain","0.0034029","gnomad_AF_nfe_pass","13.443245218202994","0.06208399663369372","95.83","0.7","0.7"
"X:9677796:G>T","NM_001139466.1:c.1435G>T","NP_001132938.1:p.Ala479Ser","Unknown significance","null","missense_variant","15/18","null","479","MODERATE","22.9","WD40_repeat&_conserved_site&WD40-repeat-containing_domain&WD40_repeat&_conserved_site&WD40-repeat-containing_domain&WD40_repeat&_conserved_site&WD40-repeat-containing_domain&WD40_repeat&_conserved_site&WD40-repeat-containing_domain&WD40_repeat&_conserved_site&WD40-repeat-containing_domain&WD40_repeat&_conserved_site&WD40-repeat-containing_domain","0.00129993","gnomad_AF_nfe_pass","0.0","0.0","98.73","-1.5","1.5"
"X:9679668:C>T","NM_001139466.1:c.1457C>T","NP_001132938.1:p.Thr486Met","Unknown significance","null","missense_variant","16/18","null","486","MODERATE","24.1","WD40_repeat&_conserved_site&WD40-repeat-containing_domain&WD40_repeat&_conserved_site&WD40-repeat-containing_domain&WD40_repeat&_conserved_site&WD40-repeat-containing_domain&WD40_repeat&_conserved_site&WD40-repeat-containing_domain&WD40_repeat&_conserved_site&WD40-repeat-containing_domain&WD40_repeat&_conserved_site&WD40-repeat-containing_domain","0.00830565","gnomad_AF_afr_pass","22.050617007600643","0.14014843501543808","98.55","0.5","0.5"
"X:9679686:T>C","NM_001139466.1:c.1475T>C","NP_001132938.1:p.Ile492Thr","Unknown significance","null","missense_variant","16/18","null","492","MODERATE","16.92","WD40_repeat&_conserved_site&WD40-repeat-containing_domain&WD40_repeat&_conserved_site&WD40-repeat-containing_domain&WD40_repeat&_conserved_site&WD40-repeat-containing_domain&WD40_repeat&_conserved_site&WD40-repeat-containing_domain&WD40_repeat&_conserved_site&WD40-repeat-containing_domain&WD40_repeat&_conserved_site&WD40-repeat-containing_domain","0.00128969","gnomad_AF_nfe_pass","2.894765475510914","0.014757261239831265","92.67","-1.7","1.7"
"X:9679697:G>A","NM_001139466.1:c.1486G>A","NP_001132938.1:p.Val496Ile","Unknown significance","null","missense_variant","16/18","null","496","MODERATE","10.84","WD40-repeat-containing_domain&WD40-repeat-containing_domain&WD40-repeat-containing_domain&WD40-repeat-containing_domain&WD40-repeat-containing_domain&WD40-repeat-containing_domain","0","null","65.77613945899459","0.3826594452706095","95.14","0.0","0.0"
"X:9679706:C>T","NM_001139466.1:c.1495C>T","NP_001132938.1:p.His499Tyr","Unknown significance","null","missense_variant","16/18","null","499","MODERATE","18.25","WD40-repeat-containing_domain&WD40-repeat-containing_domain&WD40-repeat-containing_domain&WD40-repeat-containing_domain&WD40-repeat-containing_domain&WD40-repeat-containing_domain","0.00125077","gnomad_AF_nfe_pass","44.9213511435575","0.21869933671419828","98.04","1.1","1.1"
"X:9679707:A>G","NM_001139466.1:c.1496A>G","NP_001132938.1:p.His499Arg","Unknown significance","null","missense_variant","16/18","null","499","MODERATE","17.32","WD40-repeat-containing_domain&WD40-repeat-containing_domain&WD40-repeat-containing_domain&WD40-repeat-containing_domain&WD40-repeat-containing_domain&WD40-repeat-containing_domain","0","null","44.9213511435575","0.21869933671419828","98.04","0.0","0.0"
"X:9679710:C>T","NM_001139466.1:c.1499C>T","NP_001132938.1:p.Thr500Met","Unknown significance","null","missense_variant","16/18","null","500","MODERATE","24.4","WD40-repeat-containing_domain&WD40-repeat-containing_domain&WD40-repeat-containing_domain&WD40-repeat-containing_domain&WD40-repeat-containing_domain&WD40-repeat-containing_domain","0.0982032","gnomad_AF_amr_pass","53.61751000340975","0.34078003866342266","98.33","0.4","0.4"
"X:9679721:C>T","NM_001139466.1:c.1510C>T","NP_001132938.1:p.His504Tyr","Pathogenic","Central hypothyroidism & hearing loss","missense_variant","16/18","null","504","MODERATE","23.5","WD40-repeat-containing_domain&WD40-repeat-containing_domain&WD40-repeat-containing_domain&WD40-repeat-containing_domain&WD40-repeat-containing_domain&WD40-repeat-containing_domain","0","null","3.2064943550884712","0.015610799114092145","98.11","1.0","1.0"
"X:9679731:C>A","NM_001139466.1:c.1520C>A","NP_001132938.1:p.Pro507His","Unknown significance","null","missense_variant","16/18","null","507","MODERATE","24.3","WD40-repeat-containing_domain&WD40-repeat-containing_domain&WD40-repeat-containing_domain&WD40-repeat-containing_domain&WD40-repeat-containing_domain&WD40-repeat-containing_domain","0.00124713","gnomad_AF_nfe_pass","33.02262059062143","0.20993386839094666","97.45","0.4","0.4"
"X:9679737:A>G","NM_001139466.1:c.1526A>G","NP_001132938.1:p.Tyr509Cys","Pathogenic","Central hypothyroidism & hearing loss","missense_variant","16/18","null","509","MODERATE","23.9","WD40-repeat-containing_domain&WD40-repeat-containing_domain&WD40-repeat-containing_domain&WD40-repeat-containing_domain&WD40-repeat-containing_domain&WD40-repeat-containing_domain","0","null","5.601216613789117","0.02334699035874161","97.41","-1.2","1.2"
"X:9679742:G>A","NM_001139466.1:c.1531G>A","NP_001132938.1:p.Val511Ile","Unknown significance","null","missense_variant","16/18","null","511","MODERATE","17.39","WD40-repeat-containing_domain&WD40-repeat-containing_domain&WD40-repeat-containing_domain&WD40-repeat-containing_domain&WD40-repeat-containing_domain&WD40-repeat-containing_domain","0.00781983","gnomad_AF_afr_pass","0.0","0.0","98.73","0.4","0.4"
"X:9679794:G>A","NM_001139466.1:c.1583G>A","NP_001132938.1:p.Cys528Tyr","Unknown significance","null","missense_variant","16/18","null","528","MODERATE","18.91","WD40_repeat&_conserved_site&WD40-repeat-containing_domain&WD40_repeat&_conserved_site&WD40-repeat-containing_domain&WD40_repeat&_conserved_site&WD40-repeat-containing_domain&WD40_repeat&_conserved_site&WD40-repeat-containing_domain&WD40_repeat&_conserved_site&WD40-repeat-containing_domain&WD40_repeat&_conserved_site&WD40-repeat-containing_domain","0","null","0.0","0.0","98.17","1.4","1.4"
"X:9679796:G>A","NM_001139466.1:c.1585G>A","NP_001132938.1:p.Val529Ile","Unknown significance","null","missense_variant","16/18","null","529","MODERATE","15.19","WD40_repeat&_conserved_site&WD40-repeat-containing_domain&WD40_repeat&_conserved_site&WD40-repeat-containing_domain&WD40_repeat&_conserved_site&WD40-repeat-containing_domain&WD40_repeat&_conserved_site&WD40-repeat-containing_domain&WD40_repeat&_conserved_site&WD40-repeat-containing_domain&WD40_repeat&_conserved_site&WD40-repeat-containing_domain","0.0247142","gnomad_AF_sas_pass","0.0","0.0","98.6","0.3","0.3"
"X:9679799:C>T","NM_001139466.1:c.1588C>T","NP_001132938.1:p.His530Tyr","Unknown significance","null","missense_variant","16/18","null","530","MODERATE","18.64","WD40_repeat&_conserved_site&WD40-repeat-containing_domain&WD40_repeat&_conserved_site&WD40-repeat-containing_domain&WD40_repeat&_conserved_site&WD40-repeat-containing_domain&WD40_repeat&_conserved_site&WD40-repeat-containing_domain&WD40_repeat&_conserved_site&WD40-repeat-containing_domain&WD40_repeat&_conserved_site&WD40-repeat-containing_domain","0.00621891","gnomad_AF_sas_pass","0.016165846715771853","7.870333069155135E-5","98.64","1.6","1.6"
"X:9679815:A>G","NM_001139466.1:c.1604A>G","NP_001132938.1:p.Gln535Arg","Unknown significance","null","missense_variant&splice_region_variant","16/18","null","535","MODERATE","20.7","WD40-repeat-containing_domain&WD40-repeat-containing_domain&WD40-repeat-containing_domain&WD40-repeat-containing_domain&WD40-repeat-containing_domain&WD40-repeat-containing_domain","0","null","164.71999052304284","0.8329637142084889","96.16","0.1","0.1"
"X:9682948:A>G","NM_001139466.1:c.1612A>G","NP_001132938.1:p.Asn538Asp","Likely benign","null","missense_variant","17/18","null","538","MODERATE","15.28","WD40-repeat-containing_domain&WD40-repeat-containing_domain&WD40-repeat-containing_domain&WD40-repeat-containing_domain&WD40-repeat-containing_domain&WD40-repeat-containing_domain","0.0391665","gnomad_AF_afr_pass","106.63022823872033","0.6671599178757515","97.69","-0.2","0.2"
"X:9682949:A>G","NM_001139466.1:c.1613A>G","NP_001132938.1:p.Asn538Ser","Likely benign","null","missense_variant","17/18","null","538","MODERATE","3.750","WD40-repeat-containing_domain&WD40-repeat-containing_domain&WD40-repeat-containing_domain&WD40-repeat-containing_domain&WD40-repeat-containing_domain&WD40-repeat-containing_domain","0.00125788","gnomad_AF_nfe_pass","106.63022823872033","0.6671599178757515","97.69","0.0","0.0"
"X:9682967:G>A","NM_001139466.1:c.1631G>A","NP_001132938.1:p.Arg544Gln","Unknown significance","null","missense_variant","17/18","null","544","MODERATE","22.6","null","0.00863899","gnomad_AF_nfe_pass","75.90079230565559","0.2817133855874248","97.17","-0.3","0.3"
"X:9682978:G>A","NM_001139466.1:c.1642G>A","NP_001132938.1:p.Gly548Ser","Unknown significance","null","missense_variant","17/18","null","548","MODERATE","22.8","null","0","gnomad_AF_afr_pass,gnomad_AF_amr_pass,gnomad_AF_eas_pass,gnomad_AF_nfe_pass,gnomad_AF_sas_pass","1.4816338988356532","0.015539518987750755","96.23","0.7","0.7"
"X:9682979:G>A","NM_001139466.1:c.1643G>A","NP_001132938.1:p.Gly548Asp","Unknown significance","null","missense_variant","17/18","null","548","MODERATE","22.1","null","0","null","1.4816338988356532","0.015539518987750755","96.23","0.3","0.3"
"X:9683006:G>A","NM_001139466.1:c.1670G>A","NP_001132938.1:p.Arg557Gln","Unknown significance","null","missense_variant","17/18","null","557","MODERATE","22.5","null","0.00123423","gnomad_AF_nfe_pass","155.81814802505534","0.5783346481987913","95.53","-0.2","0.2"
"X:9683011:G>A","NM_001139466.1:c.1675G>A","NP_001132938.1:p.Asp559Asn","Unknown significance","null","missense_variant","17/18","null","559","MODERATE","23.0","null","0.00123518","gnomad_AF_nfe_pass","13.404707143220472","0.08378997718225292","96.11","0.4","0.4"
"X:9683030:C>T","NM_001139466.1:c.1694C>T","NP_001132938.1:p.Ala565Val","Unknown significance","null","missense_variant","17/18","null","565","MODERATE","24.1","null","0.00368338","gnomad_AF_amr_pass","0.06534714704645583","5.139022489804736E-4","96.98","0.7","0.7"
"X:9684260:G>A","NM_001139466.1:c.1708G>A","NP_001132938.1:p.Val570Met","Unknown significance","null","missense_variant&splice_region_variant","18/18","null","570","MODERATE","26.5","null","0.00537346","gnomad_AF_sas_pass","0.0","0.0","97.15","-1.0","1.0"
"X:9684264:G>A","NM_001139466.1:c.1712G>A","NP_001132938.1:p.Cys571Tyr","Unknown significance","null","missense_variant","18/18","null","571","MODERATE","20.5","null","0.00537086","gnomad_AF_sas_pass","0.044417911811845644","2.874424630967916E-4","96.64","1.4","1.4"
"X:9684278:C>T","NM_001139466.1:c.1726C>T","NP_001132938.1:p.Arg576Trp","Unknown significance","null","missense_variant","18/18","null","576","MODERATE","32","null","0.0022086","gnomad_AF_nfe_pass","112.79547518898359","0.41865169294238347","90.33","-0.2","0.2"
"X:9684279:G>A","NM_001139466.1:c.1727G>A","NP_001132938.1:p.Arg576Gln","Unknown significance","null","missense_variant","18/18","null","576","MODERATE","26.6","null","0.0107991","gnomad_AF_sas_pass","112.79547518898359","0.41865169294238347","90.33","-0.2","0.2"