{"applied_filters": "CONTAINS missense_variant[Consequence]"},
"Genomic Description (GRCh37)","HGVS Nucleotide Change","HGVS Protein Change","Variant Classification","Phenotype","Consequence","Exon","Intron","Protein Position","Impact","CADD Phred","Interpro Domain","Max MAF (%)","Max MAF Source","Surface Area","Normalized SA","Confidence Score","ddG","|ddG|"
"5:14711311:C>T","NM_054027.6:c.1474G>A","NP_473368.1:p.Glu492Lys","Unknown significance","null","missense_variant","12/12","null","492","MODERATE","23.4","null","0.0543656","gnomad_AF_eas_pass","224.17020542835934","1.1479964948594177","35.59","-0.0","0.0"
"5:14711314:T>G","NM_054027.6:c.1471A>C","NP_473368.1:p.Asn491His","Likely benign","null","missense_variant","12/12","null","491","MODERATE","15.16","null","0.00615157","gnomad_AF_afr_pass","157.77054024816883","0.9871326584759119","26.76","-0.0","0.0"
"5:14711315:C>G","NM_054027.6:c.1470G>C","NP_473368.1:p.Glu490Asp","Likely benign","null","missense_variant","12/12","null","490","MODERATE","17.19","null","0.00175793","gnomad_AF_nfe_pass","144.1446532894084","0.7381781910435482","26.39","-0.0","0.0"
"5:14711319:T>C","NM_054027.6:c.1466A>G","NP_473368.1:p.Glu489Gly","Unknown significance","null","missense_variant","12/12","null","489","MODERATE","23.7","null","0.0282167","gnomad_AF_amr_pass","161.2347933779076","0.8256983897281298","29.07","-0.2","0.2"
"5:14711322:C>T","NM_054027.6:c.1463G>A","NP_473368.1:p.Arg488Lys","Unknown significance","null","missense_variant","12/12","null","488","MODERATE","21.4","null","0","null","204.17282696232252","0.7578078776422138","26.37","-0.3","0.3"
"5:14711324:C>T","NM_054027.6:c.1461G>A","NP_473368.1:p.Met487Ile","Unknown significance","null","missense_variant","12/12","null","487","MODERATE","18.74","null","0.0896161","gnomad_AF_amr_pass","189.61922904708257","0.8757051877549786","31.94","-0.1","0.1"
"5:14711329:C>T","NM_054027.6:c.1456G>A","NP_473368.1:p.Glu486Lys","Unknown significance","null","missense_variant","12/12","null","486","MODERATE","29.1","null","0.0173451","gnomad_AF_amr_pass","109.57399779449486","0.561138645322846","28.72","-0.5","0.5"
"5:14711332:C>T","NM_054027.6:c.1453G>A","NP_473368.1:p.Val485Met","Benign","null","missense_variant","12/12","null","485","MODERATE","22.1","null","0.937275","gnomad_AF_afr_pass","174.1355343027256","1.0130513512384345","30.72","-0.1","0.1"
"5:14711333:G>C","NM_054027.6:c.1452C>G","NP_473368.1:p.Ile484Met","Unknown significance","null","missense_variant","12/12","null","484","MODERATE","16.74","null","0.00326627","gnomad_AF_sas_pass","163.59183082697186","0.8339768470500413","34.28","-0.2","0.2"
"5:14711335:T>C","NM_054027.6:c.1450A>G","NP_473368.1:p.Ile484Val","Unknown significance","null","missense_variant","12/12","null","484","MODERATE","15.35","null","0.0326627","gnomad_AF_sas_pass","163.59183082697186","0.8339768470500413","34.28","-0.2","0.2"
"5:14711340:G>C","NM_054027.6:c.1445C>G","NP_473368.1:p.Thr482Arg","Unknown significance","null","missense_variant","12/12","null","482","MODERATE","23.9","null","0.00648508","gnomad_AF_nfe_pass","138.06736509907643","0.8775230706093593","31.93","-0.2","0.2"
"5:14711344:C>G","NM_054027.6:c.1441G>C","NP_473368.1:p.Val481Leu","Likely benign","null","missense_variant","12/12","null","481","MODERATE","15.98","null","0.00263708","gnomad_AF_nfe_pass","149.9800498223413","0.8725243399615101","34.62","-0.3","0.3"
"5:14711346:T>A","NM_054027.6:c.1439A>T","NP_473368.1:p.Glu480Val","Unknown significance","null","missense_variant","12/12","null","480","MODERATE","23.0","null","0.00543715","gnomad_AF_eas_pass","162.37923853300472","0.8315591999285746","35.32","-0.1","0.1"
"5:14711352:G>T","NM_054027.6:c.1433C>A","NP_473368.1:p.Thr478Lys","Likely benign","null","missense_variant","12/12","null","478","MODERATE","15.92","null","0.00175806","gnomad_AF_nfe_pass","120.45028808754279","0.7655531528577677","37.1","-0.4","0.4"
"5:14711355:G>A","NM_054027.6:c.1430C>T","NP_473368.1:p.Pro477Leu","Likely benign","null","missense_variant","12/12","null","477","MODERATE","15.45","null","0.0100241","gnomad_AF_eas_pass","132.53499965237265","0.8425613920573397","40.04","-0.5","0.5"
"5:14711361:A>G","NM_054027.6:c.1424T>C","NP_473368.1:p.Met475Thr","Unknown significance","null","missense_variant","12/12","null","475","MODERATE","20.8","null","0.00400577","gnomad_AF_afr_pass","137.50174743669402","0.6350146773658154","34.54","-0.6","0.6"
"5:14711363:G>C","NM_054027.6:c.1422C>G","NP_473368.1:p.Asp474Glu","Unknown significance","null","missense_variant","12/12","null","474","MODERATE","19.71","null","0.00326627","gnomad_AF_sas_pass","122.44612125735438","0.7653846963302025","38.66","-0.2","0.2"
"5:14711369:C>T","NM_054027.6:c.1416G>A","NP_473368.1:p.Met472Ile","Unknown significance","null","missense_variant","12/12","null","472","MODERATE","22.6","null","0.000878997","gnomad_AF_nfe_pass","130.34632471641993","0.6019692904173851","45.29","-0.5","0.5"
"5:14711374:C>T","NM_054027.6:c.1411G>A","NP_473368.1:p.Ala471Thr","Unknown significance","null","missense_variant","12/12","null","471","MODERATE","24.2","null","0.00175803","gnomad_AF_nfe_pass","67.06478796592486","0.5274101000704149","47.63","-0.2","0.2"
"5:14711377:A>C","NM_054027.6:c.1408T>G","NP_473368.1:p.Ser470Ala","Unknown significance","null","missense_variant","12/12","null","470","MODERATE","23.4","null","0.00289101","gnomad_AF_amr_pass","63.48285458868621","0.4603302408335911","50.86","-0.3","0.3"
"5:14711380:C>T","NM_054027.6:c.1405G>A","NP_473368.1:p.Asp469Asn","Unknown significance","null","missense_variant","12/12","null","469","MODERATE","25.3","null","0.00289084","gnomad_AF_amr_pass","81.88020839251865","0.5118157912429382","50.18","-0.1","0.1"
"5:14711386:C>T","NM_054027.6:c.1399G>A","NP_473368.1:p.Gly467Arg","Unknown significance","null","missense_variant","12/12","null","467","MODERATE","26.7","null","0.00175843","gnomad_AF_nfe_pass","41.57268363649473","0.4360183087392517","55.97","0.6","0.6"
"5:14711387:C>G","NM_054027.6:c.1398G>C","NP_473368.1:p.Glu466Asp","Unknown significance","null","missense_variant","12/12","null","466","MODERATE","17.85","null","0","null","120.74173310732785","0.618329657706279","62.26","-0.1","0.1"
"5:14711391:G>A","NM_054027.6:c.1394C>T","NP_473368.1:p.Thr465Met","Likely benign","null","missense_variant","12/12","null","465","MODERATE","15.09","null","0.000879214","gnomad_AF_nfe_pass","75.85436825495036","0.4821121783735874","70.09","-0.0","0.0"
"5:14711397:G>A","NM_054027.6:c.1388C>T","NP_473368.1:p.Ser463Leu","Likely benign","null","missense_variant","12/12","null","463","MODERATE","19.34","null","0.117925","gnomad_AF_amr_pass","77.65153663060418","0.5630709392301794","73.44","-0.1","0.1"
"5:14711405:C>G","NM_054027.6:c.1380G>C","NP_473368.1:p.Glu460Asp","Unknown significance","null","missense_variant","12/12","null","460","MODERATE","18.49","null","0.00543656","gnomad_AF_eas_pass","98.70496831391164","0.5054773333193611","85.81","-0.1","0.1"
"5:14711409:A>G","NM_054027.6:c.1376T>C","NP_473368.1:p.Met459Thr","Likely benign","null","missense_variant","12/12","null","459","MODERATE","14.71","null","0.00326627","gnomad_AF_sas_pass","127.70290593579112","0.5897613748423735","81.28","-0.2","0.2"
"5:14711410:T>C","NM_054027.6:c.1375A>G","NP_473368.1:p.Met459Val","Unknown significance","null","missense_variant","12/12","null","459","MODERATE","20.1","null","0.000880251","gnomad_AF_nfe_pass","127.70290593579112","0.5897613748423735","81.28","-0.0","0.0"
"5:14712984:T>A","NM_054027.6:c.1364A>T","NP_473368.1:p.Gln455Leu","Unknown significance","null","missense_variant&splice_region_variant","11/12","null","455","MODERATE","24.3","null","0.00298793","gnomad_AF_amr_pass","46.86627436323309","0.23699555737438965","88.99","0.8","0.8"
"5:14712985:G>C","NM_054027.6:c.1363C>G","NP_473368.1:p.Gln455Glu","Unknown significance","null","missense_variant&splice_region_variant","11/12","null","455","MODERATE","22.4","null","0","gnomad_AF_afr_pass,gnomad_AF_sas_pass,gnomad_AF_amr_pass,gnomad_AF_eas_pass,gnomad_AF_nfe_pass","46.86627436323309","0.23699555737438965","88.99","-0.2","0.2"
"5:14712990:C>T","NM_054027.6:c.1358G>A","NP_473368.1:p.Arg453Gln","Unknown significance","null","missense_variant","11/12","null","453","MODERATE","25.3","null","0.0581833","gnomad_AF_sas_pass","176.04653078630795","0.6534143149522326","93.02","-0.1","0.1"
"5:14712991:G>A","NM_054027.6:c.1357C>T","NP_473368.1:p.Arg453Trp","Benign","Craniometaphyseal dysplasia, autosomal dominant; Familial calcium pyrophosphate deposition","missense_variant","11/12","null","453","MODERATE","25.3","null","0.010226","gnomad_AF_eas_pass","176.04653078630795","0.6534143149522326","93.02","0.6","0.6"
"5:14712993:T>C","NM_054027.6:c.1355A>G","NP_473368.1:p.Tyr452Cys","Unknown significance","null","missense_variant","11/12","null","452","MODERATE","23.4","null","0.000911112","gnomad_AF_nfe_pass","122.50459910134757","0.510623653989674","93.18","-0.9","0.9"
"5:14712999:T>C","NM_054027.6:c.1349A>G","NP_473368.1:p.Tyr450Cys","Unknown significance","null","missense_variant","11/12","null","450","MODERATE","25.7","null","0","null","123.38008431511422","0.5142728513434618","95.39","-0.8","0.8"
"5:14713005:G>A","NM_054027.6:c.1343C>T","NP_473368.1:p.Ala448Val","Unknown significance","null","missense_variant","11/12","null","448","MODERATE","21.5","null","0.0124069","gnomad_AF_afr_pass","5.727000478889967","0.04503820838454532","95.54","1.8","1.8"
"5:14713006:C>T","NM_054027.6:c.1342G>A","NP_473368.1:p.Ala448Thr","Unknown significance","null","missense_variant","11/12","null","448","MODERATE","17.44","null","0.0116925","gnomad_AF_amr_pass","5.727000478889967","0.04503820838454532","95.54","0.1","0.1"
"5:14713009:C>T","NM_054027.6:c.1339G>A","NP_473368.1:p.Ala447Thr","Unknown significance","null","missense_variant","11/12","null","447","MODERATE","24.7","null","0.00292244","gnomad_AF_amr_pass","1.334974137392595","0.010498487578181588","95.75","-0.1","0.1"
"5:14713010:G>C","NM_054027.6:c.1338C>G","NP_473368.1:p.Ile446Met","Unknown significance","null","missense_variant","11/12","null","446","MODERATE","10.08","null","0","null","104.58071074332683","0.5331433175304511","97.2","-0.4","0.4"
"5:14713012:T>C","NM_054027.6:c.1336A>G","NP_473368.1:p.Ile446Val","Unknown significance","null","missense_variant","11/12","null","446","MODERATE","14.90","null","0.00547345","gnomad_AF_eas_pass","104.58071074332683","0.5331433175304511","97.2","-0.2","0.2"
"5:14713015:C>T","NM_054027.6:c.1333G>A","NP_473368.1:p.Ala445Thr","Unknown significance","null","missense_variant","11/12","null","445","MODERATE","25.4","null","0.0100918","gnomad_AF_eas_pass","30.516199068929303","0.23998512621690882","97.32","-0.2","0.2"
"5:14713020:A>G","NM_054027.6:c.1328T>C","NP_473368.1:p.Met443Thr","Unknown significance","null","missense_variant","11/12","null","443","MODERATE","22.6","null","0","null","32.29026596501675","0.14912387083132828","97.39","-1.6","1.6"
"5:14713023:G>C","NM_054027.6:c.1325C>G","NP_473368.1:p.Thr442Ser","Unknown significance","null","missense_variant","11/12","null","442","MODERATE","22.4","null","0.00648677","gnomad_AF_nfe_pass","72.80596843509022","0.4627372799792486","97.53","-0.5","0.5"
"5:14713027:A>T","NM_054027.6:c.1321T>A","NP_473368.1:p.Ser441Thr","Unknown significance","null","missense_variant","11/12","null","441","MODERATE","23.3","null","0.00648761","gnomad_AF_nfe_pass","6.442913769114361","0.046719197903476846","97.49","0.7","0.7"
"5:14713044:G>A","NM_054027.6:c.1304C>T","NP_473368.1:p.Ala435Val","Likely benign","Familial calcium pyrophosphate deposition; Craniometaphyseal dysplasia, autosomal dominant","missense_variant","11/12","null","435","MODERATE","29.6","null","0.00266515","gnomad_AF_nfe_pass","24.18993002668777","0.1902341571936973","97.41","1.6","1.6"
"5:14713056:C>T","NM_054027.6:c.1292G>A","NP_473368.1:p.Gly431Asp","Unknown significance","null","missense_variant","11/12","null","431","MODERATE","28.2","null","0.00290918","gnomad_AF_amr_pass","11.930547890234779","0.12512873498660249","96.75","-0.1","0.1"
"5:14713057:C>T","NM_054027.6:c.1291G>A","NP_473368.1:p.Gly431Ser","Unknown significance","null","missense_variant","11/12","null","431","MODERATE","25.4","null","0.00631951","gnomad_AF_afr_pass","11.930547890234779","0.12512873498660249","96.75","0.6","0.6"
"5:14713060:C>T","NM_054027.6:c.1288G>A","NP_473368.1:p.Val430Met","Unknown significance","null","missense_variant","11/12","null","430","MODERATE","27.2","null","0.00156818","gnomad_AF_nfe_pass","0.0","0.0","96.41","-0.7","0.7"
"5:14713068:G>A","NM_054027.6:c.1280C>T","NP_473368.1:p.Thr427Ile","Likely benign","Intellectual disability","missense_variant","11/12","null","427","MODERATE","24.7","null","0.0026802","gnomad_AF_nfe_pass","35.96603854076989","0.22859151802674674","95.22","1.4","1.4"
"5:14713071:G>A","NM_054027.6:c.1277C>T","NP_473368.1:p.Ala426Val","Unknown significance","null","missense_variant","11/12","null","426","MODERATE","25.8","null","0.00547465","gnomad_AF_eas_pass","4.506330355164005","0.03543862905784437","91.8","2.2","2.2"
"5:14713075:C>T","NM_054027.6:c.1273G>A","NP_473368.1:p.Gly425Ser","Unknown significance","null","missense_variant","11/12","null","425","MODERATE","23.1","null","0.00332292","gnomad_AF_sas_pass","10.831606564329235","0.11360293255068818","91.5","-0.8","0.8"
"5:14713672:C>T","NM_054027.6:c.1246G>A","NP_473368.1:p.Val416Met","Unknown significance","null","missense_variant","10/12","null","416","MODERATE","23.1","null","0.00792254","gnomad_AF_nfe_pass","73.7297584294412","0.4289304403177156","95.36","-0.3","0.3"
"5:14713681:C>T","NM_054027.6:c.1237G>A","NP_473368.1:p.Ala413Thr","Likely benign","Familial calcium pyrophosphate deposition; Craniometaphyseal dysplasia, autosomal dominant","missense_variant","10/12","null","413","MODERATE","15.76","null","0.301438","gnomad_AF_nfe_pass","48.594762901867696","0.3821583507875135","97.18","-0.1","0.1"
"5:14713687:G>A","NM_054027.6:c.1231C>T","NP_473368.1:p.Leu411Phe","Unknown significance","null","missense_variant","10/12","null","411","MODERATE","27.3","null","0","null","0.0","0.0","97.81","-0.2","0.2"
"5:14713693:T>C","NM_054027.6:c.1225A>G","NP_473368.1:p.Ile409Val","Unknown significance","null","missense_variant","10/12","null","409","MODERATE","16.69","null","0.0114811","gnomad_AF_afr_pass","108.41596340815474","0.5526951002135145","97.32","-0.1","0.1"
"5:14713708:A>G","NM_054027.6:c.1210T>C","NP_473368.1:p.Ser404Pro","Unknown significance","null","missense_variant","10/12","null","404","MODERATE","25.1","null","0.0008796","gnomad_AF_nfe_pass","0.4248647182579738","0.0030808015698815857","94.04","-0.4","0.4"
"5:14713716:G>A","NM_054027.6:c.1202C>T","NP_473368.1:p.Ala401Val","Unknown significance","null","missense_variant","10/12","null","401","MODERATE","29.6","null","0.000879446","gnomad_AF_nfe_pass","5.838265644866464","0.04591321856651789","94.51","1.6","1.6"
"5:14713723:C>T","NM_054027.6:c.1195G>A","NP_473368.1:p.Val399Ile","Unknown significance","null","missense_variant","10/12","null","399","MODERATE","24.0","null","0.00543715","gnomad_AF_eas_pass","21.37477202042538","0.12434993101443328","94.73","0.2","0.2"
"5:14713728:G>A","NM_054027.6:c.1190C>T","NP_473368.1:p.Thr397Ile","Unknown significance","null","missense_variant","10/12","null","397","MODERATE","27.4","null","0","null","0.0","0.0","93.18","0.5","0.5"
"5:14713734:T>G","NM_054027.6:c.1184A>C","NP_473368.1:p.Lys395Thr","Unknown significance","null","missense_variant","10/12","null","395","MODERATE","31","null","0.000879183","gnomad_AF_nfe_pass","84.04883536357312","0.35506381611137217","92.99","0.4","0.4"
"5:14713742:C>T","NM_054027.6:c.1176G>A","NP_473368.1:p.Met392Ile","Unknown significance","null","missense_variant","10/12","null","392","MODERATE","26.7","null","0.000879167","gnomad_AF_nfe_pass","0.0","0.0","95.58","0.4","0.4"
"5:14713746:A>G","NM_054027.6:c.1172T>C","NP_473368.1:p.Leu391Pro","Pathogenic","Craniometaphyseal dysplasia","missense_variant","10/12","null","391","MODERATE","26.1","null","0","null","0.0","0.0","96.37","-4.3","4.3"
"5:14713753:C>T","NM_054027.6:c.1165G>A","NP_473368.1:p.Gly389Arg","Pathogenic","Craniometaphyseal dysplasia","missense_variant","10/12","null","389","MODERATE","28.5","null","0","null","0.0","0.0","96.16","0.2","0.2"
"5:14713762:G>A","NM_054027.6:c.1156C>T","NP_473368.1:p.His386Tyr","Unknown significance","null","missense_variant","10/12","null","386","MODERATE","24.6","null","0","gnomad_AF_afr_pass,gnomad_AF_sas_pass,gnomad_AF_amr_pass,gnomad_AF_eas_pass,gnomad_AF_nfe_pass","10.986801809258639","0.053489180693083886","97.51","1.8","1.8"
"5:14716820:A>G","NM_054027.6:c.1136T>C","NP_473368.1:p.Val379Ala","Unknown significance","null","missense_variant","9/12","null","379","MODERATE","23.5","null","0.000879306","gnomad_AF_nfe_pass","63.75117825650711","0.370879025549847","98.03","-1.0","1.0"
"5:14716823:G>A","NM_054027.6:c.1133C>T","NP_473368.1:p.Pro378Leu","Unknown significance","null","missense_variant","9/12","null","378","MODERATE","25.5","null","0","null","0.0","0.0","97.8","3.4","3.4"
"5:14716830:A>G","NM_054027.6:c.1126T>C","NP_473368.1:p.Phe376Leu","Unknown significance","null","missense_variant","9/12","null","376","MODERATE","31","null","0","null","89.91981630591867","0.391380490016681","97.76","0.1","0.1"
"5:14716841:C>T","NM_054027.6:c.1115G>A","NP_473368.1:p.Arg372Gln","Likely benign","Familial calcium pyrophosphate deposition; Craniometaphyseal dysplasia, autosomal dominant","missense_variant","9/12","null","372","MODERATE","22.7","null","0.0162634","gnomad_AF_nfe_pass","53.38332168582972","0.19813754019135715","96.99","-0.4","0.4"
"5:14716842:G>A","NM_054027.6:c.1114C>T","NP_473368.1:p.Arg372Trp","Unknown significance","null","missense_variant","9/12","null","372","MODERATE","18.92","null","0.00326712","gnomad_AF_sas_pass","53.38332168582972","0.19813754019135715","96.99","1.3","1.3"
"5:14716865:G>C","NM_054027.6:c.1091C>G","NP_473368.1:p.Ala364Gly","Unknown significance","null","missense_variant","9/12","null","364","MODERATE","26.0","null","0.00439816","gnomad_AF_nfe_pass","0.0","0.0","91.38","-1.8","1.8"
"5:14716871:G>A","NM_054027.6:c.1085C>T","NP_473368.1:p.Ala362Val","Unknown significance","null","missense_variant","9/12","null","362","MODERATE","22.6","null","0.00543833","gnomad_AF_eas_pass","71.17047113832201","0.5596979643653354","91.19","0.3","0.3"
"5:14716871:G>T","NM_054027.6:c.1085C>A","NP_473368.1:p.Ala362Asp","Unknown significance","null","missense_variant","9/12","null","362","MODERATE","22.1","null","0.00615157","gnomad_AF_afr_pass","71.17047113832201","0.5596979643653354","91.19","-0.4","0.4"
"5:14716880:A>G","NM_054027.6:c.1076T>C","NP_473368.1:p.Val359Ala","Unknown significance","null","missense_variant","9/12","null","359","MODERATE","24.5","null","0.000879647","gnomad_AF_nfe_pass","31.74390977025692","0.18467345458879364","85.15","-0.7","0.7"
"5:14716886:A>G","NM_054027.6:c.1070T>C","NP_473368.1:p.Ile357Thr","Unknown significance","null","missense_variant","9/12","null","357","MODERATE","24.7","null","0.000879616","gnomad_AF_nfe_pass","64.68410722470878","0.3297539218481278","77.56","-1.3","1.3"
"5:14716889:A>T","NM_054027.6:c.1067T>A","NP_473368.1:p.Ile356Asn","Unknown significance","null","missense_variant","9/12","null","356","MODERATE","25.0","null","0.00326648","gnomad_AF_sas_pass","61.57464017910252","0.3139021307801281","79.03","-2.1","2.1"
"5:14716890:T>C","NM_054027.6:c.1066A>G","NP_473368.1:p.Ile356Val","Unknown significance","null","missense_variant","9/12","null","356","MODERATE","16.62","null","0.00326648","gnomad_AF_sas_pass","61.57464017910252","0.3139021307801281","79.03","-0.3","0.3"
"5:14716893:C>T","NM_054027.6:c.1063G>A","NP_473368.1:p.Asp355Asn","Unknown significance","null","missense_variant","9/12","null","355","MODERATE","22.6","null","0.00326669","gnomad_AF_sas_pass","104.74586642684721","0.6547441629323246","87.69","0.2","0.2"
"5:14716895:A>G","NM_054027.6:c.1061T>C","NP_473368.1:p.Ile354Thr","Unknown significance","null","missense_variant","9/12","null","354","MODERATE","22.0","null","0.00326669","gnomad_AF_sas_pass","58.142594636118524","0.29640586274277547","89.0","-1.3","1.3"
"5:14716902:T>C","NM_054027.6:c.1054A>G","NP_473368.1:p.Ile352Val","Unknown significance","null","missense_variant","9/12","null","352","MODERATE","22.6","null","0.00289101","gnomad_AF_amr_pass","25.545361870938624","0.13022802081364837","88.35","-0.3","0.3"
"5:14716903:T>A","NM_054027.6:c.1053A>T","NP_473368.1:p.Lys351Asn","Likely benign","null","missense_variant","9/12","null","351","MODERATE","12.23","null","0.00543774","gnomad_AF_eas_pass","149.09167495529124","0.629836913635629","91.6","0.1","0.1"
"5:14716903:T>G","NM_054027.6:c.1053A>C","NP_473368.1:p.Lys351Asn","Likely benign","null","missense_variant","9/12","null","351","MODERATE","12.17","null","0.0114732","gnomad_AF_afr_pass","149.09167495529124","0.629836913635629","91.6","0.1","0.1"
"5:14716904:T>G","NM_054027.6:c.1052A>C","NP_473368.1:p.Lys351Thr","Unknown significance","null","missense_variant","9/12","null","351","MODERATE","20.6","null","0.00653339","gnomad_AF_sas_pass","149.09167495529124","0.629836913635629","91.6","0.3","0.3"
"5:14716914:C>G","NM_054027.6:c.1042G>C","NP_473368.1:p.Val348Leu","Unknown significance","null","missense_variant","9/12","null","348","MODERATE","21.5","null","0.000879631","gnomad_AF_nfe_pass","49.892215201864346","0.29025308492556373","91.81","0.3","0.3"
"5:14716914:C>T","NM_054027.6:c.1042G>A","NP_473368.1:p.Val348Met","Unknown significance","null","missense_variant","9/12","null","348","MODERATE","23.5","null","0.0112873","gnomad_AF_amr_pass","49.892215201864346","0.29025308492556373","91.81","-0.2","0.2"
"5:14716916:T>C","NM_054027.6:c.1040A>G","NP_473368.1:p.Asn347Ser","Unknown significance","null","missense_variant","9/12","null","347","MODERATE","19.52","null","0.0560718","gnomad_AF_afr_pass","92.91554356580374","0.5813504054025118","89.5","0.1","0.1"
"5:14716917:T>C","NM_054027.6:c.1039A>G","NP_473368.1:p.Asn347Asp","Likely benign","null","missense_variant","9/12","null","347","MODERATE","17.06","null","0.00326712","gnomad_AF_sas_pass","92.91554356580374","0.5813504054025118","89.5","-0.2","0.2"
"5:14716935:C>T","NM_054027.6:c.1021G>A","NP_473368.1:p.Val341Met","Benign","Craniometaphyseal dysplasia, autosomal dominant; Familial calcium pyrophosphate deposition","missense_variant","9/12","null","341","MODERATE","24.7","null","0.0619646","gnomad_AF_nfe_pass","99.9289030531565","0.5813466543237877","95.22","-0.4","0.4"
"5:14716941:A>G","NM_054027.6:c.1015T>C","NP_473368.1:p.Cys339Arg","Pathogenic","Craniometaphyseal dysplasia","missense_variant","9/12","null","339","MODERATE","28.8","null","0","null","0.0","0.0","95.7","-1.2","1.2"
"5:14741937:G>A","NM_054027.6:c.1010C>T","NP_473368.1:p.Thr337Met","Unknown significance","null","missense_variant&splice_region_variant","8/12","null","337","MODERATE","25.3","null","0.00326904","gnomad_AF_sas_pass","84.70583864400562","0.5383700020065493","97.33","0.6","0.6"
"5:14741941:G>A","NM_054027.6:c.1006C>T","NP_473368.1:p.Leu336Phe","Unknown significance","null","missense_variant","8/12","null","336","MODERATE","19.91","null","0.0141147","gnomad_AF_amr_pass","50.13879145841136","0.25998688967869876","97.21","-0.2","0.2"
"5:14741946:A>C","NM_054027.6:c.1001T>G","NP_473368.1:p.Leu334Arg","Pathogenic","Craniometaphyseal dysplasia","missense_variant","8/12","null","334","MODERATE","26.1","null","0","null","119.26411141414255","0.6184254640955236","96.99","-0.9","0.9"
"5:14741947:G>C","NM_054027.6:c.1000C>G","NP_473368.1:p.Leu334Val","Unknown significance","Familial calcium pyrophosphate deposition; Craniometaphyseal dysplasia, autosomal dominant","missense_variant","8/12","null","334","MODERATE","14.07","null","0.0115694","gnomad_AF_amr_pass","119.26411141414255","0.6184254640955236","96.99","0.0","0.0"
"5:14741956:A>G","NM_054027.6:c.991T>C","NP_473368.1:p.Cys331Arg","Pathogenic","Craniometaphyseal dysplasia","missense_variant","8/12","null","331","MODERATE","26.9","null","0","null","4.593970468455329","0.029729046976372304","97.05","-0.8","0.8"
"5:14741959:C>A","NM_054027.6:c.988G>T","NP_473368.1:p.Val330Phe","Unknown significance","null","missense_variant","8/12","null","330","MODERATE","22.7","null","0.000879322","gnomad_AF_nfe_pass","77.10412663766228","0.44856117385296085","96.78","-0.0","0.0"
"5:14741959:C>T","NM_054027.6:c.988G>A","NP_473368.1:p.Val330Ile","Unknown significance","null","missense_variant","8/12","null","330","MODERATE","19.19","null","0.00326712","gnomad_AF_sas_pass","77.10412663766228","0.44856117385296085","96.78","0.1","0.1"
"5:14741964:G>A","NM_054027.6:c.983C>T","NP_473368.1:p.Thr328Ile","Unknown significance","null","missense_variant","8/12","null","328","MODERATE","24.7","null","0.00289201","gnomad_AF_amr_pass","7.911393644907005","0.05028292123266286","96.52","1.2","1.2"
"5:14741965:T>C","NM_054027.6:c.982A>G","NP_473368.1:p.Thr328Ala","Unknown significance","null","missense_variant","8/12","null","328","MODERATE","23.9","null","0","null","7.911393644907005","0.05028292123266286","96.52","0.3","0.3"
"5:14741971:T>G","NM_054027.6:c.976A>C","NP_473368.1:p.Lys326Gln","Unknown significance","null","missense_variant","8/12","null","326","MODERATE","23.1","null","0","null","144.51462445723098","0.6105011904296407","95.16","0.3","0.3"
"5:14741976:A>C","NM_054027.6:c.971T>G","NP_473368.1:p.Ile324Ser","Unknown significance","null","missense_variant","8/12","null","324","MODERATE","28.1","null","0.0641849","gnomad_AF_eas_pass","0.11773499613117155","6.002027140632421E-4","94.14","-2.5","2.5"
"5:14741979:T>C","NM_054027.6:c.968A>G","NP_473368.1:p.His323Arg","Unknown significance","null","missense_variant","8/12","null","323","MODERATE","21.7","null","0.000879291","gnomad_AF_nfe_pass","48.87171201900833","0.23793164565526","92.37","0.2","0.2"
"5:14741980:G>T","NM_054027.6:c.967C>A","NP_473368.1:p.His323Asn","Unknown significance","null","missense_variant","8/12","null","323","MODERATE","22.5","null","0.00615157","gnomad_AF_afr_pass","48.87171201900833","0.23793164565526","92.37","-0.6","0.6"
"5:14741982:G>C","NM_054027.6:c.965C>G","NP_473368.1:p.Ala322Gly","Unknown significance","null","missense_variant","8/12","null","322","MODERATE","20.6","null","0.00543715","gnomad_AF_eas_pass","70.02789102765426","0.5507124995814622","90.87","-0.4","0.4"
"5:14741983:C>T","NM_054027.6:c.964G>A","NP_473368.1:p.Ala322Thr","Likely benign","null","missense_variant","8/12","null","322","MODERATE","14.38","null","0.0114732","gnomad_AF_afr_pass","70.02789102765426","0.5507124995814622","90.87","0.1","0.1"
"5:14741985:G>A","NM_054027.6:c.962C>T","NP_473368.1:p.Ala321Val","Unknown significance","null","missense_variant","8/12","null","321","MODERATE","17.83","null","0.00289151","gnomad_AF_amr_pass","54.673485281199184","0.42996256631731467","89.39","0.7","0.7"
"5:14741985:G>T","NM_054027.6:c.962C>A","NP_473368.1:p.Ala321Glu","Unknown significance","null","missense_variant","8/12","null","321","MODERATE","13.90","null","0.00087926","gnomad_AF_nfe_pass","54.673485281199184","0.42996256631731467","89.39","-0.2","0.2"
"5:14741988:G>A","NM_054027.6:c.959C>T","NP_473368.1:p.Thr320Met","Unknown significance","null","missense_variant","8/12","null","320","MODERATE","24.6","null","0.0108731","gnomad_AF_eas_pass","71.91034554736707","0.4570449156324758","88.09","0.3","0.3"
"5:14741989:T>C","NM_054027.6:c.958A>G","NP_473368.1:p.Thr320Ala","Unknown significance","null","missense_variant","8/12","null","320","MODERATE","22.6","null","0.00087926","gnomad_AF_nfe_pass","71.91034554736707","0.4570449156324758","88.09","-0.1","0.1"
"5:14741998:T>C","NM_054027.6:c.949A>G","NP_473368.1:p.Asn317Asp","Likely benign","null","missense_variant","8/12","null","317","MODERATE","18.65","null","0.000879229","gnomad_AF_nfe_pass","64.42101993055913","0.40306696399564756","64.25","-0.1","0.1"
"5:14742000:C>T","NM_054027.6:c.947G>A","NP_473368.1:p.Ser316Asn","Likely benign","null","missense_variant","8/12","null","316","MODERATE","15.55","null","0.00543656","gnomad_AF_eas_pass","128.98623987274465","0.9353118609669738","52.57","0.0","0.0"
"5:14742003:G>A","NM_054027.6:c.944C>T","NP_473368.1:p.Thr315Met","Unknown significance","null","missense_variant","8/12","null","315","MODERATE","22.7","null","0.0261335","gnomad_AF_sas_pass","78.34540737544506","0.49794462579123694","50.41","0.1","0.1"
"5:14742006:C>A","NM_054027.6:c.941G>T","NP_473368.1:p.Ser314Ile","Likely benign","null","missense_variant","8/12","null","314","MODERATE","18.77","null","0.00289101","gnomad_AF_amr_pass","130.81608760679796","0.9485805498683025","47.11","0.0","0.0"
"5:14742006:C>T","NM_054027.6:c.941G>A","NP_473368.1:p.Ser314Asn","Likely benign","null","missense_variant","8/12","null","314","MODERATE","15.65","null","0.00087926","gnomad_AF_nfe_pass","130.81608760679796","0.9485805498683025","47.11","0.0","0.0"
"5:14742010:C>T","NM_054027.6:c.937G>A","NP_473368.1:p.Val313Met","Unknown significance","Familial calcium pyrophosphate deposition; Craniometaphyseal dysplasia, autosomal dominant","missense_variant","8/12","null","313","MODERATE","23.7","null","0.000879353","gnomad_AF_nfe_pass","87.5733246200854","0.5094668081047199","56.44","0.1","0.1"
"5:14742025:G>C","NM_054027.6:c.922C>G","NP_473368.1:p.Pro308Ala","Unknown significance","Intellectual disability","missense_variant","8/12","null","308","MODERATE","24.5","null","0.000879415","gnomad_AF_nfe_pass","19.20204988077105","0.12207270472201863","80.22","0.5","0.5"
"5:14742029:A>T","NM_054027.6:c.918T>A","NP_473368.1:p.Asn306Lys","Unknown significance","null","missense_variant&splice_region_variant","8/12","null","306","MODERATE","18.03","null","0.00615385","gnomad_AF_afr_pass","70.39969137120517","0.4404740859087478","83.17","-0.1","0.1"
"5:14742031:T>C","NM_054027.6:c.916A>G","NP_473368.1:p.Asn306Asp","Unknown significance","null","missense_variant&splice_region_variant","8/12","null","306","MODERATE","23.4","null","0.00309732","gnomad_AF_nfe_pass","70.39969137120517","0.4404740859087478","83.17","-0.2","0.2"
"5:14745984:C>T","NM_054027.6:c.910G>A","NP_473368.1:p.Asp304Asn","Unknown significance","null","missense_variant","7/12","null","304","MODERATE","25.3","null","0.00326669","gnomad_AF_sas_pass","14.592786184914718","0.0912164069229893","90.49","0.5","0.5"
"5:14745985:G>T","NM_054027.6:c.909C>A","NP_473368.1:p.Phe303Leu","Unknown significance","null","missense_variant","7/12","null","303","MODERATE","21.2","null","0.0114732","gnomad_AF_afr_pass","11.939329734144906","0.051966528778515646","93.42","-0.2","0.2"
"5:14745992:G>A","NM_054027.6:c.902C>T","NP_473368.1:p.Pro301Leu","Unknown significance","null","missense_variant","7/12","null","301","MODERATE","27.5","null","0","gnomad_AF_afr_pass,gnomad_AF_sas_pass,gnomad_AF_amr_pass,gnomad_AF_eas_pass,gnomad_AF_nfe_pass","1.3836172446852255","0.00879603481958929","94.55","2.6","2.6"
"5:14745996:A>T","NM_054027.6:c.898T>A","NP_473368.1:p.Tyr300Asn","Unknown significance","null","missense_variant","7/12","null","300","MODERATE","26.8","null","0","gnomad_AF_afr_pass,gnomad_AF_sas_pass,gnomad_AF_amr_pass,gnomad_AF_eas_pass,gnomad_AF_nfe_pass","11.554738077219184","0.048162457745787424","94.06","-2.3","2.3"
"5:14746007:A>G","NM_054027.6:c.887T>C","NP_473368.1:p.Ile296Thr","Unknown significance","null","missense_variant","7/12","null","296","MODERATE","24.5","null","0.00578168","gnomad_AF_amr_pass","0.0","0.0","95.68","-2.3","2.3"
"5:14746008:T>C","NM_054027.6:c.886A>G","NP_473368.1:p.Ile296Val","Unknown significance","null","missense_variant","7/12","null","296","MODERATE","22.3","null","0.000879167","gnomad_AF_nfe_pass","0.0","0.0","95.68","-0.4","0.4"
"5:14746016:A>G","NM_054027.6:c.878T>C","NP_473368.1:p.Leu293Ser","Unknown significance","null","missense_variant","7/12","null","293","MODERATE","29.4","null","0.00175818","gnomad_AF_nfe_pass","0.0","0.0","95.83","-3.4","3.4"
"5:14746017:A>C","NM_054027.6:c.877T>G","NP_473368.1:p.Leu293Val","Unknown significance","null","missense_variant","7/12","null","293","MODERATE","22.6","null","0.00175892","gnomad_AF_nfe_pass","0.0","0.0","95.83","-0.3","0.3"
"5:14746020:A>G","NM_054027.6:c.874T>C","NP_473368.1:p.Trp292Arg","Pathogenic","Craniometaphyseal dysplasia","missense_variant","7/12","null","292","MODERATE","30","null","0","null","28.718541721979197","0.10947562182310333","93.25","-1.6","1.6"
"5:14746023:C>T","NM_054027.6:c.871G>A","NP_473368.1:p.Gly291Ser","Unknown significance","null","missense_variant","7/12","null","291","MODERATE","26.8","null","0.00289084","gnomad_AF_amr_pass","1.6266855006186334","0.017060834153313328","91.4","0.6","0.6"
"5:14746030:C>T","NM_054027.6:c.864G>A","NP_473368.1:p.Met288Ile","Unknown significance","null","missense_variant","7/12","null","288","MODERATE","26.2","null","0","gnomad_AF_afr_pass,gnomad_AF_sas_pass,gnomad_AF_amr_pass,gnomad_AF_eas_pass,gnomad_AF_nfe_pass","69.6900534036539","0.3218446863600946","88.87","0.6","0.6"
"5:14746032:T>C","NM_054027.6:c.862A>G","NP_473368.1:p.Met288Val","Unknown significance","null","missense_variant","7/12","null","288","MODERATE","23.8","null","0","gnomad_AF_afr_pass,gnomad_AF_sas_pass,gnomad_AF_amr_pass,gnomad_AF_eas_pass,gnomad_AF_nfe_pass","69.6900534036539","0.3218446863600946","88.87","0.2","0.2"
"5:14746044:G>C","NM_054027.6:c.850C>G","NP_473368.1:p.Pro284Ala","Unknown significance","null","missense_variant","7/12","null","284","MODERATE","26.7","null","0","null","22.668138449019192","0.14410758167314183","86.12","0.6","0.6"
"5:14746049:G>A","NM_054027.6:c.845C>T","NP_473368.1:p.Thr282Ile","Unknown significance","null","missense_variant","7/12","null","282","MODERATE","29.3","null","0.00578202","gnomad_AF_amr_pass","0.0","0.0","91.94","2.1","2.1"
"5:14746050:T>C","NM_054027.6:c.844A>G","NP_473368.1:p.Thr282Ala","Unknown significance","null","missense_variant","7/12","null","282","MODERATE","26.7","null","0.00289101","gnomad_AF_amr_pass","0.0","0.0","91.94","0.5","0.5"
"5:14746057:C>A","NM_054027.6:c.837G>T","NP_473368.1:p.Leu279Phe","Unknown significance","null","missense_variant","7/12","null","279","MODERATE","27.9","null","0","null","0.0","0.0","92.65","0.5","0.5"
"5:14746068:C>T","NM_054027.6:c.826G>A","NP_473368.1:p.Val276Met","Unknown significance","null","missense_variant","7/12","null","276","MODERATE","26.6","null","0","null","36.08597662059281","0.2099338743389258","89.5","-0.5","0.5"
"5:14749288:G>A","NM_054027.6:c.815C>T","NP_473368.1:p.Ala272Val","Unknown significance","null","missense_variant","6/12","null","272","MODERATE","29.0","null","0.00543715","gnomad_AF_eas_pass","0.0","0.0","86.09","0.4","0.4"
"5:14749294:G>T","NM_054027.6:c.809C>A","NP_473368.1:p.Ser270Tyr","Unknown significance","null","missense_variant","6/12","null","270","MODERATE","25.8","null","0.000881135","gnomad_AF_nfe_pass","114.12095215995002","0.8275198985981155","85.12","0.3","0.3"
"5:14749307:G>A","NM_054027.6:c.796C>T","NP_473368.1:p.Leu266Phe","Unknown significance","null","missense_variant","6/12","null","266","MODERATE","29.8","null","0.000880793","gnomad_AF_nfe_pass","57.472660262608734","0.29801552348205784","86.84","0.0","0.0"
"5:14749312:C>T","NM_054027.6:c.791G>A","NP_473368.1:p.Arg264Gln","Unknown significance","null","missense_variant","6/12","null","264","MODERATE","32","null","0.000880592","gnomad_AF_nfe_pass","192.33957939053778","0.7138875951961865","88.96","-0.1","0.1"
"5:14749313:G>A","NM_054027.6:c.790C>T","NP_473368.1:p.Arg264Trp","Unknown significance","null","missense_variant","6/12","null","264","MODERATE","32","null","0.00400513","gnomad_AF_afr_pass","192.33957939053778","0.7138875951961865","88.96","0.3","0.3"
"5:14749354:G>A","NM_054027.6:c.749C>T","NP_473368.1:p.Thr250Ile","Unknown significance","null","missense_variant","6/12","null","250","MODERATE","24.4","null","0.00648088","gnomad_AF_nfe_pass","13.111186603574783","0.08333155861593394","91.99","1.6","1.6"
"5:14749369:G>A","NM_054027.6:c.734C>T","NP_473368.1:p.Ala245Val","Unknown significance","null","missense_variant","6/12","null","245","MODERATE","27.7","null","0.00087909","gnomad_AF_nfe_pass","3.4760023301385803","0.02733593577772675","93.0","0.8","0.8"
"5:14749372:A>G","NM_054027.6:c.731T>C","NP_473368.1:p.Leu244Ser","Pathogenic","Mental retardation, deafness, ankylosis & hypophosphatemia","missense_variant","6/12","null","244","MODERATE","27.7","null","0","null","0.0","0.0","93.69","-2.6","2.6"
"5:14749388:T>C","NM_054027.6:c.715A>G","NP_473368.1:p.Ser239Gly","Unknown significance","null","missense_variant","6/12","null","239","MODERATE","22.0","null","0.00653253","gnomad_AF_sas_pass","60.88234739455157","0.4414733051976371","94.4","-0.4","0.4"
"5:14751188:G>A","NM_054027.6:c.677C>T","NP_473368.1:p.Pro226Leu","Unknown significance","null","missense_variant","5/12","null","226","MODERATE","22.0","null","0.104402","gnomad_AF_amr_pass","148.74509367354548","0.9456134116724108","77.53","0.2","0.2"
"5:14751191:C>A","NM_054027.6:c.674G>T","NP_473368.1:p.Gly225Val","Unknown significance","null","missense_variant","5/12","null","225","MODERATE","21.8","null","0.00439506","gnomad_AF_nfe_pass","33.15586444641287","0.3477418986736299","80.78","1.0","1.0"
"5:14751192:C>T","NM_054027.6:c.673G>A","NP_473368.1:p.Gly225Ser","Unknown significance","null","missense_variant","5/12","null","225","MODERATE","21.8","null","0.128205","gnomad_AF_eas_pass","33.15586444641287","0.3477418986736299","80.78","0.4","0.4"
"5:14751197:C>A","NM_054027.6:c.668G>T","NP_473368.1:p.Arg223Ile","Unknown significance","null","missense_variant","5/12","null","223","MODERATE","21.8","null","0","null","179.80271217395364","0.6673557580314149","89.36","0.1","0.1"
"5:14751198:T>C","NM_054027.6:c.667A>G","NP_473368.1:p.Arg223Gly","Likely benign","null","missense_variant","5/12","null","223","MODERATE","16.02","null","0.00543656","gnomad_AF_eas_pass","179.80271217395364","0.6673557580314149","89.36","-0.5","0.5"
"5:14751203:G>A","NM_054027.6:c.662C>T","NP_473368.1:p.Pro221Leu","Unknown significance","null","missense_variant","5/12","null","221","MODERATE","25.5","null","0","null","67.72706342375243","0.43055954267134605","91.08","0.8","0.8"
"5:14751207:T>C","NM_054027.6:c.658A>G","NP_473368.1:p.Ile220Val","Unknown significance","null","missense_variant","5/12","null","220","MODERATE","21.4","null","0","null","5.302587871578538","0.02703212924502433","90.55","-0.4","0.4"
"5:14751210:T>C","NM_054027.6:c.655A>G","NP_473368.1:p.Ile219Val","Unknown significance","null","missense_variant","5/12","null","219","MODERATE","19.21","null","0.000878982","gnomad_AF_nfe_pass","92.41430826463322","0.47112006167573495","89.22","-0.1","0.1"
"5:14751213:C>T","NM_054027.6:c.652G>A","NP_473368.1:p.Asp218Asn","Unknown significance","null","missense_variant","5/12","null","218","MODERATE","23.1","null","0.000774018","gnomad_AF_nfe_pass","131.5498803907493","0.8222903610276727","91.46","0.1","0.1"
"5:14751216:G>A","NM_054027.6:c.649C>T","NP_473368.1:p.His217Tyr","Unknown significance","null","missense_variant","5/12","null","217","MODERATE","24.6","null","0.000878997","gnomad_AF_nfe_pass","56.4946643162159","0.27504394456798686","93.56","0.7","0.7"
"5:14751219:T>C","NM_054027.6:c.646A>G","NP_473368.1:p.Ile216Val","Unknown significance","null","missense_variant","5/12","null","216","MODERATE","17.79","null","0.000878997","gnomad_AF_nfe_pass","0.0","0.0","93.68","-0.3","0.3"
"5:14751221:T>C","NM_054027.6:c.644A>G","NP_473368.1:p.Asn215Ser","Unknown significance","null","missense_variant","5/12","null","215","MODERATE","23.4","null","0.000878997","gnomad_AF_nfe_pass","41.65616052832449","0.26063266576601307","94.25","-0.1","0.1"
"5:14751234:C>T","NM_054027.6:c.631G>A","NP_473368.1:p.Gly211Ser","Unknown significance","null","missense_variant","5/12","null","211","MODERATE","23.9","null","0.00615157","gnomad_AF_afr_pass","1.0060117029473576","0.010551147602747973","96.94","0.6","0.6"
"5:14751239:C>T","NM_054027.6:c.626G>A","NP_473368.1:p.Cys209Tyr","Unknown significance","null","missense_variant","5/12","null","209","MODERATE","28.5","null","0.0114732","gnomad_AF_afr_pass","29.10055136507819","0.18831894208097413","96.45","1.0","1.0"
"5:14751249:T>C","NM_054027.6:c.616A>G","NP_473368.1:p.Thr206Ala","Unknown significance","null","missense_variant","5/12","null","206","MODERATE","20.4","null","0.000879075","gnomad_AF_nfe_pass","61.05169936739135","0.3880299638973201","96.72","0.1","0.1"
"5:14751251:C>T","NM_054027.6:c.614G>A","NP_473368.1:p.Cys205Tyr","Unknown significance","null","missense_variant","5/12","null","205","MODERATE","23.1","null","0.000879167","gnomad_AF_nfe_pass","7.353262202088499","0.047585303156938985","95.66","0.8","0.8"
"5:14751254:C>T","NM_054027.6:c.611G>A","NP_473368.1:p.Arg204His","Unknown significance","null","missense_variant","5/12","null","204","MODERATE","23.1","null","0","null","3.845159807158319","0.014271695386749538","94.91","0.1","0.1"
"5:14751264:C>A","NM_054027.6:c.601G>T","NP_473368.1:p.Ala201Ser","Unknown significance","null","missense_variant","5/12","null","201","MODERATE","22.7","null","0.00289084","gnomad_AF_amr_pass","0.0","0.0","92.73","-0.9","0.9"
"5:14751264:C>T","NM_054027.6:c.601G>A","NP_473368.1:p.Ala201Thr","Unknown significance","null","missense_variant","5/12","null","201","MODERATE","24.0","null","0.00543833","gnomad_AF_eas_pass","0.0","0.0","92.73","-0.1","0.1"
"5:14751268:C>G","NM_054027.6:c.597G>C","NP_473368.1:p.Met199Ile","Unknown significance","null","missense_variant","5/12","null","199","MODERATE","22.2","null","0.000879136","gnomad_AF_nfe_pass","62.29558550655938","0.287695333835486","94.31","0.9","0.9"
"5:14751269:A>G","NM_054027.6:c.596T>C","NP_473368.1:p.Met199Thr","Unknown significance","null","missense_variant","5/12","null","199","MODERATE","22.5","null","0","gnomad_AF_afr_pass,gnomad_AF_sas_pass,gnomad_AF_amr_pass,gnomad_AF_eas_pass,gnomad_AF_nfe_pass","62.29558550655938","0.287695333835486","94.31","-0.9","0.9"
"5:14751270:T>G","NM_054027.6:c.595A>C","NP_473368.1:p.Met199Leu","Unknown significance","null","missense_variant","5/12","null","199","MODERATE","20.7","null","0.00326627","gnomad_AF_sas_pass","62.29558550655938","0.287695333835486","94.31","0.6","0.6"
"5:14751282:G>A","NM_054027.6:c.583C>T","NP_473368.1:p.Leu195Phe","Unknown significance","null","missense_variant","5/12","null","195","MODERATE","25.8","null","0.00578202","gnomad_AF_amr_pass","67.84750646415203","0.35181267168558916","92.44","-0.3","0.3"
"5:14751282:G>C","NM_054027.6:c.583C>G","NP_473368.1:p.Leu195Val","Unknown significance","null","missense_variant","5/12","null","195","MODERATE","23.5","null","0.000879214","gnomad_AF_nfe_pass","67.84750646415203","0.35181267168558916","92.44","-0.1","0.1"
"5:14751287:G>A","NM_054027.6:c.578C>T","NP_473368.1:p.Pro193Leu","Unknown significance","null","missense_variant","5/12","null","193","MODERATE","28.5","null","0.00154863","gnomad_AF_nfe_pass","0.0","0.0","88.29","2.2","2.2"
"5:14751294:G>T","NM_054027.6:c.571C>A","NP_473368.1:p.Leu191Ile","Unknown significance","null","missense_variant","5/12","null","191","MODERATE","21.6","null","0.000879245","gnomad_AF_nfe_pass","21.046406858025758","0.10913286297435469","88.85","-0.0","0.0"
"5:14751303:C>G","NM_054027.6:c.562G>C","NP_473368.1:p.Glu188Gln","Unknown significance","null","missense_variant","5/12","null","188","MODERATE","24.6","null","0","null","75.26094386050568","0.38541830118134746","84.34","0.5","0.5"
"5:14751305:C>T","NM_054027.6:c.560G>A","NP_473368.1:p.Arg187Gln","Benign","null","missense_variant","5/12","null","187","MODERATE","19.67","null","0.531297","gnomad_AF_nfe_pass","199.27543013419296","0.7396306992609719","77.06","-0.2","0.2"
"5:14751306:G>A","NM_054027.6:c.559C>T","NP_473368.1:p.Arg187Trp","Unknown significance","null","missense_variant","5/12","null","187","MODERATE","23.7","null","0.00543656","gnomad_AF_eas_pass","199.27543013419296","0.7396306992609719","77.06","0.3","0.3"
"5:14751321:T>C","NM_054027.6:c.544A>G","NP_473368.1:p.Ser182Gly","Unknown significance","null","missense_variant","5/12","null","182","MODERATE","24.5","null","0","null","45.619268893290375","0.3307968611739661","83.26","0.1","0.1"
"5:14751336:C>G","NM_054027.6:c.529G>C","NP_473368.1:p.Ala177Pro","Unknown significance","null","missense_variant","5/12","null","177","MODERATE","33","null","0.00352759","gnomad_AF_nfe_pass","49.94274735387087","0.3927591539256011","87.37","-0.3","0.3"
"5:14751339:C>T","NM_054027.6:c.526G>A","NP_473368.1:p.Val176Ile","Unknown significance","null","missense_variant","5/12","null","176","MODERATE","23.4","null","0","gnomad_AF_afr_pass,gnomad_AF_sas_pass,gnomad_AF_amr_pass,gnomad_AF_eas_pass,gnomad_AF_nfe_pass","8.342449505300852","0.04853305660917684","88.39","0.3","0.3"
"5:14751347:A>G","NM_054027.6:c.518T>C","NP_473368.1:p.Val173Ala","Unknown significance","null","missense_variant&splice_region_variant","5/12","null","173","MODERATE","25.6","null","0.000884486","gnomad_AF_nfe_pass","70.8106122655121","0.41194800776784984","89.04","-1.1","1.1"
"5:14751348:C>A","NM_054027.6:c.517G>T","NP_473368.1:p.Val173Phe","Unknown significance","null","missense_variant&splice_region_variant","5/12","null","173","MODERATE","32","null","0.000884283","gnomad_AF_nfe_pass","70.8106122655121","0.41194800776784984","89.04","-0.1","0.1"
"5:14755978:T>A","NM_054027.6:c.508A>T","NP_473368.1:p.Ile170Leu","Unknown significance","null","missense_variant","4/12","null","170","MODERATE","23.0","null","0.00175914","gnomad_AF_nfe_pass","110.38924877947643","0.5627547364678789","91.81","-0.1","0.1"
"5:14755995:G>A","NM_054027.6:c.491C>T","NP_473368.1:p.Ala164Val","Unknown significance","null","missense_variant","4/12","null","164","MODERATE","32","null","0.000879538","gnomad_AF_nfe_pass","0.0","0.0","94.53","1.5","1.5"
"5:14756008:G>C","NM_054027.6:c.478C>G","NP_473368.1:p.Leu160Val","Unknown significance","null","missense_variant","4/12","null","160","MODERATE","21.4","null","0.00326648","gnomad_AF_sas_pass","39.78304313120559","0.20628877052640832","95.85","-0.1","0.1"
"5:14756017:A>G","NM_054027.6:c.469T>C","NP_473368.1:p.Tyr157His","Unknown significance","null","missense_variant","4/12","null","157","MODERATE","21.8","null","0.000879446","gnomad_AF_nfe_pass","62.293631368625796","0.25965230614255025","95.19","-0.7","0.7"
"5:14756052:G>T","NM_054027.6:c.434C>A","NP_473368.1:p.Ala145Glu","Unknown significance","null","missense_variant&splice_region_variant","4/12","null","145","MODERATE","31","null","0","null","0.0","0.0","93.71","-1.3","1.3"
"5:14756053:C>A","NM_054027.6:c.433G>T","NP_473368.1:p.Ala145Ser","Unknown significance","null","missense_variant&splice_region_variant","4/12","null","145","MODERATE","32","null","0.0017592","gnomad_AF_nfe_pass","0.0","0.0","93.71","-0.8","0.8"
"5:14758591:T>C","NM_054027.6:c.430A>G","NP_473368.1:p.Met144Val","Unknown significance","null","missense_variant&splice_region_variant","3/12","null","144","MODERATE","21.0","null","0.0280359","gnomad_AF_afr_pass","57.59871121755571","0.266004088692346","90.41","0.3","0.3"
"5:14758594:C>T","NM_054027.6:c.427G>A","NP_473368.1:p.Ala143Thr","Unknown significance","null","missense_variant","3/12","null","143","MODERATE","29.4","null","0.00543951","gnomad_AF_eas_pass","0.0","0.0","88.64","-0.3","0.3"
"5:14758600:T>C","NM_054027.6:c.421A>G","NP_473368.1:p.Met141Val","Unknown significance","null","missense_variant","3/12","null","141","MODERATE","21.2","null","0","gnomad_AF_afr_pass,gnomad_AF_sas_pass,gnomad_AF_amr_pass,gnomad_AF_eas_pass,gnomad_AF_nfe_pass","39.802357762515484","0.18381643756636043","90.27","0.3","0.3"
"5:14758609:A>T","NM_054027.6:c.412T>A","NP_473368.1:p.Phe138Ile","Unknown significance","null","missense_variant","3/12","null","138","MODERATE","27.6","null","0.00543833","gnomad_AF_eas_pass","0.0","0.0","91.95","-0.3","0.3"
"5:14758612:C>T","NM_054027.6:c.409G>A","NP_473368.1:p.Ala137Thr","Unknown significance","null","missense_variant","3/12","null","137","MODERATE","24.1","null","0.00615233","gnomad_AF_afr_pass","56.50568552186955","0.44437133344518476","91.67","-0.1","0.1"
"5:14758615:C>T","NM_054027.6:c.406G>A","NP_473368.1:p.Ala136Thr","Unknown significance","null","missense_variant","3/12","null","136","MODERATE","25.1","null","0.00615309","gnomad_AF_afr_pass","20.700673470324972","0.16279398768928194","91.49","-0.3","0.3"
"5:14758618:G>A","NM_054027.6:c.403C>T","NP_473368.1:p.Leu135Phe","Unknown significance","null","missense_variant","3/12","null","135","MODERATE","27.2","null","0.00087926","gnomad_AF_nfe_pass","0.0","0.0","92.19","-0.3","0.3"
"5:14758645:T>C","NM_054027.6:c.376A>G","NP_473368.1:p.Ser126Gly","Likely benign","null","missense_variant","3/12","null","126","MODERATE","22.0","null","0.000879183","gnomad_AF_nfe_pass","39.356601206562964","0.28538467321911376","89.98","-0.6","0.6"
"5:14758653:G>A","NM_054027.6:c.368C>T","NP_473368.1:p.Ser123Leu","Unknown significance","null","missense_variant","3/12","null","123","MODERATE","23.8","null","0.00578336","gnomad_AF_amr_pass","58.991439285050376","0.42776185206465206","86.54","0.6","0.6"
"5:14758657:C>T","NM_054027.6:c.364G>A","NP_473368.1:p.Glu122Lys","Unknown significance","null","missense_variant","3/12","null","122","MODERATE","23.8","null","0.00867503","gnomad_AF_amr_pass","88.67278768142194","0.4541016021873517","88.0","0.1","0.1"
"5:14758664:A>C","NM_054027.6:c.357T>G","NP_473368.1:p.His119Gln","Unknown significance","null","missense_variant","3/12","null","119","MODERATE","22.0","null","0.00647836","gnomad_AF_nfe_pass","180.54265123977993","0.8789708472610238","85.16","-0.1","0.1"
"5:14758665:T>C","NM_054027.6:c.356A>G","NP_473368.1:p.His119Arg","Unknown significance","null","missense_variant","3/12","null","119","MODERATE","23.3","null","0.00653296","gnomad_AF_sas_pass","180.54265123977993","0.8789708472610238","85.16","-0.0","0.0"
"5:14758678:T>A","NM_054027.6:c.343A>T","NP_473368.1:p.Asn115Tyr","Unknown significance","null","missense_variant","3/12","null","115","MODERATE","28.4","null","0.0202394","gnomad_AF_amr_pass","5.455630959175924","0.03413458231127103","85.64","3.0","3.0"
"5:14758684:T>C","NM_054027.6:c.337A>G","NP_473368.1:p.Ile113Val","Unknown significance","null","missense_variant","3/12","null","113","MODERATE","23.3","null","0.000879183","gnomad_AF_nfe_pass","29.631169090113733","0.15105710870316513","85.75","-0.2","0.2"
"5:14758694:T>G","NM_054027.6:c.327A>C","NP_473368.1:p.Leu109Phe","Unknown significance","null","missense_variant","3/12","null","109","MODERATE","18.92","null","0.022941","gnomad_AF_afr_pass","81.6113935445747","0.42318316323196226","85.71","-0.1","0.1"
"5:14769099:A>G","NM_054027.6:c.298T>C","NP_473368.1:p.Phe100Leu","Unknown significance","null","missense_variant","2/12","null","100","MODERATE","19.97","null","0.00176547","gnomad_AF_nfe_pass","86.33816419643229","0.37579117038427656","90.68","0.3","0.3"
"5:14769102:C>T","NM_054027.6:c.295G>A","NP_473368.1:p.Val99Ile","Likely benign","null","missense_variant","2/12","null","99","MODERATE","1.410","null","0.00543926","gnomad_AF_nfe_pass","91.1290119913591","0.5301523844890793","92.54","0.1","0.1"
"5:14769108:C>T","NM_054027.6:c.289G>A","NP_473368.1:p.Ala97Thr","Unknown significance","null","missense_variant","2/12","null","97","MODERATE","23.0","null","0.0163313","gnomad_AF_sas_pass","2.504433605041641","0.019695336678404812","90.94","-0.2","0.2"
"5:14769113:G>A","NM_054027.6:c.284C>T","NP_473368.1:p.Ala95Val","Unknown significance","null","missense_variant","2/12","null","95","MODERATE","12.92","null","0.0231267","gnomad_AF_amr_pass","36.98208137882065","0.2908340402228102","92.58","1.4","1.4"
"5:14769116:C>T","NM_054027.6:c.281G>A","NP_473368.1:p.Gly94Glu","Unknown significance","null","missense_variant","2/12","null","94","MODERATE","25.2","null","0","null","0.0","0.0","91.54","-0.3","0.3"
"5:14769122:A>G","NM_054027.6:c.275T>C","NP_473368.1:p.Val92Ala","Unknown significance","null","missense_variant","2/12","null","92","MODERATE","18.50","null","0.000880887","gnomad_AF_nfe_pass","84.25221050509573","0.4901458857250384","93.02","-0.9","0.9"
"5:14769126:C>T","NM_054027.6:c.271G>A","NP_473368.1:p.Val91Met","Unknown significance","null","missense_variant","2/12","null","91","MODERATE","23.7","null","0.000880607","gnomad_AF_nfe_pass","71.64476739449107","0.4168007908826709","92.63","-0.3","0.3"
"5:14769138:C>T","NM_054027.6:c.259G>A","NP_473368.1:p.Val87Ile","Unknown significance","null","missense_variant","2/12","null","87","MODERATE","20.8","null","0.0271828","gnomad_AF_eas_pass","28.252164686388912","0.16435986902708283","94.63","0.2","0.2"
"5:14769146:G>A","NM_054027.6:c.251C>T","NP_473368.1:p.Thr84Ile","Unknown significance","null","missense_variant","2/12","null","84","MODERATE","21.5","null","0.00326627","gnomad_AF_sas_pass","94.84195627799919","0.6027927355312814","95.17","0.2","0.2"
"5:14769161:C>G","NM_054027.6:c.236G>C","NP_473368.1:p.Ser79Thr","Unknown significance","null","missense_variant","2/12","null","79","MODERATE","24.4","null","0.00648004","gnomad_AF_nfe_pass","0.0","0.0","93.48","0.4","0.4"
"5:14769163:G>T","NM_054027.6:c.234C>A","NP_473368.1:p.Asn78Lys","Unknown significance","null","missense_variant","2/12","null","78","MODERATE","27.4","null","0.000879863","gnomad_AF_nfe_pass","5.147559423372999","0.032207052154756735","92.18","-0.2","0.2"
"5:14769167:A>G","NM_054027.6:c.230T>C","NP_473368.1:p.Val77Ala","Unknown significance","null","missense_variant","2/12","null","77","MODERATE","26.4","null","0.000879817","gnomad_AF_nfe_pass","0.0","0.0","94.02","-1.8","1.8"
"5:14769179:C>G","NM_054027.6:c.218G>C","NP_473368.1:p.Gly73Ala","Unknown significance","null","missense_variant","2/12","null","73","MODERATE","26.2","null","0","gnomad_AF_afr_pass,gnomad_AF_sas_pass,gnomad_AF_amr_pass,gnomad_AF_eas_pass,gnomad_AF_nfe_pass","0.0","0.0","94.85","1.7","1.7"
"5:14769182:A>G","NM_054027.6:c.215T>C","NP_473368.1:p.Val72Ala","Unknown significance","null","missense_variant","2/12","null","72","MODERATE","24.3","null","0.00648424","gnomad_AF_nfe_pass","0.0","0.0","95.05","-0.9","0.9"
"5:14769242:T>C","NM_054027.6:c.155A>G","NP_473368.1:p.Tyr52Cys","Unknown significance","null","missense_variant","2/12","null","52","MODERATE","28.2","null","0","null","0.1285423455291424","5.357901878621953E-4","88.24","-1.4","1.4"
"5:14769249:C>T","NM_054027.6:c.148G>A","NP_473368.1:p.Ala50Thr","Unknown significance","null","missense_variant","2/12","null","50","MODERATE","28.0","null","0.000880204","gnomad_AF_nfe_pass","41.69953336214901","0.3279329694532841","83.65","-0.7","0.7"
"5:14769254:A>G","NM_054027.6:c.143T>C","NP_473368.1:p.Met48Thr","Pathogenic","Chondrocalcinosis 2","missense_variant","2/12","null","48","MODERATE","23.5","null","0","null","1.4668747715208097","0.006774364887269515","84.43","-1.1","1.1"
"5:14769258:C>T","NM_054027.6:c.139G>A","NP_473368.1:p.Glu47Lys","Unknown significance","null","missense_variant","2/12","null","47","MODERATE","26.5","null","0.0130753","gnomad_AF_sas_pass","51.2978481076123","0.26270105658706644","83.26","0.1","0.1"
"5:14769260:A>G","NM_054027.6:c.137T>C","NP_473368.1:p.Val46Ala","Unknown significance","null","missense_variant","2/12","null","46","MODERATE","22.9","null","0","null","138.91870981318084","0.808173858667398","81.12","-0.1","0.1"
"5:14769269:T>A","NM_054027.6:c.128A>T","NP_473368.1:p.Glu43Val","Unknown significance","null","missense_variant","2/12","null","43","MODERATE","26.9","null","0.00544425","gnomad_AF_eas_pass","79.13655334599959","0.40526565822100896","70.6","1.0","1.0"
"5:14769272:T>C","NM_054027.6:c.125A>G","NP_473368.1:p.Lys42Arg","Unknown significance","null","missense_variant","2/12","null","42","MODERATE","24.4","null","0.0123259","gnomad_AF_afr_pass","208.41138001750556","0.8804326626294255","67.11","0.2","0.2"
"5:14769278:G>A","NM_054027.6:c.119C>T","NP_473368.1:p.Ala40Val","Unknown significance","null","missense_variant","2/12","null","40","MODERATE","22.8","null","0","null","62.52851916645666","0.49173602945843553","71.36","0.5","0.5"
"5:14769285:T>C","NM_054027.6:c.112A>G","NP_473368.1:p.Ile38Val","Unknown significance","null","missense_variant","2/12","null","38","MODERATE","24.0","null","0","null","0.0","0.0","71.76","-0.1","0.1"
"5:14769290:C>T","NM_054027.6:c.107G>A","NP_473368.1:p.Arg36Gln","Unknown significance","null","missense_variant","2/12","null","36","MODERATE","32","null","0.00547106","gnomad_AF_eas_pass","184.58323151301298","0.6850991339167312","67.89","-0.2","0.2"
"5:14769291:G>A","NM_054027.6:c.106C>T","NP_473368.1:p.Arg36Trp","Unknown significance","null","missense_variant","2/12","null","36","MODERATE","29.7","null","0.00328645","gnomad_AF_sas_pass","184.58323151301298","0.6850991339167312","67.89","0.5","0.5"
"5:14871464:C>G","NM_054027.6:c.93G>C","NP_473368.1:p.Glu31Asp","Unknown significance","null","missense_variant","1/12","null","31","MODERATE","23.6","null","0.000897569","gnomad_AF_nfe_pass","56.208406598106436","0.2878484838471579","71.52","-0.2","0.2"
"5:14871483:A>G","NM_054027.6:c.74T>C","NP_473368.1:p.Ile25Thr","Unknown significance","null","missense_variant","1/12","null","25","MODERATE","24.2","null","0.00326819","gnomad_AF_sas_pass","35.09196614799035","0.17889577454415664","73.43","-2.0","2.0"
"5:14871486:T>C","NM_054027.6:c.71A>G","NP_473368.1:p.Asn24Ser","Unknown significance","null","missense_variant","1/12","null","24","MODERATE","19.19","null","0.00326819","gnomad_AF_sas_pass","28.571147692506017","0.17876285986628435","76.4","0.1","0.1"
"5:14871493:T>A","NM_054027.6:c.64A>T","NP_473368.1:p.Ile22Phe","Unknown significance","null","missense_variant","1/12","null","22","MODERATE","28.0","null","0.00267494","gnomad_AF_nfe_pass","92.02454060920363","0.46913306025449","86.69","-0.3","0.3"
"5:14871501:G>A","NM_054027.6:c.56C>T","NP_473368.1:p.Pro19Leu","Unknown significance","null","missense_variant","1/12","null","19","MODERATE","24.0","null","0.00650618","gnomad_AF_nfe_pass","8.332007624697537","0.05296886076365451","92.75","0.1","0.1"
"5:14871502:G>A","NM_054027.6:c.55C>T","NP_473368.1:p.Pro19Ser","Unknown significance","null","missense_variant","1/12","null","19","MODERATE","22.6","null","0.00650111","gnomad_AF_nfe_pass","8.332007624697537","0.05296886076365451","92.75","-1.9","1.9"
"5:14871507:A>C","NM_054027.6:c.50T>G","NP_473368.1:p.Leu17Trp","Unknown significance","null","missense_variant","1/12","null","17","MODERATE","29.3","null","0","null","2.2399228778092057","0.011614771022249669","94.57","-0.5","0.5"
"5:14871513:C>A","NM_054027.6:c.44G>T","NP_473368.1:p.Arg15Leu","Unknown significance","null","missense_variant","1/12","null","15","MODERATE","24.9","null","0.00326904","gnomad_AF_sas_pass","138.71175633220543","0.5148425636949744","92.51","0.5","0.5"
"5:14871513:C>G","NM_054027.6:c.44G>C","NP_473368.1:p.Arg15Pro","Unknown significance","null","missense_variant","1/12","null","15","MODERATE","27.5","null","0.0054609","gnomad_AF_eas_pass","138.71175633220543","0.5148425636949744","92.51","-0.5","0.5"
"5:14871523:G>A","NM_054027.6:c.34C>T","NP_473368.1:p.Pro12Ser","Unknown significance","null","missense_variant","1/12","null","12","MODERATE","25.6","null","0.0080782","gnomad_AF_afr_pass","33.81614807802327","0.21497854056188054","90.66","0.0","0.0"
"5:14871523:G>C","NM_054027.6:c.34C>G","NP_473368.1:p.Pro12Ala","Unknown significance","null","missense_variant","1/12","null","12","MODERATE","23.5","null","0","gnomad_AF_afr_pass,gnomad_AF_sas_pass,gnomad_AF_amr_pass,gnomad_AF_eas_pass,gnomad_AF_nfe_pass","33.81614807802327","0.21497854056188054","90.66","0.5","0.5"
"5:14871525:C>A","NM_054027.6:c.32G>T","NP_473368.1:p.Trp11Leu","Unknown significance","null","missense_variant","1/12","null","11","MODERATE","27.8","null","0.00289637","gnomad_AF_amr_pass","120.30001784039034","0.45858593329367436","90.05","-0.1","0.1"
"5:14871529:A>T","NM_054027.6:c.28T>A","NP_473368.1:p.Tyr10Asn","Unknown significance","null","missense_variant","1/12","null","10","MODERATE","22.5","null","0.00545971","gnomad_AF_eas_pass","19.963412513446475","0.08321149343369501","89.7","-1.8","1.8"
"5:14871532:G>A","NM_054027.6:c.25C>T","NP_473368.1:p.His9Tyr","Unknown significance","null","missense_variant","1/12","null","9","MODERATE","18.04","null","0.0098052","gnomad_AF_sas_pass","49.02434201353747","0.2386747238957061","84.46","1.0","1.0"
"5:14871540:G>A","NM_054027.6:c.17C>T","NP_473368.1:p.Ala6Val","Unknown significance","null","missense_variant","1/12","null","6","MODERATE","21.2","null","0.00178836","gnomad_AF_nfe_pass","79.3893113862935","0.6243324691347805","62.89","0.2","0.2"
"5:14871543:G>A","NM_054027.6:c.14C>T","NP_473368.1:p.Pro5Leu","Pathogenic","Chondrocalcinosis 2","missense_variant","1/12","null","5","MODERATE","20.6","null","0","null","130.1483596620477","0.82738886617465","61.51","0.3","0.3"
"5:14871544:G>A","NM_054027.6:c.13C>T","NP_473368.1:p.Pro5Ser","Likely pathogenic","Calcium phosphate disease","missense_variant","1/12","null","5","MODERATE","19.26","null","0","null","130.1483596620477","0.82738886617465","61.51","0.1","0.1"
"5:14871544:G>T","NM_054027.6:c.13C>A","NP_473368.1:p.Pro5Thr","Pathogenic","Chondrocalcinosis 2","missense_variant","1/12","null","5","MODERATE","17.22","null","0","null","130.1483596620477","0.82738886617465","61.51","0.3","0.3"
"5:14871545:G>C","NM_054027.6:c.12C>G","NP_473368.1:p.Phe4Leu","Unknown significance","null","missense_variant","1/12","null","4","MODERATE","21.8","null","0.000894614","gnomad_AF_nfe_pass","122.36973053836591","0.5326203618830399","56.5","0.1","0.1"
"5:14871545:G>T","NM_054027.6:c.12C>A","NP_473368.1:p.Phe4Leu","Unknown significance","null","missense_variant","1/12","null","4","MODERATE","22.0","null","0","null","122.36973053836591","0.5326203618830399","56.5","0.1","0.1"
"5:14871550:T>C","NM_054027.6:c.7A>G","NP_473368.1:p.Lys3Glu","Unknown significance","null","missense_variant","1/12","null","3","MODERATE","15.70","null","0.00580248","gnomad_AF_amr_pass","148.31432940054205","0.6265530218611324","44.47","0.2","0.2"
"5:14871553:C>A","NM_054027.6:c.4G>T","NP_473368.1:p.Val2Leu","Unknown significance","null","missense_variant","1/12","null","2","MODERATE","19.28","null","0.00327139","gnomad_AF_sas_pass","113.6821908497623","0.6613578182835868","45.61","0.0","0.0"