{"applied_filters": "CONTAINS missense_variant[Consequence]"},
"Genomic Description (GRCh37)","HGVS Nucleotide Change","HGVS Protein Change","Variant Classification","Phenotype","Consequence","Exon","Intron","Protein Position","Impact","CADD Phred","Interpro Domain","Max MAF (%)","Max MAF Source","Surface Area","Normalized SA","Confidence Score","ddG","|ddG|"
"11:69625080:G>A","NM_005247.4:c.713C>T","NP_005238.1:p.Ala238Val","Likely benign","null","missense_variant","3/3","null","238","MODERATE","0.112","null","0.013151","gnomad_AF_eas_pass","113.79369248722558","0.8948949897905192","58.26","0.2","0.2"
"11:69625080:G>T","NM_005247.4:c.713C>A","NP_005238.1:p.Ala238Glu","Likely benign","null","missense_variant","3/3","null","238","MODERATE","7.094","null","0.00657549","gnomad_AF_eas_pass","113.79369248722558","0.8948949897905192","58.26","-0.1","0.1"
"11:69625083:C>G","NM_005247.4:c.710G>C","NP_005238.1:p.Ser237Thr","Likely benign","null","missense_variant","3/3","null","237","MODERATE","0.667","null","0.0235036","gnomad_AF_sas_pass","114.97693452921371","0.8337268433353278","53.69","-0.0","0.0"
"11:69625090:C>T","NM_005247.4:c.703G>A","NP_005238.1:p.Glu235Lys","Likely benign","null","missense_variant","3/3","null","235","MODERATE","4.929","null","0","null","162.25386455202735","0.8309171480982096","52.91","-0.1","0.1"
"11:69625092:A>G","NM_005247.4:c.701T>C","NP_005238.1:p.Leu234Pro","Likely benign","null","missense_variant","3/3","null","234","MODERATE","7.926","null","0","null","185.68045192809151","0.9628170477735171","56.11","-0.1","0.1"
"11:69625096:G>T","NM_005247.4:c.697C>A","NP_005238.1:p.Gln233Lys","Likely benign","null","missense_variant","3/3","null","233","MODERATE","0.003","null","0","null","192.01189683846536","0.97097469624011","53.5","-0.1","0.1"
"11:69625104:A>C","NM_005247.4:c.689T>G","NP_005238.1:p.Leu230Arg","Likely benign","null","missense_variant","3/3","null","230","MODERATE","1.041","null","0.00386967","gnomad_AF_sas_pass","172.7529321695897","0.8957834086388234","53.82","-0.2","0.2"
"11:69625105:G>C","NM_005247.4:c.688C>G","NP_005238.1:p.Leu230Val","Likely benign","null","missense_variant","3/3","null","230","MODERATE","2.632","null","0.00478652","gnomad_AF_afr_pass","172.7529321695897","0.8957834086388234","53.82","-0.2","0.2"
"11:69625107:C>G","NM_005247.4:c.686G>C","NP_005238.1:p.Arg229Thr","Likely benign","null","missense_variant","3/3","null","229","MODERATE","1.023","null","0","null","237.95818325703232","0.8832056082315284","49.78","-0.1","0.1"
"11:69625107:C>T","NM_005247.4:c.686G>A","NP_005238.1:p.Arg229Lys","Likely benign","null","missense_variant","3/3","null","229","MODERATE","0.928","null","0","null","237.95818325703232","0.8832056082315284","49.78","-0.2","0.2"
"11:69625110:G>A","NM_005247.4:c.683C>T","NP_005238.1:p.Ser228Leu","Likely benign","null","missense_variant","3/3","null","228","MODERATE","14.48","null","0","null","108.72342989320396","0.7883810989796324","55.25","0.1","0.1"
"11:69625114:C>T","NM_005247.4:c.679G>A","NP_005238.1:p.Ala227Thr","Likely benign","null","missense_variant","3/3","null","227","MODERATE","16.17","null","0","null","95.37170751267986","0.7500210368025899","45.45","-0.3","0.3"
"11:69625120:C>A","NM_005247.4:c.673G>T","NP_005238.1:p.Val225Phe","Likely benign","null","missense_variant","3/3","null","225","MODERATE","9.310","null","0.0163212","gnomad_AF_afr_pass","162.35606407928157","0.9445230736843102","52.07","-0.1","0.1"
"11:69625120:C>T","NM_005247.4:c.673G>A","NP_005238.1:p.Val225Ile","Likely benign","null","missense_variant","3/3","null","225","MODERATE","0.172","null","0.0197759","gnomad_AF_amr_pass","162.35606407928157","0.9445230736843102","52.07","-0.0","0.0"
"11:69625121:G>T","NM_005247.4:c.672C>A","NP_005238.1:p.His224Gln","Likely benign","null","missense_variant","3/3","null","224","MODERATE","0.001","null","0.0010968","gnomad_AF_nfe_pass","200.28387748694004","0.9750808924015076","48.46","-0.1","0.1"
"11:69625122:T>G","NM_005247.4:c.671A>C","NP_005238.1:p.His224Pro","Likely benign","null","missense_variant","3/3","null","224","MODERATE","0.114","null","0","null","200.28387748694004","0.9750808924015076","48.46","-0.1","0.1"
"11:69625125:G>A","NM_005247.4:c.668C>T","NP_005238.1:p.Ser223Phe","Likely benign","null","missense_variant","3/3","null","223","MODERATE","7.603","null","0","null","103.7751901758106","0.7525001608024136","53.55","0.0","0.0"
"11:69625126:A>G","NM_005247.4:c.667T>C","NP_005238.1:p.Ser223Pro","Likely benign","null","missense_variant","3/3","null","223","MODERATE","7.593","null","0","null","103.7751901758106","0.7525001608024136","53.55","-0.2","0.2"
"11:69625134:A>G","NM_005247.4:c.659T>C","NP_005238.1:p.Leu220Pro","Likely benign","null","missense_variant","3/3","null","220","MODERATE","0.325","null","0","null","200.23089904361257","1.0382661238075204","51.61","-0.1","0.1"
"11:69625138:T>C","NM_005247.4:c.655A>G","NP_005238.1:p.Asn219Asp","Likely benign","null","missense_variant","3/3","null","219","MODERATE","1.041","null","0.00400673","gnomad_AF_sas_pass","155.01580276632825","0.9698969227702778","49.85","-0.0","0.0"
"11:69625143:G>C","NM_005247.4:c.650C>G","NP_005238.1:p.Pro217Arg","Likely benign","null","missense_variant","3/3","null","217","MODERATE","0.581","null","0.00114763","gnomad_AF_nfe_pass","153.97617512890668","0.9788688331426258","56.02","0.1","0.1"
"11:69625146:C>T","NM_005247.4:c.647G>A","NP_005238.1:p.Ser216Asn","Likely benign","null","missense_variant","3/3","null","216","MODERATE","6.168","null","0.0036539","gnomad_AF_amr_pass","94.08931531577423","0.6822654315059274","39.44","-0.1","0.1"
"11:69625158:C>A","NM_005247.4:c.635G>T","NP_005238.1:p.Arg212Leu","Likely benign","null","missense_variant","3/3","null","212","MODERATE","16.23","null","0.0113447","gnomad_AF_nfe_pass","250.30196807539687","0.9290208007546902","46.38","-0.1","0.1"
"11:69625158:C>T","NM_005247.4:c.635G>A","NP_005238.1:p.Arg212Gln","Likely benign","null","missense_variant","3/3","null","212","MODERATE","16.55","null","0.0349197","gnomad_AF_afr_pass","250.30196807539687","0.9290208007546902","46.38","0.0","0.0"
"11:69625159:G>A","NM_005247.4:c.634C>T","NP_005238.1:p.Arg212Trp","Likely benign","null","missense_variant","3/3","null","212","MODERATE","17.13","null","0","null","250.30196807539687","0.9290208007546902","46.38","0.0","0.0"
"11:69625161:C>A","NM_005247.4:c.632G>T","NP_005238.1:p.Arg211Leu","Unknown significance","null","missense_variant","3/3","null","211","MODERATE","17.41","null","0.00121521","gnomad_AF_nfe_pass","257.46039012530053","0.9555900004940159","41.51","-0.1","0.1"
"11:69625161:C>T","NM_005247.4:c.632G>A","NP_005238.1:p.Arg211Gln","Unknown significance","null","missense_variant","3/3","null","211","MODERATE","15.30","null","0.00121521","gnomad_AF_nfe_pass","257.46039012530053","0.9555900004940159","41.51","-0.1","0.1"
"11:69625162:G>A","NM_005247.4:c.631C>T","NP_005238.1:p.Arg211Trp","Unknown significance","null","missense_variant","3/3","null","211","MODERATE","22.8","null","0.00121714","gnomad_AF_nfe_pass","257.46039012530053","0.9555900004940159","41.51","-0.0","0.0"
"11:69625164:C>T","NM_005247.4:c.629G>A","NP_005238.1:p.Arg210Gln","Benign","null","missense_variant","3/3","null","210","MODERATE","15.37","null","0.983566","gnomad_AF_eas_pass","257.7524533362564","0.9566740223265229","45.6","-0.1","0.1"
"11:69625165:G>A","NM_005247.4:c.628C>T","NP_005238.1:p.Arg210Trp","Unknown significance","null","missense_variant","3/3","null","210","MODERATE","19.38","null","0.0012108","gnomad_AF_nfe_pass","257.7524533362564","0.9566740223265229","45.6","-0.1","0.1"
"11:69625167:C>T","NM_005247.4:c.626G>A","NP_005238.1:p.Arg209Gln","Likely benign","null","missense_variant","3/3","null","209","MODERATE","13.50","null","0.0147059","gnomad_AF_amr_pass","189.29026171814408","0.7025697475278482","46.23","-0.3","0.3"
"11:69625171:G>A","NM_005247.4:c.622C>T","NP_005238.1:p.Pro208Ser","Likely benign","null","missense_variant","3/3","null","208","MODERATE","7.289","null","0","null","139.98487179023908","0.8899222752624845","41.87","-0.1","0.1"
"11:69625176:A>G","NM_005247.4:c.617T>C","NP_005238.1:p.Val206Ala","Likely benign","null","missense_variant","3/3","null","206","MODERATE","0.010","null","0","null","175.2416879834295","1.0194865138570322","48.64","-0.0","0.0"
"11:69625177:C>A","NM_005247.4:c.616G>T","NP_005238.1:p.Val206Phe","Likely benign","null","missense_variant","3/3","null","206","MODERATE","0.258","null","0","null","175.2416879834295","1.0194865138570322","48.64","0.0","0.0"
"11:69625177:C>T","NM_005247.4:c.616G>A","NP_005238.1:p.Val206Ile","Likely benign","null","missense_variant","3/3","null","206","MODERATE","0.156","null","0","null","175.2416879834295","1.0194865138570322","48.64","-0.0","0.0"
"11:69625182:T>G","NM_005247.4:c.611A>C","NP_005238.1:p.Lys204Thr","Likely benign","null","missense_variant","3/3","null","204","MODERATE","11.25","null","0.00376648","gnomad_AF_sas_pass","241.5591610790082","1.0204652709149455","44.87","-0.0","0.0"
"11:69625186:C>T","NM_005247.4:c.607G>A","NP_005238.1:p.Gly203Ser","Likely benign","null","missense_variant","3/3","null","203","MODERATE","12.37","null","0.0148876","gnomad_AF_sas_pass","79.93227400283033","0.8383373858935014","47.86","-0.1","0.1"
"11:69625189:G>A","NM_005247.4:c.604C>T","NP_005238.1:p.Pro202Ser","Likely benign","null","missense_variant","3/3","null","202","MODERATE","13.68","null","0.00685119","gnomad_AF_amr_pass","150.64972096004092","0.9577216504174151","47.86","-0.1","0.1"
"11:69625192:G>A","NM_005247.4:c.601C>T","NP_005238.1:p.Pro201Ser","Likely benign","null","missense_variant","3/3","null","201","MODERATE","2.329","null","0.00738771","gnomad_AF_sas_pass","116.01503486643097","0.7375394388880655","48.86","-0.3","0.3"
"11:69625194:C>T","NM_005247.4:c.599G>A","NP_005238.1:p.Arg200Lys","Likely benign","null","missense_variant","3/3","null","200","MODERATE","6.246","null","0.00222193","gnomad_AF_nfe_pass","177.62696683828895","0.6592802615040819","51.64","-0.4","0.4"
"11:69625203:C>T","NM_005247.4:c.590G>A","NP_005238.1:p.Gly197Glu","Likely benign","null","missense_variant","3/3","null","197","MODERATE","11.82","null","0.00275654","gnomad_AF_nfe_pass","62.286462857615774","0.6532664196036424","71.54","-0.0","0.0"
"11:69625208:C>A","NM_005247.4:c.585G>T","NP_005238.1:p.Gln195His","Likely benign","null","missense_variant","3/3","null","195","MODERATE","9.646","null","0.0490737","gnomad_AF_eas_pass","128.18861583307006","0.6482301584920386","86.88","0.1","0.1"
"11:69625223:C>T","NM_005247.4:c.570G>A","NP_005238.1:p.Met190Ile","Unknown significance","null","missense_variant","3/3","null","190","MODERATE","23.3","null","0.00313009","gnomad_AF_amr_pass","20.02668991076597","0.09248785756883066","92.73","-0.3","0.3"
"11:69625228:C>T","NM_005247.4:c.565G>A","NP_005238.1:p.Glu189Lys","Unknown significance","null","missense_variant","3/3","null","189","MODERATE","27.1","null","0.00099169","gnomad_AF_nfe_pass","83.9000425926613","0.42965993018957255","93.28","-0.3","0.3"
"11:69625229:G>T","NM_005247.4:c.564C>A","NP_005238.1:p.His188Gln","Unknown significance","null","missense_variant","3/3","null","188","MODERATE","20.5","null","0","null","45.22244789225813","0.22016522448362866","91.81","-0.7","0.7"
"11:69625230:T>C","NM_005247.4:c.563A>G","NP_005238.1:p.His188Arg","Unknown significance","null","missense_variant","3/3","null","188","MODERATE","23.2","null","0","null","45.22244789225813","0.22016522448362866","91.81","-0.2","0.2"
"11:69625232:G>T","NM_005247.4:c.561C>A","NP_005238.1:p.Asp187Glu","Unknown significance","null","missense_variant","3/3","null","187","MODERATE","24.6","null","0.00309062","gnomad_AF_amr_pass","0.0","0.0","93.65","-0.0","0.0"
"11:69625237:T>C","NM_005247.4:c.556A>G","NP_005238.1:p.Arg186Gly","Unknown significance","null","missense_variant","3/3","null","186","MODERATE","24.1","null","0.0068918","gnomad_AF_afr_pass","183.06393647558687","0.6794601183584233","92.92","-0.7","0.7"
"11:69625239:T>G","NM_005247.4:c.554A>C","NP_005238.1:p.His185Pro","Likely benign","null","missense_variant","3/3","null","185","MODERATE","15.45","null","0.0171851","gnomad_AF_afr_pass","139.31516923297752","0.6782550909501778","92.55","-0.2","0.2"
"11:69625242:T>A","NM_005247.4:c.551A>T","NP_005238.1:p.Asp184Val","Unknown significance","null","missense_variant","3/3","null","184","MODERATE","22.2","null","0.00097144","gnomad_AF_nfe_pass","64.33756534920012","0.40216045564991265","91.8","0.2","0.2"
"11:69625242:T>C","NM_005247.4:c.551A>G","NP_005238.1:p.Asp184Gly","Likely benign","null","missense_variant","3/3","null","184","MODERATE","21.5","null","0.00097144","gnomad_AF_nfe_pass","64.33756534920012","0.40216045564991265","91.8","-0.5","0.5"
"11:69625245:A>G","NM_005247.4:c.548T>C","NP_005238.1:p.Leu183Pro","Unknown significance","null","missense_variant","3/3","null","183","MODERATE","26.9","null","0.0121877","gnomad_AF_amr_pass","6.104557860854257","0.0316542334775581","92.8","-2.1","2.1"
"11:69625249:C>T","NM_005247.4:c.544G>A","NP_005238.1:p.Val182Met","Unknown significance","null","missense_variant","3/3","null","182","MODERATE","25.2","null","0.0425532","gnomad_AF_amr_pass","57.814143574234244","0.3363397166643323","91.83","-0.1","0.1"
"11:69625251:C>A","NM_005247.4:c.542G>T","NP_005238.1:p.Arg181Leu","Unknown significance","null","missense_variant","3/3","null","181","MODERATE","28.1","null","0.00571625","gnomad_AF_eas_pass","117.78049390184407","0.4371540887166098","93.8","0.6","0.6"
"11:69625251:C>T","NM_005247.4:c.542G>A","NP_005238.1:p.Arg181His","Unknown significance","null","missense_variant","3/3","null","181","MODERATE","28.6","null","0.00674582","gnomad_AF_afr_pass","117.78049390184407","0.4371540887166098","93.8","-0.3","0.3"
"11:69625252:G>A","NM_005247.4:c.541C>T","NP_005238.1:p.Arg181Cys","Unknown significance","null","missense_variant","3/3","null","181","MODERATE","27.4","null","0.0713267","gnomad_AF_sas_pass","117.78049390184407","0.4371540887166098","93.8","-0.4","0.4"
"11:69625254:G>T","NM_005247.4:c.539C>A","NP_005238.1:p.Pro180His","Unknown significance","null","missense_variant","3/3","null","180","MODERATE","26.4","null","0.00338891","gnomad_AF_sas_pass","19.422069752197785","0.123471431470695","95.13","-1.0","1.0"
"11:69625255:G>T","NM_005247.4:c.538C>A","NP_005238.1:p.Pro180Thr","Unknown significance","null","missense_variant","3/3","null","180","MODERATE","25.4","null","0","null","19.422069752197785","0.123471431470695","95.13","-1.1","1.1"
"11:69625259:G>C","NM_005247.4:c.534C>G","NP_005238.1:p.Phe178Leu","Pathogenic","Labyrinthine aplasia, microtia & microdontia","missense_variant","3/3","null","178","MODERATE","25.7","null","0.00337086","gnomad_AF_sas_pass","0.004614663113836044","2.0085551605338122E-5","98.48","-2.5","2.5"
"11:69625271:C>A","NM_005247.4:c.522G>T","NP_005238.1:p.Lys174Asn","Unknown significance","null","missense_variant","3/3","null","174","MODERATE","24.8","null","0.00332867","gnomad_AF_sas_pass","165.80831787481722","0.7004562744144279","97.9","0.0","0.0"
"11:69625275:T>A","NM_005247.4:c.518A>T","NP_005238.1:p.Gln173Leu","Unknown significance","null","missense_variant","3/3","null","173","MODERATE","25.9","null","0","null","61.50249317343454","0.311008669829056","97.26","-0.1","0.1"
"11:69625281:C>T","NM_005247.4:c.512G>A","NP_005238.1:p.Arg171His","Unknown significance","null","missense_variant","3/3","null","171","MODERATE","27.5","null","0.172023","gnomad_AF_afr_pass","116.2989451368067","0.4316551722253198","94.97","-0.2","0.2"
"11:69625282:G>A","NM_005247.4:c.511C>T","NP_005238.1:p.Arg171Cys","Unknown significance","null","missense_variant","3/3","null","171","MODERATE","27.9","null","0","null","116.2989451368067","0.4316551722253198","94.97","-0.7","0.7"
"11:69625284:C>A","NM_005247.4:c.509G>T","NP_005238.1:p.Arg170Leu","Unknown significance","null","missense_variant","3/3","null","170","MODERATE","27.4","null","0.0196799","gnomad_AF_afr_pass","135.6223511906325","0.5033759273734605","96.02","-0.3","0.3"
"11:69625284:C>T","NM_005247.4:c.509G>A","NP_005238.1:p.Arg170His","Unknown significance","null","missense_variant","3/3","null","170","MODERATE","27.8","null","0.000936435","gnomad_AF_nfe_pass","135.6223511906325","0.5033759273734605","96.02","-0.2","0.2"
"11:69625285:G>A","NM_005247.4:c.508C>T","NP_005238.1:p.Arg170Cys","Unknown significance","null","missense_variant","3/3","null","170","MODERATE","29.4","null","0.00653851","gnomad_AF_afr_pass","135.6223511906325","0.5033759273734605","96.02","-0.8","0.8"
"11:69625288:T>G","NM_005247.4:c.505A>C","NP_005238.1:p.Thr169Pro","Unknown significance","null","missense_variant","3/3","null","169","MODERATE","24.2","null","0","null","0.0","0.0","97.71","-1.4","1.4"
"11:69625290:T>C","NM_005247.4:c.503A>G","NP_005238.1:p.Lys168Arg","Unknown significance","null","missense_variant","3/3","null","168","MODERATE","23.3","null","0","null","116.59864028011404","0.49257027765071504","96.83","0.6","0.6"
"11:69625302:C>T","NM_005247.4:c.491G>A","NP_005238.1:p.Arg164His","Unknown significance","null","missense_variant","3/3","null","164","MODERATE","29.0","null","0.00649519","gnomad_AF_afr_pass","62.432042547767956","0.23172277312261128","98.48","-0.6","0.6"
"11:69625303:G>A","NM_005247.4:c.490C>T","NP_005238.1:p.Arg164Cys","Unknown significance","null","missense_variant","3/3","null","164","MODERATE","27.5","null","0.00291409","gnomad_AF_amr_pass","62.432042547767956","0.23172277312261128","98.48","-1.2","1.2"
"11:69625308:C>A","NM_005247.4:c.485G>T","NP_005238.1:p.Arg162Leu","Unknown significance","null","missense_variant","3/3","null","162","MODERATE","28.3","null","0.00327697","gnomad_AF_sas_pass","162.5901575441725","0.6034696391640783","98.26","-0.3","0.3"
"11:69625308:C>T","NM_005247.4:c.485G>A","NP_005238.1:p.Arg162Gln","Unknown significance","null","missense_variant","3/3","null","162","MODERATE","28.9","null","0.000906503","gnomad_AF_nfe_pass","162.5901575441725","0.6034696391640783","98.26","-0.2","0.2"
"11:69625315:T>G","NM_005247.4:c.478A>C","NP_005238.1:p.Lys160Gln","Unknown significance","null","missense_variant","3/3","null","160","MODERATE","26.2","null","0.000898263","gnomad_AF_nfe_pass","165.2696132737865","0.6981805199608258","97.47","0.3","0.3"
"11:69625317:C>T","NM_005247.4:c.476G>A","NP_005238.1:p.Gly159Asp","Unknown significance","null","missense_variant","3/3","null","159","MODERATE","26.9","null","0.00327289","gnomad_AF_sas_pass","56.98859177957719","0.5977018376400868","97.19","0.2","0.2"
"11:69625318:C>G","NM_005247.4:c.475G>C","NP_005238.1:p.Gly159Arg","Unknown significance","null","missense_variant","3/3","null","159","MODERATE","27.4","null","0.0116016","gnomad_AF_amr_pass","56.98859177957719","0.5977018376400868","97.19","0.8","0.8"
"11:69625318:C>T","NM_005247.4:c.475G>A","NP_005238.1:p.Gly159Ser","Unknown significance","null","missense_variant","3/3","null","159","MODERATE","25.0","null","0.0100523","gnomad_AF_eas_pass","56.98859177957719","0.5977018376400868","97.19","0.3","0.3"
"11:69625327:A>G","NM_005247.4:c.466T>C","NP_005238.1:p.Ser156Pro","Pathogenic","Syndromic deafness","missense_variant","3/3","null","156","MODERATE","25.0","null","0","null","0.0","0.0","98.66","-0.3","0.3"
"11:69625330:C>A","NM_005247.4:c.463G>T","NP_005238.1:p.Val155Leu","Unknown significance","null","missense_variant","3/3","null","155","MODERATE","23.7","null","0.000893719","gnomad_AF_nfe_pass","0.0","0.0","98.84","0.0","0.0"
"11:69625330:C>G","NM_005247.4:c.463G>C","NP_005238.1:p.Val155Leu","Unknown significance","null","missense_variant","3/3","null","155","MODERATE","23.7","null","0.00544959","gnomad_AF_eas_pass","0.0","0.0","98.84","0.0","0.0"
"11:69625330:C>T","NM_005247.4:c.463G>A","NP_005238.1:p.Val155Met","Unknown significance","null","missense_variant","3/3","null","155","MODERATE","25.9","null","0.00579307","gnomad_AF_amr_pass","0.0","0.0","98.84","-1.2","1.2"
"11:69625338:A>G","NM_005247.4:c.455T>C","NP_005238.1:p.Leu152Pro","Likely benign","null","missense_variant","3/3","null","152","MODERATE","19.51","null","0.011489","gnomad_AF_afr_pass","31.333525516161163","0.16247511367265413","96.43","-0.7","0.7"
"11:69625341:C>A","NM_005247.4:c.452G>T","NP_005238.1:p.Arg151Ile","Unknown significance","null","missense_variant","3/3","null","151","MODERATE","23.9","null","0.00653851","gnomad_AF_sas_pass","68.06167938954783","0.2526177335854592","92.04","-0.6","0.6"
"11:69625343:C>G","NM_005247.4:c.450G>C","NP_005238.1:p.Glu150Asp","Unknown significance","null","missense_variant","3/3","null","150","MODERATE","22.4","null","0.000893064","gnomad_AF_nfe_pass","76.76360150776738","0.39311355090792816","83.16","-0.1","0.1"
"11:69625345:C>G","NM_005247.4:c.448G>C","NP_005238.1:p.Glu150Gln","Likely benign","null","missense_variant","3/3","null","150","MODERATE","15.72","null","0.0032699","gnomad_AF_sas_pass","76.76360150776738","0.39311355090792816","83.16","0.0","0.0"
"11:69625345:C>T","NM_005247.4:c.448G>A","NP_005238.1:p.Glu150Lys","Likely benign","null","missense_variant","3/3","null","150","MODERATE","16.49","null","0.0526657","gnomad_AF_afr_pass","76.76360150776738","0.39311355090792816","83.16","-0.4","0.4"
"11:69625348:C>T","NM_005247.4:c.445G>A","NP_005238.1:p.Ala149Thr","Likely benign","null","missense_variant","3/3","null","149","MODERATE","16.23","null","0.00648508","gnomad_AF_nfe_pass","102.90323440218626","0.8092503801130592","73.54","0.1","0.1"
"11:69625349:G>C","NM_005247.4:c.444C>G","NP_005238.1:p.Ser148Arg","Unknown significance","null","missense_variant","3/3","null","148","MODERATE","19.93","null","0.00178747","gnomad_AF_nfe_pass","87.92995195342667","0.6376023293448542","62.67","0.1","0.1"
"11:69625353:G>C","NM_005247.4:c.440C>G","NP_005238.1:p.Pro147Arg","Unknown significance","null","missense_variant","3/3","null","147","MODERATE","22.9","null","0.00289654","gnomad_AF_amr_pass","78.80007453331996","0.5009537153745154","55.79","0.3","0.3"
"11:69625359:C>T","NM_005247.4:c.434G>A","NP_005238.1:p.Arg145Gln","Unknown significance","null","missense_variant","3/3","null","145","MODERATE","25.0","null","0.0113116","gnomad_AF_amr_pass","231.06887331973087","0.8576352450265889","61.42","-0.0","0.0"
"11:69625360:G>A","NM_005247.4:c.433C>T","NP_005238.1:p.Arg145Trp","Unknown significance","null","missense_variant","3/3","null","145","MODERATE","23.0","null","0.13095","gnomad_AF_sas_pass","231.06887331973087","0.8576352450265889","61.42","0.0","0.0"
"11:69625362:C>A","NM_005247.4:c.431G>T","NP_005238.1:p.Arg144Leu","Likely benign","null","missense_variant","3/3","null","144","MODERATE","16.32","null","0.000896266","gnomad_AF_nfe_pass","281.3890149141806","1.0444034857944098","61.3","-0.1","0.1"
"11:69625362:C>G","NM_005247.4:c.431G>C","NP_005238.1:p.Arg144Pro","Unknown significance","null","missense_variant","3/3","null","144","MODERATE","20.9","null","0.00648677","gnomad_AF_nfe_pass","281.3890149141806","1.0444034857944098","61.3","-0.1","0.1"
"11:69625362:C>T","NM_005247.4:c.431G>A","NP_005238.1:p.Arg144His","Unknown significance","null","missense_variant","3/3","null","144","MODERATE","20.3","null","0.00630517","gnomad_AF_afr_pass","281.3890149141806","1.0444034857944098","61.3","-0.1","0.1"
"11:69625363:G>A","NM_005247.4:c.430C>T","NP_005238.1:p.Arg144Cys","Unknown significance","null","missense_variant","3/3","null","144","MODERATE","23.6","null","0.00406636","gnomad_AF_afr_pass","281.3890149141806","1.0444034857944098","61.3","-0.2","0.2"
"11:69625365:G>A","NM_005247.4:c.428C>T","NP_005238.1:p.Ala143Val","Likely benign","null","missense_variant","3/3","null","143","MODERATE","14.35","null","0","gnomad_AF_afr_pass,gnomad_AF_sas_pass,gnomad_AF_amr_pass,gnomad_AF_eas_pass,gnomad_AF_nfe_pass","40.56126439253707","0.31898140829312494","63.07","-0.1","0.1"
"11:69625368:C>A","NM_005247.4:c.425G>T","NP_005238.1:p.Gly142Val","Unknown significance","null","missense_variant","3/3","null","142","MODERATE","22.5","null","0.0121822","gnomad_AF_afr_pass","100.08604977499508","1.0497121266661975","64.24","0.0","0.0"
"11:69625368:C>G","NM_005247.4:c.425G>C","NP_005238.1:p.Gly142Ala","Unknown significance","null","missense_variant","3/3","null","142","MODERATE","21.6","null","0.000895047","gnomad_AF_nfe_pass","100.08604977499508","1.0497121266661975","64.24","0.0","0.0"
"11:69625374:G>A","NM_005247.4:c.419C>T","NP_005238.1:p.Thr140Met","Unknown significance","null","missense_variant","3/3","null","140","MODERATE","16.17","null","0.00545613","gnomad_AF_eas_pass","103.72268241006978","0.6592365016527187","64.21","0.3","0.3"
"11:69625378:T>G","NM_005247.4:c.415A>C","NP_005238.1:p.Ser139Arg","Likely benign","null","missense_variant","3/3","null","139","MODERATE","15.09","null","0.00328343","gnomad_AF_sas_pass","52.1134575840838","0.37788786650794015","64.13","0.1","0.1"
"11:69625384:C>A","NM_005247.4:c.409G>T","NP_005238.1:p.Val137Leu","Likely benign","null","missense_variant","3/3","null","137","MODERATE","10.94","null","0.00625782","gnomad_AF_afr_pass","101.84023067715053","0.592465999033641","85.75","0.1","0.1"
"11:69625386:G>A","NM_005247.4:c.407C>T","NP_005238.1:p.Thr136Met","Unknown significance","null","missense_variant","3/3","null","136","MODERATE","23.5","null","0.00448954","gnomad_AF_nfe_pass","54.57602447294579","0.34687212682580043","93.53","0.3","0.3"
"11:69625389:C>T","NM_005247.4:c.404G>A","NP_005238.1:p.Arg135Gln","Unknown significance","null","missense_variant","3/3","null","135","MODERATE","22.6","null","0.0907807","gnomad_AF_eas_pass","96.27219265383944","0.3573238764256884","95.57","-0.2","0.2"
"11:69625390:G>A","NM_005247.4:c.403C>T","NP_005238.1:p.Arg135Trp","Unknown significance","null","missense_variant","3/3","null","135","MODERATE","25.0","null","0.016415","gnomad_AF_eas_pass","96.27219265383944","0.3573238764256884","95.57","0.2","0.2"
"11:69625390:G>C","NM_005247.4:c.403C>G","NP_005238.1:p.Arg135Gly","Unknown significance","null","missense_variant","3/3","null","135","MODERATE","23.6","null","0.00291988","gnomad_AF_amr_pass","96.27219265383944","0.3573238764256884","95.57","-0.9","0.9"
"11:69625392:T>C","NM_005247.4:c.401A>G","NP_005238.1:p.Tyr134Cys","Unknown significance","null","missense_variant","3/3","null","134","MODERATE","24.5","null","0.00330797","gnomad_AF_sas_pass","44.057986070481","0.18364249179023434","97.86","-2.7","2.7"
"11:69625393:A>G","NM_005247.4:c.400T>C","NP_005238.1:p.Tyr134His","Unknown significance","null","missense_variant","3/3","null","134","MODERATE","18.53","null","0","gnomad_AF_afr_pass,gnomad_AF_sas_pass,gnomad_AF_amr_pass,gnomad_AF_eas_pass,gnomad_AF_nfe_pass","44.057986070481","0.18364249179023434","97.86","-1.4","1.4"
"11:69625395:A>T","NM_005247.4:c.398T>A","NP_005238.1:p.Leu133Gln","Unknown significance","null","missense_variant","3/3","null","133","MODERATE","22.4","null","0.000900885","gnomad_AF_nfe_pass","88.65217538949723","0.4596920402815022","97.77","-0.1","0.1"
"11:69625399:G>A","NM_005247.4:c.394C>T","NP_005238.1:p.Arg132Trp","Unknown significance","null","missense_variant","3/3","null","132","MODERATE","24.0","null","0.00712296","gnomad_AF_nfe_pass","80.10865662505121","0.2973312950650462","97.78","0.5","0.5"
"11:69625399:G>C","NM_005247.4:c.394C>G","NP_005238.1:p.Arg132Gly","Unknown significance","null","missense_variant","3/3","null","132","MODERATE","23.0","null","0.000901486","gnomad_AF_nfe_pass","80.10865662505121","0.2973312950650462","97.78","-1.2","1.2"
"11:69625407:T>C","NM_005247.4:c.386A>G","NP_005238.1:p.Tyr129Cys","Unknown significance","null","missense_variant","3/3","null","129","MODERATE","24.2","null","0.00592382","gnomad_AF_amr_pass","0.0","0.0","98.72","-3.8","3.8"
"11:69625410:G>A","NM_005247.4:c.383C>T","NP_005238.1:p.Thr128Met","Unknown significance","null","missense_variant","3/3","null","128","MODERATE","24.2","null","0.00548847","gnomad_AF_eas_pass","0.0","0.0","98.32","0.3","0.3"
"11:69625427:G>C","NM_005247.4:c.366C>G","NP_005238.1:p.His122Gln","Unknown significance","null","missense_variant","3/3","null","122","MODERATE","19.95","null","0.0114758","gnomad_AF_afr_pass","43.420725659142896","0.2113935502731561","92.5","-0.1","0.1"
"11:69625431:A>T","NM_005247.4:c.362T>A","NP_005238.1:p.Ile121Asn","Unknown significance","null","missense_variant","3/3","null","121","MODERATE","26.6","null","0.000921285","gnomad_AF_nfe_pass","153.4634248665626","0.782343119217757","94.7","-0.6","0.6"
"11:69625434:C>T","NM_005247.4:c.359G>A","NP_005238.1:p.Arg120Gln","Unknown significance","null","missense_variant","3/3","null","120","MODERATE","28.2","null","0.0140509","gnomad_AF_sas_pass","123.70029766972598","0.45912603276097974","96.75","-0.4","0.4"
"11:69625435:G>A","NM_005247.4:c.358C>T","NP_005238.1:p.Arg120Trp","Unknown significance","null","missense_variant","3/3","null","120","MODERATE","27.7","null","0.00184952","gnomad_AF_nfe_pass","123.70029766972598","0.45912603276097974","96.75","0.0","0.0"
"11:69625435:G>C","NM_005247.4:c.358C>G","NP_005238.1:p.Arg120Gly","Unknown significance","null","missense_variant","3/3","null","120","MODERATE","25.8","null","0.00161857","gnomad_AF_nfe_pass","123.70029766972598","0.45912603276097974","96.75","-1.2","1.2"
"11:69625447:C>G","NM_005247.4:c.346G>C","NP_005238.1:p.Glu116Gln","Unknown significance","null","missense_variant","3/3","null","116","MODERATE","24.1","null","0.0152238","gnomad_AF_eas_pass","15.29873842192492","0.07834626394966518","98.7","0.7","0.7"
"11:69625447:C>T","NM_005247.4:c.346G>A","NP_005238.1:p.Glu116Lys","Unknown significance","null","missense_variant","3/3","null","116","MODERATE","24.0","null","0.0119589","gnomad_AF_amr_pass","15.29873842192492","0.07834626394966518","98.7","0.1","0.1"
"11:69625448:G>C","NM_005247.4:c.345C>G","NP_005238.1:p.Cys115Trp","Unknown significance","null","missense_variant","3/3","null","115","MODERATE","23.4","null","0","null","0.0","0.0","98.81","-2.3","2.3"
"11:69625451:C>G","NM_005247.4:c.342G>C","NP_005238.1:p.Glu114Asp","Unknown significance","null","missense_variant","3/3","null","114","MODERATE","23.0","null","0.00359041","gnomad_AF_sas_pass","31.088897613640462","0.15920913941843362","98.72","-0.0","0.0"
"11:69625453:C>G","NM_005247.4:c.340G>C","NP_005238.1:p.Glu114Gln","Unknown significance","null","missense_variant","3/3","null","114","MODERATE","26.5","null","0.000940645","gnomad_AF_nfe_pass","31.088897613640462","0.15920913941843362","98.72","0.3","0.3"
"11:69625453:C>T","NM_005247.4:c.340G>A","NP_005238.1:p.Glu114Lys","Unknown significance","null","missense_variant","3/3","null","114","MODERATE","28.9","null","0","null","31.088897613640462","0.15920913941843362","98.72","-0.6","0.6"
"11:69625456:C>T","NM_005247.4:c.337G>A","NP_005238.1:p.Ala113Thr","Likely benign","null","missense_variant","3/3","null","113","MODERATE","20.8","null","0.00379507","gnomad_AF_nfe_pass","50.742511791224445","0.39904865180862914","98.39","0.2","0.2"
"11:69625462:A>G","NM_005247.4:c.331T>C","NP_005238.1:p.Tyr111His","Unknown significance","null","missense_variant","3/3","null","111","MODERATE","26.2","null","0.000956736","gnomad_AF_nfe_pass","103.20975498344033","0.43019888725503","98.48","-1.0","1.0"
"11:69625463:G>T","NM_005247.4:c.330C>A","NP_005238.1:p.His110Gln","Unknown significance","null","missense_variant","3/3","null","110","MODERATE","17.75","null","0","null","160.7856270728716","0.7827838900401495","98.36","-0.1","0.1"
"11:69625468:C>T","NM_005247.4:c.325G>A","NP_005238.1:p.Glu109Lys","Unknown significance","null","missense_variant&splice_region_variant","3/3","null","109","MODERATE","31","null","0.00318046","gnomad_AF_amr_pass","103.1605122727088","0.5282945887954723","98.44","-0.1","0.1"
"11:69631089:G>A","NM_005247.4:c.323C>T","NP_005238.1:p.Ser108Leu","Unknown significance","null","missense_variant&splice_region_variant","2/3","null","108","MODERATE","33","null","0.0184593","gnomad_AF_afr_pass","5.4764932928913606","0.0397114385100369","98.67","0.3","0.3"
"11:69631095:T>C","NM_005247.4:c.317A>G","NP_005238.1:p.Tyr106Cys","Pathogenic","Labyrinthine aplasia, microtia & microdontia","missense_variant","2/3","null","106","MODERATE","28.0","null","0","null","72.83934939239599","0.30360896663320985","98.83","-2.2","2.2"
"11:69631096:A>G","NM_005247.4:c.316T>C","NP_005238.1:p.Tyr106His","Unknown significance","null","missense_variant","2/3","null","106","MODERATE","24.7","null","0.000879044","gnomad_AF_nfe_pass","72.83934939239599","0.30360896663320985","98.83","-1.6","1.6"
"11:69631101:C>A","NM_005247.4:c.311G>T","NP_005238.1:p.Arg104Leu","Unknown significance","null","missense_variant","2/3","null","104","MODERATE","28.0","null","0.0120192","gnomad_AF_afr_pass","128.89031840679903","0.47838931406141544","98.65","-0.1","0.1"
"11:69631101:C>G","NM_005247.4:c.311G>C","NP_005238.1:p.Arg104Pro","Unknown significance","null","missense_variant","2/3","null","104","MODERATE","27.9","null","0.00615157","gnomad_AF_afr_pass","128.89031840679903","0.47838931406141544","98.65","-0.8","0.8"
"11:69631101:C>T","NM_005247.4:c.311G>A","NP_005238.1:p.Arg104Gln","Unknown significance","null","missense_variant","2/3","null","104","MODERATE","27.8","null","0","null","128.89031840679903","0.47838931406141544","98.65","-0.3","0.3"
"11:69631107:C>G","NM_005247.4:c.305G>C","NP_005238.1:p.Arg102Thr","Unknown significance","null","missense_variant","2/3","null","102","MODERATE","25.3","null","0.00846597","gnomad_AF_amr_pass","153.2322282521953","0.5687367482040692","97.95","-0.4","0.4"
"11:69631107:C>T","NM_005247.4:c.305G>A","NP_005238.1:p.Arg102Lys","Unknown significance","null","missense_variant","2/3","null","102","MODERATE","21.2","null","0.00326627","gnomad_AF_sas_pass","153.2322282521953","0.5687367482040692","97.95","-0.5","0.5"
"11:69631109:C>G","NM_005247.4:c.303G>C","NP_005238.1:p.Lys101Asn","Benign","null","missense_variant","2/3","null","101","MODERATE","23.5","null","1.05761","gnomad_AF_afr_pass","150.26852707438815","0.6348085185674256","98.09","0.1","0.1"
"11:69631111:T>C","NM_005247.4:c.301A>G","NP_005238.1:p.Lys101Glu","Likely benign","null","missense_variant","2/3","null","101","MODERATE","19.84","null","0.00326627","gnomad_AF_sas_pass","150.26852707438815","0.6348085185674256","98.09","-0.0","0.0"
"11:69631126:A>G","NM_005247.4:c.286T>C","NP_005238.1:p.Tyr96His","Unknown significance","null","missense_variant","2/3","null","96","MODERATE","27.6","null","0.00326627","gnomad_AF_sas_pass","36.73998262068868","0.1531395907656728","98.82","-2.4","2.4"
"11:69631128:C>T","NM_005247.4:c.284G>A","NP_005238.1:p.Arg95Gln","Pathogenic","Labyrinthine aplasia, microtia & microdontia","missense_variant","2/3","null","95","MODERATE","24.9","null","0.00543656","gnomad_AF_eas_pass","54.54036093681693","0.20243200714949533","98.65","-0.7","0.7"
"11:69631129:G>A","NM_005247.4:c.283C>T","NP_005238.1:p.Arg95Trp","Likely pathogenic","Syndromic deafness, microtia & microdontia","missense_variant","2/3","null","95","MODERATE","27.7","null","0.00326627","gnomad_AF_sas_pass","54.54036093681693","0.20243200714949533","98.65","0.8","0.8"
"11:69631132:C>T","NM_005247.4:c.280G>A","NP_005238.1:p.Gly94Arg","Unknown significance","null","missense_variant","2/3","null","94","MODERATE","27.0","null","0.0280539","gnomad_AF_afr_pass","23.21940912674246","0.24352739856513675","97.36","0.5","0.5"
"11:69631144:C>T","NM_005247.4:c.268G>A","NP_005238.1:p.Gly90Ser","Unknown significance","null","missense_variant","2/3","null","90","MODERATE","25.3","null","0.000878997","gnomad_AF_nfe_pass","0.0","0.0","98.2","-0.7","0.7"
"11:69631150:T>A","NM_005247.4:c.262A>T","NP_005238.1:p.Ile88Phe","Unknown significance","null","missense_variant","2/3","null","88","MODERATE","27.0","null","0.00326627","gnomad_AF_sas_pass","0.0","0.0","98.58","-1.7","1.7"
"11:69631164:A>C","NM_005247.4:c.248T>G","NP_005238.1:p.Val83Gly","Unknown significance","null","missense_variant","2/3","null","83","MODERATE","29.9","null","0","null","187.58112002711718","1.0912724267979326","95.03","-0.2","0.2"
"11:69631167:T>C","NM_005247.4:c.245A>G","NP_005238.1:p.Glu82Gly","Unknown significance","null","missense_variant","2/3","null","82","MODERATE","32","null","0.000879384","gnomad_AF_nfe_pass","90.34959570136925","0.4626886921878864","94.87","-0.3","0.3"
"11:69631171:C>T","NM_005247.4:c.241G>A","NP_005238.1:p.Val81Met","Unknown significance","null","missense_variant","2/3","null","81","MODERATE","26.1","null","0.00326627","gnomad_AF_sas_pass","65.46271307289038","0.3808360550864748","95.22","-0.8","0.8"
"11:69631178:T>C","NM_005247.4:c.234A>G","NP_005238.1:p.Ile78Met","Unknown significance","null","missense_variant","2/3","null","78","MODERATE","13.83","null","0.000879322","gnomad_AF_nfe_pass","0.07940801557809554","4.0481511899188345E-4","96.85","-1.3","1.3"
"11:69631189:T>C","NM_005247.4:c.223A>G","NP_005238.1:p.Ile75Val","Unknown significance","null","missense_variant&splice_region_variant","2/3","null","75","MODERATE","22.5","null","0.00653253","gnomad_AF_sas_pass","0.0","0.0","97.26","-0.5","0.5"
"11:69631191:C>T","NM_005247.4:c.221G>A","NP_005238.1:p.Ser74Asn","Unknown significance","null","missense_variant&splice_region_variant","2/3","null","74","MODERATE","28.4","null","0.00326627","gnomad_AF_sas_pass","0.0","0.0","97.81","-0.4","0.4"
"11:69633482:T>C","NM_005247.4:c.220A>G","NP_005238.1:p.Ser74Gly","Likely benign","null","missense_variant&splice_region_variant","1/3","null","74","MODERATE","17.78","null","0","null","0.0","0.0","97.81","-0.9","0.9"
"11:69633488:C>T","NM_005247.4:c.214G>A","NP_005238.1:p.Ala72Thr","Likely benign","null","missense_variant","1/3","null","72","MODERATE","18.53","null","0.00549209","gnomad_AF_sas_pass","15.797816588170525","0.1242369994801813","96.14","0.3","0.3"
"11:69633490:C>T","NM_005247.4:c.212G>A","NP_005238.1:p.Ser71Asn","Likely benign","null","missense_variant","1/3","null","71","MODERATE","17.35","null","0.00542299","gnomad_AF_amr_pass","26.93411828967966","0.19530610649537994","92.98","0.3","0.3"
"11:69633499:A>G","NM_005247.4:c.203T>C","NP_005238.1:p.Leu68Pro","Unknown significance","null","missense_variant","1/3","null","68","MODERATE","24.4","null","0.0215517","gnomad_AF_sas_pass","126.99834888026218","0.6585301472034282","94.93","-0.2","0.2"
"11:69633505:C>T","NM_005247.4:c.197G>A","NP_005238.1:p.Gly66Asp","Unknown significance","null","missense_variant","1/3","null","66","MODERATE","25.5","null","0","null","5.343266169713719","0.05604069005583862","98.11","-1.3","1.3"
"11:69633506:C>A","NM_005247.4:c.196G>T","NP_005238.1:p.Gly66Cys","Pathogenic","Syndromic deafness, microtia & microdontia","missense_variant","1/3","null","66","MODERATE","26.7","null","0","null","5.343266169713719","0.05604069005583862","98.11","-0.6","0.6"
"11:69633506:C>T","NM_005247.4:c.196G>A","NP_005238.1:p.Gly66Ser","Pathogenic","Labyrinthine aplasia, microtia & microdontia","missense_variant","1/3","null","66","MODERATE","25.9","null","0","null","5.343266169713719","0.05604069005583862","98.11","-0.7","0.7"
"11:69633507:G>C","NM_005247.4:c.195C>G","NP_005238.1:p.Asn65Lys","Unknown significance","null","missense_variant","1/3","null","65","MODERATE","23.9","null","0.00651211","gnomad_AF_nfe_pass","47.3119307096744","0.2960194714780479","98.33","-0.5","0.5"
"11:69633514:C>T","NM_005247.4:c.188G>A","NP_005238.1:p.Arg63His","Unknown significance","null","missense_variant","1/3","null","63","MODERATE","24.8","null","0.00941265","gnomad_AF_afr_pass","202.28538248173336","0.7508024385870612","98.28","-0.2","0.2"
"11:69633515:G>A","NM_005247.4:c.187C>T","NP_005238.1:p.Arg63Cys","Unknown significance","null","missense_variant","1/3","null","63","MODERATE","26.3","null","0.00268097","gnomad_AF_nfe_pass","202.28538248173336","0.7508024385870612","98.28","-0.4","0.4"
"11:69633523:G>A","NM_005247.4:c.179C>T","NP_005238.1:p.Pro60Leu","Unknown significance","null","missense_variant","1/3","null","60","MODERATE","23.2","null","0.00534416","gnomad_AF_nfe_pass","65.80287418857965","0.4183269432461278","97.98","0.0","0.0"
"11:69633525:G>T","NM_005247.4:c.177C>A","NP_005238.1:p.His59Gln","Unknown significance","null","missense_variant","1/3","null","59","MODERATE","22.8","null","0.00651806","gnomad_AF_nfe_pass","37.67882017671912","0.18343911683528755","98.32","-0.5","0.5"
"11:69633529:A>G","NM_005247.4:c.173T>C","NP_005238.1:p.Leu58Pro","Pathogenic","Labyrinthine aplasia, microtia & microdontia","missense_variant","1/3","null","58","MODERATE","25.8","null","0","null","0.0","0.0","98.64","-3.8","3.8"
"11:69633536:G>A","NM_005247.4:c.166C>T","NP_005238.1:p.Leu56Phe","Unknown significance","null","missense_variant","1/3","null","56","MODERATE","24.4","null","0.0106078","gnomad_AF_sas_pass","0.17558208283746826","9.104535285435736E-4","98.53","-1.4","1.4"
"11:69633551:C>A","NM_005247.4:c.151G>T","NP_005238.1:p.Ala51Ser","Unknown significance","null","missense_variant","1/3","null","51","MODERATE","23.4","null","0.0053118","gnomad_AF_sas_pass","14.79223618669099","0.11632892616393317","97.83","-0.1","0.1"
"11:69633556:T>C","NM_005247.4:c.146A>G","NP_005238.1:p.Tyr49Cys","Pathogenic","Labyrinthine aplasia, microtia & microdontia","missense_variant","1/3","null","49","MODERATE","25.6","null","0","null","28.391995243487802","0.11834351086928059","97.35","-2.8","2.8"
"11:69633565:C>A","NM_005247.4:c.137G>T","NP_005238.1:p.Arg46Leu","Unknown significance","null","missense_variant","1/3","null","46","MODERATE","26.5","null","0.0027199","gnomad_AF_nfe_pass","1.7223720954630277","0.006392756379936262","94.83","1.0","1.0"
"11:69633569:G>A","NM_005247.4:c.133C>T","NP_005238.1:p.Arg45Cys","Unknown significance","null","missense_variant","1/3","null","45","MODERATE","25.0","null","0.00536308","gnomad_AF_amr_pass","21.750660609122363","0.08072975331118286","93.25","-0.5","0.5"
"11:69633569:G>T","NM_005247.4:c.133C>A","NP_005238.1:p.Arg45Ser","Likely benign","null","missense_variant","1/3","null","45","MODERATE","22.1","null","0.124378","gnomad_AF_afr_pass","21.750660609122363","0.08072975331118286","93.25","-0.9","0.9"
"11:69633571:C>T","NM_005247.4:c.131G>A","NP_005238.1:p.Arg44Gln","Unknown significance","null","missense_variant","1/3","null","44","MODERATE","27.3","null","0","null","50.86914569023316","0.1888059244049253","89.7","-0.8","0.8"
"11:69633575:G>A","NM_005247.4:c.127C>T","NP_005238.1:p.Pro43Ser","Unknown significance","null","missense_variant","1/3","null","43","MODERATE","23.5","null","0","null","7.490949883510378","0.04762202571575048","71.81","0.1","0.1"
"11:69633584:C>G","NM_005247.4:c.118G>C","NP_005238.1:p.Gly40Arg","Unknown significance","null","missense_variant","1/3","null","40","MODERATE","23.9","null","0.0115875","gnomad_AF_afr_pass","41.1419816441459","0.4315010647740411","53.25","0.6","0.6"
"11:69633593:C>G","NM_005247.4:c.109G>C","NP_005238.1:p.Glu37Gln","Unknown significance","null","missense_variant","1/3","null","37","MODERATE","23.7","null","0.00400144","gnomad_AF_nfe_pass","15.423175662325551","0.0789835186443153","56.53","0.3","0.3"
"11:69633598:A>C","NM_005247.4:c.104T>G","NP_005238.1:p.Val35Gly","Unknown significance","null","missense_variant","1/3","null","35","MODERATE","25.2","null","0","null","136.82531544090165","0.7959953219545775","55.21","-0.5","0.5"
"11:69633599:C>T","NM_005247.4:c.103G>A","NP_005238.1:p.Val35Ile","Unknown significance","null","missense_variant","1/3","null","35","MODERATE","23.4","null","0.012211","gnomad_AF_nfe_pass","136.82531544090165","0.7959953219545775","55.21","-0.0","0.0"
"11:69633602:C>A","NM_005247.4:c.100G>T","NP_005238.1:p.Gly34Cys","Unknown significance","Deafness with labyrinthine aplasia microtia and microdontia (LAMM)","missense_variant","1/3","null","34","MODERATE","24.4","null","0.114472","gnomad_AF_amr_pass","43.58474322808067","0.45712098346376123","48.78","-0.1","0.1"
"11:69633608:G>C","NM_005247.4:c.94C>G","NP_005238.1:p.Arg32Gly","Unknown significance","null","missense_variant","1/3","null","32","MODERATE","25.0","null","0.00307106","gnomad_AF_nfe_pass","202.887080380455","0.7530357005465292","46.91","-0.8","0.8"
"11:69633610:C>G","NM_005247.4:c.92G>C","NP_005238.1:p.Gly31Ala","Unknown significance","null","missense_variant","1/3","null","31","MODERATE","23.2","null","0","null","48.191064320773236","0.5054325225962178","46.67","-0.1","0.1"
"11:69633611:C>A","NM_005247.4:c.91G>T","NP_005238.1:p.Gly31Cys","Unknown significance","null","missense_variant","1/3","null","31","MODERATE","23.6","null","0","null","48.191064320773236","0.5054325225962178","46.67","-0.3","0.3"
"11:69633611:C>T","NM_005247.4:c.91G>A","NP_005238.1:p.Gly31Ser","Unknown significance","null","missense_variant","1/3","null","31","MODERATE","24.9","null","0.00652231","gnomad_AF_nfe_pass","48.191064320773236","0.5054325225962178","46.67","-0.1","0.1"
"11:69633613:C>T","NM_005247.4:c.89G>A","NP_005238.1:p.Gly30Asp","Unknown significance","null","missense_variant","1/3","null","30","MODERATE","25.2","null","0.00626841","gnomad_AF_nfe_pass","0.0","0.0","46.85","-0.4","0.4"
"11:69633616:G>A","NM_005247.4:c.86C>T","NP_005238.1:p.Ala29Val","Unknown significance","null","missense_variant","1/3","null","29","MODERATE","24.9","null","0.00621659","gnomad_AF_sas_pass","37.62089692218061","0.2958578057466973","46.98","-0.2","0.2"
"11:69633616:G>T","NM_005247.4:c.86C>A","NP_005238.1:p.Ala29Glu","Unknown significance","null","missense_variant","1/3","null","29","MODERATE","23.5","null","0.0213402","gnomad_AF_amr_pass","37.62089692218061","0.2958578057466973","46.98","-0.3","0.3"
"11:69633617:C>A","NM_005247.4:c.85G>T","NP_005238.1:p.Ala29Ser","Unknown significance","null","missense_variant","1/3","null","29","MODERATE","22.8","null","0","null","37.62089692218061","0.2958578057466973","46.98","-0.1","0.1"
"11:69633623:G>A","NM_005247.4:c.79C>T","NP_005238.1:p.Arg27Cys","Unknown significance","null","missense_variant","1/3","null","27","MODERATE","23.3","null","0.12837","gnomad_AF_eas_pass","178.41561048975603","0.6622073913314245","44.69","-0.8","0.8"
"11:69633625:C>T","NM_005247.4:c.77G>A","NP_005238.1:p.Arg26Gln","Unknown significance","null","missense_variant","1/3","null","26","MODERATE","23.3","null","0.00615385","gnomad_AF_sas_pass","143.94784514662697","0.5342768312742501","47.37","-0.4","0.4"
"11:69633626:G>A","NM_005247.4:c.76C>T","NP_005238.1:p.Arg26Trp","Unknown significance","null","missense_variant","1/3","null","26","MODERATE","26.5","null","0","gnomad_AF_afr_pass,gnomad_AF_sas_pass,gnomad_AF_amr_pass,gnomad_AF_eas_pass,gnomad_AF_nfe_pass","143.94784514662697","0.5342768312742501","47.37","-0.1","0.1"
"11:69633631:C>T","NM_005247.4:c.71G>A","NP_005238.1:p.Arg24Gln","Unknown significance","null","missense_variant","1/3","null","24","MODERATE","23.8","null","0.00659718","gnomad_AF_nfe_pass","257.74649446933813","0.956651905395687","43.76","-0.1","0.1"
"11:69633635:C>T","NM_005247.4:c.67G>A","NP_005238.1:p.Ala23Thr","Likely benign","null","missense_variant","1/3","null","23","MODERATE","13.91","null","0","null","123.49694209397545","0.971203168811444","45.55","0.0","0.0"
"11:69633640:G>A","NM_005247.4:c.62C>T","NP_005238.1:p.Pro21Leu","Likely benign","null","missense_variant","1/3","null","21","MODERATE","15.83","null","0.0116387","gnomad_AF_afr_pass","173.63681306611292","1.1038569080855247","52.34","0.0","0.0"
"11:69633643:C>T","NM_005247.4:c.59G>A","NP_005238.1:p.Gly20Asp","Likely benign","null","missense_variant","1/3","null","20","MODERATE","9.580","null","0.0152306","gnomad_AF_nfe_pass","63.06098713258774","0.6613897047733859","55.5","-0.1","0.1"
"11:69633644:C>T","NM_005247.4:c.58G>A","NP_005238.1:p.Gly20Ser","Likely benign","null","missense_variant","1/3","null","20","MODERATE","12.05","null","0","null","63.06098713258774","0.6613897047733859","55.5","0.2","0.2"
"11:69633646:G>A","NM_005247.4:c.56C>T","NP_005238.1:p.Ala19Val","Likely benign","null","missense_variant","1/3","null","19","MODERATE","14.94","null","0","null","103.90027185086741","0.8170912700425116","56.12","0.1","0.1"
"11:69633647:C>A","NM_005247.4:c.55G>T","NP_005238.1:p.Ala19Ser","Likely benign","null","missense_variant","1/3","null","19","MODERATE","10.73","null","0","null","103.90027185086741","0.8170912700425116","56.12","-0.0","0.0"
"11:69633649:G>A","NM_005247.4:c.53C>T","NP_005238.1:p.Ala18Val","Likely benign","null","missense_variant","1/3","null","18","MODERATE","14.33","null","0","null","132.65736262489244","1.0432424379336063","53.11","0.0","0.0"
"11:69633650:C>A","NM_005247.4:c.52G>T","NP_005238.1:p.Ala18Ser","Likely benign","null","missense_variant","1/3","null","18","MODERATE","11.91","null","0","null","132.65736262489244","1.0432424379336063","53.11","-0.0","0.0"
"11:69633650:C>T","NM_005247.4:c.52G>A","NP_005238.1:p.Ala18Thr","Likely benign","null","missense_variant","1/3","null","18","MODERATE","13.46","null","0.00615157","gnomad_AF_sas_pass","132.65736262489244","1.0432424379336063","53.11","-0.0","0.0"
"11:69633652:G>A","NM_005247.4:c.50C>T","NP_005238.1:p.Pro17Leu","Unknown significance","null","missense_variant","1/3","null","17","MODERATE","21.0","null","0","null","126.24146698724901","0.8025516764562276","58.88","-0.1","0.1"
"11:69633653:G>T","NM_005247.4:c.49C>A","NP_005238.1:p.Pro17Thr","Unknown significance","null","missense_variant","1/3","null","17","MODERATE","19.51","null","0","null","126.24146698724901","0.8025516764562276","58.88","-0.1","0.1"
"11:69633654:C>A","NM_005247.4:c.48G>T","NP_005238.1:p.Trp16Cys","Likely benign","null","missense_variant","1/3","null","16","MODERATE","18.34","null","0","null","228.0974521479286","0.8695117827326472","63.14","-0.5","0.5"
"11:69633658:C>T","NM_005247.4:c.44G>A","NP_005238.1:p.Gly15Asp","Likely benign","null","missense_variant","1/3","null","15","MODERATE","16.09","null","0","null","96.24991392221963","1.0094783644860519","45.3","-0.1","0.1"
"11:69633659:C>T","NM_005247.4:c.43G>A","NP_005238.1:p.Gly15Ser","Likely benign","null","missense_variant","1/3","null","15","MODERATE","12.70","null","0.115063","gnomad_AF_afr_pass","96.24991392221963","1.0094783644860519","45.3","0.0","0.0"
"11:69633662:G>A","NM_005247.4:c.40C>T","NP_005238.1:p.Pro14Ser","Unknown significance","null","missense_variant","1/3","null","14","MODERATE","20.3","null","0","null","77.56617863594886","0.49310950027910894","61.42","-0.6","0.6"
"11:69633685:A>G","NM_005247.4:c.17T>C","NP_005238.1:p.Leu6Pro","Pathogenic","Michel aplasia, microtia & microdontia","missense_variant","1/3","null","6","MODERATE","22.9","null","0","null","124.86895199713722","0.6474884915026844","60.88","-2.1","2.1"
"11:69633686:G>T","NM_005247.4:c.16C>A","NP_005238.1:p.Leu6Met","Unknown significance","null","missense_variant","1/3","null","6","MODERATE","22.3","null","0.00582683","gnomad_AF_sas_pass","124.86895199713722","0.6474884915026844","60.88","-0.8","0.8"
"11:69633697:C>A","NM_005247.4:c.5G>T","NP_005238.1:p.Gly2Val","Likely benign","null","missense_variant","1/3","null","2","MODERATE","13.16","null","0.00322331","gnomad_AF_nfe_pass","55.78940563041285","0.5851246578459209","57.87","1.5","1.5"