{"applied_filters": "CONTAINS missense_variant[Consequence]"},
"Genomic Description (GRCh37)","HGVS Nucleotide Change","HGVS Protein Change","Variant Classification","Phenotype","Consequence","Exon","Intron","Protein Position","Impact","CADD Phred","Interpro Domain","Max MAF (%)","Max MAF Source","Surface Area","Normalized SA","Confidence Score","ddG","|ddG|"
"7:24738649:G>A","NM_004403.3:c.1487C>T","NP_004394.1:p.Ser496Leu","Likely benign","null","missense_variant","10/10","null","496","MODERATE","15.33","null","0","null","187.19095379990455","1.357368968407049","26.38","-0.2","0.2"
"7:24738653:G>A","NM_004403.3:c.1483C>T","NP_004394.1:p.His495Tyr","Unknown significance","null","missense_variant","10/10","null","495","MODERATE","15.54","null","0.00289469","gnomad_AF_amr_pass","215.70774638748327","1.0501719084160455","32.71","-0.0","0.0"
"7:24738656:C>G","NM_004403.3:c.1480G>C","NP_004394.1:p.Glu494Gln","Likely benign","null","missense_variant","10/10","null","494","MODERATE","10.54","null","0.00327504","gnomad_AF_sas_pass","119.73058267189934","0.6131514621765503","48.18","0.0","0.0"
"7:24738661:C>A","NM_004403.3:c.1475G>T","NP_004394.1:p.Gly492Val","Unknown significance","null","missense_variant","10/10","null","492","MODERATE","20.1","null","0","null","20.395366446608065","0.2139085670274313","79.04","1.3","1.3"
"7:24738676:C>A","NM_004403.3:c.1460G>T","NP_004394.1:p.Gly487Val","Unknown significance","null","missense_variant","10/10","null","487","MODERATE","26.2","null","0.00326776","gnomad_AF_sas_pass","0.0","0.0","90.27","2.2","2.2"
"7:24738679:T>G","NM_004403.3:c.1457A>C","NP_004394.1:p.Asn486Thr","Likely benign","null","missense_variant","10/10","null","486","MODERATE","11.15","null","0","null","1.0978570108267924","0.006869029592084749","89.25","0.7","0.7"
"7:24738682:A>C","NM_004403.3:c.1454T>G","NP_004394.1:p.Leu485Arg","Unknown significance","null","missense_variant","10/10","null","485","MODERATE","25.0","null","0.120349","gnomad_AF_eas_pass","0.0","0.0","92.06","-4.2","4.2"
"7:24738682:A>G","NM_004403.3:c.1454T>C","NP_004394.1:p.Leu485Pro","Unknown significance","null","missense_variant","10/10","null","485","MODERATE","25.0","null","0","null","0.0","0.0","92.06","-5.3","5.3"
"7:24738688:A>T","NM_004403.3:c.1448T>A","NP_004394.1:p.Ile483Lys","Unknown significance","null","missense_variant","10/10","null","483","MODERATE","23.2","null","0.0360404","gnomad_AF_afr_pass","0.0","0.0","89.05","-4.6","4.6"
"7:24738698:G>C","NM_004403.3:c.1438C>G","NP_004394.1:p.Leu480Val","Likely benign","null","missense_variant","10/10","null","480","MODERATE","3.167","null","0.00326627","gnomad_AF_sas_pass","0.0","0.0","87.74","0.5","0.5"
"7:24738704:G>T","NM_004403.3:c.1432C>A","NP_004394.1:p.Pro478Thr","Unknown significance","null","missense_variant","10/10","null","478","MODERATE","22.9","null","0.0108755","gnomad_AF_eas_pass","0.0","0.0","84.65","-1.1","1.1"
"7:24738709:A>T","NM_004403.3:c.1427T>A","NP_004394.1:p.Val476Asp","Likely benign","null","missense_variant","10/10","null","476","MODERATE","13.73","null","0.00801025","gnomad_AF_afr_pass","43.55177208963787","0.2533669060763631","78.65","-2.1","2.1"
"7:24738710:C>T","NM_004403.3:c.1426G>A","NP_004394.1:p.Val476Ile","Likely benign","null","missense_variant","10/10","null","476","MODERATE","0.285","null","0.00087926","gnomad_AF_nfe_pass","43.55177208963787","0.2533669060763631","78.65","-0.0","0.0"
"7:24738719:C>T","NM_004403.3:c.1417G>A","NP_004394.1:p.Asp473Asn","Unknown significance","null","missense_variant","10/10","null","473","MODERATE","20.1","null","0.000879229","gnomad_AF_nfe_pass","162.40834196996565","1.0151800499985852","59.67","0.0","0.0"
"7:24738730:A>C","NM_004403.3:c.1406T>G","NP_004394.1:p.Val469Gly","Likely benign","null","missense_variant","10/10","null","469","MODERATE","15.09","null","0.00289084","gnomad_AF_amr_pass","59.38848344650235","0.3454986005262391","75.98","-1.4","1.4"
"7:24738731:C>T","NM_004403.3:c.1405G>A","NP_004394.1:p.Val469Ile","Likely benign","null","missense_variant","10/10","null","469","MODERATE","9.589","null","0","null","59.38848344650235","0.3454986005262391","75.98","0.0","0.0"
"7:24738739:A>G","NM_004403.3:c.1397T>C","NP_004394.1:p.Val466Ala","Likely benign","null","missense_variant","10/10","null","466","MODERATE","20.3","null","0.00615157","gnomad_AF_afr_pass","0.0","0.0","83.58","-1.9","1.9"
"7:24738740:C>T","NM_004403.3:c.1396G>A","NP_004394.1:p.Val466Met","Unknown significance","null","missense_variant","10/10","null","466","MODERATE","19.67","null","0.0260191","gnomad_AF_amr_pass","0.0","0.0","83.58","-0.5","0.5"
"7:24738752:G>T","NM_004403.3:c.1384C>A","NP_004394.1:p.Leu462Met","Likely benign","null","missense_variant","10/10","null","462","MODERATE","9.081","null","0.00175833","gnomad_AF_nfe_pass","77.21921361659","0.4004081986751653","76.93","-0.1","0.1"
"7:24738753:T>A","NM_004403.3:c.1383A>T","NP_004394.1:p.Arg461Ser","Likely benign","null","missense_variant","10/10","null","461","MODERATE","18.46","null","0.000879183","gnomad_AF_nfe_pass","103.031006120922","0.38240988892339767","75.75","-1.1","1.1"
"7:24738754:C>T","NM_004403.3:c.1382G>A","NP_004394.1:p.Arg461Lys","Likely benign","null","missense_variant","10/10","null","461","MODERATE","15.22","null","0.0130668","gnomad_AF_sas_pass","103.031006120922","0.38240988892339767","75.75","-0.7","0.7"
"7:24738756:C>G","NM_004403.3:c.1380G>C","NP_004394.1:p.Glu460Asp","Unknown significance","null","missense_variant","10/10","null","460","MODERATE","23.5","null","0.00289134","gnomad_AF_amr_pass","77.42788930469551","0.3965154305689391","77.48","-0.4","0.4"
"7:24738757:T>C","NM_004403.3:c.1379A>G","NP_004394.1:p.Glu460Gly","Unknown significance","null","missense_variant","10/10","null","460","MODERATE","29.1","null","0.00289118","gnomad_AF_amr_pass","77.42788930469551","0.3965154305689391","77.48","-0.9","0.9"
"7:24738758:C>T","NM_004403.3:c.1378G>A","NP_004394.1:p.Glu460Lys","Unknown significance","null","missense_variant","10/10","null","460","MODERATE","26.2","null","0.000879229","gnomad_AF_nfe_pass","77.42788930469551","0.3965154305689391","77.48","-0.3","0.3"
"7:24738760:A>G","NM_004403.3:c.1376T>C","NP_004394.1:p.Leu459Pro","Unknown significance","null","missense_variant","10/10","null","459","MODERATE","27.4","null","0.00289118","gnomad_AF_amr_pass","0.9442269690177552","0.004896141803284093","79.18","-3.9","3.9"
"7:24738762:A>C","NM_004403.3:c.1374T>G","NP_004394.1:p.Ser458Arg","Likely benign","null","missense_variant","10/10","null","458","MODERATE","21.6","null","0.000879229","gnomad_AF_nfe_pass","31.01849177243804","0.2249229320328311","79.19","0.7","0.7"
"7:24738764:T>A","NM_004403.3:c.1372A>T","NP_004394.1:p.Ser458Cys","Unknown significance","null","missense_variant","10/10","null","458","MODERATE","18.77","null","0.0026375","gnomad_AF_nfe_pass","31.01849177243804","0.2249229320328311","79.19","-0.0","0.0"
"7:24738765:A>C","NM_004403.3:c.1371T>G","NP_004394.1:p.Ile457Met","Likely benign","null","missense_variant","10/10","null","457","MODERATE","16.87","null","0.000879183","gnomad_AF_nfe_pass","0.0","0.0","80.86","-1.0","1.0"
"7:24738767:T>A","NM_004403.3:c.1369A>T","NP_004394.1:p.Ile457Phe","Unknown significance","null","missense_variant","10/10","null","457","MODERATE","22.9","null","0.000879167","gnomad_AF_nfe_pass","0.0","0.0","80.86","-0.5","0.5"
"7:24738773:C>A","NM_004403.3:c.1363G>T","NP_004394.1:p.Ala455Ser","Likely benign","null","missense_variant","10/10","null","455","MODERATE","11.61","null","0.0123031","gnomad_AF_afr_pass","0.0","0.0","84.19","-0.5","0.5"
"7:24738773:C>G","NM_004403.3:c.1363G>C","NP_004394.1:p.Ala455Pro","Unknown significance","null","missense_variant","10/10","null","455","MODERATE","22.8","null","0","null","0.0","0.0","84.19","-1.2","1.2"
"7:24738781:A>G","NM_004403.3:c.1355T>C","NP_004394.1:p.Phe452Ser","Unknown significance","null","missense_variant","10/10","null","452","MODERATE","28.1","null","0.000879183","gnomad_AF_nfe_pass","0.0","0.0","83.74","-4.8","4.8"
"7:24738787:C>T","NM_004403.3:c.1349G>A","NP_004394.1:p.Arg450His","Unknown significance","Deafness, autosomal dominant 5","missense_variant","10/10","null","450","MODERATE","20.5","null","0.00326627","gnomad_AF_sas_pass","89.88672084245133","0.33362355884118844","78.27","-0.2","0.2"
"7:24738788:G>A","NM_004403.3:c.1348C>T","NP_004394.1:p.Arg450Cys","Benign","null","missense_variant","10/10","null","450","MODERATE","28.7","null","0.777371","gnomad_AF_sas_pass","89.88672084245133","0.33362355884118844","78.27","-0.3","0.3"
"7:24738788:G>C","NM_004403.3:c.1348C>G","NP_004394.1:p.Arg450Gly","Unknown significance","null","missense_variant","10/10","null","450","MODERATE","26.0","null","0.00543715","gnomad_AF_eas_pass","89.88672084245133","0.33362355884118844","78.27","-1.0","1.0"
"7:24738788:G>T","NM_004403.3:c.1348C>A","NP_004394.1:p.Arg450Ser","Unknown significance","null","missense_variant","10/10","null","450","MODERATE","23.7","null","0.0601504","gnomad_AF_eas_pass","89.88672084245133","0.33362355884118844","78.27","-0.7","0.7"
"7:24738794:C>T","NM_004403.3:c.1342G>A","NP_004394.1:p.Val448Met","Unknown significance","null","missense_variant","10/10","null","448","MODERATE","23.7","null","0.0100644","gnomad_AF_nfe_pass","0.0","0.0","83.96","-1.2","1.2"
"7:24738802:A>G","NM_004403.3:c.1334T>C","NP_004394.1:p.Phe445Ser","Unknown significance","null","missense_variant","10/10","null","445","MODERATE","28.9","null","0.00501153","gnomad_AF_eas_pass","7.646508870566548","0.03328181163646627","76.45","-3.7","3.7"
"7:24738802:A>T","NM_004403.3:c.1334T>A","NP_004394.1:p.Phe445Tyr","Benign","null","missense_variant","10/10","null","445","MODERATE","27.4","null","2.64718","gnomad_AF_amr_pass","7.646508870566548","0.03328181163646627","76.45","-0.5","0.5"
"7:24738805:C>A","NM_004403.3:c.1331G>T","NP_004394.1:p.Arg444Met","Unknown significance","null","missense_variant","10/10","null","444","MODERATE","24.5","null","0.00653253","gnomad_AF_sas_pass","62.62447617806386","0.23243700979715382","80.86","-0.3","0.3"
"7:24738805:C>T","NM_004403.3:c.1331G>A","NP_004394.1:p.Arg444Lys","Likely benign","null","missense_variant","10/10","null","444","MODERATE","18.80","null","0.00648593","gnomad_AF_nfe_pass","62.62447617806386","0.23243700979715382","80.86","-0.7","0.7"
"7:24738811:G>A","NM_004403.3:c.1325C>T","NP_004394.1:p.Thr442Ile","Likely benign","null","missense_variant","10/10","null","442","MODERATE","9.808","null","0.0163132","gnomad_AF_eas_pass","97.5761885170483","0.6201708601043673","74.33","-0.1","0.1"
"7:24738811:G>C","NM_004403.3:c.1325C>G","NP_004394.1:p.Thr442Arg","Likely benign","null","missense_variant","10/10","null","442","MODERATE","5.282","null","0","null","97.5761885170483","0.6201708601043673","74.33","0.3","0.3"
"7:24738821:G>C","NM_004403.3:c.1315C>G","NP_004394.1:p.Leu439Val","Unknown significance","null","missense_variant","10/10","null","439","MODERATE","22.0","null","0.00326669","gnomad_AF_sas_pass","0.0","0.0","83.47","-1.8","1.8"
"7:24738823:G>C","NM_004403.3:c.1313C>G","NP_004394.1:p.Pro438Arg","Unknown significance","null","missense_variant","10/10","null","438","MODERATE","23.7","null","0.00326648","gnomad_AF_sas_pass","37.43562018837872","0.23798851881526797","83.65","-0.4","0.4"
"7:24738824:G>T","NM_004403.3:c.1312C>A","NP_004394.1:p.Pro438Thr","Unknown significance","null","missense_variant","10/10","null","438","MODERATE","22.3","null","0.000879415","gnomad_AF_nfe_pass","37.43562018837872","0.23798851881526797","83.65","-0.4","0.4"
"7:24738833:T>C","NM_004403.3:c.1303A>G","NP_004394.1:p.Thr435Ala","Likely benign","null","missense_variant","10/10","null","435","MODERATE","0.879","null","0.00289134","gnomad_AF_amr_pass","86.47567769694828","0.5496186747041714","83.32","-0.1","0.1"
"7:24738844:A>G","NM_004403.3:c.1292T>C","NP_004394.1:p.Leu431Pro","Unknown significance","null","missense_variant","10/10","null","431","MODERATE","28.1","null","0.0231307","gnomad_AF_amr_pass","1.8917823497738024","0.009809542566950715","82.82","-3.7","3.7"
"7:24738857:C>T","NM_004403.3:c.1279G>A","NP_004394.1:p.Gly427Arg","Unknown significance","null","missense_variant","10/10","null","427","MODERATE","24.6","null","0.00564493","gnomad_AF_amr_pass","0.0","0.0","78.92","0.9","0.9"
"7:24738863:C>T","NM_004403.3:c.1273G>A","NP_004394.1:p.Asp425Asn","Likely benign","null","missense_variant","10/10","null","425","MODERATE","13.78","null","0.000879972","gnomad_AF_nfe_pass","113.06833554560765","0.7067661496949094","73.11","0.0","0.0"
"7:24738871:G>A","NM_004403.3:c.1265C>T","NP_004394.1:p.Ala422Val","Likely benign","null","missense_variant","10/10","null","422","MODERATE","4.634","null","0.00264229","gnomad_AF_nfe_pass","30.157069086128924","0.2371608605193378","83.28","0.6","0.6"
"7:24738872:C>T","NM_004403.3:c.1264G>A","NP_004394.1:p.Ala422Thr","Unknown significance","null","missense_variant","10/10","null","422","MODERATE","13.27","null","0","null","30.157069086128924","0.2371608605193378","83.28","-0.2","0.2"
"7:24738874:C>T","NM_004403.3:c.1262G>A","NP_004394.1:p.Arg421His","Likely benign","null","missense_variant","10/10","null","421","MODERATE","0.341","null","0.00289268","gnomad_AF_amr_pass","80.53035511412241","0.29889647120411655","83.59","-0.1","0.1"
"7:24738875:G>A","NM_004403.3:c.1261C>T","NP_004394.1:p.Arg421Cys","Likely benign","null","missense_variant","10/10","null","421","MODERATE","16.79","null","0.000881244","gnomad_AF_nfe_pass","80.53035511412241","0.29889647120411655","83.59","-0.4","0.4"
"7:24738877:A>G","NM_004403.3:c.1259T>C","NP_004394.1:p.Leu420Pro","Unknown significance","null","missense_variant&splice_region_variant","10/10","null","420","MODERATE","22.9","null","0.0032699","gnomad_AF_sas_pass","0.0","0.0","84.44","-3.5","3.5"
"7:24742381:A>C","NM_004403.3:c.1255T>G","NP_004394.1:p.Leu419Val","Unknown significance","null","missense_variant&splice_region_variant","9/10","null","419","MODERATE","17.73","null","0.0641849","gnomad_AF_eas_pass","0.0","0.0","88.0","-1.8","1.8"
"7:24742383:T>C","NM_004403.3:c.1253A>G","NP_004394.1:p.His418Arg","Unknown significance","Deafness, autosomal dominant 5","missense_variant","9/10","null","418","MODERATE","10.52","null","0","null","62.14805662763705","0.30256745214775105","87.79","-0.0","0.0"
"7:24742387:A>C","NM_004403.3:c.1249T>G","NP_004394.1:p.Cys417Gly","Unknown significance","null","missense_variant","9/10","null","417","MODERATE","23.1","null","0.0457277","gnomad_AF_sas_pass","2.9648649073374873","0.019186585702731095","88.06","-2.4","2.4"
"7:24742392:G>A","NM_004403.3:c.1244C>T","NP_004394.1:p.Thr415Ile","Likely benign","null","missense_variant","9/10","null","415","MODERATE","8.204","null","0.000879152","gnomad_AF_nfe_pass","6.391948953442572","0.04062569506398676","89.35","1.6","1.6"
"7:24742392:G>T","NM_004403.3:c.1244C>A","NP_004394.1:p.Thr415Lys","Unknown significance","null","missense_variant","9/10","null","415","MODERATE","13.32","null","0.00615157","gnomad_AF_afr_pass","6.391948953442572","0.04062569506398676","89.35","-0.8","0.8"
"7:24742393:T>G","NM_004403.3:c.1243A>C","NP_004394.1:p.Thr415Pro","Likely benign","null","missense_variant","9/10","null","415","MODERATE","0.466","null","0.00289101","gnomad_AF_amr_pass","6.391948953442572","0.04062569506398676","89.35","-0.7","0.7"
"7:24742410:T>C","NM_004403.3:c.1226A>G","NP_004394.1:p.Lys409Arg","Likely benign","null","missense_variant","9/10","null","409","MODERATE","17.31","null","0.000879167","gnomad_AF_nfe_pass","109.1343719070395","0.4610375193256435","83.09","0.4","0.4"
"7:24742414:A>C","NM_004403.3:c.1222T>G","NP_004394.1:p.Cys408Gly","Unknown significance","null","missense_variant","9/10","null","408","MODERATE","23.5","null","0.00615157","gnomad_AF_afr_pass","10.165703906653743","0.06578550973803224","84.75","-2.6","2.6"
"7:24742416:C>T","NM_004403.3:c.1220G>A","NP_004394.1:p.Cys407Tyr","Unknown significance","null","missense_variant","9/10","null","407","MODERATE","28.3","null","0.000879152","gnomad_AF_nfe_pass","0.0","0.0","84.18","-0.2","0.2"
"7:24742422:C>T","NM_004403.3:c.1214G>A","NP_004394.1:p.Gly405Asp","Unknown significance","null","missense_variant","9/10","null","405","MODERATE","23.0","null","0.00326627","gnomad_AF_sas_pass","0.0","0.0","83.12","-0.7","0.7"
"7:24742423:C>A","NM_004403.3:c.1213G>T","NP_004394.1:p.Gly405Cys","Unknown significance","null","missense_variant","9/10","null","405","MODERATE","25.7","null","0","null","0.0","0.0","83.12","1.4","1.4"
"7:24742423:C>T","NM_004403.3:c.1213G>A","NP_004394.1:p.Gly405Ser","Unknown significance","null","missense_variant","9/10","null","405","MODERATE","21.6","null","0","null","0.0","0.0","83.12","0.4","0.4"
"7:24742428:A>G","NM_004403.3:c.1208T>C","NP_004394.1:p.Leu403Pro","Likely benign","Deafness, autosomal dominant 5","missense_variant","9/10","null","403","MODERATE","26.3","null","0.310295","gnomad_AF_sas_pass","0.06281079918343932","3.25695610981788E-4","82.79","-4.7","4.7"
"7:24742429:G>C","NM_004403.3:c.1207C>G","NP_004394.1:p.Leu403Val","Unknown significance","null","missense_variant","9/10","null","403","MODERATE","17.43","null","0.000879059","gnomad_AF_nfe_pass","0.06281079918343932","3.25695610981788E-4","82.79","-1.4","1.4"
"7:24742436:TG>CA","NM_004403.3:c.1199_1200inv","NP_004394.1:p.Ala400Val","Benign","null","missense_variant","9/10","null","400","MODERATE","16.91","null","0","null","0.0","0.0","83.57","0.8","0.8"
"7:24742437:G>A","NM_004403.3:c.1199C>T","NP_004394.1:p.Ala400Val","Benign","null","missense_variant","9/10","null","400","MODERATE","19.79","null","2.63675","gnomad_AF_nfe_pass","0.0","0.0","83.57","0.8","0.8"
"7:24742438:C>T","NM_004403.3:c.1198G>A","NP_004394.1:p.Ala400Thr","Unknown significance","null","missense_variant","9/10","null","400","MODERATE","14.87","null","0.0216755","gnomad_AF_nfe_pass","0.0","0.0","83.57","0.2","0.2"
"7:24742440:C>T","NM_004403.3:c.1196G>A","NP_004394.1:p.Ser399Asn","Likely benign","null","missense_variant","9/10","null","399","MODERATE","15.37","null","0.00289118","gnomad_AF_amr_pass","13.645404362252378","0.09894627954343485","74.84","0.0","0.0"
"7:24742443:T>C","NM_004403.3:c.1193A>G","NP_004394.1:p.Asp398Gly","Unknown significance","null","missense_variant","9/10","null","398","MODERATE","31","null","0.00326627","gnomad_AF_sas_pass","29.77151536014935","0.18609541902373045","72.37","-1.0","1.0"
"7:24742444:C>T","NM_004403.3:c.1192G>A","NP_004394.1:p.Asp398Asn","Unknown significance","null","missense_variant","9/10","null","398","MODERATE","28.2","null","0.132159","gnomad_AF_afr_pass","29.77151536014935","0.18609541902373045","72.37","-0.1","0.1"
"7:24742447:G>C","NM_004403.3:c.1189C>G","NP_004394.1:p.Pro397Ala","Unknown significance","null","missense_variant","9/10","null","397","MODERATE","25.7","null","0.00648256","gnomad_AF_nfe_pass","16.418247550203255","0.10437530876617478","79.06","0.1","0.1"
"7:24742449:A>G","NM_004403.3:c.1187T>C","NP_004394.1:p.Met396Thr","Unknown significance","null","missense_variant","9/10","null","396","MODERATE","26.3","null","0.00326627","gnomad_AF_sas_pass","3.9827756612806042","0.018393373529546855","85.48","-1.9","1.9"
"7:24745803:C>G","NM_004403.3:c.1183G>C","NP_004394.1:p.Glu395Gln","Pathogenic","Hearing loss","missense_variant&splice_region_variant","8/10","null","395","MODERATE","35","null","0","null","12.863198370390542","0.06587363656857131","86.05","0.5","0.5"
"7:24745803:C>T","NM_004403.3:c.1183G>A","NP_004394.1:p.Glu395Lys","Pathogenic","Hearing loss","missense_variant&splice_region_variant","8/10","null","395","MODERATE","34","null","0","null","12.863198370390542","0.06587363656857131","86.05","-0.2","0.2"
"7:24745806:C>T","NM_004403.3:c.1180G>A","NP_004394.1:p.Ala394Thr","Unknown significance","null","missense_variant","8/10","null","394","MODERATE","22.5","null","0.00543951","gnomad_AF_eas_pass","15.362973320729742","0.12081731027886129","87.84","-0.2","0.2"
"7:24745809:G>A","NM_004403.3:c.1177C>T","NP_004394.1:p.Leu393Phe","Unknown significance","null","missense_variant","8/10","null","393","MODERATE","19.90","null","0.00326627","gnomad_AF_sas_pass","0.0","0.0","91.33","-1.3","1.3"
"7:24745824:A>G","NM_004403.3:c.1162T>C","NP_004394.1:p.Phe388Leu","Likely benign","null","missense_variant","8/10","null","388","MODERATE","17.69","null","0.00619329","gnomad_AF_nfe_pass","1.966129679500554","0.008557677595573744","86.36","-0.5","0.5"
"7:24745830:C>T","NM_004403.3:c.1156G>A","NP_004394.1:p.Ala386Thr","Unknown significance","Deafness, autosomal dominant 5","missense_variant","8/10","null","386","MODERATE","22.8","null","0.0120212","gnomad_AF_afr_pass","0.0","0.0","88.92","-0.4","0.4"
"7:24745832:G>A","NM_004403.3:c.1154C>T","NP_004394.1:p.Thr385Ile","Pathogenic","Deafness","missense_variant","8/10","null","385","MODERATE","23.9","null","0","null","6.065518430882243","0.03855098092504304","85.51","1.4","1.4"
"7:24745854:C>T","NM_004403.3:c.1132G>A","NP_004394.1:p.Gly378Ser","Likely benign","null","missense_variant","8/10","null","378","MODERATE","6.619","null","0.00543656","gnomad_AF_eas_pass","47.59188535527113","0.4991482759150385","59.7","0.4","0.4"
"7:24745861:C>G","NM_004403.3:c.1125G>C","NP_004394.1:p.Glu375Asp","Likely benign","null","missense_variant","8/10","null","375","MODERATE","8.679","null","0.000879105","gnomad_AF_nfe_pass","200.65115696776738","1.0275532577949944","42.66","-0.0","0.0"
"7:24745863:C>T","NM_004403.3:c.1123G>A","NP_004394.1:p.Glu375Lys","Likely benign","null","missense_variant","8/10","null","375","MODERATE","11.18","null","0.00326627","gnomad_AF_sas_pass","200.65115696776738","1.0275532577949944","42.66","-0.0","0.0"
"7:24745865:G>A","NM_004403.3:c.1121C>T","NP_004394.1:p.Pro374Leu","Unknown significance","Deafness, autosomal dominant 5","missense_variant","8/10","null","374","MODERATE","10.10","null","0.00289134","gnomad_AF_amr_pass","126.80379757907028","0.8061265664662935","45.08","-0.0","0.0"
"7:24745868:C>T","NM_004403.3:c.1118G>A","NP_004394.1:p.Gly373Asp","Unknown significance","null","missense_variant","8/10","null","373","MODERATE","10.35","null","0.0841481","gnomad_AF_afr_pass","36.191403106347906","0.3795789204110384","41.67","-0.4","0.4"
"7:24745869:C>T","NM_004403.3:c.1117G>A","NP_004394.1:p.Gly373Ser","Likely benign","null","missense_variant","8/10","null","373","MODERATE","14.97","null","0.0641026","gnomad_AF_eas_pass","36.191403106347906","0.3795789204110384","41.67","-0.1","0.1"
"7:24745871:G>A","NM_004403.3:c.1115C>T","NP_004394.1:p.Pro372Leu","Likely benign","null","missense_variant","8/10","null","372","MODERATE","10.84","null","0.0123885","gnomad_AF_nfe_pass","14.862008688877271","0.09448187092098836","48.29","0.4","0.4"
"7:24745874:C>A","NM_004403.3:c.1112G>T","NP_004394.1:p.Cys371Phe","Likely benign","null","missense_variant","8/10","null","371","MODERATE","7.054","null","0.0054407","gnomad_AF_eas_pass","38.99807485977757","0.25236897090551785","43.32","0.4","0.4"
"7:24745875:A>C","NM_004403.3:c.1111T>G","NP_004394.1:p.Cys371Gly","Likely benign","null","missense_variant","8/10","null","371","MODERATE","0.001","null","0.0320641","gnomad_AF_afr_pass","38.99807485977757","0.25236897090551785","43.32","-1.1","1.1"
"7:24745877:C>T","NM_004403.3:c.1109G>A","NP_004394.1:p.Gly370Glu","Likely benign","null","missense_variant","8/10","null","370","MODERATE","1.941","null","0.00289118","gnomad_AF_amr_pass","37.47120694260386","0.3930016262695668","48.91","0.0","0.0"
"7:24745878:C>G","NM_004403.3:c.1108G>C","NP_004394.1:p.Gly370Arg","Likely benign","null","missense_variant","8/10","null","370","MODERATE","15.16","null","0.0054407","gnomad_AF_eas_pass","37.47120694260386","0.3930016262695668","48.91","0.8","0.8"
"7:24745878:C>T","NM_004403.3:c.1108G>A","NP_004394.1:p.Gly370Arg","Likely benign","null","missense_variant","8/10","null","370","MODERATE","18.87","null","0.000879275","gnomad_AF_nfe_pass","37.47120694260386","0.3930016262695668","48.91","0.8","0.8"
"7:24745881:C>T","NM_004403.3:c.1105G>A","NP_004394.1:p.Gly369Ser","Likely benign","null","missense_variant","8/10","null","369","MODERATE","16.07","null","0.0061546","gnomad_AF_afr_pass","20.53097937975555","0.2153308885275576","47.94","0.5","0.5"
"7:24745882:C>G","NM_004403.3:c.1104G>C","NP_004394.1:p.Gln368His","Likely benign","null","missense_variant","8/10","null","368","MODERATE","14.77","null","0.00615482","gnomad_AF_nfe_pass","184.06848540007377","0.9308060835890349","54.21","0.0","0.0"
"7:24745884:G>C","NM_004403.3:c.1102C>G","NP_004394.1:p.Gln368Glu","Pathogenic","null","missense_variant","8/10","null","368","MODERATE","14.05","null","0","null","184.06848540007377","0.9308060835890349","54.21","-0.1","0.1"
"7:24745886:A>G","NM_004403.3:c.1100T>C","NP_004394.1:p.Leu367Ser","Unknown significance","null","missense_variant","8/10","null","367","MODERATE","19.17","null","0.00289151","gnomad_AF_amr_pass","41.718775786159924","0.21632621055183276","57.66","-1.3","1.3"
"7:24745889:C>G","NM_004403.3:c.1097G>C","NP_004394.1:p.Ser366Thr","Likely benign","null","missense_variant","8/10","null","366","MODERATE","14.03","null","0","null","48.52201581045374","0.3518454135132447","67.85","0.2","0.2"
"7:24745892:C>T","NM_004403.3:c.1094G>A","NP_004394.1:p.Cys365Tyr","Likely benign","null","missense_variant","8/10","null","365","MODERATE","4.189","null","0.00544425","gnomad_AF_eas_pass","3.7863034183145077","0.024502376095534444","74.7","0.5","0.5"
"7:24745893:A>C","NM_004403.3:c.1093T>G","NP_004394.1:p.Cys365Gly","Unknown significance","null","missense_variant","8/10","null","365","MODERATE","22.7","null","0","null","3.7863034183145077","0.024502376095534444","74.7","-2.6","2.6"
"7:24745893:A>G","NM_004403.3:c.1093T>C","NP_004394.1:p.Cys365Arg","Unknown significance","null","missense_variant","8/10","null","365","MODERATE","22.9","null","0.000880173","gnomad_AF_nfe_pass","3.7863034183145077","0.024502376095534444","74.7","-0.9","0.9"
"7:24745898:A>C","NM_004403.3:c.1088T>G","NP_004394.1:p.Val363Gly","Unknown significance","null","missense_variant","8/10","null","363","MODERATE","20.9","null","0","null","0.26492410477287326","0.0015412231822209482","84.55","-4.3","4.3"
"7:24745899:C>T","NM_004403.3:c.1087G>A","NP_004394.1:p.Val363Met","Unknown significance","null","missense_variant","8/10","null","363","MODERATE","24.3","null","0","null","0.26492410477287326","0.0015412231822209482","84.55","-0.7","0.7"
"7:24745903:C>G","NM_004403.3:c.1083G>C","NP_004394.1:p.Gln361His","Likely benign","null","missense_variant","8/10","null","361","MODERATE","8.404","null","0.00289235","gnomad_AF_amr_pass","141.47341086997275","0.7154093283141068","86.89","0.0","0.0"
"7:24745908:G>C","NM_004403.3:c.1078C>G","NP_004394.1:p.Leu360Val","Unknown significance","null","missense_variant","8/10","null","360","MODERATE","23.0","null","0","null","0.009890814906862364","5.128727935446595E-5","87.14","-1.8","1.8"
"7:24745909:G>T","NM_004403.3:c.1077C>A","NP_004394.1:p.Phe359Leu","Unknown significance","null","missense_variant","8/10","null","359","MODERATE","23.5","null","0.00648256","gnomad_AF_nfe_pass","0.0","0.0","91.02","-0.6","0.6"
"7:24745919:A>T","NM_004403.3:c.1067T>A","NP_004394.1:p.Leu356His","Unknown significance","null","missense_variant","8/10","null","356","MODERATE","21.9","null","0.00868257","gnomad_AF_amr_pass","0.05870854965362326","3.044240353230999E-4","87.76","-2.3","2.3"
"7:24745922:T>C","NM_004403.3:c.1064A>G","NP_004394.1:p.Asp355Gly","Likely benign","null","missense_variant","8/10","null","355","MODERATE","12.97","null","0.00176386","gnomad_AF_nfe_pass","23.082647319203517","0.14428472562045017","88.73","-0.6","0.6"
"7:24745923:C>T","NM_004403.3:c.1063G>A","NP_004394.1:p.Asp355Asn","Likely benign","null","missense_variant","8/10","null","355","MODERATE","1.863","null","0.00326669","gnomad_AF_sas_pass","23.082647319203517","0.14428472562045017","88.73","0.3","0.3"
"7:24745925:T>G","NM_004403.3:c.1061A>C","NP_004394.1:p.Gln354Pro","Likely benign","null","missense_variant","8/10","null","354","MODERATE","10.81","null","0.00233227","gnomad_AF_nfe_pass","132.86923662722194","0.6718993395617936","87.1","-0.3","0.3"
"7:24745930:C>G","NM_004403.3:c.1056G>C","NP_004394.1:p.Gln352His","Unknown significance","null","missense_variant","8/10","null","352","MODERATE","13.90","null","0","null","5.973529935881633","0.03020722419014164","85.61","-0.1","0.1"
"7:24745934:C>T","NM_004403.3:c.1052G>A","NP_004394.1:p.Arg351Gln","Likely benign","null","missense_variant","8/10","null","351","MODERATE","0.996","null","0.0113308","gnomad_AF_amr_pass","117.41324233168726","0.4357909977652725","82.65","-0.2","0.2"
"7:24745935:G>A","NM_004403.3:c.1051C>T","NP_004394.1:p.Arg351Trp","Likely benign","null","missense_variant","8/10","null","351","MODERATE","20.9","null","0.0130753","gnomad_AF_sas_pass","117.41324233168726","0.4357909977652725","82.65","0.2","0.2"
"7:24745937:G>C","NM_004403.3:c.1049C>G","NP_004394.1:p.Pro350Arg","Likely benign","null","missense_variant","8/10","null","350","MODERATE","7.992","null","0.00580754","gnomad_AF_amr_pass","119.91217680742582","0.7623146405137659","81.51","-0.1","0.1"
"7:24745938:G>C","NM_004403.3:c.1048C>G","NP_004394.1:p.Pro350Ala","Unknown significance","null","missense_variant","8/10","null","350","MODERATE","16.85","null","0.00534083","gnomad_AF_nfe_pass","119.91217680742582","0.7623146405137659","81.51","-0.3","0.3"
"7:24745940:T>C","NM_004403.3:c.1046A>G","NP_004394.1:p.Lys349Arg","Likely benign","null","missense_variant","8/10","null","349","MODERATE","1.456","null","0.0130745","gnomad_AF_sas_pass","75.22440448066313","0.31778505917508015","81.07","0.6","0.6"
"7:24745946:T>C","NM_004403.3:c.1040A>G","NP_004394.1:p.Glu347Gly","Unknown significance","null","missense_variant","8/10","null","347","MODERATE","23.5","null","0","null","134.4758654456255","0.6886634282186134","69.33","-0.4","0.4"
"7:24745947:C>T","NM_004403.3:c.1039G>A","NP_004394.1:p.Glu347Lys","Likely benign","null","missense_variant","8/10","null","347","MODERATE","16.43","null","0.00645245","gnomad_AF_afr_pass","134.4758654456255","0.6886634282186134","69.33","-0.1","0.1"
"7:24745952:A>C","NM_004403.3:c.1034T>G","NP_004394.1:p.Leu345Arg","Unknown significance","null","missense_variant","8/10","null","345","MODERATE","21.9","null","0.00552059","gnomad_AF_eas_pass","13.327590641809852","0.06910814435463986","60.61","-1.1","1.1"
"7:24745955:A>C","NM_004403.3:c.1031T>G","NP_004394.1:p.Val344Gly","Likely benign","null","missense_variant","8/10","null","344","MODERATE","5.129","null","0","null","35.668666843427005","0.2075061318604269","58.29","-1.2","1.2"
"7:24745958:G>A","NM_004403.3:c.1028C>T","NP_004394.1:p.Ala343Val","Likely benign","null","missense_variant","8/10","null","343","MODERATE","4.947","null","0.00632431","gnomad_AF_afr_pass","88.3643447802105","0.6949138189606555","54.73","0.2","0.2"
"7:24745959:C>T","NM_004403.3:c.1027G>A","NP_004394.1:p.Ala343Thr","Likely benign","null","missense_variant","8/10","null","343","MODERATE","12.93","null","0.00326797","gnomad_AF_sas_pass","88.3643447802105","0.6949138189606555","54.73","0.0","0.0"
"7:24745961:A>G","NM_004403.3:c.1025T>C","NP_004394.1:p.Val342Ala","Likely benign","null","missense_variant","8/10","null","342","MODERATE","4.286","null","0.000889173","gnomad_AF_nfe_pass","126.66460758813835","0.7368843607082277","53.27","-0.3","0.3"
"7:24745962:C>G","NM_004403.3:c.1024G>C","NP_004394.1:p.Val342Leu","Likely benign","null","missense_variant","8/10","null","342","MODERATE","0.001","null","0.000888873","gnomad_AF_nfe_pass","126.66460758813835","0.7368843607082277","53.27","0.2","0.2"
"7:24745970:G>A","NM_004403.3:c.1016C>T","NP_004394.1:p.Ser339Leu","Likely benign","null","missense_variant","8/10","null","339","MODERATE","12.17","null","0.000890123","gnomad_AF_nfe_pass","66.77341561074043","0.48419093137080904","62.88","0.3","0.3"
"7:24745970:G>C","NM_004403.3:c.1016C>G","NP_004394.1:p.Ser339Trp","Unknown significance","Deafness, autosomal dominant 5","missense_variant","8/10","null","339","MODERATE","13.33","null","0.00391359","gnomad_AF_nfe_pass","66.77341561074043","0.48419093137080904","62.88","0.8","0.8"
"7:24745977:C>T","NM_004403.3:c.1009G>A","NP_004394.1:p.Gly337Ser","Unknown significance","null","missense_variant","8/10","null","337","MODERATE","13.87","null","0.0125881","gnomad_AF_afr_pass","63.5549686643258","0.6665706306404804","65.3","-0.0","0.0"
"7:24745979:C>T","NM_004403.3:c.1007G>A","NP_004394.1:p.Ser336Asn","Likely benign","null","missense_variant","8/10","null","336","MODERATE","12.30","null","0.00178237","gnomad_AF_nfe_pass","69.77119600527122","0.5059285954995187","66.75","-0.1","0.1"
"7:24745983:C>A","NM_004403.3:c.1003G>T","NP_004394.1:p.Val335Phe","Likely benign","null","missense_variant","8/10","null","335","MODERATE","10.50","null","0.00327139","gnomad_AF_sas_pass","37.129008515961985","0.21600181948992297","73.15","0.1","0.1"
"7:24745983:C>T","NM_004403.3:c.1003G>A","NP_004394.1:p.Val335Ile","Likely benign","null","missense_variant","8/10","null","335","MODERATE","10.67","null","0.00089187","gnomad_AF_nfe_pass","37.129008515961985","0.21600181948992297","73.15","0.2","0.2"
"7:24745989:C>T","NM_004403.3:c.997G>A","NP_004394.1:p.Asp333Asn","Unknown significance","null","missense_variant","8/10","null","333","MODERATE","15.92","null","0.013095","gnomad_AF_sas_pass","8.105529692216429","0.050665944485357835","77.3","0.4","0.4"
"7:24745990:A>T","NM_004403.3:c.996T>A","NP_004394.1:p.Asp332Glu","Likely benign","null","missense_variant","8/10","null","332","MODERATE","4.974","null","0.00629882","gnomad_AF_afr_pass","14.576659683025513","0.09111560358496117","79.0","0.2","0.2"
"7:24745992:C>T","NM_004403.3:c.994G>A","NP_004394.1:p.Asp332Asn","Unknown significance","null","missense_variant","8/10","null","332","MODERATE","23.8","null","0.0126119","gnomad_AF_afr_pass","14.576659683025513","0.09111560358496117","79.0","0.0","0.0"
"7:24745995:A>G","NM_004403.3:c.991T>C","NP_004394.1:p.Cys331Arg","Unknown significance","null","missense_variant&splice_region_variant","8/10","null","331","MODERATE","23.5","null","0.0722211","gnomad_AF_sas_pass","0.0","0.0","83.57","-0.1","0.1"
"7:24747756:A>C","NM_004403.3:c.980T>G","NP_004394.1:p.Leu327Arg","Unknown significance","null","missense_variant","7/10","null","327","MODERATE","27.0","null","0.000879105","gnomad_AF_nfe_pass","0.026279594893316847","1.362687440122464E-4","88.47","-3.2","3.2"
"7:24747756:A>G","NM_004403.3:c.980T>C","NP_004394.1:p.Leu327Pro","Unknown significance","null","missense_variant","7/10","null","327","MODERATE","26.6","null","0.00175821","gnomad_AF_nfe_pass","0.026279594893316847","1.362687440122464E-4","88.47","-4.7","4.7"
"7:24747761:C>T","NM_004403.3:c.975G>A","NP_004394.1:p.Met325Ile","Likely benign","null","missense_variant","7/10","null","325","MODERATE","14.36","null","0.00087909","gnomad_AF_nfe_pass","60.90327508154495","0.281265324240585","82.69","0.0","0.0"
"7:24747763:T>C","NM_004403.3:c.973A>G","NP_004394.1:p.Met325Val","Likely benign","null","missense_variant","7/10","null","325","MODERATE","0.029","null","0.000879044","gnomad_AF_nfe_pass","60.90327508154495","0.281265324240585","82.69","0.0","0.0"
"7:24747777:T>C","NM_004403.3:c.959A>G","NP_004394.1:p.Asp320Gly","Unknown significance","null","missense_variant","7/10","null","320","MODERATE","23.6","null","0.000879075","gnomad_AF_nfe_pass","33.19735539705214","0.20750961744337376","82.93","-1.1","1.1"
"7:24747778:C>A","NM_004403.3:c.958G>T","NP_004394.1:p.Asp320Tyr","Unknown significance","null","missense_variant","7/10","null","320","MODERATE","23.2","null","0","gnomad_AF_afr_pass,gnomad_AF_amr_pass,gnomad_AF_eas_pass,gnomad_AF_nfe_pass,gnomad_AF_sas_pass","33.19735539705214","0.20750961744337376","82.93","0.6","0.6"
"7:24747780:A>G","NM_004403.3:c.956T>C","NP_004394.1:p.Phe319Ser","Likely benign","null","missense_variant","7/10","null","319","MODERATE","14.37","null","0.00801089","gnomad_AF_afr_pass","45.63793492690954","0.19864139039469503","82.6","-1.0","1.0"
"7:24747789:G>A","NM_004403.3:c.947C>T","NP_004394.1:p.Ala316Val","Likely benign","null","missense_variant","7/10","null","316","MODERATE","6.083","null","0.0123062","gnomad_AF_afr_pass","31.08898832877663","0.24448964863497458","87.27","0.6","0.6"
"7:24747790:C>T","NM_004403.3:c.946G>A","NP_004394.1:p.Ala316Thr","Likely benign","null","missense_variant","7/10","null","316","MODERATE","6.200","null","0.00615233","gnomad_AF_afr_pass","31.08898832877663","0.24448964863497458","87.27","-0.3","0.3"
"7:24747797:G>C","NM_004403.3:c.939C>G","NP_004394.1:p.Ile313Met","Unknown significance","null","missense_variant","7/10","null","313","MODERATE","13.55","null","0.000879229","gnomad_AF_nfe_pass","12.937950917603688","0.06595654232248094","91.13","-0.6","0.6"
"7:24747798:A>G","NM_004403.3:c.938T>C","NP_004394.1:p.Ile313Thr","Unknown significance","null","missense_variant","7/10","null","313","MODERATE","9.478","null","0","null","12.937950917603688","0.06595654232248094","91.13","-1.5","1.5"
"7:24747799:T>C","NM_004403.3:c.937A>G","NP_004394.1:p.Ile313Val","Likely benign","null","missense_variant","7/10","null","313","MODERATE","0.001","null","0.00980264","gnomad_AF_sas_pass","12.937950917603688","0.06595654232248094","91.13","-0.1","0.1"
"7:24747802:C>T","NM_004403.3:c.934G>A","NP_004394.1:p.Asp312Asn","Unknown significance","Deafness, autosomal dominant 5","missense_variant","7/10","null","312","MODERATE","0.753","null","0.00615309","gnomad_AF_afr_pass","76.12889607089934","0.47586555950361836","89.5","0.3","0.3"
"7:24747811:C>T","NM_004403.3:c.925G>A","NP_004394.1:p.Ala309Thr","Unknown significance","null","missense_variant","7/10","null","309","MODERATE","23.1","null","0.00326819","gnomad_AF_sas_pass","37.745991578148136","0.2968415736377645","90.29","-0.2","0.2"
"7:24747813:G>C","NM_004403.3:c.923C>G","NP_004394.1:p.Thr308Arg","Likely benign","null","missense_variant","7/10","null","308","MODERATE","0.006","null","0","null","52.10208392246856","0.33114835381976143","88.58","0.2","0.2"
"7:24747816:T>C","NM_004403.3:c.920A>G","NP_004394.1:p.Gln307Arg","Likely benign","null","missense_variant","7/10","null","307","MODERATE","9.166","null","0.00326904","gnomad_AF_sas_pass","5.890864901988016","0.029789199799486004","89.07","0.7","0.7"
"7:24747817:G>C","NM_004403.3:c.919C>G","NP_004394.1:p.Gln307Glu","Unknown significance","null","missense_variant","7/10","null","307","MODERATE","15.20","null","0.0100281","gnomad_AF_eas_pass","5.890864901988016","0.029789199799486004","89.07","-0.8","0.8"
"7:24747819:T>C","NM_004403.3:c.917A>G","NP_004394.1:p.Gln306Arg","Likely benign","null","missense_variant","7/10","null","306","MODERATE","12.56","null","0.00175858","gnomad_AF_nfe_pass","80.06566057337326","0.4048797586740001","87.66","0.3","0.3"
"7:24747826:C>T","NM_004403.3:c.910G>A","NP_004394.1:p.Glu304Lys","Unknown significance","null","missense_variant","7/10","null","304","MODERATE","22.4","null","0.00351753","gnomad_AF_nfe_pass","92.48815487293217","0.47364045283026257","86.81","-0.1","0.1"
"7:24747832:G>C","NM_004403.3:c.904C>G","NP_004394.1:p.Leu302Val","Unknown significance","null","missense_variant","7/10","null","302","MODERATE","23.1","null","0.0163168","gnomad_AF_eas_pass","10.346057920179192","0.05364787105676844","86.02","-1.7","1.7"
"7:24747837:G>A","NM_004403.3:c.899C>T","NP_004394.1:p.Ala300Val","Likely benign","null","missense_variant","7/10","null","300","MODERATE","0.650","null","0.0254165","gnomad_AF_amr_pass","50.50780305809401","0.3972028582084075","85.83","0.5","0.5"
"7:24747845:A>T","NM_004403.3:c.891T>A","NP_004394.1:p.His297Gln","Likely benign","null","missense_variant","7/10","null","297","MODERATE","0.001","null","0.0114758","gnomad_AF_afr_pass","110.22632016020788","0.5366361984626458","84.0","-0.1","0.1"
"7:24747849:A>C","NM_004403.3:c.887T>G","NP_004394.1:p.Phe296Cys","Unknown significance","null","missense_variant","7/10","null","296","MODERATE","25.9","null","0.00175846","gnomad_AF_nfe_pass","0.26958876302839596","0.001173398551194544","86.23","-2.2","2.2"
"7:24747851:A>T","NM_004403.3:c.885T>A","NP_004394.1:p.Asn295Lys","Likely benign","null","missense_variant","7/10","null","295","MODERATE","15.72","null","0","null","14.011141401777083","0.08766437155163798","79.65","-0.3","0.3"
"7:24747864:A>T","NM_004403.3:c.872T>A","NP_004394.1:p.Leu291His","Likely benign","null","missense_variant","7/10","null","291","MODERATE","8.051","null","0.000879291","gnomad_AF_nfe_pass","59.674696802836785","0.3094338408048359","76.88","-0.4","0.4"
"7:24747867:A>G","NM_004403.3:c.869T>C","NP_004394.1:p.Leu290Pro","Likely benign","null","missense_variant","7/10","null","290","MODERATE","2.045","null","0.00326883","gnomad_AF_sas_pass","95.16447033164471","0.49346053085398894","74.73","-0.8","0.8"
"7:24747870:G>A","NM_004403.3:c.866C>T","NP_004394.1:p.Thr289Ile","Likely benign","null","missense_variant","7/10","null","289","MODERATE","11.79","null","0.0108814","gnomad_AF_eas_pass","0.0","0.0","72.95","1.3","1.3"
"7:24747871:T>G","NM_004403.3:c.865A>C","NP_004394.1:p.Thr289Pro","Likely benign","null","missense_variant&splice_region_variant","7/10","null","289","MODERATE","15.48","null","0","null","0.0","0.0","72.95","-1.2","1.2"
"7:24747873:G>A","NM_004403.3:c.863C>T","NP_004394.1:p.Ala288Val","Likely benign","null","missense_variant&splice_region_variant","7/10","null","288","MODERATE","9.453","null","0.00801475","gnomad_AF_afr_pass","5.868883345925722","0.0461540019234681","72.06","0.6","0.6"
"7:24747873:G>C","NM_004403.3:c.863C>G","NP_004394.1:p.Ala288Gly","Likely benign","null","missense_variant&splice_region_variant","7/10","null","288","MODERATE","0.057","null","0.00289251","gnomad_AF_amr_pass","5.868883345925722","0.0461540019234681","72.06","-0.8","0.8"
"7:24747873:G>T","NM_004403.3:c.863C>A","NP_004394.1:p.Ala288Glu","Likely benign","null","missense_variant&splice_region_variant","7/10","null","288","MODERATE","0.164","null","0.032059","gnomad_AF_afr_pass","5.868883345925722","0.0461540019234681","72.06","0.2","0.2"
"7:24749848:T>C","NM_004403.3:c.857A>G","NP_004394.1:p.Lys286Arg","Unknown significance","null","missense_variant","6/10","null","286","MODERATE","22.2","null","0","null","80.02780898921168","0.3380770135817559","72.79","0.6","0.6"
"7:24749849:T>G","NM_004403.3:c.856A>C","NP_004394.1:p.Lys286Gln","Unknown significance","null","missense_variant","6/10","null","286","MODERATE","18.57","null","0.00087909","gnomad_AF_nfe_pass","80.02780898921168","0.3380770135817559","72.79","0.3","0.3"
"7:24749852:A>T","NM_004403.3:c.853T>A","NP_004394.1:p.Leu285Ile","Unknown significance","null","missense_variant","6/10","null","285","MODERATE","18.07","null","0.000879028","gnomad_AF_nfe_pass","0.0","0.0","70.55","-0.9","0.9"
"7:24749863:G>A","NM_004403.3:c.842C>T","NP_004394.1:p.Pro281Leu","Likely benign","null","missense_variant","6/10","null","281","MODERATE","7.084","null","0.0129651","gnomad_AF_nfe_pass","61.802675096996516","0.39289657901063463","65.09","0.5","0.5"
"7:24749869:T>G","NM_004403.3:c.836A>C","NP_004394.1:p.Asp279Ala","Unknown significance","null","missense_variant","6/10","null","279","MODERATE","13.10","null","0.0123031","gnomad_AF_afr_pass","62.60549998710746","0.39133368296347504","46.82","0.3","0.3"
"7:24749870:C>G","NM_004403.3:c.835G>C","NP_004394.1:p.Asp279His","Unknown significance","null","missense_variant","6/10","null","279","MODERATE","17.28","null","0.00326627","gnomad_AF_sas_pass","62.60549998710746","0.39133368296347504","46.82","0.6","0.6"
"7:24749875:G>A","NM_004403.3:c.830C>T","NP_004394.1:p.Ser277Phe","Unknown significance","null","missense_variant","6/10","null","277","MODERATE","10.26","null","0.0200481","gnomad_AF_eas_pass","78.88814460158355","0.5720378965099977","35.13","0.4","0.4"
"7:24749879:A>G","NM_004403.3:c.826T>C","NP_004394.1:p.Ser276Pro","Likely benign","null","missense_variant","6/10","null","276","MODERATE","9.490","null","0.00175793","gnomad_AF_nfe_pass","106.18741530283339","0.7699918155312659","27.66","-0.1","0.1"
"7:24749881:A>G","NM_004403.3:c.824T>C","NP_004394.1:p.Ile275Thr","Likely benign","null","missense_variant","6/10","null","275","MODERATE","0.006","null","0.00326627","gnomad_AF_sas_pass","100.21062874076486","0.5108650216557534","26.95","-0.1","0.1"
"7:24749882:T>C","NM_004403.3:c.823A>G","NP_004394.1:p.Ile275Val","Unknown significance","null","missense_variant","6/10","null","275","MODERATE","0.588","null","0.312425","gnomad_AF_afr_pass","100.21062874076486","0.5108650216557534","26.95","-0.0","0.0"
"7:24749884:C>T","NM_004403.3:c.821G>A","NP_004394.1:p.Gly274Glu","Likely benign","null","missense_variant","6/10","null","274","MODERATE","12.34","null","0.00578202","gnomad_AF_amr_pass","52.5200014086292","0.5508348315784707","28.29","-0.3","0.3"
"7:24749887:T>C","NM_004403.3:c.818A>G","NP_004394.1:p.His273Arg","Likely benign","null","missense_variant","6/10","null","273","MODERATE","9.757","null","0.00543656","gnomad_AF_eas_pass","192.88100037468948","0.9390400282464652","22.61","0.0","0.0"
"7:24749890:G>A","NM_004403.3:c.815C>T","NP_004394.1:p.Ala272Val","Likely benign","null","missense_variant","6/10","null","272","MODERATE","6.007","null","0.0097988","gnomad_AF_sas_pass","116.99665277760762","0.9200836716384401","26.48","0.1","0.1"
"7:24749890:G>C","NM_004403.3:c.815C>G","NP_004394.1:p.Ala272Gly","Likely benign","null","missense_variant","6/10","null","272","MODERATE","7.009","null","0.00175799","gnomad_AF_nfe_pass","116.99665277760762","0.9200836716384401","26.48","-0.1","0.1"
"7:24749896:T>G","NM_004403.3:c.809A>C","NP_004394.1:p.Asp270Ala","Unknown significance","null","missense_variant","6/10","null","270","MODERATE","24.8","null","0.00326627","gnomad_AF_sas_pass","153.09792635218844","0.9569826195112362","30.34","-0.0","0.0"
"7:24749897:C>G","NM_004403.3:c.808G>C","NP_004394.1:p.Asp270His","Unknown significance","null","missense_variant","6/10","null","270","MODERATE","25.0","null","0.00653253","gnomad_AF_sas_pass","153.09792635218844","0.9569826195112362","30.34","0.1","0.1"
"7:24749897:C>T","NM_004403.3:c.808G>A","NP_004394.1:p.Asp270Asn","Unknown significance","null","missense_variant","6/10","null","270","MODERATE","25.5","null","0.00648172","gnomad_AF_nfe_pass","153.09792635218844","0.9569826195112362","30.34","0.0","0.0"
"7:24749903:T>C","NM_004403.3:c.802A>G","NP_004394.1:p.Met268Val","Likely benign","null","missense_variant","6/10","null","268","MODERATE","0.080","null","0.0250576","gnomad_AF_eas_pass","81.05601916917715","0.3743353289744193","25.05","-0.2","0.2"
"7:24749906:C>T","NM_004403.3:c.799G>A","NP_004394.1:p.Asp267Asn","Unknown significance","null","missense_variant","6/10","null","267","MODERATE","20.3","null","0.00232209","gnomad_AF_nfe_pass","97.77279770819335","0.6111569914571321","29.76","-0.0","0.0"
"7:24749908:A>G","NM_004403.3:c.797T>C","NP_004394.1:p.Ile266Thr","Likely benign","null","missense_variant","6/10","null","266","MODERATE","8.813","null","0.0114732","gnomad_AF_afr_pass","48.435432297332895","0.24691959805474312","35.72","-0.5","0.5"
"7:24749911:A>T","NM_004403.3:c.794T>A","NP_004394.1:p.Phe265Tyr","Likely benign","null","missense_variant","6/10","null","265","MODERATE","11.52","null","0.00289084","gnomad_AF_amr_pass","116.0501741585967","0.5051141772152746","32.54","-0.1","0.1"
"7:24749917:A>G","NM_004403.3:c.788T>C","NP_004394.1:p.Phe263Ser","Likely benign","null","missense_variant","6/10","null","263","MODERATE","9.583","null","0.00653253","gnomad_AF_sas_pass","5.039167854066956","0.021933229682000767","40.06","-3.0","3.0"
"7:24749921:C>G","NM_004403.3:c.784G>C","NP_004394.1:p.Glu262Gln","Unknown significance","null","missense_variant","6/10","null","262","MODERATE","13.71","null","0.00615157","gnomad_AF_afr_pass","31.55624291459088","0.16160245821989921","40.29","0.3","0.3"
"7:24749923:C>A","NM_004403.3:c.782G>T","NP_004394.1:p.Arg261Leu","Likely benign","null","missense_variant","6/10","null","261","MODERATE","8.434","null","0.000878966","gnomad_AF_nfe_pass","156.89359670178263","0.5823262835762759","39.91","0.2","0.2"
"7:24749923:C>G","NM_004403.3:c.782G>C","NP_004394.1:p.Arg261Pro","Likely benign","null","missense_variant","6/10","null","261","MODERATE","12.59","null","0.0173451","gnomad_AF_amr_pass","156.89359670178263","0.5823262835762759","39.91","-0.5","0.5"
"7:24749923:C>T","NM_004403.3:c.782G>A","NP_004394.1:p.Arg261Gln","Unknown significance","Nonsyndromic Hearing Loss, Mixed","missense_variant","6/10","null","261","MODERATE","5.027","null","0.0130651","gnomad_AF_sas_pass","156.89359670178263","0.5823262835762759","39.91","-0.2","0.2"
"7:24749924:G>C","NM_004403.3:c.781C>G","NP_004394.1:p.Arg261Gly","Likely benign","null","missense_variant","6/10","null","261","MODERATE","11.10","null","0.0129634","gnomad_AF_nfe_pass","156.89359670178263","0.5823262835762759","39.91","-0.8","0.8"
"7:24749935:G>A","NM_004403.3:c.770C>T","NP_004394.1:p.Pro257Leu","Likely benign","null","missense_variant","6/10","null","257","MODERATE","9.542","null","0.00867253","gnomad_AF_amr_pass","106.67984477812118","0.6781930716902943","36.67","0.1","0.1"
"7:24749936:G>T","NM_004403.3:c.769C>A","NP_004394.1:p.Pro257Thr","Likely benign","null","missense_variant","6/10","null","257","MODERATE","9.516","null","0.00326627","gnomad_AF_sas_pass","106.67984477812118","0.6781930716902943","36.67","-0.0","0.0"
"7:24749937:G>T","NM_004403.3:c.768C>A","NP_004394.1:p.Asp256Glu","Likely benign","null","missense_variant","6/10","null","256","MODERATE","4.569","null","0.000878966","gnomad_AF_nfe_pass","70.40004312959414","0.4400557165802525","33.69","-0.1","0.1"
"7:24749939:C>T","NM_004403.3:c.766G>A","NP_004394.1:p.Asp256Asn","Unknown significance","Deafness, autosomal dominant 5","missense_variant","6/10","null","256","MODERATE","14.20","null","0.00309621","gnomad_AF_nfe_pass","70.40004312959414","0.4400557165802525","33.69","0.0","0.0"
"7:24749947:A>G","NM_004403.3:c.758T>C","NP_004394.1:p.Val253Ala","Likely benign","null","missense_variant","6/10","null","253","MODERATE","3.223","null","0.000878982","gnomad_AF_nfe_pass","116.89461165311904","0.6800464061620922","27.14","-0.2","0.2"
"7:24749950:G>A","NM_004403.3:c.755C>T","NP_004394.1:p.Ser252Phe","Likely benign","null","missense_variant","6/10","null","252","MODERATE","8.202","null","0.00289084","gnomad_AF_amr_pass","99.99655559713382","0.725100325415452","35.68","0.2","0.2"
"7:24749953:T>C","NM_004403.3:c.752A>G","NP_004394.1:p.Asp251Gly","Likely benign","null","missense_variant","6/10","null","251","MODERATE","3.602","null","0","null","130.35313137994876","0.8148097371515609","30.89","0.1","0.1"
"7:24749954:C>A","NM_004403.3:c.751G>T","NP_004394.1:p.Asp251Tyr","Unknown significance","null","missense_variant","6/10","null","251","MODERATE","19.38","null","0.00615157","gnomad_AF_afr_pass","130.35313137994876","0.8148097371515609","30.89","0.2","0.2"
"7:24749965:T>C","NM_004403.3:c.740A>G","NP_004394.1:p.Lys247Arg","Likely benign","null","missense_variant","6/10","null","247","MODERATE","15.23","null","0.0641026","gnomad_AF_eas_pass","214.29574882298783","0.9052911444209147","54.69","0.1","0.1"
"7:24749968:T>C","NM_004403.3:c.737A>G","NP_004394.1:p.Asn246Ser","Likely benign","null","missense_variant","6/10","null","246","MODERATE","7.831","null","0.00326627","gnomad_AF_sas_pass","80.77553681020652","0.5053932772611108","71.56","0.0","0.0"
"7:24749972:C>G","NM_004403.3:c.733G>C","NP_004394.1:p.Glu245Gln","Unknown significance","null","missense_variant","6/10","null","245","MODERATE","22.9","null","0.000879013","gnomad_AF_nfe_pass","51.40064742189531","0.2632275014473249","84.25","0.3","0.3"
"7:24749972:C>T","NM_004403.3:c.733G>A","NP_004394.1:p.Glu245Lys","Unknown significance","null","missense_variant","6/10","null","245","MODERATE","24.7","null","0.00867253","gnomad_AF_amr_pass","51.40064742189531","0.2632275014473249","84.25","-0.3","0.3"
"7:24749977:C>T","NM_004403.3:c.728G>A","NP_004394.1:p.Gly243Asp","Unknown significance","null","missense_variant","6/10","null","243","MODERATE","24.3","null","0.00175809","gnomad_AF_nfe_pass","7.497154021420888","0.07863087322820801","88.22","-0.6","0.6"
"7:24749992:C>T","NM_004403.3:c.713G>A","NP_004394.1:p.Arg238Gln","Likely benign","null","missense_variant","6/10","null","238","MODERATE","0.196","null","0.00615233","gnomad_AF_afr_pass","178.88099548565114","0.6639347143120231","72.05","-0.1","0.1"
"7:24749996:G>A","NM_004403.3:c.709C>T","NP_004394.1:p.Leu237Phe","Unknown significance","null","missense_variant","6/10","null","237","MODERATE","25.9","null","0.00326627","gnomad_AF_sas_pass","135.5650959866324","0.7029516793158769","81.76","0.0","0.0"
"7:24750001:C>G","NM_004403.3:c.704G>C","NP_004394.1:p.Cys235Ser","Unknown significance","null","missense_variant","6/10","null","235","MODERATE","25.6","null","0.00543656","gnomad_AF_eas_pass","17.740572659673543","0.11480489951092714","91.76","-2.2","2.2"
"7:24750003:G>C","NM_004403.3:c.702C>G","NP_004394.1:p.Phe234Leu","Likely benign","null","missense_variant","6/10","null","234","MODERATE","20.6","null","0.00326648","gnomad_AF_sas_pass","19.525046417488863","0.08498373938484394","94.38","0.0","0.0"
"7:24750004:A>G","NM_004403.3:c.701T>C","NP_004394.1:p.Phe234Ser","Unknown significance","null","missense_variant","6/10","null","234","MODERATE","26.3","null","0.00615157","gnomad_AF_afr_pass","19.525046417488863","0.08498373938484394","94.38","-3.4","3.4"
"7:24750004:A>T","NM_004403.3:c.701T>A","NP_004394.1:p.Phe234Tyr","Unknown significance","null","missense_variant","6/10","null","234","MODERATE","24.0","null","0.0064792","gnomad_AF_nfe_pass","19.525046417488863","0.08498373938484394","94.38","-0.9","0.9"
"7:24750007:T>C","NM_004403.3:c.698A>G","NP_004394.1:p.Glu233Gly","Unknown significance","null","missense_variant&splice_region_variant","6/10","null","233","MODERATE","21.7","null","0.00263741","gnomad_AF_nfe_pass","102.6259004041901","0.5255567916381875","93.06","-0.5","0.5"
"7:24756873:C>T","NM_004403.3:c.697G>A","NP_004394.1:p.Glu233Lys","Unknown significance","null","missense_variant&splice_region_variant","5/10","null","233","MODERATE","32","null","0.00653253","gnomad_AF_sas_pass","102.6259004041901","0.5255567916381875","93.06","-0.2","0.2"
"7:24756874:G>C","NM_004403.3:c.696C>G","NP_004394.1:p.Phe232Leu","Likely benign","null","missense_variant&splice_region_variant","5/10","null","232","MODERATE","14.72","null","0.018546","gnomad_AF_afr_pass","12.193567833925194","0.053073112801490005","94.0","-0.9","0.9"
"7:24756875:A>C","NM_004403.3:c.695T>G","NP_004394.1:p.Phe232Cys","Unknown significance","null","missense_variant&splice_region_variant","5/10","null","232","MODERATE","25.5","null","0.000885128","gnomad_AF_nfe_pass","12.193567833925194","0.053073112801490005","94.0","-2.9","2.9"
"7:24756876:A>G","NM_004403.3:c.694T>C","NP_004394.1:p.Phe232Leu","Unknown significance","null","missense_variant","5/10","null","232","MODERATE","23.0","null","0.0110448","gnomad_AF_eas_pass","12.193567833925194","0.053073112801490005","94.0","-0.9","0.9"
"7:24756877:C>G","NM_004403.3:c.693G>C","NP_004394.1:p.Gln231His","Unknown significance","null","missense_variant","5/10","null","231","MODERATE","20.6","null","0.00967305","gnomad_AF_nfe_pass","85.18659686634095","0.4307755476506192","93.38","0.2","0.2"
"7:24756882:C>A","NM_004403.3:c.688G>T","NP_004394.1:p.Gly230Cys","Unknown significance","null","missense_variant","5/10","null","230","MODERATE","26.2","null","0.00289235","gnomad_AF_amr_pass","0.1001424738035957","0.0010503039073108586","91.29","-0.7","0.7"
"7:24756882:C>G","NM_004403.3:c.688G>C","NP_004394.1:p.Gly230Arg","Unknown significance","null","missense_variant","5/10","null","230","MODERATE","25.3","null","0.00543715","gnomad_AF_eas_pass","0.1001424738035957","0.0010503039073108586","91.29","0.2","0.2"
"7:24756882:C>T","NM_004403.3:c.688G>A","NP_004394.1:p.Gly230Ser","Unknown significance","null","missense_variant","5/10","null","230","MODERATE","25.6","null","0.00543715","gnomad_AF_eas_pass","0.1001424738035957","0.0010503039073108586","91.29","-0.4","0.4"
"7:24756883:G>T","NM_004403.3:c.687C>A","NP_004394.1:p.Asp229Glu","Unknown significance","null","missense_variant","5/10","null","229","MODERATE","15.68","null","0","null","97.22259047188031","0.6077177628873758","90.11","-0.2","0.2"
"7:24756885:C>T","NM_004403.3:c.685G>A","NP_004394.1:p.Asp229Asn","Unknown significance","Deafness, autosomal dominant 5","missense_variant","5/10","null","229","MODERATE","15.72","null","0.036075","gnomad_AF_sas_pass","97.22259047188031","0.6077177628873758","90.11","-0.1","0.1"
"7:24756889:T>G","NM_004403.3:c.681A>C","NP_004394.1:p.Lys227Asn","Unknown significance","null","missense_variant","5/10","null","227","MODERATE","21.8","null","0.00615233","gnomad_AF_afr_pass","54.55504152112957","0.23046745557882928","91.52","-0.1","0.1"
"7:24756894:C>T","NM_004403.3:c.676G>A","NP_004394.1:p.Val226Met","Unknown significance","null","missense_variant","5/10","null","226","MODERATE","24.2","null","0.00263778","gnomad_AF_nfe_pass","0.0","0.0","91.9","-1.0","1.0"
"7:24756897:A>G","NM_004403.3:c.673T>C","NP_004394.1:p.Tyr225His","Likely benign","null","missense_variant","5/10","null","225","MODERATE","21.6","null","0.0184547","gnomad_AF_afr_pass","63.65856828443812","0.2653416360169404","92.15","-1.4","1.4"
"7:24756903:C>T","NM_004403.3:c.667G>A","NP_004394.1:p.Glu223Lys","Unknown significance","null","missense_variant","5/10","null","223","MODERATE","25.8","null","0.000879275","gnomad_AF_nfe_pass","22.09804328861065","0.11316613726655125","93.76","-0.5","0.5"
"7:24756905:A>G","NM_004403.3:c.665T>C","NP_004394.1:p.Ile222Thr","Unknown significance","null","missense_variant","5/10","null","222","MODERATE","22.7","null","0.00615157","gnomad_AF_afr_pass","26.060262501391517","0.13285293919837732","94.09","-2.1","2.1"
"7:24756911:C>T","NM_004403.3:c.659G>A","NP_004394.1:p.Gly220Asp","Unknown significance","null","missense_variant","5/10","null","220","MODERATE","23.2","null","0.00326627","gnomad_AF_sas_pass","2.5212654382085464","0.026443274671962204","94.28","-0.2","0.2"
"7:24756912:C>A","NM_004403.3:c.658G>T","NP_004394.1:p.Gly220Cys","Likely benign","null","missense_variant","5/10","null","220","MODERATE","22.9","null","0.000879198","gnomad_AF_nfe_pass","2.5212654382085464","0.026443274671962204","94.28","1.0","1.0"
"7:24756912:C>T","NM_004403.3:c.658G>A","NP_004394.1:p.Gly220Ser","Benign","null","missense_variant","5/10","null","220","MODERATE","15.21","null","0.849371","gnomad_AF_amr_pass","2.5212654382085464","0.026443274671962204","94.28","0.6","0.6"
"7:24756914:T>C","NM_004403.3:c.656A>G","NP_004394.1:p.Tyr219Cys","Likely benign","null","missense_variant","5/10","null","219","MODERATE","22.3","null","0","null","0.2948607807033548","0.001229038667653897","95.19","-3.7","3.7"
"7:24756920:A>G","NM_004403.3:c.650T>C","NP_004394.1:p.Ile217Thr","Unknown significance","null","missense_variant","5/10","null","217","MODERATE","25.6","null","0.00543656","gnomad_AF_eas_pass","0.0","0.0","93.58","-3.6","3.6"
"7:24756926:G>A","NM_004403.3:c.644C>T","NP_004394.1:p.Thr215Ile","Unknown significance","null","missense_variant","5/10","null","215","MODERATE","26.6","null","0.00289134","gnomad_AF_amr_pass","4.210027457516501","0.02675792515645181","94.34","0.7","0.7"
"7:24756927:T>G","NM_004403.3:c.643A>C","NP_004394.1:p.Thr215Pro","Unknown significance","null","missense_variant","5/10","null","215","MODERATE","26.6","null","0","null","4.210027457516501","0.02675792515645181","94.34","-1.7","1.7"
"7:24756932:G>A","NM_004403.3:c.638C>T","NP_004394.1:p.Ala213Val","Unknown significance","null","missense_variant","5/10","null","213","MODERATE","23.7","null","0.00175855","gnomad_AF_nfe_pass","46.2210735015879","0.36349121111395283","92.34","0.2","0.2"
"7:24756935:G>A","NM_004403.3:c.635C>T","NP_004394.1:p.Pro212Leu","Unknown significance","Deafness, autosomal dominant 5","missense_variant","5/10","null","212","MODERATE","24.9","null","0.0116221","gnomad_AF_nfe_pass","84.21246648848629","0.5353617774869088","91.56","-0.6","0.6"
"7:24756938:A>G","NM_004403.3:c.632T>C","NP_004394.1:p.Ile211Thr","Unknown significance","null","missense_variant","5/10","null","211","MODERATE","25.8","null","0.00289134","gnomad_AF_amr_pass","0.5744882541539992","0.002928690879273678","90.98","-3.4","3.4"
"7:24756950:A>G","NM_004403.3:c.620T>C","NP_004394.1:p.Val207Ala","Unknown significance","null","missense_variant","5/10","null","207","MODERATE","22.4","null","0.0881892","gnomad_AF_sas_pass","40.74722545758452","0.23705116807039323","82.33","-1.0","1.0"
"7:24756951:C>T","NM_004403.3:c.619G>A","NP_004394.1:p.Val207Met","Benign","null","missense_variant","5/10","null","207","MODERATE","24.6","null","12.8799","gnomad_AF_eas_pass","40.74722545758452","0.23705116807039323","82.33","-0.4","0.4"
"7:24756953:T>C","NM_004403.3:c.617A>G","NP_004394.1:p.Asn206Ser","Likely benign","null","missense_variant","5/10","null","206","MODERATE","5.183","null","0.00289134","gnomad_AF_amr_pass","77.37536884026913","0.4841192368594657","75.71","-0.2","0.2"
"7:24756959:T>A","NM_004403.3:c.611A>T","NP_004394.1:p.Asp204Val","Unknown significance","Deafness, autosomal dominant 5","missense_variant","5/10","null","204","MODERATE","26.2","null","0.010848","gnomad_AF_nfe_pass","34.163439048190995","0.21354840114973858","66.67","-0.3","0.3"
"7:24756959:T>C","NM_004403.3:c.611A>G","NP_004394.1:p.Asp204Gly","Unknown significance","null","missense_variant","5/10","null","204","MODERATE","23.9","null","0.000879461","gnomad_AF_nfe_pass","34.163439048190995","0.21354840114973858","66.67","-1.1","1.1"
"7:24756965:G>A","NM_004403.3:c.605C>T","NP_004394.1:p.Thr202Ile","Likely benign","null","missense_variant","5/10","null","202","MODERATE","0.021","null","0.00175895","gnomad_AF_nfe_pass","22.709002111691333","0.14433297288773353","54.46","0.5","0.5"
"7:24756975:C>T","NM_004403.3:c.595G>A","NP_004394.1:p.Gly199Arg","Unknown significance","null","missense_variant","5/10","null","199","MODERATE","24.4","null","0","null","45.09944711701268","0.473007343691734","50.58","-0.0","0.0"
"7:24756978:C>T","NM_004403.3:c.592G>A","NP_004394.1:p.Asp198Asn","Unknown significance","null","missense_variant","5/10","null","198","MODERATE","19.16","null","0.000879956","gnomad_AF_nfe_pass","139.45538333761843","0.8717059808136978","50.59","0.0","0.0"
"7:24756981:C>T","NM_004403.3:c.589G>A","NP_004394.1:p.Glu197Lys","Unknown significance","null","missense_variant","5/10","null","197","MODERATE","21.8","null","0","null","209.57826801652033","1.0732698246938204","48.99","-0.0","0.0"
"7:24756983:G>A","NM_004403.3:c.587C>T","NP_004394.1:p.Thr196Met","Benign","null","missense_variant","5/10","null","196","MODERATE","6.616","null","0.108778","gnomad_AF_eas_pass","64.15097799509242","0.40772823579598755","49.81","0.2","0.2"
"7:24756986:G>A","NM_004403.3:c.584C>T","NP_004394.1:p.Ala195Val","Likely benign","Deafness, autosomal dominant 5","missense_variant","5/10","null","195","MODERATE","7.309","null","0.0424698","gnomad_AF_sas_pass","66.06254963376402","0.5195283094155644","45.74","0.6","0.6"
"7:24756992:A>G","NM_004403.3:c.578T>C","NP_004394.1:p.Val193Ala","Unknown significance","null","missense_variant&splice_region_variant","5/10","null","193","MODERATE","21.9","null","0.00615309","gnomad_AF_afr_pass","101.33832398576546","0.5895461053201654","39.15","-0.7","0.7"
"7:24758666:C>G","NM_004403.3:c.576G>C","NP_004394.1:p.Gln192His","Unknown significance","null","missense_variant&splice_region_variant","4/10","null","192","MODERATE","35","null","0.00264494","gnomad_AF_nfe_pass","128.0097064675749","0.647325441286092","36.31","-0.1","0.1"
"7:24758670:A>G","NM_004403.3:c.572T>C","NP_004394.1:p.Val191Ala","Unknown significance","null","missense_variant","4/10","null","191","MODERATE","23.6","null","0.00543833","gnomad_AF_eas_pass","36.9751313309016","0.2151066231655519","40.66","-1.0","1.0"
"7:24758673:G>A","NM_004403.3:c.569C>T","NP_004394.1:p.Thr190Met","Likely benign","null","missense_variant","4/10","null","190","MODERATE","15.38","null","0.0395212","gnomad_AF_amr_pass","144.77154391348859","0.9201332238118595","32.7","0.1","0.1"
"7:24758689:C>T","NM_004403.3:c.553G>A","NP_004394.1:p.Gly185Ser","Unknown significance","null","missense_variant","4/10","null","185","MODERATE","22.8","null","0.00564557","gnomad_AF_amr_pass","42.293983674937756","0.4435833729916686","30.3","0.2","0.2"
"7:24758692:C>T","NM_004403.3:c.550G>A","NP_004394.1:p.Val184Met","Unknown significance","null","missense_variant","4/10","null","184","MODERATE","19.75","null","0.0100271","gnomad_AF_eas_pass","50.74469957110402","0.2952125002776685","32.36","-0.2","0.2"
"7:24758695:T>A","NM_004403.3:c.547A>T","NP_004394.1:p.Ile183Phe","Unknown significance","null","missense_variant","4/10","null","183","MODERATE","18.09","null","0","null","145.58709095516096","0.7421902577421028","25.85","-0.0","0.0"
"7:24758698:C>T","NM_004403.3:c.544G>A","NP_004394.1:p.Gly182Ser","Unknown significance","Deafness, autosomal dominant 5","missense_variant","4/10","null","182","MODERATE","22.1","null","0.0108767","gnomad_AF_eas_pass","49.29249866464389","0.5169844720445865","26.32","-0.3","0.3"
"7:24758700:C>T","NM_004403.3:c.542G>A","NP_004394.1:p.Gly181Asp","Unknown significance","null","missense_variant","4/10","null","181","MODERATE","19.56","null","0.00616143","gnomad_AF_afr_pass","79.8174304878149","0.8371328960504945","33.92","-0.1","0.1"
"7:24758706:T>C","NM_004403.3:c.536A>G","NP_004394.1:p.Lys179Arg","Likely benign","null","missense_variant","4/10","null","179","MODERATE","14.12","null","0.000881026","gnomad_AF_nfe_pass","90.89828251490516","0.3839992657613878","43.32","0.6","0.6"
"7:24758708:C>A","NM_004403.3:c.534G>T","NP_004394.1:p.Glu178Asp","Unknown significance","null","missense_variant","4/10","null","178","MODERATE","25.4","null","0","null","2.1576394258622167","0.011049472401237116","50.98","-0.1","0.1"
"7:24758713:C>T","NM_004403.3:c.529G>A","NP_004394.1:p.Glu177Lys","Unknown significance","null","missense_variant","4/10","null","177","MODERATE","22.6","null","0.00802053","gnomad_AF_afr_pass","49.103004415790735","0.2514610576757004","54.22","-0.6","0.6"
"7:24758721:A>G","NM_004403.3:c.521T>C","NP_004394.1:p.Met174Thr","Benign","null","missense_variant","4/10","null","174","MODERATE","1.812","null","0.781939","gnomad_AF_afr_pass","49.67814210856466","0.2294250798356384","65.65","-0.3","0.3"
"7:24758722:T>C","NM_004403.3:c.520A>G","NP_004394.1:p.Met174Val","Likely benign","null","missense_variant","4/10","null","174","MODERATE","0.014","null","0.00801796","gnomad_AF_afr_pass","49.67814210856466","0.2294250798356384","65.65","0.1","0.1"
"7:24758725:G>A","NM_004403.3:c.517C>T","NP_004394.1:p.His173Tyr","Unknown significance","null","missense_variant","4/10","null","173","MODERATE","23.8","null","0.000881166","gnomad_AF_nfe_pass","47.545384463912995","0.2314744276691373","73.45","0.5","0.5"
"7:24758734:T>A","NM_004403.3:c.508A>T","NP_004394.1:p.Ile170Phe","Unknown significance","null","missense_variant","4/10","null","170","MODERATE","24.3","null","0.000880871","gnomad_AF_nfe_pass","0.003132079121063396","1.596706545119889E-5","87.62","-0.8","0.8"
"7:24758739:C>T","NM_004403.3:c.503G>A","NP_004394.1:p.Cys168Tyr","Unknown significance","null","missense_variant","4/10","null","168","MODERATE","25.2","null","0.00543892","gnomad_AF_eas_pass","7.497013467077265","0.048515563405477524","90.17","-0.2","0.2"
"7:24758751:G>A","NM_004403.3:c.491C>T","NP_004394.1:p.Thr164Met","Unknown significance","null","missense_variant","4/10","null","164","MODERATE","17.69","null","0.00326627","gnomad_AF_sas_pass","1.385130377509507","0.008803556591336545","94.18","0.1","0.1"
"7:24758756:G>C","NM_004403.3:c.486C>G","NP_004394.1:p.Ile162Met","Unknown significance","null","missense_variant","4/10","null","162","MODERATE","16.61","null","0.00289118","gnomad_AF_amr_pass","0.009413668523934654","4.79900588866743E-5","95.42","-1.6","1.6"
"7:24758762:C>G","NM_004403.3:c.480G>C","NP_004394.1:p.Gln160His","Unknown significance","Deafness, autosomal dominant 5","missense_variant","4/10","null","160","MODERATE","23.1","null","0.0587928","gnomad_AF_sas_pass","28.73358093751247","0.14530130935669566","95.4","-0.3","0.3"
"7:24758763:T>C","NM_004403.3:c.479A>G","NP_004394.1:p.Gln160Arg","Unknown significance","null","missense_variant","4/10","null","160","MODERATE","22.3","null","0","null","28.73358093751247","0.14530130935669566","95.4","-0.3","0.3"
"7:24758773:C>G","NM_004403.3:c.469G>C","NP_004394.1:p.Val157Leu","Likely benign","null","missense_variant","4/10","null","157","MODERATE","6.534","null","0.00326627","gnomad_AF_sas_pass","0.0","0.0","94.91","-0.9","0.9"
"7:24758773:C>T","NM_004403.3:c.469G>A","NP_004394.1:p.Val157Ile","Likely benign","null","missense_variant","4/10","null","157","MODERATE","0.681","null","0.0195976","gnomad_AF_sas_pass","0.0","0.0","94.91","-0.3","0.3"
"7:24758774:G>C","NM_004403.3:c.468C>G","NP_004394.1:p.Cys156Trp","Unknown significance","null","missense_variant","4/10","null","156","MODERATE","14.93","null","0.000881414","gnomad_AF_nfe_pass","0.0","0.0","93.85","0.8","0.8"
"7:24758775:C>T","NM_004403.3:c.467G>A","NP_004394.1:p.Cys156Tyr","Unknown significance","null","missense_variant","4/10","null","156","MODERATE","23.8","null","0.000881399","gnomad_AF_nfe_pass","0.0","0.0","93.85","1.0","1.0"
"7:24758783:C>G","NM_004403.3:c.459G>C","NP_004394.1:p.Glu153Asp","Likely benign","null","missense_variant","4/10","null","153","MODERATE","15.36","null","0.000881865","gnomad_AF_nfe_pass","21.627055319318053","0.11075416402133044","83.0","-0.4","0.4"
"7:24758786:A>C","NM_004403.3:c.456T>G","NP_004394.1:p.Asn152Lys","Unknown significance","Sensorineural hearing loss; Deafness, autosomal dominant 5","missense_variant","4/10","null","152","MODERATE","0.011","null","0.0802005","gnomad_AF_eas_pass","39.7336681221618","0.24860408909504517","73.06","-0.4","0.4"
"7:24758789:C>A","NM_004403.3:c.453G>T","NP_004394.1:p.Arg151Ser","Unknown significance","null","missense_variant","4/10","null","151","MODERATE","19.37","null","0.00648424","gnomad_AF_nfe_pass","206.52306244118617","0.7665310117962302","65.16","-0.2","0.2"
"7:24758793:C>T","NM_004403.3:c.449G>A","NP_004394.1:p.Gly150Glu","Unknown significance","null","missense_variant","4/10","null","150","MODERATE","15.83","null","0.0064834","gnomad_AF_nfe_pass","11.562221359145035","0.12126569086479928","68.7","1.0","1.0"
"7:24758799:A>G","NM_004403.3:c.443T>C","NP_004394.1:p.Leu148Pro","Unknown significance","null","missense_variant","4/10","null","148","MODERATE","24.1","null","0","null","57.838116957909484","0.29991054222422897","76.16","-1.1","1.1"
"7:24758803:C>T","NM_004403.3:c.439G>A","NP_004394.1:p.Val147Met","Unknown significance","null","missense_variant","4/10","null","147","MODERATE","14.20","null","0.00326669","gnomad_AF_sas_pass","0.8920599231851574","0.005189650200844922","80.7","-0.3","0.3"
"7:24758806:G>C","NM_004403.3:c.436C>G","NP_004394.1:p.Gln146Glu","Unknown significance","null","missense_variant","4/10","null","146","MODERATE","22.4","null","0.00326691","gnomad_AF_sas_pass","119.08614792895142","0.6022003751621423","80.12","-0.2","0.2"
"7:24758808:T>C","NM_004403.3:c.434A>G","NP_004394.1:p.Gln145Arg","Unknown significance","null","missense_variant","4/10","null","145","MODERATE","14.67","null","0","null","78.03361059385317","0.3946039937651771","83.62","0.1","0.1"
"7:24758809:G>T","NM_004403.3:c.433C>A","NP_004394.1:p.Gln145Lys","Unknown significance","null","missense_variant","4/10","null","145","MODERATE","17.16","null","0.00543892","gnomad_AF_eas_pass","78.03361059385317","0.3946039937651771","83.62","-0.4","0.4"
"7:24758812:G>T","NM_004403.3:c.430C>A","NP_004394.1:p.Leu144Ile","Unknown significance","Deafness, autosomal dominant 5","missense_variant","4/10","null","144","MODERATE","12.27","null","0.000884893","gnomad_AF_nfe_pass","0.0","0.0","82.63","-0.3","0.3"
"7:24758815:C>T","NM_004403.3:c.427G>A","NP_004394.1:p.Val143Met","Likely benign","null","missense_variant","4/10","null","143","MODERATE","10.71","null","0.0424753","gnomad_AF_sas_pass","51.150555541108375","0.2975736090569158","82.54","-0.1","0.1"
"7:24758818:G>C","NM_004403.3:c.424C>G","NP_004394.1:p.Pro142Ala","Unknown significance","null","missense_variant","4/10","null","142","MODERATE","5.464","null","0.0169405","gnomad_AF_amr_pass","108.67039315877716","0.6908475344281525","85.64","-0.0","0.0"
"7:24758818:G>T","NM_004403.3:c.424C>A","NP_004394.1:p.Pro142Thr","Benign","null","missense_variant","4/10","null","142","MODERATE","5.827","null","45.9755","gnomad_AF_eas_pass","108.67039315877716","0.6908475344281525","85.64","0.0","0.0"
"7:24758819:G>T","NM_004403.3:c.423C>A","NP_004394.1:p.Asn141Lys","Likely benign","null","missense_variant","4/10","null","141","MODERATE","9.965","null","0.00326712","gnomad_AF_sas_pass","22.707770421688664","0.14207710608813978","86.48","-0.4","0.4"
"7:24758821:T>G","NM_004403.3:c.421A>C","NP_004394.1:p.Asn141His","Likely benign","null","missense_variant","4/10","null","141","MODERATE","6.126","null","0","null","22.707770421688664","0.14207710608813978","86.48","1.2","1.2"
"7:24758823:C>T","NM_004403.3:c.419G>A","NP_004394.1:p.Arg140Lys","Likely benign","null","missense_variant","4/10","null","140","MODERATE","3.034","null","0.00177434","gnomad_AF_nfe_pass","227.61361246463423","0.8448106986153067","86.49","-0.2","0.2"
"7:24758829:T>C","NM_004403.3:c.413A>G","NP_004394.1:p.Asn138Ser","Unknown significance","null","missense_variant","4/10","null","138","MODERATE","14.95","null","0.0641026","gnomad_AF_eas_pass","46.74264800654054","0.2924576053192268","91.58","-0.3","0.3"
"7:24784185:C>T","NM_004403.3:c.400G>A","NP_004394.1:p.Glu134Lys","Likely benign","null","missense_variant","3/10","null","134","MODERATE","15.35","null","0.00400673","gnomad_AF_afr_pass","195.00515188178736","0.9986395400407636","88.18","-0.1","0.1"
"7:24784191:A>T","NM_004403.3:c.394T>A","NP_004394.1:p.Ser132Thr","Likely benign","null","missense_variant","3/10","null","132","MODERATE","0.380","null","0.00289084","gnomad_AF_amr_pass","6.80770713132951","0.04936440687164637","92.43","0.5","0.5"
"7:24784194:C>T","NM_004403.3:c.391G>A","NP_004394.1:p.Asp131Asn","Unknown significance","null","missense_variant","3/10","null","131","MODERATE","15.39","null","0.00175809","gnomad_AF_nfe_pass","7.467812449555978","0.046679709453115954","91.64","0.1","0.1"
"7:24784199:A>C","NM_004403.3:c.386T>G","NP_004394.1:p.Ile129Ser","Unknown significance","null","missense_variant","3/10","null","129","MODERATE","25.0","null","0.0130651","gnomad_AF_sas_pass","87.65508079364598","0.44685793623472864","93.57","-1.2","1.2"
"7:24784200:T>G","NM_004403.3:c.385A>C","NP_004394.1:p.Ile129Leu","Likely benign","null","missense_variant","3/10","null","129","MODERATE","12.61","null","0.00653253","gnomad_AF_sas_pass","87.65508079364598","0.44685793623472864","93.57","0.1","0.1"
"7:24784202:A>C","NM_004403.3:c.383T>G","NP_004394.1:p.Leu128Arg","Unknown significance","null","missense_variant","3/10","null","128","MODERATE","26.4","null","0.000879013","gnomad_AF_nfe_pass","0.060135909948291016","3.118253896969753E-4","94.49","-2.9","2.9"
"7:24784203:G>A","NM_004403.3:c.382C>T","NP_004394.1:p.Leu128Phe","Unknown significance","null","missense_variant","3/10","null","128","MODERATE","26.6","null","0.000879044","gnomad_AF_nfe_pass","0.060135909948291016","3.118253896969753E-4","94.49","-0.5","0.5"
"7:24784208:T>G","NM_004403.3:c.377A>C","NP_004394.1:p.Gln126Pro","Unknown significance","null","missense_variant","3/10","null","126","MODERATE","25.8","null","0.00175806","gnomad_AF_nfe_pass","129.25638836124043","0.6536297203070337","93.76","-0.3","0.3"
"7:24784210:C>G","NM_004403.3:c.375G>C","NP_004394.1:p.Leu125Phe","Unknown significance","null","missense_variant","3/10","null","125","MODERATE","24.7","null","0","null","54.110814455544755","0.28058319594614334","93.66","-0.2","0.2"
"7:24784217:A>C","NM_004403.3:c.368T>G","NP_004394.1:p.Val123Gly","Unknown significance","null","missense_variant","3/10","null","123","MODERATE","26.3","null","0","null","0.0689316206993142","4.0101678139452826E-4","96.22","-4.6","4.6"
"7:24784218:C>A","NM_004403.3:c.367G>T","NP_004394.1:p.Val123Leu","Unknown significance","null","missense_variant","3/10","null","123","MODERATE","24.1","null","0.00289084","gnomad_AF_amr_pass","0.0689316206993142","4.0101678139452826E-4","96.22","-0.9","0.9"
"7:24784218:C>T","NM_004403.3:c.367G>A","NP_004394.1:p.Val123Met","Unknown significance","null","missense_variant","3/10","null","123","MODERATE","26.3","null","0.00543656","gnomad_AF_eas_pass","0.0689316206993142","4.0101678139452826E-4","96.22","-1.4","1.4"
"7:24784227:T>G","NM_004403.3:c.358A>C","NP_004394.1:p.Lys120Gln","Unknown significance","Deafness, autosomal dominant 5","missense_variant","3/10","null","120","MODERATE","27.5","null","0","null","49.021764517950025","0.20709215906399245","95.82","0.3","0.3"
"7:24784229:C>T","NM_004403.3:c.356G>A","NP_004394.1:p.Arg119Lys","Unknown significance","Deafness, autosomal dominant 5","missense_variant","3/10","null","119","MODERATE","22.0","null","0.00400545","gnomad_AF_afr_pass","105.7988707803005","0.3926830955705857","95.63","-0.7","0.7"
"7:24784232:A>T","NM_004403.3:c.353T>A","NP_004394.1:p.Leu118Gln","Unknown significance","null","missense_variant","3/10","null","118","MODERATE","27.9","null","0.000879198","gnomad_AF_nfe_pass","0.0","0.0","95.77","-3.2","3.2"
"7:24784236:T>A","NM_004403.3:c.349A>T","NP_004394.1:p.Thr117Ser","Likely benign","null","missense_variant","3/10","null","117","MODERATE","16.70","null","0.0480962","gnomad_AF_afr_pass","35.007941904202404","0.22250208551054076","93.91","-0.4","0.4"
"7:24784252:G>C","NM_004403.3:c.333C>G","NP_004394.1:p.Ser111Arg","Likely benign","null","missense_variant","3/10","null","111","MODERATE","4.987","null","0.0008796","gnomad_AF_nfe_pass","8.701698761500106","0.06309821939318691","76.88","0.5","0.5"
"7:24784260:C>A","NM_004403.3:c.325G>T","NP_004394.1:p.Val109Leu","Likely benign","null","missense_variant","3/10","null","109","MODERATE","12.24","null","0.00326627","gnomad_AF_sas_pass","24.390701101067805","0.14189540812005744","64.49","-0.5","0.5"
"7:24784260:C>G","NM_004403.3:c.325G>C","NP_004394.1:p.Val109Leu","Likely benign","null","missense_variant","3/10","null","109","MODERATE","11.81","null","0.0271828","gnomad_AF_eas_pass","24.390701101067805","0.14189540812005744","64.49","-0.5","0.5"
"7:24784260:C>T","NM_004403.3:c.325G>A","NP_004394.1:p.Val109Ile","Unknown significance","Deafness, autosomal dominant 5","missense_variant","3/10","null","109","MODERATE","12.28","null","0.0253965","gnomad_AF_amr_pass","24.390701101067805","0.14189540812005744","64.49","-0.1","0.1"
"7:24784262:C>T","NM_004403.3:c.323G>A","NP_004394.1:p.Arg108His","Likely benign","null","missense_variant","3/10","null","108","MODERATE","11.16","null","0.0120183","gnomad_AF_afr_pass","125.33798560722835","0.46520447541480037","61.62","-0.1","0.1"
"7:24784263:G>A","NM_004403.3:c.322C>T","NP_004394.1:p.Arg108Cys","Likely benign","null","missense_variant","3/10","null","108","MODERATE","14.59","null","0.0123047","gnomad_AF_afr_pass","125.33798560722835","0.46520447541480037","61.62","-0.2","0.2"
"7:24784271:C>G","NM_004403.3:c.314G>C","NP_004394.1:p.Gly105Ala","Unknown significance","null","missense_variant","3/10","null","105","MODERATE","22.4","null","0","gnomad_AF_afr_pass,gnomad_AF_amr_pass,gnomad_AF_eas_pass,gnomad_AF_nfe_pass,gnomad_AF_sas_pass","17.373152679383665","0.18221129804773806","44.84","-0.1","0.1"
"7:24784274:C>A","NM_004403.3:c.311G>T","NP_004394.1:p.Gly104Val","Unknown significance","null","missense_variant","3/10","null","104","MODERATE","21.5","null","0.00578269","gnomad_AF_amr_pass","6.388553470917902","0.06700376391469266","41.52","1.2","1.2"
"7:24784274:C>G","NM_004403.3:c.311G>C","NP_004394.1:p.Gly104Ala","Unknown significance","null","missense_variant","3/10","null","104","MODERATE","19.82","null","0","null","6.388553470917902","0.06700376391469266","41.52","0.8","0.8"
"7:24784284:G>T","NM_004403.3:c.301C>A","NP_004394.1:p.Leu101Met","Unknown significance","null","missense_variant","3/10","null","101","MODERATE","22.2","null","0.0114732","gnomad_AF_afr_pass","77.49505545402606","0.4018385335371004","29.99","-0.4","0.4"
"7:24784298:A>G","NM_004403.3:c.287T>C","NP_004394.1:p.Leu96Pro","Unknown significance","null","missense_variant","3/10","null","96","MODERATE","24.9","null","0.00578402","gnomad_AF_amr_pass","127.96360687423561","0.663535342109229","28.9","-0.7","0.7"
"7:24784310:A>C","NM_004403.3:c.275T>G","NP_004394.1:p.Leu92Arg","Unknown significance","Deafness, autosomal dominant 5","missense_variant","3/10","null","92","MODERATE","22.6","null","0","null","32.99787090902711","0.1711053173424256","41.13","-0.9","0.9"
"7:24784313:G>A","NM_004403.3:c.272C>T","NP_004394.1:p.Thr91Ile","Unknown significance","null","missense_variant","3/10","null","91","MODERATE","15.22","null","0.00543774","gnomad_AF_eas_pass","97.01778575182928","0.6166217860069503","40.57","-0.1","0.1"
"7:24784323:C>T","NM_004403.3:c.262G>A","NP_004394.1:p.Val88Met","Likely benign","null","missense_variant","3/10","null","88","MODERATE","15.61","null","0.000885787","gnomad_AF_nfe_pass","12.573582696510673","0.07314810840655032","50.56","-0.1","0.1"
"7:24784327:G>C","NM_004403.3:c.258C>G","NP_004394.1:p.Asn86Lys","Unknown significance","null","missense_variant","3/10","null","86","MODERATE","21.2","null","0.000886713","gnomad_AF_nfe_pass","35.280671455572985","0.22074275052854297","60.34","-0.3","0.3"
"7:24784329:T>G","NM_004403.3:c.256A>C","NP_004394.1:p.Asn86His","Unknown significance","null","missense_variant","3/10","null","86","MODERATE","23.6","null","0.00578704","gnomad_AF_amr_pass","35.280671455572985","0.22074275052854297","60.34","0.2","0.2"
"7:24784336:C>A","NM_004403.3:c.249G>T","NP_004394.1:p.Lys83Asn","Unknown significance","null","missense_variant","3/10","null","83","MODERATE","23.7","null","0","null","177.17500418641623","0.7484747746218253","82.81","0.0","0.0"
"7:24784337:T>C","NM_004403.3:c.248A>G","NP_004394.1:p.Lys83Arg","Unknown significance","null","missense_variant","3/10","null","83","MODERATE","22.7","null","0.00544129","gnomad_AF_eas_pass","177.17500418641623","0.7484747746218253","82.81","0.3","0.3"
"7:24784338:T>C","NM_004403.3:c.247A>G","NP_004394.1:p.Lys83Glu","Unknown significance","Deafness, autosomal dominant 5","missense_variant","3/10","null","83","MODERATE","24.7","null","0.00861057","gnomad_AF_nfe_pass","177.17500418641623","0.7484747746218253","82.81","-0.1","0.1"
"7:24784344:C>T","NM_004403.3:c.241G>A","NP_004394.1:p.Glu81Lys","Unknown significance","null","missense_variant","3/10","null","81","MODERATE","24.3","null","0.00981226","gnomad_AF_sas_pass","86.49192988296885","0.4429332263381754","88.39","-0.2","0.2"
"7:24784355:A>G","NM_004403.3:c.230T>C","NP_004394.1:p.Phe77Ser","Unknown significance","null","missense_variant","3/10","null","77","MODERATE","26.6","null","0","null","60.44361182661","0.2630838383231836","92.39","-2.3","2.3"
"7:24784358:T>C","NM_004403.3:c.227A>G","NP_004394.1:p.Asp76Gly","Unknown significance","null","missense_variant","3/10","null","76","MODERATE","26.2","null","0","null","123.48643638448488","0.771887485226169","94.01","-0.0","0.0"
"7:24784361:G>A","NM_004403.3:c.224C>T","NP_004394.1:p.Ser75Leu","Unknown significance","null","missense_variant","3/10","null","75","MODERATE","25.7","null","0.00869414","gnomad_AF_amr_pass","64.10593021393126","0.46484831984067015","94.83","0.1","0.1"
"7:24784361:G>C","NM_004403.3:c.224C>G","NP_004394.1:p.Ser75Trp","Unknown significance","null","missense_variant","3/10","null","75","MODERATE","26.9","null","0.000900252","gnomad_AF_nfe_pass","64.10593021393126","0.46484831984067015","94.83","0.4","0.4"
"7:24784368:C>G","NM_004403.3:c.217G>C","NP_004394.1:p.Val73Leu","Unknown significance","null","missense_variant","3/10","null","73","MODERATE","15.85","null","0.00289855","gnomad_AF_amr_pass","86.39792417963776","0.5026287953509777","94.92","-0.2","0.2"
"7:24784368:C>T","NM_004403.3:c.217G>A","NP_004394.1:p.Val73Met","Unknown significance","null","missense_variant","3/10","null","73","MODERATE","23.1","null","0.00982061","gnomad_AF_sas_pass","86.39792417963776","0.5026287953509777","94.92","-0.2","0.2"
"7:24789183:C>G","NM_004403.3:c.211G>C","NP_004394.1:p.Val71Leu","Unknown significance","null","missense_variant&splice_region_variant","2/10","null","71","MODERATE","34","null","0.00289151","gnomad_AF_amr_pass","92.8897413697444","0.5403956084415067","93.09","-0.1","0.1"
"7:24789191:G>A","NM_004403.3:c.203C>T","NP_004394.1:p.Pro68Leu","Likely benign","null","missense_variant","2/10","null","68","MODERATE","14.09","null","0.00578235","gnomad_AF_amr_pass","69.13880311472155","0.43953435960548","85.06","0.8","0.8"
"7:24789201:C>T","NM_004403.3:c.193G>A","NP_004394.1:p.Asp65Asn","Likely benign","null","missense_variant","2/10","null","65","MODERATE","19.40","null","0.0320744","gnomad_AF_afr_pass","125.42352013080045","0.783995784286323","79.25","0.0","0.0"
"7:24789206:A>G","NM_004403.3:c.188T>C","NP_004394.1:p.Ile63Thr","Likely benign","null","missense_variant","2/10","null","63","MODERATE","1.013","null","0.00087909","gnomad_AF_nfe_pass","114.0287226207662","0.5813084558298821","89.83","-0.3","0.3"
"7:24789214:A>C","NM_004403.3:c.180T>G","NP_004394.1:p.Asp60Glu","Unknown significance","null","missense_variant","2/10","null","60","MODERATE","20.5","null","0.00578168","gnomad_AF_amr_pass","94.5321001864408","0.5909000795752815","90.19","-0.1","0.1"
"7:24789215:T>C","NM_004403.3:c.179A>G","NP_004394.1:p.Asp60Gly","Unknown significance","null","missense_variant","2/10","null","60","MODERATE","25.5","null","0.0184547","gnomad_AF_afr_pass","94.5321001864408","0.5909000795752815","90.19","-0.5","0.5"
"7:24789216:C>T","NM_004403.3:c.178G>A","NP_004394.1:p.Asp60Asn","Unknown significance","null","missense_variant","2/10","null","60","MODERATE","26.7","null","0.00400673","gnomad_AF_afr_pass","94.5321001864408","0.5909000795752815","90.19","-0.1","0.1"
"7:24789218:C>T","NM_004403.3:c.176G>A","NP_004394.1:p.Gly59Asp","Unknown significance","null","missense_variant","2/10","null","59","MODERATE","18.60","null","0.00326627","gnomad_AF_sas_pass","7.635467672849544","0.08008152012170161","91.21","-0.2","0.2"
"7:24789219:C>T","NM_004403.3:c.175G>A","NP_004394.1:p.Gly59Ser","Unknown significance","null","missense_variant","2/10","null","59","MODERATE","20.6","null","0.000879059","gnomad_AF_nfe_pass","7.635467672849544","0.08008152012170161","91.21","0.4","0.4"
"7:24789248:G>A","NM_004403.3:c.146C>T","NP_004394.1:p.Pro49Leu","Unknown significance","null","missense_variant","2/10","null","49","MODERATE","28.5","null","0.000879044","gnomad_AF_nfe_pass","11.788861088754944","0.07494502762111828","79.21","-0.7","0.7"
"7:24789249:G>A","NM_004403.3:c.145C>T","NP_004394.1:p.Pro49Ser","Unknown significance","null","missense_variant","2/10","null","49","MODERATE","26.8","null","0.000879059","gnomad_AF_nfe_pass","11.788861088754944","0.07494502762111828","79.21","-1.0","1.0"
"7:24789249:G>T","NM_004403.3:c.145C>A","NP_004394.1:p.Pro49Thr","Unknown significance","null","missense_variant","2/10","null","49","MODERATE","26.0","null","0.000879059","gnomad_AF_nfe_pass","11.788861088754944","0.07494502762111828","79.21","-0.7","0.7"
"7:24789251:C>A","NM_004403.3:c.143G>T","NP_004394.1:p.Arg48Ile","Unknown significance","null","missense_variant","2/10","null","48","MODERATE","24.0","null","0.0108731","gnomad_AF_eas_pass","80.40471669425307","0.29843015163687525","75.02","-0.3","0.3"
"7:24789255:G>C","NM_004403.3:c.139C>G","NP_004394.1:p.Gln47Glu","Unknown significance","null","missense_variant","2/10","null","47","MODERATE","25.0","null","0","gnomad_AF_afr_pass,gnomad_AF_amr_pass,gnomad_AF_eas_pass,gnomad_AF_nfe_pass,gnomad_AF_sas_pass","5.2791799954435055","0.026696003096021454","69.36","-0.6","0.6"
"7:24789256:C>A","NM_004403.3:c.138G>T","NP_004394.1:p.Trp46Cys","Unknown significance","null","missense_variant","2/10","null","46","MODERATE","31","null","0","gnomad_AF_afr_pass,gnomad_AF_amr_pass,gnomad_AF_eas_pass,gnomad_AF_nfe_pass,gnomad_AF_sas_pass","2.6920312633440933","0.010262073867639209","65.81","-4.1","4.1"
"7:24789257:C>A","NM_004403.3:c.137G>T","NP_004394.1:p.Trp46Leu","Unknown significance","null","missense_variant","2/10","null","46","MODERATE","29.7","null","0.000879044","gnomad_AF_nfe_pass","2.6920312633440933","0.010262073867639209","65.81","-2.9","2.9"
"7:24789261:A>T","NM_004403.3:c.133T>A","NP_004394.1:p.Cys45Ser","Unknown significance","null","missense_variant","2/10","null","45","MODERATE","25.7","null","0.000879059","gnomad_AF_nfe_pass","16.463643932025164","0.10654148676363052","67.46","-1.0","1.0"
"7:24789262:C>G","NM_004403.3:c.132G>C","NP_004394.1:p.Trp44Cys","Unknown significance","null","missense_variant","2/10","null","44","MODERATE","30","null","0.00615341","gnomad_AF_nfe_pass","6.666053729610888","0.025411122341105954","71.13","-3.1","3.1"
"7:24789272:T>C","NM_004403.3:c.122A>G","NP_004394.1:p.Lys41Arg","Unknown significance","null","missense_variant","2/10","null","41","MODERATE","19.78","null","0.00289084","gnomad_AF_amr_pass","76.26693154467516","0.3221892086929916","72.14","0.8","0.8"
"7:24789293:A>G","NM_004403.3:c.101T>C","NP_004394.1:p.Leu34Pro","Unknown significance","null","missense_variant","2/10","null","34","MODERATE","26.9","null","0.00543656","gnomad_AF_eas_pass","9.820643928602847","0.050923418681866055","94.2","-4.1","4.1"
"7:24789297:G>C","NM_004403.3:c.97C>G","NP_004394.1:p.Leu33Val","Unknown significance","null","missense_variant","2/10","null","33","MODERATE","26.0","null","0.00543656","gnomad_AF_eas_pass","20.01190658675211","0.10376862303005334","94.15","-0.5","0.5"
"7:24789298:C>G","NM_004403.3:c.96G>C","NP_004394.1:p.Gln32His","Likely benign","null","missense_variant","2/10","null","32","MODERATE","16.94","null","0","gnomad_AF_afr_pass,gnomad_AF_amr_pass,gnomad_AF_eas_pass,gnomad_AF_nfe_pass,gnomad_AF_sas_pass","79.38198602240709","0.4014225213861984","91.26","0.2","0.2"
"7:24789307:A>C","NM_004403.3:c.87T>G","NP_004394.1:p.Asp29Glu","Unknown significance","null","missense_variant","2/10","null","29","MODERATE","23.3","null","0.00615157","gnomad_AF_afr_pass","116.77491933445351","0.7299352176777619","79.36","-0.0","0.0"
"7:24789307:A>T","NM_004403.3:c.87T>A","NP_004394.1:p.Asp29Glu","Benign","null","missense_variant","2/10","null","29","MODERATE","23.4","null","0.976614","gnomad_AF_sas_pass","116.77491933445351","0.7299352176777619","79.36","-0.0","0.0"
"7:24789316:A>C","NM_004403.3:c.78T>G","NP_004394.1:p.Asn26Lys","Unknown significance","null","missense_variant","2/10","null","26","MODERATE","23.6","null","0.00289084","gnomad_AF_amr_pass","133.52545660046036","0.835436950021804","86.21","-0.1","0.1"
"7:24789322:A>T","NM_004403.3:c.72T>A","NP_004394.1:p.Asn24Lys","Likely benign","null","missense_variant","2/10","null","24","MODERATE","18.44","null","0.00087926","gnomad_AF_nfe_pass","82.74298144535332","0.5177031093124033","86.89","-0.3","0.3"
"7:24789323:T>C","NM_004403.3:c.71A>G","NP_004394.1:p.Asn24Ser","Unknown significance","null","missense_variant","2/10","null","24","MODERATE","16.46","null","0.000879275","gnomad_AF_nfe_pass","82.74298144535332","0.5177031093124033","86.89","0.2","0.2"
"7:24789330:C>A","NM_004403.3:c.64G>T","NP_004394.1:p.Val22Leu","Unknown significance","null","missense_variant","2/10","null","22","MODERATE","26.6","null","0.000879229","gnomad_AF_nfe_pass","0.013338374292909577","7.759736204826142E-5","91.74","-1.1","1.1"
"7:24789335:A>G","NM_004403.3:c.59T>C","NP_004394.1:p.Ile20Thr","Unknown significance","null","missense_variant","2/10","null","20","MODERATE","26.0","null","0.0100231","gnomad_AF_eas_pass","25.37056257806016","0.1293369093051798","92.16","-2.5","2.5"
"7:24789347:T>A","NM_004403.3:c.47A>T","NP_004394.1:p.Asp16Val","Unknown significance","null","missense_variant","2/10","null","16","MODERATE","15.81","null","0.0108403","gnomad_AF_nfe_pass","111.59699445898025","0.6975691090763702","74.08","-0.2","0.2"
"7:24789350:G>A","NM_004403.3:c.44C>T","NP_004394.1:p.Ala15Val","Likely benign","null","missense_variant","2/10","null","15","MODERATE","16.40","null","0.00289134","gnomad_AF_amr_pass","112.58515230849852","0.8853908026315973","70.81","0.0","0.0"
"7:24789351:C>T","NM_004403.3:c.43G>A","NP_004394.1:p.Ala15Thr","Likely benign","null","missense_variant","2/10","null","15","MODERATE","12.86","null","0.0246063","gnomad_AF_afr_pass","112.58515230849852","0.8853908026315973","70.81","0.0","0.0"
"7:24789352:A>C","NM_004403.3:c.42T>G","NP_004394.1:p.Asp14Glu","Unknown significance","null","missense_variant","2/10","null","14","MODERATE","22.2","null","0","null","21.617088332130635","0.1351238276781039","85.13","-0.3","0.3"
"7:24789354:C>G","NM_004403.3:c.40G>C","NP_004394.1:p.Asp14His","Unknown significance","null","missense_variant","2/10","null","14","MODERATE","27.1","null","0.000879477","gnomad_AF_nfe_pass","21.617088332130635","0.1351238276781039","85.13","0.1","0.1"
"7:24789354:C>T","NM_004403.3:c.40G>A","NP_004394.1:p.Asp14Asn","Unknown significance","null","missense_variant","2/10","null","14","MODERATE","28.6","null","0.00543656","gnomad_AF_eas_pass","21.617088332130635","0.1351238276781039","85.13","0.1","0.1"
"7:24789356:A>C","NM_004403.3:c.38T>G","NP_004394.1:p.Val13Gly","Unknown significance","null","missense_variant","2/10","null","13","MODERATE","24.8","null","0.0120163","gnomad_AF_afr_pass","46.845374360278825","0.2725277754765988","86.58","-2.2","2.2"
"7:24789356:A>G","NM_004403.3:c.38T>C","NP_004394.1:p.Val13Ala","Unknown significance","null","missense_variant","2/10","null","13","MODERATE","23.0","null","0.000879507","gnomad_AF_nfe_pass","46.845374360278825","0.2725277754765988","86.58","-1.5","1.5"
"7:24789359:T>C","NM_004403.3:c.35A>G","NP_004394.1:p.Glu12Gly","Unknown significance","null","missense_variant","2/10","null","12","MODERATE","28.1","null","0.000879523","gnomad_AF_nfe_pass","113.21637667899012","0.5797916067383041","85.06","-0.7","0.7"
"7:24789377:G>C","NM_004403.3:c.17C>G","NP_004394.1:p.Thr6Ser","Unknown significance","null","missense_variant","2/10","null","6","MODERATE","25.6","null","0.000879956","gnomad_AF_nfe_pass","0.0","0.0","90.31","-1.4","1.4"
"7:24789386:G>A","NM_004403.3:c.8C>T","NP_004394.1:p.Ala3Val","Unknown significance","null","missense_variant","2/10","null","3","MODERATE","24.8","null","0.00232482","gnomad_AF_nfe_pass","14.191278196655732","0.1116028795562312","85.76","0.3","0.3"
"7:24789386:G>T","NM_004403.3:c.8C>A","NP_004394.1:p.Ala3Asp","Unknown significance","null","missense_variant","2/10","null","3","MODERATE","26.6","null","0.00326733","gnomad_AF_sas_pass","14.191278196655732","0.1116028795562312","85.76","-1.1","1.1"