{"applied_filters": "CONTAINS missense_variant[Consequence]"},
"Genomic Description (GRCh37)","HGVS Nucleotide Change","HGVS Protein Change","Variant Classification","Phenotype","Consequence","Exon","Intron","Protein Position","Impact","CADD Phred","Interpro Domain","Max MAF (%)","Max MAF Source","Surface Area","Normalized SA","Confidence Score","ddG","|ddG|"
"5:145239301:G>T","NM_001080516.1:c.742C>A","NP_001073985.1:p.Gln248Lys","Unknown significance","null","missense_variant","3/3","null","248","MODERATE","23.3","null","0.0462561","gnomad_AF_amr_pass","218.3963324135368","1.1043967379978874","70.57","-0.0","0.0"
"5:145239304:T>G","NM_001080516.1:c.739A>C","NP_001073985.1:p.Asn247His","Unknown significance","null","missense_variant","3/3","null","247","MODERATE","23.1","null","0.00326648","gnomad_AF_sas_pass","88.52510553240522","0.5538804812901569","78.62","0.2","0.2"
"5:145239321:T>C","NM_001080516.1:c.722A>G","NP_001073985.1:p.Gln241Arg","Unknown significance","null","missense_variant","3/3","null","241","MODERATE","26.8","null","0.000880158","gnomad_AF_nfe_pass","7.178166400049612","0.03629888592638957","89.18","0.3","0.3"
"5:145239332:C>A","NM_001080516.1:c.711G>T","NP_001073985.1:p.Glu237Asp","Unknown significance","null","missense_variant","3/3","null","237","MODERATE","23.6","null","0.00326648","gnomad_AF_sas_pass","103.16788062926685","0.5283323228354859","85.86","-0.1","0.1"
"5:145239333:T>A","NM_001080516.1:c.710A>T","NP_001073985.1:p.Glu237Val","Unknown significance","null","missense_variant","3/3","null","237","MODERATE","28.4","null","0.0260191","gnomad_AF_amr_pass","103.16788062926685","0.5283323228354859","85.86","-0.3","0.3"
"5:145239334:C>T","NM_001080516.1:c.709G>A","NP_001073985.1:p.Glu237Lys","Unknown significance","null","missense_variant","3/3","null","237","MODERATE","28.3","null","0.00232407","gnomad_AF_nfe_pass","103.16788062926685","0.5283323228354859","85.86","-0.3","0.3"
"5:145239339:C>A","NM_001080516.1:c.704G>T","NP_001073985.1:p.Cys235Phe","Unknown significance","null","missense_variant","3/3","null","235","MODERATE","29.9","null","0.00176004","gnomad_AF_nfe_pass","15.698301799612382","0.10158871391414659","89.31","-3.4","3.4"
"5:145239352:T>C","NM_001080516.1:c.691A>G","NP_001073985.1:p.Arg231Gly","Unknown significance","null","missense_variant","3/3","null","231","MODERATE","26.6","null","0.00289151","gnomad_AF_amr_pass","150.24757830047372","0.5576589212519231","83.76","-0.8","0.8"
"5:145239360:C>T","NM_001080516.1:c.683G>A","NP_001073985.1:p.Arg228Gln","Unknown significance","null","missense_variant","3/3","null","228","MODERATE","29.8","null","0.0260251","gnomad_AF_amr_pass","164.285546121801","0.60976224351749","59.25","-0.2","0.2"
"5:145239361:G>A","NM_001080516.1:c.682C>T","NP_001073985.1:p.Arg228Trp","Unknown significance","null","missense_variant","3/3","null","228","MODERATE","32","null","0.00615309","gnomad_AF_afr_pass","164.285546121801","0.60976224351749","59.25","0.2","0.2"
"5:145239363:T>A","NM_001080516.1:c.680A>T","NP_001073985.1:p.Tyr227Phe","Unknown significance","null","missense_variant","3/3","null","227","MODERATE","24.1","null","0.00615233","gnomad_AF_afr_pass","124.71360819538545","0.5198312454072083","57.48","-0.2","0.2"
"5:145239363:T>C","NM_001080516.1:c.680A>G","NP_001073985.1:p.Tyr227Cys","Unknown significance","null","missense_variant","3/3","null","227","MODERATE","27.7","null","0.12086","gnomad_AF_sas_pass","124.71360819538545","0.5198312454072083","57.48","-0.8","0.8"
"5:145239364:A>G","NM_001080516.1:c.679T>C","NP_001073985.1:p.Tyr227His","Unknown significance","null","missense_variant","3/3","null","227","MODERATE","27.3","null","0.00867353","gnomad_AF_amr_pass","124.71360819538545","0.5198312454072083","57.48","-0.4","0.4"
"5:145239366:G>A","NM_001080516.1:c.677C>T","NP_001073985.1:p.Ser226Phe","Unknown significance","null","missense_variant","3/3","null","226","MODERATE","29.8","null","0.00176159","gnomad_AF_nfe_pass","84.204373478333","0.6105872171890445","56.18","-0.0","0.0"
"5:145239367:A>G","NM_001080516.1:c.676T>C","NP_001073985.1:p.Ser226Pro","Unknown significance","null","missense_variant","3/3","null","226","MODERATE","28.8","null","0.0173461","gnomad_AF_amr_pass","84.204373478333","0.6105872171890445","56.18","-0.2","0.2"
"5:145239376:A>G","NM_001080516.1:c.667T>C","NP_001073985.1:p.Phe223Leu","Unknown significance","null","missense_variant","3/3","null","223","MODERATE","29.4","null","0.00176258","gnomad_AF_nfe_pass","221.05568586713483","0.962155909675252","63.3","-0.1","0.1"
"5:145239380:G>C","NM_001080516.1:c.663C>G","NP_001073985.1:p.Asn221Lys","Unknown significance","null","missense_variant","3/3","null","221","MODERATE","25.6","null","0.0734049","gnomad_AF_amr_pass","6.774989016809649","0.04238949114827561","57.99","-0.2","0.2"
"5:145239388:G>C","NM_001080516.1:c.655C>G","NP_001073985.1:p.Leu219Val","Unknown significance","null","missense_variant","3/3","null","219","MODERATE","24.9","null","0.00615536","gnomad_AF_afr_pass","149.80021002592937","0.7767656448233666","63.7","0.0","0.0"
"5:145239390:A>G","NM_001080516.1:c.653T>C","NP_001073985.1:p.Met218Thr","Unknown significance","null","missense_variant","3/3","null","218","MODERATE","26.5","null","0","null","156.8381877853204","0.7243148037881326","66.63","-0.3","0.3"
"5:145239391:T>C","NM_001080516.1:c.652A>G","NP_001073985.1:p.Met218Val","Unknown significance","null","missense_variant","3/3","null","218","MODERATE","25.7","null","0.000883345","gnomad_AF_nfe_pass","156.8381877853204","0.7243148037881326","66.63","0.1","0.1"
"5:145239393:G>A","NM_001080516.1:c.650C>T","NP_001073985.1:p.Ser217Leu","Unknown significance","null","missense_variant","3/3","null","217","MODERATE","31","null","0.00289922","gnomad_AF_amr_pass","16.78885562972854","0.12174024002900895","75.92","1.4","1.4"
"5:145239406:C>A","NM_001080516.1:c.637G>T","NP_001073985.1:p.Gly213Cys","Unknown significance","null","missense_variant","3/3","null","213","MODERATE","31","null","0","null","0.0","0.0","82.45","0.0","0.0"
"5:145239406:C>T","NM_001080516.1:c.637G>A","NP_001073985.1:p.Gly213Ser","Unknown significance","null","missense_variant","3/3","null","213","MODERATE","29.7","null","0.0145197","gnomad_AF_amr_pass","0.0","0.0","82.45","-1.1","1.1"
"5:145239417:G>A","NM_001080516.1:c.626C>T","NP_001073985.1:p.Ser209Phe","Unknown significance","null","missense_variant","3/3","null","209","MODERATE","29.4","null","0.00702708","gnomad_AF_nfe_pass","77.37627432880845","0.5610749426339484","83.84","0.7","0.7"
"5:145239423:G>A","NM_001080516.1:c.620C>T","NP_001073985.1:p.Thr207Ile","Unknown significance","null","missense_variant","3/3","null","207","MODERATE","23.9","null","0.00329533","gnomad_AF_sas_pass","10.00764247539332","0.06360617621887636","88.12","1.6","1.6"
"5:145239427:C>T","NM_001080516.1:c.616G>A","NP_001073985.1:p.Ala206Thr","Unknown significance","null","missense_variant","3/3","null","206","MODERATE","24.6","null","0.000892618","gnomad_AF_nfe_pass","22.251054491746483","0.17498647549779708","87.22","0.0","0.0"
"5:145239432:C>T","NM_001080516.1:c.611G>A","NP_001073985.1:p.Gly204Asp","Unknown significance","null","missense_variant","3/3","null","204","MODERATE","28.4","null","0","null","27.67442708854197","0.29025205589280584","85.51","-0.3","0.3"
"5:145239433:C>T","NM_001080516.1:c.610G>A","NP_001073985.1:p.Gly204Ser","Unknown significance","null","missense_variant","3/3","null","204","MODERATE","28.7","null","0.00616827","gnomad_AF_afr_pass","27.67442708854197","0.29025205589280584","85.51","0.3","0.3"
"5:145239435:G>A","NM_001080516.1:c.608C>T","NP_001073985.1:p.Ser203Leu","Unknown significance","null","missense_variant","3/3","null","203","MODERATE","31","null","0.00507357","gnomad_AF_eas_pass","52.25814473604305","0.37893702965503656","82.13","0.8","0.8"
"5:145239435:G>C","NM_001080516.1:c.608C>G","NP_001073985.1:p.Ser203Trp","Unknown significance","null","missense_variant","3/3","null","203","MODERATE","32","null","0.000903979","gnomad_AF_nfe_pass","52.25814473604305","0.37893702965503656","82.13","0.9","0.9"
"5:145239438:C>T","NM_001080516.1:c.605G>A","NP_001073985.1:p.Gly202Glu","Unknown significance","null","missense_variant","3/3","null","202","MODERATE","28.3","null","0.000907029","gnomad_AF_nfe_pass","42.518382978634016","0.44593689449476487","82.44","-0.4","0.4"
"5:145239441:C>T","NM_001080516.1:c.602G>A","NP_001073985.1:p.Arg201Gln","Likely benign","null","missense_variant","3/3","null","201","MODERATE","19.92","null","0.00620117","gnomad_AF_afr_pass","109.38282515126677","0.40598530084361983","78.95","-0.2","0.2"
"5:145239445:A>G","NM_001080516.1:c.598T>C","NP_001073985.1:p.Cys200Arg","Unknown significance","null","missense_variant","3/3","null","200","MODERATE","28.3","null","0.0345738","gnomad_AF_amr_pass","7.824354462607662","0.05063389130946333","83.52","-4.5","4.5"
"5:145239453:C>A","NM_001080516.1:c.590G>T","NP_001073985.1:p.Cys197Phe","Unknown significance","null","missense_variant","3/3","null","197","MODERATE","30","null","0","null","6.935270903959203","0.04488034825504582","81.18","-3.7","3.7"
"5:145239453:C>T","NM_001080516.1:c.590G>A","NP_001073985.1:p.Cys197Tyr","Unknown significance","null","missense_variant","3/3","null","197","MODERATE","29.4","null","0.000930544","gnomad_AF_nfe_pass","6.935270903959203","0.04488034825504582","81.18","-3.5","3.5"
"5:145239454:A>C","NM_001080516.1:c.589T>G","NP_001073985.1:p.Cys197Gly","Unknown significance","null","missense_variant","3/3","null","197","MODERATE","27.1","null","0","gnomad_AF_afr_pass,gnomad_AF_sas_pass,gnomad_AF_amr_pass,gnomad_AF_eas_pass,gnomad_AF_nfe_pass","6.935270903959203","0.04488034825504582","81.18","-5.7","5.7"
"5:145239455:G>C","NM_001080516.1:c.588C>G","NP_001073985.1:p.Ser196Arg","Likely benign","null","missense_variant","3/3","null","196","MODERATE","22.6","null","0.000935244","gnomad_AF_nfe_pass","30.7760408110489","0.22316485876769962","71.4","0.3","0.3"
"5:145239459:T>A","NM_001080516.1:c.584A>T","NP_001073985.1:p.Asp195Val","Unknown significance","null","missense_variant","3/3","null","195","MODERATE","23.1","null","0.00648004","gnomad_AF_nfe_pass","158.80834492708513","0.9926772331256559","65.9","0.2","0.2"
"5:145239459:T>C","NM_001080516.1:c.584A>G","NP_001073985.1:p.Asp195Gly","Unknown significance","null","missense_variant","3/3","null","195","MODERATE","23.1","null","0.00385624","gnomad_AF_sas_pass","158.80834492708513","0.9926772331256559","65.9","0.0","0.0"
"5:145239463:C>T","NM_001080516.1:c.580G>A","NP_001073985.1:p.Glu194Lys","Unknown significance","null","missense_variant","3/3","null","194","MODERATE","24.5","null","0.0185808","gnomad_AF_nfe_pass","134.49625285996692","0.6887678340657618","62.0","0.0","0.0"
"5:145239474:C>T","NM_001080516.1:c.569G>A","NP_001073985.1:p.Gly190Glu","Unknown significance","null","missense_variant","3/3","null","190","MODERATE","22.1","null","0.00101184","gnomad_AF_nfe_pass","63.26451272693991","0.6635243008030894","47.04","-0.4","0.4"
"5:145239475:C>T","NM_001080516.1:c.568G>A","NP_001073985.1:p.Gly190Arg","Unknown significance","null","missense_variant","3/3","null","190","MODERATE","22.9","null","0.00101373","gnomad_AF_nfe_pass","63.26451272693991","0.6635243008030894","47.04","0.1","0.1"
"5:145239476:T>G","NM_001080516.1:c.567A>C","NP_001073985.1:p.Glu189Asp","Likely benign","null","missense_variant&splice_region_variant","3/3","null","189","MODERATE","15.63","null","0.00462577","gnomad_AF_sas_pass","112.98493179471357","0.5786063559357058","40.74","-0.2","0.2"
"5:145246069:T>C","NM_001080516.1:c.559A>G","NP_001073985.1:p.Thr187Ala","Likely benign","null","missense_variant","2/3","null","187","MODERATE","1.382","null","0.000880189","gnomad_AF_nfe_pass","127.8029916168045","0.8122851736625971","39.42","-0.1","0.1"
"5:145246071:T>C","NM_001080516.1:c.557A>G","NP_001073985.1:p.Tyr186Cys","Likely benign","null","missense_variant","2/3","null","186","MODERATE","17.98","null","0.00697437","gnomad_AF_nfe_pass","121.08382568853914","0.5047015864357903","44.94","-0.6","0.6"
"5:145246074:C>T","NM_001080516.1:c.554G>A","NP_001073985.1:p.Arg185Gln","Likely benign","null","missense_variant","2/3","null","185","MODERATE","5.723","null","0.0085266","gnomad_AF_nfe_pass","202.8763437850713","0.7529958505984149","35.26","-0.1","0.1"
"5:145246075:G>A","NM_001080516.1:c.553C>T","NP_001073985.1:p.Arg185Trp","Unknown significance","null","missense_variant","2/3","null","185","MODERATE","22.9","null","0.0178223","gnomad_AF_nfe_pass","202.8763437850713","0.7529958505984149","35.26","0.1","0.1"
"5:145246080:T>G","NM_001080516.1:c.548A>C","NP_001073985.1:p.Gln183Pro","Likely benign","null","missense_variant","2/3","null","183","MODERATE","7.205","null","0.0480654","gnomad_AF_afr_pass","150.73787968665692","0.762258325398249","34.33","-0.3","0.3"
"5:145246084:G>C","NM_001080516.1:c.544C>G","NP_001073985.1:p.Pro182Ala","Likely benign","null","missense_variant","2/3","null","182","MODERATE","3.378","null","0.00615157","gnomad_AF_afr_pass","137.59784638233435","0.8747472991743894","36.65","0.1","0.1"
"5:145246085:T>G","NM_001080516.1:c.543A>C","NP_001073985.1:p.Leu181Phe","Benign","null","missense_variant","2/3","null","181","MODERATE","1.692","null","85.5174","gnomad_AF_afr_pass","169.84831362733982","0.8807219618321326","31.69","0.0","0.0"
"5:145246092:C>A","NM_001080516.1:c.536G>T","NP_001073985.1:p.Ser179Ile","Likely benign","null","missense_variant","2/3","null","179","MODERATE","11.45","null","0.00326755","gnomad_AF_sas_pass","105.69977713469802","0.7664558277936034","30.54","0.2","0.2"
"5:145246094:T>G","NM_001080516.1:c.534A>C","NP_001073985.1:p.Glu178Asp","Likely benign","null","missense_variant","2/3","null","178","MODERATE","0.003","null","0.0108731","gnomad_AF_eas_pass","192.34783018723613","0.9850311482153227","29.73","-0.0","0.0"
"5:145246101:T>G","NM_001080516.1:c.527A>C","NP_001073985.1:p.Glu176Ala","Likely benign","null","missense_variant","2/3","null","176","MODERATE","16.94","null","0.0114811","gnomad_AF_afr_pass","159.07623338227611","0.8146442030033885","31.06","-0.1","0.1"
"5:145246104:A>C","NM_001080516.1:c.524T>G","NP_001073985.1:p.Val175Gly","Likely benign","null","missense_variant","2/3","null","175","MODERATE","13.49","null","0.0123031","gnomad_AF_afr_pass","114.06525940742956","0.6635863589517259","34.86","-0.5","0.5"
"5:145246107:A>G","NM_001080516.1:c.521T>C","NP_001073985.1:p.Leu174Ser","Unknown significance","null","missense_variant","2/3","null","174","MODERATE","16.63","null","0","gnomad_AF_afr_pass,gnomad_AF_sas_pass,gnomad_AF_amr_pass,gnomad_AF_eas_pass,gnomad_AF_nfe_pass","162.76477236666017","0.8439913624956407","35.8","-0.0","0.0"
"5:145246117:C>G","NM_001080516.1:c.511G>C","NP_001073985.1:p.Asp171His","Likely benign","null","missense_variant","2/3","null","171","MODERATE","5.282","null","0.000879306","gnomad_AF_nfe_pass","122.94366929213305","0.768494763416022","31.85","0.1","0.1"
"5:145246117:C>T","NM_001080516.1:c.511G>A","NP_001073985.1:p.Asp171Asn","Likely benign","null","missense_variant","2/3","null","171","MODERATE","5.533","null","0.00289084","gnomad_AF_amr_pass","122.94366929213305","0.768494763416022","31.85","0.0","0.0"
"5:145246120:G>T","NM_001080516.1:c.508C>A","NP_001073985.1:p.His170Asn","Likely benign","null","missense_variant","2/3","null","170","MODERATE","1.217","null","0.00543656","gnomad_AF_eas_pass","167.83937311399566","0.817125011606469","39.33","-0.3","0.3"
"5:145246122:T>C","NM_001080516.1:c.506A>G","NP_001073985.1:p.Gln169Arg","Likely benign","null","missense_variant","2/3","null","169","MODERATE","6.209","null","0.000879322","gnomad_AF_nfe_pass","170.6401385771874","0.8629009944146493","36.45","0.1","0.1"
"5:145246126:C>T","NM_001080516.1:c.502G>A","NP_001073985.1:p.Asp168Asn","Likely benign","null","missense_variant","2/3","null","168","MODERATE","7.738","null","0.00326648","gnomad_AF_sas_pass","140.2872058305046","0.8769055265369975","38.16","0.1","0.1"
"5:145246128:C>A","NM_001080516.1:c.500G>T","NP_001073985.1:p.Arg167Met","Likely benign","null","missense_variant","2/3","null","167","MODERATE","11.24","null","0.0123031","gnomad_AF_afr_pass","288.9938525156027","1.0726296015233694","33.97","0.0","0.0"
"5:145246132:C>T","NM_001080516.1:c.496G>A","NP_001073985.1:p.Gly166Ser","Likely benign","null","missense_variant","2/3","null","166","MODERATE","5.216","null","0.00648172","gnomad_AF_nfe_pass","57.883210870461426","0.6070846888022563","33.74","0.2","0.2"
"5:145246137:T>C","NM_001080516.1:c.491A>G","NP_001073985.1:p.Tyr164Cys","Likely benign","null","missense_variant","2/3","null","164","MODERATE","7.543","null","0.0150346","gnomad_AF_eas_pass","182.31311837648644","0.7599175162284129","36.27","-0.4","0.4"
"5:145246161:G>C","NM_001080516.1:c.467C>G","NP_001073985.1:p.Ser156Cys","Unknown significance","null","missense_variant","2/3","null","156","MODERATE","22.7","null","0.00326648","gnomad_AF_sas_pass","71.97803879273222","0.5219309709190835","52.23","-0.1","0.1"
"5:145246174:C>G","NM_001080516.1:c.454G>C","NP_001073985.1:p.Ala152Pro","Likely benign","null","missense_variant","2/3","null","152","MODERATE","14.35","null","0.0123031","gnomad_AF_afr_pass","48.18484769348806","0.37893470052887496","56.61","-0.1","0.1"
"5:145246175:C>A","NM_001080516.1:c.453G>T","NP_001073985.1:p.Glu151Asp","Likely benign","null","missense_variant","2/3","null","151","MODERATE","9.618","null","0.00615157","gnomad_AF_afr_pass","78.18330216396117","0.40038397015898675","56.75","0.0","0.0"
"5:145246179:T>G","NM_001080516.1:c.449A>C","NP_001073985.1:p.Glu150Ala","Likely benign","null","missense_variant","2/3","null","150","MODERATE","17.78","null","0.00968839","gnomad_AF_nfe_pass","95.85398004411084","0.4908771569294501","57.91","0.1","0.1"
"5:145246182:T>C","NM_001080516.1:c.446A>G","NP_001073985.1:p.Glu149Gly","Unknown significance","null","missense_variant","2/3","null","149","MODERATE","20.8","null","0.00326627","gnomad_AF_sas_pass","88.91836061683455","0.4553592040553042","61.69","-0.5","0.5"
"5:145246186:T>C","NM_001080516.1:c.442A>G","NP_001073985.1:p.Lys148Glu","Unknown significance","null","missense_variant","2/3","null","148","MODERATE","17.28","null","0.00543892","gnomad_AF_eas_pass","170.1875143780677","0.7189561645701884","66.56","0.0","0.0"
"5:145246200:C>G","NM_001080516.1:c.428G>C","NP_001073985.1:p.Arg143Thr","Unknown significance","null","missense_variant","2/3","null","143","MODERATE","24.9","null","0","null","147.45715313195208","0.5473019790175531","74.46","-0.5","0.5"
"5:145246201:T>C","NM_001080516.1:c.427A>G","NP_001073985.1:p.Arg143Gly","Unknown significance","null","missense_variant","2/3","null","143","MODERATE","25.4","null","0.000880793","gnomad_AF_nfe_pass","147.45715313195208","0.5473019790175531","74.46","-1.1","1.1"
"5:145246207:A>G","NM_001080516.1:c.421T>C","NP_001073985.1:p.Phe141Leu","Likely benign","null","missense_variant","2/3","null","141","MODERATE","17.80","null","0.011566","gnomad_AF_amr_pass","150.03181909991372","0.6530209834687268","69.95","-0.0","0.0"
"5:145246212:C>G","NM_001080516.1:c.416G>C","NP_001073985.1:p.Arg139Thr","Likely benign","null","missense_variant","2/3","null","139","MODERATE","16.40","null","0.115311","gnomad_AF_eas_pass","106.6665158132088","0.3959034469303501","66.8","-0.0","0.0"
"5:145246212:C>T","NM_001080516.1:c.416G>A","NP_001073985.1:p.Arg139Lys","Likely benign","null","missense_variant","2/3","null","139","MODERATE","13.70","null","0.0229568","gnomad_AF_afr_pass","106.6665158132088","0.3959034469303501","66.8","-0.5","0.5"
"5:145246213:T>C","NM_001080516.1:c.415A>G","NP_001073985.1:p.Arg139Gly","Unknown significance","null","missense_variant","2/3","null","139","MODERATE","23.4","null","0.00615233","gnomad_AF_afr_pass","106.6665158132088","0.3959034469303501","66.8","-0.8","0.8"
"5:145246217:G>C","NM_001080516.1:c.411C>G","NP_001073985.1:p.Asp137Glu","Unknown significance","null","missense_variant","2/3","null","137","MODERATE","22.9","null","0.00400577","gnomad_AF_afr_pass","39.43067891623585","0.24647279879912276","64.13","0.2","0.2"
"5:145246221:A>G","NM_001080516.1:c.407T>C","NP_001073985.1:p.Met136Thr","Unknown significance","null","missense_variant","2/3","null","136","MODERATE","21.4","null","0.00289184","gnomad_AF_amr_pass","114.23802231697373","0.5275774471005955","62.81","-0.3","0.3"
"5:145246222:T>C","NM_001080516.1:c.406A>G","NP_001073985.1:p.Met136Val","Unknown significance","null","missense_variant","2/3","null","136","MODERATE","19.11","null","0.00578369","gnomad_AF_amr_pass","114.23802231697373","0.5275774471005955","62.81","-0.2","0.2"
"5:145246224:G>A","NM_001080516.1:c.404C>T","NP_001073985.1:p.Pro135Leu","Unknown significance","null","missense_variant","2/3","null","135","MODERATE","27.4","null","0.00564589","gnomad_AF_amr_pass","79.0570962808766","0.5025876732119043","59.96","0.2","0.2"
"5:145246230:C>T","NM_001080516.1:c.398G>A","NP_001073985.1:p.Arg133Gln","Unknown significance","null","missense_variant","2/3","null","133","MODERATE","29.9","null","0.0100251","gnomad_AF_eas_pass","113.572161552671","0.42153444209963653","58.65","-0.7","0.7"
"5:145246233:A>T","NM_001080516.1:c.395T>A","NP_001073985.1:p.Ile132Asn","Unknown significance","null","missense_variant","2/3","null","132","MODERATE","27.6","null","0.00326648","gnomad_AF_sas_pass","108.26075131900939","0.5519038425567285","55.81","-1.4","1.4"
"5:145246239:T>C","NM_001080516.1:c.389A>G","NP_001073985.1:p.Lys130Arg","Unknown significance","null","missense_variant","2/3","null","130","MODERATE","23.3","null","0","null","94.07629312144547","0.3974247530833652","55.73","0.6","0.6"
"5:145246244:G>T","NM_001080516.1:c.384C>A","NP_001073985.1:p.Asn128Lys","Unknown significance","null","missense_variant","2/3","null","128","MODERATE","25.3","null","0.0282294","gnomad_AF_amr_pass","108.31820005091333","0.6777211550990094","51.07","-0.3","0.3"
"5:145246260:A>C","NM_001080516.1:c.368T>G","NP_001073985.1:p.Ile123Ser","Unknown significance","null","missense_variant","2/3","null","123","MODERATE","27.5","null","0.0108743","gnomad_AF_eas_pass","120.04062031464295","0.6119565845181033","55.63","-1.5","1.5"
"5:145246261:T>C","NM_001080516.1:c.367A>G","NP_001073985.1:p.Ile123Val","Unknown significance","null","missense_variant","2/3","null","123","MODERATE","23.7","null","0.00543715","gnomad_AF_eas_pass","120.04062031464295","0.6119565845181033","55.63","0.2","0.2"
"5:145246264:T>A","NM_001080516.1:c.364A>T","NP_001073985.1:p.Ile122Leu","Unknown significance","null","missense_variant","2/3","null","122","MODERATE","26.4","null","0.00289385","gnomad_AF_amr_pass","134.37182808166074","0.6850158284151769","58.48","-0.3","0.3"
"5:145246273:A>C","NM_001080516.1:c.355T>G","NP_001073985.1:p.Phe119Val","Unknown significance","null","missense_variant","2/3","null","119","MODERATE","28.4","null","0.00326883","gnomad_AF_sas_pass","118.42959486082073","0.5154707246221779","58.5","-0.2","0.2"
"5:145246275:T>C","NM_001080516.1:c.353A>G","NP_001073985.1:p.Asp118Gly","Unknown significance","null","missense_variant","2/3","null","118","MODERATE","31","null","0.0120656","gnomad_AF_afr_pass","151.07465492671002","0.9443355795749642","55.6","0.0","0.0"
"5:145246278:A>G","NM_001080516.1:c.350T>C","NP_001073985.1:p.Ile117Thr","Unknown significance","null","missense_variant","2/3","null","117","MODERATE","23.7","null","0.00326926","gnomad_AF_sas_pass","76.46654315346836","0.38981974981009443","57.8","-0.1","0.1"
"5:145246279:T>C","NM_001080516.1:c.349A>G","NP_001073985.1:p.Ile117Val","Likely benign","null","missense_variant","2/3","null","117","MODERATE","16.68","null","0.00289452","gnomad_AF_amr_pass","76.46654315346836","0.38981974981009443","57.8","-0.0","0.0"
"5:145246284:G>T","NM_001080516.1:c.344C>A","NP_001073985.1:p.Pro115His","Unknown significance","null","missense_variant","2/3","null","115","MODERATE","26.4","null","0.00088199","gnomad_AF_nfe_pass","133.49918152733594","0.8486909610383359","50.05","-0.2","0.2"
"5:145246285:G>A","NM_001080516.1:c.343C>T","NP_001073985.1:p.Pro115Ser","Unknown significance","null","missense_variant","2/3","null","115","MODERATE","23.8","null","0.00623752","gnomad_AF_afr_pass","133.49918152733594","0.8486909610383359","50.05","-0.3","0.3"
"5:145252202:G>T","NM_001080516.1:c.330C>A","NP_001073985.1:p.Asp110Glu","Unknown significance","null","missense_variant","1/3","null","110","MODERATE","22.4","null","0.00350582","gnomad_AF_sas_pass","105.65258557568177","0.6604118717438509","43.83","0.0","0.0"
"5:145252203:T>C","NM_001080516.1:c.329A>G","NP_001073985.1:p.Asp110Gly","Unknown significance","null","missense_variant","1/3","null","110","MODERATE","23.8","null","0.000911046","gnomad_AF_nfe_pass","105.65258557568177","0.6604118717438509","43.83","-0.3","0.3"
"5:145252209:G>A","NM_001080516.1:c.323C>T","NP_001073985.1:p.Ala108Val","Likely benign","null","missense_variant","1/3","null","108","MODERATE","20.2","null","0.0135566","gnomad_AF_sas_pass","124.39782755140482","0.9782879014060839","46.45","0.0","0.0"
"5:145252212:T>C","NM_001080516.1:c.320A>G","NP_001073985.1:p.Lys107Arg","Unknown significance","null","missense_variant","1/3","null","107","MODERATE","21.7","null","0","null","173.88498680888827","0.7345761153473139","37.02","0.2","0.2"
"5:145252219:C>T","NM_001080516.1:c.313G>A","NP_001073985.1:p.Asp105Asn","Likely benign","null","missense_variant","1/3","null","105","MODERATE","20.9","null","0.012332","gnomad_AF_afr_pass","133.263630526709","0.8330026491257211","39.87","0.0","0.0"
"5:145252220:G>T","NM_001080516.1:c.312C>A","NP_001073985.1:p.Asn104Lys","Likely benign","null","missense_variant","1/3","null","104","MODERATE","17.10","null","0.0064834","gnomad_AF_nfe_pass","81.63743647487591","0.510785977989563","40.62","-0.2","0.2"
"5:145252221:T>C","NM_001080516.1:c.311A>G","NP_001073985.1:p.Asn104Ser","Likely benign","null","missense_variant","1/3","null","104","MODERATE","18.57","null","0.00995091","gnomad_AF_sas_pass","81.63743647487591","0.510785977989563","40.62","-0.1","0.1"
"5:145252225:A>T","NM_001080516.1:c.307T>A","NP_001073985.1:p.Phe103Ile","Unknown significance","null","missense_variant","1/3","null","103","MODERATE","22.5","null","0.00330688","gnomad_AF_sas_pass","42.306378665382084","0.18414062542739681","45.16","-0.9","0.9"
"5:145252227:C>G","NM_001080516.1:c.305G>C","NP_001073985.1:p.Arg102Pro","Likely benign","null","missense_variant","1/3","null","102","MODERATE","20.8","null","0.00615915","gnomad_AF_afr_pass","190.7797274748655","0.7080980487259803","42.33","-0.3","0.3"
"5:145252227:C>T","NM_001080516.1:c.305G>A","NP_001073985.1:p.Arg102Gln","Likely benign","null","missense_variant","1/3","null","102","MODERATE","20.3","null","0.0117441","gnomad_AF_nfe_pass","190.7797274748655","0.7080980487259803","42.33","-0.1","0.1"
"5:145252228:G>A","NM_001080516.1:c.304C>T","NP_001073985.1:p.Arg102Trp","Likely benign","null","missense_variant","1/3","null","102","MODERATE","20.7","null","0.0131952","gnomad_AF_sas_pass","190.7797274748655","0.7080980487259803","42.33","0.5","0.5"
"5:145252230:G>A","NM_001080516.1:c.302C>T","NP_001073985.1:p.Pro101Leu","Unknown significance","null","missense_variant","1/3","null","101","MODERATE","23.1","null","0.00582038","gnomad_AF_amr_pass","113.37293028994662","0.7207428544706461","44.22","0.4","0.4"
"5:145252233:T>C","NM_001080516.1:c.299A>G","NP_001073985.1:p.Gln100Arg","Likely benign","null","missense_variant","1/3","null","100","MODERATE","22.9","null","0.000887926","gnomad_AF_nfe_pass","146.02307070685112","0.7384162599201479","42.9","0.0","0.0"
"5:145252236:C>A","NM_001080516.1:c.296G>T","NP_001073985.1:p.Gly99Val","Unknown significance","null","missense_variant","1/3","null","99","MODERATE","22.2","null","0.00329989","gnomad_AF_sas_pass","32.41361519559095","0.33995711706472154","42.04","0.9","0.9"
"5:145252237:C>T","NM_001080516.1:c.295G>A","NP_001073985.1:p.Gly99Ser","Likely benign","null","missense_variant","1/3","null","99","MODERATE","14.03","null","0.00989381","gnomad_AF_sas_pass","32.41361519559095","0.33995711706472154","42.04","0.2","0.2"
"5:145252239:C>T","NM_001080516.1:c.293G>A","NP_001073985.1:p.Gly98Asp","Benign","null","missense_variant","1/3","null","98","MODERATE","25.5","null","11.3574","gnomad_AF_afr_pass","95.3467022459607","1.0000053934611493","49.29","-0.1","0.1"
"5:145252240:C>A","NM_001080516.1:c.292G>T","NP_001073985.1:p.Gly98Cys","Unknown significance","null","missense_variant","1/3","null","98","MODERATE","21.9","null","0.0709751","gnomad_AF_nfe_pass","95.3467022459607","1.0000053934611493","49.29","-0.0","0.0"
"5:145252244:C>G","NM_001080516.1:c.288G>C","NP_001073985.1:p.Leu96Phe","Unknown significance","null","missense_variant","1/3","null","96","MODERATE","23.3","null","0","gnomad_AF_afr_pass,gnomad_AF_sas_pass,gnomad_AF_amr_pass,gnomad_AF_eas_pass,gnomad_AF_nfe_pass","66.68082892573216","0.3457630471204781","46.92","-0.4","0.4"
"5:145252246:A>C","NM_001080516.1:c.286T>G","NP_001073985.1:p.Leu96Val","Likely benign","null","missense_variant","1/3","null","96","MODERATE","11.99","null","0.000886022","gnomad_AF_nfe_pass","66.68082892573216","0.3457630471204781","46.92","-0.1","0.1"
"5:145252252:A>G","NM_001080516.1:c.280T>C","NP_001073985.1:p.Tyr94His","Unknown significance","null","missense_variant","1/3","null","94","MODERATE","24.4","null","0.000882955","gnomad_AF_nfe_pass","122.63813270236463","0.5111802487280097","50.14","-0.8","0.8"
"5:145252254:G>T","NM_001080516.1:c.278C>A","NP_001073985.1:p.Ala93Asp","Unknown significance","null","missense_variant","1/3","null","93","MODERATE","22.0","null","0","null","12.417547684804852","0.09765392936751915","39.62","-0.1","0.1"
"5:145252255:C>A","NM_001080516.1:c.277G>T","NP_001073985.1:p.Ala93Ser","Unknown significance","null","missense_variant","1/3","null","93","MODERATE","16.35","null","0.00289536","gnomad_AF_amr_pass","12.417547684804852","0.09765392936751915","39.62","-0.0","0.0"
"5:145252255:C>T","NM_001080516.1:c.277G>A","NP_001073985.1:p.Ala93Thr","Unknown significance","null","missense_variant","1/3","null","93","MODERATE","18.32","null","0.000882239","gnomad_AF_nfe_pass","12.417547684804852","0.09765392936751915","39.62","0.4","0.4"
"5:145252257:T>C","NM_001080516.1:c.275A>G","NP_001073985.1:p.Asn92Ser","Likely benign","null","missense_variant","1/3","null","92","MODERATE","9.825","null","0.0032699","gnomad_AF_sas_pass","154.33734689216735","0.9656519861067817","59.93","-0.0","0.0"
"5:145252260:C>A","NM_001080516.1:c.272G>T","NP_001073985.1:p.Gly91Val","Unknown significance","null","missense_variant","1/3","null","91","MODERATE","24.0","null","0.00176361","gnomad_AF_nfe_pass","57.546735856724624","0.6035557064612235","64.71","0.5","0.5"
"5:145252262:C>G","NM_001080516.1:c.270G>C","NP_001073985.1:p.Glu90Asp","Likely benign","null","missense_variant","1/3","null","90","MODERATE","16.90","null","0.00326926","gnomad_AF_sas_pass","128.8540455556486","0.6598735651050385","47.6","-0.1","0.1"
"5:145252264:C>T","NM_001080516.1:c.268G>A","NP_001073985.1:p.Glu90Lys","Unknown significance","null","missense_variant","1/3","null","90","MODERATE","23.4","null","0.0200521","gnomad_AF_eas_pass","128.8540455556486","0.6598735651050385","47.6","-0.3","0.3"
"5:145252266:C>G","NM_001080516.1:c.266G>C","NP_001073985.1:p.Arg89Thr","Unknown significance","null","missense_variant","1/3","null","89","MODERATE","26.2","null","0.000880995","gnomad_AF_nfe_pass","172.9135380968777","0.6417858990852973","47.03","-0.3","0.3"
"5:145252272:A>C","NM_001080516.1:c.260T>G","NP_001073985.1:p.Val87Gly","Unknown significance","null","missense_variant","1/3","null","87","MODERATE","25.0","null","0.00615157","gnomad_AF_afr_pass","101.56686388833761","0.5908756596701129","46.66","-1.5","1.5"
"5:145252278:A>C","NM_001080516.1:c.254T>G","NP_001073985.1:p.Ile85Ser","Unknown significance","null","missense_variant","1/3","null","85","MODERATE","26.7","null","0.00289168","gnomad_AF_amr_pass","34.68460895909109","0.1768191032195311","52.29","-2.6","2.6"
"5:145252279:T>C","NM_001080516.1:c.253A>G","NP_001073985.1:p.Ile85Val","Unknown significance","null","missense_variant","1/3","null","85","MODERATE","21.6","null","0","gnomad_AF_afr_pass,gnomad_AF_sas_pass,gnomad_AF_amr_pass,gnomad_AF_eas_pass,gnomad_AF_nfe_pass","34.68460895909109","0.1768191032195311","52.29","-0.5","0.5"
"5:145252281:C>T","NM_001080516.1:c.251G>A","NP_001073985.1:p.Arg84Lys","Unknown significance","null","missense_variant","1/3","null","84","MODERATE","22.1","null","0.00264122","gnomad_AF_nfe_pass","185.59206301909083","0.6888435129993626","46.52","-0.4","0.4"
"5:145252284:T>C","NM_001080516.1:c.248A>G","NP_001073985.1:p.Gln83Arg","Unknown significance","null","missense_variant","1/3","null","83","MODERATE","22.4","null","0.000880468","gnomad_AF_nfe_pass","128.202146457372","0.6482985807827291","47.76","0.0","0.0"
"5:145252287:G>A","NM_001080516.1:c.245C>T","NP_001073985.1:p.Ala82Val","Unknown significance","null","missense_variant","1/3","null","82","MODERATE","26.8","null","0.00155036","gnomad_AF_nfe_pass","86.479867050403","0.6800939318305683","47.3","-0.0","0.0"
"5:145252295:C>A","NM_001080516.1:c.237G>T","NP_001073985.1:p.Lys79Asn","Unknown significance","null","missense_variant","1/3","null","79","MODERATE","18.40","null","0.00578269","gnomad_AF_amr_pass","196.04538398567405","0.8281925843215335","44.68","0.0","0.0"
"5:145252296:T>G","NM_001080516.1:c.236A>C","NP_001073985.1:p.Lys79Thr","Unknown significance","null","missense_variant","1/3","null","79","MODERATE","19.99","null","0.0026401","gnomad_AF_nfe_pass","196.04538398567405","0.8281925843215335","44.68","0.1","0.1"
"5:145252299:G>A","NM_001080516.1:c.233C>T","NP_001073985.1:p.Pro78Leu","Unknown significance","null","missense_variant","1/3","null","78","MODERATE","23.1","null","0.0197573","gnomad_AF_amr_pass","98.39859323873728","0.6255468813005743","42.03","0.1","0.1"
"5:145252302:G>A","NM_001080516.1:c.230C>T","NP_001073985.1:p.Ser77Phe","Unknown significance","null","missense_variant","1/3","null","77","MODERATE","18.33","null","0.00326627","gnomad_AF_sas_pass","78.63077567576468","0.5701716493102948","35.46","0.3","0.3"
"5:145252303:A>C","NM_001080516.1:c.229T>G","NP_001073985.1:p.Ser77Ala","Likely benign","null","missense_variant","1/3","null","77","MODERATE","8.693","null","0.00289151","gnomad_AF_amr_pass","78.63077567576468","0.5701716493102948","35.46","0.2","0.2"
"5:145252306:A>G","NM_001080516.1:c.226T>C","NP_001073985.1:p.Cys76Arg","Likely benign","null","missense_variant","1/3","null","76","MODERATE","11.73","null","0.0108743","gnomad_AF_eas_pass","134.97660943343016","0.8734766560019129","34.55","-0.0","0.0"
"5:145252307:C>T","NM_001080516.1:c.225G>A","NP_001073985.1:p.Met75Ile","Likely benign","null","missense_variant","1/3","null","75","MODERATE","0.037","null","0.00088008","gnomad_AF_nfe_pass","190.9748521253219","0.8819657667491047","34.74","0.0","0.0"
"5:145252310:C>G","NM_001080516.1:c.222G>C","NP_001073985.1:p.Gln74His","Likely benign","null","missense_variant","1/3","null","74","MODERATE","0.161","null","0.0108755","gnomad_AF_eas_pass","187.41309626777516","0.9477192674843006","37.37","0.0","0.0"
"5:145252312:G>C","NM_001080516.1:c.220C>G","NP_001073985.1:p.Gln74Glu","Unknown significance","null","missense_variant","1/3","null","74","MODERATE","0.504","null","0.115695","gnomad_AF_amr_pass","187.41309626777516","0.9477192674843006","37.37","-0.1","0.1"
"5:145252315:G>A","NM_001080516.1:c.217C>T","NP_001073985.1:p.Pro73Ser","Likely benign","null","missense_variant","1/3","null","73","MODERATE","14.88","null","0.00289101","gnomad_AF_amr_pass","160.74755474051625","1.0219163530179112","36.12","-0.0","0.0"
"5:145252315:G>C","NM_001080516.1:c.217C>G","NP_001073985.1:p.Pro73Ala","Unknown significance","null","missense_variant","1/3","null","73","MODERATE","15.27","null","0.00264071","gnomad_AF_nfe_pass","160.74755474051625","1.0219163530179112","36.12","-0.0","0.0"
"5:145252318:T>C","NM_001080516.1:c.214A>G","NP_001073985.1:p.Arg72Gly","Likely benign","null","missense_variant","1/3","null","72","MODERATE","17.91","null","0.00578269","gnomad_AF_amr_pass","164.35517897809223","0.6100206928313645","30.87","-0.8","0.8"
"5:145252320:G>C","NM_001080516.1:c.212C>G","NP_001073985.1:p.Pro71Arg","Unknown significance","null","missense_variant","1/3","null","71","MODERATE","21.9","null","0.00615157","gnomad_AF_afr_pass","151.45870056196873","0.9628645559241423","33.55","0.0","0.0"
"5:145252321:G>A","NM_001080516.1:c.211C>T","NP_001073985.1:p.Pro71Ser","Unknown significance","null","missense_variant","1/3","null","71","MODERATE","22.9","null","0","null","151.45870056196873","0.9628645559241423","33.55","-0.1","0.1"
"5:145252327:C>T","NM_001080516.1:c.205G>A","NP_001073985.1:p.Glu69Lys","Unknown significance","null","missense_variant","1/3","null","69","MODERATE","25.0","null","0.00653296","gnomad_AF_sas_pass","136.74346193939252","0.7002760010028766","31.32","-0.1","0.1"
"5:145252332:G>A","NM_001080516.1:c.200C>T","NP_001073985.1:p.Ser67Phe","Likely benign","null","missense_variant","1/3","null","67","MODERATE","20.8","null","0.00326648","gnomad_AF_sas_pass","158.72097832583563","1.1509259728704204","31.67","0.1","0.1"
"5:145252339:A>C","NM_001080516.1:c.193T>G","NP_001073985.1:p.Tyr65Asp","Unknown significance","null","missense_variant","1/3","null","65","MODERATE","23.4","null","0.00282167","gnomad_AF_amr_pass","240.00657499229482","1.0003953745665064","31.09","-0.2","0.2"
"5:145252339:A>G","NM_001080516.1:c.193T>C","NP_001073985.1:p.Tyr65His","Unknown significance","null","missense_variant","1/3","null","65","MODERATE","23.0","null","0.00653296","gnomad_AF_sas_pass","240.00657499229482","1.0003953745665064","31.09","-0.1","0.1"
"5:145252341:A>T","NM_001080516.1:c.191T>A","NP_001073985.1:p.Val64Asp","Unknown significance","null","missense_variant","1/3","null","64","MODERATE","23.8","null","0.00087974","gnomad_AF_nfe_pass","122.4583590292369","0.7124140778144902","28.88","-0.5","0.5"
"5:145252344:C>T","NM_001080516.1:c.188G>A","NP_001073985.1:p.Gly63Asp","Unknown significance","null","missense_variant","1/3","null","63","MODERATE","16.51","null","0.000879554","gnomad_AF_nfe_pass","69.98843012437368","0.7340453938690625","33.26","0.1","0.1"
"5:145252347:T>A","NM_001080516.1:c.185A>T","NP_001073985.1:p.Asp62Val","Unknown significance","null","missense_variant","1/3","null","62","MODERATE","24.9","null","0.00615157","gnomad_AF_afr_pass","105.28460883408158","0.6581117272906485","35.78","0.0","0.0"
"5:145252350:A>C","NM_001080516.1:c.182T>G","NP_001073985.1:p.Met61Arg","Benign","null","missense_variant","1/3","null","61","MODERATE","16.46","null","1.00545","gnomad_AF_afr_pass","187.44414762580672","0.8656601617627688","32.01","0.1","0.1"
"5:145252350:A>G","NM_001080516.1:c.182T>C","NP_001073985.1:p.Met61Thr","Unknown significance","null","missense_variant","1/3","null","61","MODERATE","14.98","null","0.0173461","gnomad_AF_amr_pass","187.44414762580672","0.8656601617627688","32.01","-0.1","0.1"
"5:145252351:T>C","NM_001080516.1:c.181A>G","NP_001073985.1:p.Met61Val","Likely benign","null","missense_variant","1/3","null","61","MODERATE","13.34","null","0.00175908","gnomad_AF_nfe_pass","187.44414762580672","0.8656601617627688","32.01","-0.1","0.1"
"5:145252353:G>T","NM_001080516.1:c.179C>A","NP_001073985.1:p.Thr60Lys","Unknown significance","null","missense_variant","1/3","null","60","MODERATE","21.3","null","0","null","154.78393323323914","0.9837695698354039","34.69","-0.0","0.0"
"5:145252360:G>A","NM_001080516.1:c.172C>T","NP_001073985.1:p.Leu58Phe","Unknown significance","null","missense_variant","1/3","null","58","MODERATE","14.77","null","0.00400481","gnomad_AF_afr_pass","192.094683931786","0.9960770482603922","37.88","0.1","0.1"
"5:145252362:G>A","NM_001080516.1:c.170C>T","NP_001073985.1:p.Ser57Phe","Unknown significance","null","missense_variant","1/3","null","57","MODERATE","24.0","null","0.000879554","gnomad_AF_nfe_pass","119.37483038394393","0.8656170989182866","37.16","-0.0","0.0"
"5:145252369:G>T","NM_001080516.1:c.163C>A","NP_001073985.1:p.Gln55Lys","Unknown significance","null","missense_variant","1/3","null","55","MODERATE","20.2","null","0.00653253","gnomad_AF_sas_pass","184.51554122955633","0.9330667763137123","40.07","-0.1","0.1"
"5:145252371:A>C","NM_001080516.1:c.161T>G","NP_001073985.1:p.Leu54Arg","Likely benign","null","missense_variant","1/3","null","54","MODERATE","21.3","null","0","null","116.24555567528452","0.6027732137113386","39.85","-0.5","0.5"
"5:145252377:C>T","NM_001080516.1:c.155G>A","NP_001073985.1:p.Ser52Asn","Benign","null","missense_variant","1/3","null","52","MODERATE","22.9","null","11.3831","gnomad_AF_afr_pass","97.3193580850474","0.7056872888801122","41.62","-0.2","0.2"
"5:145252378:T>C","NM_001080516.1:c.154A>G","NP_001073985.1:p.Ser52Gly","Unknown significance","null","missense_variant","1/3","null","52","MODERATE","23.0","null","0.0394908","gnomad_AF_nfe_pass","97.3193580850474","0.7056872888801122","41.62","-0.4","0.4"
"5:145252383:G>C","NM_001080516.1:c.149C>G","NP_001073985.1:p.Pro50Arg","Unknown significance","null","missense_variant","1/3","null","50","MODERATE","23.1","null","0.00648172","gnomad_AF_nfe_pass","157.82862493507955","1.0033599145930638","46.05","-0.0","0.0"
"5:145252384:G>A","NM_001080516.1:c.148C>T","NP_001073985.1:p.Pro50Ser","Unknown significance","null","missense_variant","1/3","null","50","MODERATE","19.23","null","0.00351729","gnomad_AF_nfe_pass","157.82862493507955","1.0033599145930638","46.05","-0.0","0.0"
"5:145252386:T>C","NM_001080516.1:c.146A>G","NP_001073985.1:p.Tyr49Cys","Unknown significance","null","missense_variant","1/3","null","49","MODERATE","22.9","null","0.000879291","gnomad_AF_nfe_pass","102.08527812932427","0.42551184297842665","39.13","-1.0","1.0"
"5:145252399:G>A","NM_001080516.1:c.133C>T","NP_001073985.1:p.Pro45Ser","Unknown significance","null","missense_variant","1/3","null","45","MODERATE","24.4","null","0.00326627","gnomad_AF_sas_pass","33.56651233549513","0.21339153758694215","53.5","-0.9","0.9"
"5:145252402:A>T","NM_001080516.1:c.130T>A","NP_001073985.1:p.Ser44Thr","Unknown significance","null","missense_variant","1/3","null","44","MODERATE","15.50","null","0","gnomad_AF_afr_pass,gnomad_AF_sas_pass,gnomad_AF_amr_pass,gnomad_AF_eas_pass,gnomad_AF_nfe_pass","54.72004280126188","0.39678887542682245","52.64","0.0","0.0"
"5:145252404:T>C","NM_001080516.1:c.128A>G","NP_001073985.1:p.Glu43Gly","Unknown significance","null","missense_variant","1/3","null","43","MODERATE","25.5","null","0.360404","gnomad_AF_afr_pass","130.71054273433222","0.6693808600186183","52.25","-0.3","0.3"
"5:145252411:C>G","NM_001080516.1:c.121G>C","NP_001073985.1:p.Glu41Gln","Unknown significance","null","missense_variant","1/3","null","41","MODERATE","24.3","null","0.00289084","gnomad_AF_amr_pass","115.55334723747833","0.5917594505675391","53.86","0.2","0.2"
"5:145252411:C>T","NM_001080516.1:c.121G>A","NP_001073985.1:p.Glu41Lys","Unknown significance","null","missense_variant","1/3","null","41","MODERATE","24.8","null","0.00543715","gnomad_AF_eas_pass","115.55334723747833","0.5917594505675391","53.86","0.1","0.1"
"5:145252413:T>C","NM_001080516.1:c.119A>G","NP_001073985.1:p.Gln40Arg","Unknown significance","null","missense_variant","1/3","null","40","MODERATE","25.1","null","0.0100647","gnomad_AF_nfe_pass","100.71485231802903","0.5092995525096827","56.41","0.3","0.3"
"5:145252420:C>T","NM_001080516.1:c.112G>A","NP_001073985.1:p.Asp38Asn","Unknown significance","null","missense_variant","1/3","null","38","MODERATE","26.9","null","0.00615157","gnomad_AF_afr_pass","59.13815413515733","0.36966004050983753","70.53","-0.3","0.3"
"5:145252429:C>T","NM_001080516.1:c.103G>A","NP_001073985.1:p.Val35Ile","Unknown significance","null","missense_variant","1/3","null","35","MODERATE","25.6","null","0.000879291","gnomad_AF_nfe_pass","2.985460050868178","0.017368220396318235","76.11","-0.8","0.8"
"5:145252432:G>T","NM_001080516.1:c.100C>A","NP_001073985.1:p.Gln34Lys","Unknown significance","null","missense_variant","1/3","null","34","MODERATE","25.5","null","0","null","26.61688670029048","0.13459751142614945","80.02","-1.2","1.2"
"5:145252443:C>A","NM_001080516.1:c.89G>T","NP_001073985.1:p.Arg30Leu","Unknown significance","null","missense_variant","1/3","null","30","MODERATE","29.1","null","0.000879585","gnomad_AF_nfe_pass","59.53634652219504","0.22097510756846114","69.16","-0.3","0.3"
"5:145252443:C>T","NM_001080516.1:c.89G>A","NP_001073985.1:p.Arg30Gln","Unknown significance","null","missense_variant","1/3","null","30","MODERATE","28.9","null","0.000774485","gnomad_AF_nfe_pass","59.53634652219504","0.22097510756846114","69.16","-1.0","1.0"
"5:145252447:C>A","NM_001080516.1:c.85G>T","NP_001073985.1:p.Gly29Cys","Unknown significance","null","missense_variant","1/3","null","29","MODERATE","28.5","null","0.00615157","gnomad_AF_afr_pass","60.92691284931641","0.6390073282144894","72.81","-0.7","0.7"
"5:145252447:C>T","NM_001080516.1:c.85G>A","NP_001073985.1:p.Gly29Ser","Unknown significance","null","missense_variant","1/3","null","29","MODERATE","27.1","null","0.0163313","gnomad_AF_sas_pass","60.92691284931641","0.6390073282144894","72.81","-0.6","0.6"
"5:145252448:G>T","NM_001080516.1:c.84C>A","NP_001073985.1:p.Ser28Arg","Unknown significance","null","missense_variant","1/3","null","28","MODERATE","18.89","null","0.00615157","gnomad_AF_afr_pass","54.6264548849366","0.3961102457662588","78.0","-0.4","0.4"
"5:145252453:A>G","NM_001080516.1:c.79T>C","NP_001073985.1:p.Tyr27His","Unknown significance","null","missense_variant","1/3","null","27","MODERATE","26.7","null","0.000879616","gnomad_AF_nfe_pass","185.18905262634433","0.7719049849934148","67.58","-0.2","0.2"
"5:145252456:A>C","NM_001080516.1:c.76T>G","NP_001073985.1:p.Ser26Ala","Unknown significance","null","missense_variant","1/3","null","26","MODERATE","18.17","null","0.00175923","gnomad_AF_nfe_pass","146.26002268358448","1.0605684306808092","74.81","0.0","0.0"
"5:145252459:A>G","NM_001080516.1:c.73T>C","NP_001073985.1:p.Ser25Pro","Unknown significance","null","missense_variant","1/3","null","25","MODERATE","27.1","null","0.000879678","gnomad_AF_nfe_pass","31.313630150338284","0.2270630550858714","74.95","-0.8","0.8"
"5:145252462:A>C","NM_001080516.1:c.70T>G","NP_001073985.1:p.Ser24Ala","Unknown significance","null","missense_variant","1/3","null","24","MODERATE","17.89","null","0","null","48.62160681397495","0.3525675730779463","81.9","0.3","0.3"
"5:145252467:T>C","NM_001080516.1:c.65A>G","NP_001073985.1:p.Lys22Arg","Unknown significance","null","missense_variant","1/3","null","22","MODERATE","23.5","null","0.152224","gnomad_AF_eas_pass","117.23854807630224","0.49527356441359704","82.6","0.6","0.6"
"5:145252470:A>T","NM_001080516.1:c.62T>A","NP_001073985.1:p.Phe21Tyr","Unknown significance","null","missense_variant","1/3","null","21","MODERATE","25.4","null","0.00326627","gnomad_AF_sas_pass","68.51800265143676","0.2982280275289937","78.16","-1.0","1.0"
"5:145252473:C>T","NM_001080516.1:c.59G>A","NP_001073985.1:p.Arg20Gln","Unknown significance","null","missense_variant","1/3","null","20","MODERATE","26.5","null","0.00289084","gnomad_AF_amr_pass","132.5472432770345","0.49196235664421506","72.98","-0.3","0.3"
"5:145252480:T>G","NM_001080516.1:c.52A>C","NP_001073985.1:p.Lys18Gln","Unknown significance","null","missense_variant","1/3","null","18","MODERATE","23.1","null","0","gnomad_AF_afr_pass,gnomad_AF_amr_pass,gnomad_AF_eas_pass,gnomad_AF_nfe_pass","152.2760673887969","0.6432893609485008","78.91","0.2","0.2"
"5:145252482:C>T","NM_001080516.1:c.50G>A","NP_001073985.1:p.Arg17Gln","Unknown significance","null","missense_variant","1/3","null","17","MODERATE","22.6","null","0.0228639","gnomad_AF_sas_pass","121.30489219190027","0.45023524563592016","77.21","-0.3","0.3"
"5:145252483:G>A","NM_001080516.1:c.49C>T","NP_001073985.1:p.Arg17Trp","Unknown significance","null","missense_variant","1/3","null","17","MODERATE","24.7","null","0.00800961","gnomad_AF_afr_pass","121.30489219190027","0.45023524563592016","77.21","-0.1","0.1"
"5:145252485:G>A","NM_001080516.1:c.47C>T","NP_001073985.1:p.Pro16Leu","Unknown significance","null","missense_variant","1/3","null","16","MODERATE","24.6","null","0.000879987","gnomad_AF_nfe_pass","112.77554215593457","0.7169450940367085","65.56","-0.4","0.4"
"5:145252488:T>G","NM_001080516.1:c.44A>C","NP_001073985.1:p.Lys15Thr","Unknown significance","null","missense_variant","1/3","null","15","MODERATE","23.4","null","0.000880018","gnomad_AF_nfe_pass","194.98948115795514","0.8237319289676445","61.93","-0.0","0.0"
"5:145252506:T>C","NM_001080516.1:c.26A>G","NP_001073985.1:p.Asn9Ser","Likely benign","null","missense_variant","1/3","null","9","MODERATE","7.512","null","0.00326755","gnomad_AF_sas_pass","103.67451864059365","0.6486667475494526","41.39","-0.1","0.1"
"5:145252506:T>G","NM_001080516.1:c.26A>C","NP_001073985.1:p.Asn9Thr","Likely benign","null","missense_variant","1/3","null","9","MODERATE","11.27","null","0","gnomad_AF_afr_pass,gnomad_AF_sas_pass,gnomad_AF_amr_pass,gnomad_AF_eas_pass,gnomad_AF_nfe_pass","103.67451864059365","0.6486667475494526","41.39","-0.1","0.1"
"5:145252509:A>G","NM_001080516.1:c.23T>C","NP_001073985.1:p.Leu8Pro","Unknown significance","null","missense_variant","1/3","null","8","MODERATE","17.09","null","0.00615157","gnomad_AF_afr_pass","191.02264210490557","0.990518142429818","33.51","-0.2","0.2"
"5:145252515:T>C","NM_001080516.1:c.17A>G","NP_001073985.1:p.Lys6Arg","Likely benign","null","missense_variant","1/3","null","6","MODERATE","13.66","null","0.000882581","gnomad_AF_nfe_pass","228.01691539110445","0.9632561327768003","41.84","0.1","0.1"
"5:145252522:G>A","NM_001080516.1:c.10C>T","NP_001073985.1:p.Pro4Ser","Likely benign","null","missense_variant","1/3","null","4","MODERATE","5.931","null","0.0032684","gnomad_AF_sas_pass","151.96459809458","0.9660806854780967","45.09","-0.1","0.1"