{"applied_filters": "CONTAINS missense_variant[Consequence]"},
"Genomic Description (GRCh37)","HGVS Nucleotide Change","HGVS Protein Change","Variant Classification","Phenotype","Consequence","Exon","Intron","Protein Position","Impact","CADD Phred","Interpro Domain","Max MAF (%)","Max MAF Source","Surface Area","Normalized SA","Confidence Score","ddG","|ddG|"
"6:10398667:C>T","NM_001372066.1:c.1303G>A","NP_001358995.1:p.Glu435Lys","Unknown significance","null","missense_variant","7/7","null","435","MODERATE","23.7","null","0","null","145.14484650233388","0.7433002736165937","38.04","-0.5","0.5"
"6:10398679:T>C","NM_001372066.1:c.1291A>G","NP_001358995.1:p.Ser431Gly","Likely benign","null","missense_variant","7/7","null","431","MODERATE","17.59","null","0","gnomad_AF_afr_pass,gnomad_AF_amr_pass,gnomad_AF_eas_pass,gnomad_AF_nfe_pass,gnomad_AF_sas_pass","103.45633380131653","0.7501880525550264","36.47","-0.2","0.2"
"6:10398681:C>T","NM_001372066.1:c.1289G>A","NP_001358995.1:p.Ser430Asn","Unknown significance","null","missense_variant","7/7","null","430","MODERATE","22.3","null","0.000888005","gnomad_AF_nfe_pass","103.63341411077391","0.7514721066831458","36.94","-0.1","0.1"
"6:10398687:G>A","NM_001372066.1:c.1283C>T","NP_001358995.1:p.Ala428Val","Unknown significance","null","missense_variant","7/7","null","428","MODERATE","23.9","null","0","null","79.39746335617544","0.6243965777584205","37.18","0.1","0.1"
"6:10398689:G>T","NM_001372066.1:c.1281C>A","NP_001358995.1:p.Asn427Lys","Unknown significance","null","missense_variant","7/7","null","427","MODERATE","22.4","null","0.00543656","gnomad_AF_eas_pass","131.87767023211634","0.8251271435406623","35.25","-0.1","0.1"
"6:10398697:C>G","NM_001372066.1:c.1273G>C","NP_001358995.1:p.Asp425His","Unknown significance","null","missense_variant","7/7","null","425","MODERATE","27.8","null","0.00326627","gnomad_AF_sas_pass","153.40643344305468","0.9589110318090998","41.99","0.0","0.0"
"6:10398697:C>T","NM_001372066.1:c.1273G>A","NP_001358995.1:p.Asp425Asn","Unknown significance","null","missense_variant","7/7","null","425","MODERATE","25.0","null","0.000884064","gnomad_AF_nfe_pass","153.40643344305468","0.9589110318090998","41.99","-0.0","0.0"
"6:10398705:C>T","NM_001372066.1:c.1265G>A","NP_001358995.1:p.Ser422Asn","Unknown significance","null","missense_variant","7/7","null","422","MODERATE","22.9","null","0","null","55.463471844855256","0.4021796675217484","47.55","-0.1","0.1"
"6:10398707:G>T","NM_001372066.1:c.1263C>A","NP_001358995.1:p.Asn421Lys","Unknown significance","null","missense_variant","7/7","null","421","MODERATE","24.5","null","0","null","128.66527828746703","0.8050279729642017","52.78","-0.1","0.1"
"6:10398708:T>C","NM_001372066.1:c.1262A>G","NP_001358995.1:p.Asn421Ser","Unknown significance","null","missense_variant","7/7","null","421","MODERATE","22.4","null","0.0230256","gnomad_AF_afr_pass","128.66527828746703","0.8050279729642017","52.78","-0.0","0.0"
"6:10398708:T>G","NM_001372066.1:c.1262A>C","NP_001358995.1:p.Asn421Thr","Unknown significance","null","missense_variant","7/7","null","421","MODERATE","24.3","null","0","null","128.66527828746703","0.8050279729642017","52.78","0.0","0.0"
"6:10398711:G>C","NM_001372066.1:c.1259C>G","NP_001358995.1:p.Pro420Arg","Unknown significance","null","missense_variant","7/7","null","420","MODERATE","24.3","null","0.0108731","gnomad_AF_eas_pass","121.76568452703131","0.7740978981326289","55.92","0.1","0.1"
"6:10398714:T>G","NM_001372066.1:c.1256A>C","NP_001358995.1:p.Asn419Thr","Unknown significance","null","missense_variant","7/7","null","419","MODERATE","23.3","null","0","null","36.67852292484472","0.2294887739296556","57.68","0.1","0.1"
"6:10398729:A>C","NM_001372066.1:c.1241T>G","NP_001358995.1:p.Met414Arg","Unknown significance","null","missense_variant","7/7","null","414","MODERATE","24.7","null","0.00615157","gnomad_AF_afr_pass","30.280551423297595","0.13984254710200808","78.92","-0.9","0.9"
"6:10398737:C>T","NM_001372066.1:c.1233G>A","NP_001358995.1:p.Met411Ile","Unknown significance","null","missense_variant","7/7","null","411","MODERATE","23.4","null","0","null","0.33342004378394785","0.0015398104058876698","88.27","0.4","0.4"
"6:10398754:C>T","NM_001372066.1:c.1216G>A","NP_001358995.1:p.Glu406Lys","Unknown significance","null","missense_variant","7/7","null","406","MODERATE","31","Transcription_factor_AP-2&_C-terminal&Transcription_factor_AP-2&_C-terminal","0.00326627","gnomad_AF_sas_pass","29.198106293129243","0.14952622101137","97.81","-0.4","0.4"
"6:10398762:T>C","NM_001372066.1:c.1208A>G","NP_001358995.1:p.Tyr403Cys","Unknown significance","null","missense_variant","7/7","null","403","MODERATE","29.1","Transcription_factor_AP-2&_C-terminal&Transcription_factor_AP-2&_C-terminal","0.000879399","gnomad_AF_nfe_pass","28.072184767217564","0.11701047688382028","98.47","-2.4","2.4"
"6:10398777:G>A","NM_001372066.1:c.1193C>T","NP_001358995.1:p.Thr398Met","Unknown significance","null","missense_variant","7/7","null","398","MODERATE","28.5","Transcription_factor_AP-2&_C-terminal&Transcription_factor_AP-2&_C-terminal","0","gnomad_AF_afr_pass,gnomad_AF_amr_pass,gnomad_AF_eas_pass,gnomad_AF_nfe_pass,gnomad_AF_sas_pass","45.56388677734951","0.28959314031281086","96.04","0.2","0.2"
"6:10398778:T>A","NM_001372066.1:c.1192A>T","NP_001358995.1:p.Thr398Ser","Unknown significance","null","missense_variant","7/7","null","398","MODERATE","23.7","Transcription_factor_AP-2&_C-terminal&Transcription_factor_AP-2&_C-terminal","0.000879507","gnomad_AF_nfe_pass","45.56388677734951","0.28959314031281086","96.04","-0.6","0.6"
"6:10398781:C>A","NM_001372066.1:c.1189G>T","NP_001358995.1:p.Val397Phe","Unknown significance","null","missense_variant","7/7","null","397","MODERATE","23.7","Transcription_factor_AP-2&_C-terminal&Transcription_factor_AP-2&_C-terminal","0.000879569","gnomad_AF_nfe_pass","16.13256446200024","0.09385285026753258","98.52","-0.0","0.0"
"6:10398787:C>A","NM_001372066.1:c.1183G>T","NP_001358995.1:p.Ala395Ser","Unknown significance","null","missense_variant","7/7","null","395","MODERATE","27.1","Transcription_factor_AP-2&_C-terminal&Transcription_factor_AP-2&_C-terminal","0","gnomad_AF_afr_pass,gnomad_AF_amr_pass,gnomad_AF_eas_pass,gnomad_AF_nfe_pass,gnomad_AF_sas_pass","9.769505191906338","0.07682922539797972","98.22","-1.5","1.5"
"6:10398789:C>G","NM_001372066.1:c.1181G>C","NP_001358995.1:p.Cys394Ser","Unknown significance","null","missense_variant","7/7","null","394","MODERATE","27.2","Transcription_factor_AP-2&_C-terminal&Transcription_factor_AP-2&_C-terminal","0.0641026","gnomad_AF_eas_pass","9.530019087870382","0.061671790686169986","97.68","-2.2","2.2"
"6:10398789:C>T","NM_001372066.1:c.1181G>A","NP_001358995.1:p.Cys394Tyr","Unknown significance","null","missense_variant","7/7","null","394","MODERATE","29.2","Transcription_factor_AP-2&_C-terminal&Transcription_factor_AP-2&_C-terminal","0.000879755","gnomad_AF_nfe_pass","9.530019087870382","0.061671790686169986","97.68","-0.0","0.0"
"6:10398799:G>A","NM_001372066.1:c.1171C>T","NP_001358995.1:p.Pro391Ser","Unknown significance","null","missense_variant","7/7","null","391","MODERATE","27.9","Transcription_factor_AP-2&_C-terminal&Transcription_factor_AP-2&_C-terminal","0.00326627","gnomad_AF_sas_pass","15.95053765270869","0.10140194849646762","96.65","-0.9","0.9"
"6:10398814:G>A","NM_001372066.1:c.1156C>T","NP_001358995.1:p.His386Tyr","Likely pathogenic","Branchio-oculo-facial syndrome","missense_variant","7/7","null","386","MODERATE","27.8","Transcription_factor_AP-2&_C-terminal&Transcription_factor_AP-2&_C-terminal","0","null","0.0","0.0","97.28","0.5","0.5"
"6:10398817:A>T","NM_001372066.1:c.1153T>A","NP_001358995.1:p.Ser385Thr","Unknown significance","null","missense_variant","7/7","null","385","MODERATE","20.5","Transcription_factor_AP-2&_C-terminal&Transcription_factor_AP-2&_C-terminal","0.0008796","gnomad_AF_nfe_pass","3.2612539714107416","0.023648177697834064","97.98","1.2","1.2"
"6:10398834:G>A","NM_001372066.1:c.1136C>T","NP_001358995.1:p.Thr379Ile","Unknown significance","null","missense_variant","7/7","null","379","MODERATE","29.1","Transcription_factor_AP-2&_C-terminal&Transcription_factor_AP-2&_C-terminal","0.000880437","gnomad_AF_nfe_pass","21.58450955812321","0.13718596781686568","97.08","0.2","0.2"
"6:10398840:C>T","NM_001372066.1:c.1130G>A","NP_001358995.1:p.Cys377Tyr","Unknown significance","null","missense_variant","7/7","null","377","MODERATE","27.8","null","0.000880855","gnomad_AF_nfe_pass","98.56782767362006","0.637863825940812","98.18","0.2","0.2"
"6:10398859:C>G","NM_001372066.1:c.1111G>C","NP_001358995.1:p.Glu371Gln","Unknown significance","null","missense_variant","7/7","null","371","MODERATE","31","Transcription_factor_AP-2&_C-terminal&Transcription_factor_AP-2&_C-terminal","0.0114969","gnomad_AF_afr_pass","134.67735304485777","0.6896952649751275","95.54","0.1","0.1"
"6:10398865:T>C","NM_001372066.1:c.1105A>G","NP_001358995.1:p.Ile369Val","Unknown significance","null","missense_variant","7/7","null","369","MODERATE","23.1","Transcription_factor_AP-2&_C-terminal&Transcription_factor_AP-2&_C-terminal","0.000883174","gnomad_AF_nfe_pass","113.34593906730366","0.5778276849854224","95.02","-0.3","0.3"
"6:10398870:T>C","NM_001372066.1:c.1100A>G","NP_001358995.1:p.Asn367Ser","Unknown significance","null","missense_variant","7/7","null","367","MODERATE","16.19","Transcription_factor_AP-2&_C-terminal&Transcription_factor_AP-2&_C-terminal","0.00326648","gnomad_AF_sas_pass","136.9738769038587","0.8570128937707537","90.95","0.0","0.0"
"6:10398882:T>C","NM_001372066.1:c.1088A>G","NP_001358995.1:p.Asn363Ser","Unknown significance","null","missense_variant","7/7","null","363","MODERATE","23.8","Transcription_factor_AP-2&_C-terminal&Transcription_factor_AP-2&_C-terminal","0.00545852","gnomad_AF_nfe_pass","47.00708790859417","0.29411214274497627","76.6","-0.3","0.3"
"6:10398892:G>A","NM_001372066.1:c.1078C>T","NP_001358995.1:p.Pro360Ser","Unknown significance","null","missense_variant","7/7","null","360","MODERATE","29.8","Transcription_factor_AP-2&_C-terminal&Transcription_factor_AP-2&_C-terminal","0.0326193","gnomad_AF_eas_pass","51.35285046534479","0.3264641738988281","90.74","-1.3","1.3"
"6:10398897:C>A","NM_001372066.1:c.1073G>T","NP_001358995.1:p.Arg358Leu","Unknown significance","null","missense_variant","7/7","null","358","MODERATE","31","null","0.000890869","gnomad_AF_nfe_pass","81.36060751656727","0.3019780360742557","94.21","-0.9","0.9"
"6:10398898:G>C","NM_001372066.1:c.1072C>G","NP_001358995.1:p.Arg358Gly","Unknown significance","null","missense_variant","7/7","null","358","MODERATE","28.1","Transcription_factor_AP-2&_C-terminal&Transcription_factor_AP-2&_C-terminal","0","null","81.36060751656727","0.3019780360742557","94.21","-1.9","1.9"
"6:10398907:C>T","NM_001372066.1:c.1063G>A","NP_001358995.1:p.Ala355Thr","Unknown significance","null","missense_variant","7/7","null","355","MODERATE","22.1","Transcription_factor_AP-2&_C-terminal&Transcription_factor_AP-2&_C-terminal","0.00615764","gnomad_AF_afr_pass","7.893503805252344","0.062075997823918976","93.14","0.0","0.0"
"6:10398916:C>A","NM_001372066.1:c.1054G>T","NP_001358995.1:p.Asp352Tyr","Unknown significance","null","missense_variant","7/7","null","352","MODERATE","32","Transcription_factor_AP-2&_C-terminal&Transcription_factor_AP-2&_C-terminal","0.00616219","gnomad_AF_afr_pass","21.06342010873214","0.13166296521319273","96.44","0.9","0.9"
"6:10398921:A>T","NM_001372066.1:c.1049T>A","NP_001358995.1:p.Phe350Tyr","Unknown significance","null","missense_variant","7/7","null","350","MODERATE","32","Transcription_factor_AP-2&_C-terminal&Transcription_factor_AP-2&_C-terminal","0.000901843","gnomad_AF_nfe_pass","82.96570503271516","0.3611123734929847","98.07","-0.5","0.5"
"6:10398931:A>G","NM_001372066.1:c.1039T>C","NP_001358995.1:p.Cys347Arg","Likely pathogenic","Multiple congenital anomalies","missense_variant","7/7","null","347","MODERATE","31","Transcription_factor_AP-2&_C-terminal&Transcription_factor_AP-2&_C-terminal","0","null","2.7594870093791366","0.017857519872152217","98.48","-1.2","1.2"
"6:10398932:T>C","NM_001372066.1:c.1038A>G","NP_001358995.1:p.Ile346Met","Unknown significance","null","missense_variant","7/7","null","346","MODERATE","0.233","Transcription_factor_AP-2&_C-terminal&Transcription_factor_AP-2&_C-terminal","0.00326755","gnomad_AF_sas_pass","121.01168466674272","0.6169069856631545","98.51","-0.4","0.4"
"6:10398937:G>C","NM_001372066.1:c.1033C>G","NP_001358995.1:p.Gln345Glu","Unknown significance","null","missense_variant&splice_region_variant","7/7","null","345","MODERATE","26.4","Transcription_factor_AP-2&_C-terminal","0.000910664","gnomad_AF_nfe_pass","128.2583062262237","0.6485825721155556","98.36","-0.3","0.3"
"6:10400694:G>A","NM_001372066.1:c.1018C>T","NP_001358995.1:p.Leu340Phe","Unknown significance","null","missense_variant","6/7","null","340","MODERATE","24.6","Transcription_factor_AP-2&_C-terminal&Transcription_factor_AP-2&_C-terminal","0","gnomad_AF_afr_pass,gnomad_AF_amr_pass,gnomad_AF_eas_pass,gnomad_AF_nfe_pass,gnomad_AF_sas_pass","6.133117190223346","0.031802323429429756","97.37","-0.7","0.7"
"6:10400720:T>C","NM_001372066.1:c.992A>G","NP_001358995.1:p.Asn331Ser","Unknown significance","null","missense_variant","6/7","null","331","MODERATE","22.3","Transcription_factor_AP-2&_C-terminal&Transcription_factor_AP-2&_C-terminal","0.000878982","gnomad_AF_nfe_pass","119.41344045824735","0.7471414292673874","83.7","-0.1","0.1"
"6:10400724:G>A","NM_001372066.1:c.988C>T","NP_001358995.1:p.Pro330Ser","Unknown significance","null","missense_variant","6/7","null","330","MODERATE","23.4","Transcription_factor_AP-2&_C-terminal&Transcription_factor_AP-2&_C-terminal","0.0641026","gnomad_AF_eas_pass","61.940544332372156","0.3937730516041735","84.2","-0.4","0.4"
"6:10400727:C>T","NM_001372066.1:c.985G>A","NP_001358995.1:p.Asp329Asn","Unknown significance","null","missense_variant","6/7","null","329","MODERATE","25.7","Transcription_factor_AP-2&_C-terminal&Transcription_factor_AP-2&_C-terminal","0.00439491","gnomad_AF_nfe_pass","67.44698819227744","0.4215967973982062","85.58","0.0","0.0"
"6:10400729:G>C","NM_001372066.1:c.983C>G","NP_001358995.1:p.Ser328Cys","Unknown significance","null","missense_variant","6/7","null","328","MODERATE","25.2","Transcription_factor_AP-2&_C-terminal&Transcription_factor_AP-2&_C-terminal","0.00648424","gnomad_AF_nfe_pass","69.90347344579286","0.5068877726891189","80.47","0.1","0.1"
"6:10400731:A>C","NM_001372066.1:c.981T>G","NP_001358995.1:p.His327Gln","Unknown significance","null","missense_variant","6/7","null","327","MODERATE","24.8","Transcription_factor_AP-2&_C-terminal&Transcription_factor_AP-2&_C-terminal","0.00615157","gnomad_AF_afr_pass","53.66093050904284","0.2612479280129009","85.16","-0.7","0.7"
"6:10400735:T>C","NM_001372066.1:c.977A>G","NP_001358995.1:p.Gln326Arg","Unknown significance","null","missense_variant","6/7","null","326","MODERATE","23.1","Transcription_factor_AP-2&_C-terminal&Transcription_factor_AP-2&_C-terminal","0.00615157","gnomad_AF_afr_pass","120.391717850545","0.608802441903382","87.73","0.0","0.0"
"6:10400741:T>C","NM_001372066.1:c.971A>G","NP_001358995.1:p.Asn324Ser","Unknown significance","null","missense_variant","6/7","null","324","MODERATE","22.1","Transcription_factor_AP-2&_C-terminal&Transcription_factor_AP-2&_C-terminal","0.00326627","gnomad_AF_sas_pass","1.7469317066804106","0.010930135227265983","91.7","0.0","0.0"
"6:10400747:A>C","NM_001372066.1:c.965T>G","NP_001358995.1:p.Phe322Cys","Unknown significance","null","missense_variant","6/7","null","322","MODERATE","24.9","Transcription_factor_AP-2&_C-terminal&Transcription_factor_AP-2&_C-terminal","0.00648424","gnomad_AF_nfe_pass","127.58578009828237","0.5553234780211566","94.72","-1.0","1.0"
"6:10400774:T>G","NM_001372066.1:c.938A>C","NP_001358995.1:p.Glu313Ala","Unknown significance","null","missense_variant","6/7","null","313","MODERATE","25.4","Transcription_factor_AP-2&_C-terminal&Transcription_factor_AP-2&_C-terminal","0","null","107.26118616808692","0.5492945216342725","98.14","-0.1","0.1"
"6:10400777:G>A","NM_001372066.1:c.935C>T","NP_001358995.1:p.Thr312Ile","Unknown significance","null","missense_variant","6/7","null","312","MODERATE","24.5","Transcription_factor_AP-2&_C-terminal&Transcription_factor_AP-2&_C-terminal","0.00175799","gnomad_AF_nfe_pass","78.84632036047492","0.5011283086290753","97.64","-0.0","0.0"
"6:10400781:C>T","NM_001372066.1:c.931G>A","NP_001358995.1:p.Glu311Lys","Unknown significance","null","missense_variant","6/7","null","311","MODERATE","26.0","Transcription_factor_AP-2&_C-terminal&Transcription_factor_AP-2&_C-terminal","0.00653253","gnomad_AF_sas_pass","81.08525066272463","0.41524511862640723","95.94","-0.1","0.1"
"6:10400787:C>T","NM_001372066.1:c.925G>A","NP_001358995.1:p.Val309Met","Unknown significance","null","missense_variant","6/7","null","309","MODERATE","28.9","Transcription_factor_AP-2&_C-terminal&Transcription_factor_AP-2&_C-terminal","0.00175796","gnomad_AF_nfe_pass","80.53410300149021","0.46851541354335696","98.65","-0.4","0.4"
"6:10400817:C>G","NM_001372066.1:c.895G>C","NP_001358995.1:p.Ala299Pro","Likely pathogenic","Branchiooculofacial syndrome","missense_variant","6/7","null","299","MODERATE","31","Transcription_factor_AP-2&_C-terminal&Transcription_factor_AP-2&_C-terminal","0","null","0.0","0.0","97.73","-1.9","1.9"
"6:10400820:C>T","NM_001372066.1:c.892G>A","NP_001358995.1:p.Glu298Lys","Pathogenic","Branchio-oculo-facial syndrome","missense_variant&splice_region_variant","6/7","null","298","MODERATE","26.1","Transcription_factor_AP-2&_C-terminal&Transcription_factor_AP-2&_C-terminal","0","null","0.0","0.0","96.2","-0.2","0.2"
"6:10402731:C>G","NM_001372066.1:c.883G>C","NP_001358995.1:p.Val295Leu","Unknown significance","null","missense_variant","5/7","null","295","MODERATE","28.4","Transcription_factor_AP-2&_C-terminal&Transcription_factor_AP-2&_C-terminal&Transcription_factor_AP-2&_C-terminal&Transcription_factor_AP-2&_C-terminal&Transcription_factor_AP-2&_C-terminal&Transcription_factor_AP-2&_C-terminal","0.0114732","gnomad_AF_afr_pass","0.0","0.0","97.49","-1.0","1.0"
"6:10402743:G>A","NM_001372066.1:c.871C>T","NP_001358995.1:p.Leu291Phe","Unknown significance","null","missense_variant","5/7","null","291","MODERATE","27.8","Transcription_factor_AP-2&_C-terminal&Transcription_factor_AP-2&_C-terminal&Transcription_factor_AP-2&_C-terminal&Transcription_factor_AP-2&_C-terminal&Transcription_factor_AP-2&_C-terminal&Transcription_factor_AP-2&_C-terminal","0","null","32.13062557342646","0.1666083518027158","98.03","-0.1","0.1"
"6:10402752:C>T","NM_001372066.1:c.862G>A","NP_001358995.1:p.Val288Ile","Unknown significance","null","missense_variant","5/7","null","288","MODERATE","27.8","Transcription_factor_AP-2&_C-terminal&Transcription_factor_AP-2&_C-terminal&Transcription_factor_AP-2&_C-terminal&Transcription_factor_AP-2&_C-terminal&Transcription_factor_AP-2&_C-terminal&Transcription_factor_AP-2&_C-terminal","0.00501203","gnomad_AF_eas_pass","53.62979357775128","0.3119968309060333","95.52","-0.3","0.3"
"6:10402763:T>G","NM_001372066.1:c.851A>C","NP_001358995.1:p.Lys284Thr","Unknown significance","null","missense_variant","5/7","null","284","MODERATE","28.1","Transcription_factor_AP-2&_C-terminal&Transcription_factor_AP-2&_C-terminal&Transcription_factor_AP-2&_C-terminal&Transcription_factor_AP-2&_C-terminal&Transcription_factor_AP-2&_C-terminal&Transcription_factor_AP-2&_C-terminal","0","gnomad_AF_afr_pass,gnomad_AF_amr_pass,gnomad_AF_eas_pass,gnomad_AF_nfe_pass","102.39961139568382","0.4325865627191169","95.49","0.2","0.2"
"6:10402784:T>C","NM_001372066.1:c.830A>G","NP_001358995.1:p.Asn277Ser","Unknown significance","null","missense_variant","5/7","null","277","MODERATE","24.1","Transcription_factor_AP-2&_C-terminal&Transcription_factor_AP-2&_C-terminal&Transcription_factor_AP-2&_C-terminal&Transcription_factor_AP-2&_C-terminal&Transcription_factor_AP-2&_C-terminal&Transcription_factor_AP-2&_C-terminal&Transcription_factor_AP-2&_C-terminal&Transcription_factor_AP-2&_C-terminal","0.000879183","gnomad_AF_nfe_pass","118.59985350208626","0.7420510096385179","92.98","-0.0","0.0"
"6:10402793:A>G","NM_001372066.1:c.821T>C","NP_001358995.1:p.Ile274Thr","Unknown significance","null","missense_variant","5/7","null","274","MODERATE","27.2","Transcription_factor_AP-2&_C-terminal&Transcription_factor_AP-2&_C-terminal&Transcription_factor_AP-2&_C-terminal&Transcription_factor_AP-2&_C-terminal&Transcription_factor_AP-2&_C-terminal&Transcription_factor_AP-2&_C-terminal&Transcription_factor_AP-2&_C-terminal&Transcription_factor_AP-2&_C-terminal","0.000879198","gnomad_AF_nfe_pass","11.226935434893633","0.05723393502411534","92.37","-2.4","2.4"
"6:10402794:T>C","NM_001372066.1:c.820A>G","NP_001358995.1:p.Ile274Val","Unknown significance","Branchiooculofacial syndrome","missense_variant","5/7","null","274","MODERATE","25.4","Transcription_factor_AP-2&_C-terminal&Transcription_factor_AP-2&_C-terminal&Transcription_factor_AP-2&_C-terminal&Transcription_factor_AP-2&_C-terminal&Transcription_factor_AP-2&_C-terminal&Transcription_factor_AP-2&_C-terminal&Transcription_factor_AP-2&_C-terminal&Transcription_factor_AP-2&_C-terminal","0","null","11.226935434893633","0.05723393502411534","92.37","-0.7","0.7"
"6:10402802:A>G","NM_001372066.1:c.812T>C","NP_001358995.1:p.Leu271Pro","Pathogenic","Branchio-oculo-facial syndrome","missense_variant","5/7","null","271","MODERATE","29.4","Transcription_factor_AP-2&_C-terminal&Transcription_factor_AP-2&_C-terminal&Transcription_factor_AP-2&_C-terminal&Transcription_factor_AP-2&_C-terminal&Transcription_factor_AP-2&_C-terminal&Transcription_factor_AP-2&_C-terminal&Transcription_factor_AP-2&_C-terminal&Transcription_factor_AP-2&_C-terminal","0","null","0.0","0.0","95.44","-4.9","4.9"
"6:10402803:G>C","NM_001372066.1:c.811C>G","NP_001358995.1:p.Leu271Val","Unknown significance","null","missense_variant","5/7","null","271","MODERATE","25.0","Transcription_factor_AP-2&_C-terminal&Transcription_factor_AP-2&_C-terminal&Transcription_factor_AP-2&_C-terminal&Transcription_factor_AP-2&_C-terminal&Transcription_factor_AP-2&_C-terminal&Transcription_factor_AP-2&_C-terminal&Transcription_factor_AP-2&_C-terminal&Transcription_factor_AP-2&_C-terminal","0","null","0.0","0.0","95.44","-2.1","2.1"
"6:10402809:C>G","NM_001372066.1:c.805G>C","NP_001358995.1:p.Glu269Gln","Unknown significance","null","missense_variant","5/7","null","269","MODERATE","29.7","Transcription_factor_AP-2&_C-terminal&Transcription_factor_AP-2&_C-terminal&Transcription_factor_AP-2&_C-terminal&Transcription_factor_AP-2&_C-terminal&Transcription_factor_AP-2&_C-terminal&Transcription_factor_AP-2&_C-terminal&Transcription_factor_AP-2&_C-terminal&Transcription_factor_AP-2&_C-terminal","0","null","102.9277034510396","0.5271023531424875","94.35","-0.1","0.1"
"6:10402817:G>A","NM_001372066.1:c.797C>T","NP_001358995.1:p.Ser266Phe","Unknown significance","null","missense_variant","5/7","null","266","MODERATE","26.8","Transcription_factor_AP-2&_C-terminal&Transcription_factor_AP-2&_C-terminal&Transcription_factor_AP-2&_C-terminal&Transcription_factor_AP-2&_C-terminal&Transcription_factor_AP-2&_C-terminal&Transcription_factor_AP-2&_C-terminal&Transcription_factor_AP-2&_C-terminal&Transcription_factor_AP-2&_C-terminal","0","null","40.00377070539699","0.2900774629997345","93.03","0.5","0.5"
"6:10402823:C>T","NM_001372066.1:c.791G>A","NP_001358995.1:p.Gly264Glu","Pathogenic","Branchio-oculo-facial syndrome","missense_variant","5/7","null","264","MODERATE","32","Transcription_factor_AP-2&_C-terminal&Transcription_factor_AP-2&_C-terminal&Transcription_factor_AP-2&_C-terminal&Transcription_factor_AP-2&_C-terminal&Transcription_factor_AP-2&_C-terminal&Transcription_factor_AP-2&_C-terminal&Transcription_factor_AP-2&_C-terminal&Transcription_factor_AP-2&_C-terminal","0","null","16.27821760124802","0.17072751352416962","87.84","-0.8","0.8"
"6:10402841:G>A","NM_001372066.1:c.773C>T","NP_001358995.1:p.Ala258Val","Pathogenic","Branchio-oculo-facial syndrome","missense_variant&splice_region_variant","5/7","null","258","MODERATE","32","Transcription_factor_AP-2&_C-terminal&Transcription_factor_AP-2&_C-terminal&Transcription_factor_AP-2&_C-terminal&Transcription_factor_AP-2&_C-terminal&Transcription_factor_AP-2&_C-terminal&Transcription_factor_AP-2&_C-terminal&Transcription_factor_AP-2&_C-terminal&Transcription_factor_AP-2&_C-terminal","0","null","38.98345498159425","0.30657321847315255","88.59","-0.4","0.4"
"6:10404742:T>A","NM_001372066.1:c.769A>T","NP_001358995.1:p.Arg257Trp","Likely pathogenic","Branchio-oculo-facial syndrome","missense_variant&splice_region_variant","4/7","null","257","MODERATE","35","Transcription_factor_AP-2&_C-terminal&Transcription_factor_AP-2&_C-terminal&Transcription_factor_AP-2&_C-terminal&Transcription_factor_AP-2&_C-terminal&Transcription_factor_AP-2&_C-terminal&Transcription_factor_AP-2&_C-terminal&Transcription_factor_AP-2&_C-terminal&Transcription_factor_AP-2&_C-terminal","0","null","63.98294729141061","0.23747911126853882","92.05","0.3","0.3"
"6:10404742:T>C","NM_001372066.1:c.769A>G","NP_001358995.1:p.Arg257Gly","Pathogenic","Branchio-oculo-facial syndrome","missense_variant&splice_region_variant","4/7","null","257","MODERATE","35","Transcription_factor_AP-2&_C-terminal&Transcription_factor_AP-2&_C-terminal&Transcription_factor_AP-2&_C-terminal&Transcription_factor_AP-2&_C-terminal&Transcription_factor_AP-2&_C-terminal&Transcription_factor_AP-2&_C-terminal&Transcription_factor_AP-2&_C-terminal&Transcription_factor_AP-2&_C-terminal","0","null","63.98294729141061","0.23747911126853882","92.05","-1.5","1.5"
"6:10404744:C>G","NM_001372066.1:c.767G>C","NP_001358995.1:p.Arg256Pro","Likely pathogenic","Branchio-oculo-facial syndrome","missense_variant","4/7","null","256","MODERATE","33","Transcription_factor_AP-2&_C-terminal&Transcription_factor_AP-2&_C-terminal&Transcription_factor_AP-2&_C-terminal&Transcription_factor_AP-2&_C-terminal&Transcription_factor_AP-2&_C-terminal&Transcription_factor_AP-2&_C-terminal&Transcription_factor_AP-2&_C-terminal&Transcription_factor_AP-2&_C-terminal","0","null","116.44502870238807","0.4321973759966966","92.68","-1.0","1.0"
"6:10404744:C>T","NM_001372066.1:c.767G>A","NP_001358995.1:p.Arg256Gln","Likely pathogenic","Branchio-oculo-facial syndrome","missense_variant","4/7","null","256","MODERATE","29.7","Transcription_factor_AP-2&_C-terminal&Transcription_factor_AP-2&_C-terminal&Transcription_factor_AP-2&_C-terminal&Transcription_factor_AP-2&_C-terminal&Transcription_factor_AP-2&_C-terminal&Transcription_factor_AP-2&_C-terminal&Transcription_factor_AP-2&_C-terminal&Transcription_factor_AP-2&_C-terminal","0","null","116.44502870238807","0.4321973759966966","92.68","-0.5","0.5"
"6:10404745:G>A","NM_001372066.1:c.766C>T","NP_001358995.1:p.Arg256Trp","Pathogenic","Branchio-oculo-facial syndrome","missense_variant","4/7","null","256","MODERATE","28.9","Transcription_factor_AP-2&_C-terminal&Transcription_factor_AP-2&_C-terminal&Transcription_factor_AP-2&_C-terminal&Transcription_factor_AP-2&_C-terminal&Transcription_factor_AP-2&_C-terminal&Transcription_factor_AP-2&_C-terminal&Transcription_factor_AP-2&_C-terminal&Transcription_factor_AP-2&_C-terminal","0","null","116.44502870238807","0.4321973759966966","92.68","0.1","0.1"
"6:10404745:G>C","NM_001372066.1:c.766C>G","NP_001358995.1:p.Arg256Gly","Likely pathogenic","Branchio-oculo-facial syndrome","missense_variant","4/7","null","256","MODERATE","26.9","Transcription_factor_AP-2&_C-terminal&Transcription_factor_AP-2&_C-terminal&Transcription_factor_AP-2&_C-terminal&Transcription_factor_AP-2&_C-terminal&Transcription_factor_AP-2&_C-terminal&Transcription_factor_AP-2&_C-terminal&Transcription_factor_AP-2&_C-terminal&Transcription_factor_AP-2&_C-terminal","0","gnomad_AF_afr_pass,gnomad_AF_amr_pass,gnomad_AF_eas_pass,gnomad_AF_nfe_pass,gnomad_AF_sas_pass","116.44502870238807","0.4321973759966966","92.68","-1.3","1.3"
"6:10404747:A>G","NM_001372066.1:c.764T>C","NP_001358995.1:p.Leu255Pro","Likely pathogenic","Branchio-oculo-facial syndrome","missense_variant","4/7","null","255","MODERATE","32","Transcription_factor_AP-2&_C-terminal&Transcription_factor_AP-2&_C-terminal&Transcription_factor_AP-2&_C-terminal&Transcription_factor_AP-2&_C-terminal&Transcription_factor_AP-2&_C-terminal&Transcription_factor_AP-2&_C-terminal&Transcription_factor_AP-2&_C-terminal&Transcription_factor_AP-2&_C-terminal","0","null","2.583868795232616","0.013398248977891488","96.38","-4.9","4.9"
"6:10404753:C>T","NM_001372066.1:c.758G>A","NP_001358995.1:p.Gly253Glu","Likely pathogenic","Branchio-oculo-facial syndrome","missense_variant","4/7","null","253","MODERATE","33","Transcription_factor_AP-2&_C-terminal&Transcription_factor_AP-2&_C-terminal&Transcription_factor_AP-2&_C-terminal&Transcription_factor_AP-2&_C-terminal&Transcription_factor_AP-2&_C-terminal&Transcription_factor_AP-2&_C-terminal&Transcription_factor_AP-2&_C-terminal&Transcription_factor_AP-2&_C-terminal","0","null","40.05935642506855","0.4201463872375113","94.97","-0.7","0.7"
"6:10404756:C>T","NM_001372066.1:c.755G>A","NP_001358995.1:p.Gly252Asp","Likely pathogenic","Branchiooculofacial syndrome","missense_variant","4/7","null","252","MODERATE","32","Transcription_factor_AP-2&_C-terminal&Transcription_factor_AP-2&_C-terminal&Transcription_factor_AP-2&_C-terminal&Transcription_factor_AP-2&_C-terminal&Transcription_factor_AP-2&_C-terminal&Transcription_factor_AP-2&_C-terminal&Transcription_factor_AP-2&_C-terminal&Transcription_factor_AP-2&_C-terminal","0","null","0.0","0.0","95.34","-1.7","1.7"
"6:10404759:A>G","NM_001372066.1:c.752T>C","NP_001358995.1:p.Leu251Pro","Pathogenic","Branchio-oculo-facial syndrome","missense_variant","4/7","null","251","MODERATE","32","Transcription_factor_AP-2&_C-terminal&Transcription_factor_AP-2&_C-terminal&Transcription_factor_AP-2&_C-terminal&Transcription_factor_AP-2&_C-terminal&Transcription_factor_AP-2&_C-terminal&Transcription_factor_AP-2&_C-terminal&Transcription_factor_AP-2&_C-terminal&Transcription_factor_AP-2&_C-terminal","0","null","0.0","0.0","96.82","-5.4","5.4"
"6:10404765:G>A","NM_001372066.1:c.746C>T","NP_001358995.1:p.Ser249Leu","Likely pathogenic","Branchio-oculo-facial syndrome","missense_variant","4/7","null","249","MODERATE","29.9","Transcription_factor_AP-2&_C-terminal&Transcription_factor_AP-2&_C-terminal&Transcription_factor_AP-2&_C-terminal&Transcription_factor_AP-2&_C-terminal","0","null","85.30935933733406","0.6185997492323393","92.7","0.0","0.0"
"6:10404768:G>T","NM_001372066.1:c.743C>A","NP_001358995.1:p.Ala248Glu","Likely pathogenic","Branchio-oculo-facial syndrome","missense_variant","4/7","null","248","MODERATE","26.5","Transcription_factor_AP-2&_C-terminal&Transcription_factor_AP-2&_C-terminal&Transcription_factor_AP-2&_C-terminal&Transcription_factor_AP-2&_C-terminal","0","null","6.17194597294585","0.048537343395083594","93.54","-1.9","1.9"
"6:10404774:A>G","NM_001372066.1:c.737T>C","NP_001358995.1:p.Leu246Pro","Pathogenic","Branchio-oculo-facial syndrome","missense_variant","4/7","null","246","MODERATE","33","Transcription_factor_AP-2&_C-terminal&Transcription_factor_AP-2&_C-terminal&Transcription_factor_AP-2&_C-terminal&Transcription_factor_AP-2&_C-terminal","0","null","0.03898885766672752","2.0217064556304632E-4","97.53","-4.6","4.6"
"6:10404775:G>A","NM_001372066.1:c.736C>T","NP_001358995.1:p.Leu246Phe","Unknown significance","null","missense_variant","4/7","null","246","MODERATE","28.5","Transcription_factor_AP-2&_C-terminal&Transcription_factor_AP-2&_C-terminal&Transcription_factor_AP-2&_C-terminal&Transcription_factor_AP-2&_C-terminal","0.0029085","gnomad_AF_amr_pass","0.03898885766672752","2.0217064556304632E-4","97.53","-1.0","1.0"
"6:10404777:C>T","NM_001372066.1:c.734G>A","NP_001358995.1:p.Cys245Tyr","Unknown significance","null","missense_variant","4/7","null","245","MODERATE","32","Transcription_factor_AP-2&_C-terminal&Transcription_factor_AP-2&_C-terminal&Transcription_factor_AP-2&_C-terminal&Transcription_factor_AP-2&_C-terminal","0.00290731","gnomad_AF_amr_pass","12.288463457875903","0.07952256330665168","97.39","-0.9","0.9"
"6:10404778:A>G","NM_001372066.1:c.733T>C","NP_001358995.1:p.Cys245Arg","Unknown significance","null","missense_variant","4/7","null","245","MODERATE","31","Transcription_factor_AP-2&_C-terminal&Transcription_factor_AP-2&_C-terminal&Transcription_factor_AP-2&_C-terminal&Transcription_factor_AP-2&_C-terminal","0.000896314","gnomad_AF_nfe_pass","12.288463457875903","0.07952256330665168","97.39","-1.9","1.9"
"6:10404781:C>T","NM_001372066.1:c.730G>A","NP_001358995.1:p.Glu244Lys","Likely pathogenic","Branchio-oculo-facial syndrome","missense_variant","4/7","null","244","MODERATE","32","Transcription_factor_AP-2&_C-terminal&Transcription_factor_AP-2&_C-terminal&Transcription_factor_AP-2&_C-terminal&Transcription_factor_AP-2&_C-terminal","0","null","0.25132962934691","0.001287082433605463","96.92","-1.3","1.3"
"6:10404786:G>T","NM_001372066.1:c.725C>A","NP_001358995.1:p.Pro242Gln","Unknown significance","null","missense_variant","4/7","null","242","MODERATE","27.9","Transcription_factor_AP-2&_C-terminal&Transcription_factor_AP-2&_C-terminal&Transcription_factor_AP-2&_C-terminal&Transcription_factor_AP-2&_C-terminal","0.00546627","gnomad_AF_eas_pass","101.28932612059495","0.6439240641382575","96.92","-0.5","0.5"
"6:10404787:G>C","NM_001372066.1:c.724C>G","NP_001358995.1:p.Pro242Ala","Unknown significance","null","missense_variant","4/7","null","242","MODERATE","25.3","Transcription_factor_AP-2&_C-terminal&Transcription_factor_AP-2&_C-terminal&Transcription_factor_AP-2&_C-terminal&Transcription_factor_AP-2&_C-terminal","0.000891536","gnomad_AF_nfe_pass","101.28932612059495","0.6439240641382575","96.92","-0.4","0.4"
"6:10404790:A>G","NM_001372066.1:c.721T>C","NP_001358995.1:p.Ser241Pro","Pathogenic","Branchio-oculo-facial syndrome","missense_variant","4/7","null","241","MODERATE","32","Transcription_factor_AP-2&_C-terminal&Transcription_factor_AP-2&_C-terminal&Transcription_factor_AP-2&_C-terminal&Transcription_factor_AP-2&_C-terminal","0","null","39.81448902834529","0.28870493366804123","95.73","-0.5","0.5"
"6:10404792:A>G","NM_001372066.1:c.719T>C","NP_001358995.1:p.Leu240Pro","Likely pathogenic","Branchiooculofacial syndrome","missense_variant","4/7","null","240","MODERATE","32","Transcription_factor_AP-2&_C-terminal&Transcription_factor_AP-2&_C-terminal&Transcription_factor_AP-2&_C-terminal&Transcription_factor_AP-2&_C-terminal","0","null","6.4332588787283775","0.0333586613822913","96.82","-3.8","3.8"
"6:10404793:G>C","NM_001372066.1:c.718C>G","NP_001358995.1:p.Leu240Val","Unknown significance","null","missense_variant","4/7","null","240","MODERATE","27.1","Transcription_factor_AP-2&_C-terminal&Transcription_factor_AP-2&_C-terminal&Transcription_factor_AP-2&_C-terminal&Transcription_factor_AP-2&_C-terminal","0.000888368","gnomad_AF_nfe_pass","6.4332588787283775","0.0333586613822913","96.82","-1.2","1.2"
"6:10404795:C>G","NM_001372066.1:c.716G>C","NP_001358995.1:p.Arg239Pro","Likely pathogenic","Branchio-oculo-facial syndrome","missense_variant","4/7","null","239","MODERATE","33","Transcription_factor_AP-2&_C-terminal&Transcription_factor_AP-2&_C-terminal&Transcription_factor_AP-2&_C-terminal&Transcription_factor_AP-2&_C-terminal","0","null","0.0","0.0","97.42","-2.7","2.7"
"6:10404795:C>T","NM_001372066.1:c.716G>A","NP_001358995.1:p.Arg239Gln","Pathogenic","Branchio-oculo-facial syndrome","missense_variant","4/7","null","239","MODERATE","31","Transcription_factor_AP-2&_C-terminal&Transcription_factor_AP-2&_C-terminal&Transcription_factor_AP-2&_C-terminal&Transcription_factor_AP-2&_C-terminal","0","null","0.0","0.0","97.42","-1.4","1.4"
"6:10404796:G>C","NM_001372066.1:c.715C>G","NP_001358995.1:p.Arg239Gly","Likely pathogenic","Branchio-oculo-facial syndrome","missense_variant","4/7","null","239","MODERATE","32","Transcription_factor_AP-2&_C-terminal&Transcription_factor_AP-2&_C-terminal&Transcription_factor_AP-2&_C-terminal&Transcription_factor_AP-2&_C-terminal","0","null","0.0","0.0","97.42","-3.2","3.2"
"6:10404798:C>G","NM_001372066.1:c.713G>C","NP_001358995.1:p.Arg238Pro","Pathogenic","Branchio-oculo-facial syndrome","missense_variant","4/7","null","238","MODERATE","29.4","Transcription_factor_AP-2&_C-terminal&Transcription_factor_AP-2&_C-terminal&Transcription_factor_AP-2&_C-terminal&Transcription_factor_AP-2&_C-terminal","0","null","14.44390322253476","0.05360999212671179","96.73","-2.5","2.5"
"6:10404799:G>A","NM_001372066.1:c.712C>T","NP_001358995.1:p.Arg238Trp","Likely pathogenic","Branchiooculofacial syndrome","missense_variant","4/7","null","238","MODERATE","33","Transcription_factor_AP-2&_C-terminal&Transcription_factor_AP-2&_C-terminal&Transcription_factor_AP-2&_C-terminal&Transcription_factor_AP-2&_C-terminal","0","null","14.44390322253476","0.05360999212671179","96.73","-0.2","0.2"
"6:10404806:T>G","NM_001372066.1:c.705A>C","NP_001358995.1:p.Glu235Asp","Pathogenic","Branchio-oculo-facial syndrome","missense_variant","4/7","null","235","MODERATE","25.3","Transcription_factor_AP-2&_C-terminal&Transcription_factor_AP-2&_C-terminal&Transcription_factor_AP-2&_C-terminal&Transcription_factor_AP-2&_C-terminal","0","null","0.670776288607246","0.00343510783105394","97.3","-0.8","0.8"
"6:10404808:C>T","NM_001372066.1:c.703G>A","NP_001358995.1:p.Glu235Lys","Likely pathogenic","Branchio-oculo-facial syndrome","missense_variant","4/7","null","235","MODERATE","31","Transcription_factor_AP-2&_C-terminal&Transcription_factor_AP-2&_C-terminal&Transcription_factor_AP-2&_C-terminal&Transcription_factor_AP-2&_C-terminal","0","null","0.670776288607246","0.00343510783105394","97.3","-0.9","0.9"
"6:10404820:C>T","NM_001372066.1:c.691G>A","NP_001358995.1:p.Val231Ile","Unknown significance","null","missense_variant","4/7","null","231","MODERATE","25.8","Transcription_factor_AP-2&_C-terminal&Transcription_factor_AP-2&_C-terminal&Transcription_factor_AP-2&_C-terminal&Transcription_factor_AP-2&_C-terminal","0.0130659","gnomad_AF_sas_pass","0.0","0.0","97.24","-0.8","0.8"
"6:10404832:A>G","NM_001372066.1:c.679T>C","NP_001358995.1:p.Ser227Pro","Unknown significance","null","missense_variant","4/7","null","227","MODERATE","27.1","Transcription_factor_AP-2&_C-terminal&Transcription_factor_AP-2&_C-terminal&Transcription_factor_AP-2&_C-terminal&Transcription_factor_AP-2&_C-terminal","0.00326627","gnomad_AF_sas_pass","26.424028359455406","0.19160731535014422","83.57","-0.5","0.5"
"6:10404834:G>A","NM_001372066.1:c.677C>T","NP_001358995.1:p.Thr226Ile","Unknown significance","null","missense_variant","4/7","null","226","MODERATE","32","Transcription_factor_AP-2&_C-terminal&Transcription_factor_AP-2&_C-terminal&Transcription_factor_AP-2&_C-terminal&Transcription_factor_AP-2&_C-terminal","0.0115075","gnomad_AF_afr_pass","39.618142681658554","0.2518034163460782","77.2","-0.3","0.3"
"6:10404852:A>C","NM_001372066.1:c.659T>G","NP_001358995.1:p.Leu220Arg","Likely pathogenic","Branchio-oculo-facial syndrome","missense_variant","4/7","null","220","MODERATE","32","Transcription_factor_AP-2&_C-terminal&Transcription_factor_AP-2&_C-terminal&Transcription_factor_AP-2&_C-terminal&Transcription_factor_AP-2&_C-terminal","0","null","86.8981750422497","0.45059694481725476","93.31","-1.4","1.4"
"6:10404852:A>G","NM_001372066.1:c.659T>C","NP_001358995.1:p.Leu220Pro","Pathogenic","Branchio-oculo-facial syndrome","missense_variant","4/7","null","220","MODERATE","32","Transcription_factor_AP-2&_C-terminal&Transcription_factor_AP-2&_C-terminal&Transcription_factor_AP-2&_C-terminal&Transcription_factor_AP-2&_C-terminal","0","null","86.8981750422497","0.45059694481725476","93.31","-1.9","1.9"
"6:10404855:C>A","NM_001372066.1:c.656G>T","NP_001358995.1:p.Arg219Leu","Unknown significance","Inborn genetic diseases","missense_variant","4/7","null","219","MODERATE","32","Transcription_factor_AP-2&_C-terminal&Transcription_factor_AP-2&_C-terminal&Transcription_factor_AP-2&_C-terminal&Transcription_factor_AP-2&_C-terminal","0","null","88.83318297719082","0.3297132476329486","93.69","-0.3","0.3"
"6:10404856:G>A","NM_001372066.1:c.655C>T","NP_001358995.1:p.Arg219Cys","Likely pathogenic","Branchio-oculo-facial syndrome","missense_variant","4/7","null","219","MODERATE","33","Transcription_factor_AP-2&_C-terminal&Transcription_factor_AP-2&_C-terminal&Transcription_factor_AP-2&_C-terminal&Transcription_factor_AP-2&_C-terminal","0","null","88.83318297719082","0.3297132476329486","93.69","-1.3","1.3"
"6:10404856:G>T","NM_001372066.1:c.655C>A","NP_001358995.1:p.Arg219Ser","Pathogenic","Branchio-oculo-facial syndrome","missense_variant","4/7","null","219","MODERATE","32","Transcription_factor_AP-2&_C-terminal&Transcription_factor_AP-2&_C-terminal&Transcription_factor_AP-2&_C-terminal&Transcription_factor_AP-2&_C-terminal","0","null","88.83318297719082","0.3297132476329486","93.69","-1.5","1.5"
"6:10404864:A>T","NM_001372066.1:c.647T>A","NP_001358995.1:p.Val216Asp","Pathogenic","Branchio-oculo-facial syndrome","missense_variant","4/7","null","216","MODERATE","28.7","Transcription_factor_AP-2&_C-terminal&Transcription_factor_AP-2&_C-terminal&Transcription_factor_AP-2&_C-terminal&Transcription_factor_AP-2&_C-terminal","0","null","1.7638078237086927","0.010261133124194547","95.36","-4.7","4.7"
"6:10404877:C>G","NM_001372066.1:c.634G>C","NP_001358995.1:p.Val212Leu","Unknown significance","null","missense_variant","4/7","null","212","MODERATE","27.8","null","0.00263838","gnomad_AF_nfe_pass","56.16971421930183","0.3267730800401591","94.91","-0.7","0.7"
"6:10404877:C>T","NM_001372066.1:c.634G>A","NP_001358995.1:p.Val212Ile","Unknown significance","null","missense_variant","4/7","null","212","MODERATE","27.4","null","0.00289118","gnomad_AF_amr_pass","56.16971421930183","0.3267730800401591","94.91","-0.3","0.3"
"6:10404882:T>C","NM_001372066.1:c.629A>G","NP_001358995.1:p.Asn210Ser","Unknown significance","null","missense_variant","4/7","null","210","MODERATE","22.3","null","0.00846644","gnomad_AF_amr_pass","70.31468939563736","0.43994224881174626","90.14","-0.1","0.1"
"6:10404892:C>G","NM_001372066.1:c.619G>C","NP_001358995.1:p.Val207Leu","Unknown significance","null","missense_variant","4/7","null","207","MODERATE","23.5","null","0.00543656","gnomad_AF_eas_pass","54.13946968272029","0.3149619239808057","78.31","-0.2","0.2"
"6:10404895:C>T","NM_001372066.1:c.616G>A","NP_001358995.1:p.Val206Met","Unknown significance","null","missense_variant","4/7","null","206","MODERATE","27.3","null","0.000879368","gnomad_AF_nfe_pass","175.94867498434138","1.0235994833290567","58.88","-0.1","0.1"
"6:10404897:C>T","NM_001372066.1:c.614G>A","NP_001358995.1:p.Gly205Asp","Unknown significance","null","missense_variant","4/7","null","205","MODERATE","32","null","0.0116164","gnomad_AF_nfe_pass","48.57454327949059","0.5094544868379068","54.67","-0.3","0.3"
"6:10404902:G>T","NM_001372066.1:c.609C>A","NP_001358995.1:p.Phe203Leu","Unknown significance","null","missense_variant","4/7","null","203","MODERATE","24.0","null","0.000879554","gnomad_AF_nfe_pass","232.03103519753347","1.009926665616542","45.07","0.0","0.0"
"6:10404910:T>C","NM_001372066.1:c.601A>G","NP_001358995.1:p.Asn201Asp","Unknown significance","null","missense_variant","4/7","null","201","MODERATE","23.5","null","0.000879554","gnomad_AF_nfe_pass","89.51955636959603","0.5601025231054136","36.14","-0.2","0.2"
"6:10404920:A>C","NM_001372066.1:c.591T>G","NP_001358995.1:p.Ile197Met","Likely benign","null","missense_variant","4/7","null","197","MODERATE","12.50","null","0.00653253","gnomad_AF_sas_pass","190.28221993525656","0.9700421165842465","36.99","-0.0","0.0"
"6:10404925:G>A","NM_001372066.1:c.586C>T","NP_001358995.1:p.Pro196Ser","Unknown significance","null","missense_variant","4/7","null","196","MODERATE","23.3","null","0.000879771","gnomad_AF_nfe_pass","117.13981034167455","0.7446899454912941","27.37","-0.3","0.3"
"6:10404928:T>C","NM_001372066.1:c.583A>G","NP_001358995.1:p.Ile195Val","Unknown significance","null","missense_variant","4/7","null","195","MODERATE","23.9","null","0.00175954","gnomad_AF_nfe_pass","128.04178360048908","0.6527458152280413","37.66","-0.2","0.2"
"6:10404937:C>T","NM_001372066.1:c.574G>A","NP_001358995.1:p.Val192Ile","Unknown significance","null","missense_variant","4/7","null","192","MODERATE","22.9","null","0.00326627","gnomad_AF_sas_pass","133.43589789936357","0.776277037377478","38.7","0.0","0.0"
"6:10404942:T>C","NM_001372066.1:c.569A>G","NP_001358995.1:p.Asn190Ser","Unknown significance","null","missense_variant","4/7","null","190","MODERATE","22.4","null","0.00326627","gnomad_AF_sas_pass","148.5413966458568","0.929388107146647","36.66","0.0","0.0"
"6:10404949:T>C","NM_001372066.1:c.562A>G","NP_001358995.1:p.Asn188Asp","Unknown significance","null","missense_variant","4/7","null","188","MODERATE","23.1","null","0.00615688","gnomad_AF_afr_pass","122.27403918839752","0.7650395135668022","31.75","-0.1","0.1"
"6:10404954:T>C","NM_001372066.1:c.557A>G","NP_001358995.1:p.Lys186Arg","Likely pathogenic","null","missense_variant","4/7","null","186","MODERATE","25.3","null","0","null","247.15233295283522","1.0440935929624457","30.8","0.1","0.1"
"6:10404957:G>T","NM_001372066.1:c.554C>A","NP_001358995.1:p.Ser185Tyr","Unknown significance","null","missense_variant","4/7","null","185","MODERATE","28.7","null","0.00615915","gnomad_AF_afr_pass","93.4450891029228","0.6775939842366664","30.4","0.3","0.3"
"6:10404960:A>C","NM_001372066.1:c.551T>G","NP_001358995.1:p.Leu184Arg","Unknown significance","null","missense_variant","4/7","null","184","MODERATE","24.9","null","0.000881446","gnomad_AF_nfe_pass","207.72939613181904","1.0771484119225947","34.11","-0.1","0.1"
"6:10404960:A>G","NM_001372066.1:c.551T>C","NP_001358995.1:p.Leu184Pro","Unknown significance","null","missense_variant","4/7","null","184","MODERATE","25.1","null","0.0587966","gnomad_AF_sas_pass","207.72939613181904","1.0771484119225947","34.11","-0.1","0.1"
"6:10404967:C>T","NM_001372066.1:c.544G>A","NP_001358995.1:p.Val182Met","Unknown significance","null","missense_variant","4/7","null","182","MODERATE","27.5","null","0.000882877","gnomad_AF_nfe_pass","121.55926190995145","0.7071834880027446","41.63","-0.1","0.1"
"6:10404970:G>A","NM_001372066.1:c.541C>T","NP_001358995.1:p.Pro181Ser","Unknown significance","null","missense_variant&splice_region_variant","4/7","null","181","MODERATE","24.3","null","0.000883252","gnomad_AF_nfe_pass","174.06513479094738","1.106579866924107","32.26","-0.1","0.1"
"6:10407031:T>A","NM_001372066.1:c.533A>T","NP_001358995.1:p.Lys178Met","Unknown significance","null","missense_variant","3/7","null","178","MODERATE","29.2","null","0.00289101","gnomad_AF_amr_pass","207.49876869296327","0.8765773413972306","33.47","0.1","0.1"
"6:10407057:A>C","NM_001372066.1:c.507T>G","NP_001358995.1:p.Ile169Met","Unknown significance","null","missense_variant","3/7","null","169","MODERATE","18.80","null","0.0120135","gnomad_AF_afr_pass","47.66600694469929","0.2429971348951466","43.74","-0.3","0.3"
"6:10407061:C>T","NM_001372066.1:c.503G>A","NP_001358995.1:p.Gly168Asp","Unknown significance","null","missense_variant","3/7","null","168","MODERATE","24.8","null","0.00543656","gnomad_AF_eas_pass","57.328284575530745","0.601264568390828","36.96","-0.2","0.2"
"6:10407064:G>A","NM_001372066.1:c.500C>T","NP_001358995.1:p.Pro167Leu","Unknown significance","null","missense_variant","3/7","null","167","MODERATE","22.8","null","0.00232277","gnomad_AF_nfe_pass","77.08226970111934","0.4900331582801776","36.98","0.3","0.3"
"6:10407064:G>T","NM_001372066.1:c.500C>A","NP_001358995.1:p.Pro167Gln","Unknown significance","null","missense_variant","3/7","null","167","MODERATE","22.0","null","0.00175864","gnomad_AF_nfe_pass","77.08226970111934","0.4900331582801776","36.98","0.4","0.4"
"6:10407067:T>C","NM_001372066.1:c.497A>G","NP_001358995.1:p.Asp166Gly","Unknown significance","null","missense_variant","3/7","null","166","MODERATE","32","null","0","null","85.5235595701622","0.5345896056038199","35.81","-0.6","0.6"
"6:10407071:C>G","NM_001372066.1:c.493G>C","NP_001358995.1:p.Glu165Gln","Likely benign","Branchiooculofacial syndrome","missense_variant","3/7","null","165","MODERATE","23.4","null","0","null","133.6716995557208","0.6845452198191875","32.24","0.1","0.1"
"6:10407074:C>T","NM_001372066.1:c.490G>A","NP_001358995.1:p.Val164Ile","Unknown significance","null","missense_variant","3/7","null","164","MODERATE","22.7","null","0.00615157","gnomad_AF_afr_pass","136.94939176329214","0.7967171487003804","35.98","-0.1","0.1"
"6:10407077:G>C","NM_001372066.1:c.487C>G","NP_001358995.1:p.His163Asp","Benign","null","missense_variant&splice_region_variant","3/7","null","163","MODERATE","22.2","null","0","null","179.93696214756747","0.8760220534391602","29.8","-0.3","0.3"
"6:10410135:G>A","NM_001372066.1:c.485C>T","NP_001358995.1:p.Pro162Leu","Unknown significance","null","missense_variant&splice_region_variant","2/7","null","162","MODERATE","28.0","null","0","null","126.00671612955861","0.8010593007821712","29.89","0.2","0.2"
"6:10410135:G>T","NM_001372066.1:c.485C>A","NP_001358995.1:p.Pro162Gln","Unknown significance","null","missense_variant&splice_region_variant","2/7","null","162","MODERATE","21.0","null","0.00171028","gnomad_AF_nfe_pass","126.00671612955861","0.8010593007821712","29.89","0.3","0.3"
"6:10410139:C>T","NM_001372066.1:c.481G>A","NP_001358995.1:p.Val161Ile","Unknown significance","null","missense_variant","2/7","null","161","MODERATE","23.1","null","0.00403519","gnomad_AF_amr_pass","102.66390287899301","0.5972577966434469","35.65","-0.1","0.1"
"6:10410140:C>A","NM_001372066.1:c.480G>T","NP_001358995.1:p.Glu160Asp","Likely benign","null","missense_variant","2/7","null","160","MODERATE","13.37","null","0.00169981","gnomad_AF_nfe_pass","156.90847717847367","0.8035429216403295","27.68","0.1","0.1"
"6:10410146:G>C","NM_001372066.1:c.474C>G","NP_001358995.1:p.Ile158Met","Unknown significance","null","missense_variant","2/7","null","158","MODERATE","16.26","null","0.00839518","gnomad_AF_nfe_pass","142.55633392420233","0.7267397234453933","35.47","0.1","0.1"
"6:10410147:A>G","NM_001372066.1:c.473T>C","NP_001358995.1:p.Ile158Thr","Unknown significance","null","missense_variant","2/7","null","158","MODERATE","23.3","null","0","null","142.55633392420233","0.7267397234453933","35.47","-0.3","0.3"
"6:10410148:T>C","NM_001372066.1:c.472A>G","NP_001358995.1:p.Ile158Val","Unknown significance","null","missense_variant","2/7","null","158","MODERATE","22.2","null","0.00865426","gnomad_AF_sas_pass","142.55633392420233","0.7267397234453933","35.47","-0.1","0.1"
"6:10410151:C>T","NM_001372066.1:c.469G>A","NP_001358995.1:p.Ala157Thr","Unknown significance","null","missense_variant","2/7","null","157","MODERATE","23.1","null","0","null","91.88851903536784","0.7226285878125678","31.09","-0.0","0.0"
"6:10410152:G>T","NM_001372066.1:c.468C>A","NP_001358995.1:p.His156Gln","Unknown significance","null","missense_variant","2/7","null","156","MODERATE","16.51","null","0.0114548","gnomad_AF_afr_pass","168.52272660285203","0.8204519140915839","30.46","-0.2","0.2"
"6:10410153:T>A","NM_001372066.1:c.467A>T","NP_001358995.1:p.His156Leu","Unknown significance","null","missense_variant","2/7","null","156","MODERATE","24.8","null","0","gnomad_AF_afr_pass,gnomad_AF_amr_pass,gnomad_AF_eas_pass,gnomad_AF_nfe_pass,gnomad_AF_sas_pass","168.52272660285203","0.8204519140915839","30.46","-0.1","0.1"
"6:10410162:G>C","NM_001372066.1:c.458C>G","NP_001358995.1:p.Ser153Cys","Unknown significance","null","missense_variant","2/7","null","153","MODERATE","23.3","null","0.00425423","gnomad_AF_sas_pass","109.53664673324968","0.7942779400440999","27.24","-0.1","0.1"
"6:10410166:G>A","NM_001372066.1:c.454C>T","NP_001358995.1:p.His152Tyr","Unknown significance","null","missense_variant","2/7","null","152","MODERATE","22.9","null","0.00649519","gnomad_AF_nfe_pass","179.93418407772796","0.8760085284223078","32.85","0.0","0.0"
"6:10410168:A>T","NM_001372066.1:c.452T>A","NP_001358995.1:p.Ile151Asn","Unknown significance","null","missense_variant","2/7","null","151","MODERATE","24.9","null","0.0079277","gnomad_AF_amr_pass","191.49834643922463","0.9762418231482375","34.96","-0.3","0.3"
"6:10410171:G>C","NM_001372066.1:c.449C>G","NP_001358995.1:p.Ser150Trp","Unknown significance","null","missense_variant","2/7","null","150","MODERATE","27.7","null","0.00649604","gnomad_AF_nfe_pass","118.96156635129395","0.8626204168549138","31.58","0.1","0.1"
"6:10410184:G>A","NM_001372066.1:c.436C>T","NP_001358995.1:p.Leu146Phe","Unknown significance","null","missense_variant","2/7","null","146","MODERATE","25.4","null","0.00398692","gnomad_AF_sas_pass","181.48532257165922","0.9410638582479315","28.18","-0.1","0.1"
"6:10410190:A>G","NM_001372066.1:c.430T>C","NP_001358995.1:p.Ser144Pro","Unknown significance","null","missense_variant","2/7","null","144","MODERATE","22.7","null","0.00260464","gnomad_AF_nfe_pass","138.1136022866221","1.0014966752034855","30.44","-0.0","0.0"
"6:10410195:A>G","NM_001372066.1:c.425T>C","NP_001358995.1:p.Leu142Pro","Unknown significance","null","missense_variant","2/7","null","142","MODERATE","24.8","null","0","null","182.94011734968672","0.9486074698599886","32.45","-0.3","0.3"
"6:10410198:G>T","NM_001372066.1:c.422C>A","NP_001358995.1:p.Ala141Glu","Likely benign","null","missense_variant","2/7","null","141","MODERATE","20.4","null","0.00241034","gnomad_AF_nfe_pass","107.45856797282639","0.84507437966952","29.2","-0.1","0.1"
"6:10410200:G>T","NM_001372066.1:c.420C>A","NP_001358995.1:p.His140Gln","Unknown significance","null","missense_variant","2/7","null","140","MODERATE","23.1","null","0.00370288","gnomad_AF_sas_pass","172.26557370438584","0.838673943431534","28.46","-0.3","0.3"
"6:10410213:A>G","NM_001372066.1:c.407T>C","NP_001358995.1:p.Leu136Pro","Unknown significance","null","missense_variant","2/7","null","136","MODERATE","25.3","null","0.00208203","gnomad_AF_nfe_pass","182.4071366055647","0.9458437812689331","34.34","-0.4","0.4"
"6:10410224:G>T","NM_001372066.1:c.396C>A","NP_001358995.1:p.His132Gln","Unknown significance","null","missense_variant","2/7","null","132","MODERATE","17.32","null","0.00338158","gnomad_AF_sas_pass","175.63521707535148","0.855079032580311","34.01","-0.1","0.1"
"6:10410234:T>C","NM_001372066.1:c.386A>G","NP_001358995.1:p.Tyr129Cys","Unknown significance","null","missense_variant","2/7","null","129","MODERATE","26.0","null","0.0265234","gnomad_AF_sas_pass","177.79007109487998","0.741064551139394","39.0","-0.9","0.9"
"6:10410235:A>G","NM_001372066.1:c.385T>C","NP_001358995.1:p.Tyr129His","Unknown significance","null","missense_variant","2/7","null","129","MODERATE","28.3","null","0.000926698","gnomad_AF_nfe_pass","177.79007109487998","0.741064551139394","39.0","-0.4","0.4"
"6:10410236:G>C","NM_001372066.1:c.384C>G","NP_001358995.1:p.Asp128Glu","Unknown significance","null","missense_variant","2/7","null","128","MODERATE","19.36","null","0","null","112.3583071191978","0.7023279128120006","40.4","-0.1","0.1"
"6:10410243:C>A","NM_001372066.1:c.377G>T","NP_001358995.1:p.Arg126Leu","Unknown significance","null","missense_variant","2/7","null","126","MODERATE","31","null","0","null","209.64283142621986","0.7781103465610795","40.9","-0.4","0.4"
"6:10410258:G>A","NM_001372066.1:c.362C>T","NP_001358995.1:p.Ser121Leu","Unknown significance","null","missense_variant","2/7","null","121","MODERATE","22.8","null","0.00291036","gnomad_AF_amr_pass","93.36153494795013","0.676988111918378","32.05","0.4","0.4"
"6:10410264:T>C","NM_001372066.1:c.356A>G","NP_001358995.1:p.Gln119Arg","Unknown significance","null","missense_variant","2/7","null","119","MODERATE","23.9","Transcription_factor_AP-2_alpha&_N-terminal&Transcription_factor_AP-2_alpha&_N-terminal&Transcription_factor_AP-2_alpha&_N-terminal&Transcription_factor_AP-2_alpha&_N-terminal","0.000897312","gnomad_AF_nfe_pass","160.54164341481243","0.8118344540897117","34.52","-0.0","0.0"
"6:10410277:C>T","NM_001372066.1:c.343G>A","NP_001358995.1:p.Gly115Arg","Unknown significance","null","missense_variant","2/7","null","115","MODERATE","23.3","Transcription_factor_AP-2_alpha&_N-terminal&Transcription_factor_AP-2_alpha&_N-terminal&Transcription_factor_AP-2_alpha&_N-terminal&Transcription_factor_AP-2_alpha&_N-terminal","0.000895961","gnomad_AF_nfe_pass","87.17513827408482","0.9143012437380802","26.4","0.0","0.0"
"6:10410286:T>C","NM_001372066.1:c.334A>G","NP_001358995.1:p.Thr112Ala","Unknown significance","null","missense_variant","2/7","null","112","MODERATE","16.34","Transcription_factor_AP-2_alpha&_N-terminal&Transcription_factor_AP-2_alpha&_N-terminal&Transcription_factor_AP-2_alpha&_N-terminal&Transcription_factor_AP-2_alpha&_N-terminal","0.00089415","gnomad_AF_nfe_pass","153.97178900979526","0.9786077758645931","29.31","-0.0","0.0"
"6:10410291:A>T","NM_001372066.1:c.329T>A","NP_001358995.1:p.Leu110Gln","Unknown significance","null","missense_variant","2/7","null","110","MODERATE","27.7","Transcription_factor_AP-2_alpha&_N-terminal&Transcription_factor_AP-2_alpha&_N-terminal&Transcription_factor_AP-2_alpha&_N-terminal&Transcription_factor_AP-2_alpha&_N-terminal","0.00634035","gnomad_AF_afr_pass","190.79464687228653","0.9893359086809379","28.83","-0.2","0.2"
"6:10410297:C>T","NM_001372066.1:c.323G>A","NP_001358995.1:p.Gly108Glu","Unknown significance","null","missense_variant","2/7","null","108","MODERATE","22.9","Transcription_factor_AP-2_alpha&_N-terminal&Transcription_factor_AP-2_alpha&_N-terminal&Transcription_factor_AP-2_alpha&_N-terminal&Transcription_factor_AP-2_alpha&_N-terminal","0.0109673","gnomad_AF_eas_pass","42.617928593857755","0.44698093849182263","30.33","-0.4","0.4"
"6:10410298:C>G","NM_001372066.1:c.322G>C","NP_001358995.1:p.Gly108Arg","Unknown significance","null","missense_variant","2/7","null","108","MODERATE","22.7","Transcription_factor_AP-2_alpha&_N-terminal&Transcription_factor_AP-2_alpha&_N-terminal&Transcription_factor_AP-2_alpha&_N-terminal&Transcription_factor_AP-2_alpha&_N-terminal","0.011327","gnomad_AF_amr_pass","42.617928593857755","0.44698093849182263","30.33","0.0","0.0"
"6:10410308:G>C","NM_001372066.1:c.312C>G","NP_001358995.1:p.Ser104Arg","Unknown significance","null","missense_variant","2/7","null","104","MODERATE","22.2","null","0.000892777","gnomad_AF_nfe_pass","115.6482812706621","0.8385949484193871","29.99","0.3","0.3"
"6:10410308:G>T","NM_001372066.1:c.312C>A","NP_001358995.1:p.Ser104Arg","Unknown significance","null","missense_variant","2/7","null","104","MODERATE","22.2","null","0.000892777","gnomad_AF_nfe_pass","115.6482812706621","0.8385949484193871","29.99","0.3","0.3"
"6:10410315:C>G","NM_001372066.1:c.305G>C","NP_001358995.1:p.Arg102Thr","Unknown significance","null","missense_variant","2/7","null","102","MODERATE","27.2","null","0.000893687","gnomad_AF_nfe_pass","273.93316906919733","1.0167303678781996","30.55","-0.1","0.1"
"6:10410317:C>G","NM_001372066.1:c.303G>C","NP_001358995.1:p.Gln101His","Unknown significance","null","missense_variant","2/7","null","101","MODERATE","25.4","null","0.00638488","gnomad_AF_afr_pass","156.57694518194643","0.7917855835471778","33.28","0.0","0.0"
"6:10410324:G>A","NM_001372066.1:c.296C>T","NP_001358995.1:p.Pro99Leu","Unknown significance","null","missense_variant","2/7","null","99","MODERATE","23.2","null","0.0141459","gnomad_AF_amr_pass","145.24895711674247","0.9233875114056975","37.33","-0.1","0.1"
"6:10410325:G>A","NM_001372066.1:c.295C>T","NP_001358995.1:p.Pro99Ser","Unknown significance","null","missense_variant","2/7","null","99","MODERATE","22.7","null","0.00447579","gnomad_AF_nfe_pass","145.24895711674247","0.9233875114056975","37.33","-0.2","0.2"
"6:10410348:G>C","NM_001372066.1:c.272C>G","NP_001358995.1:p.Pro91Arg","Unknown significance","null","missense_variant","2/7","null","91","MODERATE","24.0","Transcription_factor_AP-2_alpha&_N-terminal&Transcription_factor_AP-2_alpha&_N-terminal&Transcription_factor_AP-2_alpha&_N-terminal&Transcription_factor_AP-2_alpha&_N-terminal","0.000895127","gnomad_AF_nfe_pass","128.70289388534775","0.8181996432510299","37.0","-0.1","0.1"
"6:10410356:G>T","NM_001372066.1:c.264C>A","NP_001358995.1:p.His88Gln","Unknown significance","null","missense_variant","2/7","null","88","MODERATE","22.6","Transcription_factor_AP-2_alpha&_N-terminal&Transcription_factor_AP-2_alpha&_N-terminal&Transcription_factor_AP-2_alpha&_N-terminal&Transcription_factor_AP-2_alpha&_N-terminal","0.00327204","gnomad_AF_sas_pass","171.35198188257579","0.8342261269618366","36.59","-0.3","0.3"
"6:10410361:G>C","NM_001372066.1:c.259C>G","NP_001358995.1:p.Leu87Val","Unknown significance","null","missense_variant","2/7","null","87","MODERATE","24.3","null","0","null","188.46957113702052","0.977279590786227","34.37","-0.1","0.1"
"6:10410363:G>A","NM_001372066.1:c.257C>T","NP_001358995.1:p.Pro86Leu","Unknown significance","null","missense_variant","2/7","null","86","MODERATE","24.0","null","0.0572831","gnomad_AF_afr_pass","121.4099904191534","0.7718366530014087","34.76","0.0","0.0"
"6:10410364:G>C","NM_001372066.1:c.256C>G","NP_001358995.1:p.Pro86Ala","Likely benign","null","missense_variant","2/7","null","86","MODERATE","18.57","null","0.000891266","gnomad_AF_nfe_pass","121.4099904191534","0.7718366530014087","34.76","-0.0","0.0"
"6:10410375:T>C","NM_001372066.1:c.245A>G","NP_001358995.1:p.Tyr82Cys","Unknown significance","null","missense_variant","2/7","null","82","MODERATE","28.5","null","0.00881057","gnomad_AF_amr_pass","210.46823147738885","0.8772736549818777","46.21","-0.7","0.7"
"6:10410378:G>C","NM_001372066.1:c.242C>G","NP_001358995.1:p.Pro81Arg","Unknown significance","null","missense_variant","2/7","null","81","MODERATE","28.5","null","0.00656082","gnomad_AF_nfe_pass","117.40387034363782","0.7463686474449244","48.86","-0.4","0.4"
"6:10410379:G>C","NM_001372066.1:c.241C>G","NP_001358995.1:p.Pro81Ala","Unknown significance","null","missense_variant","2/7","null","81","MODERATE","23.3","null","0.000890345","gnomad_AF_nfe_pass","117.40387034363782","0.7463686474449244","48.86","-0.5","0.5"
"6:10410383:G>C","NM_001372066.1:c.237C>G","NP_001358995.1:p.Asn79Lys","Unknown significance","null","missense_variant","2/7","null","79","MODERATE","21.9","null","0.00327204","gnomad_AF_sas_pass","146.91660055032023","0.9192221453216738","47.83","-0.1","0.1"
"6:10410388:C>T","NM_001372066.1:c.232G>A","NP_001358995.1:p.Val78Ile","Unknown significance","null","missense_variant","2/7","null","78","MODERATE","24.5","null","0.0127747","gnomad_AF_afr_pass","99.04825591106479","0.5762233991488311","45.35","0.0","0.0"
"6:10410391:G>A","NM_001372066.1:c.229C>T","NP_001358995.1:p.His77Tyr","Unknown significance","null","missense_variant","2/7","null","77","MODERATE","26.5","null","0.000890488","gnomad_AF_nfe_pass","175.43112667843369","0.8540854196702047","51.11","0.0","0.0"
"6:10410394:A>T","NM_001372066.1:c.226T>A","NP_001358995.1:p.Ser76Thr","Unknown significance","null","missense_variant","2/7","null","76","MODERATE","22.6","null","0.00094418","gnomad_AF_nfe_pass","94.45607613494175","0.6849249070022577","54.13","-0.0","0.0"
"6:10410400:G>C","NM_001372066.1:c.220C>G","NP_001358995.1:p.Pro74Ala","Unknown significance","null","missense_variant","2/7","null","74","MODERATE","23.9","null","0.0237248","gnomad_AF_afr_pass","110.61843789777564","0.7032317898428402","48.74","-0.4","0.4"
"6:10410400:G>T","NM_001372066.1:c.220C>A","NP_001358995.1:p.Pro74Thr","Unknown significance","null","missense_variant","2/7","null","74","MODERATE","26.4","null","0.0125266","gnomad_AF_afr_pass","110.61843789777564","0.7032317898428402","48.74","-0.4","0.4"
"6:10410401:A>T","NM_001372066.1:c.219T>A","NP_001358995.1:p.Asp73Glu","Unknown significance","null","missense_variant","2/7","null","73","MODERATE","21.4","null","0.00726111","gnomad_AF_afr_pass","73.01747272606767","0.45641671304376646","46.07","-0.2","0.2"
"6:10410412:G>C","NM_001372066.1:c.208C>G","NP_001358995.1:p.Gln70Glu","Unknown significance","null","missense_variant","2/7","null","70","MODERATE","24.2","null","0.0100675","gnomad_AF_eas_pass","200.57006767632208","1.0142520528335386","42.53","-0.1","0.1"
"6:10410417:T>C","NM_001372066.1:c.203A>G","NP_001358995.1:p.Tyr68Cys","Unknown significance","null","missense_variant","2/7","null","68","MODERATE","25.3","null","0.00106182","gnomad_AF_nfe_pass","172.25455338854925","0.717991406958148","41.98","-0.8","0.8"
"6:10410429:T>G","NM_001372066.1:c.191A>C","NP_001358995.1:p.Tyr64Ser","Unknown significance","null","missense_variant","2/7","null","64","MODERATE","27.4","null","0","null","197.01984632603703","0.8212180977487762","46.71","-0.8","0.8"
"6:10410435:G>T","NM_001372066.1:c.185C>A","NP_001358995.1:p.Pro62Gln","Unknown significance","null","missense_variant","2/7","null","62","MODERATE","25.6","null","0","null","100.09606687087685","0.6363381873723856","62.85","-0.9","0.9"
"6:10410440:G>C","NM_001372066.1:c.180C>G","NP_001358995.1:p.Phe60Leu","Unknown significance","null","missense_variant","2/7","null","60","MODERATE","19.43","null","0","null","187.40992489240813","0.8157110551565057","67.03","-0.5","0.5"
"6:10410441:A>G","NM_001372066.1:c.179T>C","NP_001358995.1:p.Phe60Ser","Unknown significance","null","missense_variant","2/7","null","60","MODERATE","26.5","null","0","null","187.40992489240813","0.8157110551565057","67.03","-0.9","0.9"
"6:10410451:G>T","NM_001372066.1:c.169C>A","NP_001358995.1:p.Pro57Thr","Unknown significance","null","missense_variant","2/7","null","57","MODERATE","26.2","null","0","null","112.37286389602448","0.7143851577473436","65.63","-0.7","0.7"
"6:10410457:A>G","NM_001372066.1:c.163T>C","NP_001358995.1:p.Phe55Leu","Unknown significance","null","missense_variant","2/7","null","55","MODERATE","28.3","null","0.00147741","gnomad_AF_nfe_pass","159.48078738291926","0.6941480896916004","51.01","-0.7","0.7"
"6:10410459:T>G","NM_001372066.1:c.161A>C","NP_001358995.1:p.Asp54Ala","Unknown significance","null","missense_variant","2/7","null","54","MODERATE","25.2","null","0","null","133.10958846070992","0.8320397648898131","49.53","-0.3","0.3"
"6:10410460:C>T","NM_001372066.1:c.160G>A","NP_001358995.1:p.Asp54Asn","Unknown significance","null","missense_variant","2/7","null","54","MODERATE","25.9","null","0","null","133.10958846070992","0.8320397648898131","49.53","-0.1","0.1"
"6:10410463:C>G","NM_001372066.1:c.157G>C","NP_001358995.1:p.Ala53Pro","Unknown significance","null","missense_variant","2/7","null","53","MODERATE","22.9","null","0","null","121.07078393116636","0.9521234049257528","53.71","-0.1","0.1"
"6:10410465:T>C","NM_001372066.1:c.155A>G","NP_001358995.1:p.Asn52Ser","Unknown significance","null","missense_variant","2/7","null","52","MODERATE","22.7","null","0.0681106","gnomad_AF_eas_pass","97.69721073830723","0.6112681569708066","43.91","0.1","0.1"
"6:10410466:T>G","NM_001372066.1:c.154A>C","NP_001358995.1:p.Asn52His","Unknown significance","null","missense_variant","2/7","null","52","MODERATE","26.4","null","0","null","97.69721073830723","0.6112681569708066","43.91","0.1","0.1"
"6:10410468:G>A","NM_001372066.1:c.152C>T","NP_001358995.1:p.Pro51Leu","Unknown significance","null","missense_variant","2/7","null","51","MODERATE","27.7","null","0","null","103.77540350086593","0.6597287408182101","50.52","-0.4","0.4"
"6:10410469:G>A","NM_001372066.1:c.151C>T","NP_001358995.1:p.Pro51Ser","Unknown significance","null","missense_variant","2/7","null","51","MODERATE","24.8","null","0","null","103.77540350086593","0.6597287408182101","50.52","-0.4","0.4"
"6:10410471:G>A","NM_001372066.1:c.149C>T","NP_001358995.1:p.Thr50Ile","Unknown significance","null","missense_variant","2/7","null","50","MODERATE","27.2","null","0.000971459","gnomad_AF_nfe_pass","132.88860809004527","0.8446081326785625","44.04","-0.1","0.1"
"6:10410471:G>C","NM_001372066.1:c.149C>G","NP_001358995.1:p.Thr50Ser","Unknown significance","null","missense_variant","2/7","null","50","MODERATE","23.8","null","0.00194292","gnomad_AF_nfe_pass","132.88860809004527","0.8446081326785625","44.04","-0.1","0.1"
"6:10410472:T>G","NM_001372066.1:c.148A>C","NP_001358995.1:p.Thr50Pro","Unknown significance","null","missense_variant","2/7","null","50","MODERATE","24.7","null","0","null","132.88860809004527","0.8446081326785625","44.04","-0.3","0.3"
"6:10410474:T>G","NM_001372066.1:c.146A>C","NP_001358995.1:p.His49Pro","Unknown significance","null","missense_variant","2/7","null","49","MODERATE","25.8","null","0","null","173.67134211187926","0.8455179187454127","43.88","-0.5","0.5"
"6:10410480:A>G","NM_001372066.1:c.140T>C","NP_001358995.1:p.Leu47Pro","Unknown significance","null","missense_variant","2/7","null","47","MODERATE","27.7","null","0.00362181","gnomad_AF_nfe_pass","203.4020586542571","1.0547096777876765","40.29","-0.3","0.3"
"6:10410490:C>A","NM_001372066.1:c.130G>T","NP_001358995.1:p.Ala44Ser","Unknown significance","null","missense_variant","2/7","null","44","MODERATE","24.9","null","0","null","92.33734747644395","0.7261582590484281","36.28","-0.1","0.1"
"6:10410495:G>A","NM_001372066.1:c.125C>T","NP_001358995.1:p.Thr42Met","Unknown significance","null","missense_variant","2/7","null","42","MODERATE","23.4","null","0.00545792","gnomad_AF_eas_pass","145.07383868520992","0.9220545369050709","37.54","0.0","0.0"
"6:10410501:G>T","NM_001372066.1:c.119C>A","NP_001358995.1:p.Pro40His","Unknown significance","null","missense_variant","2/7","null","40","MODERATE","25.1","Transcription_factor_AP-2_alpha&_N-terminal&Transcription_factor_AP-2_alpha&_N-terminal&Transcription_factor_AP-2_alpha&_N-terminal&Transcription_factor_AP-2_alpha&_N-terminal","0.000897457","gnomad_AF_nfe_pass","138.8232213859312","0.882537344607904","43.37","-0.0","0.0"
"6:10410502:G>A","NM_001372066.1:c.118C>T","NP_001358995.1:p.Pro40Ser","Unknown significance","null","missense_variant","2/7","null","40","MODERATE","23.6","Transcription_factor_AP-2_alpha&_N-terminal&Transcription_factor_AP-2_alpha&_N-terminal&Transcription_factor_AP-2_alpha&_N-terminal&Transcription_factor_AP-2_alpha&_N-terminal","0","gnomad_AF_afr_pass,gnomad_AF_amr_pass,gnomad_AF_eas_pass,gnomad_AF_nfe_pass,gnomad_AF_sas_pass","138.8232213859312","0.882537344607904","43.37","-0.1","0.1"
"6:10410504:G>A","NM_001372066.1:c.116C>T","NP_001358995.1:p.Ser39Phe","Unknown significance","null","missense_variant","2/7","null","39","MODERATE","25.5","Transcription_factor_AP-2_alpha&_N-terminal&Transcription_factor_AP-2_alpha&_N-terminal&Transcription_factor_AP-2_alpha&_N-terminal&Transcription_factor_AP-2_alpha&_N-terminal","0.0115962","gnomad_AF_amr_pass","99.71808125539019","0.7230810375048597","35.83","0.1","0.1"
"6:10410510:C>A","NM_001372066.1:c.110G>T","NP_001358995.1:p.Gly37Val","Unknown significance","null","missense_variant","2/7","null","37","MODERATE","31","Transcription_factor_AP-2_alpha&_N-terminal&Transcription_factor_AP-2_alpha&_N-terminal&Transcription_factor_AP-2_alpha&_N-terminal&Transcription_factor_AP-2_alpha&_N-terminal","0.0273194","gnomad_AF_eas_pass","50.3107426069368","0.5276639125513524","32.56","0.2","0.2"
"6:10410513:A>C","NM_001372066.1:c.107T>G","NP_001358995.1:p.Val36Gly","Unknown significance","null","missense_variant","2/7","null","36","MODERATE","32","Transcription_factor_AP-2_alpha&_N-terminal&Transcription_factor_AP-2_alpha&_N-terminal&Transcription_factor_AP-2_alpha&_N-terminal&Transcription_factor_AP-2_alpha&_N-terminal","0.00290192","gnomad_AF_amr_pass","154.41340621541835","0.8983158460002518","37.65","-0.3","0.3"
"6:10410517:T>C","NM_001372066.1:c.103A>G","NP_001358995.1:p.Thr35Ala","Unknown significance","null","missense_variant","2/7","null","35","MODERATE","18.33","Transcription_factor_AP-2_alpha&_N-terminal&Transcription_factor_AP-2_alpha&_N-terminal&Transcription_factor_AP-2_alpha&_N-terminal&Transcription_factor_AP-2_alpha&_N-terminal","0.0453492","gnomad_AF_eas_pass","117.44167807992615","0.7464311489703519","29.18","0.0","0.0"
"6:10410538:C>T","NM_001372066.1:c.82G>A","NP_001358995.1:p.Ala28Thr","Unknown significance","null","missense_variant","2/7","null","28","MODERATE","23.3","Transcription_factor_AP-2_alpha&_N-terminal&Transcription_factor_AP-2_alpha&_N-terminal&Transcription_factor_AP-2_alpha&_N-terminal&Transcription_factor_AP-2_alpha&_N-terminal","0.000911959","gnomad_AF_nfe_pass","103.26954231025931","0.8121310943643524","35.61","0.0","0.0"
"6:10410540:G>T","NM_001372066.1:c.80C>A","NP_001358995.1:p.Thr27Lys","Unknown significance","null","missense_variant","2/7","null","27","MODERATE","27.6","Transcription_factor_AP-2_alpha&_N-terminal&Transcription_factor_AP-2_alpha&_N-terminal&Transcription_factor_AP-2_alpha&_N-terminal&Transcription_factor_AP-2_alpha&_N-terminal","0","null","123.89622030145749","0.7874546718394344","30.13","-0.3","0.3"
"6:10410544:C>T","NM_001372066.1:c.76G>A","NP_001358995.1:p.Gly26Arg","Unknown significance","null","missense_variant","2/7","null","26","MODERATE","25.1","Transcription_factor_AP-2_alpha&_N-terminal&Transcription_factor_AP-2_alpha&_N-terminal&Transcription_factor_AP-2_alpha&_N-terminal&Transcription_factor_AP-2_alpha&_N-terminal","0.00644081","gnomad_AF_afr_pass","82.96056428219366","0.870098385917575","34.13","-0.0","0.0"
"6:10410555:C>A","NM_001372066.1:c.65G>T","NP_001358995.1:p.Gly22Val","Unknown significance","null","missense_variant","2/7","null","22","MODERATE","25.4","null","0.0334364","gnomad_AF_afr_pass","50.84786125188408","0.5332972646151736","31.37","-0.5","0.5"
"6:10410555:C>T","NM_001372066.1:c.65G>A","NP_001358995.1:p.Gly22Asp","Unknown significance","null","missense_variant","2/7","null","22","MODERATE","25.4","null","0.000927575","gnomad_AF_nfe_pass","50.84786125188408","0.5332972646151736","31.37","-0.6","0.6"
"6:10410568:C>T","NM_001372066.1:c.52G>A","NP_001358995.1:p.Asp18Asn","Unknown significance","null","missense_variant&splice_region_variant","2/7","null","18","MODERATE","32","null","0","null","150.2370071697216","0.9390996213630518","35.57","-0.0","0.0"
"6:10415181:T>C","NM_001372066.1:c.44A>G","NP_001358995.1:p.Asp15Gly","Unknown significance","null","missense_variant","1/7","null","15","MODERATE","29.8","null","0.00289084","gnomad_AF_amr_pass","118.89879834670018","0.7432111342697941","36.54","-0.2","0.2"
"6:10415187:T>C","NM_001372066.1:c.38A>G","NP_001358995.1:p.Tyr13Cys","Unknown significance","null","missense_variant","1/7","null","13","MODERATE","32","null","0.00615157","gnomad_AF_afr_pass","183.85744486217862","0.7663545776845693","32.92","-0.7","0.7"
"6:10415202:G>A","NM_001372066.1:c.23C>T","NP_001358995.1:p.Thr8Met","Unknown significance","null","missense_variant","1/7","null","8","MODERATE","32","null","0.000898021","gnomad_AF_nfe_pass","65.26275435845301","0.4147944198106314","39.04","0.1","0.1"
"6:10415217:A>T","NM_001372066.1:c.8T>A","NP_001358995.1:p.Met3Lys","Unknown significance","null","missense_variant","1/7","null","3","MODERATE","27.9","null","0","gnomad_AF_afr_pass,gnomad_AF_amr_pass,gnomad_AF_eas_pass,gnomad_AF_nfe_pass","152.6167461724909","0.7048192160318845","36.16","-1.4","1.4"