{"applied_filters": "CONTAINS missense_variant[Consequence]"},
"Genomic Description (GRCh37)","HGVS Nucleotide Change","HGVS Protein Change","Variant Classification","Phenotype","Consequence","Exon","Intron","Protein Position","Impact","CADD Phred","Interpro Domain","Max MAF (%)","Max MAF Source","Surface Area","Normalized SA","Confidence Score","ddG","|ddG|"
"12:65702373:A>G","NM_001193460.2:c.14A>G","NP_001180389.1:p.Asn5Ser","Unknown significance","null","missense_variant","3/8","null","5","MODERATE","22.3","null","0.00326627","gnomad_AF_sas_pass","135.6791950116936","0.8489123778183886","56.94","-0.1","0.1"
"12:65702374:C>A","NM_001193460.2:c.15C>A","NP_001180389.1:p.Asn5Lys","Unknown significance","null","missense_variant","3/8","null","5","MODERATE","22.3","null","0.00310217","gnomad_AF_nfe_pass","135.6791950116936","0.8489123778183886","56.94","-0.2","0.2"
"12:65702378:C>A","NM_001193460.2:c.19C>A","NP_001180389.1:p.Leu7Met","Unknown significance","null","missense_variant","3/8","null","7","MODERATE","22.4","null","0.000881073","gnomad_AF_nfe_pass","177.52642156743227","0.9205355940298243","58.84","-0.2","0.2"
"12:65702382:A>G","NM_001193460.2:c.23A>G","NP_001180389.1:p.His8Arg","Unknown significance","null","missense_variant","3/8","null","8","MODERATE","22.1","null","0","gnomad_AF_afr_pass,gnomad_AF_amr_pass,gnomad_AF_eas_pass,gnomad_AF_nfe_pass","162.95611267702301","0.7933508865772452","59.76","-0.3","0.3"
"12:65702393:A>G","NM_001193460.2:c.34A>G","NP_001180389.1:p.Lys12Glu","Unknown significance","null","missense_variant","3/8","null","12","MODERATE","22.1","null","0.00326627","gnomad_AF_sas_pass","224.96466338244392","0.9503619119200732","57.62","0.0","0.0"
"12:65702408:G>A","NM_001193460.2:c.49G>A","NP_001180389.1:p.Ala17Thr","Unknown significance","null","missense_variant","3/8","null","17","MODERATE","19.02","null","0.000882177","gnomad_AF_nfe_pass","84.5432993842729","0.6648643996488554","57.44","-0.0","0.0"
"12:65702415:G>A","NM_001193460.2:c.56G>A","NP_001180389.1:p.Arg19Gln","Unknown significance","null","missense_variant","3/8","null","19","MODERATE","21.2","null","0.00400609","gnomad_AF_afr_pass","240.721247463125","0.893460997515993","49.19","-0.0","0.0"
"12:65702420:T>C","NM_001193460.2:c.61T>C","NP_001180389.1:p.Cys21Arg","Unknown significance","null","missense_variant","3/8","null","21","MODERATE","21.6","null","0.00155308","gnomad_AF_nfe_pass","115.72791153586915","0.7489121974447814","49.03","-0.2","0.2"
"12:65702430:C>T","NM_001193460.2:c.71C>T","NP_001180389.1:p.Pro24Leu","Unknown significance","null","missense_variant","3/8","null","24","MODERATE","21.9","null","0","null","87.86720978127597","0.5585959843338697","61.96","0.2","0.2"
"12:65720609:C>G","NM_001193460.2:c.80C>G","NP_001180389.1:p.Ser27Trp","Unknown significance","null","missense_variant","4/8","null","27","MODERATE","28.5","null","0.00617589","gnomad_AF_afr_pass","0.0","0.0","84.27","0.9","0.9"
"12:65720609:C>T","NM_001193460.2:c.80C>T","NP_001180389.1:p.Ser27Leu","Unknown significance","null","missense_variant","4/8","null","27","MODERATE","24.7","null","0.00543613","gnomad_AF_nfe_pass","0.0","0.0","84.27","0.4","0.4"
"12:65720611:T>C","NM_001193460.2:c.82T>C","NP_001180389.1:p.Cys28Arg","Likely benign","null","missense_variant","4/8","null","28","MODERATE","18.07","null","0.000881881","gnomad_AF_nfe_pass","40.144336731499116","0.25978679678525024","88.44","0.1","0.1"
"12:65720617:G>A","NM_001193460.2:c.88G>A","NP_001180389.1:p.Asp30Asn","Unknown significance","null","missense_variant","4/8","null","30","MODERATE","24.2","Peptide_methionine_sulphoxide_reductase_MrsB&Peptide_methionine_sulphoxide_reductase_MrsB","0.000881306","gnomad_AF_nfe_pass","47.136918378545616","0.29464286486688335","83.19","0.1","0.1"
"12:65720618:A>G","NM_001193460.2:c.89A>G","NP_001180389.1:p.Asp30Gly","Unknown significance","null","missense_variant","4/8","null","30","MODERATE","23.9","Peptide_methionine_sulphoxide_reductase_MrsB&Peptide_methionine_sulphoxide_reductase_MrsB","0.00327033","gnomad_AF_sas_pass","47.136918378545616","0.29464286486688335","83.19","-0.5","0.5"
"12:65720620:A>G","NM_001193460.2:c.91A>G","NP_001180389.1:p.Lys31Glu","Unknown significance","null","missense_variant","4/8","null","31","MODERATE","22.0","Peptide_methionine_sulphoxide_reductase_MrsB&Peptide_methionine_sulphoxide_reductase_MrsB","0.00387886","gnomad_AF_nfe_pass","171.8096071953618","0.7258086862417129","83.6","0.1","0.1"
"12:65720622:A>C","NM_001193460.2:c.93A>C","NP_001180389.1:p.Lys31Asn","Unknown significance","null","missense_variant","4/8","null","31","MODERATE","21.5","Peptide_methionine_sulphoxide_reductase_MrsB&Peptide_methionine_sulphoxide_reductase_MrsB","0.00543774","gnomad_AF_eas_pass","171.8096071953618","0.7258086862417129","83.6","0.1","0.1"
"12:65720627:A>G","NM_001193460.2:c.98A>G","NP_001180389.1:p.Asn33Ser","Likely benign","null","missense_variant","4/8","null","33","MODERATE","14.39","Peptide_methionine_sulphoxide_reductase_MrsB&Peptide_methionine_sulphoxide_reductase_MrsB","0.118483","gnomad_AF_amr_pass","105.46777873492584","0.6598867484537562","83.31","-0.0","0.0"
"12:65720629:T>G","NM_001193460.2:c.100T>G","NP_001180389.1:p.Cys34Gly","Unknown significance","null","missense_variant","4/8","null","34","MODERATE","21.6","Peptide_methionine_sulphoxide_reductase_MrsB&Peptide_methionine_sulphoxide_reductase_MrsB","0","gnomad_AF_afr_pass,gnomad_AF_amr_pass,gnomad_AF_eas_pass,gnomad_AF_nfe_pass,gnomad_AF_sas_pass","9.858349583162155","0.0637965219584602","89.91","-1.3","1.3"
"12:65720635:G>A","NM_001193460.2:c.106G>A","NP_001180389.1:p.Val36Met","Unknown significance","null","missense_variant","4/8","null","36","MODERATE","22.3","Peptide_methionine_sulphoxide_reductase_MrsB&Peptide_methionine_sulphoxide_reductase_MrsB","0.000880499","gnomad_AF_nfe_pass","55.93372174637814","0.3254001695969532","95.71","-0.3","0.3"
"12:65720639:T>C","NM_001193460.2:c.110T>C","NP_001180389.1:p.Val37Ala","Unknown significance","null","missense_variant","4/8","null","37","MODERATE","16.16","Peptide_methionine_sulphoxide_reductase_MrsB&Peptide_methionine_sulphoxide_reductase_MrsB","0","null","55.314565790981256","0.32179816625080265","94.75","-0.5","0.5"
"12:65720648:A>G","NM_001193460.2:c.119A>G","NP_001180389.1:p.Gln40Arg","Unknown significance","null","missense_variant","4/8","null","40","MODERATE","23.3","Peptide_methionine_sulphoxide_reductase_MrsB&Peptide_methionine_sulphoxide_reductase_MrsB&Peptide_methionine_sulphoxide_reductase_MrsB&Peptide_methionine_sulphoxide_reductase_MrsB&Peptide_methionine_sulphoxide_reductase_MrsB&Peptide_methionine_sulphoxide_reductase_MrsB&Peptide_methionine_sulphoxide_reductase_MrsB&Peptide_methionine_sulphoxide_reductase_MrsB&Peptide_methionine_sulphoxide_reductase_MrsB","0.000880173","gnomad_AF_nfe_pass","20.419929116825017","0.10326044790929745","92.55","0.3","0.3"
"12:65720657:T>C","NM_001193460.2:c.128T>C","NP_001180389.1:p.Leu43Pro","Unknown significance","null","missense_variant","4/8","null","43","MODERATE","27.3","Peptide_methionine_sulphoxide_reductase_MrsB&Peptide_methionine_sulphoxide_reductase_MrsB&Peptide_methionine_sulphoxide_reductase_MrsB&Peptide_methionine_sulphoxide_reductase_MrsB&Peptide_methionine_sulphoxide_reductase_MrsB&Peptide_methionine_sulphoxide_reductase_MrsB&Peptide_methionine_sulphoxide_reductase_MrsB&Peptide_methionine_sulphoxide_reductase_MrsB&Peptide_methionine_sulphoxide_reductase_MrsB&Peptide_methionine_sulphoxide_reductase_MrsB&Peptide_methionine_sulphoxide_reductase_MrsB&Peptide_methionine_sulphoxide_reductase_MrsB&Peptide_methionine_sulphoxide_reductase_MrsB","0.000880251","gnomad_AF_nfe_pass","0.0","0.0","97.29","-2.3","2.3"
"12:65720657:T>G","NM_001193460.2:c.128T>G","NP_001180389.1:p.Leu43Arg","Unknown significance","null","missense_variant","4/8","null","43","MODERATE","27.4","Peptide_methionine_sulphoxide_reductase_MrsB&Peptide_methionine_sulphoxide_reductase_MrsB&Peptide_methionine_sulphoxide_reductase_MrsB&Peptide_methionine_sulphoxide_reductase_MrsB&Peptide_methionine_sulphoxide_reductase_MrsB&Peptide_methionine_sulphoxide_reductase_MrsB&Peptide_methionine_sulphoxide_reductase_MrsB&Peptide_methionine_sulphoxide_reductase_MrsB&Peptide_methionine_sulphoxide_reductase_MrsB&Peptide_methionine_sulphoxide_reductase_MrsB&Peptide_methionine_sulphoxide_reductase_MrsB&Peptide_methionine_sulphoxide_reductase_MrsB&Peptide_methionine_sulphoxide_reductase_MrsB","0.00326755","gnomad_AF_sas_pass","0.0","0.0","97.29","-0.8","0.8"
"12:65720665:C>T","NM_001193460.2:c.136C>T","NP_001180389.1:p.Arg46Trp","Unknown significance","null","missense_variant","4/8","null","46","MODERATE","32","Peptide_methionine_sulphoxide_reductase_MrsB&Peptide_methionine_sulphoxide_reductase_MrsB&Peptide_methionine_sulphoxide_reductase_MrsB&Peptide_methionine_sulphoxide_reductase_MrsB&Peptide_methionine_sulphoxide_reductase_MrsB&Peptide_methionine_sulphoxide_reductase_MrsB&Peptide_methionine_sulphoxide_reductase_MrsB&Peptide_methionine_sulphoxide_reductase_MrsB&Peptide_methionine_sulphoxide_reductase_MrsB&Peptide_methionine_sulphoxide_reductase_MrsB&Peptide_methionine_sulphoxide_reductase_MrsB&Peptide_methionine_sulphoxide_reductase_MrsB&Peptide_methionine_sulphoxide_reductase_MrsB","0.0113065","gnomad_AF_amr_pass","121.92818366099512","0.4525486542925698","97.52","0.3","0.3"
"12:65720666:G>A","NM_001193460.2:c.137G>A","NP_001180389.1:p.Arg46Gln","Unknown significance","null","missense_variant","4/8","null","46","MODERATE","25.9","Peptide_methionine_sulphoxide_reductase_MrsB&Peptide_methionine_sulphoxide_reductase_MrsB&Peptide_methionine_sulphoxide_reductase_MrsB&Peptide_methionine_sulphoxide_reductase_MrsB&Peptide_methionine_sulphoxide_reductase_MrsB&Peptide_methionine_sulphoxide_reductase_MrsB&Peptide_methionine_sulphoxide_reductase_MrsB&Peptide_methionine_sulphoxide_reductase_MrsB&Peptide_methionine_sulphoxide_reductase_MrsB&Peptide_methionine_sulphoxide_reductase_MrsB&Peptide_methionine_sulphoxide_reductase_MrsB&Peptide_methionine_sulphoxide_reductase_MrsB&Peptide_methionine_sulphoxide_reductase_MrsB","0.00326904","gnomad_AF_sas_pass","121.92818366099512","0.4525486542925698","97.52","-0.2","0.2"
"12:65720671:A>C","NM_001193460.2:c.142A>C","NP_001180389.1:p.Thr48Pro","Unknown significance","null","missense_variant","4/8","null","48","MODERATE","25.6","Peptide_methionine_sulphoxide_reductase_MrsB&Peptide_methionine_sulphoxide_reductase_MrsB&Peptide_methionine_sulphoxide_reductase_MrsB&Peptide_methionine_sulphoxide_reductase_MrsB&Peptide_methionine_sulphoxide_reductase_MrsB&Peptide_methionine_sulphoxide_reductase_MrsB&Peptide_methionine_sulphoxide_reductase_MrsB&Peptide_methionine_sulphoxide_reductase_MrsB&Peptide_methionine_sulphoxide_reductase_MrsB&Peptide_methionine_sulphoxide_reductase_MrsB&Peptide_methionine_sulphoxide_reductase_MrsB&Peptide_methionine_sulphoxide_reductase_MrsB&Peptide_methionine_sulphoxide_reductase_MrsB","0.00088053","gnomad_AF_nfe_pass","81.16244989235244","0.5158490726364402","98.55","-0.7","0.7"
"12:65720674:C>A","NM_001193460.2:c.145C>A","NP_001180389.1:p.Pro49Thr","Unknown significance","null","missense_variant","4/8","null","49","MODERATE","25.4","Peptide_methionine_sulphoxide_reductase_MrsB&Peptide_methionine_sulphoxide_reductase_MrsB&Peptide_methionine_sulphoxide_reductase_MrsB&Peptide_methionine_sulphoxide_reductase_MrsB&Peptide_methionine_sulphoxide_reductase_MrsB&Peptide_methionine_sulphoxide_reductase_MrsB&Peptide_methionine_sulphoxide_reductase_MrsB&Peptide_methionine_sulphoxide_reductase_MrsB&Peptide_methionine_sulphoxide_reductase_MrsB&Peptide_methionine_sulphoxide_reductase_MrsB&Peptide_methionine_sulphoxide_reductase_MrsB&Peptide_methionine_sulphoxide_reductase_MrsB&Peptide_methionine_sulphoxide_reductase_MrsB","0","null","137.16465618629266","0.8719933901272712","98.27","-0.1","0.1"
"12:65720674:C>G","NM_001193460.2:c.145C>G","NP_001180389.1:p.Pro49Ala","Unknown significance","null","missense_variant","4/8","null","49","MODERATE","24.5","Peptide_methionine_sulphoxide_reductase_MrsB&Peptide_methionine_sulphoxide_reductase_MrsB&Peptide_methionine_sulphoxide_reductase_MrsB&Peptide_methionine_sulphoxide_reductase_MrsB&Peptide_methionine_sulphoxide_reductase_MrsB&Peptide_methionine_sulphoxide_reductase_MrsB&Peptide_methionine_sulphoxide_reductase_MrsB&Peptide_methionine_sulphoxide_reductase_MrsB&Peptide_methionine_sulphoxide_reductase_MrsB&Peptide_methionine_sulphoxide_reductase_MrsB&Peptide_methionine_sulphoxide_reductase_MrsB&Peptide_methionine_sulphoxide_reductase_MrsB&Peptide_methionine_sulphoxide_reductase_MrsB","0.00616523","gnomad_AF_afr_pass","137.16465618629266","0.8719933901272712","98.27","-0.2","0.2"
"12:65720675:C>A","NM_001193460.2:c.146C>A","NP_001180389.1:p.Pro49His","Unknown significance","null","missense_variant","4/8","null","49","MODERATE","26.4","Peptide_methionine_sulphoxide_reductase_MrsB&Peptide_methionine_sulphoxide_reductase_MrsB&Peptide_methionine_sulphoxide_reductase_MrsB&Peptide_methionine_sulphoxide_reductase_MrsB&Peptide_methionine_sulphoxide_reductase_MrsB&Peptide_methionine_sulphoxide_reductase_MrsB&Peptide_methionine_sulphoxide_reductase_MrsB&Peptide_methionine_sulphoxide_reductase_MrsB&Peptide_methionine_sulphoxide_reductase_MrsB&Peptide_methionine_sulphoxide_reductase_MrsB&Peptide_methionine_sulphoxide_reductase_MrsB&Peptide_methionine_sulphoxide_reductase_MrsB&Peptide_methionine_sulphoxide_reductase_MrsB","0.00289687","gnomad_AF_amr_pass","137.16465618629266","0.8719933901272712","98.27","-0.1","0.1"
"12:65720675:C>T","NM_001193460.2:c.146C>T","NP_001180389.1:p.Pro49Leu","Unknown significance","null","missense_variant","4/8","null","49","MODERATE","27.2","Peptide_methionine_sulphoxide_reductase_MrsB&Peptide_methionine_sulphoxide_reductase_MrsB&Peptide_methionine_sulphoxide_reductase_MrsB&Peptide_methionine_sulphoxide_reductase_MrsB&Peptide_methionine_sulphoxide_reductase_MrsB&Peptide_methionine_sulphoxide_reductase_MrsB&Peptide_methionine_sulphoxide_reductase_MrsB&Peptide_methionine_sulphoxide_reductase_MrsB&Peptide_methionine_sulphoxide_reductase_MrsB&Peptide_methionine_sulphoxide_reductase_MrsB&Peptide_methionine_sulphoxide_reductase_MrsB&Peptide_methionine_sulphoxide_reductase_MrsB&Peptide_methionine_sulphoxide_reductase_MrsB","0.00980777","gnomad_AF_sas_pass","137.16465618629266","0.8719933901272712","98.27","-0.1","0.1"
"12:65720686:C>G","NM_001193460.2:c.157C>G","NP_001180389.1:p.His53Asp","Unknown significance","null","missense_variant","4/8","null","53","MODERATE","25.6","Peptide_methionine_sulphoxide_reductase_MrsB&Peptide_methionine_sulphoxide_reductase_MrsB&Peptide_methionine_sulphoxide_reductase_MrsB&Peptide_methionine_sulphoxide_reductase_MrsB&Peptide_methionine_sulphoxide_reductase_MrsB&Peptide_methionine_sulphoxide_reductase_MrsB&Peptide_methionine_sulphoxide_reductase_MrsB&Peptide_methionine_sulphoxide_reductase_MrsB&Peptide_methionine_sulphoxide_reductase_MrsB&Peptide_methionine_sulphoxide_reductase_MrsB&Peptide_methionine_sulphoxide_reductase_MrsB&Peptide_methionine_sulphoxide_reductase_MrsB&Peptide_methionine_sulphoxide_reductase_MrsB","0.00544129","gnomad_AF_eas_pass","86.09544005817168","0.41915514906633805","97.45","-1.0","1.0"
"12:65720686:C>T","NM_001193460.2:c.157C>T","NP_001180389.1:p.His53Tyr","Unknown significance","null","missense_variant","4/8","null","53","MODERATE","24.5","Peptide_methionine_sulphoxide_reductase_MrsB&Peptide_methionine_sulphoxide_reductase_MrsB&Peptide_methionine_sulphoxide_reductase_MrsB&Peptide_methionine_sulphoxide_reductase_MrsB&Peptide_methionine_sulphoxide_reductase_MrsB&Peptide_methionine_sulphoxide_reductase_MrsB&Peptide_methionine_sulphoxide_reductase_MrsB&Peptide_methionine_sulphoxide_reductase_MrsB&Peptide_methionine_sulphoxide_reductase_MrsB&Peptide_methionine_sulphoxide_reductase_MrsB&Peptide_methionine_sulphoxide_reductase_MrsB&Peptide_methionine_sulphoxide_reductase_MrsB&Peptide_methionine_sulphoxide_reductase_MrsB","0","null","86.09544005817168","0.41915514906633805","97.45","0.6","0.6"
"12:65720693:C>T","NM_001193460.2:c.164C>T","NP_001180389.1:p.Thr55Ile","Unknown significance","null","missense_variant","4/8","null","55","MODERATE","26.0","Peptide_methionine_sulphoxide_reductase_MrsB&Peptide_methionine_sulphoxide_reductase_MrsB&Peptide_methionine_sulphoxide_reductase_MrsB&Peptide_methionine_sulphoxide_reductase_MrsB&Peptide_methionine_sulphoxide_reductase_MrsB&Peptide_methionine_sulphoxide_reductase_MrsB&Peptide_methionine_sulphoxide_reductase_MrsB&Peptide_methionine_sulphoxide_reductase_MrsB&Peptide_methionine_sulphoxide_reductase_MrsB&Peptide_methionine_sulphoxide_reductase_MrsB&Peptide_methionine_sulphoxide_reductase_MrsB&Peptide_methionine_sulphoxide_reductase_MrsB&Peptide_methionine_sulphoxide_reductase_MrsB","0.00648508","gnomad_AF_nfe_pass","0.0","0.0","98.26","1.4","1.4"
"12:65720700:G>C","NM_001193460.2:c.171G>C","NP_001180389.1:p.Glu57Asp","Unknown significance","null","missense_variant","4/8","null","57","MODERATE","23.4","Peptide_methionine_sulphoxide_reductase_MrsB&Peptide_methionine_sulphoxide_reductase_MrsB&Peptide_methionine_sulphoxide_reductase_MrsB&Peptide_methionine_sulphoxide_reductase_MrsB&Peptide_methionine_sulphoxide_reductase_MrsB&Peptide_methionine_sulphoxide_reductase_MrsB&Peptide_methionine_sulphoxide_reductase_MrsB&Peptide_methionine_sulphoxide_reductase_MrsB&Peptide_methionine_sulphoxide_reductase_MrsB&Peptide_methionine_sulphoxide_reductase_MrsB&Peptide_methionine_sulphoxide_reductase_MrsB&Peptide_methionine_sulphoxide_reductase_MrsB&Peptide_methionine_sulphoxide_reductase_MrsB","0.0054484","gnomad_AF_eas_pass","95.85416678869232","0.49087811326583997","95.99","-0.1","0.1"
"12:65720710:G>A","NM_001193460.2:c.181G>A","NP_001180389.1:p.Glu61Lys","Unknown significance","null","missense_variant","4/8","null","61","MODERATE","29.7","Peptide_methionine_sulphoxide_reductase_MrsB&Peptide_methionine_sulphoxide_reductase_MrsB&Peptide_methionine_sulphoxide_reductase_MrsB&Peptide_methionine_sulphoxide_reductase_MrsB&Peptide_methionine_sulphoxide_reductase_MrsB&Peptide_methionine_sulphoxide_reductase_MrsB&Peptide_methionine_sulphoxide_reductase_MrsB&Peptide_methionine_sulphoxide_reductase_MrsB&Peptide_methionine_sulphoxide_reductase_MrsB&Peptide_methionine_sulphoxide_reductase_MrsB&Peptide_methionine_sulphoxide_reductase_MrsB&Peptide_methionine_sulphoxide_reductase_MrsB&Peptide_methionine_sulphoxide_reductase_MrsB","0.00622743","gnomad_AF_afr_pass","3.8685256439446394","0.019811080027499445","98.15","-0.7","0.7"
"12:65722311:T>G","NM_001193460.2:c.191T>G","NP_001180389.1:p.Phe64Cys","Unknown significance","null","missense_variant","5/8","null","64","MODERATE","28.1","Peptide_methionine_sulphoxide_reductase_MrsB&Peptide_methionine_sulphoxide_reductase_MrsB&Peptide_methionine_sulphoxide_reductase_MrsB&Peptide_methionine_sulphoxide_reductase_MrsB&Peptide_methionine_sulphoxide_reductase_MrsB&Peptide_methionine_sulphoxide_reductase_MrsB&Peptide_methionine_sulphoxide_reductase_MrsB&Peptide_methionine_sulphoxide_reductase_MrsB&Peptide_methionine_sulphoxide_reductase_MrsB&Peptide_methionine_sulphoxide_reductase_MrsB&Peptide_methionine_sulphoxide_reductase_MrsB&Peptide_methionine_sulphoxide_reductase_MrsB&Peptide_methionine_sulphoxide_reductase_MrsB","0.0061546","gnomad_AF_afr_pass","116.17698448272543","0.5056661254824711","97.67","-1.7","1.7"
"12:65722337:G>T","NM_001193460.2:c.217G>T","NP_001180389.1:p.Asp73Tyr","Unknown significance","null","missense_variant","5/8","null","73","MODERATE","29.6","Peptide_methionine_sulphoxide_reductase_MrsB&Peptide_methionine_sulphoxide_reductase_MrsB&Peptide_methionine_sulphoxide_reductase_MrsB&Peptide_methionine_sulphoxide_reductase_MrsB&Peptide_methionine_sulphoxide_reductase_MrsB&Peptide_methionine_sulphoxide_reductase_MrsB&Peptide_methionine_sulphoxide_reductase_MrsB&Peptide_methionine_sulphoxide_reductase_MrsB&Peptide_methionine_sulphoxide_reductase_MrsB&Peptide_methionine_sulphoxide_reductase_MrsB&Peptide_methionine_sulphoxide_reductase_MrsB&Peptide_methionine_sulphoxide_reductase_MrsB&Peptide_methionine_sulphoxide_reductase_MrsB&Peptide_methionine_sulphoxide_reductase_MrsB&Peptide_methionine_sulphoxide_reductase_MrsB","0.00326691","gnomad_AF_sas_pass","75.15866600205474","0.4698008574208772","98.03","0.5","0.5"
"12:65722343:G>A","NM_001193460.2:c.223G>A","NP_001180389.1:p.Gly75Arg","Unknown significance","null","missense_variant","5/8","null","75","MODERATE","32","Peptide_methionine_sulphoxide_reductase_MrsB&Peptide_methionine_sulphoxide_reductase_MrsB&Peptide_methionine_sulphoxide_reductase_MrsB&Peptide_methionine_sulphoxide_reductase_MrsB&Peptide_methionine_sulphoxide_reductase_MrsB&Peptide_methionine_sulphoxide_reductase_MrsB&Peptide_methionine_sulphoxide_reductase_MrsB&Peptide_methionine_sulphoxide_reductase_MrsB&Peptide_methionine_sulphoxide_reductase_MrsB&Peptide_methionine_sulphoxide_reductase_MrsB&Peptide_methionine_sulphoxide_reductase_MrsB&Peptide_methionine_sulphoxide_reductase_MrsB&Peptide_methionine_sulphoxide_reductase_MrsB&Peptide_methionine_sulphoxide_reductase_MrsB&Peptide_methionine_sulphoxide_reductase_MrsB","0.00326691","gnomad_AF_sas_pass","1.200464470141667","0.012590586947657172","98.44","-0.5","0.5"
"12:65722352:A>G","NM_001193460.2:c.232A>G","NP_001180389.1:p.Lys78Glu","Unknown significance","null","missense_variant","5/8","null","78","MODERATE","22.5","Peptide_methionine_sulphoxide_reductase_MrsB&Peptide_methionine_sulphoxide_reductase_MrsB&Peptide_methionine_sulphoxide_reductase_MrsB&Peptide_methionine_sulphoxide_reductase_MrsB&Peptide_methionine_sulphoxide_reductase_MrsB&Peptide_methionine_sulphoxide_reductase_MrsB&Peptide_methionine_sulphoxide_reductase_MrsB&Peptide_methionine_sulphoxide_reductase_MrsB&Peptide_methionine_sulphoxide_reductase_MrsB&Peptide_methionine_sulphoxide_reductase_MrsB&Peptide_methionine_sulphoxide_reductase_MrsB&Peptide_methionine_sulphoxide_reductase_MrsB&Peptide_methionine_sulphoxide_reductase_MrsB&Peptide_methionine_sulphoxide_reductase_MrsB&Peptide_methionine_sulphoxide_reductase_MrsB","0.00578302","gnomad_AF_amr_pass","55.90928959250682","0.2361884686791854","98.82","0.0","0.0"
"12:65722356:G>A","NM_001193460.2:c.236G>A","NP_001180389.1:p.Cys79Tyr","Unknown significance","null","missense_variant","5/8","null","79","MODERATE","28.5","Peptide_methionine_sulphoxide_reductase_MrsB&Peptide_methionine_sulphoxide_reductase_MrsB&Peptide_methionine_sulphoxide_reductase_MrsB&Peptide_methionine_sulphoxide_reductase_MrsB&Peptide_methionine_sulphoxide_reductase_MrsB&Peptide_methionine_sulphoxide_reductase_MrsB&Peptide_methionine_sulphoxide_reductase_MrsB&Peptide_methionine_sulphoxide_reductase_MrsB&Peptide_methionine_sulphoxide_reductase_MrsB&Peptide_methionine_sulphoxide_reductase_MrsB&Peptide_methionine_sulphoxide_reductase_MrsB&Peptide_methionine_sulphoxide_reductase_MrsB&Peptide_methionine_sulphoxide_reductase_MrsB&Peptide_methionine_sulphoxide_reductase_MrsB&Peptide_methionine_sulphoxide_reductase_MrsB","0.0326229","gnomad_AF_eas_pass","0.08133952682766034","5.263740005948458E-4","98.8","-3.3","3.3"
"12:65722364:T>G","NM_001193460.2:c.244T>G","NP_001180389.1:p.Cys82Gly","Pathogenic","Deafness, non-syndromic, autosomal recessive","missense_variant","5/8","null","82","MODERATE","27.4","Peptide_methionine_sulphoxide_reductase_MrsB&Peptide_methionine_sulphoxide_reductase_MrsB&Peptide_methionine_sulphoxide_reductase_MrsB&Peptide_methionine_sulphoxide_reductase_MrsB&Peptide_methionine_sulphoxide_reductase_MrsB&Peptide_methionine_sulphoxide_reductase_MrsB&Peptide_methionine_sulphoxide_reductase_MrsB&Peptide_methionine_sulphoxide_reductase_MrsB&Peptide_methionine_sulphoxide_reductase_MrsB&Peptide_methionine_sulphoxide_reductase_MrsB&Peptide_methionine_sulphoxide_reductase_MrsB&Peptide_methionine_sulphoxide_reductase_MrsB&Peptide_methionine_sulphoxide_reductase_MrsB&Peptide_methionine_sulphoxide_reductase_MrsB&Peptide_methionine_sulphoxide_reductase_MrsB","0.00980072","gnomad_AF_sas_pass","35.52612895334159","0.22990090245348782","98.05","-4.3","4.3"
"12:65722365:G>A","NM_001193460.2:c.245G>A","NP_001180389.1:p.Cys82Tyr","Unknown significance","null","missense_variant","5/8","null","82","MODERATE","29.7","Peptide_methionine_sulphoxide_reductase_MrsB&Peptide_methionine_sulphoxide_reductase_MrsB&Peptide_methionine_sulphoxide_reductase_MrsB&Peptide_methionine_sulphoxide_reductase_MrsB&Peptide_methionine_sulphoxide_reductase_MrsB&Peptide_methionine_sulphoxide_reductase_MrsB&Peptide_methionine_sulphoxide_reductase_MrsB&Peptide_methionine_sulphoxide_reductase_MrsB&Peptide_methionine_sulphoxide_reductase_MrsB&Peptide_methionine_sulphoxide_reductase_MrsB&Peptide_methionine_sulphoxide_reductase_MrsB&Peptide_methionine_sulphoxide_reductase_MrsB&Peptide_methionine_sulphoxide_reductase_MrsB&Peptide_methionine_sulphoxide_reductase_MrsB&Peptide_methionine_sulphoxide_reductase_MrsB","0.000880251","gnomad_AF_nfe_pass","35.52612895334159","0.22990090245348782","98.05","-2.4","2.4"
"12:65722368:G>A","NM_001193460.2:c.248G>A","NP_001180389.1:p.Gly83Glu","Unknown significance","null","missense_variant","5/8","null","83","MODERATE","25.3","Peptide_methionine_sulphoxide_reductase_MrsB&Peptide_methionine_sulphoxide_reductase_MrsB&Peptide_methionine_sulphoxide_reductase_MrsB&Peptide_methionine_sulphoxide_reductase_MrsB&Peptide_methionine_sulphoxide_reductase_MrsB&Peptide_methionine_sulphoxide_reductase_MrsB&Peptide_methionine_sulphoxide_reductase_MrsB&Peptide_methionine_sulphoxide_reductase_MrsB&Peptide_methionine_sulphoxide_reductase_MrsB&Peptide_methionine_sulphoxide_reductase_MrsB&Peptide_methionine_sulphoxide_reductase_MrsB&Peptide_methionine_sulphoxide_reductase_MrsB&Peptide_methionine_sulphoxide_reductase_MrsB&Peptide_methionine_sulphoxide_reductase_MrsB&Peptide_methionine_sulphoxide_reductase_MrsB","0.00326691","gnomad_AF_sas_pass","34.93157317605582","0.3663657028014148","98.12","-0.5","0.5"
"12:65722374:C>T","NM_001193460.2:c.254C>T","NP_001180389.1:p.Pro85Leu","Unknown significance","null","missense_variant","5/8","null","85","MODERATE","27.8","Peptide_methionine_sulphoxide_reductase_MrsB&Peptide_methionine_sulphoxide_reductase_MrsB&Peptide_methionine_sulphoxide_reductase_MrsB&Peptide_methionine_sulphoxide_reductase_MrsB&Peptide_methionine_sulphoxide_reductase_MrsB&Peptide_methionine_sulphoxide_reductase_MrsB&Peptide_methionine_sulphoxide_reductase_MrsB&Peptide_methionine_sulphoxide_reductase_MrsB&Peptide_methionine_sulphoxide_reductase_MrsB&Peptide_methionine_sulphoxide_reductase_MrsB&Peptide_methionine_sulphoxide_reductase_MrsB&Peptide_methionine_sulphoxide_reductase_MrsB&Peptide_methionine_sulphoxide_reductase_MrsB&Peptide_methionine_sulphoxide_reductase_MrsB&Peptide_methionine_sulphoxide_reductase_MrsB","0","null","54.44067304509751","0.34609431007452895","98.64","0.4","0.4"
"12:65762788:A>G","NM_001193460.2:c.274A>G","NP_001180389.1:p.Lys92Glu","Unknown significance","null","missense_variant","6/8","null","92","MODERATE","26.7","Peptide_methionine_sulphoxide_reductase_MrsB&Peptide_methionine_sulphoxide_reductase_MrsB&Peptide_methionine_sulphoxide_reductase_MrsB&Peptide_methionine_sulphoxide_reductase_MrsB&Peptide_methionine_sulphoxide_reductase_MrsB&Peptide_methionine_sulphoxide_reductase_MrsB&Peptide_methionine_sulphoxide_reductase_MrsB&Peptide_methionine_sulphoxide_reductase_MrsB&Peptide_methionine_sulphoxide_reductase_MrsB&Peptide_methionine_sulphoxide_reductase_MrsB&Peptide_methionine_sulphoxide_reductase_MrsB&Peptide_methionine_sulphoxide_reductase_MrsB&Peptide_methionine_sulphoxide_reductase_MrsB&Peptide_methionine_sulphoxide_reductase_MrsB&Peptide_methionine_sulphoxide_reductase_MrsB","0.000881197","gnomad_AF_nfe_pass","18.684901808259916","0.07893425900559681","98.59","-0.8","0.8"
"12:65762789:A>G","NM_001193460.2:c.275A>G","NP_001180389.1:p.Lys92Arg","Unknown significance","null","missense_variant","6/8","null","92","MODERATE","26.4","Peptide_methionine_sulphoxide_reductase_MrsB&Peptide_methionine_sulphoxide_reductase_MrsB&Peptide_methionine_sulphoxide_reductase_MrsB&Peptide_methionine_sulphoxide_reductase_MrsB&Peptide_methionine_sulphoxide_reductase_MrsB&Peptide_methionine_sulphoxide_reductase_MrsB&Peptide_methionine_sulphoxide_reductase_MrsB&Peptide_methionine_sulphoxide_reductase_MrsB&Peptide_methionine_sulphoxide_reductase_MrsB&Peptide_methionine_sulphoxide_reductase_MrsB&Peptide_methionine_sulphoxide_reductase_MrsB&Peptide_methionine_sulphoxide_reductase_MrsB&Peptide_methionine_sulphoxide_reductase_MrsB&Peptide_methionine_sulphoxide_reductase_MrsB&Peptide_methionine_sulphoxide_reductase_MrsB","0.00088115","gnomad_AF_nfe_pass","18.684901808259916","0.07893425900559681","98.59","1.0","1.0"
"12:65762800:G>A","NM_001193460.2:c.286G>A","NP_001180389.1:p.Gly96Ser","Unknown significance","null","missense_variant","6/8","null","96","MODERATE","25.7","Peptide_methionine_sulphoxide_reductase_MrsB&Peptide_methionine_sulphoxide_reductase_MrsB&Peptide_methionine_sulphoxide_reductase_MrsB&Peptide_methionine_sulphoxide_reductase_MrsB&Peptide_methionine_sulphoxide_reductase_MrsB&Peptide_methionine_sulphoxide_reductase_MrsB&Peptide_methionine_sulphoxide_reductase_MrsB&Peptide_methionine_sulphoxide_reductase_MrsB&Peptide_methionine_sulphoxide_reductase_MrsB&Peptide_methionine_sulphoxide_reductase_MrsB&Peptide_methionine_sulphoxide_reductase_MrsB&Peptide_methionine_sulphoxide_reductase_MrsB&Peptide_methionine_sulphoxide_reductase_MrsB&Peptide_methionine_sulphoxide_reductase_MrsB&Peptide_methionine_sulphoxide_reductase_MrsB","0.0187126","gnomad_AF_afr_pass","51.76560595497489","0.5429226594247784","96.01","-0.2","0.2"
"12:65847525:G>A","NM_001193460.2:c.310G>A","NP_001180389.1:p.Asp104Asn","Unknown significance","null","missense_variant","7/8","null","104","MODERATE","27.4","Peptide_methionine_sulphoxide_reductase_MrsB&Peptide_methionine_sulphoxide_reductase_MrsB&Peptide_methionine_sulphoxide_reductase_MrsB&Peptide_methionine_sulphoxide_reductase_MrsB&Peptide_methionine_sulphoxide_reductase_MrsB&Peptide_methionine_sulphoxide_reductase_MrsB&Peptide_methionine_sulphoxide_reductase_MrsB&Peptide_methionine_sulphoxide_reductase_MrsB&Peptide_methionine_sulphoxide_reductase_MrsB&Peptide_methionine_sulphoxide_reductase_MrsB&Peptide_methionine_sulphoxide_reductase_MrsB&Peptide_methionine_sulphoxide_reductase_MrsB&Peptide_methionine_sulphoxide_reductase_MrsB&Peptide_methionine_sulphoxide_reductase_MrsB&Peptide_methionine_sulphoxide_reductase_MrsB","0.00289452","gnomad_AF_amr_pass","61.01947525046087","0.3814197792075606","98.25","0.2","0.2"
"12:65847528:G>A","NM_001193460.2:c.313G>A","NP_001180389.1:p.Val105Met","Unknown significance","null","missense_variant","7/8","null","105","MODERATE","24.5","Peptide_methionine_sulphoxide_reductase_MrsB&Peptide_methionine_sulphoxide_reductase_MrsB&Peptide_methionine_sulphoxide_reductase_MrsB&Peptide_methionine_sulphoxide_reductase_MrsB&Peptide_methionine_sulphoxide_reductase_MrsB&Peptide_methionine_sulphoxide_reductase_MrsB&Peptide_methionine_sulphoxide_reductase_MrsB&Peptide_methionine_sulphoxide_reductase_MrsB&Peptide_methionine_sulphoxide_reductase_MrsB&Peptide_methionine_sulphoxide_reductase_MrsB&Peptide_methionine_sulphoxide_reductase_MrsB&Peptide_methionine_sulphoxide_reductase_MrsB&Peptide_methionine_sulphoxide_reductase_MrsB&Peptide_methionine_sulphoxide_reductase_MrsB&Peptide_methionine_sulphoxide_reductase_MrsB","0","null","8.06121172695382","0.046896926955831884","98.36","-0.3","0.3"
"12:65847532:T>C","NM_001193460.2:c.317T>C","NP_001180389.1:p.Ile106Thr","Unknown significance","null","missense_variant","7/8","null","106","MODERATE","19.64","Peptide_methionine_sulphoxide_reductase_MrsB&Peptide_methionine_sulphoxide_reductase_MrsB&Peptide_methionine_sulphoxide_reductase_MrsB&Peptide_methionine_sulphoxide_reductase_MrsB&Peptide_methionine_sulphoxide_reductase_MrsB&Peptide_methionine_sulphoxide_reductase_MrsB&Peptide_methionine_sulphoxide_reductase_MrsB&Peptide_methionine_sulphoxide_reductase_MrsB&Peptide_methionine_sulphoxide_reductase_MrsB&Peptide_methionine_sulphoxide_reductase_MrsB&Peptide_methionine_sulphoxide_reductase_MrsB&Peptide_methionine_sulphoxide_reductase_MrsB&Peptide_methionine_sulphoxide_reductase_MrsB&Peptide_methionine_sulphoxide_reductase_MrsB&Peptide_methionine_sulphoxide_reductase_MrsB","0.000880871","gnomad_AF_nfe_pass","49.506669706562164","0.2523806726846615","97.92","-1.5","1.5"
"12:65847534:A>G","NM_001193460.2:c.319A>G","NP_001180389.1:p.Asn107Asp","Likely benign","null","missense_variant","7/8","null","107","MODERATE","10.95","Peptide_methionine_sulphoxide_reductase_MrsB&Peptide_methionine_sulphoxide_reductase_MrsB&Peptide_methionine_sulphoxide_reductase_MrsB&Peptide_methionine_sulphoxide_reductase_MrsB&Peptide_methionine_sulphoxide_reductase_MrsB&Peptide_methionine_sulphoxide_reductase_MrsB&Peptide_methionine_sulphoxide_reductase_MrsB&Peptide_methionine_sulphoxide_reductase_MrsB&Peptide_methionine_sulphoxide_reductase_MrsB&Peptide_methionine_sulphoxide_reductase_MrsB&Peptide_methionine_sulphoxide_reductase_MrsB&Peptide_methionine_sulphoxide_reductase_MrsB&Peptide_methionine_sulphoxide_reductase_MrsB&Peptide_methionine_sulphoxide_reductase_MrsB&Peptide_methionine_sulphoxide_reductase_MrsB","0.0653296","gnomad_AF_sas_pass","101.57682772798907","0.6355419955902911","96.68","-0.1","0.1"
"12:65847540:G>C","NM_001193460.2:c.325G>C","NP_001180389.1:p.Glu109Gln","Unknown significance","null","missense_variant","7/8","null","109","MODERATE","21.5","Peptide_methionine_sulphoxide_reductase_MrsB&Peptide_methionine_sulphoxide_reductase_MrsB&Peptide_methionine_sulphoxide_reductase_MrsB&Peptide_methionine_sulphoxide_reductase_MrsB&Peptide_methionine_sulphoxide_reductase_MrsB&Peptide_methionine_sulphoxide_reductase_MrsB&Peptide_methionine_sulphoxide_reductase_MrsB&Peptide_methionine_sulphoxide_reductase_MrsB&Peptide_methionine_sulphoxide_reductase_MrsB&Peptide_methionine_sulphoxide_reductase_MrsB&Peptide_methionine_sulphoxide_reductase_MrsB&Peptide_methionine_sulphoxide_reductase_MrsB&Peptide_methionine_sulphoxide_reductase_MrsB&Peptide_methionine_sulphoxide_reductase_MrsB&Peptide_methionine_sulphoxide_reductase_MrsB","0.00326648","gnomad_AF_sas_pass","173.6428328310725","0.8892411151009846","96.1","0.1","0.1"
"12:65847544:C>G","NM_001193460.2:c.329C>G","NP_001180389.1:p.Ala110Gly","Likely benign","null","missense_variant","7/8","null","110","MODERATE","14.96","Peptide_methionine_sulphoxide_reductase_MrsB&Peptide_methionine_sulphoxide_reductase_MrsB&Peptide_methionine_sulphoxide_reductase_MrsB&Peptide_methionine_sulphoxide_reductase_MrsB&Peptide_methionine_sulphoxide_reductase_MrsB&Peptide_methionine_sulphoxide_reductase_MrsB&Peptide_methionine_sulphoxide_reductase_MrsB&Peptide_methionine_sulphoxide_reductase_MrsB&Peptide_methionine_sulphoxide_reductase_MrsB&Peptide_methionine_sulphoxide_reductase_MrsB&Peptide_methionine_sulphoxide_reductase_MrsB&Peptide_methionine_sulphoxide_reductase_MrsB&Peptide_methionine_sulphoxide_reductase_MrsB&Peptide_methionine_sulphoxide_reductase_MrsB&Peptide_methionine_sulphoxide_reductase_MrsB","0.00326648","gnomad_AF_sas_pass","8.738374369533666","0.06872021876860551","96.63","-1.4","1.4"
"12:65847546:A>G","NM_001193460.2:c.331A>G","NP_001180389.1:p.Ile111Val","Unknown significance","null","missense_variant","7/8","null","111","MODERATE","4.465","Peptide_methionine_sulphoxide_reductase_MrsB&Peptide_methionine_sulphoxide_reductase_MrsB&Peptide_methionine_sulphoxide_reductase_MrsB&Peptide_methionine_sulphoxide_reductase_MrsB&Peptide_methionine_sulphoxide_reductase_MrsB&Peptide_methionine_sulphoxide_reductase_MrsB&Peptide_methionine_sulphoxide_reductase_MrsB&Peptide_methionine_sulphoxide_reductase_MrsB&Peptide_methionine_sulphoxide_reductase_MrsB&Peptide_methionine_sulphoxide_reductase_MrsB&Peptide_methionine_sulphoxide_reductase_MrsB&Peptide_methionine_sulphoxide_reductase_MrsB&Peptide_methionine_sulphoxide_reductase_MrsB&Peptide_methionine_sulphoxide_reductase_MrsB&Peptide_methionine_sulphoxide_reductase_MrsB","0","gnomad_AF_afr_pass,gnomad_AF_amr_pass,gnomad_AF_eas_pass,gnomad_AF_nfe_pass,gnomad_AF_sas_pass","2.186970929514812","0.011148986542707925","98.12","-0.1","0.1"
"12:65847549:A>G","NM_001193460.2:c.334A>G","NP_001180389.1:p.Thr112Ala","Likely benign","null","missense_variant","7/8","null","112","MODERATE","4.262","Peptide_methionine_sulphoxide_reductase_MrsB&Peptide_methionine_sulphoxide_reductase_MrsB&Peptide_methionine_sulphoxide_reductase_MrsB&Peptide_methionine_sulphoxide_reductase_MrsB&Peptide_methionine_sulphoxide_reductase_MrsB&Peptide_methionine_sulphoxide_reductase_MrsB&Peptide_methionine_sulphoxide_reductase_MrsB&Peptide_methionine_sulphoxide_reductase_MrsB&Peptide_methionine_sulphoxide_reductase_MrsB&Peptide_methionine_sulphoxide_reductase_MrsB&Peptide_methionine_sulphoxide_reductase_MrsB&Peptide_methionine_sulphoxide_reductase_MrsB&Peptide_methionine_sulphoxide_reductase_MrsB&Peptide_methionine_sulphoxide_reductase_MrsB&Peptide_methionine_sulphoxide_reductase_MrsB","0.000880576","gnomad_AF_nfe_pass","69.76603099139496","0.44341616641894005","97.22","-0.1","0.1"
"12:65847561:G>C","NM_001193460.2:c.346G>C","NP_001180389.1:p.Asp116His","Unknown significance","null","missense_variant","7/8","null","116","MODERATE","26.8","Peptide_methionine_sulphoxide_reductase_MrsB&Peptide_methionine_sulphoxide_reductase_MrsB&Peptide_methionine_sulphoxide_reductase_MrsB&Peptide_methionine_sulphoxide_reductase_MrsB&Peptide_methionine_sulphoxide_reductase_MrsB&Peptide_methionine_sulphoxide_reductase_MrsB&Peptide_methionine_sulphoxide_reductase_MrsB&Peptide_methionine_sulphoxide_reductase_MrsB&Peptide_methionine_sulphoxide_reductase_MrsB&Peptide_methionine_sulphoxide_reductase_MrsB&Peptide_methionine_sulphoxide_reductase_MrsB&Peptide_methionine_sulphoxide_reductase_MrsB&Peptide_methionine_sulphoxide_reductase_MrsB&Peptide_methionine_sulphoxide_reductase_MrsB&Peptide_methionine_sulphoxide_reductase_MrsB","0.00543774","gnomad_AF_eas_pass","18.482079308357488","0.11552755214880506","96.24","-0.6","0.6"
"12:65847562:A>G","NM_001193460.2:c.347A>G","NP_001180389.1:p.Asp116Gly","Unknown significance","null","missense_variant","7/8","null","116","MODERATE","25.0","Peptide_methionine_sulphoxide_reductase_MrsB&Peptide_methionine_sulphoxide_reductase_MrsB&Peptide_methionine_sulphoxide_reductase_MrsB&Peptide_methionine_sulphoxide_reductase_MrsB&Peptide_methionine_sulphoxide_reductase_MrsB&Peptide_methionine_sulphoxide_reductase_MrsB&Peptide_methionine_sulphoxide_reductase_MrsB&Peptide_methionine_sulphoxide_reductase_MrsB&Peptide_methionine_sulphoxide_reductase_MrsB&Peptide_methionine_sulphoxide_reductase_MrsB&Peptide_methionine_sulphoxide_reductase_MrsB&Peptide_methionine_sulphoxide_reductase_MrsB&Peptide_methionine_sulphoxide_reductase_MrsB&Peptide_methionine_sulphoxide_reductase_MrsB&Peptide_methionine_sulphoxide_reductase_MrsB","0.000880499","gnomad_AF_nfe_pass","18.482079308357488","0.11552755214880506","96.24","-1.7","1.7"
"12:65847568:C>T","NM_001193460.2:c.353C>T","NP_001180389.1:p.Ser118Phe","Unknown significance","null","missense_variant","7/8","null","118","MODERATE","25.7","Peptide_methionine_sulphoxide_reductase_MrsB&Peptide_methionine_sulphoxide_reductase_MrsB&Peptide_methionine_sulphoxide_reductase_MrsB&Peptide_methionine_sulphoxide_reductase_MrsB&Peptide_methionine_sulphoxide_reductase_MrsB&Peptide_methionine_sulphoxide_reductase_MrsB&Peptide_methionine_sulphoxide_reductase_MrsB&Peptide_methionine_sulphoxide_reductase_MrsB&Peptide_methionine_sulphoxide_reductase_MrsB&Peptide_methionine_sulphoxide_reductase_MrsB&Peptide_methionine_sulphoxide_reductase_MrsB&Peptide_methionine_sulphoxide_reductase_MrsB&Peptide_methionine_sulphoxide_reductase_MrsB","0.000880421","gnomad_AF_nfe_pass","58.55738655610392","0.4246144259045498","90.53","-0.2","0.2"
"12:65847571:A>G","NM_001193460.2:c.356A>G","NP_001180389.1:p.Tyr119Cys","Unknown significance","null","missense_variant","7/8","null","119","MODERATE","23.9","Peptide_methionine_sulphoxide_reductase_MrsB&Peptide_methionine_sulphoxide_reductase_MrsB&Peptide_methionine_sulphoxide_reductase_MrsB&Peptide_methionine_sulphoxide_reductase_MrsB&Peptide_methionine_sulphoxide_reductase_MrsB&Peptide_methionine_sulphoxide_reductase_MrsB&Peptide_methionine_sulphoxide_reductase_MrsB&Peptide_methionine_sulphoxide_reductase_MrsB&Peptide_methionine_sulphoxide_reductase_MrsB&Peptide_methionine_sulphoxide_reductase_MrsB&Peptide_methionine_sulphoxide_reductase_MrsB&Peptide_methionine_sulphoxide_reductase_MrsB&Peptide_methionine_sulphoxide_reductase_MrsB","0.0195989","gnomad_AF_sas_pass","213.770959611866","0.891040085961061","89.66","-0.3","0.3"
"12:65847573:G>A","NM_001193460.2:c.358G>A","NP_001180389.1:p.Gly120Arg","Unknown significance","null","missense_variant","7/8","null","120","MODERATE","28.3","Peptide_methionine_sulphoxide_reductase_MrsB&Peptide_methionine_sulphoxide_reductase_MrsB&Peptide_methionine_sulphoxide_reductase_MrsB&Peptide_methionine_sulphoxide_reductase_MrsB&Peptide_methionine_sulphoxide_reductase_MrsB&Peptide_methionine_sulphoxide_reductase_MrsB&Peptide_methionine_sulphoxide_reductase_MrsB&Peptide_methionine_sulphoxide_reductase_MrsB&Peptide_methionine_sulphoxide_reductase_MrsB&Peptide_methionine_sulphoxide_reductase_MrsB&Peptide_methionine_sulphoxide_reductase_MrsB&Peptide_methionine_sulphoxide_reductase_MrsB&Peptide_methionine_sulphoxide_reductase_MrsB","0.00615157","gnomad_AF_afr_pass","85.25903464606708","0.8942049643984412","92.33","-0.1","0.1"
"12:65847577:T>G","NM_001193460.2:c.362T>G","NP_001180389.1:p.Met121Arg","Unknown significance","null","missense_variant","7/8","null","121","MODERATE","22.9","Peptide_methionine_sulphoxide_reductase_MrsB&Peptide_methionine_sulphoxide_reductase_MrsB&Peptide_methionine_sulphoxide_reductase_MrsB&Peptide_methionine_sulphoxide_reductase_MrsB&Peptide_methionine_sulphoxide_reductase_MrsB&Peptide_methionine_sulphoxide_reductase_MrsB&Peptide_methionine_sulphoxide_reductase_MrsB&Peptide_methionine_sulphoxide_reductase_MrsB&Peptide_methionine_sulphoxide_reductase_MrsB&Peptide_methionine_sulphoxide_reductase_MrsB&Peptide_methionine_sulphoxide_reductase_MrsB&Peptide_methionine_sulphoxide_reductase_MrsB&Peptide_methionine_sulphoxide_reductase_MrsB","0","gnomad_AF_afr_pass,gnomad_AF_amr_pass,gnomad_AF_eas_pass,gnomad_AF_nfe_pass,gnomad_AF_sas_pass","108.22786882573169","0.49982117671634296","93.94","-0.9","0.9"
"12:65847579:C>T","NM_001193460.2:c.364C>T","NP_001180389.1:p.His122Tyr","Unknown significance","null","missense_variant","7/8","null","122","MODERATE","23.7","Peptide_methionine_sulphoxide_reductase_MrsB&Peptide_methionine_sulphoxide_reductase_MrsB&Peptide_methionine_sulphoxide_reductase_MrsB&Peptide_methionine_sulphoxide_reductase_MrsB&Peptide_methionine_sulphoxide_reductase_MrsB&Peptide_methionine_sulphoxide_reductase_MrsB&Peptide_methionine_sulphoxide_reductase_MrsB&Peptide_methionine_sulphoxide_reductase_MrsB&Peptide_methionine_sulphoxide_reductase_MrsB&Peptide_methionine_sulphoxide_reductase_MrsB&Peptide_methionine_sulphoxide_reductase_MrsB&Peptide_methionine_sulphoxide_reductase_MrsB&Peptide_methionine_sulphoxide_reductase_MrsB","0.00653296","gnomad_AF_sas_pass","131.4285103239861","0.6398589379320843","96.22","0.4","0.4"
"12:65847581:C>G","NM_001193460.2:c.366C>G","NP_001180389.1:p.His122Gln","Unknown significance","null","missense_variant","7/8","null","122","MODERATE","22.5","Peptide_methionine_sulphoxide_reductase_MrsB&Peptide_methionine_sulphoxide_reductase_MrsB&Peptide_methionine_sulphoxide_reductase_MrsB&Peptide_methionine_sulphoxide_reductase_MrsB&Peptide_methionine_sulphoxide_reductase_MrsB&Peptide_methionine_sulphoxide_reductase_MrsB&Peptide_methionine_sulphoxide_reductase_MrsB&Peptide_methionine_sulphoxide_reductase_MrsB&Peptide_methionine_sulphoxide_reductase_MrsB&Peptide_methionine_sulphoxide_reductase_MrsB&Peptide_methionine_sulphoxide_reductase_MrsB&Peptide_methionine_sulphoxide_reductase_MrsB&Peptide_methionine_sulphoxide_reductase_MrsB","0.00648004","gnomad_AF_nfe_pass","131.4285103239861","0.6398589379320843","96.22","-0.1","0.1"
"12:65847583:G>A","NM_001193460.2:c.368G>A","NP_001180389.1:p.Arg123Lys","Unknown significance","null","missense_variant","7/8","null","123","MODERATE","26.7","Peptide_methionine_sulphoxide_reductase_MrsB&Peptide_methionine_sulphoxide_reductase_MrsB&Peptide_methionine_sulphoxide_reductase_MrsB&Peptide_methionine_sulphoxide_reductase_MrsB&Peptide_methionine_sulphoxide_reductase_MrsB&Peptide_methionine_sulphoxide_reductase_MrsB&Peptide_methionine_sulphoxide_reductase_MrsB&Peptide_methionine_sulphoxide_reductase_MrsB&Peptide_methionine_sulphoxide_reductase_MrsB&Peptide_methionine_sulphoxide_reductase_MrsB&Peptide_methionine_sulphoxide_reductase_MrsB&Peptide_methionine_sulphoxide_reductase_MrsB&Peptide_methionine_sulphoxide_reductase_MrsB","0.000880483","gnomad_AF_nfe_pass","42.69013253275811","0.15844869864531091","97.31","-1.0","1.0"
"12:65847585:G>A","NM_001193460.2:c.370G>A","NP_001180389.1:p.Val124Met","Unknown significance","null","missense_variant","7/8","null","124","MODERATE","25.4","Peptide_methionine_sulphoxide_reductase_MrsB&Peptide_methionine_sulphoxide_reductase_MrsB&Peptide_methionine_sulphoxide_reductase_MrsB&Peptide_methionine_sulphoxide_reductase_MrsB&Peptide_methionine_sulphoxide_reductase_MrsB&Peptide_methionine_sulphoxide_reductase_MrsB&Peptide_methionine_sulphoxide_reductase_MrsB&Peptide_methionine_sulphoxide_reductase_MrsB&Peptide_methionine_sulphoxide_reductase_MrsB&Peptide_methionine_sulphoxide_reductase_MrsB&Peptide_methionine_sulphoxide_reductase_MrsB&Peptide_methionine_sulphoxide_reductase_MrsB&Peptide_methionine_sulphoxide_reductase_MrsB","0.00289419","gnomad_AF_amr_pass","60.44555896178166","0.35164824587807814","98.25","-0.5","0.5"
"12:65847594:A>C","NM_001193460.2:c.379A>C","NP_001180389.1:p.Ser127Arg","Unknown significance","null","missense_variant","7/8","null","127","MODERATE","21.9","Peptide_methionine_sulphoxide_reductase_MrsB&Peptide_methionine_sulphoxide_reductase_MrsB&Peptide_methionine_sulphoxide_reductase_MrsB&Peptide_methionine_sulphoxide_reductase_MrsB&Peptide_methionine_sulphoxide_reductase_MrsB&Peptide_methionine_sulphoxide_reductase_MrsB&Peptide_methionine_sulphoxide_reductase_MrsB&Peptide_methionine_sulphoxide_reductase_MrsB&Peptide_methionine_sulphoxide_reductase_MrsB&Peptide_methionine_sulphoxide_reductase_MrsB&Peptide_methionine_sulphoxide_reductase_MrsB&Peptide_methionine_sulphoxide_reductase_MrsB&Peptide_methionine_sulphoxide_reductase_MrsB","0.00868407","gnomad_AF_amr_pass","4.141690400527194","0.030032445010319944","98.13","1.1","1.1"
"12:65847601:C>G","NM_001193460.2:c.386C>G","NP_001180389.1:p.Ser129Cys","Unknown significance","null","missense_variant","7/8","null","129","MODERATE","26.3","Peptide_methionine_sulphoxide_reductase_MrsB&Peptide_methionine_sulphoxide_reductase_MrsB&Peptide_methionine_sulphoxide_reductase_MrsB&Peptide_methionine_sulphoxide_reductase_MrsB&Peptide_methionine_sulphoxide_reductase_MrsB&Peptide_methionine_sulphoxide_reductase_MrsB&Peptide_methionine_sulphoxide_reductase_MrsB&Peptide_methionine_sulphoxide_reductase_MrsB&Peptide_methionine_sulphoxide_reductase_MrsB&Peptide_methionine_sulphoxide_reductase_MrsB&Peptide_methionine_sulphoxide_reductase_MrsB&Peptide_methionine_sulphoxide_reductase_MrsB&Peptide_methionine_sulphoxide_reductase_MrsB","0.00289486","gnomad_AF_amr_pass","33.80777177483548","0.24514870706413794","96.57","1.1","1.1"
"12:65856948:T>G","NM_001193460.2:c.404T>G","NP_001180389.1:p.Leu135Arg","Unknown significance","null","missense_variant","8/8","null","135","MODERATE","29.8","Peptide_methionine_sulphoxide_reductase_MrsB&Peptide_methionine_sulphoxide_reductase_MrsB&Peptide_methionine_sulphoxide_reductase_MrsB&Peptide_methionine_sulphoxide_reductase_MrsB&Peptide_methionine_sulphoxide_reductase_MrsB&Peptide_methionine_sulphoxide_reductase_MrsB&Peptide_methionine_sulphoxide_reductase_MrsB&Peptide_methionine_sulphoxide_reductase_MrsB","0.0017619","gnomad_AF_nfe_pass","0.0","0.0","98.79","-3.6","3.6"
"12:65856956:A>G","NM_001193460.2:c.412A>G","NP_001180389.1:p.Ile138Val","Unknown significance","null","missense_variant","8/8","null","138","MODERATE","15.46","Peptide_methionine_sulphoxide_reductase_MrsB&Peptide_methionine_sulphoxide_reductase_MrsB&Peptide_methionine_sulphoxide_reductase_MrsB&Peptide_methionine_sulphoxide_reductase_MrsB&Peptide_methionine_sulphoxide_reductase_MrsB&Peptide_methionine_sulphoxide_reductase_MrsB&Peptide_methionine_sulphoxide_reductase_MrsB&Peptide_methionine_sulphoxide_reductase_MrsB","0.00289101","gnomad_AF_amr_pass","10.83065446972968","0.05521372931944948","98.63","0.5","0.5"
"12:65856974:C>T","NM_001193460.2:c.430C>T","NP_001180389.1:p.Arg144Cys","Unknown significance","null","missense_variant","8/8","null","144","MODERATE","33","Peptide_methionine_sulphoxide_reductase_MrsB&Peptide_methionine_sulphoxide_reductase_MrsB&Peptide_methionine_sulphoxide_reductase_MrsB&Peptide_methionine_sulphoxide_reductase_MrsB&Peptide_methionine_sulphoxide_reductase_MrsB&Peptide_methionine_sulphoxide_reductase_MrsB&Peptide_methionine_sulphoxide_reductase_MrsB&Peptide_methionine_sulphoxide_reductase_MrsB","0.00578168","gnomad_AF_amr_pass","237.16269453885712","0.8802530722541531","97.5","-0.2","0.2"
"12:65856975:G>A","NM_001193460.2:c.431G>A","NP_001180389.1:p.Arg144His","Unknown significance","null","missense_variant","8/8","null","144","MODERATE","31","Peptide_methionine_sulphoxide_reductase_MrsB&Peptide_methionine_sulphoxide_reductase_MrsB&Peptide_methionine_sulphoxide_reductase_MrsB&Peptide_methionine_sulphoxide_reductase_MrsB&Peptide_methionine_sulphoxide_reductase_MrsB&Peptide_methionine_sulphoxide_reductase_MrsB&Peptide_methionine_sulphoxide_reductase_MrsB&Peptide_methionine_sulphoxide_reductase_MrsB","0.0501203","gnomad_AF_eas_pass","237.16269453885712","0.8802530722541531","97.5","-0.1","0.1"
"12:65856977:C>T","NM_001193460.2:c.433C>T","NP_001180389.1:p.Pro145Ser","Unknown significance","null","missense_variant","8/8","null","145","MODERATE","28.1","Peptide_methionine_sulphoxide_reductase_MrsB&Peptide_methionine_sulphoxide_reductase_MrsB&Peptide_methionine_sulphoxide_reductase_MrsB&Peptide_methionine_sulphoxide_reductase_MrsB&Peptide_methionine_sulphoxide_reductase_MrsB&Peptide_methionine_sulphoxide_reductase_MrsB&Peptide_methionine_sulphoxide_reductase_MrsB&Peptide_methionine_sulphoxide_reductase_MrsB","0","null","133.35779365865594","0.8477921195265277","95.9","-0.3","0.3"
"12:65856993:A>G","NM_001193460.2:c.449A>G","NP_001180389.1:p.Tyr150Cys","Unknown significance","null","missense_variant","8/8","null","150","MODERATE","28.6","Peptide_methionine_sulphoxide_reductase_MrsB&Peptide_methionine_sulphoxide_reductase_MrsB&Peptide_methionine_sulphoxide_reductase_MrsB&Peptide_methionine_sulphoxide_reductase_MrsB&Peptide_methionine_sulphoxide_reductase_MrsB&Peptide_methionine_sulphoxide_reductase_MrsB&Peptide_methionine_sulphoxide_reductase_MrsB&Peptide_methionine_sulphoxide_reductase_MrsB","0.0114784","gnomad_AF_afr_pass","10.660652699320671","0.044435731190292295","98.79","-3.0","3.0"
"12:65856995:T>G","NM_001193460.2:c.451T>G","NP_001180389.1:p.Cys151Gly","Unknown significance","null","missense_variant","8/8","null","151","MODERATE","26.8","Peptide_methionine_sulphoxide_reductase_MrsB&Peptide_methionine_sulphoxide_reductase_MrsB&Peptide_methionine_sulphoxide_reductase_MrsB&Peptide_methionine_sulphoxide_reductase_MrsB&Peptide_methionine_sulphoxide_reductase_MrsB&Peptide_methionine_sulphoxide_reductase_MrsB&Peptide_methionine_sulphoxide_reductase_MrsB&Peptide_methionine_sulphoxide_reductase_MrsB","0.0115634","gnomad_AF_amr_pass","12.440263136676995","0.08050490740595828","98.7","-4.9","4.9"
"12:65856996:G>C","NM_001193460.2:c.452G>C","NP_001180389.1:p.Cys151Ser","Unknown significance","null","missense_variant","8/8","null","151","MODERATE","27.5","Peptide_methionine_sulphoxide_reductase_MrsB&Peptide_methionine_sulphoxide_reductase_MrsB&Peptide_methionine_sulphoxide_reductase_MrsB&Peptide_methionine_sulphoxide_reductase_MrsB&Peptide_methionine_sulphoxide_reductase_MrsB&Peptide_methionine_sulphoxide_reductase_MrsB&Peptide_methionine_sulphoxide_reductase_MrsB&Peptide_methionine_sulphoxide_reductase_MrsB","0.000879121","gnomad_AF_nfe_pass","12.440263136676995","0.08050490740595828","98.7","-4.2","4.2"
"12:65857005:C>T","NM_001193460.2:c.461C>T","NP_001180389.1:p.Ser154Leu","Unknown significance","null","missense_variant","8/8","null","154","MODERATE","25.4","Peptide_methionine_sulphoxide_reductase_MrsB&Peptide_methionine_sulphoxide_reductase_MrsB&Peptide_methionine_sulphoxide_reductase_MrsB&Peptide_methionine_sulphoxide_reductase_MrsB&Peptide_methionine_sulphoxide_reductase_MrsB&Peptide_methionine_sulphoxide_reductase_MrsB&Peptide_methionine_sulphoxide_reductase_MrsB&Peptide_methionine_sulphoxide_reductase_MrsB","0","null","0.006892605195527416","4.998002421575825E-5","98.82","0.4","0.4"
"12:65857023:C>T","NM_001193460.2:c.479C>T","NP_001180389.1:p.Thr160Ile","Likely benign","null","missense_variant","8/8","null","160","MODERATE","9.277","Peptide_methionine_sulphoxide_reductase_MrsB&Peptide_methionine_sulphoxide_reductase_MrsB&Peptide_methionine_sulphoxide_reductase_MrsB&Peptide_methionine_sulphoxide_reductase_MrsB&Peptide_methionine_sulphoxide_reductase_MrsB&Peptide_methionine_sulphoxide_reductase_MrsB&Peptide_methionine_sulphoxide_reductase_MrsB&Peptide_methionine_sulphoxide_reductase_MrsB","0.00326627","gnomad_AF_sas_pass","59.20194691852532","0.3762733808146249","98.33","0.7","0.7"
"12:65857025:C>A","NM_001193460.2:c.481C>A","NP_001180389.1:p.Pro161Thr","Unknown significance","null","missense_variant","8/8","null","161","MODERATE","20.2","Peptide_methionine_sulphoxide_reductase_MrsB&Peptide_methionine_sulphoxide_reductase_MrsB&Peptide_methionine_sulphoxide_reductase_MrsB&Peptide_methionine_sulphoxide_reductase_MrsB&Peptide_methionine_sulphoxide_reductase_MrsB&Peptide_methionine_sulphoxide_reductase_MrsB&Peptide_methionine_sulphoxide_reductase_MrsB&Peptide_methionine_sulphoxide_reductase_MrsB","0.00289084","gnomad_AF_amr_pass","105.99562540286362","0.6738433012085219","98.29","-0.2","0.2"
"12:65857029:C>A","NM_001193460.2:c.485C>A","NP_001180389.1:p.Ala162Glu","Likely benign","null","missense_variant","8/8","null","162","MODERATE","19.50","Peptide_methionine_sulphoxide_reductase_MrsB&Peptide_methionine_sulphoxide_reductase_MrsB&Peptide_methionine_sulphoxide_reductase_MrsB&Peptide_methionine_sulphoxide_reductase_MrsB&Peptide_methionine_sulphoxide_reductase_MrsB&Peptide_methionine_sulphoxide_reductase_MrsB","0.00648088","gnomad_AF_nfe_pass","44.35409445716891","0.3488089369353378","95.11","0.1","0.1"
"12:65857029:C>T","NM_001193460.2:c.485C>T","NP_001180389.1:p.Ala162Val","Likely benign","null","missense_variant","8/8","null","162","MODERATE","16.95","Peptide_methionine_sulphoxide_reductase_MrsB&Peptide_methionine_sulphoxide_reductase_MrsB&Peptide_methionine_sulphoxide_reductase_MrsB&Peptide_methionine_sulphoxide_reductase_MrsB&Peptide_methionine_sulphoxide_reductase_MrsB&Peptide_methionine_sulphoxide_reductase_MrsB","0.00619281","gnomad_AF_nfe_pass","44.35409445716891","0.3488089369353378","95.11","0.2","0.2"
"12:65857039:T>A","NM_001193460.2:c.495T>A","NP_001180389.1:p.Ser165Arg","Likely benign","null","missense_variant","8/8","null","165","MODERATE","1.495","null","0.00578168","gnomad_AF_amr_pass","117.05193059166986","0.8487731647924827","48.78","0.2","0.2"
"12:65857040:G>A","NM_001193460.2:c.496G>A","NP_001180389.1:p.Gly166Ser","Likely benign","null","missense_variant","8/8","null","166","MODERATE","0.117","null","0.00326627","gnomad_AF_sas_pass","54.86333718130744","0.5754119627866763","43.48","0.4","0.4"
"12:65857043:A>G","NM_001193460.2:c.499A>G","NP_001180389.1:p.Thr167Ala","Likely benign","null","missense_variant","8/8","null","167","MODERATE","0.002","null","0","null","122.96624405887067","0.781543965805442","38.83","-0.1","0.1"
"12:65857046:G>A","NM_001193460.2:c.502G>A","NP_001180389.1:p.Ala168Thr","Likely benign","null","missense_variant","8/8","null","168","MODERATE","9.331","null","0.0178063","gnomad_AF_nfe_pass","106.76895195390384","0.8396511096558296","35.82","0.1","0.1"
"12:65857049:G>A","NM_001193460.2:c.505G>A","NP_001180389.1:p.Glu169Lys","Likely benign","null","missense_variant","8/8","null","169","MODERATE","12.94","null","0","gnomad_AF_afr_pass,gnomad_AF_amr_pass,gnomad_AF_eas_pass,gnomad_AF_nfe_pass,gnomad_AF_sas_pass","171.5521903676866","0.8785347403827872","36.49","-0.0","0.0"
"12:65857052:G>A","NM_001193460.2:c.508G>A","NP_001180389.1:p.Gly170Arg","Unknown significance","null","missense_variant","8/8","null","170","MODERATE","22.4","null","0.00653253","gnomad_AF_sas_pass","94.73599422017222","0.993600228885629","28.38","0.1","0.1"
"12:65857053:G>A","NM_001193460.2:c.509G>A","NP_001180389.1:p.Gly170Glu","Likely benign","null","missense_variant","8/8","null","170","MODERATE","13.05","null","0.000879214","gnomad_AF_nfe_pass","94.73599422017222","0.993600228885629","28.38","0.0","0.0"
"12:65857058:A>G","NM_001193460.2:c.514A>G","NP_001180389.1:p.Ser172Gly","Likely benign","null","missense_variant","8/8","null","172","MODERATE","7.331","null","0.0522603","gnomad_AF_sas_pass","121.6773964068025","0.8823135877372792","28.64","-0.3","0.3"
"12:65857067:G>A","NM_001193460.2:c.523G>A","NP_001180389.1:p.Ala175Thr","Likely benign","null","missense_variant","8/8","null","175","MODERATE","3.403","null","0.0653253","gnomad_AF_sas_pass","116.58067954034789","0.91681237990184","31.54","0.0","0.0"
"12:65857068:C>T","NM_001193460.2:c.524C>T","NP_001180389.1:p.Ala175Val","Likely benign","null","missense_variant","8/8","null","175","MODERATE","9.459","null","0.0054407","gnomad_AF_eas_pass","116.58067954034789","0.91681237990184","31.54","0.0","0.0"
"12:65857071:G>A","NM_001193460.2:c.527G>A","NP_001180389.1:p.Ser176Asn","Unknown significance","null","missense_variant","8/8","null","176","MODERATE","19.16","null","0.0100321","gnomad_AF_eas_pass","99.56750426292226","0.721989165634008","34.13","-0.2","0.2"
"12:65857073:C>A","NM_001193460.2:c.529C>A","NP_001180389.1:p.Pro177Thr","Unknown significance","null","missense_variant","8/8","null","177","MODERATE","19.04","null","0","null","141.724095032863","0.9009789950742121","39.71","-0.1","0.1"
"12:65857073:C>G","NM_001193460.2:c.529C>G","NP_001180389.1:p.Pro177Ala","Unknown significance","null","missense_variant","8/8","null","177","MODERATE","15.11","null","0.00615385","gnomad_AF_afr_pass","141.724095032863","0.9009789950742121","39.71","-0.1","0.1"
"12:65857074:C>T","NM_001193460.2:c.530C>T","NP_001180389.1:p.Pro177Leu","Unknown significance","null","missense_variant","8/8","null","177","MODERATE","22.1","null","0.120192","gnomad_AF_afr_pass","141.724095032863","0.9009789950742121","39.71","-0.1","0.1"
"12:65857076:G>A","NM_001193460.2:c.532G>A","NP_001180389.1:p.Ala178Thr","Likely benign","null","missense_variant","8/8","null","178","MODERATE","15.95","null","0.0054401","gnomad_AF_eas_pass","117.71184972541346","0.9257081148858262","35.99","0.0","0.0"
"12:65857083:C>G","NM_001193460.2:c.539C>G","NP_001180389.1:p.Ala180Gly","Likely benign","null","missense_variant","8/8","null","180","MODERATE","5.236","null","0.00326648","gnomad_AF_sas_pass","124.05548620248287","0.9755956646814274","39.31","-0.1","0.1"
"12:65857086:A>G","NM_001193460.2:c.542A>G","NP_001180389.1:p.Asp181Gly","Likely benign","null","missense_variant","8/8","null","181","MODERATE","14.60","null","0.00801346","gnomad_AF_afr_pass","133.39501458892016","0.8338239029925281","43.09","-0.2","0.2"
"12:65857086:A>T","NM_001193460.2:c.542A>T","NP_001180389.1:p.Asp181Val","Likely benign","null","missense_variant","8/8","null","181","MODERATE","18.80","null","0.00867453","gnomad_AF_amr_pass","133.39501458892016","0.8338239029925281","43.09","-0.2","0.2"
"12:65857087:C>A","NM_001193460.2:c.543C>A","NP_001180389.1:p.Asp181Glu","Unknown significance","null","missense_variant","8/8","null","181","MODERATE","19.95","null","0.000879647","gnomad_AF_nfe_pass","133.39501458892016","0.8338239029925281","43.09","-0.0","0.0"
"12:65857092:C>A","NM_001193460.2:c.548C>A","NP_001180389.1:p.Ala183Glu","Likely benign","null","missense_variant","8/8","null","183","MODERATE","13.42","null","0.00289151","gnomad_AF_amr_pass","110.25735613514833","0.8670845759220767","45.86","-0.1","0.1"
"12:65857092:C>T","NM_001193460.2:c.548C>T","NP_001180389.1:p.Ala183Val","Likely benign","null","missense_variant","8/8","null","183","MODERATE","14.02","null","0.00564462","gnomad_AF_amr_pass","110.25735613514833","0.8670845759220767","45.86","-0.0","0.0"
"12:65857096:G>C","NM_001193460.2:c.552G>C","NP_001180389.1:p.Glu184Asp","Unknown significance","null","missense_variant","8/8","null","184","MODERATE","20.6","null","0.00544425","gnomad_AF_eas_pass","149.83583947135324","0.7673232853971017","36.11","0.0","0.0"