{"applied_filters": "CONTAINS missense_variant[Consequence]"},
"Genomic Description (GRCh37)","HGVS Nucleotide Change","HGVS Protein Change","Variant Classification","Phenotype","Consequence","Exon","Intron","Protein Position","Impact","CADD Phred","Interpro Domain","Max MAF (%)","Max MAF Source","Surface Area","Normalized SA","Confidence Score","ddG","|ddG|"
"8:20054921:G>T","NM_001693.4:c.4G>T","NP_001684.2:p.Ala2Ser","Unknown significance","null","missense_variant","1/14","null","2","MODERATE","27.0","null","0","null","73.11475438094429","0.5749881732910336","38.45","-0.7","0.7"
"8:20054922:C>A","NM_001693.4:c.5C>A","NP_001684.2:p.Ala2Glu","Unknown significance","null","missense_variant","1/14","null","2","MODERATE","28.5","null","0.00418235","gnomad_AF_sas_pass","73.11475438094429","0.5749881732910336","38.45","-0.9","0.9"
"8:20054922:C>T","NM_001693.4:c.5C>T","NP_001684.2:p.Ala2Val","Unknown significance","null","missense_variant","1/14","null","2","MODERATE","29.2","null","0.0128436","gnomad_AF_afr_pass","73.11475438094429","0.5749881732910336","38.45","-0.3","0.3"
"8:20054924:C>A","NM_001693.4:c.7C>A","NP_001684.2:p.Leu3Met","Likely benign","null","missense_variant","1/14","null","3","MODERATE","23.1","null","0.046799","gnomad_AF_eas_pass","150.23068710905284","0.778997816654075","33.82","-0.4","0.4"
"8:20054925:T>G","NM_001693.4:c.8T>G","NP_001684.2:p.Leu3Arg","Unknown significance","null","missense_variant","1/14","null","3","MODERATE","29.7","null","0","null","150.23068710905284","0.778997816654075","33.82","-0.9","0.9"
"8:20054927:C>T","NM_001693.4:c.10C>T","NP_001684.2:p.Arg4Trp","Unknown significance","null","missense_variant","1/14","null","4","MODERATE","27.0","null","0.00649098","gnomad_AF_nfe_pass","190.94716939444442","0.7087195261654234","33.96","0.1","0.1"
"8:20054928:G>A","NM_001693.4:c.11G>A","NP_001684.2:p.Arg4Gln","Benign","null","missense_variant","1/14","null","4","MODERATE","24.9","null","0.670739","gnomad_AF_nfe_pass","190.94716939444442","0.7087195261654234","33.96","-0.2","0.2"
"8:20054928:G>T","NM_001693.4:c.11G>T","NP_001684.2:p.Arg4Leu","Unknown significance","null","missense_variant","1/14","null","4","MODERATE","24.8","null","0.00273995","gnomad_AF_nfe_pass","190.94716939444442","0.7087195261654234","33.96","0.1","0.1"
"8:20054931:C>A","NM_001693.4:c.14C>A","NP_001684.2:p.Ala5Glu","Unknown significance","null","missense_variant","1/14","null","5","MODERATE","24.1","null","0.00224427","gnomad_AF_nfe_pass","61.9015030009713","0.4868050564603188","34.37","-0.8","0.8"
"8:20054931:C>G","NM_001693.4:c.14C>G","NP_001684.2:p.Ala5Gly","Unknown significance","null","missense_variant","1/14","null","5","MODERATE","24.6","null","0.0109314","gnomad_AF_eas_pass","61.9015030009713","0.4868050564603188","34.37","-1.0","1.0"
"8:20054931:C>T","NM_001693.4:c.14C>T","NP_001684.2:p.Ala5Val","Unknown significance","null","missense_variant","1/14","null","5","MODERATE","23.3","null","0.00814067","gnomad_AF_amr_pass","61.9015030009713","0.4868050564603188","34.37","-0.2","0.2"
"8:20054933:A>C","NM_001693.4:c.16A>C","NP_001684.2:p.Met6Leu","Likely benign","null","missense_variant","1/14","null","6","MODERATE","18.99","null","0.0108885","gnomad_AF_eas_pass","127.40824941924834","0.5884005833159073","32.12","-0.4","0.4"
"8:20054933:A>G","NM_001693.4:c.16A>G","NP_001684.2:p.Met6Val","Unknown significance","null","missense_variant","1/14","null","6","MODERATE","22.8","null","0.00673364","gnomad_AF_nfe_pass","127.40824941924834","0.5884005833159073","32.12","-0.7","0.7"
"8:20054935:G>T","NM_001693.4:c.18G>T","NP_001684.2:p.Met6Ile","Likely benign","null","missense_variant","1/14","null","6","MODERATE","20.7","null","0.00405581","gnomad_AF_amr_pass","127.40824941924834","0.5884005833159073","32.12","-0.5","0.5"
"8:20054936:C>T","NM_001693.4:c.19C>T","NP_001684.2:p.Arg7Trp","Unknown significance","null","missense_variant","1/14","null","7","MODERATE","31","null","0.0327225","gnomad_AF_eas_pass","167.3596975774583","0.6211722642573815","31.74","0.0","0.0"
"8:20054937:G>A","NM_001693.4:c.20G>A","NP_001684.2:p.Arg7Gln","Unknown significance","null","missense_variant","1/14","null","7","MODERATE","26.0","null","0","null","167.3596975774583","0.6211722642573815","31.74","-0.3","0.3"
"8:20054939:G>A","NM_001693.4:c.22G>A","NP_001684.2:p.Gly8Arg","Unknown significance","null","missense_variant","1/14","null","8","MODERATE","27.6","null","0","null","37.51086198412475","0.39341753216316055","30.4","-0.3","0.3"
"8:20054940:G>C","NM_001693.4:c.23G>C","NP_001684.2:p.Gly8Ala","Unknown significance","null","missense_variant","1/14","null","8","MODERATE","24.8","null","0.00403323","gnomad_AF_amr_pass","37.51086198412475","0.39341753216316055","30.4","0.1","0.1"
"8:20054940:G>T","NM_001693.4:c.23G>T","NP_001684.2:p.Gly8Val","Unknown significance","null","missense_variant","1/14","null","8","MODERATE","25.7","null","0.0243982","gnomad_AF_sas_pass","37.51086198412475","0.39341753216316055","30.4","0.1","0.1"
"8:20054942:A>G","NM_001693.4:c.25A>G","NP_001684.2:p.Ile9Val","Likely benign","null","missense_variant","1/14","null","9","MODERATE","20.1","null","0.00587268","gnomad_AF_afr_pass","140.82786299219296","0.7179281297930216","32.0","-0.1","0.1"
"8:20054942:A>T","NM_001693.4:c.25A>T","NP_001684.2:p.Ile9Phe","Unknown significance","null","missense_variant","1/14","null","9","MODERATE","23.2","null","0","null","140.82786299219296","0.7179281297930216","32.0","-0.4","0.4"
"8:20054948:A>G","NM_001693.4:c.31A>G","NP_001684.2:p.Asn11Asp","Unknown significance","null","missense_variant","1/14","null","11","MODERATE","17.58","null","0","null","127.55674701800751","0.7980921570805519","32.18","-0.2","0.2"
"8:20054949:A>G","NM_001693.4:c.32A>G","NP_001684.2:p.Asn11Ser","Unknown significance","null","missense_variant","1/14","null","11","MODERATE","22.9","null","0.00673256","gnomad_AF_nfe_pass","127.55674701800751","0.7980921570805519","32.18","-0.1","0.1"
"8:20054951:G>A","NM_001693.4:c.34G>A","NP_001684.2:p.Gly12Arg","Unknown significance","null","missense_variant","1/14","null","12","MODERATE","27.8","null","0.00408563","gnomad_AF_sas_pass","68.65999339655608","0.7201126215612949","28.52","-0.1","0.1"
"8:20054951:G>C","NM_001693.4:c.34G>C","NP_001684.2:p.Gly12Arg","Unknown significance","null","missense_variant","1/14","null","12","MODERATE","26.9","null","0","null","68.65999339655608","0.7201126215612949","28.52","-0.1","0.1"
"8:20054954:G>A","NM_001693.4:c.37G>A","NP_001684.2:p.Ala13Thr","Unknown significance","null","missense_variant","1/14","null","13","MODERATE","23.5","null","0.0649811","gnomad_AF_afr_pass","109.0131904299707","0.8573002229259066","32.44","-0.0","0.0"
"8:20054955:C>T","NM_001693.4:c.38C>T","NP_001684.2:p.Ala13Val","Unknown significance","null","missense_variant","1/14","null","13","MODERATE","24.1","null","0","null","109.0131904299707","0.8573002229259066","32.44","-0.1","0.1"
"8:20054957:G>A","NM_001693.4:c.40G>A","NP_001684.2:p.Ala14Thr","Unknown significance","null","missense_variant","1/14","null","14","MODERATE","24.4","null","0.00814797","gnomad_AF_amr_pass","93.88383902560622","0.7383201593159149","32.71","0.0","0.0"
"8:20054957:G>T","NM_001693.4:c.40G>T","NP_001684.2:p.Ala14Ser","Benign","null","missense_variant","1/14","null","14","MODERATE","23.5","null","3.62053","gnomad_AF_afr_pass","93.88383902560622","0.7383201593159149","32.71","-0.0","0.0"
"8:20054960:C>A","NM_001693.4:c.43C>A","NP_001684.2:p.Pro15Thr","Unknown significance","null","missense_variant","1/14","null","15","MODERATE","16.30","null","0.00138681","gnomad_AF_nfe_pass","134.01902179342846","0.8519957283782477","33.32","-0.1","0.1"
"8:20054960:C>G","NM_001693.4:c.43C>G","NP_001684.2:p.Pro15Ala","Unknown significance","null","missense_variant","1/14","null","15","MODERATE","17.44","null","0.0640642","gnomad_AF_sas_pass","134.01902179342846","0.8519957283782477","33.32","-0.2","0.2"
"8:20054960:C>T","NM_001693.4:c.43C>T","NP_001684.2:p.Pro15Ser","Unknown significance","null","missense_variant","1/14","null","15","MODERATE","15.57","null","0.0217118","gnomad_AF_nfe_pass","134.01902179342846","0.8519957283782477","33.32","-0.1","0.1"
"8:20054961:C>A","NM_001693.4:c.44C>A","NP_001684.2:p.Pro15His","Unknown significance","null","missense_variant","1/14","null","15","MODERATE","23.2","null","0.00137525","gnomad_AF_nfe_pass","134.01902179342846","0.8519957283782477","33.32","-0.1","0.1"
"8:20054961:C>G","NM_001693.4:c.44C>G","NP_001684.2:p.Pro15Arg","Unknown significance","null","missense_variant","1/14","null","15","MODERATE","22.9","null","0.0230894","gnomad_AF_afr_pass","134.01902179342846","0.8519957283782477","33.32","-0.1","0.1"
"8:20054961:C>T","NM_001693.4:c.44C>T","NP_001684.2:p.Pro15Leu","Unknown significance","null","missense_variant","1/14","null","15","MODERATE","23.3","null","0.0027505","gnomad_AF_nfe_pass","134.01902179342846","0.8519957283782477","33.32","-0.2","0.2"
"8:20054964:A>G","NM_001693.4:c.47A>G","NP_001684.2:p.Glu16Gly","Unknown significance","null","missense_variant","1/14","null","16","MODERATE","22.7","null","0.00649519","gnomad_AF_nfe_pass","192.79618318936951","0.9873272056861417","36.61","-0.1","0.1"
"8:20054966:C>G","NM_001693.4:c.49C>G","NP_001684.2:p.Leu17Val","Likely benign","null","missense_variant","1/14","null","17","MODERATE","19.89","null","0.00424304","gnomad_AF_sas_pass","145.41707367994425","0.7540375743517128","35.73","-0.2","0.2"
"8:20054969:C>T","NM_001693.4:c.52C>T","NP_001684.2:p.Pro18Ser","Likely benign","null","missense_variant","1/14","null","18","MODERATE","9.976","null","0","null","148.00792269165134","0.9409270132846783","39.33","-0.4","0.4"
"8:20054970:C>T","NM_001693.4:c.53C>T","NP_001684.2:p.Pro18Leu","Unknown significance","null","missense_variant","1/14","null","18","MODERATE","17.87","null","0","null","148.00792269165134","0.9409270132846783","39.33","-0.3","0.3"
"8:20054972:G>A","NM_001693.4:c.55G>A","NP_001684.2:p.Val19Met","Likely benign","null","missense_variant","1/14","null","19","MODERATE","12.40","null","0.0137036","gnomad_AF_sas_pass","126.36897537434417","0.7351644899486321","47.57","-0.3","0.3"
"8:20054976:C>T","NM_001693.4:c.59C>T","NP_001684.2:p.Pro20Leu","Likely benign","null","missense_variant","1/14","null","20","MODERATE","17.00","null","0.00140477","gnomad_AF_nfe_pass","84.88194560327872","0.5396178400846555","41.77","-0.3","0.3"
"8:20054979:C>G","NM_001693.4:c.62C>G","NP_001684.2:p.Thr21Ser","Likely benign","null","missense_variant","1/14","null","21","MODERATE","10.21","null","0.015456","gnomad_AF_amr_pass","173.40163555138773","1.1020992221336792","47.55","-0.1","0.1"
"8:20054982:G>T","NM_001693.4:c.65G>T","NP_001684.2:p.Gly22Val","Likely benign","null","missense_variant","1/14","null","22","MODERATE","10.58","null","0.001454","gnomad_AF_nfe_pass","42.40469845407034","0.44474456025520753","45.17","0.3","0.3"
"8:20054988:C>G","NM_001693.4:c.71C>G","NP_001684.2:p.Pro24Arg","Unknown significance","null","missense_variant","1/14","null","24","MODERATE","22.6","null","0.0127943","gnomad_AF_afr_pass","147.37041687069276","0.9368742136969439","56.01","0.1","0.1"
"8:20054988:C>T","NM_001693.4:c.71C>T","NP_001684.2:p.Pro24Leu","Unknown significance","null","missense_variant","1/14","null","24","MODERATE","22.4","null","0.00298864","gnomad_AF_nfe_pass","147.37041687069276","0.9368742136969439","56.01","0.2","0.2"
"8:20054993:G>A","NM_001693.4:c.76G>A","NP_001684.2:p.Val26Met","Likely benign","null","missense_variant","1/14","null","26","MODERATE","16.62","null","0","null","42.43543663990727","0.24687250997097698","57.0","-0.1","0.1"
"8:20054999:G>T","NM_001693.4:c.82G>T","NP_001684.2:p.Ala28Ser","Likely benign","null","missense_variant","1/14","null","28","MODERATE","14.13","null","0","null","61.11010222041173","0.48058133194660224","67.16","-0.4","0.4"
"8:20055000:C>T","NM_001693.4:c.83C>T","NP_001684.2:p.Ala28Val","Unknown significance","null","missense_variant","1/14","null","28","MODERATE","23.2","null","0","null","61.11010222041173","0.48058133194660224","67.16","0.4","0.4"
"8:20055003:G>A","NM_001693.4:c.86G>A","NP_001684.2:p.Arg29Gln","Unknown significance","null","missense_variant","1/14","null","29","MODERATE","22.8","null","0","null","145.24346307545477","0.5390856468619452","63.2","-0.1","0.1"
"8:20055003:G>C","NM_001693.4:c.86G>C","NP_001684.2:p.Arg29Pro","Unknown significance","null","missense_variant","1/14","null","29","MODERATE","24.1","null","0","null","145.24346307545477","0.5390856468619452","63.2","-0.6","0.6"
"8:20055003:G>T","NM_001693.4:c.86G>T","NP_001684.2:p.Arg29Leu","Unknown significance","null","missense_variant","1/14","null","29","MODERATE","23.8","null","0.00154957","gnomad_AF_nfe_pass","145.24346307545477","0.5390856468619452","63.2","-0.0","0.0"
"8:20055005:G>A","NM_001693.4:c.88G>A","NP_001684.2:p.Glu30Lys","Unknown significance","null","missense_variant","1/14","null","30","MODERATE","24.0","null","0.0118371","gnomad_AF_afr_pass","108.6537825049333","0.5564261371422247","63.08","-0.3","0.3"
"8:20055011:G>C","NM_001693.4:c.94G>C","NP_001684.2:p.Ala32Pro","Unknown significance","null","missense_variant","1/14","null","32","MODERATE","23.7","null","0.00581058","gnomad_AF_amr_pass","61.006076968152726","0.4797632578071351","65.11","-0.4","0.4"
"8:20055012:C>T","NM_001693.4:c.95C>T","NP_001684.2:p.Ala32Val","Unknown significance","null","missense_variant","1/14","null","32","MODERATE","15.83","null","0","null","61.006076968152726","0.4797632578071351","65.11","0.4","0.4"
"8:20055014:C>G","NM_001693.4:c.97C>G","NP_001684.2:p.Leu33Val","Unknown significance","null","missense_variant","1/14","null","33","MODERATE","21.1","null","0.00604011","gnomad_AF_sas_pass","109.15591215021382","0.5660109720337995","61.35","-0.3","0.3"
"8:20055026:C>G","NM_001693.4:c.109C>G","NP_001684.2:p.Arg37Gly","Unknown significance","null","missense_variant","1/14","null","37","MODERATE","24.1","null","0.00646162","gnomad_AF_sas_pass","169.33839673995993","0.6285164041957706","57.48","-0.8","0.8"
"8:20055029:A>G","NM_001693.4:c.112A>G","NP_001684.2:p.Asn38Asp","Unknown significance","null","missense_variant","1/14","null","38","MODERATE","20.2","null","0.0066569","gnomad_AF_sas_pass","146.68925489036417","0.9177996977256119","54.56","-0.0","0.0"
"8:20055030:A>G","NM_001693.4:c.113A>G","NP_001684.2:p.Asn38Ser","Unknown significance","null","missense_variant","1/14","null","38","MODERATE","22.1","null","0.00158685","gnomad_AF_nfe_pass","146.68925489036417","0.9177996977256119","54.56","-0.0","0.0"
"8:20055035:C>G","NM_001693.4:c.118C>G","NP_001684.2:p.Leu40Val","Unknown significance","null","missense_variant","1/14","null","40","MODERATE","17.19","null","0.00133779","gnomad_AF_nfe_pass","175.8002740944701","0.911584925304703","58.89","0.0","0.0"
"8:20055036:T>C","NM_001693.4:c.119T>C","NP_001684.2:p.Leu40Pro","Unknown significance","null","missense_variant","1/14","null","40","MODERATE","22.5","null","0","null","175.8002740944701","0.911584925304703","58.89","-0.1","0.1"
"8:20055043:G>T","NM_001693.4:c.126G>T","NP_001684.2:p.Gln42His","Unknown significance","null","missense_variant","1/14","null","42","MODERATE","18.40","null","0","null","150.90080980662074","0.7630822380117124","61.08","0.0","0.0"
"8:20055053:A>G","NM_001693.4:c.136A>G","NP_001684.2:p.Thr46Ala","Unknown significance","null","missense_variant&splice_region_variant","1/14","null","46","MODERATE","15.39","null","0.00985416","gnomad_AF_sas_pass","77.62910556532542","0.4933919832210816","80.39","-0.2","0.2"
"8:20062004:C>A","NM_001693.4:c.146C>A","NP_001684.2:p.Thr49Lys","Unknown significance","null","missense_variant","2/14","null","49","MODERATE","24.4","null","0.000880887","gnomad_AF_nfe_pass","60.36126064913236","0.3836417009382968","83.37","-0.4","0.4"
"8:20062006:G>A","NM_001693.4:c.148G>A","NP_001684.2:p.Val50Ile","Unknown significance","null","missense_variant","2/14","null","50","MODERATE","22.7","ATPase&_F1/V1/A1_complex&_alpha/beta_subunit&_N-terminal_domain","0.00289737","gnomad_AF_amr_pass","10.017983161828733","0.05828064570170634","86.14","-0.1","0.1"
"8:20062010:C>T","NM_001693.4:c.152C>T","NP_001684.2:p.Ser51Phe","Unknown significance","null","missense_variant","2/14","null","51","MODERATE","24.2","ATPase&_F1/V1/A1_complex&_alpha/beta_subunit&_N-terminal_domain","0.00352224","gnomad_AF_nfe_pass","70.53865464432235","0.5114936322709935","87.66","0.9","0.9"
"8:20062019:A>C","NM_001693.4:c.161A>C","NP_001684.2:p.Asn54Thr","Unknown significance","null","missense_variant","2/14","null","54","MODERATE","22.7","ATPase&_F1/V1/A1_complex&_alpha/beta_subunit&_N-terminal_domain","0.00440257","gnomad_AF_nfe_pass","89.92219362059186","0.562621728397807","81.68","0.3","0.3"
"8:20062019:A>G","NM_001693.4:c.161A>G","NP_001684.2:p.Asn54Ser","Unknown significance","null","missense_variant","2/14","null","54","MODERATE","22.3","ATPase&_F1/V1/A1_complex&_alpha/beta_subunit&_N-terminal_domain","0.0294118","gnomad_AF_sas_pass","89.92219362059186","0.562621728397807","81.68","0.1","0.1"
"8:20062027:C>G","NM_001693.4:c.169C>G","NP_001684.2:p.Leu57Val","Unknown significance","null","missense_variant","2/14","null","57","MODERATE","24.6","ATPase&_F1/V1/A1_complex&_alpha/beta_subunit&_N-terminal_domain","0","null","4.908782442304725","0.025453726389532104","86.66","-0.1","0.1"
"8:20062045:G>A","NM_001693.4:c.187G>A","NP_001684.2:p.Val63Ile","Unknown significance","null","missense_variant","2/14","null","63","MODERATE","23.2","ATPase&_F1/V1/A1_complex&_alpha/beta_subunit&_N-terminal_domain","0.0144852","gnomad_AF_amr_pass","0.18054964982323296","0.0010503661268875747","84.73","0.3","0.3"
"8:20066951:G>A","NM_001693.4:c.200G>A","NP_001684.2:p.Arg67Lys","Unknown significance","null","missense_variant","3/14","null","67","MODERATE","22.3","ATPase&_F1/V1/A1_complex&_alpha/beta_subunit&_N-terminal_domain","0.000880437","gnomad_AF_nfe_pass","173.34190449066764","0.6433758238199492","86.75","-0.4","0.4"
"8:20066951:G>T","NM_001693.4:c.200G>T","NP_001684.2:p.Arg67Met","Unknown significance","null","missense_variant","3/14","null","67","MODERATE","24.0","ATPase&_F1/V1/A1_complex&_alpha/beta_subunit&_N-terminal_domain","0.00326669","gnomad_AF_sas_pass","173.34190449066764","0.6433758238199492","86.75","0.1","0.1"
"8:20066956:G>T","NM_001693.4:c.205G>T","NP_001684.2:p.Ala69Ser","Unknown significance","null","missense_variant","3/14","null","69","MODERATE","19.64","ATPase&_F1/V1/A1_complex&_alpha/beta_subunit&_N-terminal_domain","0.00326669","gnomad_AF_sas_pass","12.497993046925973","0.09828656681815956","85.89","-0.3","0.3"
"8:20066957:C>G","NM_001693.4:c.206C>G","NP_001684.2:p.Ala69Gly","Unknown significance","null","missense_variant","3/14","null","69","MODERATE","23.1","ATPase&_F1/V1/A1_complex&_alpha/beta_subunit&_N-terminal_domain","0.00289704","gnomad_AF_amr_pass","12.497993046925973","0.09828656681815956","85.89","-0.0","0.0"
"8:20066968:C>G","NM_001693.4:c.217C>G","NP_001684.2:p.His73Asp","Unknown significance","null","missense_variant","3/14","null","73","MODERATE","22.7","ATPase&_F1/V1/A1_complex&_alpha/beta_subunit&_N-terminal_domain","0","gnomad_AF_afr_pass,gnomad_AF_amr_pass,gnomad_AF_eas_pass,gnomad_AF_nfe_pass,gnomad_AF_sas_pass","47.79757008880291","0.23270219191683378","90.08","-1.2","1.2"
"8:20066968:C>T","NM_001693.4:c.217C>T","NP_001684.2:p.His73Tyr","Unknown significance","null","missense_variant","3/14","null","73","MODERATE","24.3","ATPase&_F1/V1/A1_complex&_alpha/beta_subunit&_N-terminal_domain","0.0086881","gnomad_AF_amr_pass","47.79757008880291","0.23270219191683378","90.08","1.0","1.0"
"8:20066969:A>G","NM_001693.4:c.218A>G","NP_001684.2:p.His73Arg","Unknown significance","null","missense_variant","3/14","null","73","MODERATE","21.9","ATPase&_F1/V1/A1_complex&_alpha/beta_subunit&_N-terminal_domain","0.00326648","gnomad_AF_sas_pass","47.79757008880291","0.23270219191683378","90.08","0.1","0.1"
"8:20066980:C>T","NM_001693.4:c.229C>T","NP_001684.2:p.Pro77Ser","Unknown significance","null","missense_variant","3/14","null","77","MODERATE","23.0","ATPase&_F1/V1/A1_complex&_alpha/beta_subunit&_N-terminal_domain","0.0326229","gnomad_AF_eas_pass","65.41069355780284","0.41583374326822053","83.83","0.1","0.1"
"8:20066981:C>T","NM_001693.4:c.230C>T","NP_001684.2:p.Pro77Leu","Unknown significance","null","missense_variant","3/14","null","77","MODERATE","23.5","ATPase&_F1/V1/A1_complex&_alpha/beta_subunit&_N-terminal_domain","0.0229885","gnomad_AF_afr_pass","65.41069355780284","0.41583374326822053","83.83","0.2","0.2"
"8:20067004:C>A","NM_001693.4:c.253C>A","NP_001684.2:p.Gln85Lys","Unknown significance","null","missense_variant","3/14","null","85","MODERATE","22.9","ATPase&_F1/V1/A1_complex&_alpha/beta_subunit&_N-terminal_domain","0.00653296","gnomad_AF_sas_pass","15.088957058676504","0.07630254030016685","89.34","-0.9","0.9"
"8:20067020:G>C","NM_001693.4:c.269G>C","NP_001684.2:p.Ser90Thr","Unknown significance","null","missense_variant","3/14","null","90","MODERATE","19.70","ATPase&_F1/V1/A1_complex&_alpha/beta_subunit&_N-terminal_domain","0.0163132","gnomad_AF_eas_pass","57.95653384493266","0.42025749087018416","87.47","0.2","0.2"
"8:20067023:G>C","NM_001693.4:c.272G>C","NP_001684.2:p.Gly91Ala","Unknown significance","null","missense_variant","3/14","null","91","MODERATE","27.6","ATPase&_F1/V1/A1_complex&_alpha/beta_subunit&_N-terminal_domain","0.00326627","gnomad_AF_sas_pass","58.22713666501241","0.610691815649855","86.13","0.1","0.1"
"8:20067028:A>G","NM_001693.4:c.277A>G","NP_001684.2:p.Lys93Glu","Unknown significance","null","missense_variant","3/14","null","93","MODERATE","28.1","ATPase&_F1/V1/A1_complex&_alpha/beta_subunit&_N-terminal_domain","0.00289687","gnomad_AF_amr_pass","115.7188551556642","0.48885363050987235","88.8","-0.2","0.2"
"8:20067872:T>G","NM_001693.4:c.307T>G","NP_001684.2:p.Ser103Ala","Unknown significance","null","missense_variant","4/14","null","103","MODERATE","22.6","ATPase&_F1/V1/A1_complex&_alpha/beta_subunit&_N-terminal_domain","0","null","105.81408692224483","0.7672847169853702","81.37","0.0","0.0"
"8:20067875:G>A","NM_001693.4:c.310G>A","NP_001684.2:p.Gly104Ser","Unknown significance","null","missense_variant","4/14","null","104","MODERATE","30","ATPase&_F1/V1/A1_complex&_alpha/beta_subunit&_N-terminal_domain","0.000880638","gnomad_AF_nfe_pass","69.48320876911384","0.728746583650663","80.57","-0.1","0.1"
"8:20067878:A>G","NM_001693.4:c.313A>G","NP_001684.2:p.Ile105Val","Unknown significance","null","missense_variant","4/14","null","105","MODERATE","22.2","ATPase&_F1/V1/A1_complex&_alpha/beta_subunit&_N-terminal_domain","0.00615233","gnomad_AF_afr_pass","19.268668881392507","0.09822998886510122","83.32","-0.5","0.5"
"8:20067887:A>G","NM_001693.4:c.322A>G","NP_001684.2:p.Lys108Glu","Unknown significance","null","missense_variant","4/14","null","108","MODERATE","23.0","ATPase&_F1/V1/A1_complex&_alpha/beta_subunit&_N-terminal_domain","0.000880452","gnomad_AF_nfe_pass","194.88656033508465","0.8232971405500817","79.09","0.0","0.0"
"8:20067896:T>C","NM_001693.4:c.331T>C","NP_001684.2:p.Ser111Pro","Unknown significance","null","missense_variant","4/14","null","111","MODERATE","22.3","ATPase&_F1/V1/A1_complex&_alpha/beta_subunit&_N-terminal_domain","0.000880452","gnomad_AF_nfe_pass","16.426725892125777","0.11911434567684485","87.48","-0.0","0.0"
"8:20067897:C>T","NM_001693.4:c.332C>T","NP_001684.2:p.Ser111Phe","Unknown significance","null","missense_variant","4/14","null","111","MODERATE","24.4","ATPase&_F1/V1/A1_complex&_alpha/beta_subunit&_N-terminal_domain","0.000880406","gnomad_AF_nfe_pass","16.426725892125777","0.11911434567684485","87.48","1.2","1.2"
"8:20067917:A>G","NM_001693.4:c.352A>G","NP_001684.2:p.Ile118Val","Unknown significance","null","missense_variant","4/14","null","118","MODERATE","20.9","null","0.00615157","gnomad_AF_afr_pass","51.677148042077754","0.2634455814254791","87.43","-0.2","0.2"
"8:20067924:G>A","NM_001693.4:c.359G>A","NP_001684.2:p.Arg120Gln","Unknown significance","null","missense_variant","4/14","null","120","MODERATE","24.1","null","0.000880545","gnomad_AF_nfe_pass","100.59606965526308","0.37337237858136213","86.92","-0.2","0.2"
"8:20067932:G>A","NM_001693.4:c.367G>A","NP_001684.2:p.Val123Met","Unknown significance","null","missense_variant","4/14","null","123","MODERATE","25.0","null","0.000880437","gnomad_AF_nfe_pass","0.0","0.0","89.53","-1.2","1.2"
"8:20068082:C>T","NM_001693.4:c.388C>T","NP_001684.2:p.Arg130Trp","Unknown significance","null","missense_variant&splice_region_variant","5/14","null","130","MODERATE","32","null","0","gnomad_AF_afr_pass,gnomad_AF_amr_pass,gnomad_AF_eas_pass,gnomad_AF_nfe_pass,gnomad_AF_sas_pass","24.55210106257963","0.0911275798778261","89.63","0.4","0.4"
"8:20068083:G>A","NM_001693.4:c.389G>A","NP_001684.2:p.Arg130Gln","Unknown significance","null","missense_variant","5/14","null","130","MODERATE","32","null","0.00648172","gnomad_AF_nfe_pass","24.55210106257963","0.0911275798778261","89.63","-1.1","1.1"
"8:20068091:A>G","NM_001693.4:c.397A>G","NP_001684.2:p.Asn133Asp","Unknown significance","null","missense_variant","5/14","null","133","MODERATE","22.7","null","0.00801346","gnomad_AF_afr_pass","27.256818099489774","0.1705394129336258","89.26","-0.2","0.2"
"8:20068092:A>G","NM_001693.4:c.398A>G","NP_001684.2:p.Asn133Ser","Unknown significance","null","missense_variant","5/14","null","133","MODERATE","22.8","null","0.00543656","gnomad_AF_eas_pass","27.256818099489774","0.1705394129336258","89.26","-0.4","0.4"
"8:20068098:C>T","NM_001693.4:c.404C>T","NP_001684.2:p.Ser135Leu","Unknown significance","null","missense_variant","5/14","null","135","MODERATE","26.7","null","0.00543656","gnomad_AF_eas_pass","10.96674224777905","0.07952262280561893","83.73","2.0","2.0"
"8:20068106:C>G","NM_001693.4:c.412C>G","NP_001684.2:p.Pro138Ala","Unknown significance","null","missense_variant","5/14","null","138","MODERATE","22.5","null","0.0271828","gnomad_AF_eas_pass","39.36158281673543","0.2502323921879993","89.74","-0.9","0.9"
"8:20068109:A>G","NM_001693.4:c.415A>G","NP_001684.2:p.Ile139Val","Unknown significance","null","missense_variant","5/14","null","139","MODERATE","23.2","null","0.00400545","gnomad_AF_afr_pass","87.38844166173257","0.44549863325847855","87.35","-0.4","0.4"
"8:20068115:A>G","NM_001693.4:c.421A>G","NP_001684.2:p.Arg141Gly","Unknown significance","null","missense_variant","5/14","null","141","MODERATE","15.87","null","0.00615233","gnomad_AF_afr_pass","280.50079764907844","1.0411067785363157","79.16","-0.0","0.0"
"8:20068124:G>C","NM_001693.4:c.430G>C","NP_001684.2:p.Val144Leu","Likely benign","null","missense_variant","5/14","null","144","MODERATE","14.37","null","0.0114758","gnomad_AF_afr_pass","137.3230346370662","0.798890854484631","83.11","0.0","0.0"
"8:20068125:T>C","NM_001693.4:c.431T>C","NP_001684.2:p.Val144Ala","Likely benign","null","missense_variant","5/14","null","144","MODERATE","9.577","null","0.00263843","gnomad_AF_nfe_pass","137.3230346370662","0.798890854484631","83.11","-0.1","0.1"
"8:20068137:A>T","NM_001693.4:c.443A>T","NP_001684.2:p.Glu148Val","Unknown significance","null","missense_variant","5/14","null","148","MODERATE","32","null","0","null","92.04622601348522","0.4713772939923034","86.91","0.4","0.4"
"8:20068139:G>C","NM_001693.4:c.445G>C","NP_001684.2:p.Asp149His","Unknown significance","null","missense_variant","5/14","null","149","MODERATE","32","null","0.00326648","gnomad_AF_sas_pass","51.71353171272219","0.32325030274265926","86.66","0.5","0.5"
"8:20068140:A>G","NM_001693.4:c.446A>G","NP_001684.2:p.Asp149Gly","Unknown significance","null","missense_variant","5/14","null","149","MODERATE","26.3","null","0.000879507","gnomad_AF_nfe_pass","51.71353171272219","0.32325030274265926","86.66","-0.5","0.5"
"8:20068145:C>A","NM_001693.4:c.451C>A","NP_001684.2:p.Leu151Ile","Unknown significance","null","missense_variant","5/14","null","151","MODERATE","23.7","null","0.0131691","gnomad_AF_nfe_pass","28.725927704921595","0.14895382158009363","88.75","0.0","0.0"
"8:20068145:C>G","NM_001693.4:c.451C>G","NP_001684.2:p.Leu151Val","Unknown significance","null","missense_variant","5/14","null","151","MODERATE","22.4","null","0.0641026","gnomad_AF_eas_pass","28.725927704921595","0.14895382158009363","88.75","-0.2","0.2"
"8:20068691:A>G","NM_001693.4:c.467A>G","NP_001684.2:p.Gln156Arg","Unknown significance","null","missense_variant","6/14","null","156","MODERATE","23.9","null","0.00088563","gnomad_AF_nfe_pass","161.9818864327729","0.819117542012397","81.21","0.1","0.1"
"8:20068696:A>G","NM_001693.4:c.472A>G","NP_001684.2:p.Ile158Val","Unknown significance","null","missense_variant","6/14","null","158","MODERATE","25.1","null","0.00804246","gnomad_AF_afr_pass","14.869927792310955","0.07580559147363398","82.18","-0.3","0.3"
"8:20068698:C>G","NM_001693.4:c.474C>G","NP_001684.2:p.Ile158Met","Unknown significance","null","missense_variant","6/14","null","158","MODERATE","23.5","null","0.00088422","gnomad_AF_nfe_pass","14.869927792310955","0.07580559147363398","82.18","-0.3","0.3"
"8:20068708:T>C","NM_001693.4:c.484T>C","NP_001684.2:p.Cys162Arg","Unknown significance","null","missense_variant","6/14","null","162","MODERATE","22.9","null","0.000882675","gnomad_AF_nfe_pass","37.1551881960642","0.24044306398603207","85.86","0.7","0.7"
"8:20068721:C>A","NM_001693.4:c.497C>A","NP_001684.2:p.Pro166Gln","Unknown significance","null","missense_variant","6/14","null","166","MODERATE","27.7","null","0.00294256","gnomad_AF_amr_pass","8.95747656022258","0.0569451385648909","84.07","0.2","0.2"
"8:20068723:G>A","NM_001693.4:c.499G>A","NP_001684.2:p.Glu167Lys","Unknown significance","null","missense_variant","6/14","null","167","MODERATE","24.4","null","0","gnomad_AF_afr_pass,gnomad_AF_amr_pass,gnomad_AF_eas_pass,gnomad_AF_nfe_pass,gnomad_AF_sas_pass","84.15640656821421","0.43097279397885535","80.5","-0.2","0.2"
"8:20068731:G>T","NM_001693.4:c.507G>T","NP_001684.2:p.Met169Ile","Unknown significance","null","missense_variant","6/14","null","169","MODERATE","24.8","null","0.002936","gnomad_AF_amr_pass","0.08412067638290063","3.8848862046408146E-4","85.69","0.5","0.5"
"8:20068736:A>G","NM_001693.4:c.512A>G","NP_001684.2:p.Gln171Arg","Unknown significance","null","missense_variant","6/14","null","171","MODERATE","26.1","null","0","null","19.13022405544922","0.09673860733156386","88.33","0.2","0.2"
"8:20068748:C>T","NM_001693.4:c.524C>T","NP_001684.2:p.Ser175Leu","Unknown significance","null","missense_variant","6/14","null","175","MODERATE","31","ATPase&_F1/V1/A1_complex&_alpha/beta_subunit&_nucleotide-binding_domain","0.00616523","gnomad_AF_afr_pass","0.0","0.0","91.02","2.0","2.0"
"8:20068753:A>G","NM_001693.4:c.529A>G","NP_001684.2:p.Ile177Val","Unknown significance","null","missense_variant","6/14","null","177","MODERATE","24.4","ATPase&_F1/V1/A1_complex&_alpha/beta_subunit&_nucleotide-binding_domain","0.00327247","gnomad_AF_sas_pass","0.0","0.0","92.24","-1.2","1.2"
"8:20068755:C>G","NM_001693.4:c.531C>G","NP_001684.2:p.Ile177Met","Unknown significance","null","missense_variant","6/14","null","177","MODERATE","16.03","ATPase&_F1/V1/A1_complex&_alpha/beta_subunit&_nucleotide-binding_domain","0","null","0.0","0.0","92.24","-2.2","2.2"
"8:20068756:G>A","NM_001693.4:c.532G>A","NP_001684.2:p.Asp178Asn","Unknown significance","null","missense_variant","6/14","null","178","MODERATE","28.3","ATPase&_F1/V1/A1_complex&_alpha/beta_subunit&_nucleotide-binding_domain","0.000880995","gnomad_AF_nfe_pass","0.0","0.0","91.0","-0.1","0.1"
"8:20068788:A>C","NM_001693.4:c.564A>C","NP_001684.2:p.Lys188Asn","Unknown significance","null","missense_variant","6/14","null","188","MODERATE","23.2","ATPase&_F1/V1/A1_complex&_alpha/beta_subunit&_nucleotide-binding_domain","0","null","10.224245465004373","0.04319226549612849","93.48","-0.6","0.6"
"8:20068795:A>G","NM_001693.4:c.571A>G","NP_001684.2:p.Ile191Val","Unknown significance","null","missense_variant","6/14","null","191","MODERATE","23.6","ATPase&_F1/V1/A1_complex&_alpha/beta_subunit&_nucleotide-binding_domain","0.00327504","gnomad_AF_sas_pass","0.0","0.0","96.01","-1.0","1.0"
"8:20068800:C>G","NM_001693.4:c.576C>G","NP_001684.2:p.Phe192Leu","Unknown significance","null","missense_variant","6/14","null","192","MODERATE","25.9","ATPase&_F1/V1/A1_complex&_alpha/beta_subunit&_nucleotide-binding_domain","0.00293083","gnomad_AF_amr_pass","1.5599403057507963","0.0067897180659757615","95.63","-0.8","0.8"
"8:20068802:C>G","NM_001693.4:c.578C>G","NP_001684.2:p.Ser193Cys","Unknown significance","null","missense_variant","6/14","null","193","MODERATE","28.8","ATPase&_F1/V1/A1_complex&_alpha/beta_subunit&_nucleotide-binding_domain","0.000882223","gnomad_AF_nfe_pass","0.0","0.0","93.85","0.5","0.5"
"8:20068816:C>T","NM_001693.4:c.592C>T","NP_001684.2:p.Pro198Ser","Unknown significance","null","missense_variant","6/14","null","198","MODERATE","29.5","ATPase&_F1/V1/A1_complex&_alpha/beta_subunit&_nucleotide-binding_domain","0.00545792","gnomad_AF_eas_pass","12.004202048246771","0.07631400924161319","91.08","0.3","0.3"
"8:20068823:A>G","NM_001693.4:c.599A>G","NP_001684.2:p.Asn200Ser","Unknown significance","null","missense_variant","6/14","null","200","MODERATE","26.1","ATPase&_F1/V1/A1_complex&_alpha/beta_subunit&_nucleotide-binding_domain","0.00401155","gnomad_AF_afr_pass","36.55815234215884","0.22873564388964876","89.42","0.3","0.3"
"8:20069181:C>T","NM_001693.4:c.622C>T","NP_001684.2:p.Arg208Cys","Unknown significance","null","missense_variant","7/14","null","208","MODERATE","33","ATPase&_F1/V1/A1_complex&_alpha/beta_subunit&_nucleotide-binding_domain","0.0026576","gnomad_AF_nfe_pass","18.95197869288814","0.0703421653314735","84.42","-0.7","0.7"
"8:20069182:G>A","NM_001693.4:c.623G>A","NP_001684.2:p.Arg208His","Unknown significance","null","missense_variant","7/14","null","208","MODERATE","32","ATPase&_F1/V1/A1_complex&_alpha/beta_subunit&_nucleotide-binding_domain","0.00334426","gnomad_AF_sas_pass","18.95197869288814","0.0703421653314735","84.42","-0.2","0.2"
"8:20069187:G>T","NM_001693.4:c.628G>T","NP_001684.2:p.Ala210Ser","Unknown significance","null","missense_variant","7/14","null","210","MODERATE","24.2","ATPase&_F1/V1/A1_complex&_alpha/beta_subunit&_nucleotide-binding_domain","0.00088483","gnomad_AF_nfe_pass","10.40191100363601","0.0818025835873611","84.36","-0.5","0.5"
"8:20069194:T>C","NM_001693.4:c.635T>C","NP_001684.2:p.Leu212Ser","Unknown significance","null","missense_variant","7/14","null","212","MODERATE","25.8","ATPase&_F1/V1/A1_complex&_alpha/beta_subunit&_nucleotide-binding_domain","0.00330797","gnomad_AF_sas_pass","2.9792722833013134","0.015448552147172272","75.75","-1.2","1.2"
"8:20069205:T>G","NM_001693.4:c.646T>G","NP_001684.2:p.Ser216Ala","Unknown significance","null","missense_variant","7/14","null","216","MODERATE","22.4","ATPase&_F1/V1/A1_complex&_alpha/beta_subunit&_nucleotide-binding_domain","0.0494071","gnomad_AF_sas_pass","7.676971959386318","0.055667666078249134","46.37","-0.2","0.2"
"8:20069214:G>T","NM_001693.4:c.655G>T","NP_001684.2:p.Val219Leu","Unknown significance","null","missense_variant","7/14","null","219","MODERATE","23.0","ATPase&_F1/V1/A1_complex&_alpha/beta_subunit&_nucleotide-binding_domain","0.00088241","gnomad_AF_nfe_pass","11.70893645249427","0.068117940099137","48.69","-0.1","0.1"
"8:20069215:T>G","NM_001693.4:c.656T>G","NP_001684.2:p.Val219Gly","Unknown significance","null","missense_variant","7/14","null","219","MODERATE","23.8","ATPase&_F1/V1/A1_complex&_alpha/beta_subunit&_nucleotide-binding_domain","0.00544722","gnomad_AF_eas_pass","11.70893645249427","0.068117940099137","48.69","-1.8","1.8"
"8:20069217:G>A","NM_001693.4:c.658G>A","NP_001684.2:p.Val220Ile","Unknown significance","null","missense_variant","7/14","null","220","MODERATE","19.19","ATPase&_F1/V1/A1_complex&_alpha/beta_subunit&_nucleotide-binding_domain","0.000883143","gnomad_AF_nfe_pass","146.60593695009862","0.8528950918695374","48.68","0.0","0.0"
"8:20069224:A>G","NM_001693.4:c.665A>G","NP_001684.2:p.Tyr222Cys","Unknown significance","null","missense_variant","7/14","null","222","MODERATE","24.8","ATPase&_F1/V1/A1_complex&_alpha/beta_subunit&_nucleotide-binding_domain","0.000884799","gnomad_AF_nfe_pass","77.18657621504612","0.32172907690814817","52.39","-1.2","1.2"
"8:20069244:A>G","NM_001693.4:c.685A>G","NP_001684.2:p.Ile229Val","Unknown significance","null","missense_variant","7/14","null","229","MODERATE","18.58","ATPase&_F1/V1/A1_complex&_alpha/beta_subunit&_nucleotide-binding_domain","0.00156514","gnomad_AF_nfe_pass","0.9577219365534962","0.004882382677423141","91.79","-0.1","0.1"
"8:20069247:G>A","NM_001693.4:c.688G>A","NP_001684.2:p.Val230Ile","Unknown significance","null","missense_variant","7/14","null","230","MODERATE","23.5","ATPase&_F1/V1/A1_complex&_alpha/beta_subunit&_nucleotide-binding_domain","0.000893863","gnomad_AF_nfe_pass","0.0","0.0","93.99","-0.3","0.3"
"8:20069257:C>T","NM_001693.4:c.698C>T","NP_001684.2:p.Ala233Val","Unknown significance","null","missense_variant","7/14","null","233","MODERATE","28.8","ATPase&_F1/V1/A1_complex&_alpha/beta_subunit&_nucleotide-binding_domain","0","gnomad_AF_afr_pass,gnomad_AF_amr_pass,gnomad_AF_eas_pass,gnomad_AF_nfe_pass","0.0","0.0","93.11","1.3","1.3"
"8:20069261:G>A","NM_001693.4:c.702G>A","NP_001684.2:p.Met234Ile","Unknown significance","null","missense_variant","7/14","null","234","MODERATE","23.7","ATPase&_F1/V1/A1_complex&_alpha/beta_subunit&_nucleotide-binding_domain","0.00424196","gnomad_AF_afr_pass","0.0","0.0","93.7","1.3","1.3"
"8:20069262:G>T","NM_001693.4:c.703G>T","NP_001684.2:p.Gly235Cys","Unknown significance","null","missense_variant&splice_region_variant","7/14","null","235","MODERATE","33","ATPase&_F1/V1/A1_complex&_alpha/beta_subunit&_nucleotide-binding_domain","0","null","15.87394463463401","0.16648745972554257","89.83","-1.0","1.0"
"8:20069619:A>T","NM_001693.4:c.712A>T","NP_001684.2:p.Met238Leu","Unknown significance","null","missense_variant","8/14","null","238","MODERATE","22.4","ATPase&_F1/V1/A1_complex&_alpha/beta_subunit&_nucleotide-binding_domain","0.00543892","gnomad_AF_eas_pass","99.80004474836286","0.4608995478123162","87.0","-0.1","0.1"
"8:20069629:C>T","NM_001693.4:c.722C>T","NP_001684.2:p.Ala241Val","Likely pathogenic","null","missense_variant","8/14","null","241","MODERATE","28.2","ATPase&_F1/V1/A1_complex&_alpha/beta_subunit&_nucleotide-binding_domain","0","null","7.1584025238795155","0.056295023155547234","86.11","1.2","1.2"
"8:20069631:C>T","NM_001693.4:c.724C>T","NP_001684.2:p.Arg242Trp","Unknown significance","null","missense_variant","8/14","null","242","MODERATE","29.6","ATPase&_F1/V1/A1_complex&_alpha/beta_subunit&_nucleotide-binding_domain","0.0065368","gnomad_AF_sas_pass","152.68457678141255","0.5667040849700037","88.12","0.2","0.2"
"8:20069641:A>G","NM_001693.4:c.734A>G","NP_001684.2:p.Lys245Arg","Unknown significance","null","missense_variant","8/14","null","245","MODERATE","22.3","ATPase&_F1/V1/A1_complex&_alpha/beta_subunit&_nucleotide-binding_domain","0.00088098","gnomad_AF_nfe_pass","64.02218865338287","0.27046136357202133","84.68","0.8","0.8"
"8:20069649:T>C","NM_001693.4:c.742T>C","NP_001684.2:p.Phe248Leu","Unknown significance","null","missense_variant","8/14","null","248","MODERATE","27.2","ATPase&_F1/V1/A1_complex&_alpha/beta_subunit&_nucleotide-binding_domain","0.00290124","gnomad_AF_amr_pass","0.0","0.0","80.53","0.6","0.6"
"8:20069651:T>G","NM_001693.4:c.744T>G","NP_001684.2:p.Phe248Leu","Likely pathogenic","Congenital heart disease","missense_variant","8/14","null","248","MODERATE","25.7","ATPase&_F1/V1/A1_complex&_alpha/beta_subunit&_nucleotide-binding_domain","0","null","0.0","0.0","80.53","0.6","0.6"
"8:20069664:T>C","NM_001693.4:c.757T>C","NP_001684.2:p.Ser253Pro","Unknown significance","null","missense_variant","8/14","null","253","MODERATE","26.8","ATPase&_F1/V1/A1_complex&_alpha/beta_subunit&_nucleotide-binding_domain","0.000880731","gnomad_AF_nfe_pass","25.53731822949215","0.18517755584546822","66.45","-0.3","0.3"
"8:20069667:A>G","NM_001693.4:c.760A>G","NP_001684.2:p.Met254Val","Unknown significance","null","missense_variant","8/14","null","254","MODERATE","23.0","ATPase&_F1/V1/A1_complex&_alpha/beta_subunit&_nucleotide-binding_domain","0.00326691","gnomad_AF_sas_pass","13.19303357699659","0.06092846175813144","69.15","-0.4","0.4"
"8:20069671:A>T","NM_001693.4:c.764A>T","NP_001684.2:p.Asp255Val","Unknown significance","null","missense_variant","8/14","null","255","MODERATE","24.6","ATPase&_F1/V1/A1_complex&_alpha/beta_subunit&_nucleotide-binding_domain","0.0114758","gnomad_AF_afr_pass","120.97179935875818","0.756169023289173","78.29","0.3","0.3"
"8:20069674:A>C","NM_001693.4:c.767A>C","NP_001684.2:p.Asn256Thr","Unknown significance","null","missense_variant","8/14","null","256","MODERATE","23.7","ATPase&_F1/V1/A1_complex&_alpha/beta_subunit&_nucleotide-binding_domain","0.00326712","gnomad_AF_sas_pass","35.40734391608402","0.2215353099157597","83.09","0.3","0.3"
"8:20069700:A>G","NM_001693.4:c.793A>G","NP_001684.2:p.Asn265Asp","Unknown significance","null","missense_variant","8/14","null","265","MODERATE","22.9","ATPase&_F1/V1/A1_complex&_alpha/beta_subunit&_nucleotide-binding_domain","0.000881337","gnomad_AF_nfe_pass","126.2797698514612","0.7901024153756487","87.14","-0.0","0.0"
"8:20069709:A>C","NM_001693.4:c.802A>C","NP_001684.2:p.Thr268Pro","Unknown significance","null","missense_variant&splice_region_variant","8/14","null","268","MODERATE","32","ATPase&_F1/V1/A1_complex&_alpha/beta_subunit&_nucleotide-binding_domain","0.000881974","gnomad_AF_nfe_pass","15.670475372284494","0.0995977844346319","85.7","0.1","0.1"
"8:20069709:A>G","NM_001693.4:c.802A>G","NP_001684.2:p.Thr268Ala","Unknown significance","null","missense_variant&splice_region_variant","8/14","null","268","MODERATE","23.4","ATPase&_F1/V1/A1_complex&_alpha/beta_subunit&_nucleotide-binding_domain","0.00326883","gnomad_AF_sas_pass","15.670475372284494","0.0995977844346319","85.7","0.2","0.2"
"8:20069710:C>A","NM_001693.4:c.803C>A","NP_001684.2:p.Thr268Asn","Unknown significance","null","missense_variant&splice_region_variant","8/14","null","268","MODERATE","32","ATPase&_F1/V1/A1_complex&_alpha/beta_subunit&_nucleotide-binding_domain","0.000882161","gnomad_AF_nfe_pass","15.670475372284494","0.0995977844346319","85.7","-0.8","0.8"
"8:20069710:C>T","NM_001693.4:c.803C>T","NP_001684.2:p.Thr268Ile","Unknown significance","null","missense_variant&splice_region_variant","8/14","null","268","MODERATE","32","ATPase&_F1/V1/A1_complex&_alpha/beta_subunit&_nucleotide-binding_domain","0.00290664","gnomad_AF_amr_pass","15.670475372284494","0.0995977844346319","85.7","0.7","0.7"
"8:20070295:T>C","NM_001693.4:c.806T>C","NP_001684.2:p.Ile269Thr","Unknown significance","null","missense_variant&splice_region_variant","9/14","null","269","MODERATE","26.9","ATPase&_F1/V1/A1_complex&_alpha/beta_subunit&_nucleotide-binding_domain","0","null","8.313772810270635","0.04238288672698637","86.13","-1.2","1.2"
"8:20070328:C>T","NM_001693.4:c.839C>T","NP_001684.2:p.Thr280Ile","Unknown significance","null","missense_variant","9/14","null","280","MODERATE","27.4","ATPase&_F1/V1/A1_complex&_alpha/beta_subunit&_nucleotide-binding_domain","0.000881135","gnomad_AF_nfe_pass","0.0","0.0","93.2","1.2","1.2"
"8:20070330:A>G","NM_001693.4:c.841A>G","NP_001684.2:p.Thr281Ala","Unknown significance","null","missense_variant","9/14","null","281","MODERATE","19.88","ATPase&_F1/V1/A1_complex&_alpha/beta_subunit&_nucleotide-binding_domain","0.00543774","gnomad_AF_eas_pass","0.0","0.0","92.48","-0.2","0.2"
"8:20070331:C>T","NM_001693.4:c.842C>T","NP_001684.2:p.Thr281Ile","Unknown significance","null","missense_variant","9/14","null","281","MODERATE","24.7","ATPase&_F1/V1/A1_complex&_alpha/beta_subunit&_nucleotide-binding_domain","0.00653296","gnomad_AF_sas_pass","0.0","0.0","92.48","3.3","3.3"
"8:20070352:A>G","NM_001693.4:c.863A>G","NP_001684.2:p.Gln288Arg","Unknown significance","null","missense_variant","9/14","null","288","MODERATE","22.8","ATPase&_F1/V1/A1_complex&_alpha/beta_subunit&_nucleotide-binding_domain","0.000880809","gnomad_AF_nfe_pass","95.65258490091179","0.4837004430349362","87.92","0.2","0.2"
"8:20070354:T>C","NM_001693.4:c.865T>C","NP_001684.2:p.Cys289Arg","Unknown significance","null","missense_variant","9/14","null","289","MODERATE","20.6","ATPase&_F1/V1/A1_complex&_alpha/beta_subunit&_nucleotide-binding_domain","0.00543715","gnomad_AF_eas_pass","36.3917155633373","0.23550238926481548","87.53","1.2","1.2"
"8:20070387:A>G","NM_001693.4:c.898A>G","NP_001684.2:p.Met300Val","Unknown significance","null","missense_variant","9/14","null","300","MODERATE","23.1","ATPase&_F1/V1/A1_complex&_alpha/beta_subunit&_nucleotide-binding_domain","0.00176125","gnomad_AF_nfe_pass","0.0","0.0","93.29","0.4","0.4"
"8:20070414:G>A","NM_001693.4:c.925G>A","NP_001684.2:p.Glu309Lys","Likely pathogenic","null","missense_variant&splice_region_variant","9/14","null","309","MODERATE","33","ATPase&_F1/V1/A1_complex&_alpha/beta_subunit&_nucleotide-binding_domain","0","null","92.20772335750486","0.47220433692831437","89.06","-0.5","0.5"
"8:20072360:G>A","NM_001693.4:c.959G>A","NP_001684.2:p.Arg320Gln","Unknown significance","null","missense_variant","10/14","null","320","MODERATE","32","ATPase&_F1/V1/A1_complex&_alpha/beta_subunit&_nucleotide-binding_domain","0.000883626","gnomad_AF_nfe_pass","107.78531843148882","0.400055994800081","88.14","-0.5","0.5"
"8:20072387:C>G","NM_001693.4:c.986C>G","NP_001684.2:p.Thr329Arg","Likely pathogenic","Developmental disorder","missense_variant","10/14","null","329","MODERATE","28.2","ATPase&_F1/V1/A1_complex&_alpha/beta_subunit&_nucleotide-binding_domain","0","null","83.75970866687092","0.5323566267086646","91.98","-0.1","0.1"
"8:20072399:C>T","NM_001693.4:c.998C>T","NP_001684.2:p.Thr333Met","Unknown significance","null","missense_variant","10/14","null","333","MODERATE","28.4","ATPase&_F1/V1/A1_complex&_alpha/beta_subunit&_nucleotide-binding_domain","0.000880747","gnomad_AF_nfe_pass","54.24199704682299","0.34474912858918827","91.13","0.6","0.6"
"8:20072405:A>G","NM_001693.4:c.1004A>G","NP_001684.2:p.Tyr335Cys","Unknown significance","null","missense_variant","10/14","null","335","MODERATE","28.8","ATPase&_F1/V1/A1_complex&_alpha/beta_subunit&_nucleotide-binding_domain","0.00543774","gnomad_AF_eas_pass","0.0","0.0","93.98","-2.4","2.4"
"8:20072405:A>T","NM_001693.4:c.1004A>T","NP_001684.2:p.Tyr335Phe","Unknown significance","null","missense_variant","10/14","null","335","MODERATE","26.2","ATPase&_F1/V1/A1_complex&_alpha/beta_subunit&_nucleotide-binding_domain","0.000880452","gnomad_AF_nfe_pass","0.0","0.0","93.98","0.1","0.1"
"8:20072413:G>A","NM_001693.4:c.1012G>A","NP_001684.2:p.Ala338Thr","Unknown significance","null","missense_variant","10/14","null","338","MODERATE","26.2","ATPase&_F1/V1/A1_complex&_alpha/beta_subunit&_nucleotide-binding_domain","0.00326669","gnomad_AF_sas_pass","0.19506875991068034","0.0015340573989047258","90.57","-0.2","0.2"
"8:20072420:G>A","NM_001693.4:c.1019G>A","NP_001684.2:p.Arg340Gln","Unknown significance","null","missense_variant","10/14","null","340","MODERATE","32","ATPase&_F1/V1/A1_complex&_alpha/beta_subunit&_nucleotide-binding_domain","0.00155024","gnomad_AF_nfe_pass","14.327805933208072","0.05317908542020424","88.19","-0.7","0.7"
"8:20072425:G>A","NM_001693.4:c.1024G>A","NP_001684.2:p.Glu342Lys","Unknown significance","null","missense_variant","10/14","null","342","MODERATE","23.4","ATPase&_F1/V1/A1_complex&_alpha/beta_subunit&_nucleotide-binding_domain","0.00615688","gnomad_AF_afr_pass","109.88058098306769","0.5627086863779982","83.05","-0.2","0.2"
"8:20072426:A>G","NM_001693.4:c.1025A>G","NP_001684.2:p.Glu342Gly","Unknown significance","null","missense_variant","10/14","null","342","MODERATE","24.7","ATPase&_F1/V1/A1_complex&_alpha/beta_subunit&_nucleotide-binding_domain","0","null","109.88058098306769","0.5627086863779982","83.05","-0.4","0.4"
"8:20072428:G>C","NM_001693.4:c.1027G>C","NP_001684.2:p.Gly343Arg","Unknown significance","null","missense_variant","10/14","null","343","MODERATE","29.2","ATPase&_F1/V1/A1_complex&_alpha/beta_subunit&_nucleotide-binding_domain","0.00326691","gnomad_AF_sas_pass","71.84220423157446","0.7534879551930745","82.45","0.4","0.4"
"8:20072437:G>A","NM_001693.4:c.1036G>A","NP_001684.2:p.Gly346Ser","Unknown significance","null","missense_variant","10/14","null","346","MODERATE","29.7","ATPase&_F1/V1/A1_complex&_alpha/beta_subunit&_nucleotide-binding_domain","0.00176115","gnomad_AF_nfe_pass","0.0","0.0","86.92","-0.8","0.8"
"8:20072461:C>G","NM_001693.4:c.1060C>G","NP_001684.2:p.Leu354Val","Unknown significance","null","missense_variant","10/14","null","354","MODERATE","26.7","ATPase&_F1/V1/A1_complex&_alpha/beta_subunit&_nucleotide-binding_domain","0.00616599","gnomad_AF_afr_pass","0.0","0.0","94.13","0.9","0.9"
"8:20072464:A>G","NM_001693.4:c.1063A>G","NP_001684.2:p.Thr355Ala","Unknown significance","null","missense_variant","10/14","null","355","MODERATE","26.7","ATPase&_F1/V1/A1_complex&_alpha/beta_subunit&_nucleotide-binding_domain","0.00616447","gnomad_AF_afr_pass","18.270428669396093","0.11612246424644036","92.25","-0.2","0.2"
"8:20072465:C>T","NM_001693.4:c.1064C>T","NP_001684.2:p.Thr355Ile","Unknown significance","null","missense_variant","10/14","null","355","MODERATE","28.6","ATPase&_F1/V1/A1_complex&_alpha/beta_subunit&_nucleotide-binding_domain","0.0114811","gnomad_AF_afr_pass","18.270428669396093","0.11612246424644036","92.25","1.3","1.3"
"8:20072478:T>A","NM_001693.4:c.1077T>A","NP_001684.2:p.Asp359Glu","Unknown significance","null","missense_variant&splice_region_variant","10/14","null","359","MODERATE","19.00","ATPase&_F1/V1/A1_complex&_alpha/beta_subunit&_nucleotide-binding_domain","0","null","46.74523193007533","0.29219451607199587","85.7","-0.3","0.3"
"8:20073965:G>C","NM_001693.4:c.1120G>C","NP_001684.2:p.Glu374Gln","Likely pathogenic","Neurodevelopmental disorder","missense_variant","11/14","null","374","MODERATE","32","ATPase&_F1/V1/A1_complex&_alpha/beta_subunit&_nucleotide-binding_domain","0","null","30.457067671900443","0.1559734794560459","91.59","-0.0","0.0"
"8:20073972:A>G","NM_001693.4:c.1127A>G","NP_001684.2:p.Gln376Arg","Unknown significance","null","missense_variant","11/14","null","376","MODERATE","27.6","ATPase&_F1/V1/A1_complex&_alpha/beta_subunit&_nucleotide-binding_domain","0","null","20.81102500531404","0.10523815979996147","94.27","0.4","0.4"
"8:20073976:C>G","NM_001693.4:c.1131C>G","NP_001684.2:p.Ile377Met","Unknown significance","null","missense_variant","11/14","null","377","MODERATE","24.1","ATPase&_F1/V1/A1_complex&_alpha/beta_subunit&_nucleotide-binding_domain","0.00289905","gnomad_AF_amr_pass","0.0","0.0","95.02","-2.1","2.1"
"8:20073978:A>G","NM_001693.4:c.1133A>G","NP_001684.2:p.Tyr378Cys","Unknown significance","null","missense_variant","11/14","null","378","MODERATE","29.5","ATPase&_F1/V1/A1_complex&_alpha/beta_subunit&_nucleotide-binding_domain","0.0100281","gnomad_AF_eas_pass","30.302173786763067","0.12630551682411792","94.8","-1.3","1.3"
"8:20073985:C>G","NM_001693.4:c.1140C>G","NP_001684.2:p.Asp380Glu","Unknown significance","null","missense_variant","11/14","null","380","MODERATE","24.1","ATPase&_F1/V1/A1_complex&_alpha/beta_subunit&_nucleotide-binding_domain","0.00776217","gnomad_AF_nfe_pass","12.027495133405079","0.07518131742977789","91.33","0.1","0.1"
"8:20073996:A>G","NM_001693.4:c.1151A>G","NP_001684.2:p.His384Arg","Unknown significance","null","missense_variant","11/14","null","384","MODERATE","24.3","ATPase&_F1/V1/A1_complex&_alpha/beta_subunit&_nucleotide-binding_domain","0","null","55.99776856836574","0.27262481051025006","91.71","0.0","0.0"
"8:20074735:A>G","NM_001693.4:c.1166A>G","NP_001684.2:p.Tyr389Cys","Unknown significance","null","missense_variant","12/14","null","389","MODERATE","28.7","ATPase&_F1/V1/A1_complex&_alpha/beta_subunit&_nucleotide-binding_domain","0.000880871","gnomad_AF_nfe_pass","34.52787780928746","0.14391909577942863","92.17","-2.9","2.9"
"8:20074743:A>G","NM_001693.4:c.1174A>G","NP_001684.2:p.Ile392Val","Unknown significance","null","missense_variant","12/14","null","392","MODERATE","22.6","ATPase&_F1/V1/A1_complex&_alpha/beta_subunit&_nucleotide-binding_domain","0.00289318","gnomad_AF_amr_pass","0.0","0.0","93.48","-0.9","0.9"
"8:20074749:G>A","NM_001693.4:c.1180G>A","NP_001684.2:p.Val394Met","Unknown significance","null","missense_variant","12/14","null","394","MODERATE","31","ATPase&_F1/V1/A1_complex&_alpha/beta_subunit&_nucleotide-binding_domain","0.00088039","gnomad_AF_nfe_pass","0.1919329907227148","0.0011165898814245448","90.34","-1.1","1.1"
"8:20074755:C>T","NM_001693.4:c.1186C>T","NP_001684.2:p.Pro396Ser","Unknown significance","null","missense_variant","12/14","null","396","MODERATE","26.1","ATPase&_F1/V1/A1_complex&_alpha/beta_subunit&_nucleotide-binding_domain","0.00326648","gnomad_AF_sas_pass","63.685405553194","0.40486561359171336","91.67","0.0","0.0"
"8:20074785:A>G","NM_001693.4:c.1216A>G","NP_001684.2:p.Ile406Val","Unknown significance","null","missense_variant","12/14","null","406","MODERATE","23.5","null","0.0225785","gnomad_AF_amr_pass","4.620812515104435","0.02355649810064235","84.59","-0.2","0.2"
"8:20074791:G>A","NM_001693.4:c.1222G>A","NP_001684.2:p.Glu408Lys","Unknown significance","null","missense_variant","12/14","null","408","MODERATE","24.2","null","0.00648088","gnomad_AF_nfe_pass","107.1920404369894","0.548940419907048","73.01","-0.0","0.0"
"8:20074797:A>G","NM_001693.4:c.1228A>G","NP_001684.2:p.Met410Val","Unknown significance","null","missense_variant","12/14","null","410","MODERATE","23.0","null","0.00326648","gnomad_AF_sas_pass","30.664981070260264","0.14161793158101804","73.93","-0.3","0.3"
"8:20074809:G>A","NM_001693.4:c.1240G>A","NP_001684.2:p.Asp414Asn","Unknown significance","null","missense_variant","12/14","null","414","MODERATE","30","null","0.00289268","gnomad_AF_amr_pass","0.0","0.0","83.05","-0.0","0.0"
"8:20074818:G>A","NM_001693.4:c.1249G>A","NP_001684.2:p.Asp417Asn","Unknown significance","null","missense_variant","12/14","null","417","MODERATE","25.0","null","0.000880235","gnomad_AF_nfe_pass","25.162766263516517","0.15728710732250087","89.19","0.1","0.1"
"8:20074827:A>G","NM_001693.4:c.1258A>G","NP_001684.2:p.Asn420Asp","Unknown significance","null","missense_variant","12/14","null","420","MODERATE","22.7","null","0.000880173","gnomad_AF_nfe_pass","60.488461271627024","0.37846188197274333","90.59","-0.2","0.2"
"8:20074827:A>T","NM_001693.4:c.1258A>T","NP_001684.2:p.Asn420Tyr","Unknown significance","null","missense_variant","12/14","null","420","MODERATE","26.7","null","0.000880173","gnomad_AF_nfe_pass","60.488461271627024","0.37846188197274333","90.59","0.9","0.9"
"8:20074828:A>G","NM_001693.4:c.1259A>G","NP_001684.2:p.Asn420Ser","Unknown significance","null","missense_variant","12/14","null","420","MODERATE","24.5","null","0","null","60.488461271627024","0.37846188197274333","90.59","-0.0","0.0"
"8:20075668:C>T","NM_001693.4:c.1271C>T","NP_001684.2:p.Ala424Val","Unknown significance","null","missense_variant","13/14","null","424","MODERATE","28.9","null","0.00155502","gnomad_AF_nfe_pass","9.639463906636479","0.07580655628416236","91.87","0.4","0.4"
"8:20075671:G>T","NM_001693.4:c.1274G>T","NP_001684.2:p.Cys425Phe","Unknown significance","null","missense_variant","13/14","null","425","MODERATE","23.9","null","0.0451309","gnomad_AF_eas_pass","0.0","0.0","92.11","1.7","1.7"
"8:20075674:A>G","NM_001693.4:c.1277A>G","NP_001684.2:p.Tyr426Cys","Unknown significance","null","missense_variant","13/14","null","426","MODERATE","29.2","null","0.00176323","gnomad_AF_nfe_pass","0.0","0.0","92.57","-3.0","3.0"
"8:20075680:T>C","NM_001693.4:c.1283T>C","NP_001684.2:p.Ile428Thr","Unknown significance","null","missense_variant","13/14","null","428","MODERATE","22.9","null","0","gnomad_AF_afr_pass,gnomad_AF_amr_pass,gnomad_AF_eas_pass,gnomad_AF_nfe_pass,gnomad_AF_sas_pass","72.1236449091509","0.36768003435764113","92.96","-0.4","0.4"
"8:20075694:C>A","NM_001693.4:c.1297C>A","NP_001684.2:p.Gln433Lys","Unknown significance","null","missense_variant","13/14","null","433","MODERATE","22.5","null","0","null","62.22997248310269","0.31468742105935216","90.81","-0.3","0.3"
"8:20075701:T>C","NM_001693.4:c.1304T>C","NP_001684.2:p.Met435Thr","Unknown significance","null","missense_variant","13/14","null","435","MODERATE","26.3","null","0.00326648","gnomad_AF_sas_pass","77.08259246770646","0.35598513109033203","89.66","-1.1","1.1"
"8:20075702:G>C","NM_001693.4:c.1305G>C","NP_001684.2:p.Met435Ile","Unknown significance","null","missense_variant","13/14","null","435","MODERATE","26.6","null","0","null","77.08259246770646","0.35598513109033203","89.66","0.5","0.5"
"8:20075712:G>A","NM_001693.4:c.1315G>A","NP_001684.2:p.Val439Ile","Unknown significance","null","missense_variant","13/14","null","439","MODERATE","22.8","null","0.00801475","gnomad_AF_afr_pass","97.99433752999974","0.5700921207494616","87.94","0.0","0.0"
"8:20075719:A>C","NM_001693.4:c.1322A>C","NP_001684.2:p.Glu441Ala","Unknown significance","null","missense_variant","13/14","null","441","MODERATE","29.5","null","0.0289235","gnomad_AF_amr_pass","85.92182993771809","0.4400136914355918","84.97","0.2","0.2"
"8:20075721:G>C","NM_001693.4:c.1324G>C","NP_001684.2:p.Glu442Gln","Unknown significance","null","missense_variant","13/14","null","442","MODERATE","31","null","0","null","203.69582034771616","1.043145262457385","84.69","0.0","0.0"
"8:20075730:A>G","NM_001693.4:c.1333A>G","NP_001684.2:p.Thr445Ala","Unknown significance","null","missense_variant","13/14","null","445","MODERATE","23.7","null","0.00326691","gnomad_AF_sas_pass","97.94261425116737","0.6224997742190367","90.19","-0.3","0.3"
"8:20075731:C>T","NM_001693.4:c.1334C>T","NP_001684.2:p.Thr445Ile","Unknown significance","null","missense_variant","13/14","null","445","MODERATE","26.9","null","0","null","97.94261425116737","0.6224997742190367","90.19","0.2","0.2"
"8:20075733:T>G","NM_001693.4:c.1336T>G","NP_001684.2:p.Ser446Ala","Unknown significance","null","missense_variant","13/14","null","446","MODERATE","20.4","null","0.000880235","gnomad_AF_nfe_pass","96.05791189493881","0.6965402233889081","88.01","-0.0","0.0"
"8:20075734:C>T","NM_001693.4:c.1337C>T","NP_001684.2:p.Ser446Leu","Unknown significance","null","missense_variant","13/14","null","446","MODERATE","24.6","null","0.000880359","gnomad_AF_nfe_pass","96.05791189493881","0.6965402233889081","88.01","0.2","0.2"
"8:20075769:T>C","NM_001693.4:c.1372T>C","NP_001684.2:p.Phe458Leu","Unknown significance","null","missense_variant","13/14","null","458","MODERATE","29.8","null","0.00326755","gnomad_AF_sas_pass","0.0","0.0","93.08","0.2","0.2"
"8:20075772:G>C","NM_001693.4:c.1375G>C","NP_001684.2:p.Glu459Gln","Unknown significance","null","missense_variant","13/14","null","459","MODERATE","28.9","null","0.000880607","gnomad_AF_nfe_pass","0.0","0.0","92.73","0.5","0.5"
"8:20075776:G>A","NM_001693.4:c.1379G>A","NP_001684.2:p.Arg460Lys","Likely benign","null","missense_variant","13/14","null","460","MODERATE","16.73","null","0.000880793","gnomad_AF_nfe_pass","117.01768497071933","0.434322847038946","90.13","-0.6","0.6"
"8:20075786:T>G","NM_001693.4:c.1389T>G","NP_001684.2:p.Ile463Met","Unknown significance","null","missense_variant","13/14","null","463","MODERATE","24.5","null","0.00176208","gnomad_AF_nfe_pass","0.0","0.0","90.9","-0.6","0.6"
"8:20077777:C>A","NM_001693.4:c.1400C>A","NP_001684.2:p.Pro467His","Unknown significance","null","missense_variant","14/14","null","467","MODERATE","22.7","null","0.00633392","gnomad_AF_afr_pass","62.22458831745944","0.3955787972269024","82.02","0.5","0.5"
"8:20077786:A>G","NM_001693.4:c.1409A>G","NP_001684.2:p.Asn470Ser","Unknown significance","null","missense_variant","14/14","null","470","MODERATE","22.6","null","0.117925","gnomad_AF_amr_pass","75.50356289043768","0.4724077932623167","85.78","-0.0","0.0"
"8:20077789:G>A","NM_001693.4:c.1412G>A","NP_001684.2:p.Arg471His","Unknown significance","null","missense_variant","14/14","null","471","MODERATE","32","null","0.00593754","gnomad_AF_eas_pass","20.07269689209172","0.0745018230714831","89.0","-0.3","0.3"
"8:20077791:A>C","NM_001693.4:c.1414A>C","NP_001684.2:p.Thr472Pro","Unknown significance","null","missense_variant","14/14","null","472","MODERATE","24.7","null","0","null","39.27022192851288","0.24959211545386503","86.93","-0.3","0.3"
"8:20077794:G>A","NM_001693.4:c.1417G>A","NP_001684.2:p.Val473Ile","Unknown significance","null","missense_variant","14/14","null","473","MODERATE","19.14","null","0.00909488","gnomad_AF_nfe_pass","0.0","0.0","85.03","0.5","0.5"
"8:20077803:A>G","NM_001693.4:c.1426A>G","NP_001684.2:p.Thr476Ala","Unknown significance","null","missense_variant","14/14","null","476","MODERATE","23.7","null","0.00626802","gnomad_AF_afr_pass","0.0","0.0","89.98","-0.5","0.5"
"8:20077813:T>A","NM_001693.4:c.1436T>A","NP_001684.2:p.Ile479Asn","Unknown significance","null","missense_variant","14/14","null","479","MODERATE","28.7","null","0.00347464","gnomad_AF_sas_pass","28.59463916468178","0.1457729697903911","90.64","-2.1","2.1"
"8:20077814:T>G","NM_001693.4:c.1437T>G","NP_001684.2:p.Ile479Met","Unknown significance","Seizures; Short stature; Corpus callosum, agenesis of; Mild global developmental delay","missense_variant","14/14","null","479","MODERATE","21.8","null","0","null","28.59463916468178","0.1457729697903911","90.64","-0.4","0.4"
"8:20077827:C>T","NM_001693.4:c.1450C>T","NP_001684.2:p.Leu484Phe","Unknown significance","null","missense_variant","14/14","null","484","MODERATE","23.2","null","0","null","0.0","0.0","88.99","-0.9","0.9"
"8:20077831:G>C","NM_001693.4:c.1454G>C","NP_001684.2:p.Arg485Pro","Pathogenic","Zimmermann-Laband syndrome","missense_variant","14/14","null","485","MODERATE","32","null","0","null","50.91292256166771","0.1889684066437482","87.43","-0.8","0.8"
"8:20077850:G>A","NM_001693.4:c.1473G>A","NP_001684.2:p.Met491Ile","Unknown significance","null","missense_variant","14/14","null","491","MODERATE","23.1","null","0.000903326","gnomad_AF_nfe_pass","19.92644201561315","0.09202488974490262","83.79","0.1","0.1"
"8:20077870:G>A","NM_001693.4:c.1493G>A","NP_001684.2:p.Ser498Asn","Unknown significance","null","missense_variant","14/14","null","498","MODERATE","22.7","null","0.0104094","gnomad_AF_amr_pass","96.12011806945702","0.6969912960995295","80.71","0.0","0.0"
"8:20077871:C>G","NM_001693.4:c.1494C>G","NP_001684.2:p.Ser498Arg","Unknown significance","null","missense_variant","14/14","null","498","MODERATE","22.5","null","0.000815741","gnomad_AF_nfe_pass","96.12011806945702","0.6969912960995295","80.71","0.3","0.3"
"8:20077875:C>G","NM_001693.4:c.1498C>G","NP_001684.2:p.Leu500Val","Unknown significance","null","missense_variant","14/14","null","500","MODERATE","20.2","null","0.00626802","gnomad_AF_eas_pass","5.929835323439881","0.03074823698785785","80.41","-0.2","0.2"
"8:20077879:G>A","NM_001693.4:c.1502G>A","NP_001684.2:p.Ser501Asn","Unknown significance","null","missense_variant","14/14","null","501","MODERATE","22.3","null","0.0147929","gnomad_AF_sas_pass","63.681070685354406","0.4617675559024794","77.92","0.1","0.1"
"8:20077881:G>A","NM_001693.4:c.1504G>A","NP_001684.2:p.Glu502Lys","Unknown significance","null","missense_variant","14/14","null","502","MODERATE","22.5","null","0.00189606","gnomad_AF_nfe_pass","90.3143372920195","0.46250813059063717","78.11","0.0","0.0"
"8:20077885:T>A","NM_001693.4:c.1508T>A","NP_001684.2:p.Phe503Tyr","Unknown significance","null","missense_variant","14/14","null","503","MODERATE","21.9","null","0.000944662","gnomad_AF_nfe_pass","11.86091032049242","0.051625204365243794","77.03","0.7","0.7"
"8:20077897:A>T","NM_001693.4:c.1520A>T","NP_001684.2:p.Asp507Val","Unknown significance","null","missense_variant","14/14","null","507","MODERATE","24.6","null","0.000967848","gnomad_AF_nfe_pass","102.77936417708119","0.6424519750556145","51.92","0.1","0.1"
"8:20077908:C>T","NM_001693.4:c.1531C>T","NP_001684.2:p.His511Tyr","Unknown significance","null","missense_variant","14/14","null","511","MODERATE","23.2","null","0.00648004","gnomad_AF_nfe_pass","203.01103267474457","0.9883580315682149","34.62","-0.0","0.0"