{"applied_filters": "CONTAINS missense_variant[Consequence]"},
"Genomic Description (GRCh37)","HGVS Nucleotide Change","HGVS Protein Change","Variant Classification","Phenotype","Consequence","Exon","Intron","Protein Position","Impact","CADD Phred","Interpro Domain","Max MAF (%)","Max MAF Source","Surface Area","Normalized SA","Confidence Score","ddG","|ddG|"
"1:160011190:T>C","NM_002241.5:c.1133A>G","NP_002232.2:p.Asn378Ser","Unknown significance","null","missense_variant","2/2","null","378","MODERATE","24.2","null","0","null","12.513737722439465","0.07829547370498621","43.0","-0.7","0.7"
"1:160011196:A>G","NM_002241.5:c.1127T>C","NP_002232.2:p.Ile376Thr","Unknown significance","null","missense_variant","2/2","null","376","MODERATE","22.6","null","0","null","52.72556150238053","0.26879030155978045","42.87","-1.4","1.4"
"1:160011199:C>T","NM_002241.5:c.1124G>A","NP_002232.2:p.Arg375His","Unknown significance","EAST syndrome; History of neurodevelopmental disorder","missense_variant","2/2","null","375","MODERATE","24.4","null","0.0202957","gnomad_AF_amr_pass","195.2871379604495","0.7248277537732293","35.88","-0.1","0.1"
"1:160011200:G>A","NM_002241.5:c.1123C>T","NP_002232.2:p.Arg375Cys","Unknown significance","Enlarged vestibular aqueduct; EAST syndrome","missense_variant","2/2","null","375","MODERATE","27.9","null","0.00985092","gnomad_AF_sas_pass","195.2871379604495","0.7248277537732293","35.88","-0.4","0.4"
"1:160011213:A>T","NM_002241.5:c.1110T>A","NP_002232.2:p.Ser370Arg","Unknown significance","null","missense_variant","2/2","null","370","MODERATE","16.79","null","0.00327332","gnomad_AF_sas_pass","143.04863598482333","1.0372818531942012","35.37","0.1","0.1"
"1:160011215:T>C","NM_002241.5:c.1108A>G","NP_002232.2:p.Ser370Gly","Unknown significance","null","missense_variant","2/2","null","370","MODERATE","22.2","null","0","null","143.04863598482333","1.0372818531942012","35.37","-0.1","0.1"
"1:160011217:C>T","NM_002241.5:c.1106G>A","NP_002232.2:p.Gly369Asp","Unknown significance","null","missense_variant","2/2","null","369","MODERATE","20.5","null","0.0229223","gnomad_AF_sas_pass","41.98443496496746","0.44033679631709516","38.48","-0.2","0.2"
"1:160011219:C>G","NM_002241.5:c.1104G>C","NP_002232.2:p.Glu368Asp","Likely benign","null","missense_variant","2/2","null","368","MODERATE","18.37","null","0.00289519","gnomad_AF_amr_pass","113.73025878932691","0.5824232448737572","50.23","-0.0","0.0"
"1:160011220:T>A","NM_002241.5:c.1103A>T","NP_002232.2:p.Glu368Val","Unknown significance","null","missense_variant","2/2","null","368","MODERATE","26.5","null","0.00176115","gnomad_AF_nfe_pass","113.73025878932691","0.5824232448737572","50.23","-0.7","0.7"
"1:160011221:C>G","NM_002241.5:c.1102G>C","NP_002232.2:p.Glu368Gln","Unknown significance","EAST syndrome","missense_variant","2/2","null","368","MODERATE","23.4","null","0.0360953","gnomad_AF_afr_pass","113.73025878932691","0.5824232448737572","50.23","-0.1","0.1"
"1:160011238:C>T","NM_002241.5:c.1085G>A","NP_002232.2:p.Arg362Lys","Unknown significance","null","missense_variant","2/2","null","362","MODERATE","22.4","null","0.000880344","gnomad_AF_nfe_pass","123.21437769681171","0.4573224921583604","65.23","-0.6","0.6"
"1:160011245:A>C","NM_002241.5:c.1078T>G","NP_002232.2:p.Ser360Ala","Unknown significance","null","missense_variant","2/2","null","360","MODERATE","20.7","null","0.000879987","gnomad_AF_nfe_pass","59.46302883449485","0.4311814672076212","73.46","-0.2","0.2"
"1:160011262:T>C","NM_002241.5:c.1061A>G","NP_002232.2:p.Lys354Arg","Likely pathogenic","Rett syndrome","missense_variant","2/2","null","354","MODERATE","26.1","null","0.0472502","gnomad_AF_nfe_pass","0.1437369671964635","6.072159818548829E-4","63.45","1.2","1.2"
"1:160011269:G>T","NM_002241.5:c.1054C>A","NP_002232.2:p.Pro352Thr","Unknown significance","EAST syndrome","missense_variant","2/2","null","352","MODERATE","17.47","null","0.000879616","gnomad_AF_nfe_pass","86.7739274717918","0.5516456884346223","64.36","0.1","0.1"
"1:160011270:G>C","NM_002241.5:c.1053C>G","NP_002232.2:p.Asp351Glu","Unknown significance","null","missense_variant","2/2","null","351","MODERATE","22.3","null","0.0123047","gnomad_AF_afr_pass","2.565335921209076","0.01603536996417221","58.87","-0.3","0.3"
"1:160011271:T>C","NM_002241.5:c.1052A>G","NP_002232.2:p.Asp351Gly","Unknown significance","null","missense_variant","2/2","null","351","MODERATE","22.8","null","0.00326669","gnomad_AF_sas_pass","2.565335921209076","0.01603536996417221","58.87","-1.5","1.5"
"1:160011272:C>T","NM_002241.5:c.1051G>A","NP_002232.2:p.Asp351Asn","Unknown significance","EAST syndrome; Enlarged vestibular aqueduct; Pendred syndrome; Intellectual disability","missense_variant","2/2","null","351","MODERATE","22.7","null","0.0849396","gnomad_AF_sas_pass","2.565335921209076","0.01603536996417221","58.87","-0.0","0.0"
"1:160011274:C>G","NM_002241.5:c.1049G>C","NP_002232.2:p.Gly350Ala","Unknown significance","EAST syndrome","missense_variant","2/2","null","350","MODERATE","17.00","null","0","null","8.622888101314967","0.09043768064765176","52.6","0.4","0.4"
"1:160011274:C>T","NM_002241.5:c.1049G>A","NP_002232.2:p.Gly350Glu","Unknown significance","null","missense_variant","2/2","null","350","MODERATE","20.2","null","0.000879492","gnomad_AF_nfe_pass","8.622888101314967","0.09043768064765176","52.6","0.1","0.1"
"1:160011275:C>T","NM_002241.5:c.1048G>A","NP_002232.2:p.Gly350Arg","Unknown significance","EAST syndrome","missense_variant","2/2","null","350","MODERATE","20.7","null","0.0144642","gnomad_AF_amr_pass","8.622888101314967","0.09043768064765176","52.6","1.0","1.0"
"1:160011277:T>C","NM_002241.5:c.1046A>G","NP_002232.2:p.Tyr349Cys","Likely benign","null","missense_variant","2/2","null","349","MODERATE","16.87","null","0.000879477","gnomad_AF_nfe_pass","186.53225667812632","0.7775037279467895","46.35","-0.5","0.5"
"1:160011280:C>T","NM_002241.5:c.1043G>A","NP_002232.2:p.Arg348His","Likely pathogenic","Hyperinsulinism","missense_variant","2/2","null","348","MODERATE","16.47","null","0.0650507","gnomad_AF_nfe_pass","245.78679438737515","0.9122622818047756","43.03","-0.1","0.1"
"1:160011281:G>A","NM_002241.5:c.1042C>T","NP_002232.2:p.Arg348Cys","Pathogenic","Hearing loss, digenic non-syndromic","missense_variant","2/2","null","348","MODERATE","22.7","null","0.170426","gnomad_AF_eas_pass","245.78679438737515","0.9122622818047756","43.03","-0.3","0.3"
"1:160011286:G>C","NM_002241.5:c.1037C>G","NP_002232.2:p.Thr346Ser","Likely benign","null","missense_variant","2/2","null","346","MODERATE","8.768","null","0.00175898","gnomad_AF_nfe_pass","82.21136925635707","0.5225157526332841","40.16","-0.1","0.1"
"1:160011287:T>C","NM_002241.5:c.1036A>G","NP_002232.2:p.Thr346Ala","Likely benign","null","missense_variant","2/2","null","346","MODERATE","16.20","null","0.000879446","gnomad_AF_nfe_pass","82.21136925635707","0.5225157526332841","40.16","-0.3","0.3"
"1:160011290:T>C","NM_002241.5:c.1033A>G","NP_002232.2:p.Ser345Gly","Likely benign","null","missense_variant","2/2","null","345","MODERATE","21.2","null","0.00615233","gnomad_AF_afr_pass","106.533011604287","0.77249782175468","40.34","-0.2","0.2"
"1:160011295:C>T","NM_002241.5:c.1028G>A","NP_002232.2:p.Arg343His","Likely benign","null","missense_variant","2/2","null","343","MODERATE","16.60","null","0.00578402","gnomad_AF_amr_pass","244.14669259074918","0.9061748798712771","36.71","0.1","0.1"
"1:160011296:G>A","NM_002241.5:c.1027C>T","NP_002232.2:p.Arg343Cys","Unknown significance","null","missense_variant","2/2","null","343","MODERATE","23.8","null","0.00564557","gnomad_AF_amr_pass","244.14669259074918","0.9061748798712771","36.71","0.1","0.1"
"1:160011302:C>G","NM_002241.5:c.1021G>C","NP_002232.2:p.Gly341Arg","Unknown significance","null","missense_variant","2/2","null","341","MODERATE","21.5","null","0","null","57.30458999072845","0.6010160573040262","52.19","0.4","0.4"
"1:160011303:A>C","NM_002241.5:c.1020T>G","NP_002232.2:p.Ser340Arg","Likely benign","null","missense_variant","2/2","null","340","MODERATE","14.70","null","0","gnomad_AF_afr_pass,gnomad_AF_amr_pass,gnomad_AF_eas_pass,gnomad_AF_nfe_pass,gnomad_AF_sas_pass","111.1021537588172","0.8056298275856315","55.46","0.1","0.1"
"1:160011308:G>A","NM_002241.5:c.1015C>T","NP_002232.2:p.Pro339Ser","Unknown significance","EAST syndrome","missense_variant","2/2","null","339","MODERATE","21.4","null","0","null","10.076240720517461","0.06405742958804964","63.83","-1.1","1.1"
"1:160011308:G>T","NM_002241.5:c.1015C>A","NP_002232.2:p.Pro339Thr","Unknown significance","EAST syndrome","missense_variant","2/2","null","339","MODERATE","19.66","null","0","null","10.076240720517461","0.06405742958804964","63.83","-0.9","0.9"
"1:160011310:G>C","NM_002241.5:c.1013C>G","NP_002232.2:p.Ser338Cys","Unknown significance","null","missense_variant","2/2","null","338","MODERATE","22.1","null","0.000879461","gnomad_AF_nfe_pass","45.57040896776962","0.33044256549164674","69.71","0.1","0.1"
"1:160011311:A>C","NM_002241.5:c.1012T>G","NP_002232.2:p.Ser338Ala","Unknown significance","EAST syndrome","missense_variant","2/2","null","338","MODERATE","12.84","null","0","null","45.57040896776962","0.33044256549164674","69.71","0.0","0.0"
"1:160011314:C>T","NM_002241.5:c.1009G>A","NP_002232.2:p.Ala337Thr","Likely benign","null","missense_variant","2/2","null","337","MODERATE","18.56","null","0","null","105.35599270064148","0.8285393324660298","79.72","0.1","0.1"
"1:160011316:A>G","NM_002241.5:c.1007T>C","NP_002232.2:p.Val336Ala","Unknown significance","null","missense_variant","2/2","null","336","MODERATE","22.1","null","0.0114732","gnomad_AF_afr_pass","50.546210961026944","0.2940577724075116","89.51","-1.2","1.2"
"1:160011317:C>G","NM_002241.5:c.1006G>C","NP_002232.2:p.Val336Leu","Unknown significance","null","missense_variant","2/2","null","336","MODERATE","23.4","null","0.00175901","gnomad_AF_nfe_pass","50.546210961026944","0.2940577724075116","89.51","-0.4","0.4"
"1:160011317:C>T","NM_002241.5:c.1006G>A","NP_002232.2:p.Val336Met","Unknown significance","null","missense_variant","2/2","null","336","MODERATE","25.8","null","0.000879507","gnomad_AF_nfe_pass","50.546210961026944","0.2940577724075116","89.51","-0.4","0.4"
"1:160011325:A>G","NM_002241.5:c.998T>C","NP_002232.2:p.Val333Ala","Unknown significance","EAST syndrome","missense_variant","2/2","null","333","MODERATE","26.1","null","0.00087974","gnomad_AF_nfe_pass","0.0","0.0","94.75","-1.9","1.9"
"1:160011329:G>C","NM_002241.5:c.994C>G","NP_002232.2:p.Gln332Glu","Unknown significance","null","missense_variant","2/2","null","332","MODERATE","22.3","null","0","null","15.826157137873356","0.08003044797022406","94.78","-0.3","0.3"
"1:160011332:C>G","NM_002241.5:c.991G>C","NP_002232.2:p.Asp331His","Unknown significance","null","missense_variant","2/2","null","331","MODERATE","21.7","null","0.00543656","gnomad_AF_eas_pass","19.92133965708502","0.12452406288870536","94.88","1.2","1.2"
"1:160011339:G>T","NM_002241.5:c.984C>A","NP_002232.2:p.Ser328Arg","Unknown significance","null","missense_variant","2/2","null","328","MODERATE","22.8","null","0.000880049","gnomad_AF_nfe_pass","102.58536332053998","0.7438724252289945","92.37","0.1","0.1"
"1:160011340:C>T","NM_002241.5:c.983G>A","NP_002232.2:p.Ser328Asn","Unknown significance","null","missense_variant","2/2","null","328","MODERATE","22.2","null","0.000880018","gnomad_AF_nfe_pass","102.58536332053998","0.7438724252289945","92.37","-0.0","0.0"
"1:160011341:T>C","NM_002241.5:c.982A>G","NP_002232.2:p.Ser328Gly","Unknown significance","null","missense_variant","2/2","null","328","MODERATE","23.0","null","0.00326648","gnomad_AF_sas_pass","102.58536332053998","0.7438724252289945","92.37","-0.3","0.3"
"1:160011343:A>C","NM_002241.5:c.980T>G","NP_002232.2:p.Phe327Cys","Unknown significance","null","missense_variant","2/2","null","327","MODERATE","28.7","null","0.00615157","gnomad_AF_afr_pass","74.60745078132379","0.32473265455022876","92.68","-1.8","1.8"
"1:160011350:C>A","NM_002241.5:c.973G>T","NP_002232.2:p.Ala325Ser","Unknown significance","null","missense_variant","2/2","null","325","MODERATE","27.1","null","0.00176041","gnomad_AF_nfe_pass","21.0317690130068","0.16539778527956758","91.71","-0.6","0.6"
"1:160011352:A>G","NM_002241.5:c.971T>C","NP_002232.2:p.Ile324Thr","Unknown significance","null","missense_variant","2/2","null","324","MODERATE","20.4","null","0.000880173","gnomad_AF_nfe_pass","100.4251174462044","0.511958466318522","91.01","-0.6","0.6"
"1:160011356:A>G","NM_002241.5:c.967T>C","NP_002232.2:p.Tyr323His","Unknown significance","Peripheral neuropathy","missense_variant","2/2","null","323","MODERATE","26.2","null","0","null","135.28064812774286","0.563876779874459","90.45","-0.8","0.8"
"1:160011368:C>T","NM_002241.5:c.955G>A","NP_002232.2:p.Ala319Thr","Unknown significance","null","missense_variant","2/2","null","319","MODERATE","22.2","null","0.00289168","gnomad_AF_amr_pass","144.19323944478933","1.1339627418742242","90.07","0.0","0.0"
"1:160011383:C>T","NM_002241.5:c.940G>A","NP_002232.2:p.Ala314Thr","Unknown significance","null","missense_variant","2/2","null","314","MODERATE","23.7","null","0.000881166","gnomad_AF_nfe_pass","0.040603089420148036","3.193103281729426E-4","89.96","0.2","0.2"
"1:160011388:G>A","NM_002241.5:c.935C>T","NP_002232.2:p.Thr312Ile","Likely benign","null","missense_variant","2/2","null","312","MODERATE","18.90","null","0.0733759","gnomad_AF_amr_pass","8.483259193066708","0.053917561550718474","93.54","1.0","1.0"
"1:160011388:GT>AA","NM_002241.5:c.934_935delinsTT","NP_002232.2:p.Thr312Leu","Unknown significance","EAST syndrome","missense_variant","2/2","null","312","MODERATE","null","null","0","null","8.483259193066708","0.053917561550718474","93.54","1.0","1.0"
"1:160011389:T>A","NM_002241.5:c.934A>T","NP_002232.2:p.Thr312Ser","Unknown significance","null","missense_variant","2/2","null","312","MODERATE","17.08","null","0.0733759","gnomad_AF_amr_pass","8.483259193066708","0.053917561550718474","93.54","-0.6","0.6"
"1:160011393:C>G","NM_002241.5:c.930G>C","NP_002232.2:p.Glu310Asp","Unknown significance","null","missense_variant","2/2","null","310","MODERATE","22.6","null","0.0114943","gnomad_AF_afr_pass","35.347611119807375","0.18101840781941433","93.88","-0.4","0.4"
"1:160011395:C>G","NM_002241.5:c.928G>C","NP_002232.2:p.Glu310Gln","Unknown significance","null","missense_variant","2/2","null","310","MODERATE","23.7","null","0.00543833","gnomad_AF_eas_pass","35.347611119807375","0.18101840781941433","93.88","0.6","0.6"
"1:160011395:C>T","NM_002241.5:c.928G>A","NP_002232.2:p.Glu310Lys","Unknown significance","null","missense_variant","2/2","null","310","MODERATE","24.5","null","0.00543833","gnomad_AF_eas_pass","35.347611119807375","0.18101840781941433","93.88","0.3","0.3"
"1:160011400:C>T","NM_002241.5:c.923G>A","NP_002232.2:p.Gly308Asp","Unknown significance","null","missense_variant","2/2","null","308","MODERATE","27.7","null","0.00289285","gnomad_AF_amr_pass","1.1679887200293135","0.012249978153602886","90.01","-0.7","0.7"
"1:160011401:C>G","NM_002241.5:c.922G>C","NP_002232.2:p.Gly308Arg","Unknown significance","null","missense_variant","2/2","null","308","MODERATE","28.5","null","0","null","1.1679887200293135","0.012249978153602886","90.01","-0.1","0.1"
"1:160011419:G>A","NM_002241.5:c.904C>T","NP_002232.2:p.Pro302Ser","Unknown significance","null","missense_variant","2/2","null","302","MODERATE","24.7","null","0.00326648","gnomad_AF_sas_pass","0.04128973615923444","2.624901925321886E-4","89.93","-0.6","0.6"
"1:160011431:T>C","NM_002241.5:c.892A>G","NP_002232.2:p.Thr298Ala","Unknown significance","null","missense_variant","2/2","null","298","MODERATE","25.7","null","0.00289235","gnomad_AF_amr_pass","3.123433572953843","0.019851794939491844","96.69","-0.7","0.7"
"1:160011433:C>T","NM_002241.5:c.890G>A","NP_002232.2:p.Arg297His","Unknown significance","null","missense_variant","2/2","null","297","MODERATE","29.8","null","0.00578503","gnomad_AF_amr_pass","55.652899063945355","0.2065613037334664","96.01","-0.4","0.4"
"1:160011434:G>A","NM_002241.5:c.889C>T","NP_002232.2:p.Arg297Cys","Pathogenic","SeSAME syndrome","missense_variant","2/2","null","297","MODERATE","32","null","0.00289201","gnomad_AF_amr_pass","55.652899063945355","0.2065613037334664","96.01","-1.0","1.0"
"1:160011437:C>T","NM_002241.5:c.886G>A","NP_002232.2:p.Val296Met","Unknown significance","null","missense_variant","2/2","null","296","MODERATE","26.3","null","0.000880142","gnomad_AF_nfe_pass","6.403534525156074","0.03725321962221578","95.72","-0.7","0.7"
"1:160011445:G>A","NM_002241.5:c.878C>T","NP_002232.2:p.Thr293Ile","Unknown significance","EAST syndrome","missense_variant","2/2","null","293","MODERATE","25.5","null","0.0108731","gnomad_AF_eas_pass","100.65889419869549","0.6397637983313174","93.49","0.0","0.0"
"1:160011455:T>C","NM_002241.5:c.868A>G","NP_002232.2:p.Thr290Ala","Pathogenic","SeSAME syndrome","missense_variant","2/2","null","290","MODERATE","25.8","null","0","null","69.18780812832556","0.4397411205314989","90.2","-0.6","0.6"
"1:160011466:G>C","NM_002241.5:c.857C>G","NP_002232.2:p.Thr286Arg","Unknown significance","EAST syndrome","missense_variant","2/2","null","286","MODERATE","26.1","null","0.00578336","gnomad_AF_amr_pass","47.258303955308996","0.30036244965560355","93.88","0.1","0.1"
"1:160011466:G>T","NM_002241.5:c.857C>A","NP_002232.2:p.Thr286Lys","Unknown significance","null","missense_variant","2/2","null","286","MODERATE","26.9","null","0.00263913","gnomad_AF_nfe_pass","47.258303955308996","0.30036244965560355","93.88","-0.6","0.6"
"1:160011478:A>T","NM_002241.5:c.845T>A","NP_002232.2:p.Ile282Asn","Unknown significance","EAST syndrome","missense_variant","2/2","null","282","MODERATE","26.2","null","0","null","30.496709522700883","0.1554695581348659","96.49","-3.1","3.1"
"1:160011487:A>G","NM_002241.5:c.836T>C","NP_002232.2:p.Leu279Pro","Unknown significance","null","missense_variant","2/2","null","279","MODERATE","27.3","null","0","null","0.0","0.0","94.8","-4.8","4.8"
"1:160011488:G>T","NM_002241.5:c.835C>A","NP_002232.2:p.Leu279Met","Unknown significance","null","missense_variant","2/2","null","279","MODERATE","24.8","null","0.00326648","gnomad_AF_sas_pass","0.0","0.0","94.8","-1.5","1.5"
"1:160011491:C>G","NM_002241.5:c.832G>C","NP_002232.2:p.Glu278Gln","Unknown significance","null","missense_variant","2/2","null","278","MODERATE","24.8","null","0.00648004","gnomad_AF_nfe_pass","5.521283282298381","0.02827500578452243","93.01","0.4","0.4"
"1:160011493:A>G","NM_002241.5:c.830T>C","NP_002232.2:p.Phe277Ser","Unknown significance","null","missense_variant","2/2","null","277","MODERATE","27.6","null","0.00615157","gnomad_AF_afr_pass","8.291291615098372","0.03608826072495885","89.49","-3.6","3.6"
"1:160011502:T>C","NM_002241.5:c.821A>G","NP_002232.2:p.Glu274Gly","Unknown significance","null","missense_variant","2/2","null","274","MODERATE","22.9","null","0.00615157","gnomad_AF_afr_pass","73.79583415133455","0.3779153379418795","66.41","-0.5","0.5"
"1:160011505:C>A","NM_002241.5:c.818G>T","NP_002232.2:p.Gly273Val","Unknown significance","null","missense_variant","2/2","null","273","MODERATE","23.6","null","0.000879492","gnomad_AF_nfe_pass","0.0","0.0","62.89","1.4","1.4"
"1:160011506:C>A","NM_002241.5:c.817G>T","NP_002232.2:p.Gly273Cys","Unknown significance","EAST syndrome","missense_variant","2/2","null","273","MODERATE","24.4","null","0","null","0.0","0.0","62.89","0.8","0.8"
"1:160011511:C>T","NM_002241.5:c.812G>A","NP_002232.2:p.Arg271His","Benign","null","missense_variant","2/2","null","271","MODERATE","23.0","null","1.70426","gnomad_AF_eas_pass","52.7867994974731","0.19592348839881163","57.85","-0.2","0.2"
"1:160011512:G>A","NM_002241.5:c.811C>T","NP_002232.2:p.Arg271Cys","Benign","null","missense_variant","2/2","null","271","MODERATE","25.2","null","7.02378","gnomad_AF_nfe_pass","52.7867994974731","0.19592348839881163","57.85","-0.9","0.9"
"1:160011518:G>A","NM_002241.5:c.805C>T","NP_002232.2:p.Pro269Ser","Unknown significance","null","missense_variant","2/2","null","269","MODERATE","16.05","null","0","null","46.457284271364934","0.2953417150907583","61.44","0.6","0.6"
"1:160011520:A>G","NM_002241.5:c.803T>C","NP_002232.2:p.Leu268Pro","Unknown significance","null","missense_variant","2/2","null","268","MODERATE","24.7","null","0.00289084","gnomad_AF_amr_pass","26.944204889719735","0.13971497557842766","67.99","-2.2","2.2"
"1:160011521:G>T","NM_002241.5:c.802C>A","NP_002232.2:p.Leu268Ile","Unknown significance","null","missense_variant","2/2","null","268","MODERATE","19.06","null","0.000879492","gnomad_AF_nfe_pass","26.944204889719735","0.13971497557842766","67.99","-0.2","0.2"
"1:160011538:G>A","NM_002241.5:c.785C>T","NP_002232.2:p.Thr262Ile","Unknown significance","null","missense_variant","2/2","null","262","MODERATE","22.7","null","0","null","146.05503424405867","0.9282907806332782","87.69","-0.1","0.1"
"1:160011540:C>G","NM_002241.5:c.783G>C","NP_002232.2:p.Glu261Asp","Unknown significance","EAST syndrome","missense_variant","2/2","null","261","MODERATE","14.41","null","0.0240346","gnomad_AF_afr_pass","144.79892126168141","0.7415287582495377","87.15","-0.1","0.1"
"1:160011568:G>C","NM_002241.5:c.755C>G","NP_002232.2:p.Pro252Arg","Unknown significance","Neurodevelopmental delay","missense_variant","2/2","null","252","MODERATE","26.5","null","0","null","2.294783378003584","0.014588568170763415","94.02","-1.0","1.0"
"1:160011588:G>C","NM_002241.5:c.735C>G","NP_002232.2:p.Asp245Glu","Benign","null","missense_variant","2/2","null","245","MODERATE","16.93","null","0.528804","gnomad_AF_afr_pass","112.65066382428247","0.7041553724786977","75.53","0.0","0.0"
"1:160011599:T>A","NM_002241.5:c.724A>T","NP_002232.2:p.Thr242Ser","Unknown significance","null","missense_variant","2/2","null","242","MODERATE","16.33","null","0.000879384","gnomad_AF_nfe_pass","25.920404431345233","0.16474387609054666","75.95","-0.5","0.5"
"1:160011604:A>G","NM_002241.5:c.719T>C","NP_002232.2:p.Val240Ala","Unknown significance","EAST syndrome","missense_variant","2/2","null","240","MODERATE","25.8","null","0.000879399","gnomad_AF_nfe_pass","8.363991206471875","0.04865837766766534","90.69","-1.4","1.4"
"1:160011605:C>A","NM_002241.5:c.718G>T","NP_002232.2:p.Val240Leu","Unknown significance","null","missense_variant","2/2","null","240","MODERATE","24.0","null","0.00615157","gnomad_AF_afr_pass","8.363991206471875","0.04865837766766534","90.69","0.5","0.5"
"1:160011605:C>G","NM_002241.5:c.718G>C","NP_002232.2:p.Val240Leu","Unknown significance","null","missense_variant","2/2","null","240","MODERATE","23.8","null","0.000879446","gnomad_AF_nfe_pass","8.363991206471875","0.04865837766766534","90.69","0.5","0.5"
"1:160011605:C>T","NM_002241.5:c.718G>A","NP_002232.2:p.Val240Ile","Unknown significance","null","missense_variant","2/2","null","240","MODERATE","23.8","null","0.0228639","gnomad_AF_sas_pass","8.363991206471875","0.04865837766766534","90.69","0.3","0.3"
"1:160011616:A>C","NM_002241.5:c.707T>G","NP_002232.2:p.Val236Gly","Unknown significance","null","missense_variant","2/2","null","236","MODERATE","26.4","null","0","gnomad_AF_afr_pass,gnomad_AF_amr_pass,gnomad_AF_eas_pass,gnomad_AF_nfe_pass,gnomad_AF_sas_pass","0.0","0.0","94.83","-3.6","3.6"
"1:160011623:C>T","NM_002241.5:c.700G>A","NP_002232.2:p.Val234Ile","Unknown significance","null","missense_variant","2/2","null","234","MODERATE","22.1","null","0.00653253","gnomad_AF_sas_pass","49.22708012086511","0.2863835932950332","93.09","0.2","0.2"
"1:160011634:C>T","NM_002241.5:c.689G>A","NP_002232.2:p.Arg230Gln","Unknown significance","EAST syndrome","missense_variant","2/2","null","230","MODERATE","22.4","null","0.00846501","gnomad_AF_amr_pass","225.47221228459546","0.8368626775697966","83.89","-0.1","0.1"
"1:160011635:G>A","NM_002241.5:c.688C>T","NP_002232.2:p.Arg230Trp","Unknown significance","EAST syndrome","missense_variant","2/2","null","230","MODERATE","23.5","null","0.0160244","gnomad_AF_afr_pass","225.47221228459546","0.8368626775697966","83.89","0.1","0.1"
"1:160011638:T>A","NM_002241.5:c.685A>T","NP_002232.2:p.Ile229Phe","Unknown significance","null","missense_variant","2/2","null","229","MODERATE","24.6","null","0","null","54.971996323754134","0.28024242982292163","85.12","-0.2","0.2"
"1:160011638:T>C","NM_002241.5:c.685A>G","NP_002232.2:p.Ile229Val","Unknown significance","EAST syndrome","missense_variant","2/2","null","229","MODERATE","18.00","null","0","null","54.971996323754134","0.28024242982292163","85.12","-0.4","0.4"
"1:160011656:T>A","NM_002241.5:c.667A>T","NP_002232.2:p.Thr223Ser","Unknown significance","null","missense_variant","2/2","null","223","MODERATE","25.2","null","0.00326648","gnomad_AF_sas_pass","29.282861509469605","0.18611484712248105","86.68","-0.6","0.6"
"1:160011664:G>C","NM_002241.5:c.659C>G","NP_002232.2:p.Thr220Ser","Unknown significance","EAST syndrome","missense_variant","2/2","null","220","MODERATE","22.3","null","0","null","60.437260870011386","0.3841247401209805","86.32","-0.3","0.3"
"1:160011665:T>A","NM_002241.5:c.658A>T","NP_002232.2:p.Thr220Ser","Unknown significance","null","missense_variant","2/2","null","220","MODERATE","21.4","null","0.000880065","gnomad_AF_nfe_pass","60.437260870011386","0.3841247401209805","86.32","-0.3","0.3"
"1:160011671:G>A","NM_002241.5:c.652C>T","NP_002232.2:p.Leu218Phe","Pathogenic","Developmental delay, failure to thrive, ataxia, hypotonia and tonic-clonic seizures","missense_variant","2/2","null","218","MODERATE","27.3","null","0.0084674","gnomad_AF_amr_pass","8.975450128485177","0.04654079794298008","92.98","-0.2","0.2"
"1:160011688:T>C","NM_002241.5:c.635A>G","NP_002232.2:p.Gln212Arg","Benign","Reduced spermine sensitivity","missense_variant","2/2","null","212","MODERATE","26.0","null","0.00176215","gnomad_AF_nfe_pass","67.29945167799373","0.3403229993875842","92.95","0.2","0.2"
"1:160011691:C>A","NM_002241.5:c.632G>T","NP_002232.2:p.Cys211Phe","Unknown significance","null","missense_variant","2/2","null","211","MODERATE","28.3","null","0.000881104","gnomad_AF_nfe_pass","0.0","0.0","92.86","0.7","0.7"
"1:160011697:A>G","NM_002241.5:c.626T>C","NP_002232.2:p.Ile209Thr","Pathogenic","SeSAME-like syndrome","missense_variant","2/2","null","209","MODERATE","25.9","null","0.000881166","gnomad_AF_nfe_pass","85.63032293824898","0.4365358977579431","90.98","-1.3","1.3"
"1:160011701:G>T","NM_002241.5:c.622C>A","NP_002232.2:p.Leu208Ile","Unknown significance","null","missense_variant","2/2","null","208","MODERATE","23.6","null","0.000881399","gnomad_AF_nfe_pass","0.02619503722874346","1.358302834197296E-4","91.72","0.1","0.1"
"1:160011712:C>T","NM_002241.5:c.611G>A","NP_002232.2:p.Arg204His","Pathogenic","Seizures, generalized","missense_variant","2/2","null","204","MODERATE","29.2","null","0.0100241","gnomad_AF_eas_pass","120.7531220941646","0.44818729570579224","90.75","-0.4","0.4"
"1:160011713:G>A","NM_002241.5:c.610C>T","NP_002232.2:p.Arg204Cys","Unknown significance","null","missense_variant","2/2","null","204","MODERATE","28.8","null","0.00289419","gnomad_AF_amr_pass","120.7531220941646","0.44818729570579224","90.75","-1.2","1.2"
"1:160011722:C>T","NM_002241.5:c.601G>A","NP_002232.2:p.Ala201Thr","Pathogenic","SeSAME-like syndrome","missense_variant","2/2","null","201","MODERATE","27.4","null","0","null","0.0","0.0","94.42","-0.6","0.6"
"1:160011727:C>T","NM_002241.5:c.596G>A","NP_002232.2:p.Arg199Gln","Unknown significance","null","missense_variant","2/2","null","199","MODERATE","23.6","null","0.00176766","gnomad_AF_nfe_pass","13.099737776218031","0.04862098756999254","95.96","-0.9","0.9"
"1:160011730:A>C","NM_002241.5:c.593T>G","NP_002232.2:p.Ile198Ser","Unknown significance","null","missense_variant","2/2","null","198","MODERATE","26.9","null","0.000884439","gnomad_AF_nfe_pass","0.0","0.0","96.7","-4.5","4.5"
"1:160011740:A>G","NM_002241.5:c.583T>C","NP_002232.2:p.Cys195Arg","Unknown significance","null","missense_variant","2/2","null","195","MODERATE","26.2","null","0","null","0.0","0.0","93.66","-2.2","2.2"
"1:160011742:G>T","NM_002241.5:c.581C>A","NP_002232.2:p.Pro194His","Pathogenic","Hearing loss, digenic non-syndromic","missense_variant","2/2","null","194","MODERATE","23.7","null","0.000890535","gnomad_AF_nfe_pass","25.47374977942526","0.16194362343055743","91.17","0.4","0.4"
"1:160011757:G>A","NM_002241.5:c.566C>T","NP_002232.2:p.Ser189Phe","Likely benign","null","missense_variant","2/2","null","189","MODERATE","14.53","null","0.0104595","gnomad_AF_sas_pass","60.19414153552793","0.43648295038640433","91.2","0.8","0.8"
"1:160011769:G>T","NM_002241.5:c.554C>A","NP_002232.2:p.Ala185Glu","Unknown significance","null","missense_variant","2/2","null","185","MODERATE","25.3","null","0.000920234","gnomad_AF_nfe_pass","0.0","0.0","95.74","-2.2","2.2"
"1:160011782:A>G","NM_002241.5:c.541T>C","NP_002232.2:p.Phe181Leu","Unknown significance","null","missense_variant","2/2","null","181","MODERATE","27.5","null","0.0033018","gnomad_AF_nfe_pass","9.808624425233479","0.04269252753894674","97.0","-1.9","1.9"
"1:160011784:C>T","NM_002241.5:c.539G>A","NP_002232.2:p.Arg180His","Unknown significance","null","missense_variant","2/2","null","180","MODERATE","23.5","null","0","null","85.95243939612511","0.31902107957279","93.75","-0.1","0.1"
"1:160011785:G>A","NM_002241.5:c.538C>T","NP_002232.2:p.Arg180Cys","Unknown significance","null","missense_variant","2/2","null","180","MODERATE","25.1","null","0.0122459","gnomad_AF_sas_pass","85.95243939612511","0.31902107957279","93.75","0.0","0.0"
"1:160011793:T>C","NM_002241.5:c.530A>G","NP_002232.2:p.Glu177Gly","Unknown significance","Enlarged vestibular aqueduct; EAST syndrome","missense_variant","2/2","null","177","MODERATE","26.1","null","0.0573493","gnomad_AF_nfe_pass","83.54125339616937","0.4278225373068784","90.55","-0.7","0.7"
"1:160011794:C>G","NM_002241.5:c.529G>C","NP_002232.2:p.Glu177Gln","Unknown significance","null","missense_variant","2/2","null","177","MODERATE","23.6","null","0.00554508","gnomad_AF_eas_pass","83.54125339616937","0.4278225373068784","90.55","0.1","0.1"
"1:160011799:C>T","NM_002241.5:c.524G>A","NP_002232.2:p.Arg175Gln","Pathogenic","Epilepsy, ataxia, sensorineural deafness and tubulopathy","missense_variant","2/2","null","175","MODERATE","29.8","null","0.00557289","gnomad_AF_eas_pass","8.981341830811237","0.03333514891500368","90.61","-0.6","0.6"
"1:160011800:G>A","NM_002241.5:c.523C>T","NP_002232.2:p.Arg175Trp","Unknown significance","null","missense_variant","2/2","null","175","MODERATE","25.9","null","0.00469087","gnomad_AF_sas_pass","8.981341830811237","0.03333514891500368","90.61","0.1","0.1"
"1:160011802:T>G","NM_002241.5:c.521A>C","NP_002232.2:p.Lys174Thr","Unknown significance","null","missense_variant","2/2","null","174","MODERATE","25.2","null","0.00559097","gnomad_AF_eas_pass","143.50647872983035","0.6062422846682601","87.4","0.3","0.3"
"1:160011811:C>T","NM_002241.5:c.512G>A","NP_002232.2:p.Arg171Gln","Pathogenic","Epilepsy, ataxia, sensorineural deafness and tubulopathy","missense_variant","2/2","null","171","MODERATE","28.1","null","0.00265182","gnomad_AF_nfe_pass","84.84096526021595","0.3148957320986966","90.67","-0.3","0.3"
"1:160011812:G>A","NM_002241.5:c.511C>T","NP_002232.2:p.Arg171Trp","Unknown significance","EAST syndrome; Enlarged vestibular aqueduct; Pendred syndrome","missense_variant","2/2","null","171","MODERATE","31","null","0.00102373","gnomad_AF_nfe_pass","84.84096526021595","0.3148957320986966","90.67","0.1","0.1"
"1:160011817:A>G","NM_002241.5:c.506T>C","NP_002232.2:p.Ile169Thr","Unknown significance","EAST syndrome","missense_variant","2/2","null","169","MODERATE","25.0","null","0.00206105","gnomad_AF_nfe_pass","122.96718053305081","0.6268759325766952","92.23","-0.7","0.7"
"1:160011823:G>A","NM_002241.5:c.500C>T","NP_002232.2:p.Ala167Val","Pathogenic","SeSAME syndrome","missense_variant","2/2","null","167","MODERATE","25.8","null","0.00501253","gnomad_AF_sas_pass","26.274950159821607","0.2066311474835","93.9","0.5","0.5"
"1:160011826:A>T","NM_002241.5:c.497T>A","NP_002232.2:p.Leu166Gln","Benign","Reduced current magnitude","missense_variant","2/2","null","166","MODERATE","27.2","null","0","null","123.32562283350345","0.6394857986309107","94.13","-1.0","1.0"
"1:160011830:A>C","NM_002241.5:c.493T>G","NP_002232.2:p.Phe165Val","Unknown significance","null","missense_variant","2/2","null","165","MODERATE","23.6","null","0.00566444","gnomad_AF_eas_pass","40.39606294957513","0.1758258808954968","94.67","0.2","0.2"
"1:160011832:G>A","NM_002241.5:c.491C>T","NP_002232.2:p.Thr164Ile","Pathogenic","SeSAME syndrome","missense_variant","2/2","null","164","MODERATE","23.6","null","0","null","0.0","0.0","94.16","3.0","3.0"
"1:160011835:C>T","NM_002241.5:c.488G>A","NP_002232.2:p.Gly163Asp","Pathogenic","Epilepsy, ataxia, sensorineural deafness and tubulopathy","missense_variant","2/2","null","163","MODERATE","26.8","null","0","null","12.678950881054575","0.13297805761311166","94.81","-1.4","1.4"
"1:160011857:T>C","NM_002241.5:c.466A>G","NP_002232.2:p.Ile156Val","Unknown significance","null","missense_variant","2/2","null","156","MODERATE","17.60","null","0.0010571","gnomad_AF_nfe_pass","106.25010607981423","0.5416537489631572","94.75","-0.2","0.2"
"1:160011859:G>A","NM_002241.5:c.464C>T","NP_002232.2:p.Thr155Ile","Unknown significance","null","missense_variant","2/2","null","155","MODERATE","23.3","null","0.00575506","gnomad_AF_eas_pass","55.90231343810443","0.3553017015075954","94.57","1.5","1.5"
"1:160011862:G>T","NM_002241.5:c.461C>A","NP_002232.2:p.Thr154Asn","Unknown significance","null","missense_variant","2/2","null","154","MODERATE","24.8","null","0.00576967","gnomad_AF_eas_pass","1.78512913099833","0.01134585276791344","94.92","-0.8","0.8"
"1:160011872:G>T","NM_002241.5:c.451C>A","NP_002232.2:p.Leu151Met","Unknown significance","EAST syndrome","missense_variant","2/2","null","151","MODERATE","21.6","null","0","null","56.70175998550056","0.29401814022913186","96.08","-0.2","0.2"
"1:160011887:G>A","NM_002241.5:c.436C>T","NP_002232.2:p.Leu146Phe","Unknown significance","EAST syndrome","missense_variant","2/2","null","146","MODERATE","24.8","null","0","null","29.745354909872525","0.15423990248790492","97.39","-0.6","0.6"
"1:160011890:C>T","NM_002241.5:c.433G>A","NP_002232.2:p.Val145Met","Unknown significance","null","missense_variant","2/2","null","145","MODERATE","23.8","null","0.00105038","gnomad_AF_nfe_pass","94.92651287343236","0.552244735802198","97.7","-0.3","0.3"
"1:160011893:T>C","NM_002241.5:c.430A>G","NP_002232.2:p.Ile144Val","Unknown significance","EAST syndrome","missense_variant","2/2","null","144","MODERATE","21.5","null","0.00104941","gnomad_AF_nfe_pass","37.41385549810356","0.1907325633961292","96.78","-0.2","0.2"
"1:160011896:C>T","NM_002241.5:c.427G>A","NP_002232.2:p.Ala143Thr","Unknown significance","null","missense_variant","2/2","null","143","MODERATE","24.1","null","0","null","0.36065887121359463","0.0028362891634681935","96.3","-0.6","0.6"
"1:160011905:A>G","NM_002241.5:c.418T>C","NP_002232.2:p.Cys140Arg","Pathogenic","SeSAME syndrome","missense_variant","2/2","null","140","MODERATE","26.7","null","0","null","25.265717392572867","0.1635025093028304","95.42","-1.1","1.1"
"1:160011922:C>T","NM_002241.5:c.401G>A","NP_002232.2:p.Arg134His","Unknown significance","EAST syndrome","missense_variant","2/2","null","134","MODERATE","29.0","null","0.0108289","gnomad_AF_nfe_pass","40.160513575416445","0.1490597647610759","93.96","-0.6","0.6"
"1:160011929:C>T","NM_002241.5:c.394G>A","NP_002232.2:p.Gly132Ser","Unknown significance","null","missense_variant","2/2","null","132","MODERATE","27.4","null","0","null","76.0473985547356","0.7975924381448327","88.66","-0.3","0.3"
"1:160011938:T>A","NM_002241.5:c.385A>T","NP_002232.2:p.Ile129Phe","Unknown significance","null","missense_variant","2/2","null","129","MODERATE","26.0","null","0.00624766","gnomad_AF_afr_pass","137.95486455966463","0.7032818350347343","92.72","-0.4","0.4"
"1:160011938:T>C","NM_002241.5:c.385A>G","NP_002232.2:p.Ile129Val","Pathogenic","SeSAME syndrome","missense_variant","2/2","null","129","MODERATE","24.6","null","0","null","137.95486455966463","0.7032818350347343","92.72","-0.1","0.1"
"1:160011947:G>C","NM_002241.5:c.376C>G","NP_002232.2:p.Gln126Glu","Unknown significance","null","missense_variant","2/2","null","126","MODERATE","25.0","null","0.0642674","gnomad_AF_eas_pass","10.273413262445931","0.05195107431413197","94.17","-0.7","0.7"
"1:160011956:G>C","NM_002241.5:c.367C>G","NP_002232.2:p.Leu123Val","Unknown significance","null","missense_variant","2/2","null","123","MODERATE","23.3","null","0.000917162","gnomad_AF_nfe_pass","32.41777764741154","0.16809733413373376","95.5","0.1","0.1"
"1:160011988:A>C","NM_002241.5:c.335T>G","NP_002232.2:p.Val112Gly","Unknown significance","EAST syndrome","missense_variant","2/2","null","112","MODERATE","26.3","null","0.00290461","gnomad_AF_amr_pass","0.054727242505596504","3.18381352731062E-4","94.21","-2.7","2.7"
"1:160011992:G>C","NM_002241.5:c.331C>G","NP_002232.2:p.Gln111Glu","Unknown significance","null","missense_variant","2/2","null","111","MODERATE","19.63","null","0.0174054","gnomad_AF_amr_pass","78.74962071928093","0.39822474709082617","92.05","-0.3","0.3"
"1:160012003:G>C","NM_002241.5:c.320C>G","NP_002232.2:p.Pro107Arg","Unknown significance","null","missense_variant","2/2","null","107","MODERATE","25.5","null","0.00289469","gnomad_AF_amr_pass","15.036302768604052","0.09558990625374676","93.63","-0.3","0.3"
"1:160012006:G>T","NM_002241.5:c.317C>A","NP_002232.2:p.Thr106Asn","Unknown significance","null","missense_variant","2/2","null","106","MODERATE","23.4","null","0.0064834","gnomad_AF_nfe_pass","82.77242667895986","0.5260816990965722","90.99","-0.2","0.2"
"1:160012018:G>A","NM_002241.5:c.305C>T","NP_002232.2:p.Pro102Leu","Unknown significance","EAST syndrome","missense_variant","2/2","null","102","MODERATE","22.9","null","0.036133","gnomad_AF_afr_pass","103.22723376294098","0.6562438752454846","80.47","0.1","0.1"
"1:160012019:G>T","NM_002241.5:c.304C>A","NP_002232.2:p.Pro102Thr","Unknown significance","EAST syndrome","missense_variant","2/2","null","102","MODERATE","20.8","null","0.000888036","gnomad_AF_nfe_pass","103.22723376294098","0.6562438752454846","80.47","0.1","0.1"
"1:160012021:G>A","NM_002241.5:c.302C>T","NP_002232.2:p.Pro101Leu","Unknown significance","EAST syndrome","missense_variant","2/2","null","101","MODERATE","22.6","null","0","null","33.80390985646636","0.21490073882635152","78.1","0.5","0.5"
"1:160012022:G>A","NM_002241.5:c.301C>T","NP_002232.2:p.Pro101Ser","Unknown significance","EAST syndrome","missense_variant","2/2","null","101","MODERATE","21.0","null","0","null","33.80390985646636","0.21490073882635152","78.1","-0.0","0.0"
"1:160012022:G>T","NM_002241.5:c.301C>A","NP_002232.2:p.Pro101Thr","Unknown significance","EAST syndrome; Enlarged vestibular aqueduct","missense_variant","2/2","null","101","MODERATE","19.97","null","0.143791","gnomad_AF_sas_pass","33.80390985646636","0.21490073882635152","78.1","0.2","0.2"
"1:160012023:G>T","NM_002241.5:c.300C>A","NP_002232.2:p.Asp100Glu","Unknown significance","EAST syndrome","missense_variant","2/2","null","100","MODERATE","0.004","null","0.0319808","gnomad_AF_nfe_pass","139.2688725766033","0.87054014166162","78.61","0.0","0.0"
"1:160012027:A>G","NM_002241.5:c.296T>C","NP_002232.2:p.Leu99Pro","Unknown significance","Enlarged vestibular aqueduct; EAST syndrome","missense_variant","2/2","null","99","MODERATE","19.15","null","0.0163399","gnomad_AF_sas_pass","93.12397843186406","0.4828798780897797","78.9","-0.8","0.8"
"1:160012031:C>G","NM_002241.5:c.292G>C","NP_002232.2:p.Glu98Gln","Unknown significance","null","missense_variant","2/2","null","98","MODERATE","21.5","null","0.00543951","gnomad_AF_eas_pass","163.85286040520987","0.8391057547475215","79.91","0.1","0.1"
"1:160012031:C>T","NM_002241.5:c.292G>A","NP_002232.2:p.Glu98Lys","Unknown significance","EAST syndrome","missense_variant","2/2","null","98","MODERATE","22.4","null","0.000886525","gnomad_AF_nfe_pass","163.85286040520987","0.8391057547475215","79.91","0.0","0.0"
"1:160012033:A>T","NM_002241.5:c.290T>A","NP_002232.2:p.Leu97Gln","Unknown significance","EAST syndrome","missense_variant","2/2","null","97","MODERATE","21.4","null","0.00616447","gnomad_AF_afr_pass","116.81319115997566","0.6057165990591591","78.64","-0.4","0.4"
"1:160012039:T>G","NM_002241.5:c.284A>C","NP_002232.2:p.Asp95Ala","Unknown significance","null","missense_variant","2/2","null","95","MODERATE","26.9","null","0.00289352","gnomad_AF_amr_pass","0.20533269800102882","0.0012834910823828103","89.86","-0.2","0.2"
"1:160012045:T>C","NM_002241.5:c.278A>G","NP_002232.2:p.His93Arg","Unknown significance","null","missense_variant","2/2","null","93","MODERATE","24.4","null","0","null","66.21252071428816","0.3223552719087504","91.69","-0.2","0.2"
"1:160012048:G>A","NM_002241.5:c.275C>T","NP_002232.2:p.Ala92Val","Likely benign","null","missense_variant","2/2","null","92","MODERATE","13.80","null","0.00326819","gnomad_AF_sas_pass","105.2043064725186","0.8273464434525846","92.66","0.2","0.2"
"1:160012049:C>A","NM_002241.5:c.274G>T","NP_002232.2:p.Ala92Ser","Unknown significance","null","missense_variant","2/2","null","92","MODERATE","16.08","null","0.00177258","gnomad_AF_nfe_pass","105.2043064725186","0.8273464434525846","92.66","-0.1","0.1"
"1:160012054:G>A","NM_002241.5:c.269C>T","NP_002232.2:p.Ala90Val","Unknown significance","null","missense_variant","2/2","null","90","MODERATE","24.3","null","0.00326755","gnomad_AF_sas_pass","0.3667919628078586","0.00288452094872509","94.34","0.7","0.7"
"1:160012072:A>G","NM_002241.5:c.251T>C","NP_002232.2:p.Val84Ala","Unknown significance","null","missense_variant","2/2","null","84","MODERATE","25.6","null","0.000885253","gnomad_AF_nfe_pass","46.048350127428364","0.26789100516264747","98.1","-1.4","1.4"
"1:160012073:C>T","NM_002241.5:c.250G>A","NP_002232.2:p.Val84Met","Pathogenic","Autism, seizures & intellectual disability","missense_variant","2/2","null","84","MODERATE","24.9","null","0.0123335","gnomad_AF_afr_pass","46.048350127428364","0.26789100516264747","98.1","-0.4","0.4"
"1:160012075:C>A","NM_002241.5:c.248G>T","NP_002232.2:p.Gly83Val","Benign","Non-functional channel","missense_variant","2/2","null","83","MODERATE","26.4","null","0","null","0.0","0.0","97.74","2.9","2.9"
"1:160012075:C>G","NM_002241.5:c.248G>C","NP_002232.2:p.Gly83Ala","Unknown significance","null","missense_variant","2/2","null","83","MODERATE","25.4","null","0.000885583","gnomad_AF_nfe_pass","0.0","0.0","97.74","2.1","2.1"
"1:160012076:C>T","NM_002241.5:c.247G>A","NP_002232.2:p.Gly83Ser","Unknown significance","null","missense_variant","2/2","null","83","MODERATE","27.3","null","0","null","0.0","0.0","97.74","0.4","0.4"
"1:160012078:A>G","NM_002241.5:c.245T>C","NP_002232.2:p.Phe82Ser","Unknown significance","null","missense_variant","2/2","null","82","MODERATE","27.5","null","0","null","15.466237190882003","0.06731756957652041","97.72","-4.9","4.9"
"1:160012082:G>A","NM_002241.5:c.241C>T","NP_002232.2:p.Leu81Phe","Unknown significance","EAST syndrome","missense_variant","2/2","null","81","MODERATE","18.00","null","0.0114811","gnomad_AF_afr_pass","117.47111100458838","0.609128139885799","97.53","-0.1","0.1"
"1:160012083:G>C","NM_002241.5:c.240C>G","NP_002232.2:p.Phe80Leu","Unknown significance","null","missense_variant","2/2","null","80","MODERATE","22.6","null","0.00326926","gnomad_AF_sas_pass","131.9442568716953","0.5742939657888501","97.18","0.2","0.2"
"1:160012085:A>C","NM_002241.5:c.238T>G","NP_002232.2:p.Phe80Val","Unknown significance","null","missense_variant","2/2","null","80","MODERATE","26.4","null","0.0123305","gnomad_AF_afr_pass","131.9442568716953","0.5742939657888501","97.18","-0.1","0.1"
"1:160012085:A>G","NM_002241.5:c.238T>C","NP_002232.2:p.Phe80Leu","Unknown significance","null","missense_variant","2/2","null","80","MODERATE","24.1","null","0.000884611","gnomad_AF_nfe_pass","131.9442568716953","0.5742939657888501","97.18","0.2","0.2"
"1:160012093:C>A","NM_002241.5:c.230G>T","NP_002232.2:p.Gly77Val","Unknown significance","null","missense_variant","2/2","null","77","MODERATE","20.6","null","0.000884658","gnomad_AF_nfe_pass","34.4083890624203","0.3608784974436555","95.47","2.3","2.3"
"1:160012094:C>G","NM_002241.5:c.229G>C","NP_002232.2:p.Gly77Arg","Pathogenic","Epilepsy, ataxia, sensorineural deafness and tubulopathy","missense_variant","2/2","null","77","MODERATE","25.2","null","0","null","34.4083890624203","0.3608784974436555","95.47","0.7","0.7"
"1:160012098:A>C","NM_002241.5:c.225T>G","NP_002232.2:p.Phe75Leu","Pathogenic","Epilepsy, ataxia, sensorineural deafness and tubulopathy","missense_variant","2/2","null","75","MODERATE","23.6","null","0","null","18.755729922956057","0.08163525093171144","91.85","-0.8","0.8"
"1:160012099:A>C","NM_002241.5:c.224T>G","NP_002232.2:p.Phe75Cys","Pathogenic","Epilepsy, ataxia, sensorineural deafness and tubulopathy","missense_variant","2/2","null","75","MODERATE","27.7","null","0","null","18.755729922956057","0.08163525093171144","91.85","-2.6","2.6"
"1:160012102:G>A","NM_002241.5:c.221C>T","NP_002232.2:p.Thr74Ile","Unknown significance","EAST syndrome","missense_variant","2/2","null","74","MODERATE","24.6","null","0","null","24.98802732182964","0.15881791072196821","91.47","1.9","1.9"
"1:160012105:G>A","NM_002241.5:c.218C>T","NP_002232.2:p.Ala73Val","Unknown significance","null","missense_variant","2/2","null","73","MODERATE","23.7","null","0.00326904","gnomad_AF_sas_pass","63.98449639506361","0.5031861080932923","93.15","0.8","0.8"
"1:160012106:C>T","NM_002241.5:c.217G>A","NP_002232.2:p.Ala73Thr","Unknown significance","EAST syndrome","missense_variant","2/2","null","73","MODERATE","22.3","null","0.000884251","gnomad_AF_nfe_pass","63.98449639506361","0.5031861080932923","93.15","-0.2","0.2"
"1:160012108:G>A","NM_002241.5:c.215C>T","NP_002232.2:p.Ser72Phe","Unknown significance","null","missense_variant","2/2","null","72","MODERATE","23.6","null","0.00289335","gnomad_AF_amr_pass","69.23128940388122","0.5020135961275497","93.13","1.5","1.5"
"1:160012120:A>G","NM_002241.5:c.203T>C","NP_002232.2:p.Leu68Pro","Pathogenic","SeSAME syndrome","missense_variant","2/2","null","68","MODERATE","26.0","null","0","null","118.26246082486914","0.6132315610580713","94.31","-1.6","1.6"
"1:160012126:T>C","NM_002241.5:c.197A>G","NP_002232.2:p.Tyr66Cys","Unknown significance","null","missense_variant","2/2","null","66","MODERATE","25.5","null","0.00176669","gnomad_AF_nfe_pass","100.04784362578398","0.41701940874661725","92.36","-1.1","1.1"
"1:160012129:C>G","NM_002241.5:c.194G>C","NP_002232.2:p.Arg65Pro","Pathogenic","Epilepsy, ataxia, sensorineural deafness and tubulopathy","missense_variant","2/2","null","65","MODERATE","28.5","null","0","null","163.5975877792521","0.6072088172891827","94.19","-0.3","0.3"
"1:160012129:C>T","NM_002241.5:c.194G>A","NP_002232.2:p.Arg65His","Unknown significance","null","missense_variant","2/2","null","65","MODERATE","28.6","null","0.00176769","gnomad_AF_nfe_pass","163.5975877792521","0.6072088172891827","94.19","-0.1","0.1"
"1:160012130:G>A","NM_002241.5:c.193C>T","NP_002232.2:p.Arg65Cys","Pathogenic","Epilepsy, ataxia, sensorineural deafness and tubulopathy","missense_variant","2/2","null","65","MODERATE","29.1","null","0.00326755","gnomad_AF_sas_pass","163.5975877792521","0.6072088172891827","94.19","-0.3","0.3"
"1:160012143:A>C","NM_002241.5:c.180T>G","NP_002232.2:p.Ile60Met","Pathogenic","Cerebellar ataxia","missense_variant","2/2","null","60","MODERATE","22.5","null","0","null","5.804006111339027","0.029588315581071428","91.48","-1.0","1.0"
"1:160012144:A>G","NM_002241.5:c.179T>C","NP_002232.2:p.Ile60Thr","Pathogenic","Infantile focal seizures, ataxia, and early developmental delay","missense_variant","2/2","null","60","MODERATE","24.9","null","0.00176519","gnomad_AF_nfe_pass","5.804006111339027","0.029588315581071428","91.48","-2.5","2.5"
"1:160012150:G>A","NM_002241.5:c.173C>T","NP_002232.2:p.Thr58Ile","Unknown significance","null","missense_variant","2/2","null","58","MODERATE","25.8","null","0.00615991","gnomad_AF_afr_pass","25.339292686333224","0.1610504691620942","90.29","0.9","0.9"
"1:160012153:G>A","NM_002241.5:c.170C>T","NP_002232.2:p.Thr57Ile","Pathogenic","SeSAME syndrome","missense_variant","2/2","null","57","MODERATE","25.8","null","0","null","15.926177880619282","0.10122296827235806","88.99","1.0","1.0"
"1:160012169:G>A","NM_002241.5:c.154C>T","NP_002232.2:p.Leu52Phe","Unknown significance","null","missense_variant","2/2","null","52","MODERATE","24.4","null","0.00543656","gnomad_AF_eas_pass","122.88466195934429","0.6371992647355389","82.04","-0.0","0.0"
"1:160012174:A>G","NM_002241.5:c.149T>C","NP_002232.2:p.Leu50Pro","Unknown significance","null","missense_variant","2/2","null","50","MODERATE","24.0","null","0","null","89.9104024097236","0.4662163804178154","81.01","-0.9","0.9"
"1:160012175:G>A","NM_002241.5:c.148C>T","NP_002232.2:p.Leu50Phe","Unknown significance","EAST syndrome; Enlarged vestibular aqueduct","missense_variant","2/2","null","50","MODERATE","23.4","null","0.0225075","gnomad_AF_nfe_pass","89.9104024097236","0.4662163804178154","81.01","0.0","0.0"
"1:160012180:C>G","NM_002241.5:c.143G>C","NP_002232.2:p.Arg48Pro","Unknown significance","EAST syndrome","missense_variant","2/2","null","48","MODERATE","22.6","null","0","null","236.37729538874675","0.877337984718254","76.78","-0.1","0.1"
"1:160012180:C>T","NM_002241.5:c.143G>A","NP_002232.2:p.Arg48His","Unknown significance","null","missense_variant","2/2","null","48","MODERATE","22.1","null","0.00400994","gnomad_AF_afr_pass","236.37729538874675","0.877337984718254","76.78","-0.0","0.0"
"1:160012181:G>A","NM_002241.5:c.142C>T","NP_002232.2:p.Arg48Cys","Unknown significance","EAST syndrome","missense_variant","2/2","null","48","MODERATE","24.4","null","0.00653296","gnomad_AF_sas_pass","236.37729538874675","0.877337984718254","76.78","-0.1","0.1"
"1:160012187:C>T","NM_002241.5:c.136G>A","NP_002232.2:p.Asp46Asn","Unknown significance","History of neurodevelopmental disorder; EAST syndrome; Enlarged vestibular aqueduct","missense_variant","2/2","null","46","MODERATE","23.3","null","0.384862","gnomad_AF_afr_pass","111.47005090025195","0.6967756118536682","74.92","0.1","0.1"
"1:160012190:C>T","NM_002241.5:c.133G>A","NP_002232.2:p.Ala45Thr","Unknown significance","EAST syndrome","missense_variant","2/2","null","45","MODERATE","20.9","null","0.0282199","gnomad_AF_amr_pass","97.46022798249683","0.7664455543980969","75.93","0.1","0.1"
"1:160012193:T>C","NM_002241.5:c.130A>G","NP_002232.2:p.Ile44Val","Unknown significance","null","missense_variant","2/2","null","44","MODERATE","15.06","null","0.00232656","gnomad_AF_nfe_pass","73.3899312462508","0.374135451364338","75.52","-0.0","0.0"
"1:160012199:C>T","NM_002241.5:c.124G>A","NP_002232.2:p.Glu42Lys","Unknown significance","null","missense_variant","2/2","null","42","MODERATE","23.8","null","0","null","89.69347896536036","0.4593286572906639","80.71","-0.2","0.2"
"1:160012208:C>T","NM_002241.5:c.115G>A","NP_002232.2:p.Val39Met","Unknown significance","null","missense_variant","2/2","null","39","MODERATE","24.8","null","0.000880282","gnomad_AF_nfe_pass","61.242186164325844","0.35628270642745524","85.93","-0.6","0.6"
"1:160012211:T>C","NM_002241.5:c.112A>G","NP_002232.2:p.Asn38Asp","Unknown significance","null","missense_variant","2/2","null","38","MODERATE","25.5","null","0","null","77.78212258418921","0.48666419806673084","86.77","-0.3","0.3"
"1:160012216:C>A","NM_002241.5:c.107G>T","NP_002232.2:p.Arg36Leu","Unknown significance","null","missense_variant","2/2","null","36","MODERATE","26.7","null","0.00326627","gnomad_AF_sas_pass","41.68981965967997","0.15473593732146726","87.65","-0.3","0.3"
"1:160012216:C>T","NM_002241.5:c.107G>A","NP_002232.2:p.Arg36His","Unknown significance","null","missense_variant","2/2","null","36","MODERATE","21.0","null","0.00326627","gnomad_AF_sas_pass","41.68981965967997","0.15473593732146726","87.65","-0.2","0.2"
"1:160012217:G>A","NM_002241.5:c.106C>T","NP_002232.2:p.Arg36Cys","Unknown significance","EAST syndrome","missense_variant","2/2","null","36","MODERATE","31","null","0.00543656","gnomad_AF_eas_pass","41.68981965967997","0.15473593732146726","87.65","-0.8","0.8"
"1:160012235:C>A","NM_002241.5:c.88G>T","NP_002232.2:p.Val30Phe","Unknown significance","null","missense_variant","2/2","null","30","MODERATE","22.6","null","0.0061546","gnomad_AF_afr_pass","26.459662977527067","0.15393180627968944","90.2","0.5","0.5"
"1:160012235:C>T","NM_002241.5:c.88G>A","NP_002232.2:p.Val30Ile","Unknown significance","null","missense_variant","2/2","null","30","MODERATE","18.89","null","0.00326648","gnomad_AF_sas_pass","26.459662977527067","0.15393180627968944","90.2","0.2","0.2"
"1:160012240:C>T","NM_002241.5:c.83G>A","NP_002232.2:p.Arg28Gln","Unknown significance","null","missense_variant","2/2","null","28","MODERATE","24.5","null","0.00289084","gnomad_AF_amr_pass","216.38068680953728","0.8031185710337424","78.0","-0.1","0.1"
"1:160012241:G>A","NM_002241.5:c.82C>T","NP_002232.2:p.Arg28Trp","Unknown significance","null","missense_variant","2/2","null","28","MODERATE","25.2","null","0.00543656","gnomad_AF_eas_pass","216.38068680953728","0.8031185710337424","78.0","0.1","0.1"
"1:160012243:C>T","NM_002241.5:c.80G>A","NP_002232.2:p.Arg27Gln","Unknown significance","null","missense_variant","2/2","null","27","MODERATE","22.0","null","0.00527723","gnomad_AF_nfe_pass","71.2264965587939","0.2643642691937191","67.35","-0.3","0.3"
"1:160012244:G>A","NM_002241.5:c.79C>T","NP_002232.2:p.Arg27Trp","Unknown significance","null","missense_variant","2/2","null","27","MODERATE","23.1","null","0.00564334","gnomad_AF_amr_pass","71.2264965587939","0.2643642691937191","67.35","0.1","0.1"
"1:160012246:C>T","NM_002241.5:c.77G>A","NP_002232.2:p.Arg26Gln","Unknown significance","null","missense_variant","2/2","null","26","MODERATE","22.4","null","0.00648424","gnomad_AF_nfe_pass","136.31800715962757","0.5059579241125789","54.13","-0.1","0.1"
"1:160012252:C>T","NM_002241.5:c.71G>A","NP_002232.2:p.Gly24Glu","Unknown significance","null","missense_variant","2/2","null","24","MODERATE","18.76","null","0.00326627","gnomad_AF_sas_pass","23.11890873868882","0.24247334081871025","43.42","0.6","0.6"
"1:160012258:C>T","NM_002241.5:c.65G>A","NP_002232.2:p.Gly22Asp","Unknown significance","null","missense_variant","2/2","null","22","MODERATE","20.3","null","0.00289084","gnomad_AF_amr_pass","41.460665986588786","0.4348434568415969","33.7","-0.3","0.3"
"1:160012259:C>G","NM_002241.5:c.64G>C","NP_002232.2:p.Gly22Arg","Unknown significance","null","missense_variant","2/2","null","22","MODERATE","22.3","null","0.00648929","gnomad_AF_nfe_pass","41.460665986588786","0.4348434568415969","33.7","-0.0","0.0"
"1:160012260:C>A","NM_002241.5:c.63G>T","NP_002232.2:p.Met21Ile","Likely benign","null","missense_variant","2/2","null","21","MODERATE","19.74","null","0.00543656","gnomad_AF_eas_pass","228.32475088725903","1.0544561849008962","36.12","0.0","0.0"
"1:160012260:C>T","NM_002241.5:c.63G>A","NP_002232.2:p.Met21Ile","Likely benign","null","missense_variant","2/2","null","21","MODERATE","20.2","null","0.0130651","gnomad_AF_sas_pass","228.32475088725903","1.0544561849008962","36.12","0.0","0.0"
"1:160012261:A>G","NM_002241.5:c.62T>C","NP_002232.2:p.Met21Thr","Unknown significance","EAST syndrome","missense_variant","2/2","null","21","MODERATE","21.5","null","0","null","228.32475088725903","1.0544561849008962","36.12","-0.1","0.1"
"1:160012264:A>C","NM_002241.5:c.59T>G","NP_002232.2:p.Leu20Arg","Unknown significance","null","missense_variant","2/2","null","20","MODERATE","26.1","null","0","gnomad_AF_afr_pass,gnomad_AF_amr_pass,gnomad_AF_eas_pass,gnomad_AF_nfe_pass,gnomad_AF_sas_pass","194.4724440250895","1.0084065526835868","40.45","-0.1","0.1"
"1:160012270:C>T","NM_002241.5:c.53G>A","NP_002232.2:p.Arg18Gln","Benign","null","missense_variant","2/2","null","18","MODERATE","22.4","null","1.77816","gnomad_AF_nfe_pass","222.40573485544692","0.825481139747187","31.07","-0.1","0.1"
"1:160012271:G>A","NM_002241.5:c.52C>T","NP_002232.2:p.Arg18Trp","Unknown significance","EAST syndrome; History of neurodevelopmental disorder; Enlarged vestibular aqueduct","missense_variant","2/2","null","18","MODERATE","26.6","null","0.0704662","gnomad_AF_nfe_pass","222.40573485544692","0.825481139747187","31.07","-0.0","0.0"
"1:160012280:T>G","NM_002241.5:c.43A>C","NP_002232.2:p.Thr15Pro","Unknown significance","null","missense_variant","2/2","null","15","MODERATE","22.0","null","0.000879322","gnomad_AF_nfe_pass","62.766122114076886","0.3989264238385556","33.54","-0.7","0.7"
"1:160012300:T>C","NM_002241.5:c.23A>G","NP_002232.2:p.Tyr8Cys","Unknown significance","null","missense_variant","2/2","null","8","MODERATE","20.9","null","0.000879368","gnomad_AF_nfe_pass","127.0810942741055","0.5296994005716165","31.15","-0.5","0.5"
"1:160012303:A>G","NM_002241.5:c.20T>C","NP_002232.2:p.Val7Ala","Unknown significance","null","missense_variant","2/2","null","7","MODERATE","26.1","null","0.0114758","gnomad_AF_afr_pass","104.64380948958069","0.6087761066495763","28.92","-1.0","1.0"
"1:160012305:C>A","NM_002241.5:c.18G>T","NP_002232.2:p.Lys6Asn","Likely benign","null","missense_variant","2/2","null","6","MODERATE","21.3","null","0.00578168","gnomad_AF_amr_pass","199.20246014455702","0.8415296341911508","32.52","-0.0","0.0"
"1:160012312:A>G","NM_002241.5:c.11T>C","NP_002232.2:p.Val4Ala","Unknown significance","null","missense_variant","2/2","null","4","MODERATE","13.72","null","0","gnomad_AF_afr_pass,gnomad_AF_amr_pass,gnomad_AF_eas_pass,gnomad_AF_nfe_pass,gnomad_AF_sas_pass","156.7869812889728","0.9121243627120105","39.59","-0.0","0.0"
"1:160012313:C>T","NM_002241.5:c.10G>A","NP_002232.2:p.Val4Ile","Unknown significance","null","missense_variant","2/2","null","4","MODERATE","17.97","null","0.00703829","gnomad_AF_nfe_pass","156.7869812889728","0.9121243627120105","39.59","-0.0","0.0"
"1:160012316:A>G","NM_002241.5:c.7T>C","NP_002232.2:p.Ser3Pro","Unknown significance","null","missense_variant","2/2","null","3","MODERATE","22.9","null","0.000879755","gnomad_AF_nfe_pass","123.02652449503616","0.8920964568567571","40.23","-0.1","0.1"
"1:160012318:G>A","NM_002241.5:c.5C>T","NP_002232.2:p.Thr2Met","Unknown significance","null","missense_variant","2/2","null","2","MODERATE","23.4","null","0.00648424","gnomad_AF_nfe_pass","149.98339395052923","0.9532584930945569","37.53","-0.0","0.0"