{"applied_filters": "CONTAINS missense_variant[Consequence]"},
"Genomic Description (GRCh37)","HGVS Nucleotide Change","HGVS Protein Change","Variant Classification","Phenotype","Consequence","Exon","Intron","Protein Position","Impact","CADD Phred","Interpro Domain","Max MAF (%)","Max MAF Source","Surface Area","Normalized SA","Confidence Score","ddG","|ddG|"
"X:109441759:G>T","NM_015365.3:c.991C>A","NP_056180.1:p.His331Asn","Unknown significance","null","missense_variant","6/6","null","331","MODERATE","24.1","null","0.00926097","gnomad_AF_nfe_pass","194.9319025473794","0.9490248335431625","30.61","-0.2","0.2"
"X:109441764:T>C","NM_015365.3:c.986A>G","NP_056180.1:p.Tyr329Cys","Unknown significance","null","missense_variant","6/6","null","329","MODERATE","27.2","null","0.008036","gnomad_AF_eas_pass","161.05722350121235","0.6713186979827928","38.75","-1.0","1.0"
"X:109441765:A>T","NM_015365.3:c.985T>A","NP_056180.1:p.Tyr329Asn","Unknown significance","null","missense_variant","6/6","null","329","MODERATE","23.0","null","0","null","161.05722350121235","0.6713186979827928","38.75","-1.0","1.0"
"X:109441770:G>A","NM_015365.3:c.980C>T","NP_056180.1:p.Pro327Leu","Unknown significance","null","missense_variant","6/6","null","327","MODERATE","25.0","null","0.0079321","gnomad_AF_eas_pass","25.458664882656592","0.16184772459889948","49.67","-0.1","0.1"
"X:109441776:G>A","NM_015365.3:c.974C>T","NP_056180.1:p.Pro325Leu","Unknown significance","null","missense_variant","6/6","null","325","MODERATE","23.1","null","0.00270022","gnomad_AF_nfe_pass","95.57837804833287","0.6076179987943611","50.21","-0.2","0.2"
"X:109441785:A>G","NM_015365.3:c.965T>C","NP_056180.1:p.Ile322Thr","Unknown significance","null","missense_variant","6/6","null","322","MODERATE","22.4","null","0.00794281","gnomad_AF_afr_pass","41.215986444605775","0.21011549445574368","50.93","-1.0","1.0"
"X:109441805:A>C","NM_015365.3:c.945T>G","NP_056180.1:p.His315Gln","Unknown significance","null","missense_variant","6/6","null","315","MODERATE","21.1","null","0.00780701","gnomad_AF_eas_pass","128.78274786115895","0.6269780587734304","64.02","-0.1","0.1"
"X:109441806:T>A","NM_015365.3:c.944A>T","NP_056180.1:p.His315Leu","Unknown significance","null","missense_variant","6/6","null","315","MODERATE","22.9","null","0.00129788","gnomad_AF_nfe_pass","128.78274786115895","0.6269780587734304","64.02","-0.0","0.0"
"X:109441812:C>T","NM_015365.3:c.938G>A","NP_056180.1:p.Arg313His","Unknown significance","null","missense_variant","6/6","null","313","MODERATE","25.0","AMMECR1_domain&AMMECR1_domain","0.00129961","gnomad_AF_nfe_pass","4.282107815287642","0.01589347164173365","77.05","-0.5","0.5"
"X:109441818:G>A","NM_015365.3:c.932C>T","NP_056180.1:p.Ala311Val","Unknown significance","null","missense_variant","6/6","null","311","MODERATE","24.3","AMMECR1_domain&AMMECR1_domain","0.00922339","gnomad_AF_nfe_pass","57.59171607361128","0.45291208186691484","90.99","0.2","0.2"
"X:109441819:C>T","NM_015365.3:c.931G>A","NP_056180.1:p.Ala311Thr","Unknown significance","null","missense_variant","6/6","null","311","MODERATE","22.7","AMMECR1_domain&AMMECR1_domain","0.0248945","gnomad_AF_nfe_pass","57.59171607361128","0.45291208186691484","90.99","-0.2","0.2"
"X:109441828:C>G","NM_015365.3:c.922G>C","NP_056180.1:p.Glu308Gln","Unknown significance","null","missense_variant","6/6","null","308","MODERATE","25.9","AMMECR1_domain&AMMECR1_domain","0.00333812","gnomad_AF_nfe_pass","88.452295455297","0.45297244096696787","95.74","0.1","0.1"
"X:109441831:C>G","NM_015365.3:c.919G>C","NP_056180.1:p.Ala307Pro","Unknown significance","null","missense_variant","6/6","null","307","MODERATE","22.1","AMMECR1_domain&AMMECR1_domain","0.00502607","gnomad_AF_nfe_pass","68.69029609468141","0.5401934015741542","94.46","-0.1","0.1"
"X:109441844:C>A","NM_015365.3:c.906G>T","NP_056180.1:p.Met302Ile","Unknown significance","null","missense_variant","6/6","null","302","MODERATE","22.7","AMMECR1_domain&AMMECR1_domain","0.00534674","gnomad_AF_sas_pass","71.20382308452852","0.328835622718553","97.38","0.5","0.5"
"X:109441847:C>G","NM_015365.3:c.903G>C","NP_056180.1:p.Lys301Asn","Unknown significance","null","missense_variant","6/6","null","301","MODERATE","30","AMMECR1_domain&AMMECR1_domain&AMMECR1_domain&AMMECR1_domain","0","gnomad_AF_afr_pass,gnomad_AF_amr_pass,gnomad_AF_eas_pass,gnomad_AF_nfe_pass,gnomad_AF_sas_pass","116.44461805518137","0.4919196116573792","95.86","-0.1","0.1"
"X:109441857:C>T","NM_015365.3:c.893G>A","NP_056180.1:p.Arg298His","Unknown significance","null","missense_variant","6/6","null","298","MODERATE","31","AMMECR1_domain&AMMECR1_domain&AMMECR1_domain&AMMECR1_domain","0.00693577","gnomad_AF_eas_pass","119.87063056201214","0.4449118400784815","96.45","-0.1","0.1"
"X:109444207:A>C","NM_015365.3:c.862T>G","NP_056180.1:p.Phe288Val","Unknown significance","null","missense_variant","5/6","null","288","MODERATE","23.0","AMMECR1_domain&AMMECR1_domain&AMMECR1_domain&AMMECR1_domain","0.00762311","gnomad_AF_afr_pass","30.784947197610474","0.1339930197182284","94.36","-0.7","0.7"
"X:109444208:T>A","NM_015365.3:c.861A>T","NP_056180.1:p.Glu287Asp","Unknown significance","null","missense_variant","5/6","null","287","MODERATE","19.40","AMMECR1_domain&AMMECR1_domain&AMMECR1_domain&AMMECR1_domain","0.00916842","gnomad_AF_nfe_pass","120.67299628915194","0.6179776500602007","94.09","-0.0","0.0"
"X:109444225:C>A","NM_015365.3:c.844G>T","NP_056180.1:p.Ala282Ser","Unknown significance","null","missense_variant","5/6","null","282","MODERATE","23.3","AMMECR1_domain&AMMECR1_domain&AMMECR1_domain&AMMECR1_domain","0.00245221","gnomad_AF_nfe_pass","26.31069172903483","0.20691222590284872","92.35","-0.6","0.6"
"X:109444254:T>A","NM_015365.3:c.815A>T","NP_056180.1:p.Asp272Val","Unknown significance","null","missense_variant","5/6","null","272","MODERATE","29.4","AMMECR1_domain&AMMECR1_domain&AMMECR1_domain&AMMECR1_domain","0.00122852","gnomad_AF_nfe_pass","18.162632738991704","0.11353075949439445","97.23","1.5","1.5"
"X:109444264:G>C","NM_015365.3:c.805C>G","NP_056180.1:p.Gln269Glu","Unknown significance","null","missense_variant","5/6","null","269","MODERATE","22.9","AMMECR1_domain&AMMECR1_domain&AMMECR1_domain&AMMECR1_domain","0","null","56.785793315466535","0.28715704247026214","97.53","-0.4","0.4"
"X:109444266:A>C","NM_015365.3:c.803T>G","NP_056180.1:p.Ile268Arg","Unknown significance","null","missense_variant","5/6","null","268","MODERATE","24.6","AMMECR1_domain&AMMECR1_domain&AMMECR1_domain&AMMECR1_domain","0","null","63.535672923841936","0.32389930421569807","97.26","-0.2","0.2"
"X:109444269:T>C","NM_015365.3:c.800A>G","NP_056180.1:p.His267Arg","Unknown significance","null","missense_variant","5/6","null","267","MODERATE","22.5","AMMECR1_domain&AMMECR1_domain&AMMECR1_domain&AMMECR1_domain","0.00372634","gnomad_AF_amr_pass","58.549592750820295","0.2850483516973922","97.16","0.4","0.4"
"X:109445712:C>T","NM_015365.3:c.752G>A","NP_056180.1:p.Arg251His","Unknown significance","null","missense_variant","4/6","null","251","MODERATE","32","AMMECR1_domain&AMMECR1_domain&AMMECR1_domain&AMMECR1_domain","0.00123081","gnomad_AF_nfe_pass","95.27427577504481","0.3536200080743811","95.89","-0.1","0.1"
"X:109445713:G>A","NM_015365.3:c.751C>T","NP_056180.1:p.Arg251Cys","Unknown significance","null","missense_variant","4/6","null","251","MODERATE","26.9","AMMECR1_domain&AMMECR1_domain&AMMECR1_domain&AMMECR1_domain","0","gnomad_AF_afr_pass,gnomad_AF_amr_pass,gnomad_AF_eas_pass,gnomad_AF_nfe_pass,gnomad_AF_sas_pass","95.27427577504481","0.3536200080743811","95.89","-0.8","0.8"
"X:109445743:T>C","NM_015365.3:c.721A>G","NP_056180.1:p.Ile241Val","Unknown significance","null","missense_variant","4/6","null","241","MODERATE","25.1","AMMECR1_domain&AMMECR1_domain&AMMECR1_domain&AMMECR1_domain","0.00763942","gnomad_AF_afr_pass","0.0","0.0","96.87","-0.7","0.7"
"X:109445764:C>T","NM_015365.3:c.700G>A","NP_056180.1:p.Val234Met","Unknown significance","null","missense_variant&splice_region_variant","4/6","null","234","MODERATE","32","AMMECR1_domain&AMMECR1_domain&AMMECR1_domain&AMMECR1_domain","0.00552761","gnomad_AF_sas_pass","37.680422279411154","0.21920972567857333","96.38","-0.4","0.4"
"X:109459757:A>T","NM_015365.3:c.688T>A","NP_056180.1:p.Leu230Met","Unknown significance","null","missense_variant","3/6","null","230","MODERATE","23.8","AMMECR1_domain&AMMECR1_domain&AMMECR1_domain&AMMECR1_domain","0.00751597","gnomad_AF_amr_pass","82.5432252979161","0.42801503157597753","95.61","-0.2","0.2"
"X:109459762:T>C","NM_015365.3:c.683A>G","NP_056180.1:p.Asp228Gly","Unknown significance","null","missense_variant","3/6","null","228","MODERATE","23.7","AMMECR1_domain&AMMECR1_domain&AMMECR1_domain&AMMECR1_domain","0.0012387","gnomad_AF_nfe_pass","70.00622196760906","0.4375940241445989","94.32","-0.4","0.4"
"X:109459781:T>G","NM_015365.3:c.664A>C","NP_056180.1:p.Asn222His","Unknown significance","null","missense_variant","3/6","null","222","MODERATE","22.7","AMMECR1_domain&AMMECR1_domain&AMMECR1_domain&AMMECR1_domain","0.0221664","gnomad_AF_eas_pass","82.37258501457531","0.5153856271460321","94.25","0.3","0.3"
"X:109459810:C>T","NM_015365.3:c.635G>A","NP_056180.1:p.Arg212Gln","Unknown significance","null","missense_variant","3/6","null","212","MODERATE","26.1","AMMECR1_domain&AMMECR1_domain&AMMECR1_domain&AMMECR1_domain","0.0012368","gnomad_AF_nfe_pass","142.37409149528912","0.5284356871210563","97.14","-0.2","0.2"
"X:109459811:G>A","NM_015365.3:c.634C>T","NP_056180.1:p.Arg212Trp","Unknown significance","null","missense_variant","3/6","null","212","MODERATE","32","AMMECR1_domain&AMMECR1_domain&AMMECR1_domain&AMMECR1_domain","0.00865469","gnomad_AF_nfe_pass","142.37409149528912","0.5284356871210563","97.14","0.2","0.2"
"X:109459818:C>G","NM_015365.3:c.627G>C","NP_056180.1:p.Glu209Asp","Unknown significance","null","missense_variant","3/6","null","209","MODERATE","24.9","AMMECR1_domain&AMMECR1_domain&AMMECR1_domain&AMMECR1_domain","0.00372787","gnomad_AF_amr_pass","22.462785324062903","0.11503401519183999","97.22","-0.6","0.6"
"X:109459826:T>C","NM_015365.3:c.619A>G","NP_056180.1:p.Arg207Gly","Unknown significance","null","missense_variant","3/6","null","207","MODERATE","28.7","AMMECR1_domain&AMMECR1_domain&AMMECR1_domain&AMMECR1_domain","0.00124262","gnomad_AF_nfe_pass","139.80066059784315","0.5188841408371214","95.58","-1.1","1.1"
"X:109459832:T>C","NM_015365.3:c.613A>G","NP_056180.1:p.Met205Val","Unknown significance","null","missense_variant","3/6","null","205","MODERATE","20.8","AMMECR1_domain&AMMECR1_domain&AMMECR1_domain&AMMECR1_domain","0.0159337","gnomad_AF_afr_pass","5.232365735213024","0.024164267735840874","98.17","0.9","0.9"
"X:109459837:G>A","NM_015365.3:c.608C>T","NP_056180.1:p.Pro203Leu","Unknown significance","null","missense_variant","3/6","null","203","MODERATE","27.6","AMMECR1_domain&AMMECR1_domain&AMMECR1_domain&AMMECR1_domain","0.00124408","gnomad_AF_nfe_pass","101.89142205257538","0.6477517533368247","96.9","0.3","0.3"
"X:109507744:G>A","NM_015365.3:c.557C>T","NP_056180.1:p.Ser186Leu","Unknown significance","null","missense_variant","2/6","null","186","MODERATE","32","AMMECR1_domain&AMMECR1_domain","0.00751145","gnomad_AF_eas_pass","60.31327458077201","0.4373468142400978","96.98","0.9","0.9"
"X:109507756:A>G","NM_015365.3:c.545T>C","NP_056180.1:p.Met182Thr","Unknown significance","null","missense_variant","2/6","null","182","MODERATE","22.6","AMMECR1_domain&AMMECR1_domain","0.00742446","gnomad_AF_eas_pass","58.29529156280637","0.2692210568505315","97.02","-0.9","0.9"
"X:109507771:C>T","NM_015365.3:c.530G>A","NP_056180.1:p.Gly177Asp","Pathogenic","Developmental delay, midface hypoplasia and elliptocytosis","missense_variant","2/6","null","177","MODERATE","27.7","AMMECR1_domain&AMMECR1_domain","0","null","0.0","0.0","95.39","-2.0","2.0"
"X:109507773:T>C","NM_015365.3:c.528A>G","NP_056180.1:p.Ile176Met","Unknown significance","null","missense_variant","2/6","null","176","MODERATE","25.1","AMMECR1_domain&AMMECR1_domain","0.00124321","gnomad_AF_nfe_pass","31.58072474285418","0.1609957729274242","96.74","-1.3","1.3"
"X:109507798:C>T","NM_015365.3:c.503G>A","NP_056180.1:p.Arg168Gln","Unknown significance","null","missense_variant","2/6","null","168","MODERATE","25.4","AMMECR1_domain&AMMECR1_domain","0","gnomad_AF_afr_pass,gnomad_AF_amr_pass,gnomad_AF_eas_pass,gnomad_AF_nfe_pass,gnomad_AF_sas_pass","270.91672711415464","1.005534541724489","92.38","-0.0","0.0"
"X:109507804:A>G","NM_015365.3:c.497T>C","NP_056180.1:p.Ile166Thr","Unknown significance","null","missense_variant","2/6","null","166","MODERATE","22.3","AMMECR1_domain&AMMECR1_domain","0.0112892","gnomad_AF_sas_pass","13.992520144654893","0.0713326440173289","97.89","-0.9","0.9"
"X:109560830:G>T","NM_015365.3:c.470C>A","NP_056180.1:p.Pro157His","Unknown significance","null","missense_variant","1/6","null","157","MODERATE","28.8","AMMECR1_domain&AMMECR1_domain&AMMECR1_domain","0.00147447","gnomad_AF_nfe_pass","66.69135250495233","0.423975243914021","97.25","0.3","0.3"
"X:109560834:C>G","NM_015365.3:c.466G>C","NP_056180.1:p.Glu156Gln","Unknown significance","null","missense_variant","1/6","null","156","MODERATE","25.0","AMMECR1_domain&AMMECR1_domain&AMMECR1_domain","0.00145896","gnomad_AF_nfe_pass","115.70922288831335","0.5925577042893064","96.83","0.1","0.1"
"X:109560845:C>T","NM_015365.3:c.455G>A","NP_056180.1:p.Arg152Gln","Unknown significance","null","missense_variant","1/6","null","152","MODERATE","25.6","AMMECR1_domain&AMMECR1_domain&AMMECR1_domain","0","null","199.3596177889383","0.7399431701657218","90.63","-0.1","0.1"
"X:109560848:G>A","NM_015365.3:c.452C>T","NP_056180.1:p.Pro151Leu","Unknown significance","null","missense_variant","1/6","null","151","MODERATE","29.8","AMMECR1_domain&AMMECR1_domain&AMMECR1_domain","0.0172414","gnomad_AF_afr_pass","15.603399423207414","0.09919509543386469","91.14","0.0","0.0"
"X:109560849:G>C","NM_015365.3:c.451C>G","NP_056180.1:p.Pro151Ala","Unknown significance","null","missense_variant","1/6","null","151","MODERATE","25.0","AMMECR1_domain&AMMECR1_domain&AMMECR1_domain","0","null","15.603399423207414","0.09919509543386469","91.14","-0.6","0.6"
"X:109560852:T>G","NM_015365.3:c.448A>C","NP_056180.1:p.Thr150Pro","Unknown significance","null","missense_variant","1/6","null","150","MODERATE","19.65","AMMECR1_domain&AMMECR1_domain&AMMECR1_domain","0","null","106.05886370173121","0.6740847098378157","89.62","-0.1","0.1"
"X:109560854:C>G","NM_015365.3:c.446G>C","NP_056180.1:p.Arg149Pro","Unknown significance","null","missense_variant","1/6","null","149","MODERATE","24.2","AMMECR1_domain&AMMECR1_domain&AMMECR1_domain","0.0013891","gnomad_AF_nfe_pass","193.14197414303504","0.7168657636109943","87.43","-0.2","0.2"
"X:109560876:G>T","NM_015365.3:c.424C>A","NP_056180.1:p.Leu142Met","Unknown significance","null","missense_variant","1/6","null","142","MODERATE","28.5","AMMECR1_domain&AMMECR1_domain&AMMECR1_domain","0.0117412","gnomad_AF_sas_pass","32.86122990185239","0.17039678669330963","95.54","-1.0","1.0"
"X:109560884:T>G","NM_015365.3:c.416A>C","NP_056180.1:p.Tyr139Ser","Unknown significance","null","missense_variant","1/6","null","139","MODERATE","22.5","AMMECR1_domain&AMMECR1_domain&AMMECR1_domain","0.00742363","gnomad_AF_amr_pass","1.733150640429857","0.007224118273295931","94.77","-2.6","2.6"
"X:109560905:C>G","NM_015365.3:c.395G>C","NP_056180.1:p.Cys132Ser","Unknown significance","null","missense_variant","1/6","null","132","MODERATE","22.8","AMMECR1_domain&AMMECR1_domain&AMMECR1_domain","0","null","4.847776868885085","0.03137150908036081","95.44","-1.4","1.4"
"X:109560929:A>G","NM_015365.3:c.371T>C","NP_056180.1:p.Met124Thr","Unknown significance","null","missense_variant","1/6","null","124","MODERATE","20.7","AMMECR1_domain&AMMECR1_domain","0.0094509","gnomad_AF_nfe_pass","99.99030588792259","0.46177821749037534","86.02","-0.6","0.6"
"X:109560931:C>A","NM_015365.3:c.369G>T","NP_056180.1:p.Lys123Asn","Unknown significance","null","missense_variant","1/6","null","123","MODERATE","21.5","AMMECR1_domain&AMMECR1_domain","0.0501756","gnomad_AF_afr_pass","214.8073548749659","0.9074524212116665","75.37","0.0","0.0"
"X:109560944:G>C","NM_015365.3:c.356C>G","NP_056180.1:p.Pro119Arg","Unknown significance","null","missense_variant","1/6","null","119","MODERATE","22.9","AMMECR1_domain&AMMECR1_domain","0.0718608","gnomad_AF_amr_pass","163.80580436287144","1.0413584857815512","47.9","-0.0","0.0"
"X:109560953:G>C","NM_015365.3:c.347C>G","NP_056180.1:p.Ser116Cys","Unknown significance","null","missense_variant","1/6","null","116","MODERATE","23.0","null","0.00602736","gnomad_AF_sas_pass","130.8690643229217","0.9489646974409002","35.63","-0.0","0.0"
"X:109560956:G>A","NM_015365.3:c.344C>T","NP_056180.1:p.Ser115Leu","Unknown significance","null","missense_variant","1/6","null","115","MODERATE","21.5","null","0","null","130.29785847791533","0.9448227393342431","35.65","0.0","0.0"
"X:109560956:G>C","NM_015365.3:c.344C>G","NP_056180.1:p.Ser115Trp","Unknown significance","null","missense_variant","1/6","null","115","MODERATE","23.4","null","0","gnomad_AF_afr_pass,gnomad_AF_amr_pass,gnomad_AF_eas_pass,gnomad_AF_nfe_pass,gnomad_AF_sas_pass","130.29785847791533","0.9448227393342431","35.65","0.1","0.1"
"X:109560963:C>T","NM_015365.3:c.337G>A","NP_056180.1:p.Ala113Thr","Unknown significance","null","missense_variant","1/6","null","113","MODERATE","18.32","null","0.0424412","gnomad_AF_eas_pass","115.23221687341415","0.9062078159916387","37.7","0.0","0.0"
"X:109560966:A>G","NM_015365.3:c.334T>C","NP_056180.1:p.Ser112Pro","Unknown significance","null","missense_variant","1/6","null","112","MODERATE","20.9","null","0.00159388","gnomad_AF_nfe_pass","135.8642757447333","0.985186239331473","30.3","-0.0","0.0"
"X:109560968:G>A","NM_015365.3:c.332C>T","NP_056180.1:p.Ser111Leu","Likely benign","null","missense_variant","1/6","null","111","MODERATE","19.41","null","0","null","126.652187762755","0.9183870585636936","31.51","0.1","0.1"
"X:109560987:A>C","NM_015365.3:c.313T>G","NP_056180.1:p.Ser105Ala","Likely benign","null","missense_variant","1/6","null","105","MODERATE","18.64","null","0.00181564","gnomad_AF_nfe_pass","112.33200521580994","0.8145477916730233","36.57","0.0","0.0"
"X:109560993:C>T","NM_015365.3:c.307G>A","NP_056180.1:p.Ala103Thr","Unknown significance","null","missense_variant","1/6","null","103","MODERATE","18.66","null","0.0113934","gnomad_AF_afr_pass","107.83347361971147","0.8480227081551195","34.52","-0.2","0.2"
"X:109560995:G>A","NM_015365.3:c.305C>T","NP_056180.1:p.Ala102Val","Unknown significance","null","missense_variant","1/6","null","102","MODERATE","23.7","null","0.00934317","gnomad_AF_amr_pass","102.47580652004277","0.805889006895735","30.1","-0.1","0.1"
"X:109560996:C>T","NM_015365.3:c.304G>A","NP_056180.1:p.Ala102Thr","Likely benign","null","missense_variant","1/6","null","102","MODERATE","19.98","null","0","null","102.47580652004277","0.805889006895735","30.1","-0.2","0.2"
"X:109561002:G>A","NM_015365.3:c.298C>T","NP_056180.1:p.Pro100Ser","Unknown significance","null","missense_variant","1/6","null","100","MODERATE","18.45","null","0","null","141.62943984655055","0.9003772460588271","45.43","-0.2","0.2"
"X:109561004:G>A","NM_015365.3:c.296C>T","NP_056180.1:p.Thr99Ile","Unknown significance","null","missense_variant","1/6","null","99","MODERATE","18.00","null","0.0195084","gnomad_AF_eas_pass","120.25808447667086","0.7643315527883124","27.57","0.2","0.2"
"X:109561007:G>C","NM_015365.3:c.293C>G","NP_056180.1:p.Ser98Cys","Unknown significance","null","missense_variant","1/6","null","98","MODERATE","23.5","null","0.00521503","gnomad_AF_nfe_pass","114.17610416704186","0.8279198197559073","33.77","-0.1","0.1"
"X:109561017:T>A","NM_015365.3:c.283A>T","NP_056180.1:p.Thr95Ser","Unknown significance","null","missense_variant","1/6","null","95","MODERATE","18.92","null","0.159187","gnomad_AF_afr_pass","127.31297132063582","0.8091707221436137","29.23","-0.1","0.1"
"X:109561031:C>T","NM_015365.3:c.269G>A","NP_056180.1:p.Ser90Asn","Unknown significance","null","missense_variant","1/6","null","90","MODERATE","16.87","null","0.00240119","gnomad_AF_nfe_pass","122.29403436482337","0.8867849855904796","34.54","-0.0","0.0"
"X:109561034:G>C","NM_015365.3:c.266C>G","NP_056180.1:p.Pro89Arg","Unknown significance","null","missense_variant","1/6","null","89","MODERATE","23.0","null","0.00242601","gnomad_AF_nfe_pass","144.80461824478354","0.9205627271639133","37.34","-0.2","0.2"
"X:109561040:G>A","NM_015365.3:c.260C>T","NP_056180.1:p.Pro87Leu","Unknown significance","null","missense_variant","1/6","null","87","MODERATE","22.3","null","0.00259686","gnomad_AF_nfe_pass","130.00395762770552","0.82647086278392","46.36","-0.1","0.1"
"X:109561041:G>A","NM_015365.3:c.259C>T","NP_056180.1:p.Pro87Ser","Unknown significance","null","missense_variant","1/6","null","87","MODERATE","17.29","null","0","null","130.00395762770552","0.82647086278392","46.36","-0.3","0.3"
"X:109561052:A>C","NM_015365.3:c.248T>G","NP_056180.1:p.Ile83Ser","Unknown significance","null","missense_variant","1/6","null","83","MODERATE","18.42","null","0","null","158.75271598577365","0.8093074627820454","40.99","-0.3","0.3"
"X:109561059:C>T","NM_015365.3:c.241G>A","NP_056180.1:p.Gly81Arg","Likely benign","null","missense_variant","1/6","null","81","MODERATE","21.1","null","0","null","82.46408676490746","0.8648912819137297","33.28","0.0","0.0"
"X:109561062:C>G","NM_015365.3:c.238G>C","NP_056180.1:p.Gly80Arg","Unknown significance","null","missense_variant","1/6","null","80","MODERATE","22.5","null","0","null","88.63725780027299","0.9296360941065939","28.43","0.1","0.1"
"X:109561064:C>T","NM_015365.3:c.236G>A","NP_056180.1:p.Gly79Asp","Unknown significance","null","missense_variant","1/6","null","79","MODERATE","21.7","null","0.0180538","gnomad_AF_afr_pass","100.4082256409","1.053091138167999","33.39","-0.1","0.1"
"X:109561071:C>A","NM_015365.3:c.229G>T","NP_056180.1:p.Gly77Cys","Unknown significance","null","missense_variant","1/6","null","77","MODERATE","25.0","null","0","null","88.3746510154201","0.9268818488623803","29.2","-0.2","0.2"
"X:109561080:G>C","NM_015365.3:c.220C>G","NP_056180.1:p.Gln74Glu","Likely benign","null","missense_variant","1/6","null","74","MODERATE","16.41","null","0.0105661","gnomad_AF_nfe_pass","205.49621913851297","1.0391628448125247","36.23","-0.1","0.1"
"X:109561080:G>T","NM_015365.3:c.220C>A","NP_056180.1:p.Gln74Lys","Likely benign","null","missense_variant","1/6","null","74","MODERATE","16.04","null","0.0124502","gnomad_AF_afr_pass","205.49621913851297","1.0391628448125247","36.23","-0.1","0.1"
"X:109561082:G>A","NM_015365.3:c.218C>T","NP_056180.1:p.Pro73Leu","Unknown significance","null","missense_variant","1/6","null","73","MODERATE","22.5","null","0.00447908","gnomad_AF_amr_pass","144.53009694125177","0.9188175198431315","43.94","-0.3","0.3"
"X:109561082:G>C","NM_015365.3:c.218C>G","NP_056180.1:p.Pro73Arg","Unknown significance","null","missense_variant","1/6","null","73","MODERATE","22.4","null","0.0671862","gnomad_AF_amr_pass","144.53009694125177","0.9188175198431315","43.94","-0.2","0.2"
"X:109561082:G>T","NM_015365.3:c.218C>A","NP_056180.1:p.Pro73His","Unknown significance","null","missense_variant","1/6","null","73","MODERATE","22.6","null","0.0219314","gnomad_AF_afr_pass","144.53009694125177","0.9188175198431315","43.94","-0.3","0.3"
"X:109561083:G>A","NM_015365.3:c.217C>T","NP_056180.1:p.Pro73Ser","Unknown significance","null","missense_variant","1/6","null","73","MODERATE","17.95","null","0.00995421","gnomad_AF_eas_pass","144.53009694125177","0.9188175198431315","43.94","-0.3","0.3"
"X:109561083:G>C","NM_015365.3:c.217C>G","NP_056180.1:p.Pro73Ala","Unknown significance","null","missense_variant","1/6","null","73","MODERATE","18.13","null","0.00414783","gnomad_AF_nfe_pass","144.53009694125177","0.9188175198431315","43.94","-0.3","0.3"
"X:109561085:G>T","NM_015365.3:c.215C>A","NP_056180.1:p.Pro72His","Unknown significance","null","missense_variant","1/6","null","72","MODERATE","23.5","null","0.00205774","gnomad_AF_nfe_pass","118.19445217817682","0.7513945932916183","39.89","-0.3","0.3"
"X:109561086:G>A","NM_015365.3:c.214C>T","NP_056180.1:p.Pro72Ser","Unknown significance","null","missense_variant","1/6","null","72","MODERATE","18.94","null","0.0360568","gnomad_AF_afr_pass","118.19445217817682","0.7513945932916183","39.89","-0.4","0.4"
"X:109561086:G>C","NM_015365.3:c.214C>G","NP_056180.1:p.Pro72Ala","Unknown significance","null","missense_variant","1/6","null","72","MODERATE","18.56","null","0.0198039","gnomad_AF_eas_pass","118.19445217817682","0.7513945932916183","39.89","-0.4","0.4"
"X:109561092:G>A","NM_015365.3:c.208C>T","NP_056180.1:p.Leu70Phe","Unknown significance","null","missense_variant","1/6","null","70","MODERATE","21.6","null","0.00439754","gnomad_AF_amr_pass","169.79797876661934","0.8804609582558501","34.89","-0.0","0.0"
"X:109561101:C>G","NM_015365.3:c.199G>C","NP_056180.1:p.Gly67Arg","Unknown significance","null","missense_variant","1/6","null","67","MODERATE","23.4","null","0.00805283","gnomad_AF_sas_pass","85.83469715808275","0.9002425682512105","28.68","-0.1","0.1"
"X:109561104:T>C","NM_015365.3:c.196A>G","NP_056180.1:p.Ser66Gly","Likely benign","null","missense_variant","1/6","null","66","MODERATE","18.31","null","0.0109397","gnomad_AF_afr_pass","122.12515078243862","0.8855603680042712","37.01","-0.2","0.2"
"X:109561113:C>T","NM_015365.3:c.187G>A","NP_056180.1:p.Gly63Ser","Unknown significance","null","missense_variant","1/6","null","63","MODERATE","20.2","null","0.00176707","gnomad_AF_nfe_pass","87.93603301249512","0.9222815810160666","33.06","0.0","0.0"
"X:109561115:C>A","NM_015365.3:c.185G>T","NP_056180.1:p.Gly62Val","Unknown significance","null","missense_variant","1/6","null","62","MODERATE","22.5","null","0","null","93.04679775485127","0.9758837737157491","28.7","-0.0","0.0"
"X:109561130:C>T","NM_015365.3:c.170G>A","NP_056180.1:p.Gly57Glu","Unknown significance","null","missense_variant","1/6","null","57","MODERATE","22.9","null","0.00163095","gnomad_AF_nfe_pass","79.7621550588552","0.8365531620294584","29.08","-0.1","0.1"
"X:109561138:G>T","NM_015365.3:c.162C>A","NP_056180.1:p.Asn54Lys","Unknown significance","null","missense_variant","1/6","null","54","MODERATE","22.1","null","0.00394992","gnomad_AF_amr_pass","137.56492273993405","0.8607109266641472","31.03","-0.3","0.3"
"X:109561140:T>G","NM_015365.3:c.160A>C","NP_056180.1:p.Asn54His","Unknown significance","null","missense_variant","1/6","null","54","MODERATE","22.7","null","0.0178827","gnomad_AF_afr_pass","137.56492273993405","0.8607109266641472","31.03","0.0","0.0"
"X:109561152:C>T","NM_015365.3:c.148G>A","NP_056180.1:p.Gly50Ser","Unknown significance","null","missense_variant","1/6","null","50","MODERATE","21.0","null","0.0100675","gnomad_AF_afr_pass","81.44115417839672","0.8541626664549685","26.18","0.1","0.1"
"X:109561166:C>T","NM_015365.3:c.134G>A","NP_056180.1:p.Gly45Glu","Unknown significance","null","missense_variant","1/6","null","45","MODERATE","23.1","null","0","null","78.19005720525028","0.8200648483739097","22.35","-0.2","0.2"
"X:109561172:T>A","NM_015365.3:c.128A>T","NP_056180.1:p.Glu43Val","Unknown significance","null","missense_variant","1/6","null","43","MODERATE","22.9","null","0.00825014","gnomad_AF_eas_pass","176.27306103022468","0.9027107586137666","20.18","0.1","0.1"
"X:109561179:C>G","NM_015365.3:c.121G>C","NP_056180.1:p.Ala41Pro","Unknown significance","null","missense_variant","1/6","null","41","MODERATE","21.4","null","0","gnomad_AF_afr_pass,gnomad_AF_amr_pass,gnomad_AF_eas_pass,gnomad_AF_nfe_pass,gnomad_AF_sas_pass","86.86430874785161","0.683117253610481","24.02","-0.4","0.4"
"X:109561181:C>G","NM_015365.3:c.119G>C","NP_056180.1:p.Arg40Pro","Unknown significance","null","missense_variant","1/6","null","40","MODERATE","23.6","null","0.0124836","gnomad_AF_sas_pass","225.10111119989077","0.8354852987600165","26.05","-0.3","0.3"
"X:109561182:G>C","NM_015365.3:c.118C>G","NP_056180.1:p.Arg40Gly","Unknown significance","null","missense_variant","1/6","null","40","MODERATE","22.3","null","0.00988142","gnomad_AF_afr_pass","225.10111119989077","0.8354852987600165","26.05","-0.2","0.2"
"X:109561186:C>G","NM_015365.3:c.114G>C","NP_056180.1:p.Gln38His","Unknown significance","null","missense_variant","1/6","null","38","MODERATE","21.1","null","0.00136457","gnomad_AF_nfe_pass","143.16241212268744","0.7239503484556008","26.81","0.1","0.1"
"X:109561192:C>G","NM_015365.3:c.108G>C","NP_056180.1:p.Glu36Asp","Unknown significance","null","missense_variant","1/6","null","36","MODERATE","17.36","null","0.00624376","gnomad_AF_sas_pass","167.31910348764438","0.8568567083203289","26.36","0.0","0.0"
"X:109561202:C>A","NM_015365.3:c.98G>T","NP_056180.1:p.Cys33Phe","Unknown significance","null","missense_variant","1/6","null","33","MODERATE","19.00","null","0","null","132.19263024739269","0.8554606394490726","27.61","-0.3","0.3"
"X:109561202:C>T","NM_015365.3:c.98G>A","NP_056180.1:p.Cys33Tyr","Unknown significance","null","missense_variant","1/6","null","33","MODERATE","17.66","null","0.00312202","gnomad_AF_nfe_pass","132.19263024739269","0.8554606394490726","27.61","-0.2","0.2"
"X:109561205:T>C","NM_015365.3:c.95A>G","NP_056180.1:p.His32Arg","Unknown significance","null","missense_variant","1/6","null","32","MODERATE","16.12","null","0.0185254","gnomad_AF_sas_pass","205.8453285227437","1.0021567844157928","28.49","-0.1","0.1"
"X:109561208:G>A","NM_015365.3:c.92C>T","NP_056180.1:p.Ser31Phe","Unknown significance","null","missense_variant","1/6","null","31","MODERATE","18.09","null","0.00163399","gnomad_AF_nfe_pass","104.82398507321129","0.7601052379659025","30.59","-0.0","0.0"
"X:109561211:G>A","NM_015365.3:c.89C>T","NP_056180.1:p.Ser30Phe","Unknown significance","null","missense_variant","1/6","null","30","MODERATE","19.40","null","0.00611808","gnomad_AF_sas_pass","109.34616866427324","0.7928967353718532","25.08","-0.1","0.1"
"X:109561217:G>A","NM_015365.3:c.83C>T","NP_056180.1:p.Ser28Phe","Unknown significance","null","missense_variant","1/6","null","28","MODERATE","22.6","null","0.00298512","gnomad_AF_nfe_pass","118.98352760745887","0.8627796634799262","28.28","-0.2","0.2"
"X:109561227:C>T","NM_015365.3:c.73G>A","NP_056180.1:p.Gly25Ser","Unknown significance","null","missense_variant","1/6","null","25","MODERATE","16.43","null","0.00146107","gnomad_AF_nfe_pass","90.50316982348971","0.9492059590624611","23.9","0.1","0.1"
"X:109561230:C>A","NM_015365.3:c.70G>T","NP_056180.1:p.Gly24Cys","Unknown significance","null","missense_variant","1/6","null","24","MODERATE","23.6","null","0.00144496","gnomad_AF_nfe_pass","88.04075455586428","0.9233799106458696","29.66","0.2","0.2"
"X:109561245:A>T","NM_015365.3:c.55T>A","NP_056180.1:p.Ser19Thr","Unknown significance","null","missense_variant","1/6","null","19","MODERATE","22.2","null","0.00377915","gnomad_AF_amr_pass","123.26108278571094","0.8937972983695627","34.34","0.0","0.0"
"X:109561247:G>C","NM_015365.3:c.53C>G","NP_056180.1:p.Pro18Arg","Unknown significance","null","missense_variant","1/6","null","18","MODERATE","21.1","null","0.0172724","gnomad_AF_nfe_pass","157.2098156947606","0.9994259743032641","30.99","0.0","0.0"
"X:109561247:G>T","NM_015365.3:c.53C>A","NP_056180.1:p.Pro18His","Unknown significance","null","missense_variant","1/6","null","18","MODERATE","23.0","null","0.00599844","gnomad_AF_afr_pass","157.2098156947606","0.9994259743032641","30.99","0.0","0.0"
"X:109561250:G>A","NM_015365.3:c.50C>T","NP_056180.1:p.Pro17Leu","Unknown significance","null","missense_variant","1/6","null","17","MODERATE","21.9","null","0.00906618","gnomad_AF_afr_pass","126.91747551243967","0.8068492483091059","31.73","-0.2","0.2"
"X:109561251:G>A","NM_015365.3:c.49C>T","NP_056180.1:p.Pro17Ser","Unknown significance","null","missense_variant","1/6","null","17","MODERATE","17.69","null","0","null","126.91747551243967","0.8068492483091059","31.73","-0.2","0.2"
"X:109561253:G>C","NM_015365.3:c.47C>G","NP_056180.1:p.Ser16Trp","Unknown significance","null","missense_variant","1/6","null","16","MODERATE","23.3","null","0","null","102.83977972368962","0.7457172629397858","29.69","0.0","0.0"
"X:109561260:A>T","NM_015365.3:c.40T>A","NP_056180.1:p.Ser14Thr","Unknown significance","null","missense_variant","1/6","null","14","MODERATE","18.22","null","0","null","90.69436307567847","0.6576477738339874","29.58","0.0","0.0"
"X:109561270:C>A","NM_015365.3:c.30G>T","NP_056180.1:p.Lys10Asn","Unknown significance","null","missense_variant","1/6","null","10","MODERATE","24.1","null","0","null","209.48535035435395","0.8849696440705399","30.29","0.1","0.1"
"X:109561278:C>A","NM_015365.3:c.22G>T","NP_056180.1:p.Val8Leu","Unknown significance","null","missense_variant","1/6","null","8","MODERATE","22.8","null","0.00146623","gnomad_AF_nfe_pass","47.395443551061796","0.27572785947570133","40.86","-0.7","0.7"
"X:109561278:C>T","NM_015365.3:c.22G>A","NP_056180.1:p.Val8Met","Unknown significance","null","missense_variant","1/6","null","8","MODERATE","24.4","null","0","null","47.395443551061796","0.27572785947570133","40.86","-0.9","0.9"
"X:109561280:C>G","NM_015365.3:c.20G>C","NP_056180.1:p.Gly7Ala","Unknown significance","null","missense_variant","1/6","null","7","MODERATE","24.9","null","0","null","30.996198207305866","0.3250911112178482","46.4","-0.6","0.6"
"X:109561283:C>A","NM_015365.3:c.17G>T","NP_056180.1:p.Cys6Phe","Unknown significance","null","missense_variant","1/6","null","6","MODERATE","20.1","null","0","null","65.73094293857064","0.42536587987233276","46.65","-2.2","2.2"
"X:109561284:A>C","NM_015365.3:c.16T>G","NP_056180.1:p.Cys6Gly","Unknown significance","null","missense_variant","1/6","null","6","MODERATE","23.3","null","0","null","65.73094293857064","0.42536587987233276","46.65","-3.5","3.5"
"X:109561292:G>A","NM_015365.3:c.8C>T","NP_056180.1:p.Ala3Val","Unknown significance","null","missense_variant","1/6","null","3","MODERATE","26.9","null","0","null","46.37640545113818","0.36471277076606223","61.01","0.2","0.2"
"X:109561296:C>T","NM_015365.3:c.4G>A","NP_056180.1:p.Ala2Thr","Unknown significance","null","missense_variant","1/6","null","2","MODERATE","25.7","null","0","null","67.64561859130593","0.5319778612987339","52.45","-0.4","0.4"