{"applied_filters": "CONTAINS missense_variant[Consequence]"},
"Genomic Description (GRCh37)","HGVS Nucleotide Change","HGVS Protein Change","Variant Classification","Phenotype","Consequence","Exon","Intron","Protein Position","Impact","CADD Phred","Interpro Domain","Max MAF (%)","Max MAF Source","Surface Area","Normalized SA","Confidence Score","ddG","|ddG|"
"8:145582960:G>A","NM_001253815.2:c.7G>A","NP_001240744.1:p.Ala3Thr","Unknown significance","null","missense_variant","2/5","null","3","MODERATE","24.7","null","0.00660066","gnomad_AF_sas_pass","29.88839423777234","0.2350479510036893","56.47","-0.8","0.8"
"8:145582963:C>G","NM_001253815.2:c.10C>G","NP_001240744.1:p.Pro4Ala","Likely benign","null","missense_variant","2/5","null","4","MODERATE","11.52","null","0.0144995","gnomad_AF_amr_pass","74.9949731522696","0.47676364086630074","56.38","-0.5","0.5"
"8:145582964:C>G","NM_001253815.2:c.11C>G","NP_001240744.1:p.Pro4Arg","Unknown significance","null","missense_variant","2/5","null","4","MODERATE","21.7","null","0.000894566","gnomad_AF_nfe_pass","74.9949731522696","0.47676364086630074","56.38","-0.5","0.5"
"8:145582966:A>G","NM_001253815.2:c.13A>G","NP_001240744.1:p.Thr5Ala","Likely benign","null","missense_variant","2/5","null","5","MODERATE","7.594","null","0.000892602","gnomad_AF_nfe_pass","88.212968262043","0.5606604770166049","59.82","-0.2","0.2"
"8:145582966:A>T","NM_001253815.2:c.13A>T","NP_001240744.1:p.Thr5Ser","Unknown significance","Brown-Vialetto-Van Laere syndrome 2","missense_variant","2/5","null","5","MODERATE","5.871","null","0.0196747","gnomad_AF_sas_pass","88.212968262043","0.5606604770166049","59.82","-0.2","0.2"
"8:145582967:C>T","NM_001253815.2:c.14C>T","NP_001240744.1:p.Thr5Met","Likely benign","null","missense_variant","2/5","null","5","MODERATE","14.04","null","0","null","88.212968262043","0.5606604770166049","59.82","0.4","0.4"
"8:145582969:C>G","NM_001253815.2:c.16C>G","NP_001240744.1:p.Pro6Ala","Unknown significance","null","missense_variant","2/5","null","6","MODERATE","13.77","null","0","gnomad_AF_afr_pass,gnomad_AF_amr_pass,gnomad_AF_eas_pass,gnomad_AF_nfe_pass,gnomad_AF_sas_pass","4.23747438799775","0.02693878845982848","61.77","0.3","0.3"
"8:145582969:C>T","NM_001253815.2:c.16C>T","NP_001240744.1:p.Pro6Ser","Likely benign","null","missense_variant","2/5","null","6","MODERATE","12.12","null","0.000891472","gnomad_AF_nfe_pass","4.23747438799775","0.02693878845982848","61.77","0.0","0.0"
"8:145582970:C>T","NM_001253815.2:c.17C>T","NP_001240744.1:p.Pro6Leu","Likely benign","null","missense_variant","2/5","null","6","MODERATE","1.226","null","0.00327633","gnomad_AF_sas_pass","4.23747438799775","0.02693878845982848","61.77","1.9","1.9"
"8:145582975:C>T","NM_001253815.2:c.22C>T","NP_001240744.1:p.Arg8Cys","Unknown significance","Brown-Vialetto-Van Laere syndrome 2","missense_variant","2/5","null","8","MODERATE","22.6","null","0.0080457","gnomad_AF_afr_pass","168.6397568408303","0.6259233323013735","83.51","-0.3","0.3"
"8:145582976:G>A","NM_001253815.2:c.23G>A","NP_001240744.1:p.Arg8His","Likely benign","null","missense_variant","2/5","null","8","MODERATE","10.97","null","0.00326968","gnomad_AF_sas_pass","168.6397568408303","0.6259233323013735","83.51","-0.2","0.2"
"8:145582976:G>C","NM_001253815.2:c.23G>C","NP_001240744.1:p.Arg8Pro","Likely benign","null","missense_variant","2/5","null","8","MODERATE","15.67","null","0.00289536","gnomad_AF_amr_pass","168.6397568408303","0.6259233323013735","83.51","-0.5","0.5"
"8:145582979:C>G","NM_001253815.2:c.26C>G","NP_001240744.1:p.Pro9Arg","Likely benign","null","missense_variant","2/5","null","9","MODERATE","10.21","null","0.000888194","gnomad_AF_nfe_pass","58.126812940093146","0.36952811374444144","84.56","0.5","0.5"
"8:145582979:C>T","NM_001253815.2:c.26C>T","NP_001240744.1:p.Pro9Leu","Likely benign","null","missense_variant","2/5","null","9","MODERATE","10.20","null","0.00619579","gnomad_AF_afr_pass","58.126812940093146","0.36952811374444144","84.56","1.2","1.2"
"8:145582993:C>G","NM_001253815.2:c.40C>G","NP_001240744.1:p.Leu14Val","Likely benign","null","missense_variant","2/5","null","14","MODERATE","16.59","null","0.000886431","gnomad_AF_nfe_pass","112.96140796129362","0.5857437775288943","94.67","-0.2","0.2"
"8:145583002:G>A","NM_001253815.2:c.49G>A","NP_001240744.1:p.Ala17Thr","Unknown significance","null","missense_variant","2/5","null","17","MODERATE","26.4","null","0.000886226","gnomad_AF_nfe_pass","9.103552207820114","0.07159204593865504","94.99","-0.6","0.6"
"8:145583002:G>T","NM_001253815.2:c.49G>T","NP_001240744.1:p.Ala17Ser","Unknown significance","null","missense_variant","2/5","null","17","MODERATE","23.9","null","0.0281441","gnomad_AF_afr_pass","9.103552207820114","0.07159204593865504","94.99","-1.5","1.5"
"8:145583005:C>G","NM_001253815.2:c.52C>G","NP_001240744.1:p.Leu18Val","Unknown significance","null","missense_variant","2/5","null","18","MODERATE","22.2","null","0.00289486","gnomad_AF_amr_pass","66.21774939298015","0.3433618203678564","96.53","-0.7","0.7"
"8:145583008:T>C","NM_001253815.2:c.55T>C","NP_001240744.1:p.Phe19Leu","Unknown significance","null","missense_variant","2/5","null","19","MODERATE","23.4","null","0.00578972","gnomad_AF_amr_pass","0.0","0.0","96.95","-1.9","1.9"
"8:145583016:G>T","NM_001253815.2:c.63G>T","NP_001240744.1:p.Met21Ile","Unknown significance","Brown-Vialetto-Van Laere syndrome 2","missense_variant","2/5","null","21","MODERATE","26.0","null","0.00779411","gnomad_AF_nfe_pass","17.823495796172974","0.08231300069658135","94.5","0.6","0.6"
"8:145583021:C>A","NM_001253815.2:c.68C>A","NP_001240744.1:p.Ser23Tyr","Unknown significance","Brown-Vialetto-Van Laere syndrome 2","missense_variant","2/5","null","23","MODERATE","25.0","null","0","null","0.0","0.0","93.93","1.0","1.0"
"8:145583030:C>A","NM_001253815.2:c.77C>A","NP_001240744.1:p.Ala26Glu","Unknown significance","null","missense_variant","2/5","null","26","MODERATE","23.6","null","0.0054401","gnomad_AF_eas_pass","0.16349586734247748","0.0012857622363617678","97.44","-1.9","1.9"
"8:145583030:C>T","NM_001253815.2:c.77C>T","NP_001240744.1:p.Ala26Val","Unknown significance","null","missense_variant","2/5","null","26","MODERATE","23.5","null","0.00579005","gnomad_AF_amr_pass","0.16349586734247748","0.0012857622363617678","97.44","0.5","0.5"
"8:145583036:A>G","NM_001253815.2:c.83A>G","NP_001240744.1:p.Asn28Ser","Unknown significance","Brown-Vialetto-Van Laere syndrome 2","missense_variant","2/5","null","28","MODERATE","23.5","null","0.0116957","gnomad_AF_nfe_pass","28.294297100076683","0.17703067170951234","96.26","-0.5","0.5"
"8:145583044:T>G","NM_001253815.2:c.91T>G","NP_001240744.1:p.Trp31Gly","Unknown significance","null","missense_variant","2/5","null","31","MODERATE","26.6","null","0.00543951","gnomad_AF_eas_pass","23.108036942846976","0.08808827195753142","96.86","-5.9","5.9"
"8:145583045:G>C","NM_001253815.2:c.92G>C","NP_001240744.1:p.Trp31Ser","Pathogenic","Brown-Vialetto-Van Laere syndrome","missense_variant","2/5","null","31","MODERATE","27.1","null","0","null","23.108036942846976","0.08808827195753142","96.86","-5.3","5.3"
"8:145583056:C>T","NM_001253815.2:c.103C>T","NP_001240744.1:p.Pro35Ser","Unknown significance","null","missense_variant","2/5","null","35","MODERATE","25.8","null","0.00289452","gnomad_AF_amr_pass","0.005210787140795304","3.312640493891138E-5","97.16","-2.5","2.5"
"8:145583060:T>G","NM_001253815.2:c.107T>G","NP_001240744.1:p.Val36Gly","Likely pathogenic","null","missense_variant","2/5","null","36","MODERATE","26.4","null","0","null","0.0","0.0","96.38","-4.7","4.7"
"8:145583065:G>C","NM_001253815.2:c.112G>C","NP_001240744.1:p.Val38Leu","Unknown significance","null","missense_variant","2/5","null","38","MODERATE","25.8","null","0.00289486","gnomad_AF_amr_pass","0.8833060339891898","0.005138723551588202","94.94","-1.2","1.2"
"8:145583066:T>G","NM_001253815.2:c.113T>G","NP_001240744.1:p.Val38Gly","Unknown significance","null","missense_variant","2/5","null","38","MODERATE","28.2","null","0.00578972","gnomad_AF_amr_pass","0.8833060339891898","0.005138723551588202","94.94","-5.3","5.3"
"8:145583069:A>G","NM_001253815.2:c.116A>G","NP_001240744.1:p.Lys39Arg","Unknown significance","Brown-Vialetto-Van Laere syndrome 2","missense_variant","2/5","null","39","MODERATE","23.2","null","0.00704027","gnomad_AF_nfe_pass","51.70327558009647","0.2184201869486384","91.1","0.8","0.8"
"8:145583071:G>C","NM_001253815.2:c.118G>C","NP_001240744.1:p.Glu40Gln","Likely benign","null","missense_variant","2/5","null","40","MODERATE","18.59","null","0.000886069","gnomad_AF_nfe_pass","60.25987110659358","0.3085964108337215","92.1","0.5","0.5"
"8:145583073:G>C","NM_001253815.2:c.120G>C","NP_001240744.1:p.Glu40Asp","Likely benign","null","missense_variant","2/5","null","40","MODERATE","14.50","null","0.000886258","gnomad_AF_nfe_pass","60.25987110659358","0.3085964108337215","92.1","-0.4","0.4"
"8:145583075:T>C","NM_001253815.2:c.122T>C","NP_001240744.1:p.Leu41Pro","Unknown significance","null","missense_variant","2/5","null","41","MODERATE","27.4","null","0.000886493","gnomad_AF_nfe_pass","3.527415237026239","0.018290862013305487","96.78","-3.2","3.2"
"8:145583083:G>A","NM_001253815.2:c.130G>A","NP_001240744.1:p.Gly44Ser","Unknown significance","null","missense_variant&splice_region_variant","2/5","null","44","MODERATE","26.5","null","0.000886839","gnomad_AF_nfe_pass","22.475789330290922","0.23572824254170416","94.29","-0.5","0.5"
"8:145583287:G>T","NM_001253815.2:c.135G>T","NP_001240744.1:p.Trp45Cys","Likely pathogenic","null","missense_variant","3/5","null","45","MODERATE","28.4","null","0","null","26.376958498706877","0.10054946248326142","95.82","-4.5","4.5"
"8:145583288:A>C","NM_001253815.2:c.136A>C","NP_001240744.1:p.Ser46Arg","Unknown significance","null","missense_variant","3/5","null","46","MODERATE","22.0","null","0.0008853","gnomad_AF_nfe_pass","5.875638201341225","0.04260573923146308","96.72","0.6","0.6"
"8:145583295:C>T","NM_001253815.2:c.143C>T","NP_001240744.1:p.Pro48Leu","Unknown significance","Brown-Vialetto-Van Laere syndrome 2","missense_variant","3/5","null","48","MODERATE","24.2","null","0","gnomad_AF_afr_pass,gnomad_AF_amr_pass,gnomad_AF_eas_pass,gnomad_AF_nfe_pass,gnomad_AF_sas_pass","0.0","0.0","97.73","-0.2","0.2"
"8:145583303:G>A","NM_001253815.2:c.151G>A","NP_001240744.1:p.Val51Ile","Unknown significance","Brown-Vialetto-Van Laere syndrome 2","missense_variant","3/5","null","51","MODERATE","10.92","null","0.00543875","gnomad_AF_nfe_pass","0.0","0.0","98.06","0.6","0.6"
"8:145583303:G>T","NM_001253815.2:c.151G>T","NP_001240744.1:p.Val51Phe","Unknown significance","null","missense_variant","3/5","null","51","MODERATE","15.91","null","0.00326819","gnomad_AF_sas_pass","0.0","0.0","98.06","0.2","0.2"
"8:145583306:T>A","NM_001253815.2:c.154T>A","NP_001240744.1:p.Ser52Thr","Unknown significance","null","missense_variant","3/5","null","52","MODERATE","10.86","null","0.0718813","gnomad_AF_sas_pass","3.3060575150906644","0.023973059529093947","97.38","0.9","0.9"
"8:145583307:C>G","NM_001253815.2:c.155C>G","NP_001240744.1:p.Ser52Cys","Unknown significance","null","missense_variant","3/5","null","52","MODERATE","19.81","null","0.00289268","gnomad_AF_amr_pass","3.3060575150906644","0.023973059529093947","97.38","1.2","1.2"
"8:145583307:C>T","NM_001253815.2:c.155C>T","NP_001240744.1:p.Ser52Phe","Likely pathogenic","Brown-Vialetto-Van Laere syndrome","missense_variant","3/5","null","52","MODERATE","23.1","null","0.00615536","gnomad_AF_afr_pass","3.3060575150906644","0.023973059529093947","97.38","2.1","2.1"
"8:145583309:G>C","NM_001253815.2:c.157G>C","NP_001240744.1:p.Val53Leu","Unknown significance","null","missense_variant","3/5","null","53","MODERATE","18.78","null","0.0160308","gnomad_AF_afr_pass","18.10827610910564","0.10534675564286015","98.04","-0.6","0.6"
"8:145583313:T>C","NM_001253815.2:c.161T>C","NP_001240744.1:p.Leu54Pro","Unknown significance","null","missense_variant","3/5","null","54","MODERATE","22.7","null","0.00326733","gnomad_AF_sas_pass","26.70103414412834","0.1384540515719207","98.03","-3.3","3.3"
"8:145583316:T>C","NM_001253815.2:c.164T>C","NP_001240744.1:p.Val55Ala","Unknown significance","Brown-Vialetto-Van Laere syndrome 2","missense_variant","3/5","null","55","MODERATE","23.1","null","0.000881756","gnomad_AF_nfe_pass","18.095137846737586","0.10527032245248247","96.29","-2.2","2.2"
"8:145583318:G>A","NM_001253815.2:c.166G>A","NP_001240744.1:p.Ala56Thr","Unknown significance","null","missense_variant","3/5","null","56","MODERATE","24.0","null","0.000881741","gnomad_AF_nfe_pass","0.0","0.0","96.09","-0.4","0.4"
"8:145583319:C>T","NM_001253815.2:c.167C>T","NP_001240744.1:p.Ala56Val","Pathogenic","Brown-Vialetto-Van Laere syndrome","missense_variant","3/5","null","56","MODERATE","23.6","null","0.00176354","gnomad_AF_nfe_pass","0.0","0.0","96.09","1.0","1.0"
"8:145583321:C>G","NM_001253815.2:c.169C>G","NP_001240744.1:p.Leu57Val","Unknown significance","null","missense_variant","3/5","null","57","MODERATE","15.90","null","0.00352665","gnomad_AF_nfe_pass","87.6365308226882","0.45442557365430447","95.91","-0.3","0.3"
"8:145583329:C>A","NM_001253815.2:c.177C>A","NP_001240744.1:p.Asn59Lys","Unknown significance","null","missense_variant","3/5","null","59","MODERATE","25.3","null","0.00326691","gnomad_AF_sas_pass","25.35419446105469","0.15863515040569587","90.41","-0.8","0.8"
"8:145583334:G>A","NM_001253815.2:c.182G>A","NP_001240744.1:p.Gly61Asp","Unknown significance","null","missense_variant","3/5","null","61","MODERATE","26.1","null","0","null","3.220231057562817","0.03377409338654228","90.5","-1.8","1.8"
"8:145583337:T>G","NM_001253815.2:c.185T>G","NP_001240744.1:p.Leu62Arg","Pathogenic","Abnormality of the nervous system","missense_variant","3/5","null","62","MODERATE","23.9","null","0.0015521","gnomad_AF_nfe_pass","55.428245419043186","0.2874145289041879","89.69","-1.4","1.4"
"8:145583342:G>C","NM_001253815.2:c.190G>C","NP_001240744.1:p.Val64Leu","Likely benign","null","missense_variant","3/5","null","64","MODERATE","15.97","null","0.0163324","gnomad_AF_sas_pass","77.30632435154664","0.4497374798153716","90.9","0.1","0.1"
"8:145583349:C>T","NM_001253815.2:c.197C>T","NP_001240744.1:p.Thr66Ile","Unknown significance","null","missense_variant","3/5","null","66","MODERATE","24.1","null","0.00578336","gnomad_AF_amr_pass","42.33639025349098","0.2690799462066947","87.81","0.9","0.9"
"8:145583369:C>T","NM_001253815.2:c.217C>T","NP_001240744.1:p.Pro73Ser","Unknown significance","Brown-Vialetto-Van Laere syndrome 2","missense_variant","3/5","null","73","MODERATE","21.0","null","0.179484","gnomad_AF_eas_pass","105.65412753519895","0.6716723054751771","75.99","-0.4","0.4"
"8:145583376:A>G","NM_001253815.2:c.224A>G","NP_001240744.1:p.Lys75Arg","Unknown significance","null","missense_variant","3/5","null","75","MODERATE","13.92","null","0.00326648","gnomad_AF_sas_pass","140.42070778401157","0.5932064632564757","71.42","0.4","0.4"
"8:145583378:G>A","NM_001253815.2:c.226G>A","NP_001240744.1:p.Asp76Asn","Likely benign","null","missense_variant","3/5","null","76","MODERATE","12.79","null","0.000881959","gnomad_AF_nfe_pass","69.75504693756608","0.4360239823815681","81.28","0.2","0.2"
"8:145583379:A>C","NM_001253815.2:c.227A>C","NP_001240744.1:p.Asp76Ala","Likely benign","null","missense_variant","3/5","null","76","MODERATE","13.85","null","0.00653296","gnomad_AF_sas_pass","69.75504693756608","0.4360239823815681","81.28","0.1","0.1"
"8:145583381:G>A","NM_001253815.2:c.229G>A","NP_001240744.1:p.Glu77Lys","Pathogenic","Brown-Vialetto-Van Laere syndrome","missense_variant","3/5","null","77","MODERATE","23.7","null","0.00653296","gnomad_AF_sas_pass","55.00339187160656","0.281677491231826","85.54","-0.8","0.8"
"8:145583381:G>C","NM_001253815.2:c.229G>C","NP_001240744.1:p.Glu77Gln","Unknown significance","null","missense_variant","3/5","null","77","MODERATE","24.0","null","0.0202417","gnomad_AF_amr_pass","55.00339187160656","0.281677491231826","85.54","0.1","0.1"
"8:145583393:A>G","NM_001253815.2:c.241A>G","NP_001240744.1:p.Ile81Val","Unknown significance","null","missense_variant","3/5","null","81","MODERATE","23.7","null","0.00326669","gnomad_AF_sas_pass","0.0","0.0","94.63","-1.2","1.2"
"8:145583396:C>T","NM_001253815.2:c.244C>T","NP_001240744.1:p.Arg82Trp","Unknown significance","Brown-Vialetto-Van Laere syndrome 2","missense_variant","3/5","null","82","MODERATE","23.3","null","0.0150421","gnomad_AF_eas_pass","86.84778493230624","0.3223442441222776","95.67","1.8","1.8"
"8:145583397:G>A","NM_001253815.2:c.245G>A","NP_001240744.1:p.Arg82Gln","Unknown significance","Brown-Vialetto-Van Laere syndrome 2","missense_variant","3/5","null","82","MODERATE","13.43","null","0.00617447","gnomad_AF_nfe_pass","86.84778493230624","0.3223442441222776","95.67","-0.2","0.2"
"8:145583397:G>C","NM_001253815.2:c.245G>C","NP_001240744.1:p.Arg82Pro","Unknown significance","Brown-Vialetto-Van Laere syndrome 2","missense_variant","3/5","null","82","MODERATE","14.25","null","0.00465911","gnomad_AF_nfe_pass","86.84778493230624","0.3223442441222776","95.67","-0.6","0.6"
"8:145583402:G>T","NM_001253815.2:c.250G>T","NP_001240744.1:p.Val84Leu","Unknown significance","null","missense_variant","3/5","null","84","MODERATE","22.9","null","0.00326691","gnomad_AF_sas_pass","2.528398647870343","0.014709218752799898","96.25","0.3","0.3"
"8:145583414:G>T","NM_001253815.2:c.262G>T","NP_001240744.1:p.Gly88Cys","Unknown significance","null","missense_variant","3/5","null","88","MODERATE","20.3","null","0.00326669","gnomad_AF_sas_pass","1.6020593968350028","0.01680255320574539","97.87","0.8","0.8"
"8:145583418:T>C","NM_001253815.2:c.266T>C","NP_001240744.1:p.Met89Thr","Unknown significance","null","missense_variant","3/5","null","89","MODERATE","14.92","null","0.0240751","gnomad_AF_afr_pass","37.10563577875871","0.1713623555464281","97.92","-0.9","0.9"
"8:145583419:G>A","NM_001253815.2:c.267G>A","NP_001240744.1:p.Met89Ile","Likely benign","null","missense_variant","3/5","null","89","MODERATE","13.87","null","0","null","37.10563577875871","0.1713623555464281","97.92","0.8","0.8"
"8:145583419:G>T","NM_001253815.2:c.267G>T","NP_001240744.1:p.Met89Ile","Likely benign","null","missense_variant","3/5","null","89","MODERATE","13.24","null","0.0114969","gnomad_AF_afr_pass","37.10563577875871","0.1713623555464281","97.92","0.8","0.8"
"8:145583420:G>A","NM_001253815.2:c.268G>A","NP_001240744.1:p.Val90Met","Unknown significance","null","missense_variant","3/5","null","90","MODERATE","16.31","null","0.000882005","gnomad_AF_nfe_pass","81.8266838877669","0.4760351355729295","98.49","-0.5","0.5"
"8:145583420:G>T","NM_001253815.2:c.268G>T","NP_001240744.1:p.Val90Leu","Likely benign","null","missense_variant","3/5","null","90","MODERATE","12.03","null","0.00352802","gnomad_AF_nfe_pass","81.8266838877669","0.4760351355729295","98.49","-0.1","0.1"
"8:145583423:G>A","NM_001253815.2:c.271G>A","NP_001240744.1:p.Gly91Ser","Unknown significance","null","missense_variant","3/5","null","91","MODERATE","23.7","null","0.00980008","gnomad_AF_sas_pass","0.11026329045687477","0.0011564520068371772","98.51","0.8","0.8"
"8:145583427:C>T","NM_001253815.2:c.275C>T","NP_001240744.1:p.Thr92Ile","Unknown significance","Brown-Vialetto-Van Laere syndrome 2","missense_variant","3/5","null","92","MODERATE","17.07","null","0.000882114","gnomad_AF_nfe_pass","0.0","0.0","98.3","2.1","2.1"
"8:145583432:C>G","NM_001253815.2:c.280C>G","NP_001240744.1:p.Leu94Val","Unknown significance","Brown-Vialetto-Van Laere syndrome 2","missense_variant","3/5","null","94","MODERATE","19.49","null","0","null","83.78641976386423","0.4344614227446941","98.6","-0.7","0.7"
"8:145583439:C>T","NM_001253815.2:c.287C>T","NP_001240744.1:p.Ala96Val","Unknown significance","null","missense_variant","3/5","null","96","MODERATE","23.9","null","0.00289251","gnomad_AF_amr_pass","0.0","0.0","98.21","0.9","0.9"
"8:145583442:C>T","NM_001253815.2:c.290C>T","NP_001240744.1:p.Ser97Phe","Unknown significance","Brown-Vialetto-Van Laere syndrome 2","missense_variant","3/5","null","97","MODERATE","0.079","null","0","null","77.07540056501128","0.5588932308466221","96.72","1.9","1.9"
"8:145583445:T>G","NM_001253815.2:c.293T>G","NP_001240744.1:p.Leu98Arg","Unknown significance","null","missense_variant","3/5","null","98","MODERATE","23.5","null","0.00648761","gnomad_AF_nfe_pass","82.61633034400445","0.4283941064000705","97.5","-1.6","1.6"
"8:145583449:G>C","NM_001253815.2:c.297G>C","NP_001240744.1:p.Trp99Cys","Pathogenic","Brown-Vialetto-Van Laere syndrome 2","missense_variant","3/5","null","99","MODERATE","24.3","null","0.0228654","gnomad_AF_sas_pass","12.74171527784547","0.0485716585695402","97.45","-4.6","4.6"
"8:145583453:C>T","NM_001253815.2:c.301C>T","NP_001240744.1:p.His101Tyr","Likely benign","null","missense_variant","3/5","null","101","MODERATE","12.39","null","0.000882177","gnomad_AF_nfe_pass","114.22436935414967","0.5561006777048558","95.66","0.3","0.3"
"8:145583454:A>G","NM_001253815.2:c.302A>G","NP_001240744.1:p.His101Arg","Unknown significance","Brown-Vialetto-Van Laere syndrome 2","missense_variant","3/5","null","101","MODERATE","0.010","null","0","null","114.22436935414967","0.5561006777048558","95.66","-0.1","0.1"
"8:145583456:G>A","NM_001253815.2:c.304G>A","NP_001240744.1:p.Val102Met","Likely benign","null","missense_variant","3/5","null","102","MODERATE","13.85","null","0.00289302","gnomad_AF_amr_pass","52.00888919482481","0.3025670532220752","95.86","-0.2","0.2"
"8:145583463:C>A","NM_001253815.2:c.311C>A","NP_001240744.1:p.Pro104Gln","Likely benign","null","missense_variant","3/5","null","104","MODERATE","0.502","null","0.00653339","gnomad_AF_sas_pass","98.85861084074614","0.6284713395352752","95.02","0.0","0.0"
"8:145583469:C>T","NM_001253815.2:c.317C>T","NP_001240744.1:p.Ala106Val","Unknown significance","null","missense_variant","3/5","null","106","MODERATE","23.9","null","0.00289302","gnomad_AF_amr_pass","121.23712646729282","0.9534315539005769","89.84","0.0","0.0"
"8:145583471:G>A","NM_001253815.2:c.319G>A","NP_001240744.1:p.Gly107Arg","Unknown significance","Brown-Vialetto-Van Laere syndrome 2","missense_variant","3/5","null","107","MODERATE","22.5","null","0","null","64.68686592964872","0.6784420781421143","89.08","-0.2","0.2"
"8:145583481:A>C","NM_001253815.2:c.329A>C","NP_001240744.1:p.His110Pro","Unknown significance","null","missense_variant","3/5","null","110","MODERATE","19.31","null","0.00326648","gnomad_AF_sas_pass","31.733812294608676","0.15449588054608476","96.48","-2.1","2.1"
"8:145583484:C>A","NM_001253815.2:c.332C>A","NP_001240744.1:p.Ser111Tyr","Unknown significance","null","missense_variant","3/5","null","111","MODERATE","15.96","null","0.00653253","gnomad_AF_sas_pass","0.0","0.0","96.89","0.8","0.8"
"8:145583486:G>A","NM_001253815.2:c.334G>A","NP_001240744.1:p.Val112Met","Unknown significance","null","missense_variant","3/5","null","112","MODERATE","22.7","null","0.000882036","gnomad_AF_nfe_pass","59.27738673751887","0.34485228401419277","95.81","-0.7","0.7"
"8:145583489:G>A","NM_001253815.2:c.337G>A","NP_001240744.1:p.Ala113Thr","Unknown significance","null","missense_variant","3/5","null","113","MODERATE","22.2","null","0.00289302","gnomad_AF_amr_pass","11.225500509027093","0.08827944628430953","96.26","-1.1","1.1"
"8:145583498:G>A","NM_001253815.2:c.346G>A","NP_001240744.1:p.Ala116Thr","Unknown significance","Brown-Vialetto-Van Laere syndrome 2","missense_variant","3/5","null","116","MODERATE","0.226","null","0.00543656","gnomad_AF_eas_pass","51.527513355436284","0.4052220516819987","97.8","-0.2","0.2"
"8:145583504:G>A","NM_001253815.2:c.352G>A","NP_001240744.1:p.Ala118Thr","Likely benign","null","missense_variant","3/5","null","118","MODERATE","0.264","null","0.000881508","gnomad_AF_nfe_pass","0.0","0.0","98.46","-0.1","0.1"
"8:145583504:G>C","NM_001253815.2:c.352G>C","NP_001240744.1:p.Ala118Pro","Unknown significance","null","missense_variant","3/5","null","118","MODERATE","15.09","null","0","gnomad_AF_afr_pass,gnomad_AF_amr_pass,gnomad_AF_eas_pass,gnomad_AF_nfe_pass,gnomad_AF_sas_pass","0.0","0.0","98.46","-1.5","1.5"
"8:145583505:C>A","NM_001253815.2:c.353C>A","NP_001240744.1:p.Ala118Asp","Unknown significance","Brown-Vialetto-Van Laere syndrome 2","missense_variant","3/5","null","118","MODERATE","19.47","null","0.438447","gnomad_AF_nfe_pass","0.0","0.0","98.46","-2.8","2.8"
"8:145583505:C>G","NM_001253815.2:c.353C>G","NP_001240744.1:p.Ala118Gly","Unknown significance","null","missense_variant","3/5","null","118","MODERATE","18.42","null","0.00310405","gnomad_AF_nfe_pass","0.0","0.0","98.46","-2.3","2.3"
"8:145583505:C>T","NM_001253815.2:c.353C>T","NP_001240744.1:p.Ala118Val","Unknown significance","Brown-Vialetto-Van Laere syndrome 2","missense_variant","3/5","null","118","MODERATE","19.13","null","0.00653253","gnomad_AF_sas_pass","0.0","0.0","98.46","2.2","2.2"
"8:145583511:T>C","NM_001253815.2:c.359T>C","NP_001240744.1:p.Val120Ala","Benign","null","missense_variant","3/5","null","120","MODERATE","15.67","null","0.71672","gnomad_AF_eas_pass","40.76518193535931","0.23715563172363938","98.13","-1.5","1.5"
"8:145583520:T>C","NM_001253815.2:c.368T>C","NP_001240744.1:p.Leu123Pro","Pathogenic","Brown-Vialetto-Van Laere syndrome","missense_variant","3/5","null","123","MODERATE","23.3","null","0.000880933","gnomad_AF_nfe_pass","29.53612409358399","0.153154968695735","97.03","-3.9","3.9"
"8:145583522:G>A","NM_001253815.2:c.370G>A","NP_001240744.1:p.Ala124Thr","Unknown significance","null","missense_variant","3/5","null","124","MODERATE","21.0","null","0","gnomad_AF_afr_pass,gnomad_AF_amr_pass,gnomad_AF_eas_pass,gnomad_AF_nfe_pass,gnomad_AF_sas_pass","2.2761594331937824","0.017900145677742268","96.56","-0.0","0.0"
"8:145583522:G>T","NM_001253815.2:c.370G>T","NP_001240744.1:p.Ala124Ser","Unknown significance","null","missense_variant","3/5","null","124","MODERATE","16.11","null","0.064154","gnomad_AF_afr_pass","2.2761594331937824","0.017900145677742268","96.56","-0.9","0.9"
"8:145583523:C>T","NM_001253815.2:c.371C>T","NP_001240744.1:p.Ala124Val","Unknown significance","null","missense_variant","3/5","null","124","MODERATE","17.08","null","0.0271828","gnomad_AF_eas_pass","2.2761594331937824","0.017900145677742268","96.56","2.8","2.8"
"8:145583528:T>G","NM_001253815.2:c.376T>G","NP_001240744.1:p.Cys126Gly","Unknown significance","Brown-Vialetto-Van Laere syndrome 2","missense_variant","3/5","null","126","MODERATE","24.8","null","0.00310174","gnomad_AF_nfe_pass","0.9880432070189333","0.006393942476958924","93.09","-4.6","4.6"
"8:145583529:G>A","NM_001253815.2:c.377G>A","NP_001240744.1:p.Cys126Tyr","Unknown significance","null","missense_variant","3/5","null","126","MODERATE","25.6","null","0","null","0.9880432070189333","0.006393942476958924","93.09","-2.1","2.1"
"8:145583535:C>T","NM_001253815.2:c.383C>T","NP_001240744.1:p.Ser128Leu","Pathogenic","Brown-Vialetto-Van Laere syndrome","missense_variant","3/5","null","128","MODERATE","23.6","null","0.00802375","gnomad_AF_afr_pass","0.010834989539567295","7.85672505827636E-5","94.46","0.6","0.6"
"8:145583537:A>T","NM_001253815.2:c.385A>T","NP_001240744.1:p.Asn129Tyr","Unknown significance","null","missense_variant","3/5","null","129","MODERATE","24.8","null","0.00289168","gnomad_AF_amr_pass","60.736750592582446","0.3800153690627943","91.08","0.7","0.7"
"8:145583543:A>G","NM_001253815.2:c.391A>G","NP_001240744.1:p.Thr131Ala","Unknown significance","null","missense_variant","3/5","null","131","MODERATE","23.2","null","0","gnomad_AF_afr_pass,gnomad_AF_amr_pass,gnomad_AF_eas_pass,gnomad_AF_nfe_pass,gnomad_AF_sas_pass","0.0","0.0","91.57","-0.3","0.3"
"8:145583544:C>G","NM_001253815.2:c.392C>G","NP_001240744.1:p.Thr131Ser","Unknown significance","null","missense_variant","3/5","null","131","MODERATE","22.9","null","0.00653253","gnomad_AF_sas_pass","0.0","0.0","91.57","-1.5","1.5"
"8:145583549:C>A","NM_001253815.2:c.397C>A","NP_001240744.1:p.Leu133Met","Unknown significance","Brown-Vialetto-Van Laere syndrome 2","missense_variant","3/5","null","133","MODERATE","24.3","null","0.00387549","gnomad_AF_nfe_pass","32.99723246237033","0.17110200677677986","91.2","-0.5","0.5"
"8:145583553:C>T","NM_001253815.2:c.401C>T","NP_001240744.1:p.Pro134Leu","Pathogenic","Progressive ataxia with hearing impairment, optic atrophy and sensorimotor neuropathy","missense_variant","3/5","null","134","MODERATE","26.4","null","0.0123122","gnomad_AF_afr_pass","42.83682798509371","0.2723254801607813","87.95","-0.3","0.3"
"8:145583562:G>A","NM_001253815.2:c.410G>A","NP_001240744.1:p.Ser137Asn","Unknown significance","null","missense_variant","3/5","null","137","MODERATE","18.78","null","0.00615764","gnomad_AF_afr_pass","72.27188858379965","0.5240617501029653","86.56","-0.2","0.2"
"8:145583564:C>T","NM_001253815.2:c.412C>T","NP_001240744.1:p.His138Tyr","Unknown significance","null","missense_variant","3/5","null","138","MODERATE","23.0","null","0","null","95.2076885150324","0.46351807766841385","85.21","0.4","0.4"
"8:145583568:T>C","NM_001253815.2:c.416T>C","NP_001240744.1:p.Leu139Pro","Unknown significance","null","missense_variant","3/5","null","139","MODERATE","25.2","null","0.0115048","gnomad_AF_afr_pass","0.4914188238408656","0.002548175730281138","85.43","-3.1","3.1"
"8:145583570:C>T","NM_001253815.2:c.418C>T","NP_001240744.1:p.Pro140Ser","Unknown significance","null","missense_variant","3/5","null","140","MODERATE","25.7","null","0.000880452","gnomad_AF_nfe_pass","15.942874221402732","0.10135322995897926","85.05","-0.7","0.7"
"8:145583571:C>A","NM_001253815.2:c.419C>A","NP_001240744.1:p.Pro140Gln","Unknown significance","null","missense_variant","3/5","null","140","MODERATE","23.5","null","0.000880421","gnomad_AF_nfe_pass","15.942874221402732","0.10135322995897926","85.05","-0.0","0.0"
"8:145583573:C>A","NM_001253815.2:c.421C>A","NP_001240744.1:p.Pro141Thr","Pathogenic","Brown-Vialetto-Van Laere syndrome","missense_variant","3/5","null","141","MODERATE","24.1","null","0.00176097","gnomad_AF_nfe_pass","78.23985891193797","0.4973922708123852","83.9","-0.3","0.3"
"8:145583573:C>G","NM_001253815.2:c.421C>G","NP_001240744.1:p.Pro141Ala","Unknown significance","null","missense_variant","3/5","null","141","MODERATE","20.1","null","0.00648677","gnomad_AF_nfe_pass","78.23985891193797","0.4973922708123852","83.9","-0.2","0.2"
"8:145583573:C>T","NM_001253815.2:c.421C>T","NP_001240744.1:p.Pro141Ser","Unknown significance","null","missense_variant","3/5","null","141","MODERATE","24.5","null","0.0123107","gnomad_AF_afr_pass","78.23985891193797","0.4973922708123852","83.9","-0.4","0.4"
"8:145583576:C>T","NM_001253815.2:c.424C>T","NP_001240744.1:p.Arg142Cys","Unknown significance","Brown-Vialetto-Van Laere syndrome 2","missense_variant","3/5","null","142","MODERATE","22.9","null","0.0040093","gnomad_AF_afr_pass","95.03539420829986","0.3527333752359366","87.08","-0.3","0.3"
"8:145583577:G>A","NM_001253815.2:c.425G>A","NP_001240744.1:p.Arg142His","Unknown significance","Brown-Vialetto-Van Laere syndrome 2","missense_variant","3/5","null","142","MODERATE","15.90","null","0","gnomad_AF_afr_pass,gnomad_AF_amr_pass,gnomad_AF_eas_pass,gnomad_AF_nfe_pass,gnomad_AF_sas_pass","95.03539420829986","0.3527333752359366","87.08","-0.0","0.0"
"8:145583577:G>T","NM_001253815.2:c.425G>T","NP_001240744.1:p.Arg142Leu","Likely benign","null","missense_variant","3/5","null","142","MODERATE","15.48","null","0.0261301","gnomad_AF_sas_pass","95.03539420829986","0.3527333752359366","87.08","0.4","0.4"
"8:145583580:T>C","NM_001253815.2:c.428T>C","NP_001240744.1:p.Phe143Ser","Unknown significance","null","missense_variant","3/5","null","143","MODERATE","26.1","null","0.00326627","gnomad_AF_sas_pass","0.0","0.0","88.39","-4.4","4.4"
"8:145583585:C>T","NM_001253815.2:c.433C>T","NP_001240744.1:p.Arg145Trp","Unknown significance","Brown-Vialetto-Van Laere syndrome 2","missense_variant","3/5","null","145","MODERATE","28.0","null","0.0665086","gnomad_AF_amr_pass","101.82682308586674","0.3779404430932903","87.25","0.5","0.5"
"8:145583586:G>A","NM_001253815.2:c.434G>A","NP_001240744.1:p.Arg145Gln","Unknown significance","null","missense_variant","3/5","null","145","MODERATE","24.8","null","0.0261318","gnomad_AF_sas_pass","101.82682308586674","0.3779404430932903","87.25","-0.2","0.2"
"8:145583589:C>T","NM_001253815.2:c.437C>T","NP_001240744.1:p.Ser146Leu","Unknown significance","null","missense_variant","3/5","null","146","MODERATE","25.4","null","0.000880824","gnomad_AF_nfe_pass","6.309439424791254","0.04575134166157571","91.96","1.8","1.8"
"8:145583607:G>C","NM_001253815.2:c.455G>C","NP_001240744.1:p.Gly152Ala","Unknown significance","null","missense_variant","3/5","null","152","MODERATE","25.5","null","0.000881772","gnomad_AF_nfe_pass","2.7910061233434407","0.02927234094920964","87.91","-0.5","0.5"
"8:145583615:G>T","NM_001253815.2:c.463G>T","NP_001240744.1:p.Ala155Ser","Unknown significance","null","missense_variant","3/5","null","155","MODERATE","25.6","null","0","null","1.122458860935582","0.008827227493386665","91.7","-1.0","1.0"
"8:145583618:C>G","NM_001253815.2:c.466C>G","NP_001240744.1:p.Leu156Val","Unknown significance","null","missense_variant","3/5","null","156","MODERATE","24.0","null","0.00802697","gnomad_AF_afr_pass","36.26066074053554","0.1880240055535842","93.12","-1.1","1.1"
"8:145583630:G>A","NM_001253815.2:c.478G>A","NP_001240744.1:p.Val160Met","Unknown significance","Brown-Vialetto-Van Laere syndrome 2","missense_variant","3/5","null","160","MODERATE","11.34","null","0.0116619","gnomad_AF_nfe_pass","86.38149943158052","0.5025332426926432","97.26","-0.4","0.4"
"8:145583633:C>G","NM_001253815.2:c.481C>G","NP_001240744.1:p.Leu161Val","Unknown significance","null","missense_variant","3/5","null","161","MODERATE","16.87","null","0.00155519","gnomad_AF_nfe_pass","33.85269075849553","0.17553785246013484","97.4","-0.0","0.0"
"8:145583643:T>C","NM_001253815.2:c.491T>C","NP_001240744.1:p.Val164Ala","Likely benign","null","missense_variant","3/5","null","164","MODERATE","1.003","null","0.00326669","gnomad_AF_sas_pass","101.63861241361934","0.5912930640831585","97.56","-0.7","0.7"
"8:145583647:G>T","NM_001253815.2:c.495G>T","NP_001240744.1:p.Gln165His","Unknown significance","null","missense_variant","3/5","null","165","MODERATE","22.9","null","0.00543892","gnomad_AF_eas_pass","0.0","0.0","97.6","-0.4","0.4"
"8:145583648:G>A","NM_001253815.2:c.496G>A","NP_001240744.1:p.Gly166Ser","Unknown significance","null","missense_variant","3/5","null","166","MODERATE","25.8","null","0.00868005","gnomad_AF_amr_pass","3.4421238513806216","0.036101326372698","95.06","-0.9","0.9"
"8:145583649:G>A","NM_001253815.2:c.497G>A","NP_001240744.1:p.Gly166Asp","Unknown significance","null","missense_variant","3/5","null","166","MODERATE","25.6","null","0.00804246","gnomad_AF_afr_pass","3.4421238513806216","0.036101326372698","95.06","-1.5","1.5"
"8:145583657:C>T","NM_001253815.2:c.505C>T","NP_001240744.1:p.Arg169Cys","Pathogenic","Brown-Vialetto-Van Laere syndrome","missense_variant","3/5","null","169","MODERATE","23.7","null","0.00354912","gnomad_AF_nfe_pass","186.16324064198466","0.6909634959011117","84.89","-0.3","0.3"
"8:145583663:G>A","NM_001253815.2:c.511G>A","NP_001240744.1:p.Glu171Lys","Unknown significance","Brown-Vialetto-Van Laere syndrome 2","missense_variant","3/5","null","171","MODERATE","17.77","null","0.00621195","gnomad_AF_afr_pass","86.35830399096122","0.4422489157030752","80.05","-0.2","0.2"
"8:145583670:C>T","NM_001253815.2:c.518C>T","NP_001240744.1:p.Pro173Leu","Likely benign","null","missense_variant","3/5","null","173","MODERATE","6.865","null","0.0026651","gnomad_AF_nfe_pass","26.88091585490595","0.1708893646349386","70.74","1.5","1.5"
"8:145583676:C>T","NM_001253815.2:c.524C>T","NP_001240744.1:p.Ala175Val","Likely benign","null","missense_variant","3/5","null","175","MODERATE","11.25","null","0","null","49.43279399203704","0.388748784822031","64.78","0.6","0.6"
"8:145583678:C>T","NM_001253815.2:c.526C>T","NP_001240744.1:p.Pro176Ser","Likely benign","null","missense_variant","3/5","null","176","MODERATE","1.414","null","0.0032684","gnomad_AF_sas_pass","103.3080395622357","0.6567575799040173","64.97","0.1","0.1"
"8:145583683:C>G","NM_001253815.2:c.531C>G","NP_001240744.1:p.Ile177Met","Unknown significance","null","missense_variant","3/5","null","177","MODERATE","11.89","null","0.000888336","gnomad_AF_nfe_pass","200.63527232823634","1.022821072283895","65.31","-0.0","0.0"
"8:145583685:A>G","NM_001253815.2:c.533A>G","NP_001240744.1:p.Asn178Ser","Likely benign","null","missense_variant","3/5","null","178","MODERATE","11.76","null","0.0032684","gnomad_AF_sas_pass","167.09826312288106","1.045493996811686","64.51","-0.0","0.0"
"8:145583687:G>A","NM_001253815.2:c.535G>A","NP_001240744.1:p.Gly179Ser","Unknown significance","Brown-Vialetto-Van Laere syndrome 2","missense_variant","3/5","null","179","MODERATE","13.61","null","0.149507","gnomad_AF_afr_pass","38.193705634321205","0.4005792621129353","59.84","0.3","0.3"
"8:145583693:C>T","NM_001253815.2:c.541C>T","NP_001240744.1:p.Pro181Ser","Unknown significance","Brown-Vialetto-Van Laere syndrome 2","missense_variant","3/5","null","181","MODERATE","1.042","null","0.0115048","gnomad_AF_afr_pass","82.31017440730554","0.5232683842834283","63.33","0.2","0.2"
"8:145583696:G>A","NM_001253815.2:c.544G>A","NP_001240744.1:p.Gly182Ser","Likely benign","null","missense_variant","3/5","null","182","MODERATE","11.10","null","0.0218031","gnomad_AF_eas_pass","22.48179706240837","0.23579125221459687","63.56","0.4","0.4"
"8:145583699:C>A","NM_001253815.2:c.547C>A","NP_001240744.1:p.Pro183Thr","Likely benign","null","missense_variant","3/5","null","183","MODERATE","7.999","null","0.0552486","gnomad_AF_eas_pass","131.65520710114413","0.8369683091839168","69.43","0.2","0.2"
"8:145583699:C>G","NM_001253815.2:c.547C>G","NP_001240744.1:p.Pro183Ala","Likely benign","null","missense_variant","3/5","null","183","MODERATE","4.527","null","0.0217984","gnomad_AF_eas_pass","131.65520710114413","0.8369683091839168","69.43","0.1","0.1"
"8:145583699:C>T","NM_001253815.2:c.547C>T","NP_001240744.1:p.Pro183Ser","Likely benign","null","missense_variant","3/5","null","183","MODERATE","7.278","null","0.000888462","gnomad_AF_nfe_pass","131.65520710114413","0.8369683091839168","69.43","-0.0","0.0"
"8:145583700:C>T","NM_001253815.2:c.548C>T","NP_001240744.1:p.Pro183Leu","Likely benign","null","missense_variant","3/5","null","183","MODERATE","11.18","null","0.00621813","gnomad_AF_afr_pass","131.65520710114413","0.8369683091839168","69.43","0.3","0.3"
"8:145583702:C>T","NM_001253815.2:c.550C>T","NP_001240744.1:p.Pro184Ser","Unknown significance","null","missense_variant","3/5","null","184","MODERATE","17.79","null","0.010898","gnomad_AF_eas_pass","73.36091325763583","0.46637547333969337","72.68","-0.5","0.5"
"8:145583703:C>A","NM_001253815.2:c.551C>A","NP_001240744.1:p.Pro184Gln","Unknown significance","null","missense_variant","3/5","null","184","MODERATE","20.4","null","0","null","73.36091325763583","0.46637547333969337","72.68","-0.4","0.4"
"8:145583703:C>G","NM_001253815.2:c.551C>G","NP_001240744.1:p.Pro184Arg","Unknown significance","null","missense_variant","3/5","null","184","MODERATE","20.2","null","0.00649098","gnomad_AF_nfe_pass","73.36091325763583","0.46637547333969337","72.68","-0.1","0.1"
"8:145583703:C>T","NM_001253815.2:c.551C>T","NP_001240744.1:p.Pro184Leu","Unknown significance","null","missense_variant","3/5","null","184","MODERATE","21.2","null","0.00544722","gnomad_AF_eas_pass","73.36091325763583","0.46637547333969337","72.68","0.2","0.2"
"8:145583705:C>G","NM_001253815.2:c.553C>G","NP_001240744.1:p.Leu185Val","Likely benign","null","missense_variant","3/5","null","185","MODERATE","0.020","null","0.000887816","gnomad_AF_nfe_pass","95.56526515149586","0.49553878993406403","77.08","0.0","0.0"
"8:145583708:G>A","NM_001253815.2:c.556G>A","NP_001240744.1:p.Asp186Asn","Unknown significance","Brown-Vialetto-Van Laere syndrome 2","missense_variant","3/5","null","186","MODERATE","0.004","null","0.0326691","gnomad_AF_eas_pass","50.21978224601537","0.3139131920998006","81.12","0.5","0.5"
"8:145583708:G>C","NM_001253815.2:c.556G>C","NP_001240744.1:p.Asp186His","Likely benign","null","missense_variant","3/5","null","186","MODERATE","0.004","null","0","null","50.21978224601537","0.3139131920998006","81.12","1.3","1.3"
"8:145583714:C>T","NM_001253815.2:c.562C>T","NP_001240744.1:p.Leu188Phe","Likely benign","null","missense_variant","3/5","null","188","MODERATE","9.663","null","0.00326712","gnomad_AF_sas_pass","105.71701028720334","0.5481790823278822","88.46","0.1","0.1"
"8:145583717:G>A","NM_001253815.2:c.565G>A","NP_001240744.1:p.Glu189Lys","Unknown significance","Brown-Vialetto-Van Laere syndrome 2","missense_variant","3/5","null","189","MODERATE","24.3","null","0","null","11.50363674413519","0.05891119488947267","93.21","-0.2","0.2"
"8:145583720:C>T","NM_001253815.2:c.568C>T","NP_001240744.1:p.Arg190Cys","Unknown significance","null","missense_variant","3/5","null","190","MODERATE","24.1","null","0.00620655","gnomad_AF_afr_pass","186.04587201536853","0.6905278704990392","95.55","-0.5","0.5"
"8:145583721:G>A","NM_001253815.2:c.569G>A","NP_001240744.1:p.Arg190His","Likely benign","null","missense_variant","3/5","null","190","MODERATE","13.71","null","0.00544484","gnomad_AF_eas_pass","186.04587201536853","0.6905278704990392","95.55","-0.1","0.1"
"8:145583723:T>C","NM_001253815.2:c.571T>C","NP_001240744.1:p.Phe191Leu","Unknown significance","null","missense_variant","3/5","null","191","MODERATE","23.4","null","0.00289268","gnomad_AF_amr_pass","36.20785633250677","0.15759650248459556","96.33","-1.9","1.9"
"8:145583727:C>T","NM_001253815.2:c.575C>T","NP_001240744.1:p.Pro192Leu","Unknown significance","null","missense_variant","3/5","null","192","MODERATE","17.37","null","0.00544366","gnomad_AF_eas_pass","66.98692207013443","0.4258542608147854","96.13","0.4","0.4"
"8:145583729:G>A","NM_001253815.2:c.577G>A","NP_001240744.1:p.Ala193Thr","Unknown significance","Brown-Vialetto-Van Laere syndrome 2","missense_variant","3/5","null","193","MODERATE","18.66","null","0.00353845","gnomad_AF_nfe_pass","0.0","0.0","96.75","0.1","0.1"
"8:145583730:C>T","NM_001253815.2:c.578C>T","NP_001240744.1:p.Ala193Val","Unknown significance","null","missense_variant","3/5","null","193","MODERATE","21.0","null","0.00088433","gnomad_AF_nfe_pass","0.0","0.0","96.75","1.8","1.8"
"8:145583732:AG>CT","NM_001253815.2:c.580_581inv","NP_001240744.1:p.Ser194Leu","Unknown significance","Brown-Vialetto-Van Laere syndrome 2","missense_variant","3/5","null","194","MODERATE","null","null","0","null","39.84136406889326","0.2888998113868838","97.94","0.8","0.8"
"8:145583733:G>A","NM_001253815.2:c.581G>A","NP_001240744.1:p.Ser194Asn","Unknown significance","Brown-Vialetto-Van Laere syndrome 2","missense_variant","3/5","null","194","MODERATE","14.45","null","0.000883736","gnomad_AF_nfe_pass","39.84136406889326","0.2888998113868838","97.94","-0.2","0.2"
"8:145583738:T>A","NM_001253815.2:c.586T>A","NP_001240744.1:p.Phe196Ile","Unknown significance","null","missense_variant","3/5","null","196","MODERATE","25.3","null","0.0163345","gnomad_AF_sas_pass","0.0","0.0","98.31","-2.4","2.4"
"8:145583747:G>A","NM_001253815.2:c.595G>A","NP_001240744.1:p.Ala199Thr","Unknown significance","null","missense_variant","3/5","null","199","MODERATE","14.39","null","0.0228668","gnomad_AF_sas_pass","29.75435081199105","0.23399380830452784","98.19","-0.2","0.2"
"8:145583750:C>G","NM_001253815.2:c.598C>G","NP_001240744.1:p.Leu200Val","Unknown significance","null","missense_variant","3/5","null","200","MODERATE","15.48","null","0.000883236","gnomad_AF_nfe_pass","0.0","0.0","97.8","-1.1","1.1"
"8:145583754:C>A","NM_001253815.2:c.602C>A","NP_001240744.1:p.Thr201Asn","Unknown significance","Brown-Vialetto-Van Laere syndrome 2","missense_variant","3/5","null","201","MODERATE","13.21","null","0.0228668","gnomad_AF_sas_pass","13.847031811252219","0.0880084143353932","98.52","-1.2","1.2"
"8:145583757:C>T","NM_001253815.2:c.605C>T","NP_001240744.1:p.Ala202Val","Unknown significance","Brown-Vialetto-Van Laere syndrome 2","missense_variant","3/5","null","202","MODERATE","13.73","null","0.00648424","gnomad_AF_nfe_pass","67.64663373756774","0.531985844599774","98.39","0.6","0.6"
"8:145583762:C>A","NM_001253815.2:c.610C>A","NP_001240744.1:p.Leu204Met","Unknown significance","null","missense_variant","3/5","null","204","MODERATE","15.82","null","0.130404","gnomad_AF_eas_pass","1.25438476475493","0.006504416719327795","98.08","-0.5","0.5"
"8:145583765:G>A","NM_001253815.2:c.613G>A","NP_001240744.1:p.Val205Ile","Likely benign","null","missense_variant","3/5","null","205","MODERATE","11.18","null","0.02009","gnomad_AF_afr_pass","80.86531909152316","0.470442297156764","98.59","-0.0","0.0"
"8:145583765:G>C","NM_001253815.2:c.613G>C","NP_001240744.1:p.Val205Leu","Likely benign","null","missense_variant","3/5","null","205","MODERATE","8.255","null","0.000883267","gnomad_AF_nfe_pass","80.86531909152316","0.470442297156764","98.59","-0.0","0.0"
"8:145583768:G>A","NM_001253815.2:c.616G>A","NP_001240744.1:p.Ala206Thr","Unknown significance","Brown-Vialetto-Van Laere syndrome 2","missense_variant","3/5","null","206","MODERATE","1.445","null","0.00618047","gnomad_AF_afr_pass","29.49695071710419","0.2319695655697057","97.97","-0.1","0.1"
"8:145583772:C>T","NM_001253815.2:c.620C>T","NP_001240744.1:p.Ser207Leu","Unknown significance","Brown-Vialetto-Van Laere syndrome 2","missense_variant","3/5","null","207","MODERATE","23.3","null","0.00176669","gnomad_AF_nfe_pass","0.0","0.0","97.72","2.2","2.2"
"8:145583777:G>A","NM_001253815.2:c.625G>A","NP_001240744.1:p.Ala209Thr","Unknown significance","Brown-Vialetto-Van Laere syndrome 2","missense_variant","3/5","null","209","MODERATE","16.55","null","0.000883548","gnomad_AF_nfe_pass","67.80433475649171","0.5332260350587995","97.63","-0.1","0.1"
"8:145583777:G>C","NM_001253815.2:c.625G>C","NP_001240744.1:p.Ala209Pro","Unknown significance","null","missense_variant","3/5","null","209","MODERATE","21.1","null","0.00618123","gnomad_AF_afr_pass","67.80433475649171","0.5332260350587995","97.63","-0.5","0.5"
"8:145583778:C>A","NM_001253815.2:c.626C>A","NP_001240744.1:p.Ala209Asp","Unknown significance","null","missense_variant","3/5","null","209","MODERATE","20.6","null","0.000883392","gnomad_AF_nfe_pass","67.80433475649171","0.5332260350587995","97.63","-0.9","0.9"
"8:145583784:T>C","NM_001253815.2:c.632T>C","NP_001240744.1:p.Phe211Ser","Unknown significance","null","missense_variant","3/5","null","211","MODERATE","24.8","null","0.000883845","gnomad_AF_nfe_pass","0.0","0.0","95.88","-6.6","6.6"
"8:145583785:C>G","NM_001253815.2:c.633C>G","NP_001240744.1:p.Phe211Leu","Unknown significance","null","missense_variant","3/5","null","211","MODERATE","20.2","null","0.000883783","gnomad_AF_nfe_pass","0.0","0.0","95.88","-2.2","2.2"
"8:145583787:A>T","NM_001253815.2:c.635A>T","NP_001240744.1:p.Gln212Leu","Unknown significance","null","missense_variant","3/5","null","212","MODERATE","14.65","null","0","null","97.8585294656603","0.49485556617546295","95.2","1.5","1.5"
"8:145583792:C>G","NM_001253815.2:c.640C>G","NP_001240744.1:p.Leu214Val","Unknown significance","Brown-Vialetto-Van Laere syndrome 2","missense_variant","3/5","null","214","MODERATE","23.2","null","0","null","0.0","0.0","91.6","-2.0","2.0"
"8:145583798:C>G","NM_001253815.2:c.646C>G","NP_001240744.1:p.Leu216Val","Unknown significance","null","missense_variant","3/5","null","216","MODERATE","14.63","null","0.00326669","gnomad_AF_sas_pass","159.28570552772334","0.8259512035662067","88.17","-0.1","0.1"
"8:145583801:C>G","NM_001253815.2:c.649C>G","NP_001240744.1:p.Leu217Val","Likely benign","null","missense_variant","3/5","null","217","MODERATE","14.79","null","0.00653339","gnomad_AF_sas_pass","10.276685736601092","0.05328815240950806","83.41","-0.9","0.9"
"8:145583802:T>A","NM_001253815.2:c.650T>A","NP_001240744.1:p.Leu217Gln","Unknown significance","null","missense_variant","3/5","null","217","MODERATE","23.4","null","0.00265168","gnomad_AF_nfe_pass","10.276685736601092","0.05328815240950806","83.41","-2.4","2.4"
"8:145583807:C>A","NM_001253815.2:c.655C>A","NP_001240744.1:p.Pro219Thr","Unknown significance","null","missense_variant","3/5","null","219","MODERATE","20.2","null","0.00088433","gnomad_AF_nfe_pass","63.865356335571136","0.40600961013677067","65.36","0.1","0.1"
"8:145583808:C>T","NM_001253815.2:c.656C>T","NP_001240744.1:p.Pro219Leu","Unknown significance","Brown-Vialetto-Van Laere syndrome 2","missense_variant","3/5","null","219","MODERATE","21.2","null","0.00326648","gnomad_AF_sas_pass","63.865356335571136","0.40600961013677067","65.36","0.6","0.6"
"8:145583811:C>T","NM_001253815.2:c.659C>T","NP_001240744.1:p.Pro220Leu","Likely benign","null","missense_variant","3/5","null","220","MODERATE","11.70","null","0.0108826","gnomad_AF_eas_pass","109.33814487454342","0.6950926154758788","56.8","0.3","0.3"
"8:145583816:C>G","NM_001253815.2:c.664C>G","NP_001240744.1:p.Pro222Ala","Likely benign","null","missense_variant","3/5","null","222","MODERATE","12.10","null","0.0163274","gnomad_AF_eas_pass","146.92210596130593","0.9340241781223544","43.9","-0.0","0.0"
"8:145583820:C>A","NM_001253815.2:c.668C>A","NP_001240744.1:p.Ser223Tyr","Unknown significance","null","missense_variant","3/5","null","223","MODERATE","17.04","null","0.00289151","gnomad_AF_amr_pass","109.33058737647227","0.7927837515116852","33.9","0.2","0.2"
"8:145583822:G>T","NM_001253815.2:c.670G>T","NP_001240744.1:p.Val224Leu","Likely benign","null","missense_variant","3/5","null","224","MODERATE","8.703","null","0.011489","gnomad_AF_afr_pass","138.9283749282113","0.8082300864665126","37.33","-0.1","0.1"
"8:145583825:C>T","NM_001253815.2:c.673C>T","NP_001240744.1:p.Pro225Ser","Likely benign","null","missense_variant","3/5","null","225","MODERATE","9.799","null","0.00618429","gnomad_AF_afr_pass","96.35589155045525","0.6125608656628102","35.01","-0.1","0.1"
"8:145583831:G>A","NM_001253815.2:c.679G>A","NP_001240744.1:p.Gly227Arg","Unknown significance","Brown-Vialetto-Van Laere syndrome 2","missense_variant","3/5","null","227","MODERATE","15.58","null","0.0652283","gnomad_AF_eas_pass","90.85343714859346","0.9528795964930812","26.83","0.1","0.1"
"8:145583838:T>C","NM_001253815.2:c.686T>C","NP_001240744.1:p.Leu229Ser","Likely benign","null","missense_variant","3/5","null","229","MODERATE","0.022","null","0.000778343","gnomad_AF_nfe_pass","212.20522162908782","1.100357107543923","25.15","-0.0","0.0"
"8:145583841:G>A","NM_001253815.2:c.689G>A","NP_001240744.1:p.Gly230Glu","Likely benign","null","missense_variant","3/5","null","230","MODERATE","3.790","null","0.00617971","gnomad_AF_afr_pass","69.36311121014248","0.727486988888769","26.23","-0.0","0.0"
"8:145583850:T>C","NM_001253815.2:c.698T>C","NP_001240744.1:p.Leu233Pro","Likely benign","null","missense_variant","3/5","null","233","MODERATE","11.86","null","0","null","177.25991665976764","0.9191536743621892","27.53","-0.2","0.2"
"8:145583861:G>A","NM_001253815.2:c.709G>A","NP_001240744.1:p.Ala237Thr","Likely benign","null","missense_variant","3/5","null","237","MODERATE","9.351","null","0.000886336","gnomad_AF_nfe_pass","85.77719103918068","0.6745679555822851","22.01","0.1","0.1"
"8:145583861:G>C","NM_001253815.2:c.709G>C","NP_001240744.1:p.Ala237Pro","Unknown significance","Brown-Vialetto-Van Laere syndrome 2","missense_variant","3/5","null","237","MODERATE","11.56","null","0.0362115","gnomad_AF_afr_pass","85.77719103918068","0.6745679555822851","22.01","-0.1","0.1"
"8:145583862:C>T","NM_001253815.2:c.710C>T","NP_001240744.1:p.Ala237Val","Likely benign","null","missense_variant","3/5","null","237","MODERATE","13.32","null","0.0108885","gnomad_AF_eas_pass","85.77719103918068","0.6745679555822851","22.01","0.1","0.1"
"8:145583867:G>C","NM_001253815.2:c.715G>C","NP_001240744.1:p.Gly239Arg","Likely benign","null","missense_variant","3/5","null","239","MODERATE","16.61","null","0.00289268","gnomad_AF_amr_pass","62.38322079526685","0.654281226169911","24.08","0.3","0.3"
"8:145583870:G>A","NM_001253815.2:c.718G>A","NP_001240744.1:p.Ala240Thr","Likely benign","null","missense_variant","3/5","null","240","MODERATE","8.927","null","0","null","109.94050368272269","0.8645927886711237","25.09","0.1","0.1"
"8:145583876:G>A","NM_001253815.2:c.724G>A","NP_001240744.1:p.Glu242Lys","Unknown significance","Brown-Vialetto-Van Laere syndrome 2","missense_variant","3/5","null","242","MODERATE","18.26","null","0.0401445","gnomad_AF_eas_pass","205.18438129229932","1.0507683216569814","23.93","0.0","0.0"
"8:145583882:G>A","NM_001253815.2:c.730G>A","NP_001240744.1:p.Val244Met","Unknown significance","null","missense_variant","3/5","null","244","MODERATE","18.71","null","0.00326776","gnomad_AF_sas_pass","168.39640652011465","0.9796633860630057","25.76","0.0","0.0"
"8:145583888:G>A","NM_001253815.2:c.736G>A","NP_001240744.1:p.Glu246Lys","Unknown significance","null","missense_variant","3/5","null","246","MODERATE","21.9","null","0.00289285","gnomad_AF_amr_pass","128.11372134163565","0.6560822958722589","25.36","-0.0","0.0"
"8:145583888:G>C","NM_001253815.2:c.736G>C","NP_001240744.1:p.Glu246Gln","Unknown significance","null","missense_variant","3/5","null","246","MODERATE","19.68","null","0","null","128.11372134163565","0.6560822958722589","25.36","0.1","0.1"
"8:145583892:C>T","NM_001253815.2:c.740C>T","NP_001240744.1:p.Ser247Phe","Likely benign","null","missense_variant","3/5","null","247","MODERATE","15.01","null","0.0044309","gnomad_AF_nfe_pass","114.23190099727204","0.8283244166894262","24.35","0.0","0.0"
"8:145583895:C>T","NM_001253815.2:c.743C>T","NP_001240744.1:p.Ser248Leu","Likely benign","null","missense_variant","3/5","null","248","MODERATE","6.235","null","0.00326712","gnomad_AF_sas_pass","19.758173452351006","0.1432715148473104","25.06","0.5","0.5"
"8:145583898:C>A","NM_001253815.2:c.746C>A","NP_001240744.1:p.Pro249Gln","Unknown significance","null","missense_variant","3/5","null","249","MODERATE","19.47","null","0.00653381","gnomad_AF_sas_pass","126.90822834266218","0.8067904615111979","25.84","-0.2","0.2"
"8:145583898:C>T","NM_001253815.2:c.746C>T","NP_001240744.1:p.Pro249Leu","Unknown significance","null","missense_variant","3/5","null","249","MODERATE","14.59","null","0","null","126.90822834266218","0.8067904615111979","25.84","-0.1","0.1"
"8:145583905:A>C","NM_001253815.2:c.753A>C","NP_001240744.1:p.Gln251His","Unknown significance","null","missense_variant","3/5","null","251","MODERATE","16.45","null","0","null","154.8227447308788","0.7829148610650569","23.14","0.0","0.0"
"8:145583906:G>A","NM_001253815.2:c.754G>A","NP_001240744.1:p.Glu252Lys","Unknown significance","null","missense_variant","3/5","null","252","MODERATE","16.70","null","0.00618812","gnomad_AF_afr_pass","133.1081465826817","0.6816592125708993","23.97","-0.1","0.1"
"8:145583912:C>T","NM_001253815.2:c.760C>T","NP_001240744.1:p.Pro254Ser","Unknown significance","null","missense_variant","3/5","null","254","MODERATE","8.698","null","0.00155965","gnomad_AF_nfe_pass","118.71370678164632","0.7546956374133899","27.24","-0.0","0.0"
"8:145583915:A>C","NM_001253815.2:c.763A>C","NP_001240744.1:p.Ser255Arg","Likely benign","null","missense_variant","3/5","null","255","MODERATE","2.249","null","0.00618888","gnomad_AF_afr_pass","130.48120996261736","0.9461522673407724","25.52","0.0","0.0"
"8:145583917:C>A","NM_001253815.2:c.765C>A","NP_001240744.1:p.Ser255Arg","Likely benign","null","missense_variant","3/5","null","255","MODERATE","0.196","null","0.0520924","gnomad_AF_amr_pass","130.48120996261736","0.9461522673407724","25.52","0.0","0.0"
"8:145583918:C>G","NM_001253815.2:c.766C>G","NP_001240744.1:p.Gln256Glu","Likely benign","null","missense_variant","3/5","null","256","MODERATE","0.238","null","0.00326712","gnomad_AF_sas_pass","176.00414095207685","0.8900259312667191","28.03","-0.1","0.1"
"8:145583919:A>G","NM_001253815.2:c.767A>G","NP_001240744.1:p.Gln256Arg","Likely benign","null","missense_variant","3/5","null","256","MODERATE","9.500","null","0.00618888","gnomad_AF_afr_pass","176.00414095207685","0.8900259312667191","28.03","0.0","0.0"
"8:145583934:C>G","NM_001253815.2:c.782C>G","NP_001240744.1:p.Thr261Ser","Likely benign","null","missense_variant","3/5","null","261","MODERATE","0.661","null","0.000887217","gnomad_AF_nfe_pass","122.36236271264741","0.7777058407507539","31.24","-0.1","0.1"
"8:145583940:G>A","NM_001253815.2:c.788G>A","NP_001240744.1:p.Gly263Asp","Likely benign","null","missense_variant","3/5","null","263","MODERATE","10.22","null","0.0324044","gnomad_AF_nfe_pass","57.428533583228884","0.6023159896358823","31.92","0.1","0.1"
"8:145583942:C>G","NM_001253815.2:c.790C>G","NP_001240744.1:p.Pro264Ala","Likely benign","null","missense_variant","3/5","null","264","MODERATE","8.810","null","0.00545019","gnomad_AF_eas_pass","113.22489738723513","0.7198017686525149","39.7","-0.1","0.1"
"8:145583942:C>T","NM_001253815.2:c.790C>T","NP_001240744.1:p.Pro264Ser","Unknown significance","Brown-Vialetto-Van Laere syndrome 2","missense_variant","3/5","null","264","MODERATE","10.18","null","0","null","113.22489738723513","0.7198017686525149","39.7","-0.1","0.1"
"8:145583945:G>T","NM_001253815.2:c.793G>T","NP_001240744.1:p.Asp265Tyr","Unknown significance","null","missense_variant","3/5","null","265","MODERATE","23.3","null","0","null","80.2250743531416","0.5014698999145242","45.0","0.6","0.6"
"8:145583947:C>A","NM_001253815.2:c.795C>A","NP_001240744.1:p.Asp265Glu","Likely benign","null","missense_variant","3/5","null","265","MODERATE","8.948","null","0.000887311","gnomad_AF_nfe_pass","80.2250743531416","0.5014698999145242","45.0","0.1","0.1"
"8:145583948:C>A","NM_001253815.2:c.796C>A","NP_001240744.1:p.Pro266Thr","Likely benign","null","missense_variant","3/5","null","266","MODERATE","9.355","null","0.00326691","gnomad_AF_sas_pass","111.9713422310619","0.7118325742497059","48.58","0.0","0.0"
"8:145583948:C>T","NM_001253815.2:c.796C>T","NP_001240744.1:p.Pro266Ser","Likely benign","null","missense_variant","3/5","null","266","MODERATE","10.09","null","0.00868307","gnomad_AF_amr_pass","111.9713422310619","0.7118325742497059","48.58","-0.1","0.1"
"8:145583954:G>A","NM_001253815.2:c.802G>A","NP_001240744.1:p.Ala268Thr","Likely benign","null","missense_variant","3/5","null","268","MODERATE","14.09","null","0.00289436","gnomad_AF_amr_pass","39.097036112885725","0.3074664418417403","48.23","0.2","0.2"
"8:145583958:A>G","NM_001253815.2:c.806A>G","NP_001240744.1:p.Tyr269Cys","Unknown significance","Brown-Vialetto-Van Laere syndrome 2","missense_variant","3/5","null","269","MODERATE","9.840","null","0.0203141","gnomad_AF_nfe_pass","141.45746200522072","0.5896229746726034","48.1","-0.6","0.6"
"8:145583962:G>C","NM_001253815.2:c.810G>C","NP_001240744.1:p.Gln270His","Likely benign","null","missense_variant","3/5","null","270","MODERATE","13.52","null","0.000888115","gnomad_AF_nfe_pass","70.7181129271167","0.3576106446979556","55.02","0.2","0.2"
"8:145583963:C>G","NM_001253815.2:c.811C>G","NP_001240744.1:p.Leu271Val","Unknown significance","null","missense_variant","3/5","null","271","MODERATE","17.35","null","0.000887879","gnomad_AF_nfe_pass","36.082077146034706","0.18709798815405382","57.46","-0.6","0.6"
"8:145583963:C>T","NM_001253815.2:c.811C>T","NP_001240744.1:p.Leu271Phe","Unknown significance","null","missense_variant","3/5","null","271","MODERATE","13.16","null","0.000887879","gnomad_AF_nfe_pass","36.082077146034706","0.18709798815405382","57.46","-0.1","0.1"
"8:145583970:C>T","NM_001253815.2:c.818C>T","NP_001240744.1:p.Ser273Leu","Unknown significance","null","missense_variant","3/5","null","273","MODERATE","21.1","null","0.00289519","gnomad_AF_amr_pass","65.17491491303889","0.4725997983646894","83.19","0.5","0.5"
"8:145583973:C>T","NM_001253815.2:c.821C>T","NP_001240744.1:p.Ala274Val","Likely benign","null","missense_variant","3/5","null","274","MODERATE","8.568","null","0.000888589","gnomad_AF_nfe_pass","91.69572354787249","0.7211124078552896","87.1","0.2","0.2"
"8:145583975:C>G","NM_001253815.2:c.823C>G","NP_001240744.1:p.Arg275Gly","Unknown significance","null","missense_variant","3/5","null","275","MODERATE","17.06","null","0.00289519","gnomad_AF_amr_pass","123.83293676873595","0.4596183360493682","89.93","-1.0","1.0"
"8:145583975:C>T","NM_001253815.2:c.823C>T","NP_001240744.1:p.Arg275Cys","Unknown significance","Brown-Vialetto-Van Laere syndrome 2","missense_variant","3/5","null","275","MODERATE","22.6","null","0.0294156","gnomad_AF_sas_pass","123.83293676873595","0.4596183360493682","89.93","-0.4","0.4"
"8:145583976:G>A","NM_001253815.2:c.824G>A","NP_001240744.1:p.Arg275His","Likely benign","Brown-Vialetto-Van Laere syndrome 2","missense_variant","3/5","null","275","MODERATE","0.780","null","0.213934","gnomad_AF_afr_pass","123.83293676873595","0.4596183360493682","89.93","-0.0","0.0"
"8:145583976:G>T","NM_001253815.2:c.824G>T","NP_001240744.1:p.Arg275Leu","Unknown significance","Brown-Vialetto-Van Laere syndrome 2","missense_variant","3/5","null","275","MODERATE","8.511","null","0.0524744","gnomad_AF_afr_pass","123.83293676873595","0.4596183360493682","89.93","0.4","0.4"
"8:145583982:C>G","NM_001253815.2:c.830C>G","NP_001240744.1:p.Ala277Gly","Unknown significance","null","missense_variant","3/5","null","277","MODERATE","21.4","null","0","null","48.11242204389666","0.3783651316051937","91.22","-1.1","1.1"
"8:145583991:T>C","NM_001253815.2:c.839T>C","NP_001240744.1:p.Leu280Pro","Unknown significance","null","missense_variant","3/5","null","280","MODERATE","25.6","null","0.000888652","gnomad_AF_nfe_pass","27.9237334986788","0.14479416853436092","95.29","-4.4","4.4"
"8:145584002:G>T","NM_001253815.2:c.850G>T","NP_001240744.1:p.Ala284Ser","Unknown significance","null","missense_variant","3/5","null","284","MODERATE","20.4","null","0.000888352","gnomad_AF_nfe_pass","31.05797990315918","0.24424579254664647","97.77","-1.2","1.2"
"8:145584003:C>A","NM_001253815.2:c.851C>A","NP_001240744.1:p.Ala284Asp","Pathogenic","Brown-Vialetto-Van Laere syndrome","missense_variant","3/5","null","284","MODERATE","22.1","null","0","null","31.05797990315918","0.24424579254664647","97.77","-2.2","2.2"
"8:145584005:G>A","NM_001253815.2:c.853G>A","NP_001240744.1:p.Ala285Thr","Unknown significance","Brown-Vialetto-Van Laere syndrome 2","missense_variant","3/5","null","285","MODERATE","5.444","null","0.0098052","gnomad_AF_sas_pass","52.3189220838039","0.41144583869877177","98.05","0.0","0.0"
"8:145584006:C>T","NM_001253815.2:c.854C>T","NP_001240744.1:p.Ala285Val","Likely benign","null","missense_variant","3/5","null","285","MODERATE","4.732","null","0.00578938","gnomad_AF_amr_pass","52.3189220838039","0.41144583869877177","98.05","1.2","1.2"
"8:145584008:A>G","NM_001253815.2:c.856A>G","NP_001240744.1:p.Thr286Ala","Unknown significance","null","missense_variant","3/5","null","286","MODERATE","16.25","null","0.000887579","gnomad_AF_nfe_pass","0.32970180443430236","0.0020955056222375233","97.69","-0.2","0.2"
"8:145584014:G>A","NM_001253815.2:c.862G>A","NP_001240744.1:p.Ala288Thr","Unknown significance","null","missense_variant","3/5","null","288","MODERATE","22.3","null","0.00177472","gnomad_AF_nfe_pass","16.981473451504886","0.1335454995690416","98.2","-0.7","0.7"
"8:145584015:C>T","NM_001253815.2:c.863C>T","NP_001240744.1:p.Ala288Val","Pathogenic","Brown-Vialetto-Van Laere syndrome","missense_variant","3/5","null","288","MODERATE","18.25","null","0.0163883","gnomad_AF_nfe_pass","16.981473451504886","0.1335454995690416","98.2","0.4","0.4"
"8:145584023:A>G","NM_001253815.2:c.871A>G","NP_001240744.1:p.Asn291Asp","Unknown significance","null","missense_variant","3/5","null","291","MODERATE","24.2","null","0.00544781","gnomad_AF_eas_pass","41.121634856804604","0.2572882660680652","94.76","-0.7","0.7"
"8:145584026:G>A","NM_001253815.2:c.874G>A","NP_001240744.1:p.Gly292Ser","Unknown significance","null","missense_variant","3/5","null","292","MODERATE","22.4","null","0.000887248","gnomad_AF_nfe_pass","0.0","0.0","95.6","-0.9","0.9"
"8:145584029:G>A","NM_001253815.2:c.877G>A","NP_001240744.1:p.Val293Met","Unknown significance","null","missense_variant","3/5","null","293","MODERATE","22.8","null","0","null","26.43717189081394","0.15380096207332575","98.13","-0.9","0.9"
"8:145584033:T>C","NM_001253815.2:c.881T>C","NP_001240744.1:p.Leu294Pro","Unknown significance","null","missense_variant","3/5","null","294","MODERATE","24.3","null","0.0008875","gnomad_AF_nfe_pass","5.866516115091208","0.030419905100378196","97.88","-4.0","4.0"
"8:145584036:C>T","NM_001253815.2:c.884C>T","NP_001240744.1:p.Pro295Leu","Unknown significance","null","missense_variant","3/5","null","295","MODERATE","24.5","null","0.00620117","gnomad_AF_afr_pass","3.960962919360023","0.025180929112891423","96.67","0.1","0.1"
"8:145584041:G>A","NM_001253815.2:c.889G>A","NP_001240744.1:p.Val297Met","Unknown significance","null","missense_variant","3/5","null","297","MODERATE","22.2","null","0.0100392","gnomad_AF_eas_pass","0.0","0.0","97.27","-1.4","1.4"
"8:145584041:G>C","NM_001253815.2:c.889G>C","NP_001240744.1:p.Val297Leu","Unknown significance","null","missense_variant","3/5","null","297","MODERATE","22.0","null","0.000887311","gnomad_AF_nfe_pass","0.0","0.0","97.27","-0.7","0.7"
"8:145584041:G>T","NM_001253815.2:c.889G>T","NP_001240744.1:p.Val297Leu","Unknown significance","Brown-Vialetto-Van Laere syndrome 2","missense_variant","3/5","null","297","MODERATE","22.5","null","0.0310734","gnomad_AF_amr_pass","0.0","0.0","97.27","-0.7","0.7"
"8:145584045:A>G","NM_001253815.2:c.893A>G","NP_001240744.1:p.Gln298Arg","Unknown significance","Brown-Vialetto-Van Laere syndrome 2","missense_variant","3/5","null","298","MODERATE","24.2","null","0","gnomad_AF_afr_pass,gnomad_AF_amr_pass,gnomad_AF_eas_pass,gnomad_AF_nfe_pass,gnomad_AF_sas_pass","0.0","0.0","98.02","-0.1","0.1"
"8:145584048:G>C","NM_001253815.2:c.896G>C","NP_001240744.1:p.Ser299Thr","Unknown significance","null","missense_variant","3/5","null","299","MODERATE","17.63","null","0.00620117","gnomad_AF_afr_pass","0.0","0.0","97.36","0.3","0.3"
"8:145584049:C>A","NM_001253815.2:c.897C>A","NP_001240744.1:p.Ser299Arg","Unknown significance","null","missense_variant","3/5","null","299","MODERATE","22.9","null","0.000887516","gnomad_AF_nfe_pass","0.0","0.0","97.36","-0.0","0.0"
"8:145584049:C>G","NM_001253815.2:c.897C>G","NP_001240744.1:p.Ser299Arg","Unknown significance","Brown-Vialetto-Van Laere syndrome 2","missense_variant","3/5","null","299","MODERATE","23.0","null","0.0064834","gnomad_AF_nfe_pass","0.0","0.0","97.36","-0.0","0.0"
"8:145584051:T>C","NM_001253815.2:c.899T>C","NP_001240744.1:p.Phe300Ser","Unknown significance","null","missense_variant","3/5","null","300","MODERATE","23.6","null","0.000887359","gnomad_AF_nfe_pass","3.837869210999541","0.016704517359229357","97.21","-4.3","4.3"
"8:145584054:C>T","NM_001253815.2:c.902C>T","NP_001240744.1:p.Ser301Phe","Unknown significance","null","missense_variant","3/5","null","301","MODERATE","25.2","null","0","null","0.0","0.0","97.1","1.4","1.4"
"8:145584066:A>G","NM_001253815.2:c.914A>G","NP_001240744.1:p.Tyr305Cys","Pathogenic","Brown-Vialetto-Van Laere syndrome","missense_variant","3/5","null","305","MODERATE","25.8","null","0.00177844","gnomad_AF_nfe_pass","5.326285096526689","0.02220102084436179","92.83","-3.8","3.8"
"8:145584068:G>A","NM_001253815.2:c.916G>A","NP_001240744.1:p.Gly306Arg","Pathogenic","Brown-Vialetto-Van Laere syndrome","missense_variant","3/5","null","306","MODERATE","27.6","null","0.00860074","gnomad_AF_nfe_pass","35.156309179740866","0.36872275564641205","91.71","-0.3","0.3"
"8:145584068:G>T","NM_001253815.2:c.916G>T","NP_001240744.1:p.Gly306Trp","Unknown significance","null","missense_variant","3/5","null","306","MODERATE","26.9","null","0","null","35.156309179740866","0.36872275564641205","91.71","0.3","0.3"
"8:145584069:G>A","NM_001253815.2:c.917G>A","NP_001240744.1:p.Gly306Glu","Likely pathogenic","Complex II deficiency","missense_variant","3/5","null","306","MODERATE","25.9","null","0.00326691","gnomad_AF_sas_pass","35.156309179740866","0.36872275564641205","91.71","-0.8","0.8"
"8:145584071:C>T","NM_001253815.2:c.919C>T","NP_001240744.1:p.Arg307Cys","Unknown significance","null","missense_variant","3/5","null","307","MODERATE","26.5","null","0.000889126","gnomad_AF_nfe_pass","13.61207403018049","0.050522574843043816","92.84","-0.8","0.8"
"8:145584072:G>A","NM_001253815.2:c.920G>A","NP_001240744.1:p.Arg307His","Unknown significance","Brown-Vialetto-Van Laere syndrome 2","missense_variant","3/5","null","307","MODERATE","17.73","null","0.0392029","gnomad_AF_sas_pass","13.61207403018049","0.050522574843043816","92.84","-0.0","0.0"
"8:145584078:C>T","NM_001253815.2:c.926C>T","NP_001240744.1:p.Ala309Val","Unknown significance","Brown-Vialetto-Van Laere syndrome 2","missense_variant","3/5","null","309","MODERATE","24.1","null","0","null","0.0","0.0","96.35","0.5","0.5"
"8:145584080:T>C","NM_001253815.2:c.928T>C","NP_001240744.1:p.Tyr310His","Unknown significance","null","missense_variant","3/5","null","310","MODERATE","27.0","null","0.005449","gnomad_AF_eas_pass","0.0","0.0","97.31","-2.9","2.9"
"8:145584087:T>C","NM_001253815.2:c.935T>C","NP_001240744.1:p.Leu312Pro","Pathogenic","Brown-Vialetto-Van Laere syndrome","missense_variant","3/5","null","312","MODERATE","28.1","null","0.00469395","gnomad_AF_nfe_pass","47.552846444041805","0.24657787479002238","98.3","-3.1","3.1"
"8:145584090:C>T","NM_001253815.2:c.938C>T","NP_001240744.1:p.Ala313Val","Unknown significance","null","missense_variant","3/5","null","313","MODERATE","26.5","null","0","null","0.0","0.0","98.43","0.6","0.6"
"8:145584096:T>G","NM_001253815.2:c.944T>G","NP_001240744.1:p.Val315Gly","Unknown significance","null","missense_variant","3/5","null","315","MODERATE","26.1","null","0.000890535","gnomad_AF_nfe_pass","0.0","0.0","98.05","-4.0","4.0"
"8:145584101:G>A","NM_001253815.2:c.949G>A","NP_001240744.1:p.Gly317Ser","Unknown significance","null","missense_variant","3/5","null","317","MODERATE","21.4","null","0.00326904","gnomad_AF_sas_pass","0.0","0.0","96.29","0.6","0.6"
"8:145584107:G>A","NM_001253815.2:c.955G>A","NP_001240744.1:p.Ala319Thr","Likely benign","null","missense_variant","3/5","null","319","MODERATE","14.79","null","0.0121046","gnomad_AF_afr_pass","10.499178983891237","0.08256751726949131","94.59","0.3","0.3"
"8:145584114:A>G","NM_001253815.2:c.962A>G","NP_001240744.1:p.Asn321Ser","Unknown significance","Brown-Vialetto-Van Laere syndrome 2","missense_variant","3/5","null","321","MODERATE","22.3","null","0","null","47.974951397231344","0.30016783385864904","90.34","-0.2","0.2"
"8:145584120:T>C","NM_001253815.2:c.968T>C","NP_001240744.1:p.Leu323Pro","Pathogenic","Brown-Vialetto-Van Laere syndrome 2","missense_variant","3/5","null","323","MODERATE","26.3","null","0.00714209","gnomad_AF_nfe_pass","114.81169007413448","0.5953381270844603","88.9","-1.4","1.4"
"8:145584125:T>C","NM_001253815.2:c.973T>C","NP_001240744.1:p.Cys325Arg","Unknown significance","null","missense_variant","3/5","null","325","MODERATE","26.5","null","0","null","35.80042775427046","0.23167597741192977","87.76","-2.6","2.6"
"8:145584125:T>G","NM_001253815.2:c.973T>G","NP_001240744.1:p.Cys325Gly","Pathogenic","Spinocerebellar ataxia with blindness & deafness, type 2","missense_variant","3/5","null","325","MODERATE","25.0","null","0","null","35.80042775427046","0.23167597741192977","87.76","-3.4","3.4"
"8:145584131:C>G","NM_001253815.2:c.979C>G","NP_001240744.1:p.Leu327Val","Unknown significance","null","missense_variant","3/5","null","327","MODERATE","16.46","null","0","null","120.1265966800144","0.622897747035445","89.05","-0.3","0.3"
"8:145584141:G>A","NM_001253815.2:c.989G>A","NP_001240744.1:p.Gly330Asp","Unknown significance","null","missense_variant","3/5","null","330","MODERATE","19.87","null","0.00329056","gnomad_AF_sas_pass","69.72270326294748","0.7312584249613364","85.69","-0.1","0.1"
"8:145584141:G>T","NM_001253815.2:c.989G>T","NP_001240744.1:p.Gly330Val","Unknown significance","Brown-Vialetto-Van Laere syndrome 2","missense_variant","3/5","null","330","MODERATE","17.72","null","0","null","69.72270326294748","0.7312584249613364","85.69","0.8","0.8"
"8:145584146:C>A","NM_001253815.2:c.994C>A","NP_001240744.1:p.Leu332Met","Unknown significance","null","missense_variant","3/5","null","332","MODERATE","22.8","null","0.00180021","gnomad_AF_nfe_pass","37.26481743456503","0.1932309036067078","90.46","-0.5","0.5"
"8:145584150:G>A","NM_001253815.2:c.998G>A","NP_001240744.1:p.Cys333Tyr","Unknown significance","null","missense_variant","3/5","null","333","MODERATE","19.14","null","0.0291189","gnomad_AF_amr_pass","27.463170153576392","0.1777229264362907","91.54","0.7","0.7"
"8:145584258:C>T","NM_001253815.2:c.1010C>T","NP_001240744.1:p.Ala337Val","Unknown significance","Brown-Vialetto-Van Laere syndrome 2","missense_variant","4/5","null","337","MODERATE","13.56","null","0","null","103.18308538122157","0.8114511808213655","93.55","0.3","0.3"
"8:145584264:T>C","NM_001253815.2:c.1016T>C","NP_001240744.1:p.Leu339Pro","Pathogenic","Brown-Vialetto-Van Laere syndrome","missense_variant","4/5","null","339","MODERATE","24.7","null","0.0126036","gnomad_AF_nfe_pass","0.0","0.0","95.24","-4.8","4.8"
"8:145584267:G>A","NM_001253815.2:c.1019G>A","NP_001240744.1:p.Gly340Asp","Unknown significance","null","missense_variant","4/5","null","340","MODERATE","22.5","null","0","null","26.10537338536491","0.27379566958004564","95.86","-0.6","0.6"
"8:145584269:G>A","NM_001253815.2:c.1021G>A","NP_001240744.1:p.Gly341Ser","Likely benign","null","missense_variant","4/5","null","341","MODERATE","13.60","null","0.00805867","gnomad_AF_afr_pass","35.177185629514824","0.3689417098616971","97.31","0.3","0.3"
"8:145584272:C>T","NM_001253815.2:c.1024C>T","NP_001240744.1:p.Leu342Phe","Unknown significance","Brown-Vialetto-Van Laere syndrome 2","missense_variant","4/5","null","342","MODERATE","18.60","null","0.0120861","gnomad_AF_afr_pass","55.59046036590447","0.288255669232208","96.92","-0.7","0.7"
"8:145584273:T>C","NM_001253815.2:c.1025T>C","NP_001240744.1:p.Leu342Pro","Unknown significance","Brown-Vialetto-Van Laere syndrome 2","missense_variant","4/5","null","342","MODERATE","23.1","null","0","null","55.59046036590447","0.288255669232208","96.92","-3.3","3.3"
"8:145584278:C>G","NM_001253815.2:c.1030C>G","NP_001240744.1:p.Leu344Val","Likely benign","null","missense_variant","4/5","null","344","MODERATE","6.228","null","0.000892953","gnomad_AF_nfe_pass","143.26117767516538","0.7428585115851498","97.44","-0.0","0.0"
"8:145584287:G>A","NM_001253815.2:c.1039G>A","NP_001240744.1:p.Val347Met","Unknown significance","Brown-Vialetto-Van Laere syndrome 2","missense_variant","4/5","null","347","MODERATE","0.005","null","0.0902385","gnomad_AF_nfe_pass","75.80439418184908","0.4409998468332786","98.13","-0.3","0.3"
"8:145584287:G>T","NM_001253815.2:c.1039G>T","NP_001240744.1:p.Val347Leu","Likely benign","null","missense_variant","4/5","null","347","MODERATE","0.004","null","0.00579609","gnomad_AF_amr_pass","75.80439418184908","0.4409998468332786","98.13","-0.0","0.0"
"8:145584294:G>A","NM_001253815.2:c.1046G>A","NP_001240744.1:p.Cys349Tyr","Unknown significance","null","missense_variant","4/5","null","349","MODERATE","19.91","null","0.00654536","gnomad_AF_sas_pass","2.870565232961688","0.018576342457019206","97.42","1.2","1.2"
"8:145584297:G>C","NM_001253815.2:c.1049G>C","NP_001240744.1:p.Gly350Ala","Unknown significance","null","missense_variant","4/5","null","350","MODERATE","18.82","null","0.00089214","gnomad_AF_nfe_pass","0.06485508030163464","6.802063266717558E-4","97.98","1.4","1.4"
"8:145584299:G>A","NM_001253815.2:c.1051G>A","NP_001240744.1:p.Gly351Ser","Likely benign","null","missense_variant","4/5","null","351","MODERATE","16.10","null","0.00579441","gnomad_AF_amr_pass","40.220278658859904","0.4218341551196562","98.34","0.3","0.3"
"8:145584300:G>A","NM_001253815.2:c.1052G>A","NP_001240744.1:p.Gly351Asp","Unknown significance","null","missense_variant","4/5","null","351","MODERATE","22.8","null","0.0017853","gnomad_AF_nfe_pass","40.220278658859904","0.4218341551196562","98.34","-0.3","0.3"
"8:145584302:T>C","NM_001253815.2:c.1054T>C","NP_001240744.1:p.Tyr352His","Unknown significance","null","missense_variant","4/5","null","352","MODERATE","25.8","null","0.00089222","gnomad_AF_nfe_pass","71.69587962808217","0.29884275611079847","98.36","-1.9","1.9"
"8:145584306:T>C","NM_001253815.2:c.1058T>C","NP_001240744.1:p.Leu353Pro","Unknown significance","null","missense_variant","4/5","null","353","MODERATE","25.6","null","0.00178555","gnomad_AF_nfe_pass","0.0","0.0","98.46","-3.9","3.9"
"8:145584311:G>A","NM_001253815.2:c.1063G>A","NP_001240744.1:p.Ala355Thr","Likely benign","null","missense_variant","4/5","null","355","MODERATE","20.4","null","0","null","48.013086136867855","0.37758393535816664","98.18","-0.2","0.2"
"8:145584312:C>A","NM_001253815.2:c.1064C>A","NP_001240744.1:p.Ala355Glu","Unknown significance","Brown-Vialetto-Van Laere syndrome 2","missense_variant","4/5","null","355","MODERATE","22.7","null","0.0452807","gnomad_AF_eas_pass","48.013086136867855","0.37758393535816664","98.18","-1.2","1.2"
"8:145584312:C>T","NM_001253815.2:c.1064C>T","NP_001240744.1:p.Ala355Val","Unknown significance","Brown-Vialetto-Van Laere syndrome 2","missense_variant","4/5","null","355","MODERATE","21.0","null","0.00622355","gnomad_AF_afr_pass","48.013086136867855","0.37758393535816664","98.18","1.0","1.0"
"8:145584333:G>A","NM_001253815.2:c.1085G>A","NP_001240744.1:p.Cys362Tyr","Unknown significance","null","missense_variant","4/5","null","362","MODERATE","24.3","null","0.00290428","gnomad_AF_amr_pass","52.511760077674765","0.33982033469320394","92.65","-0.0","0.0"
"8:145584335:C>G","NM_001253815.2:c.1087C>G","NP_001240744.1:p.Pro363Ala","Likely pathogenic","null","missense_variant","4/5","null","363","MODERATE","25.2","null","0.000900722","gnomad_AF_nfe_pass","2.364667975956995","0.015032843752982724","93.83","-1.3","1.3"
"8:145584336:C>T","NM_001253815.2:c.1088C>T","NP_001240744.1:p.Pro363Leu","Pathogenic","Brown-Vialetto-Van Laere syndrome","missense_variant","4/5","null","363","MODERATE","27.6","null","0","null","2.364667975956995","0.015032843752982724","93.83","-0.3","0.3"
"8:145584339:C>T","NM_001253815.2:c.1091C>T","NP_001240744.1:p.Pro364Leu","Unknown significance","null","missense_variant","4/5","null","364","MODERATE","18.91","null","0","null","81.88584592048977","0.5205708115556295","93.28","0.4","0.4"
"8:145584342:T>C","NM_001253815.2:c.1094T>C","NP_001240744.1:p.Leu365Pro","Unknown significance","null","missense_variant","4/5","null","365","MODERATE","26.5","null","0","null","89.92859515080295","0.46631071604159824","91.5","-1.9","1.9"
"8:145584344:G>A","NM_001253815.2:c.1096G>A","NP_001240744.1:p.Val366Met","Unknown significance","null","missense_variant","4/5","null","366","MODERATE","23.1","null","0","null","28.758328196317187","0.1673045272195285","88.82","-0.2","0.2"
"8:145584344:G>T","NM_001253815.2:c.1096G>T","NP_001240744.1:p.Val366Leu","Unknown significance","null","missense_variant","4/5","null","366","MODERATE","19.10","null","0.00650787","gnomad_AF_nfe_pass","28.758328196317187","0.1673045272195285","88.82","-0.1","0.1"
"8:145584348:G>T","NM_001253815.2:c.1100G>T","NP_001240744.1:p.Gly367Val","Unknown significance","null","missense_variant","4/5","null","367","MODERATE","24.0","null","0.000909207","gnomad_AF_nfe_pass","79.16904822419593","0.8303326004412042","84.41","0.1","0.1"
"8:145584351:C>A","NM_001253815.2:c.1103C>A","NP_001240744.1:p.Thr368Asn","Unknown significance","null","missense_variant","4/5","null","368","MODERATE","16.17","null","0.00643335","gnomad_AF_afr_pass","70.07524744662933","0.4453814720730712","92.22","-0.5","0.5"
"8:145584354:C>T","NM_001253815.2:c.1106C>T","NP_001240744.1:p.Ser369Leu","Unknown significance","Brown-Vialetto-Van Laere syndrome 2","missense_variant","4/5","null","369","MODERATE","15.69","null","0.0306111","gnomad_AF_nfe_pass","107.62426852437424","0.7804108017882624","93.83","0.2","0.2"
"8:145584356:G>A","NM_001253815.2:c.1108G>A","NP_001240744.1:p.Ala370Thr","Unknown significance","null","missense_variant","4/5","null","370","MODERATE","16.26","null","0","null","74.26436288578392","0.584028910687942","95.86","0.1","0.1"
"8:145584357:C>T","NM_001253815.2:c.1109C>T","NP_001240744.1:p.Ala370Val","Unknown significance","null","missense_variant","4/5","null","370","MODERATE","18.02","null","0.0134382","gnomad_AF_sas_pass","74.26436288578392","0.584028910687942","95.86","0.3","0.3"
"8:145584362:G>T","NM_001253815.2:c.1114G>T","NP_001240744.1:p.Val372Leu","Likely benign","null","missense_variant","4/5","null","372","MODERATE","14.22","null","0.00740302","gnomad_AF_nfe_pass","28.760025212518322","0.16731439978553012","96.44","-0.2","0.2"
"8:145584363:T>G","NM_001253815.2:c.1115T>G","NP_001240744.1:p.Val372Gly","Unknown significance","null","missense_variant","4/5","null","372","MODERATE","18.41","null","0","null","28.760025212518322","0.16731439978553012","96.44","-2.4","2.4"
"8:145584366:T>G","NM_001253815.2:c.1118T>G","NP_001240744.1:p.Val373Gly","Unknown significance","Brown-Vialetto-Van Laere syndrome 2","missense_variant","4/5","null","373","MODERATE","22.0","null","0","null","87.80700034864512","0.5108262406497024","97.99","-1.9","1.9"
"8:145584371:G>A","NM_001253815.2:c.1123G>A","NP_001240744.1:p.Val375Met","Unknown significance","null","missense_variant&splice_region_variant","4/5","null","375","MODERATE","22.9","null","0.00548847","gnomad_AF_eas_pass","0.0","0.0","98.01","-1.4","1.4"
"8:145584470:C>T","NM_001253815.2:c.1133C>T","NP_001240744.1:p.Ser378Leu","Unknown significance","Brown-Vialetto-Van Laere syndrome 2","missense_variant","5/5","null","378","MODERATE","22.6","null","0.0217581","gnomad_AF_eas_pass","14.978266521372031","0.10861120029535827","98.26","2.2","2.2"
"8:145584474:G>C","NM_001253815.2:c.1137G>C","NP_001240744.1:p.Trp379Cys","Unknown significance","Brown-Vialetto-Van Laere syndrome 2","missense_variant","5/5","null","379","MODERATE","31","null","0.001778","gnomad_AF_nfe_pass","0.0","0.0","98.38","-3.4","3.4"
"8:145584475:G>A","NM_001253815.2:c.1138G>A","NP_001240744.1:p.Val380Met","Unknown significance","null","missense_variant","5/5","null","380","MODERATE","23.0","null","0.00327054","gnomad_AF_sas_pass","40.28891666563587","0.2343849096135702","98.0","-0.9","0.9"
"8:145584479:T>C","NM_001253815.2:c.1142T>C","NP_001240744.1:p.Leu381Pro","Unknown significance","null","missense_variant","5/5","null","381","MODERATE","28.2","null","0.010879","gnomad_AF_eas_pass","86.04313593640268","0.4461632727797623","97.05","-2.3","2.3"
"8:145584484:C>G","NM_001253815.2:c.1147C>G","NP_001240744.1:p.Leu383Val","Likely benign","null","missense_variant","5/5","null","383","MODERATE","7.993","null","0.00327033","gnomad_AF_sas_pass","7.151299585720105","0.03708194957180261","96.87","0.1","0.1"
"8:145584487:G>A","NM_001253815.2:c.1150G>A","NP_001240744.1:p.Gly384Ser","Unknown significance","Brown-Vialetto-Van Laere syndrome 2","missense_variant","5/5","null","384","MODERATE","22.6","null","0.0555883","gnomad_AF_sas_pass","9.810628370249404","0.10289481494791805","96.47","-0.4","0.4"
"8:145584490:G>A","NM_001253815.2:c.1153G>A","NP_001240744.1:p.Val385Met","Unknown significance","null","missense_variant","5/5","null","385","MODERATE","10.19","null","0.00980905","gnomad_AF_sas_pass","16.211251331989644","0.09431061921335217","97.17","-0.4","0.4"
"8:145584497:C>G","NM_001253815.2:c.1160C>G","NP_001240744.1:p.Ser387Cys","Unknown significance","null","missense_variant","5/5","null","387","MODERATE","26.3","null","0.00804441","gnomad_AF_afr_pass","2.41166290794299","0.017487577936054027","95.2","0.5","0.5"
"8:145584497:C>T","NM_001253815.2:c.1160C>T","NP_001240744.1:p.Ser387Phe","Unknown significance","null","missense_variant","5/5","null","387","MODERATE","27.2","null","0.00327011","gnomad_AF_sas_pass","2.41166290794299","0.017487577936054027","95.2","1.1","1.1"
"8:145584499:T>C","NM_001253815.2:c.1162T>C","NP_001240744.1:p.Tyr388His","Unknown significance","null","missense_variant","5/5","null","388","MODERATE","25.2","null","0.0008878","gnomad_AF_nfe_pass","9.465913567895598","0.03945581969857745","96.05","-2.8","2.8"
"8:145584500:A>G","NM_001253815.2:c.1163A>G","NP_001240744.1:p.Tyr388Cys","Unknown significance","Brown-Vialetto-Van Laere syndrome 2","missense_variant","5/5","null","388","MODERATE","25.3","null","0.116625","gnomad_AF_afr_pass","9.465913567895598","0.03945581969857745","96.05","-3.3","3.3"
"8:145584502:G>A","NM_001253815.2:c.1165G>A","NP_001240744.1:p.Val389Met","Unknown significance","null","missense_variant","5/5","null","389","MODERATE","22.8","null","0.00177544","gnomad_AF_nfe_pass","0.0","0.0","96.64","-1.2","1.2"
"8:145584503:T>G","NM_001253815.2:c.1166T>G","NP_001240744.1:p.Val389Gly","Unknown significance","Brown-Vialetto-Van Laere syndrome 2","missense_variant","5/5","null","389","MODERATE","25.7","null","0","null","0.0","0.0","96.64","-4.2","4.2"
"8:145584509:T>G","NM_001253815.2:c.1172T>G","NP_001240744.1:p.Val391Gly","Unknown significance","null","missense_variant","5/5","null","391","MODERATE","27.3","null","0","gnomad_AF_afr_pass,gnomad_AF_amr_pass,gnomad_AF_eas_pass,gnomad_AF_nfe_pass,gnomad_AF_sas_pass","32.0214441357665","0.1862880392576861","92.51","-3.2","3.2"
"8:145584515:C>T","NM_001253815.2:c.1178C>T","NP_001240744.1:p.Ala393Val","Unknown significance","Brown-Vialetto-Van Laere syndrome 2","missense_variant","5/5","null","393","MODERATE","9.978","null","0.00177283","gnomad_AF_nfe_pass","0.0","0.0","93.4","2.6","2.6"
"8:145584517:A>G","NM_001253815.2:c.1180A>G","NP_001240744.1:p.Ser394Gly","Unknown significance","null","missense_variant","5/5","null","394","MODERATE","17.55","null","0.00289335","gnomad_AF_amr_pass","27.057634213877435","0.19620175171330748","91.02","-0.4","0.4"
"8:145584518:G>A","NM_001253815.2:c.1181G>A","NP_001240744.1:p.Ser394Asn","Unknown significance","Brown-Vialetto-Van Laere syndrome 2","missense_variant","5/5","null","394","MODERATE","25.3","null","0.00649182","gnomad_AF_nfe_pass","27.057634213877435","0.19620175171330748","91.02","-0.4","0.4"
"8:145584521:C>T","NM_001253815.2:c.1184C>T","NP_001240744.1:p.Ser395Phe","Unknown significance","null","missense_variant","5/5","null","395","MODERATE","25.6","null","0","null","48.218182958976165","0.3496422446324497","90.25","1.0","1.0"
"8:145584524:T>C","NM_001253815.2:c.1187T>C","NP_001240744.1:p.Leu396Pro","Unknown significance","null","missense_variant","5/5","null","396","MODERATE","25.4","null","0.00177132","gnomad_AF_nfe_pass","23.807070538693466","0.12344785427966141","90.04","-2.9","2.9"
"8:145584530:A>G","NM_001253815.2:c.1193A>G","NP_001240744.1:p.His398Arg","Unknown significance","null","missense_variant","5/5","null","398","MODERATE","16.75","null","0.00805997","gnomad_AF_afr_pass","66.04023204195494","0.32151648550977874","84.61","0.3","0.3"
"8:145584535:G>A","NM_001253815.2:c.1198G>A","NP_001240744.1:p.Gly400Arg","Unknown significance","null","missense_variant","5/5","null","400","MODERATE","14.00","null","0.00653979","gnomad_AF_sas_pass","1.5603119184819603","0.016364701633189156","79.96","1.4","1.4"
"8:145584541:C>T","NM_001253815.2:c.1204C>T","NP_001240744.1:p.Arg402Trp","Unknown significance","Brown-Vialetto-Van Laere syndrome 2","missense_variant","5/5","null","402","MODERATE","24.1","null","0.0121114","gnomad_AF_afr_pass","183.35785639258506","0.6805510315411961","84.78","0.0","0.0"
"8:145584542:G>A","NM_001253815.2:c.1205G>A","NP_001240744.1:p.Arg402Gln","Likely benign","null","missense_variant","5/5","null","402","MODERATE","10.88","null","0.0028957","gnomad_AF_amr_pass","183.35785639258506","0.6805510315411961","84.78","-0.2","0.2"
"8:145584545:C>T","NM_001253815.2:c.1208C>T","NP_001240744.1:p.Pro403Leu","Likely benign","null","missense_variant","5/5","null","403","MODERATE","2.792","null","0.010898","gnomad_AF_eas_pass","51.04854558850777","0.32452962422281695","85.68","0.7","0.7"
"8:145584552:G>T","NM_001253815.2:c.1215G>T","NP_001240744.1:p.Leu405Phe","Unknown significance","null","missense_variant","5/5","null","405","MODERATE","24.1","null","0.000887973","gnomad_AF_nfe_pass","34.967486958064356","0.18131845442761427","85.44","-1.0","1.0"
"8:145584553:C>G","NM_001253815.2:c.1216C>G","NP_001240744.1:p.Leu406Val","Unknown significance","null","missense_variant","5/5","null","406","MODERATE","15.14","null","0.00177601","gnomad_AF_nfe_pass","135.93386871081313","0.7048638928090484","87.45","-0.1","0.1"
"8:145584554:T>C","NM_001253815.2:c.1217T>C","NP_001240744.1:p.Leu406Pro","Unknown significance","null","missense_variant","5/5","null","406","MODERATE","25.8","null","0.0115075","gnomad_AF_afr_pass","135.93386871081313","0.7048638928090484","87.45","-1.0","1.0"
"8:145584562:G>A","NM_001253815.2:c.1225G>A","NP_001240744.1:p.Gly409Ser","Unknown significance","Brown-Vialetto-Van Laere syndrome 2","missense_variant","5/5","null","409","MODERATE","23.6","null","0.00289335","gnomad_AF_amr_pass","29.37498898971991","0.3080877128482568","89.13","-0.8","0.8"
"8:145584563:G>T","NM_001253815.2:c.1226G>T","NP_001240744.1:p.Gly409Val","Unknown significance","null","missense_variant","5/5","null","409","MODERATE","24.1","null","0.0115048","gnomad_AF_afr_pass","29.37498898971991","0.3080877128482568","89.13","0.0","0.0"
"8:145584565:G>A","NM_001253815.2:c.1228G>A","NP_001240744.1:p.Val410Met","Unknown significance","Brown-Vialetto-Van Laere syndrome 2","missense_variant","5/5","null","410","MODERATE","15.44","null","0.0173581","gnomad_AF_amr_pass","101.96731253677544","0.5932053108009171","91.73","-0.4","0.4"
"8:145584565:G>C","NM_001253815.2:c.1228G>C","NP_001240744.1:p.Val410Leu","Unknown significance","null","missense_variant","5/5","null","410","MODERATE","10.30","null","0","null","101.96731253677544","0.5932053108009171","91.73","-0.2","0.2"
"8:145584568:G>A","NM_001253815.2:c.1231G>A","NP_001240744.1:p.Ala411Thr","Likely benign","null","missense_variant","5/5","null","411","MODERATE","18.91","null","0.00326669","gnomad_AF_sas_pass","10.886526416397391","0.08561369029614559","94.7","-0.2","0.2"
"8:145584577:G>A","NM_001253815.2:c.1240G>A","NP_001240744.1:p.Val414Met","Unknown significance","Brown-Vialetto-Van Laere syndrome 2","missense_variant","5/5","null","414","MODERATE","18.96","null","0.000883392","gnomad_AF_nfe_pass","73.96862682910654","0.4303200817600444","95.14","-0.2","0.2"
"8:145584581:G>C","NM_001253815.2:c.1244G>C","NP_001240744.1:p.Gly415Ala","Pathogenic","Abnormality of the nervous system","missense_variant","5/5","null","415","MODERATE","25.1","null","0.00264938","gnomad_AF_nfe_pass","0.0","0.0","97.29","-0.3","0.3"
"8:145584584:C>G","NM_001253815.2:c.1247C>G","NP_001240744.1:p.Ser416Cys","Unknown significance","null","missense_variant","5/5","null","416","MODERATE","27.7","null","0.00088269","gnomad_AF_nfe_pass","1.7518158499029968","0.012702859965998852","96.16","0.4","0.4"
"8:145584587:T>C","NM_001253815.2:c.1250T>C","NP_001240744.1:p.Leu417Pro","Unknown significance","null","missense_variant","5/5","null","417","MODERATE","26.2","null","0.00388362","gnomad_AF_nfe_pass","62.74127426848253","0.3253351003697645","96.35","-2.3","2.3"
"8:145584592:G>A","NM_001253815.2:c.1255G>A","NP_001240744.1:p.Gly419Ser","Pathogenic","Brown-Vialetto-Van Laere syndrome","missense_variant","5/5","null","419","MODERATE","26.3","null","0","null","1.907730785746758","0.02000846416373519","98.06","-1.1","1.1"
"8:145584595:G>A","NM_001253815.2:c.1258G>A","NP_001240744.1:p.Ala420Thr","Pathogenic","Brown-Vialetto-Van Laere syndrome","missense_variant","5/5","null","420","MODERATE","24.8","null","0.00564653","gnomad_AF_amr_pass","0.0","0.0","97.66","-1.1","1.1"
"8:145584596:C>T","NM_001253815.2:c.1259C>T","NP_001240744.1:p.Ala420Val","Unknown significance","Brown-Vialetto-Van Laere syndrome 2","missense_variant","5/5","null","420","MODERATE","24.6","null","0","null","0.0","0.0","97.66","0.4","0.4"
"8:145584598:G>C","NM_001253815.2:c.1261G>C","NP_001240744.1:p.Val421Leu","Unknown significance","null","missense_variant","5/5","null","421","MODERATE","10.18","null","0.00088129","gnomad_AF_nfe_pass","76.24131149885908","0.44354165818814534","97.1","0.2","0.2"
"8:145584604:A>C","NM_001253815.2:c.1267A>C","NP_001240744.1:p.Met423Leu","Unknown significance","null","missense_variant","5/5","null","423","MODERATE","24.5","null","0.000880949","gnomad_AF_nfe_pass","26.603030824999408","0.12285891162268715","97.1","0.1","0.1"
"8:145584604:A>G","NM_001253815.2:c.1267A>G","NP_001240744.1:p.Met423Val","Unknown significance","Brown-Vialetto-Van Laere syndrome 2","missense_variant","5/5","null","423","MODERATE","24.1","null","0.0250627","gnomad_AF_eas_pass","26.603030824999408","0.12285891162268715","97.1","-0.2","0.2"
"8:145584606:G>A","NM_001253815.2:c.1269G>A","NP_001240744.1:p.Met423Ile","Unknown significance","null","missense_variant","5/5","null","423","MODERATE","23.7","null","0.023015","gnomad_AF_afr_pass","26.603030824999408","0.12285891162268715","97.1","0.2","0.2"
"8:145584607:T>C","NM_001253815.2:c.1270T>C","NP_001240744.1:p.Phe424Leu","Unknown significance","null","missense_variant","5/5","null","424","MODERATE","26.8","null","0.0115048","gnomad_AF_afr_pass","37.30675665800172","0.16237952101755704","97.41","-1.7","1.7"
"8:145584609:C>A","NM_001253815.2:c.1272C>A","NP_001240744.1:p.Phe424Leu","Unknown significance","null","missense_variant","5/5","null","424","MODERATE","24.3","null","0.00326627","gnomad_AF_sas_pass","37.30675665800172","0.16237952101755704","97.41","-1.7","1.7"
"8:145584611:C>G","NM_001253815.2:c.1274C>G","NP_001240744.1:p.Pro425Arg","Unknown significance","null","missense_variant","5/5","null","425","MODERATE","23.3","null","0.00289251","gnomad_AF_amr_pass","42.87020224759166","0.2725376495133517","97.51","-0.5","0.5"
"8:145584611:C>T","NM_001253815.2:c.1274C>T","NP_001240744.1:p.Pro425Leu","Unknown significance","null","missense_variant","5/5","null","425","MODERATE","22.4","null","0.000880592","gnomad_AF_nfe_pass","42.87020224759166","0.2725376495133517","97.51","1.4","1.4"
"8:145584613:C>T","NM_001253815.2:c.1276C>T","NP_001240744.1:p.Pro426Ser","Unknown significance","null","missense_variant","5/5","null","426","MODERATE","18.81","null","0.00282326","gnomad_AF_amr_pass","25.225251869939584","0.16036385397276318","97.25","-0.4","0.4"
"8:145584614:C>T","NM_001253815.2:c.1277C>T","NP_001240744.1:p.Pro426Leu","Unknown significance","Brown-Vialetto-Van Laere syndrome 2","missense_variant","5/5","null","426","MODERATE","12.32","null","0.0200541","gnomad_AF_eas_pass","25.225251869939584","0.16036385397276318","97.25","3.5","3.5"
"8:145584617:C>T","NM_001253815.2:c.1280C>T","NP_001240744.1:p.Thr427Ile","Unknown significance","Brown-Vialetto-Van Laere syndrome 2","missense_variant","5/5","null","427","MODERATE","17.55","null","0.0115701","gnomad_AF_amr_pass","4.05914882446477E-4","2.5798976738265597E-6","95.21","2.5","2.5"
"8:145584623:T>C","NM_001253815.2:c.1286T>C","NP_001240744.1:p.Ile429Thr","Unknown significance","null","missense_variant","5/5","null","429","MODERATE","22.6","null","0.00289302","gnomad_AF_amr_pass","94.94483622902989","0.4840204719373673","92.59","-1.0","1.0"
"8:145584626:A>G","NM_001253815.2:c.1289A>G","NP_001240744.1:p.Tyr430Cys","Unknown significance","Brown-Vialetto-Van Laere syndrome 2; Brown-Vialetto-Van Laere syndrome 1","missense_variant","5/5","null","430","MODERATE","22.8","null","0.00615688","gnomad_AF_afr_pass","185.8556154564532","0.7746833520949006","94.06","-0.5","0.5"
"8:145584631:G>A","NM_001253815.2:c.1294G>A","NP_001240744.1:p.Val432Met","Unknown significance","null","missense_variant","5/5","null","432","MODERATE","15.72","null","0.00543656","gnomad_AF_eas_pass","94.76521884196455","0.5513063912122816","94.68","-0.2","0.2"
"8:145584637:C>T","NM_001253815.2:c.1300C>T","NP_001240744.1:p.His434Tyr","Unknown significance","null","missense_variant","5/5","null","434","MODERATE","22.5","null","0.251502","gnomad_AF_sas_pass","118.55746927741735","0.5771963494736445","93.07","0.4","0.4"
"8:145584639:C>G","NM_001253815.2:c.1302C>G","NP_001240744.1:p.His434Gln","Likely benign","null","missense_variant","5/5","null","434","MODERATE","8.734","null","0.00088053","gnomad_AF_nfe_pass","118.55746927741735","0.5771963494736445","93.07","-0.1","0.1"
"8:145584641:G>A","NM_001253815.2:c.1304G>A","NP_001240744.1:p.Ser435Asn","Unknown significance","null","missense_variant","5/5","null","435","MODERATE","17.94","null","0.0112937","gnomad_AF_amr_pass","54.580225960918355","0.39577502814152093","90.15","-0.2","0.2"
"8:145584644:G>A","NM_001253815.2:c.1307G>A","NP_001240744.1:p.Arg436Lys","Unknown significance","Brown-Vialetto-Van Laere syndrome 2","missense_variant","5/5","null","436","MODERATE","21.6","null","0.00620347","gnomad_AF_nfe_pass","45.98655819331298","0.17068371233834953","83.37","-0.9","0.9"
"8:145584651:C>A","NM_001253815.2:c.1314C>A","NP_001240744.1:p.Asp438Glu","Unknown significance","null","missense_variant","5/5","null","438","MODERATE","17.12","null","0.00326648","gnomad_AF_sas_pass","68.82757015199032","0.4302265219917104","74.6","-0.0","0.0"
"8:145584651:C>G","NM_001253815.2:c.1314C>G","NP_001240744.1:p.Asp438Glu","Unknown significance","null","missense_variant","5/5","null","438","MODERATE","17.05","null","0.00326648","gnomad_AF_sas_pass","68.82757015199032","0.4302265219917104","74.6","-0.0","0.0"
"8:145584652:T>G","NM_001253815.2:c.1315T>G","NP_001240744.1:p.Cys439Gly","Unknown significance","Brown-Vialetto-Van Laere syndrome 2","missense_variant","5/5","null","439","MODERATE","25.2","null","0.000880995","gnomad_AF_nfe_pass","28.276652547392562","0.18298723025937216","72.86","-3.7","3.7"
"8:145584658:G>T","NM_001253815.2:c.1321G>T","NP_001240744.1:p.Asp441Tyr","Unknown significance","null","missense_variant","5/5","null","441","MODERATE","22.5","null","0","null","64.78620579227216","0.40496481176798377","64.88","0.4","0.4"
"8:145584660:C>A","NM_001253815.2:c.1323C>A","NP_001240744.1:p.Asp441Glu","Unknown significance","Brown-Vialetto-Van Laere syndrome 2","missense_variant","5/5","null","441","MODERATE","12.24","null","0","null","64.78620579227216","0.40496481176798377","64.88","-0.2","0.2"
"8:145584664:T>C","NM_001253815.2:c.1327T>C","NP_001240744.1:p.Cys443Arg","Pathogenic","Brown-Vialetto-Van Laere syndrome","missense_variant","5/5","null","443","MODERATE","24.3","null","0","null","44.48774525475598","0.2878943775614271","72.16","-2.7","2.7"
"8:145584665:G>A","NM_001253815.2:c.1328G>A","NP_001240744.1:p.Cys443Tyr","Pathogenic","Brown-Vialetto-Van Laere syndrome","missense_variant","5/5","null","443","MODERATE","24.5","null","0","null","44.48774525475598","0.2878943775614271","72.16","-2.0","2.0"
"8:145584670:T>G","NM_001253815.2:c.1333T>G","NP_001240744.1:p.Ser445Ala","Likely benign","null","missense_variant","5/5","null","445","MODERATE","8.874","null","0.00326669","gnomad_AF_sas_pass","173.43590473068454","1.2576276273514693","42.71","0.0","0.0"
"8:145584671:C>T","NM_001253815.2:c.1334C>T","NP_001240744.1:p.Ser445Phe","Likely benign","null","missense_variant","5/5","null","445","MODERATE","20.0","null","0.0150421","gnomad_AF_eas_pass","173.43590473068454","1.2576276273514693","42.71","0.0","0.0"