{"applied_filters": "CONTAINS missense_variant[Consequence]"},
"Genomic Description (GRCh37)","HGVS Nucleotide Change","HGVS Protein Change","Variant Classification","Phenotype","Consequence","Exon","Intron","Protein Position","Impact","CADD Phred","Interpro Domain","Max MAF (%)","Max MAF Source","Surface Area","Normalized SA","Confidence Score","ddG","|ddG|"
"7:27140355:A>G","NM_006735.4:c.1121T>C","NP_006726.1:p.Leu374Pro","Unknown significance","null","missense_variant","2/2","null","374","MODERATE","29.6","null","0","null","137.5994560228259","0.71350053625702","46.5","-0.9","0.9"
"7:27140361:T>C","NM_006735.4:c.1115A>G","NP_006726.1:p.Gln372Arg","Unknown significance","null","missense_variant","2/2","null","372","MODERATE","26.6","null","0.00176813","gnomad_AF_nfe_pass","141.61547552194324","0.7161277274579345","50.41","-0.0","0.0"
"7:27140363:C>G","NM_006735.4:c.1113G>C","NP_006726.1:p.Leu371Phe","Unknown significance","null","missense_variant","2/2","null","371","MODERATE","25.2","null","0.00653296","gnomad_AF_sas_pass","137.91819033499377","0.7151532833624851","56.42","-0.4","0.4"
"7:27140368:C>T","NM_006735.4:c.1108G>A","NP_006726.1:p.Asp370Asn","Unknown significance","null","missense_variant","2/2","null","370","MODERATE","31","null","0.0457307","gnomad_AF_sas_pass","97.08349906438043","0.606848332042215","52.64","-0.2","0.2"
"7:27140376:G>T","NM_006735.4:c.1100C>A","NP_006726.1:p.Thr367Asn","Unknown significance","null","missense_variant","2/2","null","367","MODERATE","22.6","null","0.00543774","gnomad_AF_eas_pass","86.78221928044955","0.5515669795148734","48.93","-0.7","0.7"
"7:27140377:T>A","NM_006735.4:c.1099A>T","NP_006726.1:p.Thr367Ser","Unknown significance","null","missense_variant","2/2","null","367","MODERATE","23.1","null","0.00326627","gnomad_AF_sas_pass","86.78221928044955","0.5515669795148734","48.93","-0.4","0.4"
"7:27140386:C>T","NM_006735.4:c.1090G>A","NP_006726.1:p.Asp364Asn","Unknown significance","null","missense_variant","2/2","null","364","MODERATE","22.6","null","0.00289101","gnomad_AF_amr_pass","104.51305245433426","0.6532888922400114","51.62","0.2","0.2"
"7:27140392:A>C","NM_006735.4:c.1084T>G","NP_006726.1:p.Phe362Val","Unknown significance","null","missense_variant","2/2","null","362","MODERATE","28.9","null","0.000879771","gnomad_AF_nfe_pass","133.39918748061683","0.580626623906419","50.0","-1.2","1.2"
"7:27140392:A>G","NM_006735.4:c.1084T>C","NP_006726.1:p.Phe362Leu","Unknown significance","null","missense_variant","2/2","null","362","MODERATE","23.8","null","0","gnomad_AF_afr_pass,gnomad_AF_amr_pass,gnomad_AF_eas_pass,gnomad_AF_nfe_pass,gnomad_AF_sas_pass","133.39918748061683","0.580626623906419","50.0","-0.9","0.9"
"7:27140394:A>T","NM_006735.4:c.1082T>A","NP_006726.1:p.Phe361Tyr","Unknown significance","null","missense_variant","2/2","null","361","MODERATE","28.7","null","0.00543656","gnomad_AF_eas_pass","165.49915755356423","0.7203433463464314","57.33","-0.4","0.4"
"7:27140406:T>A","NM_006735.4:c.1070A>T","NP_006726.1:p.Asp357Val","Unknown significance","null","missense_variant","2/2","null","357","MODERATE","28.4","null","0.00154844","gnomad_AF_nfe_pass","110.03187424997553","0.6877858750826075","49.25","-0.1","0.1"
"7:27140410:C>T","NM_006735.4:c.1066G>A","NP_006726.1:p.Ala356Thr","Unknown significance","null","missense_variant","2/2","null","356","MODERATE","18.34","null","0.0123092","gnomad_AF_afr_pass","82.14689441485677","0.6460186204693078","57.16","0.2","0.2"
"7:27140422:C>T","NM_006735.4:c.1054G>A","NP_006726.1:p.Val352Ile","Unknown significance","null","missense_variant","2/2","null","352","MODERATE","22.5","null","0.0123062","gnomad_AF_afr_pass","133.6778123036848","0.7776843992646596","47.0","-0.1","0.1"
"7:27140424:G>A","NM_006735.4:c.1052C>T","NP_006726.1:p.Pro351Leu","Unknown significance","null","missense_variant","2/2","null","351","MODERATE","25.6","null","0.00289084","gnomad_AF_amr_pass","149.61438943290113","0.9511397635570703","47.86","-0.3","0.3"
"7:27140424:G>T","NM_006735.4:c.1052C>A","NP_006726.1:p.Pro351His","Unknown significance","null","missense_variant","2/2","null","351","MODERATE","29.4","null","0.0097988","gnomad_AF_sas_pass","149.61438943290113","0.9511397635570703","47.86","-0.2","0.2"
"7:27140425:G>T","NM_006735.4:c.1051C>A","NP_006726.1:p.Pro351Thr","Unknown significance","null","missense_variant","2/2","null","351","MODERATE","25.9","null","0.000878997","gnomad_AF_nfe_pass","149.61438943290113","0.9511397635570703","47.86","-0.2","0.2"
"7:27140445:A>G","NM_006735.4:c.1031T>C","NP_006726.1:p.Leu344Ser","Unknown significance","null","missense_variant","2/2","null","344","MODERATE","28.9","null","0.00543656","gnomad_AF_eas_pass","169.64359880846956","0.8796604450408202","32.63","-0.5","0.5"
"7:27140451:G>A","NM_006735.4:c.1025C>T","NP_006726.1:p.Pro342Leu","Unknown significance","null","missense_variant","2/2","null","342","MODERATE","29.7","null","0.00615157","gnomad_AF_afr_pass","112.15774095222218","0.7130175621124626","38.59","-0.4","0.4"
"7:27140463:T>G","NM_006735.4:c.1013A>C","NP_006726.1:p.Asp338Ala","Unknown significance","null","missense_variant","2/2","null","338","MODERATE","23.3","null","0.00648088","gnomad_AF_nfe_pass","154.27211037733505","0.9643221944548455","30.78","0.0","0.0"
"7:27140464:C>G","NM_006735.4:c.1012G>C","NP_006726.1:p.Asp338His","Unknown significance","null","missense_variant","2/2","null","338","MODERATE","28.5","null","0.00543656","gnomad_AF_eas_pass","154.27211037733505","0.9643221944548455","30.78","0.0","0.0"
"7:27140466:G>A","NM_006735.4:c.1010C>T","NP_006726.1:p.Ser337Leu","Unknown significance","null","missense_variant","2/2","null","337","MODERATE","29.9","null","0.000878982","gnomad_AF_nfe_pass","82.42447911045102","0.5976807527848511","31.61","-0.4","0.4"
"7:27140467:A>T","NM_006735.4:c.1009T>A","NP_006726.1:p.Ser337Thr","Unknown significance","null","missense_variant","2/2","null","337","MODERATE","25.7","null","0.00175796","gnomad_AF_nfe_pass","82.42447911045102","0.5976807527848511","31.61","-0.1","0.1"
"7:27140470:G>C","NM_006735.4:c.1006C>G","NP_006726.1:p.Leu336Val","Unknown significance","null","missense_variant","2/2","null","336","MODERATE","23.7","null","0.0240269","gnomad_AF_afr_pass","198.6162546495051","1.0298936369216058","38.25","-0.1","0.1"
"7:27140470:G>T","NM_006735.4:c.1006C>A","NP_006726.1:p.Leu336Ile","Unknown significance","null","missense_variant","2/2","null","336","MODERATE","22.7","null","0.240269","gnomad_AF_afr_pass","198.6162546495051","1.0298936369216058","38.25","-0.1","0.1"
"7:27140476:G>C","NM_006735.4:c.1000C>G","NP_006726.1:p.Leu334Val","Unknown significance","null","missense_variant","2/2","null","334","MODERATE","25.3","null","0.00543656","gnomad_AF_eas_pass","182.6542776201226","0.947125292486455","39.86","-0.2","0.2"
"7:27140481:G>A","NM_006735.4:c.995C>T","NP_006726.1:p.Ser332Phe","Unknown significance","null","missense_variant","2/2","null","332","MODERATE","30","null","0.00326627","gnomad_AF_sas_pass","113.89591173035112","0.8258880735041472","41.51","-0.0","0.0"
"7:27140481:G>C","NM_006735.4:c.995C>G","NP_006726.1:p.Ser332Cys","Unknown significance","null","missense_variant","2/2","null","332","MODERATE","29.1","null","0","null","113.89591173035112","0.8258880735041472","41.51","-0.0","0.0"
"7:27140481:G>T","NM_006735.4:c.995C>A","NP_006726.1:p.Ser332Tyr","Unknown significance","null","missense_variant","2/2","null","332","MODERATE","29.1","null","0.000878997","gnomad_AF_nfe_pass","113.89591173035112","0.8258880735041472","41.51","-0.0","0.0"
"7:27140482:A>T","NM_006735.4:c.994T>A","NP_006726.1:p.Ser332Thr","Unknown significance","null","missense_variant","2/2","null","332","MODERATE","26.8","null","0","null","113.89591173035112","0.8258880735041472","41.51","-0.0","0.0"
"7:27140483:A>T","NM_006735.4:c.993T>A","NP_006726.1:p.Asp331Glu","Unknown significance","null","missense_variant","2/2","null","331","MODERATE","22.0","null","0","null","126.7413840725685","0.7922334718710089","32.16","-0.1","0.1"
"7:27140487:G>A","NM_006735.4:c.989C>T","NP_006726.1:p.Thr330Ile","Unknown significance","null","missense_variant","2/2","null","330","MODERATE","24.4","null","0.00615157","gnomad_AF_afr_pass","135.44452685921246","0.8608529395881331","39.69","-0.0","0.0"
"7:27140488:T>C","NM_006735.4:c.988A>G","NP_006726.1:p.Thr330Ala","Unknown significance","null","missense_variant","2/2","null","330","MODERATE","16.59","null","0.00309612","gnomad_AF_nfe_pass","135.44452685921246","0.8608529395881331","39.69","-0.0","0.0"
"7:27140492:G>C","NM_006735.4:c.984C>G","NP_006726.1:p.Phe328Leu","Unknown significance","null","missense_variant","2/2","null","328","MODERATE","25.3","null","0.00289084","gnomad_AF_amr_pass","188.9370698801053","0.8223580299632379","31.68","-0.5","0.5"
"7:27140497:C>A","NM_006735.4:c.979G>T","NP_006726.1:p.Val327Phe","Unknown significance","null","missense_variant","2/2","null","327","MODERATE","22.4","null","0.00653253","gnomad_AF_sas_pass","124.60368318768998","0.7248947213905861","44.83","0.2","0.2"
"7:27140497:C>T","NM_006735.4:c.979G>A","NP_006726.1:p.Val327Ile","Unknown significance","Microtia, hearing impairment, and cleft palate","missense_variant","2/2","null","327","MODERATE","20.9","null","0.113021","gnomad_AF_nfe_pass","124.60368318768998","0.7248947213905861","44.83","0.0","0.0"
"7:27140505:T>A","NM_006735.4:c.971A>T","NP_006726.1:p.Asp324Val","Unknown significance","null","missense_variant","2/2","null","324","MODERATE","28.9","null","0.00087909","gnomad_AF_nfe_pass","108.15460314326293","0.6760514521283615","35.08","0.0","0.0"
"7:27140506:C>T","NM_006735.4:c.970G>A","NP_006726.1:p.Asp324Asn","Unknown significance","Microtia, hearing impairment, and cleft palate","missense_variant","2/2","null","324","MODERATE","30","null","0.00851525","gnomad_AF_nfe_pass","108.15460314326293","0.6760514521283615","35.08","-0.1","0.1"
"7:27140509:G>T","NM_006735.4:c.967C>A","NP_006726.1:p.Gln323Lys","Unknown significance","null","missense_variant","2/2","null","323","MODERATE","22.1","null","0.000879105","gnomad_AF_nfe_pass","163.0799393109918","0.8246702269107764","40.28","-0.1","0.1"
"7:27140510:C>A","NM_006735.4:c.966G>T","NP_006726.1:p.Leu322Phe","Unknown significance","null","missense_variant","2/2","null","322","MODERATE","23.4","null","0","null","149.93450451853613","0.7774620079868619","37.04","-0.4","0.4"
"7:27140514:G>A","NM_006735.4:c.962C>T","NP_006726.1:p.Ser321Phe","Unknown significance","null","missense_variant","2/2","null","321","MODERATE","24.2","null","0.00154801","gnomad_AF_nfe_pass","81.8418129695122","0.5934556931727438","39.0","0.7","0.7"
"7:27140515:A>G","NM_006735.4:c.961T>C","NP_006726.1:p.Ser321Pro","Unknown significance","null","missense_variant","2/2","null","321","MODERATE","23.1","null","0","null","81.8418129695122","0.5934556931727438","39.0","-0.2","0.2"
"7:27140517:G>A","NM_006735.4:c.959C>T","NP_006726.1:p.Pro320Leu","Unknown significance","null","missense_variant","2/2","null","320","MODERATE","24.5","null","0.00648256","gnomad_AF_nfe_pass","128.09339026101114","0.814324861317714","37.62","0.0","0.0"
"7:27140518:G>T","NM_006735.4:c.958C>A","NP_006726.1:p.Pro320Thr","Unknown significance","null","missense_variant","2/2","null","320","MODERATE","23.0","null","0.00326627","gnomad_AF_sas_pass","128.09339026101114","0.814324861317714","37.62","-0.0","0.0"
"7:27140524:C>G","NM_006735.4:c.952G>C","NP_006726.1:p.Glu318Gln","Unknown significance","null","missense_variant","2/2","null","318","MODERATE","24.1","null","0.0310384","gnomad_AF_amr_pass","161.66956295099894","0.8279248851940488","35.53","0.0","0.0"
"7:27140529:G>A","NM_006735.4:c.947C>T","NP_006726.1:p.Ala316Val","Unknown significance","null","missense_variant","2/2","null","316","MODERATE","23.2","null","0.00653253","gnomad_AF_sas_pass","113.38112168788074","0.8916504554653059","34.67","0.0","0.0"
"7:27140535:G>A","NM_006735.4:c.941C>T","NP_006726.1:p.Pro314Leu","Unknown significance","null","missense_variant","2/2","null","314","MODERATE","28.3","null","0.00326627","gnomad_AF_sas_pass","150.49121931157802","0.9567140119074172","44.08","-0.1","0.1"
"7:27140541:T>C","NM_006735.4:c.935A>G","NP_006726.1:p.Asp312Gly","Unknown significance","null","missense_variant","2/2","null","312","MODERATE","22.7","null","0.000878997","gnomad_AF_nfe_pass","149.51492690880463","0.9345860510224577","32.98","0.0","0.0"
"7:27140553:C>G","NM_006735.4:c.923G>C","NP_006726.1:p.Gly308Ala","Unknown significance","null","missense_variant","2/2","null","308","MODERATE","22.8","null","0","gnomad_AF_afr_pass,gnomad_AF_amr_pass,gnomad_AF_eas_pass,gnomad_AF_nfe_pass,gnomad_AF_sas_pass","55.50720198013427","0.5821648787902697","30.01","0.1","0.1"
"7:27140553:C>T","NM_006735.4:c.923G>A","NP_006726.1:p.Gly308Asp","Unknown significance","null","missense_variant","2/2","null","308","MODERATE","28.1","null","0.00543656","gnomad_AF_eas_pass","55.50720198013427","0.5821648787902697","30.01","-0.2","0.2"
"7:27140566:T>C","NM_006735.4:c.910A>G","NP_006726.1:p.Asn304Asp","Unknown significance","null","missense_variant","2/2","null","304","MODERATE","20.3","null","0.00326627","gnomad_AF_sas_pass","148.68108165889262","0.9302620829728716","36.45","-0.0","0.0"
"7:27140567:C>G","NM_006735.4:c.909G>C","NP_006726.1:p.Gln303His","Unknown significance","null","missense_variant","2/2","null","303","MODERATE","22.8","null","0.000878966","gnomad_AF_nfe_pass","212.31244629402656","1.0736314595223533","35.82","0.0","0.0"
"7:27140571:C>G","NM_006735.4:c.905G>C","NP_006726.1:p.Gly302Ala","Unknown significance","null","missense_variant","2/2","null","302","MODERATE","18.75","null","0.00648004","gnomad_AF_nfe_pass","63.82814106969142","0.6694356891299253","36.6","-0.0","0.0"
"7:27140571:C>T","NM_006735.4:c.905G>A","NP_006726.1:p.Gly302Asp","Unknown significance","null","missense_variant","2/2","null","302","MODERATE","22.2","null","0.00289084","gnomad_AF_amr_pass","63.82814106969142","0.6694356891299253","36.6","-0.2","0.2"
"7:27140575:T>C","NM_006735.4:c.901A>G","NP_006726.1:p.Met301Val","Unknown significance","null","missense_variant","2/2","null","301","MODERATE","22.1","null","0.00175793","gnomad_AF_nfe_pass","195.39514259301396","0.9023796842267497","42.22","-0.1","0.1"
"7:27140581:A>T","NM_006735.4:c.895T>A","NP_006726.1:p.Ser299Thr","Unknown significance","null","missense_variant","2/2","null","299","MODERATE","22.0","null","0.00578168","gnomad_AF_amr_pass","115.19962193093424","0.8353416060287951","40.7","0.0","0.0"
"7:27140593:G>C","NM_006735.4:c.883C>G","NP_006726.1:p.Pro295Ala","Unknown significance","null","missense_variant","2/2","null","295","MODERATE","22.8","null","0.00543656","gnomad_AF_eas_pass","150.23117558201474","0.9550608425004582","42.39","-0.2","0.2"
"7:27140596:C>G","NM_006735.4:c.880G>C","NP_006726.1:p.Val294Leu","Unknown significance","null","missense_variant","2/2","null","294","MODERATE","22.9","null","0","null","112.23540702950906","0.6529410048518751","38.91","-0.2","0.2"
"7:27140599:T>G","NM_006735.4:c.877A>C","NP_006726.1:p.Thr293Pro","Unknown significance","null","missense_variant","2/2","null","293","MODERATE","24.7","null","0.00175796","gnomad_AF_nfe_pass","136.2178125957191","0.8657677583323801","38.6","-0.1","0.1"
"7:27140609:G>T","NM_006735.4:c.867C>A","NP_006726.1:p.His289Gln","Unknown significance","null","missense_variant","2/2","null","289","MODERATE","20.4","null","0.0200461","gnomad_AF_eas_pass","169.14098244529322","0.8234618890638296","36.0","-0.1","0.1"
"7:27140611:G>A","NM_006735.4:c.865C>T","NP_006726.1:p.His289Tyr","Unknown significance","null","missense_variant","2/2","null","289","MODERATE","19.82","null","0.381591","gnomad_AF_amr_pass","169.14098244529322","0.8234618890638296","36.0","0.1","0.1"
"7:27140614:G>C","NM_006735.4:c.862C>G","NP_006726.1:p.Gln288Glu","Unknown significance","null","missense_variant","2/2","null","288","MODERATE","19.90","null","0.0229568","gnomad_AF_afr_pass","156.76128585518427","0.7927177660428926","33.93","-0.1","0.1"
"7:27140626:G>T","NM_006735.4:c.850C>A","NP_006726.1:p.Leu284Met","Unknown significance","null","missense_variant","2/2","null","284","MODERATE","25.1","null","0.00543656","gnomad_AF_eas_pass","168.19215637295716","0.8721342164784595","36.52","-0.1","0.1"
"7:27140631:T>G","NM_006735.4:c.845A>C","NP_006726.1:p.Lys282Thr","Unknown significance","null","missense_variant","2/2","null","282","MODERATE","23.2","null","0.0123031","gnomad_AF_afr_pass","213.88955003949147","0.9035751600227475","39.21","0.0","0.0"
"7:27140639:G>T","NM_006735.4:c.837C>A","NP_006726.1:p.Ser279Arg","Unknown significance","null","missense_variant","2/2","null","279","MODERATE","27.3","null","0.00578168","gnomad_AF_amr_pass","94.16603645988877","0.6828217559336189","39.47","0.0","0.0"
"7:27140646:A>G","NM_006735.4:c.830T>C","NP_006726.1:p.Leu277Ser","Unknown significance","null","missense_variant","2/2","null","277","MODERATE","24.3","null","0.117925","gnomad_AF_amr_pass","191.68576678972272","0.9939566721442364","33.66","-0.1","0.1"
"7:27140652:G>A","NM_006735.4:c.824C>T","NP_006726.1:p.Ser275Leu","Unknown significance","null","missense_variant","2/2","null","275","MODERATE","23.5","null","0.00543656","gnomad_AF_eas_pass","82.01390672577773","0.5947035885419887","36.54","0.2","0.2"
"7:27140652:G>C","NM_006735.4:c.824C>G","NP_006726.1:p.Ser275Trp","Unknown significance","null","missense_variant","2/2","null","275","MODERATE","31","null","0.000774006","gnomad_AF_nfe_pass","82.01390672577773","0.5947035885419887","36.54","0.3","0.3"
"7:27140662:A>C","NM_006735.4:c.814T>G","NP_006726.1:p.Phe272Val","Unknown significance","null","missense_variant","2/2","null","272","MODERATE","22.7","null","0.0379269","gnomad_AF_nfe_pass","156.83973016037308","0.6826527562669236","34.2","-0.3","0.3"
"7:27140666:T>G","NM_006735.4:c.810A>C","NP_006726.1:p.Gln270His","Unknown significance","null","missense_variant","2/2","null","270","MODERATE","21.8","null","0.00289084","gnomad_AF_amr_pass","147.84004769659688","0.7476044337247006","39.67","0.0","0.0"
"7:27140667:T>C","NM_006735.4:c.809A>G","NP_006726.1:p.Gln270Arg","Unknown significance","null","missense_variant","2/2","null","270","MODERATE","20.5","null","0.00543656","gnomad_AF_eas_pass","147.84004769659688","0.7476044337247006","39.67","0.1","0.1"
"7:27140670:G>A","NM_006735.4:c.806C>T","NP_006726.1:p.Ser269Phe","Unknown significance","null","missense_variant","2/2","null","269","MODERATE","23.5","null","0.0410223","gnomad_AF_nfe_pass","129.63842240331428","0.9400410015090894","38.1","-0.0","0.0"
"7:27140674:C>G","NM_006735.4:c.802G>C","NP_006726.1:p.Asp268His","Unknown significance","null","missense_variant","2/2","null","268","MODERATE","26.5","null","0.0054188","gnomad_AF_nfe_pass","126.9451453268725","0.7935071401926175","36.17","0.1","0.1"
"7:27140674:C>T","NM_006735.4:c.802G>A","NP_006726.1:p.Asp268Asn","Unknown significance","null","missense_variant","2/2","null","268","MODERATE","23.0","null","0.0816567","gnomad_AF_sas_pass","126.9451453268725","0.7935071401926175","36.17","0.0","0.0"
"7:27140677:C>T","NM_006735.4:c.799G>A","NP_006726.1:p.Gly267Ser","Unknown significance","null","missense_variant","2/2","null","267","MODERATE","23.0","null","0","null","57.47076372049944","0.6027589033816375","35.2","-0.0","0.0"
"7:27140679:T>C","NM_006735.4:c.797A>G","NP_006726.1:p.Asn266Ser","Unknown significance","null","missense_variant","2/2","null","266","MODERATE","22.1","null","0.00543656","gnomad_AF_eas_pass","136.7661383360515","0.8557131230760162","35.25","-0.1","0.1"
"7:27140679:T>G","NM_006735.4:c.797A>C","NP_006726.1:p.Asn266Thr","Unknown significance","null","missense_variant","2/2","null","266","MODERATE","22.9","null","0.00648088","gnomad_AF_nfe_pass","136.7661383360515","0.8557131230760162","35.25","-0.1","0.1"
"7:27140680:T>G","NM_006735.4:c.796A>C","NP_006726.1:p.Asn266His","Unknown significance","null","missense_variant","2/2","null","266","MODERATE","24.3","null","0.000879044","gnomad_AF_nfe_pass","136.7661383360515","0.8557131230760162","35.25","0.0","0.0"
"7:27140685:C>G","NM_006735.4:c.791G>C","NP_006726.1:p.Gly264Ala","Unknown significance","null","missense_variant","2/2","null","264","MODERATE","17.47","null","0.00175818","gnomad_AF_nfe_pass","86.71529743996413","0.9094783887947795","30.18","0.0","0.0"
"7:27140686:C>T","NM_006735.4:c.790G>A","NP_006726.1:p.Gly264Arg","Unknown significance","null","missense_variant","2/2","null","264","MODERATE","22.6","null","0.000879105","gnomad_AF_nfe_pass","86.71529743996413","0.9094783887947795","30.18","0.1","0.1"
"7:27140688:T>C","NM_006735.4:c.788A>G","NP_006726.1:p.Asn263Ser","Unknown significance","null","missense_variant","2/2","null","263","MODERATE","15.18","null","0.0202359","gnomad_AF_amr_pass","140.92223335092297","0.8817168187878723","36.12","-0.0","0.0"
"7:27140689:T>C","NM_006735.4:c.787A>G","NP_006726.1:p.Asn263Asp","Unknown significance","null","missense_variant","2/2","null","263","MODERATE","22.8","null","0.0163313","gnomad_AF_sas_pass","140.92223335092297","0.8817168187878723","36.12","-0.1","0.1"
"7:27140691:G>A","NM_006735.4:c.785C>T","NP_006726.1:p.Pro262Leu","Unknown significance","null","missense_variant","2/2","null","262","MODERATE","22.7","null","0.00282183","gnomad_AF_amr_pass","154.20391539911333","0.980316640586668","44.65","0.0","0.0"
"7:27140691:G>T","NM_006735.4:c.785C>A","NP_006726.1:p.Pro262His","Unknown significance","null","missense_variant","2/2","null","262","MODERATE","22.6","null","0.00578168","gnomad_AF_amr_pass","154.20391539911333","0.980316640586668","44.65","0.1","0.1"
"7:27140692:G>A","NM_006735.4:c.784C>T","NP_006726.1:p.Pro262Ser","Unknown significance","null","missense_variant","2/2","null","262","MODERATE","22.2","null","0.00615157","gnomad_AF_afr_pass","154.20391539911333","0.980316640586668","44.65","0.0","0.0"
"7:27140698:G>C","NM_006735.4:c.778C>G","NP_006726.1:p.Gln260Glu","Unknown significance","null","missense_variant","2/2","null","260","MODERATE","22.1","null","0.0120144","gnomad_AF_afr_pass","158.9141290186119","0.8036043635458603","35.65","-0.2","0.2"
"7:27140704:G>C","NM_006735.4:c.772C>G","NP_006726.1:p.Gln258Glu","Unknown significance","null","missense_variant","2/2","null","258","MODERATE","17.76","null","0.000879167","gnomad_AF_nfe_pass","185.36321798138437","0.9373533475635576","37.54","-0.1","0.1"
"7:27140706:G>A","NM_006735.4:c.770C>T","NP_006726.1:p.Ser257Phe","Unknown significance","null","missense_variant","2/2","null","257","MODERATE","25.0","null","0.00326627","gnomad_AF_sas_pass","132.50278967009194","0.9608112532927356","38.0","0.1","0.1"
"7:27140710:G>A","NM_006735.4:c.766C>T","NP_006726.1:p.Leu256Phe","Unknown significance","null","missense_variant","2/2","null","256","MODERATE","22.2","null","0.00289084","gnomad_AF_amr_pass","203.15448820789717","1.0534259398184662","40.11","-0.0","0.0"
"7:27140714:A>C","NM_006735.4:c.762T>G","NP_006726.1:p.Asn254Lys","Likely benign","null","missense_variant","2/2","null","254","MODERATE","16.78","null","0.00175827","gnomad_AF_nfe_pass","143.495752895152","0.8978187170594923","36.22","-0.1","0.1"
"7:27140716:T>C","NM_006735.4:c.760A>G","NP_006726.1:p.Asn254Asp","Unknown significance","null","missense_variant","2/2","null","254","MODERATE","22.8","null","0","gnomad_AF_afr_pass,gnomad_AF_amr_pass,gnomad_AF_eas_pass,gnomad_AF_nfe_pass,gnomad_AF_sas_pass","143.495752895152","0.8978187170594923","36.22","-0.1","0.1"
"7:27140721:T>C","NM_006735.4:c.755A>G","NP_006726.1:p.Gln252Arg","Unknown significance","null","missense_variant","2/2","null","252","MODERATE","22.8","null","0.0217462","gnomad_AF_eas_pass","144.87587561608126","0.7326150703942432","39.75","0.0","0.0"
"7:27140727:G>A","NM_006735.4:c.749C>T","NP_006726.1:p.Thr250Ile","Unknown significance","null","missense_variant","2/2","null","250","MODERATE","22.9","null","0.00615157","gnomad_AF_afr_pass","119.48935771680556","0.7594457098065729","42.27","0.1","0.1"
"7:27140740:T>A","NM_006735.4:c.736A>T","NP_006726.1:p.Arg246Trp","Unknown significance","null","missense_variant","2/2","null","246","MODERATE","29.0","null","0","null","219.5198436092236","0.8147698656126994","42.1","-0.1","0.1"
"7:27140740:T>C","NM_006735.4:c.736A>G","NP_006726.1:p.Arg246Gly","Unknown significance","null","missense_variant","2/2","null","246","MODERATE","23.9","null","0.00289084","gnomad_AF_amr_pass","219.5198436092236","0.8147698656126994","42.1","-0.4","0.4"
"7:27140761:C>T","NM_006735.4:c.715G>A","NP_006726.1:p.Val239Ile","Unknown significance","null","missense_variant","2/2","null","239","MODERATE","22.5","null","0.00087926","gnomad_AF_nfe_pass","125.90417835578377","0.7324604855672768","42.66","0.0","0.0"
"7:27140764:T>C","NM_006735.4:c.712A>G","NP_006726.1:p.Ser238Gly","Likely benign","null","missense_variant","2/2","null","238","MODERATE","17.16","null","0.00615157","gnomad_AF_afr_pass","107.19346494718714","0.7772869360496562","40.45","-0.3","0.3"
"7:27140769:G>T","NM_006735.4:c.707C>A","NP_006726.1:p.Ala236Asp","Unknown significance","Microtia, hearing impairment, and cleft palate","missense_variant","2/2","null","236","MODERATE","23.3","null","0","null","50.68473930781852","0.39859431813847845","44.95","-0.4","0.4"
"7:27140770:C>T","NM_006735.4:c.706G>A","NP_006726.1:p.Ala236Thr","Unknown significance","null","missense_variant","2/2","null","236","MODERATE","22.7","null","0.00615157","gnomad_AF_afr_pass","50.68473930781852","0.39859431813847845","44.95","0.1","0.1"
"7:27140781:A>C","NM_006735.4:c.695T>G","NP_006726.1:p.Leu232Arg","Unknown significance","null","missense_variant","2/2","null","232","MODERATE","23.4","null","0.00175837","gnomad_AF_nfe_pass","150.00887406720642","0.7778476396920384","53.09","-0.1","0.1"
"7:27140786:C>G","NM_006735.4:c.690G>C","NP_006726.1:p.Lys230Asn","Unknown significance","null","missense_variant","2/2","null","230","MODERATE","21.8","null","0.00791181","gnomad_AF_nfe_pass","116.98849696673915","0.49421722495570575","43.31","-0.1","0.1"
"7:27140790:T>G","NM_006735.4:c.686A>C","NP_006726.1:p.Glu229Ala","Unknown significance","null","missense_variant","2/2","null","229","MODERATE","22.5","null","0.00326627","gnomad_AF_sas_pass","136.5607111443583","0.6993401171652757","47.93","-0.2","0.2"
"7:27140791:C>T","NM_006735.4:c.685G>A","NP_006726.1:p.Glu229Lys","Unknown significance","null","missense_variant","2/2","null","229","MODERATE","23.3","null","0.00289101","gnomad_AF_amr_pass","136.5607111443583","0.6993401171652757","47.93","-0.1","0.1"
"7:27140797:C>T","NM_006735.4:c.679G>A","NP_006726.1:p.Glu227Lys","Unknown significance","null","missense_variant","2/2","null","227","MODERATE","23.6","null","0.0163313","gnomad_AF_sas_pass","123.75794987256799","0.633775984606035","38.9","0.0","0.0"
"7:27140798:G>C","NM_006735.4:c.678C>G","NP_006726.1:p.Asp226Glu","Likely benign","null","missense_variant","2/2","null","226","MODERATE","11.38","null","0.0294181","gnomad_AF_nfe_pass","81.37246228914205","0.5086419781963906","35.78","-0.0","0.0"
"7:27140800:C>T","NM_006735.4:c.676G>A","NP_006726.1:p.Asp226Asn","Unknown significance","null","missense_variant","2/2","null","226","MODERATE","23.2","null","0","null","81.37246228914205","0.5086419781963906","35.78","0.1","0.1"
"7:27140801:C>G","NM_006735.4:c.675G>C","NP_006726.1:p.Glu225Asp","Unknown significance","null","missense_variant","2/2","null","225","MODERATE","17.13","null","0.00703272","gnomad_AF_nfe_pass","134.99229705595178","0.6913081225809007","41.56","-0.0","0.0"
"7:27140803:C>T","NM_006735.4:c.673G>A","NP_006726.1:p.Glu225Lys","Unknown significance","null","missense_variant","2/2","null","225","MODERATE","25.5","null","0.0114811","gnomad_AF_afr_pass","134.99229705595178","0.6913081225809007","41.56","0.0","0.0"
"7:27140815:C>T","NM_006735.4:c.661G>A","NP_006726.1:p.Glu221Lys","Unknown significance","null","missense_variant","2/2","null","221","MODERATE","23.0","null","0.0163097","gnomad_AF_eas_pass","132.83255908294154","0.6802479033243194","36.56","-0.0","0.0"
"7:27140817:G>C","NM_006735.4:c.659C>G","NP_006726.1:p.Ser220Cys","Unknown significance","null","missense_variant","2/2","null","220","MODERATE","22.9","null","0.0123031","gnomad_AF_afr_pass","110.19732616773867","0.7990686937863917","41.11","-0.1","0.1"
"7:27140821:C>A","NM_006735.4:c.655G>T","NP_006726.1:p.Asp219Tyr","Unknown significance","null","missense_variant","2/2","null","219","MODERATE","26.0","null","0.0246063","gnomad_AF_afr_pass","107.25470218480842","0.6704263623767122","36.89","0.3","0.3"
"7:27140827:G>A","NM_006735.4:c.649C>T","NP_006726.1:p.Leu217Phe","Unknown significance","null","missense_variant","2/2","null","217","MODERATE","22.0","null","0.00648256","gnomad_AF_nfe_pass","172.10432011452335","0.8924201319043874","38.03","-0.0","0.0"
"7:27140833:T>C","NM_006735.4:c.643A>G","NP_006726.1:p.Lys215Glu","Unknown significance","null","missense_variant","2/2","null","215","MODERATE","22.8","null","0.0108731","gnomad_AF_eas_pass","188.77192837528702","0.7974659134025458","35.45","0.0","0.0"
"7:27140842:C>A","NM_006735.4:c.634G>T","NP_006726.1:p.Gly212Trp","Unknown significance","null","missense_variant","2/2","null","212","MODERATE","26.6","null","0.00543656","gnomad_AF_eas_pass","78.4971646329864","0.823285820645356","41.74","0.2","0.2"
"7:27140842:C>G","NM_006735.4:c.634G>C","NP_006726.1:p.Gly212Arg","Unknown significance","null","missense_variant","2/2","null","212","MODERATE","23.2","null","0.00543656","gnomad_AF_eas_pass","78.4971646329864","0.823285820645356","41.74","0.2","0.2"
"7:27140846:G>C","NM_006735.4:c.630C>G","NP_006726.1:p.Ser210Arg","Likely benign","null","missense_variant","2/2","null","210","MODERATE","17.11","null","0","null","95.30898052120223","0.6911095325059332","44.57","0.2","0.2"
"7:27140853:T>C","NM_006735.4:c.623A>G","NP_006726.1:p.Gln208Arg","Unknown significance","null","missense_variant","2/2","null","208","MODERATE","20.4","null","0.000878997","gnomad_AF_nfe_pass","140.1760329641325","0.7088486873393882","58.79","0.1","0.1"
"7:27140866:A>G","NM_006735.4:c.610T>C","NP_006726.1:p.Cys204Arg","Unknown significance","null","missense_variant","2/2","null","204","MODERATE","22.6","Homeobox_domain","0.00326627","gnomad_AF_sas_pass","57.702963832082304","0.3734142685981804","79.32","0.7","0.7"
"7:27140867:C>A","NM_006735.4:c.609G>T","NP_006726.1:p.Gln203His","Unknown significance","null","missense_variant","2/2","null","203","MODERATE","22.6","Homeobox_domain","0.00175793","gnomad_AF_nfe_pass","85.60462599431627","0.4328894568002008","84.2","-0.1","0.1"
"7:27140868:T>A","NM_006735.4:c.608A>T","NP_006726.1:p.Gln203Leu","Unknown significance","null","missense_variant","2/2","null","203","MODERATE","24.4","Homeobox_domain","0.0902165","gnomad_AF_eas_pass","85.60462599431627","0.4328894568002008","84.2","-0.2","0.2"
"7:27140868:T>C","NM_006735.4:c.608A>G","NP_006726.1:p.Gln203Arg","Unknown significance","null","missense_variant","2/2","null","203","MODERATE","24.0","Homeobox_domain","0.00615157","gnomad_AF_afr_pass","85.60462599431627","0.4328894568002008","84.2","0.1","0.1"
"7:27140872:T>A","NM_006735.4:c.604A>T","NP_006726.1:p.Thr202Ser","Unknown significance","null","missense_variant","2/2","null","202","MODERATE","24.1","Homeobox_domain","0.000878966","gnomad_AF_nfe_pass","68.7334857491328","0.43685355641415885","92.55","-0.2","0.2"
"7:27140874:T>C","NM_006735.4:c.602A>G","NP_006726.1:p.Gln201Arg","Unknown significance","null","missense_variant","2/2","null","201","MODERATE","27.5","Homeobox_domain&Homeobox_domain&Homeobox_domain","0.000878966","gnomad_AF_nfe_pass","83.774361070516","0.4236340879522957","95.31","-0.2","0.2"
"7:27140877:C>G","NM_006735.4:c.599G>C","NP_006726.1:p.Arg200Thr","Unknown significance","null","missense_variant","2/2","null","200","MODERATE","28.9","Homeobox_domain&Homeobox_domain&Homeobox_domain&Homeobox_domain","0.000878966","gnomad_AF_nfe_pass","169.21001670820615","0.6280399088616833","96.6","-0.4","0.4"
"7:27140882:G>C","NM_006735.4:c.594C>G","NP_006726.1:p.His198Gln","Unknown significance","null","missense_variant","2/2","null","198","MODERATE","25.3","Homeobox_domain&Homeobox_domain&_metazoa&Homeobox&_conserved_site&Homeobox_domain&Homeobox_domain&Homeobox_domain","0.00543656","gnomad_AF_eas_pass","65.73637828761896","0.3200371752744514","97.51","0.1","0.1"
"7:27140892:C>T","NM_006735.4:c.584G>A","NP_006726.1:p.Arg195Lys","Unknown significance","null","missense_variant","2/2","null","195","MODERATE","30","Homeobox_domain&Homeobox_domain&_metazoa&Homeobox&_conserved_site&Homeobox_domain&Homeobox_domain&Homeobox_domain","0","gnomad_AF_afr_pass,gnomad_AF_amr_pass,gnomad_AF_eas_pass,gnomad_AF_nfe_pass,gnomad_AF_sas_pass","43.87094921062264","0.16283141790257122","98.54","-1.1","1.1"
"7:27140920:G>T","NM_006735.4:c.556C>A","NP_006726.1:p.Gln186Lys","Pathogenic","Microtia","missense_variant","2/2","null","186","MODERATE","29.1","Homeobox_domain&Homeobox_domain&_metazoa&Homeobox&_conserved_site&Homeobox_domain&Homeobox_domain&Homeobox_domain","0","null","33.04539487818472","0.16710549076536244","98.46","-0.7","0.7"
"7:27140922:C>G","NM_006735.4:c.554G>C","NP_006726.1:p.Arg185Thr","Unknown significance","null","missense_variant","2/2","null","185","MODERATE","29.5","Homeobox_domain&Homeobox_domain&_metazoa&Homeobox&_conserved_site&Homeobox_domain&Homeobox_domain&Homeobox_domain","0.000878966","gnomad_AF_nfe_pass","196.3024881900132","0.7285963277503688","98.54","-0.2","0.2"
"7:27140922:C>T","NM_006735.4:c.554G>A","NP_006726.1:p.Arg185Lys","Unknown significance","null","missense_variant","2/2","null","185","MODERATE","25.6","Homeobox_domain&Homeobox_domain&_metazoa&Homeobox&_conserved_site&Homeobox_domain&Homeobox_domain&Homeobox_domain","0.00175793","gnomad_AF_nfe_pass","196.3024881900132","0.7285963277503688","98.54","-0.3","0.3"
"7:27140935:C>G","NM_006735.4:c.541G>C","NP_006726.1:p.Asp181His","Unknown significance","null","missense_variant","2/2","null","181","MODERATE","29.1","Homeobox_domain&Homeobox_domain&_metazoa&Homeobox&_conserved_site&Homeobox_domain&Homeobox_domain&Homeobox_domain","0.00653253","gnomad_AF_sas_pass","146.91767985489605","0.91835121134573","98.54","0.2","0.2"
"7:27140937:A>G","NM_006735.4:c.539T>C","NP_006726.1:p.Leu180Pro","Likely pathogenic","Schizophrenia","missense_variant","2/2","null","180","MODERATE","31","Homeobox_domain&Homeobox_domain&_metazoa&Homeobox&_conserved_site&Homeobox_domain&Homeobox_domain&Homeobox_domain","0","null","12.368369441235005","0.0641342523002576","98.42","-3.2","3.2"
"7:27140943:G>A","NM_006735.4:c.533C>T","NP_006726.1:p.Ala178Val","Unknown significance","null","missense_variant","2/2","null","178","MODERATE","26.8","Homeobox_domain&Homeobox&_conserved_site&Homeobox_domain&Homeobox_domain&Homeobox_domain","0.00647836","gnomad_AF_nfe_pass","80.06081175940434","0.6296132743042482","98.62","0.3","0.3"
"7:27140955:A>G","NM_006735.4:c.521T>C","NP_006726.1:p.Val174Ala","Unknown significance","null","missense_variant","2/2","null","174","MODERATE","28.3","Homeobox_domain&Homeobox_domain&_metazoa&Homeobox_domain&Homeobox_domain&Homeobox_domain","0.000879229","gnomad_AF_nfe_pass","69.37240758110538","0.40358110433984073","98.82","-0.6","0.6"
"7:27140956:C>T","NM_006735.4:c.520G>A","NP_006726.1:p.Val174Met","Unknown significance","null","missense_variant","2/2","null","174","MODERATE","29.7","Homeobox_domain&Homeobox_domain&_metazoa&Homeobox_domain&Homeobox_domain&Homeobox_domain","0.00543656","gnomad_AF_eas_pass","69.37240758110538","0.40358110433984073","98.82","-0.1","0.1"
"7:27140978:C>G","NM_006735.4:c.498G>C","NP_006726.1:p.Lys166Asn","Unknown significance","null","missense_variant","2/2","null","166","MODERATE","29.6","Homeobox_domain&Homeobox_domain&_metazoa&Homeobox_domain&Homeobox_domain&Homeobox_domain","0.00175886","gnomad_AF_nfe_pass","72.65664480472267","0.30693757335981026","98.27","0.1","0.1"
"7:27141027:T>G","NM_006735.4:c.449A>C","NP_006726.1:p.Tyr150Ser","Unknown significance","null","missense_variant","2/2","null","150","MODERATE","28.5","Homeobox_domain&Homeobox_domain&Homeobox_domain&Homeobox_domain","0.000893416","gnomad_AF_nfe_pass","30.490039120644653","0.12708857708429022","98.54","-2.7","2.7"
"7:27141036:C>T","NM_006735.4:c.440G>A","NP_006726.1:p.Arg147Lys","Unknown significance","null","missense_variant","2/2","null","147","MODERATE","29.9","Homeobox_domain&Homeobox_domain&Homeobox_domain&Homeobox_domain","0.00327054","gnomad_AF_sas_pass","239.49985380370714","0.888927672731398","93.3","-0.2","0.2"
"7:27141042:C>T","NM_006735.4:c.434G>A","NP_006726.1:p.Arg145His","Unknown significance","null","missense_variant","2/2","null","145","MODERATE","32","Homeobox_domain&Homeobox_domain&Homeobox_domain&Homeobox_domain","0","null","178.18079660272102","0.6613358560932522","89.47","-0.2","0.2"
"7:27141045:C>T","NM_006735.4:c.431G>A","NP_006726.1:p.Arg144Gln","Unknown significance","null","missense_variant","2/2","null","144","MODERATE","32","Homeobox_domain&Homeobox_domain&Homeobox_domain&Homeobox_domain","0.00692233","gnomad_AF_afr_pass","217.51577312925616","0.8073315574907778","84.35","-0.1","0.1"
"7:27141049:A>G","NM_006735.4:c.427T>C","NP_006726.1:p.Ser143Pro","Unknown significance","null","missense_variant","2/2","null","143","MODERATE","25.0","Homeobox_domain&Homeobox_domain","0.000921302","gnomad_AF_nfe_pass","127.51858862680369","0.9246695504426433","72.93","-0.0","0.0"
"7:27141051:C>A","NM_006735.4:c.425G>T","NP_006726.1:p.Gly142Val","Unknown significance","null","missense_variant","2/2","null","142","MODERATE","23.7","Homeobox_domain","0.000910846","gnomad_AF_nfe_pass","56.78369070336252","0.5955528154241732","63.28","0.2","0.2"
"7:27141051:C>T","NM_006735.4:c.425G>A","NP_006726.1:p.Gly142Glu","Unknown significance","null","missense_variant","2/2","null","142","MODERATE","24.0","Homeobox_domain","0.00638886","gnomad_AF_nfe_pass","56.78369070336252","0.5955528154241732","63.28","0.3","0.3"
"7:27141055:C>T","NM_006735.4:c.421G>A","NP_006726.1:p.Gly141Arg","Unknown significance","null","missense_variant","2/2","null","141","MODERATE","24.7","Homeobox_domain","0.00670961","gnomad_AF_afr_pass","22.64628559922853","0.23751642382628377","57.33","0.6","0.6"
"7:27141057:C>A","NM_006735.4:c.419G>T","NP_006726.1:p.Gly140Val","Unknown significance","null","missense_variant","2/2","null","140","MODERATE","22.4","null","0.00851426","gnomad_AF_afr_pass","97.67410603104199","1.024415428449452","47.8","0.0","0.0"
"7:27141058:C>A","NM_006735.4:c.418G>T","NP_006726.1:p.Gly140Cys","Unknown significance","null","missense_variant","2/2","null","140","MODERATE","26.1","null","0","null","97.67410603104199","1.024415428449452","47.8","-0.0","0.0"
"7:27141058:C>T","NM_006735.4:c.418G>A","NP_006726.1:p.Gly140Ser","Unknown significance","null","missense_variant","2/2","null","140","MODERATE","22.2","null","0.00079769","gnomad_AF_nfe_pass","97.67410603104199","1.024415428449452","47.8","0.0","0.0"
"7:27141059:G>T","NM_006735.4:c.417C>A","NP_006726.1:p.Ser139Arg","Unknown significance","null","missense_variant","2/2","null","139","MODERATE","23.6","null","0.00647836","gnomad_AF_nfe_pass","132.3992486239276","0.9600604509694027","42.76","0.0","0.0"
"7:27141060:C>T","NM_006735.4:c.416G>A","NP_006726.1:p.Ser139Asn","Unknown significance","null","missense_variant","2/2","null","139","MODERATE","22.8","null","0.00647836","gnomad_AF_nfe_pass","132.3992486239276","0.9600604509694027","42.76","-0.0","0.0"
"7:27141064:C>T","NM_006735.4:c.412G>A","NP_006726.1:p.Gly138Ser","Unknown significance","null","missense_variant","2/2","null","138","MODERATE","22.2","null","0.000910979","gnomad_AF_nfe_pass","78.63783235439114","0.8247611572514166","41.45","0.1","0.1"
"7:27141065:A>T","NM_006735.4:c.411T>A","NP_006726.1:p.Asp137Glu","Unknown significance","null","missense_variant","2/2","null","137","MODERATE","19.30","null","0.000911212","gnomad_AF_nfe_pass","159.16242038147476","0.994890483585149","42.63","-0.0","0.0"
"7:27141067:C>G","NM_006735.4:c.409G>C","NP_006726.1:p.Asp137His","Unknown significance","null","missense_variant","2/2","null","137","MODERATE","23.8","null","0.00428816","gnomad_AF_afr_pass","159.16242038147476","0.994890483585149","42.63","0.0","0.0"
"7:27141067:C>T","NM_006735.4:c.409G>A","NP_006726.1:p.Asp137Asn","Unknown significance","null","missense_variant","2/2","null","137","MODERATE","23.8","null","0","null","159.16242038147476","0.994890483585149","42.63","0.0","0.0"
"7:27141071:G>C","NM_006735.4:c.405C>G","NP_006726.1:p.Ile135Met","Unknown significance","null","missense_variant","2/2","null","135","MODERATE","24.0","null","0.0641026","gnomad_AF_eas_pass","162.566409070514","0.8287493366112606","54.0","0.0","0.0"
"7:27141081:G>T","NM_006735.4:c.395C>A","NP_006726.1:p.Ser132Tyr","Unknown significance","null","missense_variant","2/2","null","132","MODERATE","27.0","null","0.005506","gnomad_AF_eas_pass","88.35978459332908","0.6407191545715458","42.21","0.2","0.2"
"7:27141082:A>T","NM_006735.4:c.394T>A","NP_006726.1:p.Ser132Thr","Unknown significance","Microtia, hearing impairment, and cleft palate","missense_variant&splice_region_variant","2/2","null","132","MODERATE","19.75","null","0.0353772","gnomad_AF_nfe_pass","88.35978459332908","0.6407191545715458","42.21","0.0","0.0"
"7:27141731:T>C","NM_006735.4:c.389A>G","NP_006726.1:p.Lys130Arg","Unknown significance","Microtia, hearing impairment, and cleft palate","missense_variant&splice_region_variant","1/2","null","130","MODERATE","23.0","null","0","null","230.84400166182476","0.9751991422833077","41.69","0.1","0.1"
"7:27141736:G>T","NM_006735.4:c.384C>A","NP_006726.1:p.Ser128Arg","Unknown significance","null","missense_variant","1/2","null","128","MODERATE","23.2","null","0","null","90.84353901117828","0.6587294862862728","34.06","0.0","0.0"
"7:27141749:G>T","NM_006735.4:c.371C>A","NP_006726.1:p.Pro124His","Unknown significance","null","missense_variant","1/2","null","124","MODERATE","22.7","null","0.00601757","gnomad_AF_eas_pass","133.9642552004289","0.8516475621055123","43.11","-0.0","0.0"
"7:27141750:G>A","NM_006735.4:c.370C>T","NP_006726.1:p.Pro124Ser","Unknown significance","null","missense_variant","1/2","null","124","MODERATE","22.7","null","0","null","133.9642552004289","0.8516475621055123","43.11","-0.1","0.1"
"7:27141752:C>A","NM_006735.4:c.368G>T","NP_006726.1:p.Gly123Val","Unknown significance","null","missense_variant","1/2","null","123","MODERATE","23.1","null","0.00107271","gnomad_AF_nfe_pass","60.67766970272502","0.6363932420950591","41.08","0.3","0.3"
"7:27141752:C>T","NM_006735.4:c.368G>A","NP_006726.1:p.Gly123Asp","Unknown significance","null","missense_variant","1/2","null","123","MODERATE","23.1","null","0.00360646","gnomad_AF_sas_pass","60.67766970272502","0.6363932420950591","41.08","-0.0","0.0"
"7:27141753:C>G","NM_006735.4:c.367G>C","NP_006726.1:p.Gly123Arg","Unknown significance","null","missense_variant","1/2","null","123","MODERATE","23.4","null","0.00108601","gnomad_AF_nfe_pass","60.67766970272502","0.6363932420950591","41.08","0.3","0.3"
"7:27141755:G>A","NM_006735.4:c.365C>T","NP_006726.1:p.Thr122Ile","Unknown significance","null","missense_variant","1/2","null","122","MODERATE","20.4","null","0","gnomad_AF_afr_pass,gnomad_AF_amr_pass,gnomad_AF_eas_pass,gnomad_AF_nfe_pass,gnomad_AF_sas_pass","153.83058569397707","0.9777103214430644","31.44","0.0","0.0"
"7:27141761:G>A","NM_006735.4:c.359C>T","NP_006726.1:p.Ala120Val","Likely benign","null","missense_variant","1/2","null","120","MODERATE","19.74","null","0","null","101.42578798895426","0.7976314637743199","31.43","0.1","0.1"
"7:27141765:C>A","NM_006735.4:c.355G>T","NP_006726.1:p.Ala119Ser","Likely benign","null","missense_variant","1/2","null","119","MODERATE","2.272","null","0","null","119.91179160564182","0.9430088713989142","33.08","-0.0","0.0"
"7:27141767:G>A","NM_006735.4:c.353C>T","NP_006726.1:p.Thr118Ile","Likely benign","null","missense_variant","1/2","null","118","MODERATE","10.95","null","0","null","139.3474470235254","0.8856589644186453","38.11","0.0","0.0"
"7:27141768:T>C","NM_006735.4:c.352A>G","NP_006726.1:p.Thr118Ala","Unknown significance","Microtia, hearing impairment, and cleft palate","missense_variant","1/2","null","118","MODERATE","0.069","null","0.0270948","gnomad_AF_amr_pass","139.3474470235254","0.8856589644186453","38.11","-0.0","0.0"
"7:27141771:C>T","NM_006735.4:c.349G>A","NP_006726.1:p.Ala117Thr","Likely benign","null","missense_variant","1/2","null","117","MODERATE","17.28","null","0.00463929","gnomad_AF_nfe_pass","113.25561661163087","0.8906634599519834","31.98","-0.0","0.0"
"7:27141777:C>T","NM_006735.4:c.343G>A","NP_006726.1:p.Ala115Thr","Likely benign","null","missense_variant","1/2","null","115","MODERATE","10.90","null","0","null","122.71920532023694","0.9650869006160643","30.44","-0.0","0.0"
"7:27141782:G>A","NM_006735.4:c.338C>T","NP_006726.1:p.Ala113Val","Unknown significance","Microtia, hearing impairment, and cleft palate","missense_variant","1/2","null","113","MODERATE","22.2","null","0.186652","gnomad_AF_afr_pass","108.94928394518384","0.8567976503157655","32.82","0.1","0.1"
"7:27141788:G>A","NM_006735.4:c.332C>T","NP_006726.1:p.Pro111Leu","Unknown significance","null","missense_variant","1/2","null","111","MODERATE","23.6","null","0","null","152.01321696138461","0.966389768967006","44.29","0.1","0.1"
"7:27141788:G>T","NM_006735.4:c.332C>A","NP_006726.1:p.Pro111Gln","Unknown significance","null","missense_variant","1/2","null","111","MODERATE","23.3","null","0.0480769","gnomad_AF_eas_pass","152.01321696138461","0.966389768967006","44.29","-0.0","0.0"
"7:27141789:G>T","NM_006735.4:c.331C>A","NP_006726.1:p.Pro111Thr","Unknown significance","null","missense_variant","1/2","null","111","MODERATE","22.6","null","0.00778695","gnomad_AF_eas_pass","152.01321696138461","0.966389768967006","44.29","0.0","0.0"
"7:27141791:A>T","NM_006735.4:c.329T>A","NP_006726.1:p.Leu110Gln","Likely benign","null","missense_variant","1/2","null","110","MODERATE","19.64","null","0.00152901","gnomad_AF_nfe_pass","174.1609146515444","0.9030842823846361","34.04","-0.1","0.1"
"7:27141795:G>A","NM_006735.4:c.325C>T","NP_006726.1:p.Leu109Phe","Likely benign","null","missense_variant","1/2","null","109","MODERATE","22.7","null","0.00649773","gnomad_AF_nfe_pass","192.290523668045","0.9970925446938815","38.71","-0.0","0.0"
"7:27141812:G>T","NM_006735.4:c.308C>A","NP_006726.1:p.Ala103Glu","Unknown significance","null","missense_variant","1/2","null","103","MODERATE","24.2","null","0.0065028","gnomad_AF_nfe_pass","94.03262446071365","0.7394902359477667","49.53","0.1","0.1"
"7:27141815:T>G","NM_006735.4:c.305A>C","NP_006726.1:p.Lys102Thr","Unknown significance","null","missense_variant","1/2","null","102","MODERATE","27.6","null","0","null","218.63548669544124","0.9236243418203897","56.63","0.0","0.0"
"7:27141816:T>C","NM_006735.4:c.304A>G","NP_006726.1:p.Lys102Glu","Unknown significance","null","missense_variant","1/2","null","102","MODERATE","29.3","null","0","null","218.63548669544124","0.9236243418203897","56.63","0.0","0.0"
"7:27141824:T>C","NM_006735.4:c.296A>G","NP_006726.1:p.Lys99Arg","Unknown significance","null","missense_variant","1/2","null","99","MODERATE","22.8","Homeobox_protein&_antennapedia_type&_conserved_site","0","null","104.20387168415846","0.4402086498130406","78.55","0.5","0.5"
"7:27141839:T>C","NM_006735.4:c.281A>G","NP_006726.1:p.Glu94Gly","Unknown significance","null","missense_variant","1/2","null","94","MODERATE","31","Homeobox_protein&_antennapedia_type&_conserved_site","0.00543596","gnomad_AF_amr_pass","108.85614181520248","0.5574624380121251","79.62","-0.4","0.4"
"7:27141864:G>T","NM_006735.4:c.256C>A","NP_006726.1:p.Pro86Thr","Unknown significance","null","missense_variant","1/2","null","86","MODERATE","23.0","null","0.0495295","gnomad_AF_sas_pass","134.62270427802414","0.855833503727519","44.95","-0.1","0.1"
"7:27141869:G>C","NM_006735.4:c.251C>G","NP_006726.1:p.Pro84Arg","Unknown significance","null","missense_variant","1/2","null","84","MODERATE","23.6","null","0.00575109","gnomad_AF_amr_pass","154.18533178242512","0.9801984994315969","45.77","-0.0","0.0"
"7:27141879:G>A","NM_006735.4:c.241C>T","NP_006726.1:p.Arg81Cys","Unknown significance","null","missense_variant","1/2","null","81","MODERATE","23.5","null","0","null","263.8846801099545","0.9794343956128979","31.69","-0.0","0.0"
"7:27141879:G>T","NM_006735.4:c.241C>A","NP_006726.1:p.Arg81Ser","Unknown significance","null","missense_variant","1/2","null","81","MODERATE","21.0","null","0.0499201","gnomad_AF_sas_pass","263.8846801099545","0.9794343956128979","31.69","-0.0","0.0"
"7:27141884:C>A","NM_006735.4:c.236G>T","NP_006726.1:p.Gly79Val","Unknown significance","null","missense_variant","1/2","null","79","MODERATE","25.3","null","0","null","62.23997196175016","0.6527788186115019","30.65","0.2","0.2"
"7:27141887:G>A","NM_006735.4:c.233C>T","NP_006726.1:p.Ala78Val","Likely benign","null","missense_variant","1/2","null","78","MODERATE","22.1","null","0","null","112.44738642690736","0.8843073858401628","32.12","0.1","0.1"
"7:27141890:G>A","NM_006735.4:c.230C>T","NP_006726.1:p.Pro77Leu","Unknown significance","null","missense_variant","1/2","null","77","MODERATE","23.1","null","0.00807168","gnomad_AF_sas_pass","154.69666649600876","0.9834491946382541","42.51","-0.0","0.0"
"7:27141890:G>T","NM_006735.4:c.230C>A","NP_006726.1:p.Pro77His","Unknown significance","null","missense_variant","1/2","null","77","MODERATE","25.2","null","0.0198791","gnomad_AF_amr_pass","154.69666649600876","0.9834491946382541","42.51","-0.0","0.0"
"7:27141891:G>T","NM_006735.4:c.229C>A","NP_006726.1:p.Pro77Thr","Unknown significance","null","missense_variant","1/2","null","77","MODERATE","23.6","null","0.00400192","gnomad_AF_sas_pass","154.69666649600876","0.9834491946382541","42.51","-0.0","0.0"
"7:27141909:C>T","NM_006735.4:c.211G>A","NP_006726.1:p.Gly71Ser","Unknown significance","null","missense_variant","1/2","null","71","MODERATE","22.1","null","0.0058872","gnomad_AF_eas_pass","70.96942157130633","0.7443341266176927","35.2","0.2","0.2"
"7:27141911:C>A","NM_006735.4:c.209G>T","NP_006726.1:p.Gly70Val","Unknown significance","null","missense_variant","1/2","null","70","MODERATE","23.0","null","0.00654365","gnomad_AF_nfe_pass","76.89970582963592","0.8065315189070372","31.38","0.2","0.2"
"7:27141918:C>A","NM_006735.4:c.202G>T","NP_006726.1:p.Gly68Cys","Likely benign","null","missense_variant","1/2","null","68","MODERATE","19.76","null","0.00727531","gnomad_AF_nfe_pass","65.24827750395865","0.6843302167880969","30.93","-0.1","0.1"
"7:27141918:C>T","NM_006735.4:c.202G>A","NP_006726.1:p.Gly68Ser","Likely benign","null","missense_variant","1/2","null","68","MODERATE","14.95","null","0.00676865","gnomad_AF_afr_pass","65.24827750395865","0.6843302167880969","30.93","0.1","0.1"
"7:27141923:C>T","NM_006735.4:c.197G>A","NP_006726.1:p.Arg66His","Unknown significance","null","missense_variant","1/2","null","66","MODERATE","31","null","0.000912759","gnomad_AF_nfe_pass","216.32167919080115","0.8028995583522587","37.36","-0.0","0.0"
"7:27141924:G>A","NM_006735.4:c.196C>T","NP_006726.1:p.Arg66Cys","Unknown significance","null","missense_variant","1/2","null","66","MODERATE","25.0","null","0.000908249","gnomad_AF_nfe_pass","216.32167919080115","0.8028995583522587","37.36","-0.3","0.3"
"7:27141927:G>C","NM_006735.4:c.193C>G","NP_006726.1:p.Pro65Ala","Unknown significance","null","missense_variant","1/2","null","65","MODERATE","23.4","null","0.190077","gnomad_AF_sas_pass","144.55050348038478","0.9189472498168296","43.95","-0.2","0.2"
"7:27141929:T>G","NM_006735.4:c.191A>C","NP_006726.1:p.His64Pro","Unknown significance","null","missense_variant","1/2","null","64","MODERATE","22.9","null","0","null","136.9213205707266","0.6666006526641306","37.96","-0.5","0.5"
"7:27141932:C>T","NM_006735.4:c.188G>A","NP_006726.1:p.Ser63Asn","Unknown significance","null","missense_variant","1/2","null","63","MODERATE","22.1","null","0.00290478","gnomad_AF_amr_pass","133.0005252116799","0.9644204596401051","42.24","-0.0","0.0"
"7:27141936:C>A","NM_006735.4:c.184G>T","NP_006726.1:p.Gly62Cys","Unknown significance","null","missense_variant","1/2","null","62","MODERATE","23.8","null","0","gnomad_AF_afr_pass,gnomad_AF_amr_pass,gnomad_AF_eas_pass,gnomad_AF_nfe_pass,gnomad_AF_sas_pass","81.43530848159071","0.8541013562240235","35.27","0.1","0.1"
"7:27141936:C>T","NM_006735.4:c.184G>A","NP_006726.1:p.Gly62Ser","Unknown significance","null","missense_variant","1/2","null","62","MODERATE","20.8","null","0.00157876","gnomad_AF_nfe_pass","81.43530848159071","0.8541013562240235","35.27","0.0","0.0"
"7:27141946:G>T","NM_006735.4:c.174C>A","NP_006726.1:p.Ser58Arg","Unknown significance","null","missense_variant","1/2","null","58","MODERATE","27.9","null","0","null","124.28068431290906","0.9011906870193077","41.15","-0.0","0.0"
"7:27141954:T>C","NM_006735.4:c.166A>G","NP_006726.1:p.Ile56Val","Unknown significance","null","missense_variant","1/2","null","56","MODERATE","22.0","null","0.00814133","gnomad_AF_afr_pass","140.21598852931348","0.7148088472911808","43.47","-0.2","0.2"
"7:27141969:G>C","NM_006735.4:c.151C>G","NP_006726.1:p.Pro51Ala","Unknown significance","null","missense_variant","1/2","null","51","MODERATE","26.1","null","0.00806907","gnomad_AF_afr_pass","118.98684226408733","0.7564320346888972","53.03","-0.6","0.6"
"7:27141971:G>A","NM_006735.4:c.149C>T","NP_006726.1:p.Pro50Leu","Unknown significance","null","missense_variant","1/2","null","50","MODERATE","29.9","null","0.00543715","gnomad_AF_eas_pass","132.1823838822596","0.8403197167647218","49.54","-0.2","0.2"
"7:27141975:G>C","NM_006735.4:c.145C>G","NP_006726.1:p.Pro49Ala","Unknown significance","null","missense_variant","1/2","null","49","MODERATE","26.1","null","0.0201207","gnomad_AF_afr_pass","98.77653541220471","0.6279495634949316","45.76","-0.6","0.6"
"7:27141980:A>C","NM_006735.4:c.140T>G","NP_006726.1:p.Leu47Arg","Unknown significance","null","missense_variant","1/2","null","47","MODERATE","27.8","null","0","gnomad_AF_afr_pass,gnomad_AF_amr_pass,gnomad_AF_eas_pass,gnomad_AF_nfe_pass,gnomad_AF_sas_pass","175.06261482228712","0.9077599081026713","45.08","-0.3","0.3"
"7:27141987:A>C","NM_006735.4:c.133T>G","NP_006726.1:p.Ser45Ala","Unknown significance","null","missense_variant","1/2","null","45","MODERATE","22.5","null","0.00543656","gnomad_AF_eas_pass","115.10942807085908","0.8346875875288534","42.16","-0.0","0.0"
"7:27141988:G>C","NM_006735.4:c.132C>G","NP_006726.1:p.His44Gln","Unknown significance","null","missense_variant","1/2","null","44","MODERATE","21.2","null","0.000879229","gnomad_AF_nfe_pass","180.08851127455117","0.876759869482249","42.19","-0.2","0.2"
"7:27141996:G>A","NM_006735.4:c.124C>T","NP_006726.1:p.Leu42Phe","Unknown significance","null","missense_variant","1/2","null","42","MODERATE","28.5","null","0.00653253","gnomad_AF_sas_pass","205.8093156811499","1.0671921339633141","39.28","-0.1","0.1"
"7:27141996:G>C","NM_006735.4:c.124C>G","NP_006726.1:p.Leu42Val","Unknown significance","null","missense_variant","1/2","null","42","MODERATE","26.4","null","0.000879121","gnomad_AF_nfe_pass","205.8093156811499","1.0671921339633141","39.28","-0.1","0.1"
"7:27142002:A>C","NM_006735.4:c.118T>G","NP_006726.1:p.Ser40Ala","Unknown significance","null","missense_variant","1/2","null","40","MODERATE","26.7","null","0.000879059","gnomad_AF_nfe_pass","116.96127363363594","0.8481157882520706","33.27","-0.1","0.1"
"7:27142004:G>A","NM_006735.4:c.116C>T","NP_006726.1:p.Thr39Ile","Unknown significance","null","missense_variant","1/2","null","39","MODERATE","22.2","null","0.00867303","gnomad_AF_amr_pass","123.21289664111939","0.7831116304827053","41.48","-0.0","0.0"
"7:27142011:T>C","NM_006735.4:c.109A>G","NP_006726.1:p.Ile37Val","Unknown significance","null","missense_variant","1/2","null","37","MODERATE","25.4","null","0.00543656","gnomad_AF_eas_pass","169.65180857792475","0.864870083664518","52.77","-0.3","0.3"
"7:27142014:A>G","NM_006735.4:c.106T>C","NP_006726.1:p.Ser36Pro","Unknown significance","null","missense_variant","1/2","null","36","MODERATE","28.9","null","0","null","101.54124378027831","0.7363012502630633","53.77","-0.4","0.4"
"7:27142017:A>G","NM_006735.4:c.103T>C","NP_006726.1:p.Ser35Pro","Unknown significance","null","missense_variant","1/2","null","35","MODERATE","25.6","null","0.00289084","gnomad_AF_amr_pass","114.55790110972667","0.8306883259882492","43.04","-0.2","0.2"
"7:27142028:G>T","NM_006735.4:c.92C>A","NP_006726.1:p.Thr31Lys","Unknown significance","null","missense_variant","1/2","null","31","MODERATE","24.2","null","0.000878997","gnomad_AF_nfe_pass","112.63740032983613","0.7158963114271428","43.19","-0.4","0.4"
"7:27142029:T>C","NM_006735.4:c.91A>G","NP_006726.1:p.Thr31Ala","Unknown significance","null","missense_variant","1/2","null","31","MODERATE","21.8","null","0.00326627","gnomad_AF_sas_pass","112.63740032983613","0.7158963114271428","43.19","-0.2","0.2"
"7:27142032:C>T","NM_006735.4:c.88G>A","NP_006726.1:p.Asp30Asn","Unknown significance","null","missense_variant","1/2","null","30","MODERATE","29.8","null","0.00653253","gnomad_AF_sas_pass","166.34816641177383","1.0398070557626127","43.51","0.0","0.0"
"7:27142034:G>A","NM_006735.4:c.86C>T","NP_006726.1:p.Ala29Val","Unknown significance","null","missense_variant","1/2","null","29","MODERATE","22.6","null","0.000878997","gnomad_AF_nfe_pass","87.46660743996217","0.6878538437513417","48.59","0.3","0.3"
"7:27142034:G>T","NM_006735.4:c.86C>A","NP_006726.1:p.Ala29Asp","Unknown significance","null","missense_variant","1/2","null","29","MODERATE","22.7","null","0.00326627","gnomad_AF_sas_pass","87.46660743996217","0.6878538437513417","48.59","-0.5","0.5"
"7:27142040:G>A","NM_006735.4:c.80C>T","NP_006726.1:p.Pro27Leu","Unknown significance","null","missense_variant","1/2","null","27","MODERATE","25.1","null","0.00326627","gnomad_AF_sas_pass","167.5803597893226","1.0653543712672713","53.03","0.0","0.0"
"7:27142040:G>C","NM_006735.4:c.80C>G","NP_006726.1:p.Pro27Arg","Unknown significance","Microtia, hearing impairment, and cleft palate","missense_variant","1/2","null","27","MODERATE","27.5","null","0.0240442","gnomad_AF_afr_pass","167.5803597893226","1.0653543712672713","53.03","-0.1","0.1"
"7:27142044:G>A","NM_006735.4:c.76C>T","NP_006726.1:p.Pro26Ser","Unknown significance","null","missense_variant","1/2","null","26","MODERATE","24.0","null","0.0123854","gnomad_AF_nfe_pass","101.71868177557545","0.6466535959547355","43.04","-0.7","0.7"
"7:27142079:C>G","NM_006735.4:c.41G>C","NP_006726.1:p.Ser14Thr","Likely pathogenic","High myopia","missense_variant","1/2","null","14","MODERATE","26.6","null","0","null","117.91334564405804","0.8550195032895893","49.62","-0.0","0.0"
"7:27142094:A>G","NM_006735.4:c.26T>C","NP_006726.1:p.Ile9Thr","Unknown significance","null","missense_variant","1/2","null","9","MODERATE","20.9","null","0.00351723","gnomad_AF_nfe_pass","166.16124441297652","0.8470754928099884","51.75","-0.2","0.2"
"7:27142105:A>T","NM_006735.4:c.15T>A","NP_006726.1:p.Phe5Leu","Unknown significance","Microtia, hearing impairment, and cleft palate","missense_variant","1/2","null","5","MODERATE","25.9","null","0.00289251","gnomad_AF_amr_pass","181.72716839166532","0.7909765737565496","42.93","-0.6","0.6"