{"applied_filters": "CONTAINS missense_variant[Consequence]"},
"Genomic Description (GRCh37)","HGVS Nucleotide Change","HGVS Protein Change","Variant Classification","Phenotype","Consequence","Exon","Intron","Protein Position","Impact","CADD Phred","Interpro Domain","Max MAF (%)","Max MAF Source","Surface Area","Normalized SA","Confidence Score","ddG","|ddG|"
"15:83518474:T>C","NM_004839.4:c.1025A>G","NP_004830.2:p.Asp342Gly","Unknown significance","null","missense_variant","9/9","null","342","MODERATE","29.5","null","0.000784683","gnomad_AF_nfe_pass","112.40759730620813","0.7026360153017288","55.18","-0.2","0.2"
"15:83518475:C>T","NM_004839.4:c.1024G>A","NP_004830.2:p.Asp342Asn","Unknown significance","null","missense_variant","9/9","null","342","MODERATE","32","null","0.00560664","gnomad_AF_eas_pass","112.40759730620813","0.7026360153017288","55.18","0.1","0.1"
"15:83518484:G>C","NM_004839.4:c.1015C>G","NP_004830.2:p.Leu339Val","Unknown significance","null","missense_variant","9/9","null","339","MODERATE","25.4","null","0.000889949","gnomad_AF_nfe_pass","121.74198703891734","0.6312741020055581","75.22","-0.6","0.6"
"15:83518487:T>G","NM_004839.4:c.1012A>C","NP_004830.2:p.Lys338Gln","Unknown significance","null","missense_variant","9/9","null","338","MODERATE","23.8","null","0.00290326","gnomad_AF_amr_pass","158.22232634532045","0.6684092973230709","78.92","0.2","0.2"
"15:83518493:G>A","NM_004839.4:c.1006C>T","NP_004830.2:p.Leu336Phe","Unknown significance","null","missense_variant","9/9","null","336","MODERATE","24.3","null","0.000887958","gnomad_AF_nfe_pass","85.0660477234952","0.44109673411725303","84.49","-0.6","0.6"
"15:83518495:C>T","NM_004839.4:c.1004G>A","NP_004830.2:p.Gly335Glu","Unknown significance","null","missense_variant","9/9","null","335","MODERATE","25.5","null","0.0273177","gnomad_AF_nfe_pass","30.41994212773499","0.3190472819714092","86.06","0.1","0.1"
"15:83518498:C>T","NM_004839.4:c.1001G>A","NP_004830.2:p.Arg334Gln","Unknown significance","null","missense_variant","9/9","null","334","MODERATE","18.30","null","0.0196297","gnomad_AF_sas_pass","167.3679373166405","0.6212028468738584","86.24","0.0","0.0"
"15:83518501:C>A","NM_004839.4:c.998G>T","NP_004830.2:p.Arg333Leu","Unknown significance","null","missense_variant","9/9","null","333","MODERATE","29.6","null","0.000886949","gnomad_AF_nfe_pass","151.08420056124942","0.5607641284886513","90.45","-0.4","0.4"
"15:83518501:C>T","NM_004839.4:c.998G>A","NP_004830.2:p.Arg333His","Unknown significance","null","missense_variant","9/9","null","333","MODERATE","31","null","0.00512033","gnomad_AF_eas_pass","151.08420056124942","0.5607641284886513","90.45","-0.2","0.2"
"15:83518502:G>A","NM_004839.4:c.997C>T","NP_004830.2:p.Arg333Cys","Unknown significance","null","missense_variant","9/9","null","333","MODERATE","29.5","null","0.00327054","gnomad_AF_sas_pass","151.08420056124942","0.5607641284886513","90.45","-0.9","0.9"
"15:83518506:G>C","NM_004839.4:c.993C>G","NP_004830.2:p.Asp331Glu","Unknown significance","null","missense_variant","9/9","null","331","MODERATE","18.02","null","0.000886352","gnomad_AF_nfe_pass","89.43708469210165","0.5590522199053434","91.24","0.1","0.1"
"15:83518510:T>C","NM_004839.4:c.989A>G","NP_004830.2:p.His330Arg","Unknown significance","null","missense_variant","9/9","null","330","MODERATE","20.4","null","0.00653723","gnomad_AF_sas_pass","102.05893970754278","0.49687335424226353","90.11","0.1","0.1"
"15:83518517:C>T","NM_004839.4:c.982G>A","NP_004830.2:p.Asp328Asn","Unknown significance","null","missense_variant","9/9","null","328","MODERATE","23.2","null","0.00177126","gnomad_AF_nfe_pass","97.60542873143743","0.6101108035327291","94.44","-0.1","0.1"
"15:83518522:A>C","NM_004839.4:c.977T>G","NP_004830.2:p.Ile326Ser","Unknown significance","null","missense_variant","9/9","null","326","MODERATE","27.8","null","0","gnomad_AF_afr_pass,gnomad_AF_amr_pass,gnomad_AF_eas_pass,gnomad_AF_nfe_pass,gnomad_AF_sas_pass","87.57978271506225","0.44647407321510996","95.29","-2.1","2.1"
"15:83518522:A>G","NM_004839.4:c.977T>C","NP_004830.2:p.Ile326Thr","Unknown significance","null","missense_variant","9/9","null","326","MODERATE","26.1","null","0.0116848","gnomad_AF_nfe_pass","87.57978271506225","0.44647407321510996","95.29","-1.5","1.5"
"15:83518532:C>A","NM_004839.4:c.967G>T","NP_004830.2:p.Asp323Tyr","Unknown significance","null","missense_variant","9/9","null","323","MODERATE","27.7","null","0.00326797","gnomad_AF_sas_pass","83.32403208188151","0.5208408264558929","95.5","0.4","0.4"
"15:83518532:C>T","NM_004839.4:c.967G>A","NP_004830.2:p.Asp323Asn","Unknown significance","null","missense_variant","9/9","null","323","MODERATE","27.9","null","0.0330633","gnomad_AF_afr_pass","83.32403208188151","0.5208408264558929","95.5","-0.1","0.1"
"15:83518549:C>T","NM_004839.4:c.950G>A","NP_004830.2:p.Ser317Asn","Likely benign","null","missense_variant","9/9","null","317","MODERATE","17.05","null","0.00289654","gnomad_AF_amr_pass","62.06505234192718","0.45004939801494903","96.75","0.0","0.0"
"15:83518562:C>A","NM_004839.4:c.937G>T","NP_004830.2:p.Val313Leu","Likely benign","null","missense_variant","9/9","null","313","MODERATE","21.9","null","0","null","103.34389440761963","0.6012137171835265","97.56","-0.0","0.0"
"15:83518568:G>C","NM_004839.4:c.931C>G","NP_004830.2:p.Leu311Val","Unknown significance","null","missense_variant","9/9","null","311","MODERATE","23.4","null","0","null","117.88038302511427","0.6112503561689199","97.05","-0.4","0.4"
"15:83518574:G>A","NM_004839.4:c.925C>T","NP_004830.2:p.Arg309Cys","Unknown significance","null","missense_variant","9/9","null","309","MODERATE","31","null","0.013071","gnomad_AF_sas_pass","117.61879883643039","0.43655394130145464","97.63","-0.6","0.6"
"15:83518579:C>T","NM_004839.4:c.920G>A","NP_004830.2:p.Arg307Gln","Unknown significance","null","missense_variant","9/9","null","307","MODERATE","23.2","null","0.0061937","gnomad_AF_nfe_pass","134.53412046383505","0.4993368501381162","97.61","-0.1","0.1"
"15:83518582:T>C","NM_004839.4:c.917A>G","NP_004830.2:p.Tyr306Cys","Unknown significance","null","missense_variant","9/9","null","306","MODERATE","23.9","null","0.00088483","gnomad_AF_nfe_pass","147.1675581842982","0.6134237968211732","97.51","-0.7","0.7"
"15:83518586:T>C","NM_004839.4:c.913A>G","NP_004830.2:p.Lys305Glu","Unknown significance","null","missense_variant","9/9","null","305","MODERATE","22.8","null","0.0114758","gnomad_AF_afr_pass","117.19978765361822","0.49510982123342395","97.65","-0.2","0.2"
"15:83518589:T>C","NM_004839.4:c.910A>G","NP_004830.2:p.Ser304Gly","Unknown significance","null","missense_variant","9/9","null","304","MODERATE","25.2","null","0.00088483","gnomad_AF_nfe_pass","61.47587053477254","0.44577709165853957","97.79","-0.7","0.7"
"15:83518589:T>G","NM_004839.4:c.910A>C","NP_004830.2:p.Ser304Arg","Unknown significance","null","missense_variant","9/9","null","304","MODERATE","24.8","null","0.00289654","gnomad_AF_amr_pass","61.47587053477254","0.44577709165853957","97.79","0.3","0.3"
"15:83518595:C>T","NM_004839.4:c.904G>A","NP_004830.2:p.Glu302Lys","Unknown significance","null","missense_variant","9/9","null","302","MODERATE","24.6","null","0.000884846","gnomad_AF_nfe_pass","88.25657038143046","0.45197011463941006","97.7","-0.1","0.1"
"15:83518597:A>G","NM_004839.4:c.902T>C","NP_004830.2:p.Ile301Thr","Unknown significance","null","missense_variant","9/9","null","301","MODERATE","24.5","null","0.000884862","gnomad_AF_nfe_pass","104.37786818633386","0.5321092439139787","97.93","-0.6","0.6"
"15:83518600:T>C","NM_004839.4:c.899A>G","NP_004830.2:p.Asp300Gly","Unknown significance","null","missense_variant","9/9","null","300","MODERATE","26.4","null","0.00326819","gnomad_AF_sas_pass","70.13949391580582","0.43842707878571335","98.27","-0.5","0.5"
"15:83518615:C>T","NM_004839.4:c.884G>A","NP_004830.2:p.Arg295His","Unknown significance","null","missense_variant","9/9","null","295","MODERATE","22.9","null","0.0129166","gnomad_AF_afr_pass","170.27379694842284","0.6319882356694669","98.2","-0.1","0.1"
"15:83518616:G>A","NM_004839.4:c.883C>T","NP_004830.2:p.Arg295Cys","Unknown significance","null","missense_variant","9/9","null","295","MODERATE","27.5","null","0.0198289","gnomad_AF_amr_pass","170.27379694842284","0.6319882356694669","98.2","-0.5","0.5"
"15:83518616:G>T","NM_004839.4:c.883C>A","NP_004830.2:p.Arg295Ser","Unknown significance","null","missense_variant","9/9","null","295","MODERATE","22.4","null","0.00327097","gnomad_AF_sas_pass","170.27379694842284","0.6319882356694669","98.2","-0.4","0.4"
"15:83518623:G>T","NM_004839.4:c.876C>A","NP_004830.2:p.Asp292Glu","Unknown significance","null","missense_variant","9/9","null","292","MODERATE","19.01","null","0.000885285","gnomad_AF_nfe_pass","51.53711365173188","0.3221475509147395","98.39","0.3","0.3"
"15:83518625:C>T","NM_004839.4:c.874G>A","NP_004830.2:p.Asp292Asn","Unknown significance","null","missense_variant","9/9","null","292","MODERATE","23.9","null","0.0206646","gnomad_AF_afr_pass","51.53711365173188","0.3221475509147395","98.39","0.3","0.3"
"15:83518630:A>C","NM_004839.4:c.869T>G","NP_004830.2:p.Leu290Arg","Unknown significance","null","missense_variant","9/9","null","290","MODERATE","31","null","0.00088541","gnomad_AF_nfe_pass","107.0878775592443","0.5552875009365733","97.96","-1.0","1.0"
"15:83518639:T>A","NM_004839.4:c.860A>T","NP_004830.2:p.Asn287Ile","Unknown significance","null","missense_variant","9/9","null","287","MODERATE","28.7","null","0.00645911","gnomad_AF_afr_pass","83.31756486022812","0.5212981407609193","97.8","-0.0","0.0"
"15:83518641:G>C","NM_004839.4:c.858C>G","NP_004830.2:p.Asp286Glu","Likely benign","null","missense_variant","9/9","null","286","MODERATE","21.6","null","0.00327504","gnomad_AF_sas_pass","80.24188152488259","0.501574957975221","98.12","0.2","0.2"
"15:83518641:G>T","NM_004839.4:c.858C>A","NP_004830.2:p.Asp286Glu","Likely benign","null","missense_variant","9/9","null","286","MODERATE","21.7","null","0.00327504","gnomad_AF_sas_pass","80.24188152488259","0.501574957975221","98.12","0.2","0.2"
"15:83518651:G>C","NM_004839.4:c.848C>G","NP_004830.2:p.Ala283Gly","Unknown significance","null","missense_variant","9/9","null","283","MODERATE","24.0","null","0.00155979","gnomad_AF_nfe_pass","35.56240278618953","0.2796694208850462","98.15","-0.7","0.7"
"15:83518654:G>A","NM_004839.4:c.845C>T","NP_004830.2:p.Ala282Val","Unknown significance","null","missense_variant&splice_region_variant","9/9","null","282","MODERATE","22.6","null","0.00413497","gnomad_AF_afr_pass","50.173862236996214","0.39457668481377495","98.13","0.3","0.3"
"15:83518655:C>A","NM_004839.4:c.844G>T","NP_004830.2:p.Ala282Ser","Unknown significance","null","missense_variant&splice_region_variant","9/9","null","282","MODERATE","23.9","null","0.00327955","gnomad_AF_sas_pass","50.173862236996214","0.39457668481377495","98.13","-0.2","0.2"
"15:83519909:C>A","NM_004839.4:c.837G>T","NP_004830.2:p.Lys279Asn","Unknown significance","null","missense_variant","8/9","null","279","MODERATE","23.6","null","0","null","134.80032879223074","0.5694632048974339","98.23","-0.2","0.2"
"15:83519909:C>G","NM_004839.4:c.837G>C","NP_004830.2:p.Lys279Asn","Unknown significance","null","missense_variant","8/9","null","279","MODERATE","23.5","null","0","null","134.80032879223074","0.5694632048974339","98.23","-0.2","0.2"
"15:83519919:A>T","NM_004839.4:c.827T>A","NP_004830.2:p.Val276Asp","Unknown significance","null","missense_variant","8/9","null","276","MODERATE","28.2","null","0.00663922","gnomad_AF_eas_pass","80.71885906115776","0.46959025089143275","98.24","-1.0","1.0"
"15:83519922:T>C","NM_004839.4:c.824A>G","NP_004830.2:p.Tyr275Cys","Likely benign","null","missense_variant","8/9","null","275","MODERATE","22.6","null","0","null","121.46192624828805","0.5062775851396007","97.85","-0.8","0.8"
"15:83519923:A>G","NM_004839.4:c.823T>C","NP_004830.2:p.Tyr275His","Likely benign","null","missense_variant","8/9","null","275","MODERATE","22.3","null","0","null","121.46192624828805","0.5062775851396007","97.85","-0.4","0.4"
"15:83519924:T>G","NM_004839.4:c.822A>C","NP_004830.2:p.Glu274Asp","Likely benign","null","missense_variant","8/9","null","274","MODERATE","10.49","null","0.0641026","gnomad_AF_eas_pass","114.2562131849413","0.5851167063061873","97.96","-0.1","0.1"
"15:83519926:C>T","NM_004839.4:c.820G>A","NP_004830.2:p.Glu274Lys","Unknown significance","null","missense_variant","8/9","null","274","MODERATE","26.0","null","0.00648004","gnomad_AF_nfe_pass","114.2562131849413","0.5851167063061873","97.96","-0.1","0.1"
"15:83519931:T>C","NM_004839.4:c.815A>G","NP_004830.2:p.Glu272Gly","Unknown significance","null","missense_variant","8/9","null","272","MODERATE","32","null","0","null","89.59350484851024","0.45881668052951813","96.77","-0.8","0.8"
"15:83519932:C>G","NM_004839.4:c.814G>C","NP_004830.2:p.Glu272Gln","Unknown significance","null","missense_variant","8/9","null","272","MODERATE","23.5","null","0","null","89.59350484851024","0.45881668052951813","96.77","0.3","0.3"
"15:83519937:A>G","NM_004839.4:c.809T>C","NP_004830.2:p.Met270Thr","Unknown significance","null","missense_variant","8/9","null","270","MODERATE","21.4","null","0.0040591","gnomad_AF_sas_pass","118.93443518521318","0.549266561296579","96.75","-0.3","0.3"
"15:83519938:T>A","NM_004839.4:c.808A>T","NP_004830.2:p.Met270Leu","Unknown significance","null","missense_variant","8/9","null","270","MODERATE","22.4","null","0.00860882","gnomad_AF_afr_pass","118.93443518521318","0.549266561296579","96.75","-0.1","0.1"
"15:83519941:G>A","NM_004839.4:c.805C>T","NP_004830.2:p.Leu269Phe","Unknown significance","null","missense_variant","8/9","null","269","MODERATE","25.0","null","0.00409903","gnomad_AF_sas_pass","108.45758491607337","0.5623899049856896","95.6","-0.3","0.3"
"15:83519946:G>A","NM_004839.4:c.800C>T","NP_004830.2:p.Pro267Leu","Unknown significance","null","missense_variant","8/9","null","267","MODERATE","24.2","null","0","null","70.76454163201895","0.44986962585098605","95.22","0.6","0.6"
"15:83519949:A>G","NM_004839.4:c.797T>C","NP_004830.2:p.Ile266Thr","Unknown significance","null","missense_variant","8/9","null","266","MODERATE","22.5","null","0.00734538","gnomad_AF_amr_pass","100.30343778699853","0.5113381540570745","94.03","-0.5","0.5"
"15:83519953:T>C","NM_004839.4:c.793A>G","NP_004830.2:p.Ile265Val","Unknown significance","null","missense_variant","8/9","null","265","MODERATE","19.25","null","0.361397","gnomad_AF_eas_pass","102.70235931476995","0.5235676462140962","94.18","-0.1","0.1"
"15:83519967:C>T","NM_004839.4:c.779G>A","NP_004830.2:p.Arg260Gln","Unknown significance","null","missense_variant","8/9","null","260","MODERATE","25.5","null","0.00586799","gnomad_AF_nfe_pass","150.85144930957043","0.5599002489279986","96.03","-0.1","0.1"
"15:83519973:T>C","NM_004839.4:c.773A>G","NP_004830.2:p.Asp258Gly","Unknown significance","null","missense_variant","8/9","null","258","MODERATE","24.2","null","0.014241","gnomad_AF_eas_pass","68.17787402082311","0.4261654094717379","97.22","-0.4","0.4"
"15:83519973:T>G","NM_004839.4:c.773A>C","NP_004830.2:p.Asp258Ala","Unknown significance","null","missense_variant","8/9","null","258","MODERATE","23.4","null","0.00239114","gnomad_AF_nfe_pass","68.17787402082311","0.4261654094717379","97.22","0.2","0.2"
"15:83519974:C>T","NM_004839.4:c.772G>A","NP_004830.2:p.Asp258Asn","Unknown significance","null","missense_variant","8/9","null","258","MODERATE","23.2","null","0","null","68.17787402082311","0.4261654094717379","97.22","0.1","0.1"
"15:83519981:C>G","NM_004839.4:c.765G>C","NP_004830.2:p.Glu255Asp","Unknown significance","null","missense_variant&splice_region_variant","8/9","null","255","MODERATE","24.1","null","0.0147689","gnomad_AF_eas_pass","63.52103213478139","0.3252971201112004","98.25","-0.3","0.3"
"15:83519982:T>C","NM_004839.4:c.764A>G","NP_004830.2:p.Glu255Gly","Benign","null","missense_variant&splice_region_variant","8/9","null","255","MODERATE","33","null","0.773917","gnomad_AF_nfe_pass","63.52103213478139","0.3252971201112004","98.25","-1.2","1.2"
"15:83519983:C>G","NM_004839.4:c.763G>C","NP_004830.2:p.Glu255Gln","Unknown significance","null","missense_variant&splice_region_variant","8/9","null","255","MODERATE","33","null","0.00649013","gnomad_AF_nfe_pass","63.52103213478139","0.3252971201112004","98.25","0.2","0.2"
"15:83520905:C>G","NM_004839.4:c.751G>C","NP_004830.2:p.Glu251Gln","Unknown significance","null","missense_variant","7/9","null","251","MODERATE","22.6","null","0.000885724","gnomad_AF_nfe_pass","98.08526483800372","0.502303774117615","98.6","0.1","0.1"
"15:83520907:C>T","NM_004839.4:c.749G>A","NP_004830.2:p.Arg250Gln","Likely benign","null","missense_variant","7/9","null","250","MODERATE","21.8","null","0.00645911","gnomad_AF_afr_pass","151.00640385289708","0.5604753782209435","98.54","-0.2","0.2"
"15:83520916:G>A","NM_004839.4:c.740C>T","NP_004830.2:p.Ala247Val","Likely benign","null","missense_variant","7/9","null","247","MODERATE","23.3","null","0.000885269","gnomad_AF_nfe_pass","48.53413071584508","0.38168152787838977","98.55","0.4","0.4"
"15:83520928:T>A","NM_004839.4:c.728A>T","NP_004830.2:p.Glu243Val","Unknown significance","null","missense_variant","7/9","null","243","MODERATE","25.9","null","0.000884956","gnomad_AF_nfe_pass","85.11193951033218","0.43586616714670345","98.67","0.2","0.2"
"15:83520929:C>T","NM_004839.4:c.727G>A","NP_004830.2:p.Glu243Lys","Unknown significance","null","missense_variant","7/9","null","243","MODERATE","23.4","null","0.0123946","gnomad_AF_afr_pass","85.11193951033218","0.43586616714670345","98.67","-0.1","0.1"
"15:83520930:G>C","NM_004839.4:c.726C>G","NP_004830.2:p.Ile242Met","Likely benign","null","missense_variant","7/9","null","242","MODERATE","10.45","null","0.0065368","gnomad_AF_sas_pass","95.60264009273223","0.48737389850796453","98.63","-0.5","0.5"
"15:83520943:A>G","NM_004839.4:c.713T>C","NP_004830.2:p.Leu238Pro","Unknown significance","null","missense_variant","7/9","null","238","MODERATE","24.8","null","0.00579576","gnomad_AF_amr_pass","113.34148252496091","0.58771459494949","98.65","-1.3","1.3"
"15:83520947:G>T","NM_004839.4:c.709C>A","NP_004830.2:p.Gln237Lys","Unknown significance","null","missense_variant","7/9","null","237","MODERATE","22.3","null","0.000884909","gnomad_AF_nfe_pass","118.94131347588178","0.6014679695592088","98.63","-0.3","0.3"
"15:83520949:G>A","NM_004839.4:c.707C>T","NP_004830.2:p.Thr236Met","Unknown significance","null","missense_variant","7/9","null","236","MODERATE","17.44","null","0.153605","gnomad_AF_sas_pass","67.39158148361702","0.42832473462709714","98.55","0.1","0.1"
"15:83520951:G>C","NM_004839.4:c.705C>G","NP_004830.2:p.Asn235Lys","Unknown significance","null","missense_variant","7/9","null","235","MODERATE","12.74","null","0.00980456","gnomad_AF_sas_pass","42.232829425124386","0.264240745577764","98.46","0.1","0.1"
"15:83520952:T>G","NM_004839.4:c.704A>C","NP_004830.2:p.Asn235Thr","Unknown significance","null","missense_variant","7/9","null","235","MODERATE","23.5","null","0.00265463","gnomad_AF_nfe_pass","42.232829425124386","0.264240745577764","98.46","0.2","0.2"
"15:83520954:C>G","NM_004839.4:c.702G>C","NP_004830.2:p.Lys234Asn","Likely benign","null","missense_variant","7/9","null","234","MODERATE","18.22","null","0.0330579","gnomad_AF_afr_pass","110.18905655343086","0.46549302847960017","98.43","0.2","0.2"
"15:83520958:T>G","NM_004839.4:c.698A>C","NP_004830.2:p.Glu233Ala","Unknown significance","null","missense_variant","7/9","null","233","MODERATE","24.7","null","0.00326819","gnomad_AF_sas_pass","98.30080905927585","0.5034075961444306","98.43","-0.1","0.1"
"15:83520959:C>T","NM_004839.4:c.697G>A","NP_004830.2:p.Glu233Lys","Unknown significance","null","missense_variant","7/9","null","233","MODERATE","24.5","null","0.0129166","gnomad_AF_afr_pass","98.30080905927585","0.5034075961444306","98.43","-0.0","0.0"
"15:83520960:C>A","NM_004839.4:c.696G>T","NP_004830.2:p.Lys232Asn","Unknown significance","null","missense_variant","7/9","null","232","MODERATE","22.4","null","0.0130736","gnomad_AF_sas_pass","145.19382483324378","0.6133704684674409","98.45","-0.1","0.1"
"15:83520972:G>C","NM_004839.4:c.684C>G","NP_004830.2:p.Ile228Met","Likely benign","null","missense_variant","7/9","null","228","MODERATE","11.04","null","0.00176985","gnomad_AF_nfe_pass","90.85728828367736","0.46318250997802884","98.4","-0.2","0.2"
"15:83520973:A>C","NM_004839.4:c.683T>G","NP_004830.2:p.Ile228Ser","Unknown significance","null","missense_variant","7/9","null","228","MODERATE","22.2","null","0.000884956","gnomad_AF_nfe_pass","90.85728828367736","0.46318250997802884","98.4","-0.8","0.8"
"15:83520974:T>A","NM_004839.4:c.682A>T","NP_004830.2:p.Ile228Phe","Unknown significance","null","missense_variant","7/9","null","228","MODERATE","22.6","null","0.000884924","gnomad_AF_nfe_pass","90.85728828367736","0.46318250997802884","98.4","-0.2","0.2"
"15:83520979:C>T","NM_004839.4:c.677G>A","NP_004830.2:p.Ser226Asn","Unknown significance","null","missense_variant","7/9","null","226","MODERATE","19.62","null","0.0111259","gnomad_AF_eas_pass","63.48530376419113","0.4603480004248591","97.93","-0.0","0.0"
"15:83520984:T>A","NM_004839.4:c.672A>T","NP_004830.2:p.Gln224His","Unknown significance","null","missense_variant","7/9","null","224","MODERATE","21.9","null","0.00289821","gnomad_AF_amr_pass","84.88877426074464","0.42926950443786144","98.39","0.1","0.1"
"15:83520998:C>T","NM_004839.4:c.658G>A","NP_004830.2:p.Glu220Lys","Unknown significance","null","missense_variant","7/9","null","220","MODERATE","22.8","null","0.00290006","gnomad_AF_amr_pass","81.41712390929307","0.4169446724233543","98.41","-0.2","0.2"
"15:83523397:T>G","NM_004839.4:c.650A>C","NP_004830.2:p.Lys217Thr","Unknown significance","null","missense_variant&splice_region_variant","6/9","null","217","MODERATE","25.8","null","0.0227635","gnomad_AF_amr_pass","80.20049477558514","0.33880652368183906","98.45","0.1","0.1"
"15:83523403:C>T","NM_004839.4:c.644G>A","NP_004830.2:p.Arg215His","Unknown significance","null","missense_variant","6/9","null","215","MODERATE","23.1","null","0.00267332","gnomad_AF_nfe_pass","151.8669598409917","0.5636694178815229","98.03","-0.2","0.2"
"15:83523404:G>A","NM_004839.4:c.643C>T","NP_004830.2:p.Arg215Cys","Unknown significance","null","missense_variant","6/9","null","215","MODERATE","26.0","null","0.382409","gnomad_AF_afr_pass","151.8669598409917","0.5636694178815229","98.03","-0.8","0.8"
"15:83523409:C>T","NM_004839.4:c.638G>A","NP_004830.2:p.Arg213Gln","Likely benign","null","missense_variant","6/9","null","213","MODERATE","15.10","null","0.435432","gnomad_AF_afr_pass","129.7816810566943","0.48169769572990917","98.38","-0.4","0.4"
"15:83523410:G>A","NM_004839.4:c.637C>T","NP_004830.2:p.Arg213Trp","Unknown significance","null","missense_variant","6/9","null","213","MODERATE","20.1","null","0.00649182","gnomad_AF_afr_pass","129.7816810566943","0.48169769572990917","98.38","-0.2","0.2"
"15:83523411:G>T","NM_004839.4:c.636C>A","NP_004830.2:p.Asp212Glu","Likely benign","null","missense_variant","6/9","null","212","MODERATE","4.245","null","0.000888415","gnomad_AF_nfe_pass","54.295644644901124","0.33939054223895415","97.94","0.2","0.2"
"15:83523416:T>C","NM_004839.4:c.631A>G","NP_004830.2:p.Asn211Asp","Unknown significance","null","missense_variant","6/9","null","211","MODERATE","17.76","null","0.000887863","gnomad_AF_nfe_pass","63.0927437494255","0.3947562565859486","95.1","-0.4","0.4"
"15:83523420:A>T","NM_004839.4:c.627T>A","NP_004830.2:p.Asp209Glu","Likely benign","null","missense_variant","6/9","null","209","MODERATE","0.001","null","0.0130993","gnomad_AF_sas_pass","80.34548951082968","0.5022225894889611","97.62","0.2","0.2"
"15:83523424:C>T","NM_004839.4:c.623G>A","NP_004830.2:p.Arg208His","Benign","null","missense_variant","6/9","null","208","MODERATE","22.5","null","10.8949","gnomad_AF_afr_pass","86.43972367088166","0.32082968391821465","97.22","-0.6","0.6"
"15:83523425:G>A","NM_004839.4:c.622C>T","NP_004830.2:p.Arg208Cys","Unknown significance","null","missense_variant","6/9","null","208","MODERATE","23.2","null","0.011611","gnomad_AF_amr_pass","86.43972367088166","0.32082968391821465","97.22","-1.6","1.6"
"15:83523427:C>T","NM_004839.4:c.620G>A","NP_004830.2:p.Cys207Tyr","Unknown significance","null","missense_variant","6/9","null","207","MODERATE","23.7","null","0","null","78.36281184676074","0.5071107292895362","96.71","1.2","1.2"
"15:83523431:T>C","NM_004839.4:c.616A>G","NP_004830.2:p.Ile206Val","Likely benign","null","missense_variant","6/9","null","206","MODERATE","12.99","null","0.0114811","gnomad_AF_afr_pass","134.91962095298473","0.6878084285673598","97.4","-0.0","0.0"
"15:83523438:C>A","NM_004839.4:c.609G>T","NP_004830.2:p.Gln203His","Unknown significance","null","missense_variant","6/9","null","203","MODERATE","24.8","null","0.0537457","gnomad_AF_afr_pass","77.08480718845341","0.389806040547077","97.56","-0.3","0.3"
"15:83523445:T>C","NM_004839.4:c.602A>G","NP_004830.2:p.Lys201Arg","Unknown significance","null","missense_variant","6/9","null","201","MODERATE","24.7","null","0","null","129.52853778283014","0.5471925544423456","97.91","0.4","0.4"
"15:83523446:T>C","NM_004839.4:c.601A>G","NP_004830.2:p.Lys201Glu","Unknown significance","null","missense_variant","6/9","null","201","MODERATE","29.1","null","0.00443192","gnomad_AF_nfe_pass","129.52853778283014","0.5471925544423456","97.91","-0.1","0.1"
"15:83523449:A>G","NM_004839.4:c.598T>C","NP_004830.2:p.Trp200Arg","Unknown significance","null","missense_variant","6/9","null","200","MODERATE","23.2","null","0","null","177.57816593378342","0.6769313123907248","96.99","-1.1","1.1"
"15:83523460:C>A","NM_004839.4:c.587G>T","NP_004830.2:p.Ser196Ile","Unknown significance","null","missense_variant","6/9","null","196","MODERATE","26.0","null","0.000886462","gnomad_AF_nfe_pass","49.712814695216046","0.36048019751844756","96.46","0.2","0.2"
"15:83523460:C>G","NM_004839.4:c.587G>C","NP_004830.2:p.Ser196Thr","Unknown significance","null","missense_variant","6/9","null","196","MODERATE","23.4","null","0.0153673","gnomad_AF_eas_pass","49.712814695216046","0.36048019751844756","96.46","0.2","0.2"
"15:83523464:C>T","NM_004839.4:c.583G>A","NP_004830.2:p.Ala195Thr","Unknown significance","null","missense_variant","6/9","null","195","MODERATE","22.4","null","0","gnomad_AF_afr_pass,gnomad_AF_amr_pass,gnomad_AF_eas_pass,gnomad_AF_nfe_pass,gnomad_AF_sas_pass","48.31750869276243","0.37997797156610374","97.43","-0.1","0.1"
"15:83523466:G>A","NM_004839.4:c.581C>T","NP_004830.2:p.Ala194Val","Unknown significance","null","missense_variant","6/9","null","194","MODERATE","22.0","null","0.00980456","gnomad_AF_sas_pass","55.17957308063123","0.43394253591147025","96.95","0.4","0.4"
"15:83523467:C>G","NM_004839.4:c.580G>C","NP_004830.2:p.Ala194Pro","Unknown significance","null","missense_variant","6/9","null","194","MODERATE","18.02","null","0","null","55.17957308063123","0.43394253591147025","96.95","-0.3","0.3"
"15:83523469:G>A","NM_004839.4:c.578C>T","NP_004830.2:p.Ser193Leu","Unknown significance","null","missense_variant","6/9","null","193","MODERATE","27.4","null","0.0124008","gnomad_AF_afr_pass","66.51352911925463","0.48230642866546947","96.6","0.1","0.1"
"15:83523475:T>C","NM_004839.4:c.572A>G","NP_004830.2:p.Gln191Arg","Unknown significance","null","missense_variant","6/9","null","191","MODERATE","23.1","null","0.00579475","gnomad_AF_amr_pass","134.18832849839816","0.6785697847269994","97.44","0.0","0.0"
"15:83523484:G>C","NM_004839.4:c.563C>G","NP_004830.2:p.Thr188Arg","Unknown significance","null","missense_variant","6/9","null","188","MODERATE","21.6","null","0","gnomad_AF_afr_pass,gnomad_AF_amr_pass,gnomad_AF_eas_pass,gnomad_AF_nfe_pass,gnomad_AF_sas_pass","67.42380362426766","0.4285295308277422","97.36","-0.0","0.0"
"15:83523488:T>C","NM_004839.4:c.559A>G","NP_004830.2:p.Thr187Ala","Unknown significance","null","missense_variant","6/9","null","187","MODERATE","20.3","null","0.00326904","gnomad_AF_sas_pass","93.36718958411194","0.5934194720035558","97.37","-0.3","0.3"
"15:83523493:C>G","NM_004839.4:c.554G>C","NP_004830.2:p.Arg185Pro","Pathogenic","Hearing loss, non-syndromic, autosomal dominant","missense_variant","6/9","null","185","MODERATE","27.9","null","0","null","179.95615914262487","0.667925291810172","96.96","-0.6","0.6"
"15:83523493:C>T","NM_004839.4:c.554G>A","NP_004830.2:p.Arg185Gln","Unknown significance","null","missense_variant","6/9","null","185","MODERATE","23.5","null","0.00326926","gnomad_AF_sas_pass","179.95615914262487","0.667925291810172","96.96","-0.2","0.2"
"15:83523494:G>A","NM_004839.4:c.553C>T","NP_004830.2:p.Arg185Trp","Unknown significance","null","missense_variant","6/9","null","185","MODERATE","24.7","null","0.00645494","gnomad_AF_afr_pass","179.95615914262487","0.667925291810172","96.96","-0.1","0.1"
"15:83523499:T>C","NM_004839.4:c.548A>G","NP_004830.2:p.Asn183Ser","Unknown significance","null","missense_variant","6/9","null","183","MODERATE","23.3","null","0.0111309","gnomad_AF_eas_pass","95.70772831099096","0.59882043970763","96.96","-0.3","0.3"
"15:83523502:C>G","NM_004839.4:c.545G>C","NP_004830.2:p.Ser182Thr","Unknown significance","null","missense_variant","6/9","null","182","MODERATE","23.5","null","0.000885944","gnomad_AF_nfe_pass","28.70340807693376","0.2081356744023065","97.2","0.2","0.2"
"15:83523504:C>G","NM_004839.4:c.543G>C","NP_004830.2:p.Glu181Asp","Unknown significance","null","missense_variant","6/9","null","181","MODERATE","16.54","null","0.104354","gnomad_AF_amr_pass","90.27686320355963","0.4623162222943594","97.02","-0.0","0.0"
"15:83523508:C>T","NM_004839.4:c.539G>A","NP_004830.2:p.Arg180Gln","Unknown significance","null","missense_variant","6/9","null","180","MODERATE","24.2","null","0.0992146","gnomad_AF_afr_pass","143.03521290813202","0.5308895053993463","97.48","-0.4","0.4"
"15:83523509:G>A","NM_004839.4:c.538C>T","NP_004830.2:p.Arg180Trp","Unknown significance","null","missense_variant","6/9","null","180","MODERATE","28.4","null","0.00177198","gnomad_AF_nfe_pass","143.03521290813202","0.5308895053993463","97.48","-0.3","0.3"
"15:83523512:G>A","NM_004839.4:c.535C>T","NP_004830.2:p.Leu179Phe","Unknown significance","null","missense_variant","6/9","null","179","MODERATE","26.5","null","0.00556483","gnomad_AF_eas_pass","98.06974657467372","0.5085253880655763","97.31","-0.5","0.5"
"15:83523512:G>C","NM_004839.4:c.535C>G","NP_004830.2:p.Leu179Val","Unknown significance","null","missense_variant","6/9","null","179","MODERATE","25.2","null","0.000885912","gnomad_AF_nfe_pass","98.06974657467372","0.5085253880655763","97.31","-0.8","0.8"
"15:83523534:C>G","NM_004839.4:c.513G>C","NP_004830.2:p.Lys171Asn","Unknown significance","null","missense_variant","6/9","null","171","MODERATE","9.986","null","0.00326926","gnomad_AF_sas_pass","159.6861704190993","0.6745932980980918","96.05","-0.1","0.1"
"15:83523541:A>G","NM_004839.4:c.506T>C","NP_004830.2:p.Val169Ala","Unknown significance","null","missense_variant","6/9","null","169","MODERATE","17.13","null","0.00327054","gnomad_AF_sas_pass","71.02781333477601","0.4132115972907425","95.93","-0.4","0.4"
"15:83523548:C>T","NM_004839.4:c.499G>A","NP_004830.2:p.Ala167Thr","Unknown significance","null","missense_variant","6/9","null","167","MODERATE","17.87","null","0","null","52.172400064946686","0.41029356199781114","94.56","0.1","0.1"
"15:83523550:G>A","NM_004839.4:c.497C>T","NP_004830.2:p.Ala166Val","Unknown significance","null","missense_variant&splice_region_variant","6/9","null","166","MODERATE","25.4","null","0.00177655","gnomad_AF_nfe_pass","43.30093361745405","0.3405266821081627","94.34","0.2","0.2"
"15:83523551:C>T","NM_004839.4:c.496G>A","NP_004830.2:p.Ala166Thr","Unknown significance","null","missense_variant&splice_region_variant","6/9","null","166","MODERATE","22.7","null","0.00872347","gnomad_AF_amr_pass","43.30093361745405","0.3405266821081627","94.34","0.2","0.2"
"15:83527785:G>T","NM_004839.4:c.490C>A","NP_004830.2:p.Gln164Lys","Unknown significance","null","missense_variant","5/9","null","164","MODERATE","22.6","null","0.00826651","gnomad_AF_afr_pass","125.03222349598178","0.63226876682214","93.04","-0.4","0.4"
"15:83527787:G>A","NM_004839.4:c.488C>T","NP_004830.2:p.Thr163Met","Unknown significance","null","missense_variant","5/9","null","163","MODERATE","24.5","null","0.0163559","gnomad_AF_sas_pass","101.72535069073442","0.6465419401093815","93.01","0.1","0.1"
"15:83527788:T>A","NM_004839.4:c.487A>T","NP_004830.2:p.Thr163Ser","Unknown significance","null","missense_variant","5/9","null","163","MODERATE","15.93","null","0","gnomad_AF_afr_pass,gnomad_AF_amr_pass,gnomad_AF_eas_pass,gnomad_AF_nfe_pass,gnomad_AF_sas_pass","101.72535069073442","0.6465419401093815","93.01","-0.1","0.1"
"15:83527789:C>G","NM_004839.4:c.486G>C","NP_004830.2:p.Leu162Phe","Unknown significance","null","missense_variant","5/9","null","162","MODERATE","22.3","null","0.0111284","gnomad_AF_eas_pass","145.5148959312604","0.754544816391684","93.57","-0.2","0.2"
"15:83527796:A>G","NM_004839.4:c.479T>C","NP_004830.2:p.Ile160Thr","Likely benign","null","missense_variant","5/9","null","160","MODERATE","19.11","null","0.00326904","gnomad_AF_sas_pass","132.65740898035597","0.6762758697668703","91.13","-0.4","0.4"
"15:83527797:T>A","NM_004839.4:c.478A>T","NP_004830.2:p.Ile160Phe","Unknown significance","null","missense_variant","5/9","null","160","MODERATE","21.0","null","0.000886226","gnomad_AF_nfe_pass","132.65740898035597","0.6762758697668703","91.13","-0.1","0.1"
"15:83527797:T>C","NM_004839.4:c.478A>G","NP_004830.2:p.Ile160Val","Likely benign","null","missense_variant","5/9","null","160","MODERATE","18.80","null","0.000886226","gnomad_AF_nfe_pass","132.65740898035597","0.6762758697668703","91.13","-0.1","0.1"
"15:83527798:C>G","NM_004839.4:c.477G>C","NP_004830.2:p.Lys159Asn","Unknown significance","null","missense_variant","5/9","null","159","MODERATE","25.2","null","0","gnomad_AF_afr_pass,gnomad_AF_amr_pass,gnomad_AF_eas_pass,gnomad_AF_nfe_pass,gnomad_AF_sas_pass","129.03187158211628","0.5450943909663597","93.3","-0.1","0.1"
"15:83527807:G>C","NM_004839.4:c.468C>G","NP_004830.2:p.Asp156Glu","Likely benign","null","missense_variant","5/9","null","156","MODERATE","10.08","null","0.028928","gnomad_AF_afr_pass","46.83293259341366","0.29274271429083604","90.56","0.0","0.0"
"15:83527825:G>T","NM_004839.4:c.450C>A","NP_004830.2:p.His150Gln","Likely benign","null","missense_variant","5/9","null","150","MODERATE","15.63","null","0.00326776","gnomad_AF_sas_pass","121.47827910110256","0.5914162951085584","75.88","0.0","0.0"
"15:83527830:T>C","NM_004839.4:c.445A>G","NP_004830.2:p.Thr149Ala","Likely benign","null","missense_variant","5/9","null","149","MODERATE","0.880","null","0.0163388","gnomad_AF_sas_pass","53.89091531916269","0.34251773730081086","70.5","0.0","0.0"
"15:83527831:G>T","NM_004839.4:c.444C>A","NP_004830.2:p.Asn148Lys","Unknown significance","null","missense_variant","5/9","null","148","MODERATE","18.93","null","0","null","89.54822459448036","0.5602818933541264","62.66","-0.1","0.1"
"15:83527833:T>G","NM_004839.4:c.442A>C","NP_004830.2:p.Asn148His","Likely benign","null","missense_variant","5/9","null","148","MODERATE","12.94","null","0.020475","gnomad_AF_eas_pass","89.54822459448036","0.5602818933541264","62.66","0.2","0.2"
"15:83527838:G>A","NM_004839.4:c.437C>T","NP_004830.2:p.Pro146Leu","Unknown significance","null","missense_variant","5/9","null","146","MODERATE","24.1","null","0.00176988","gnomad_AF_nfe_pass","142.6844443393628","0.9070841993649135","59.72","0.0","0.0"
"15:83527839:G>A","NM_004839.4:c.436C>T","NP_004830.2:p.Pro146Ser","Unknown significance","null","missense_variant","5/9","null","146","MODERATE","13.46","null","0.0641026","gnomad_AF_eas_pass","142.6844443393628","0.9070841993649135","59.72","0.1","0.1"
"15:83527841:C>A","NM_004839.4:c.434G>T","NP_004830.2:p.Gly145Val","Likely benign","null","missense_variant","5/9","null","145","MODERATE","12.29","null","0.00556297","gnomad_AF_eas_pass","34.229770433151245","0.3590051280618712","43.86","0.5","0.5"
"15:83527841:C>T","NM_004839.4:c.434G>A","NP_004830.2:p.Gly145Asp","Likely benign","null","missense_variant","5/9","null","145","MODERATE","11.72","null","0.0261421","gnomad_AF_sas_pass","34.229770433151245","0.3590051280618712","43.86","0.1","0.1"
"15:83527845:C>T","NM_004839.4:c.430G>A","NP_004830.2:p.Ala144Thr","Likely benign","null","missense_variant","5/9","null","144","MODERATE","1.613","null","0.0153563","gnomad_AF_eas_pass","39.41106475166167","0.3099360220913036","43.81","0.2","0.2"
"15:83527853:G>A","NM_004839.4:c.422C>T","NP_004830.2:p.Ala141Val","Unknown significance","null","missense_variant","5/9","null","141","MODERATE","20.3","null","0.00645828","gnomad_AF_afr_pass","100.70254428878259","0.7919437393536203","31.2","0.2","0.2"
"15:83527854:C>A","NM_004839.4:c.421G>T","NP_004830.2:p.Ala141Ser","Unknown significance","null","missense_variant","5/9","null","141","MODERATE","21.6","null","0.013071","gnomad_AF_sas_pass","100.70254428878259","0.7919437393536203","31.2","-0.0","0.0"
"15:83527859:T>C","NM_004839.4:c.416A>G","NP_004830.2:p.Glu139Gly","Unknown significance","null","missense_variant","5/9","null","139","MODERATE","22.7","null","0.000884877","gnomad_AF_nfe_pass","132.38012131944234","0.677930927410207","36.58","-0.4","0.4"
"15:83527861:A>C","NM_004839.4:c.414T>G","NP_004830.2:p.Asp138Glu","Likely benign","null","missense_variant","5/9","null","138","MODERATE","10.85","null","0","null","121.61548637472885","0.7601925741063927","35.22","-0.0","0.0"
"15:83527862:T>C","NM_004839.4:c.413A>G","NP_004830.2:p.Asp138Gly","Unknown significance","null","missense_variant","5/9","null","138","MODERATE","24.0","null","0.00176975","gnomad_AF_nfe_pass","121.61548637472885","0.7601925741063927","35.22","-0.4","0.4"
"15:83527863:C>A","NM_004839.4:c.412G>T","NP_004830.2:p.Asp138Tyr","Unknown significance","null","missense_variant","5/9","null","138","MODERATE","26.9","null","0.00326776","gnomad_AF_sas_pass","121.61548637472885","0.7601925741063927","35.22","0.1","0.1"
"15:83527863:C>T","NM_004839.4:c.412G>A","NP_004830.2:p.Asp138Asn","Unknown significance","null","missense_variant","5/9","null","138","MODERATE","25.7","null","0.00353976","gnomad_AF_nfe_pass","121.61548637472885","0.7601925741063927","35.22","-0.0","0.0"
"15:83527868:G>A","NM_004839.4:c.407C>T","NP_004830.2:p.Thr136Met","Unknown significance","null","missense_variant","5/9","null","136","MODERATE","25.3","null","0.0102386","gnomad_AF_eas_pass","127.44395354309529","0.8100032137462846","31.27","-0.1","0.1"
"15:83527872:C>T","NM_004839.4:c.403G>A","NP_004830.2:p.Gly135Arg","Unknown significance","null","missense_variant","5/9","null","135","MODERATE","25.8","null","0.000884956","gnomad_AF_nfe_pass","58.43245707392894","0.6128452358675204","34.04","-0.2","0.2"
"15:83527874:T>C","NM_004839.4:c.401A>G","NP_004830.2:p.Asn134Ser","Unknown significance","null","missense_variant","5/9","null","134","MODERATE","22.9","null","0.00980328","gnomad_AF_sas_pass","149.27920923274678","0.9340044246112895","30.74","-0.0","0.0"
"15:83527878:C>T","NM_004839.4:c.397G>A","NP_004830.2:p.Val133Ile","Likely benign","null","missense_variant","5/9","null","133","MODERATE","14.89","null","0.00289637","gnomad_AF_amr_pass","166.19724557332577","0.9668695414427444","39.31","0.0","0.0"
"15:83527880:C>T","NM_004839.4:c.395G>A","NP_004830.2:p.Ser132Asn","Unknown significance","null","missense_variant","5/9","null","132","MODERATE","22.5","null","0.000884987","gnomad_AF_nfe_pass","110.35578926954798","0.8002177498313938","28.51","-0.1","0.1"
"15:83527881:T>A","NM_004839.4:c.394A>T","NP_004830.2:p.Ser132Cys","Unknown significance","null","missense_variant","5/9","null","132","MODERATE","24.1","null","0.00413189","gnomad_AF_afr_pass","110.35578926954798","0.8002177498313938","28.51","-0.1","0.1"
"15:83532924:A>G","NM_004839.4:c.382T>C","NP_004830.2:p.Ser128Pro","Unknown significance","null","missense_variant","4/9","null","128","MODERATE","22.5","null","0.00177949","gnomad_AF_nfe_pass","106.96628159840934","0.7756395721065278","29.02","-0.1","0.1"
"15:83532942:C>G","NM_004839.4:c.364G>C","NP_004830.2:p.Glu122Gln","Unknown significance","null","missense_variant","4/9","null","122","MODERATE","23.7","null","0","gnomad_AF_afr_pass,gnomad_AF_amr_pass,gnomad_AF_eas_pass,gnomad_AF_nfe_pass,gnomad_AF_sas_pass","130.6319427929459","0.6689783424002076","43.83","0.1","0.1"
"15:83532948:T>C","NM_004839.4:c.358A>G","NP_004830.2:p.Lys120Glu","Unknown significance","null","missense_variant","4/9","null","120","MODERATE","23.5","null","0.0453083","gnomad_AF_nfe_pass","197.4148680067047","0.8339779616025783","51.42","-0.1","0.1"
"15:83532951:C>T","NM_004839.4:c.355G>A","NP_004830.2:p.Glu119Lys","Unknown significance","null","missense_variant","4/9","null","119","MODERATE","24.3","null","0.0114732","gnomad_AF_afr_pass","100.14272017494287","0.5128401944711699","57.7","-0.4","0.4"
"15:83532956:G>A","NM_004839.4:c.350C>T","NP_004830.2:p.Thr117Met","Unknown significance","null","missense_variant","4/9","null","117","MODERATE","22.7","null","0.00988403","gnomad_AF_sas_pass","78.03109470180057","0.4959469297947208","69.09","-0.1","0.1"
"15:83532957:T>A","NM_004839.4:c.349A>T","NP_004830.2:p.Thr117Ser","Likely benign","null","missense_variant","4/9","null","117","MODERATE","13.38","null","0.000886839","gnomad_AF_nfe_pass","78.03109470180057","0.4959469297947208","69.09","-0.0","0.0"
"15:83532959:T>A","NM_004839.4:c.347A>T","NP_004830.2:p.Lys116Met","Unknown significance","null","missense_variant","4/9","null","116","MODERATE","23.0","null","0.00647082","gnomad_AF_afr_pass","152.8152091057944","0.645566961995962","78.58","0.0","0.0"
"15:83532959:T>C","NM_004839.4:c.347A>G","NP_004830.2:p.Lys116Arg","Likely benign","null","missense_variant","4/9","null","116","MODERATE","20.7","null","0.00648004","gnomad_AF_nfe_pass","152.8152091057944","0.645566961995962","78.58","0.3","0.3"
"15:83532962:T>A","NM_004839.4:c.344A>T","NP_004830.2:p.Asp115Val","Unknown significance","null","missense_variant","4/9","null","115","MODERATE","24.0","null","0.00329402","gnomad_AF_sas_pass","41.49427791127419","0.2593719178071074","82.85","-0.3","0.3"
"15:83532966:T>C","NM_004839.4:c.340A>G","NP_004830.2:p.Lys114Glu","Unknown significance","null","missense_variant","4/9","null","114","MODERATE","22.7","null","0.000886462","gnomad_AF_nfe_pass","147.08559070567256","0.6213622223917902","82.36","-0.0","0.0"
"15:83532968:G>A","NM_004839.4:c.338C>T","NP_004830.2:p.Ala113Val","Unknown significance","null","missense_variant","4/9","null","113","MODERATE","27.0","null","0.00329034","gnomad_AF_sas_pass","14.327101967149176","0.11267102322089596","85.86","0.1","0.1"
"15:83532970:T>C","NM_004839.4:c.336A>G","NP_004830.2:p.Ile112Met","Unknown significance","null","missense_variant","4/9","null","112","MODERATE","20.4","null","0","null","84.41528101714553","0.4303417203025465","90.03","-0.1","0.1"
"15:83532974:T>C","NM_004839.4:c.332A>G","NP_004830.2:p.Lys111Arg","Likely benign","null","missense_variant","4/9","null","111","MODERATE","9.796","null","0.0064792","gnomad_AF_nfe_pass","108.12563188800117","0.4567761029826964","92.56","0.6","0.6"
"15:83532981:C>T","NM_004839.4:c.325G>A","NP_004830.2:p.Ala109Thr","Unknown significance","null","missense_variant","4/9","null","109","MODERATE","23.7","WH1/EVH1_domain","0.00088739","gnomad_AF_nfe_pass","28.20328915214789","0.22179596782751168","93.61","-0.1","0.1"
"15:83532986:T>C","NM_004839.4:c.320A>G","NP_004830.2:p.Lys107Arg","Likely benign","null","missense_variant","4/9","null","107","MODERATE","22.3","WH1/EVH1_domain&WH1/EVH1_domain","0.00586579","gnomad_AF_amr_pass","31.342640009056915","0.13240680040932357","95.93","1.0","1.0"
"15:83532989:A>G","NM_004839.4:c.317T>C","NP_004830.2:p.Val106Ala","Unknown significance","null","missense_variant","4/9","null","106","MODERATE","22.6","WH1/EVH1_domain&WH1/EVH1_domain&WH1/EVH1_domain","0","null","1.2908091429784716","0.007509414731010467","96.67","-1.5","1.5"
"15:83533009:A>C","NM_004839.4:c.297T>G","NP_004830.2:p.Phe99Leu","Unknown significance","null","missense_variant&splice_region_variant","4/9","null","99","MODERATE","23.1","WH1/EVH1_domain&WH1/EVH1_domain&WH1/EVH1_domain","0.000888873","gnomad_AF_nfe_pass","0.0","0.0","98.7","-2.2","2.2"
"15:83544030:T>C","NM_004839.4:c.289A>G","NP_004830.2:p.Thr97Ala","Unknown significance","null","missense_variant","3/9","null","97","MODERATE","20.8","WH1/EVH1_domain&WH1/EVH1_domain&WH1/EVH1_domain","0.020284","gnomad_AF_amr_pass","49.99276150162975","0.3177420062276901","98.0","-0.3","0.3"
"15:83544047:G>T","NM_004839.4:c.272C>A","NP_004830.2:p.Ser91Tyr","Unknown significance","null","missense_variant","3/9","null","91","MODERATE","27.7","WH1/EVH1_domain&WH1/EVH1_domain&WH1/EVH1_domain","0.000885081","gnomad_AF_nfe_pass","70.9698624960703","0.5146204295067285","97.65","0.5","0.5"
"15:83544065:A>G","NM_004839.4:c.254T>C","NP_004830.2:p.Val85Ala","Unknown significance","null","missense_variant","3/9","null","85","MODERATE","23.9","WH1/EVH1_domain&WH1/EVH1_domain&WH1/EVH1_domain","0.00326797","gnomad_AF_sas_pass","26.088455600662886","0.1517722692487915","97.43","-1.8","1.8"
"15:83544074:G>C","NM_004839.4:c.245C>G","NP_004830.2:p.Ala82Gly","Unknown significance","null","missense_variant","3/9","null","82","MODERATE","24.0","WH1/EVH1_domain&WH1/EVH1_domain&WH1/EVH1_domain","0.000884408","gnomad_AF_nfe_pass","40.74891894001018","0.32045715893162313","91.2","-0.7","0.7"
"15:83544084:C>T","NM_004839.4:c.235G>A","NP_004830.2:p.Asp79Asn","Unknown significance","null","missense_variant","3/9","null","79","MODERATE","28.1","WH1/EVH1_domain&WH1/EVH1_domain&WH1/EVH1_domain","0.00644579","gnomad_AF_afr_pass","3.3860454853991953","0.021165451130587425","95.58","-0.5","0.5"
"15:83544104:T>C","NM_004839.4:c.215A>G","NP_004830.2:p.Gln72Arg","Unknown significance","null","missense_variant","3/9","null","72","MODERATE","22.4","WH1/EVH1_domain&WH1/EVH1_domain&WH1/EVH1_domain","0.000884455","gnomad_AF_nfe_pass","140.74507607213974","0.7117262510114438","92.87","-0.1","0.1"
"15:83544105:G>T","NM_004839.4:c.214C>A","NP_004830.2:p.Gln72Lys","Unknown significance","null","missense_variant","3/9","null","72","MODERATE","23.5","WH1/EVH1_domain&WH1/EVH1_domain&WH1/EVH1_domain","0.00155647","gnomad_AF_nfe_pass","140.74507607213974","0.7117262510114438","92.87","-0.4","0.4"
"15:83544107:G>A","NM_004839.4:c.212C>T","NP_004830.2:p.Ser71Leu","Unknown significance","null","missense_variant","3/9","null","71","MODERATE","26.4","WH1/EVH1_domain&WH1/EVH1_domain&WH1/EVH1_domain","0.000884533","gnomad_AF_nfe_pass","72.61089320921555","0.5265199584156269","93.93","0.1","0.1"
"15:83544116:G>A","NM_004839.4:c.203C>T","NP_004830.2:p.Thr68Ile","Unknown significance","null","missense_variant","3/9","null","68","MODERATE","25.3","WH1/EVH1_domain&WH1/EVH1_domain&WH1/EVH1_domain","0.000884596","gnomad_AF_nfe_pass","69.06942799282834","0.4389887247721815","98.17","0.0","0.0"
"15:83544118:G>T","NM_004839.4:c.201C>A","NP_004830.2:p.Phe67Leu","Unknown significance","null","missense_variant","3/9","null","67","MODERATE","27.3","WH1/EVH1_domain&WH1/EVH1_domain&WH1/EVH1_domain","0.00088458","gnomad_AF_nfe_pass","22.563703084508163","0.09820964424306138","98.54","-1.4","1.4"
"15:83544124:C>A","NM_004839.4:c.195G>T","NP_004830.2:p.Met65Ile","Unknown significance","null","missense_variant","3/9","null","65","MODERATE","27.2","WH1/EVH1_domain&WH1/EVH1_domain&WH1/EVH1_domain","0","null","7.477386236313805","0.034532288475668284","96.14","-0.1","0.1"
"15:83544128:T>C","NM_004839.4:c.191A>G","NP_004830.2:p.Asn64Ser","Unknown significance","null","missense_variant","3/9","null","64","MODERATE","23.5","WH1/EVH1_domain&WH1/EVH1_domain&WH1/EVH1_domain","0.000884924","gnomad_AF_nfe_pass","142.5798436072412","0.8920880909940937","91.46","-0.1","0.1"
"15:83544131:G>A","NM_004839.4:c.188C>T","NP_004830.2:p.Pro63Leu","Unknown significance","null","missense_variant","3/9","null","63","MODERATE","26.2","WH1/EVH1_domain&WH1/EVH1_domain&WH1/EVH1_domain","0.000885583","gnomad_AF_nfe_pass","56.520851078851315","0.35931857313291976","92.12","0.3","0.3"
"15:83544132:G>A","NM_004839.4:c.187C>T","NP_004830.2:p.Pro63Ser","Unknown significance","null","missense_variant","3/9","null","63","MODERATE","23.9","WH1/EVH1_domain&WH1/EVH1_domain&WH1/EVH1_domain","0.00177032","gnomad_AF_nfe_pass","56.520851078851315","0.35931857313291976","92.12","-0.4","0.4"
"15:83544138:T>C","NM_004839.4:c.181A>G","NP_004830.2:p.Ile61Val","Likely benign","null","missense_variant","3/9","null","61","MODERATE","17.57","WH1/EVH1_domain&WH1/EVH1_domain&WH1/EVH1_domain","0.0467341","gnomad_AF_nfe_pass","1.540401163940678","0.007852830421918934","97.11","-0.9","0.9"
"15:83544149:A>T","NM_004839.4:c.170T>A","NP_004830.2:p.Ile57Lys","Unknown significance","null","missense_variant","3/9","null","57","MODERATE","26.8","WH1/EVH1_domain&WH1/EVH1_domain&WH1/EVH1_domain","0.000886242","gnomad_AF_nfe_pass","0.3100648412190073","0.0015806834446055078","98.25","-5.2","5.2"
"15:83544156:C>A","NM_004839.4:c.163G>T","NP_004830.2:p.Val55Leu","Unknown significance","null","missense_variant&splice_region_variant","3/9","null","55","MODERATE","33","WH1/EVH1_domain&WH1/EVH1_domain&WH1/EVH1_domain","0.00290748","gnomad_AF_amr_pass","93.36381322781712","0.5431535701540758","96.19","-0.4","0.4"
"15:83561441:G>C","NM_004839.4:c.158C>G","NP_004830.2:p.Ala53Gly","Unknown significance","null","missense_variant","2/9","null","53","MODERATE","24.1","WH1/EVH1_domain&WH1/EVH1_domain&WH1/EVH1_domain","0.00341367","gnomad_AF_sas_pass","126.92852017422747","0.9981897439367502","90.43","-0.1","0.1"
"15:83561444:C>T","NM_004839.4:c.155G>A","NP_004830.2:p.Gly52Glu","Unknown significance","null","missense_variant","2/9","null","52","MODERATE","28.6","WH1/EVH1_domain&WH1/EVH1_domain&WH1/EVH1_domain","0.000903636","gnomad_AF_nfe_pass","80.66204642404759","0.8459913093122043","90.27","0.1","0.1"
"15:83561445:C>T","NM_004839.4:c.154G>A","NP_004830.2:p.Gly52Arg","Unknown significance","null","missense_variant","2/9","null","52","MODERATE","31","WH1/EVH1_domain&WH1/EVH1_domain&WH1/EVH1_domain","0.00650618","gnomad_AF_afr_pass","80.66204642404759","0.8459913093122043","90.27","0.1","0.1"
"15:83561448:C>A","NM_004839.4:c.151G>T","NP_004830.2:p.Asp51Tyr","Unknown significance","null","missense_variant","2/9","null","51","MODERATE","32","WH1/EVH1_domain&WH1/EVH1_domain&WH1/EVH1_domain","0.00332513","gnomad_AF_sas_pass","18.95111250412133","0.11845937903251641","94.47","0.9","0.9"
"15:83561453:C>A","NM_004839.4:c.146G>T","NP_004830.2:p.Ser49Ile","Unknown significance","null","missense_variant","2/9","null","49","MODERATE","29.3","WH1/EVH1_domain&WH1/EVH1_domain&WH1/EVH1_domain","0.000891186","gnomad_AF_nfe_pass","1.553434232772152","0.01126434466635645","98.33","1.7","1.7"
"15:83561453:C>T","NM_004839.4:c.146G>A","NP_004830.2:p.Ser49Asn","Unknown significance","null","missense_variant","2/9","null","49","MODERATE","27.8","WH1/EVH1_domain&WH1/EVH1_domain&WH1/EVH1_domain","0.00178237","gnomad_AF_nfe_pass","1.553434232772152","0.01126434466635645","98.33","-0.4","0.4"
"15:83561462:C>T","NM_004839.4:c.137G>A","NP_004830.2:p.Arg46Gln","Unknown significance","null","missense_variant","2/9","null","46","MODERATE","32","WH1/EVH1_domain&WH1/EVH1_domain&WH1/EVH1_domain","0.00328818","gnomad_AF_sas_pass","33.65781734089214","0.12492435700014874","96.15","-0.9","0.9"
"15:83561463:G>A","NM_004839.4:c.136C>T","NP_004830.2:p.Arg46Trp","Unknown significance","null","missense_variant","2/9","null","46","MODERATE","32","WH1/EVH1_domain&WH1/EVH1_domain&WH1/EVH1_domain","0.00156177","gnomad_AF_nfe_pass","33.65781734089214","0.12492435700014874","96.15","0.4","0.4"
"15:83561465:T>C","NM_004839.4:c.134A>G","NP_004830.2:p.Tyr45Cys","Unknown significance","null","missense_variant","2/9","null","45","MODERATE","28.0","WH1/EVH1_domain&WH1/EVH1_domain&WH1/EVH1_domain","0.00443483","gnomad_AF_nfe_pass","37.10751707808803","0.1546715478430484","96.64","-2.8","2.8"
"15:83561469:T>C","NM_004839.4:c.130A>G","NP_004830.2:p.Ser44Gly","Unknown significance","null","missense_variant","2/9","null","44","MODERATE","25.1","WH1/EVH1_domain&WH1/EVH1_domain&WH1/EVH1_domain","0.00327998","gnomad_AF_sas_pass","26.259992980620254","0.1904178533145496","93.97","-0.6","0.6"
"15:83561470:G>C","NM_004839.4:c.129C>G","NP_004830.2:p.Asn43Lys","Unknown significance","null","missense_variant","2/9","null","43","MODERATE","24.3","WH1/EVH1_domain&WH1/EVH1_domain&WH1/EVH1_domain","0.00557414","gnomad_AF_eas_pass","61.907090911868984","0.38733790943618496","91.12","-0.6","0.6"
"15:83561478:T>C","NM_004839.4:c.121A>G","NP_004830.2:p.Thr41Ala","Unknown significance","null","missense_variant","2/9","null","41","MODERATE","21.4","WH1/EVH1_domain&WH1/EVH1_domain&WH1/EVH1_domain","0","null","138.84423437454205","0.882460665468068","88.98","-0.2","0.2"
"15:83561482:A>T","NM_004839.4:c.117T>A","NP_004830.2:p.Asp39Glu","Unknown significance","null","missense_variant","2/9","null","39","MODERATE","24.3","WH1/EVH1_domain&WH1/EVH1_domain&WH1/EVH1_domain","0.0026584","gnomad_AF_nfe_pass","17.21656644665603","0.10761710004620602","91.68","-0.2","0.2"
"15:83561486:T>C","NM_004839.4:c.113A>G","NP_004830.2:p.Tyr38Cys","Unknown significance","null","missense_variant","2/9","null","38","MODERATE","26.9","WH1/EVH1_domain&WH1/EVH1_domain&WH1/EVH1_domain","0.0258465","gnomad_AF_afr_pass","66.35273272789006","0.2765714518985986","95.26","-1.8","1.8"
"15:83561492:T>C","NM_004839.4:c.107A>G","NP_004830.2:p.Tyr36Cys","Unknown significance","null","missense_variant","2/9","null","36","MODERATE","23.1","WH1/EVH1_domain&WH1/EVH1_domain&WH1/EVH1_domain","0.00327311","gnomad_AF_sas_pass","0.0","0.0","98.46","-1.9","1.9"
"15:83561499:C>T","NM_004839.4:c.100G>A","NP_004830.2:p.Val34Ile","Unknown significance","null","missense_variant","2/9","null","34","MODERATE","25.5","WH1/EVH1_domain&WH1/EVH1_domain&WH1/EVH1_domain","0.0568214","gnomad_AF_amr_pass","0.0","0.0","98.74","-0.6","0.6"
"15:83561505:C>A","NM_004839.4:c.94G>T","NP_004830.2:p.Val32Phe","Unknown significance","null","missense_variant","2/9","null","32","MODERATE","24.9","WH1/EVH1_domain&WH1/EVH1_domain&WH1/EVH1_domain","0","gnomad_AF_afr_pass,gnomad_AF_amr_pass,gnomad_AF_eas_pass,gnomad_AF_nfe_pass,gnomad_AF_sas_pass","4.55272190655486","0.02648592716998389","98.2","-0.5","0.5"
"15:83561507:G>C","NM_004839.4:c.92C>G","NP_004830.2:p.Ala31Gly","Unknown significance","null","missense_variant","2/9","null","31","MODERATE","26.6","WH1/EVH1_domain&WH1/EVH1_domain&WH1/EVH1_domain","0","null","20.798802422829453","0.16356569221903441","97.7","-0.8","0.8"
"15:83561510:T>C","NM_004839.4:c.89A>G","NP_004830.2:p.Gln30Arg","Unknown significance","null","missense_variant","2/9","null","30","MODERATE","26.8","WH1/EVH1_domain&WH1/EVH1_domain&WH1/EVH1_domain","0.0248036","gnomad_AF_afr_pass","105.74124284882505","0.5347172380759562","95.47","0.1","0.1"
"15:83561512:C>A","NM_004839.4:c.87G>T","NP_004830.2:p.Lys29Asn","Unknown significance","null","missense_variant","2/9","null","29","MODERATE","24.3","WH1/EVH1_domain&WH1/EVH1_domain&WH1/EVH1_domain","0.00556545","gnomad_AF_eas_pass","225.5747062425424","0.9529390344341578","92.72","0.0","0.0"
"15:83561513:T>A","NM_004839.4:c.86A>T","NP_004830.2:p.Lys29Met","Unknown significance","null","missense_variant","2/9","null","29","MODERATE","27.3","WH1/EVH1_domain&WH1/EVH1_domain&WH1/EVH1_domain","0.000885379","gnomad_AF_nfe_pass","225.5747062425424","0.9529390344341578","92.72","0.1","0.1"
"15:83561519:G>A","NM_004839.4:c.80C>T","NP_004830.2:p.Ala27Val","Unknown significance","null","missense_variant","2/9","null","27","MODERATE","28.0","WH1/EVH1_domain&WH1/EVH1_domain&WH1/EVH1_domain","0.0115022","gnomad_AF_afr_pass","13.697837315690803","0.10772236770639465","96.51","0.6","0.6"
"15:83561522:G>A","NM_004839.4:c.77C>T","NP_004830.2:p.Pro26Leu","Unknown significance","null","missense_variant","2/9","null","26","MODERATE","31","WH1/EVH1_domain&WH1/EVH1_domain&WH1/EVH1_domain","0.0620142","gnomad_AF_afr_pass","96.1537723676964","0.611275938508221","97.21","-0.2","0.2"
"15:83561526:T>G","NM_004839.4:c.73A>C","NP_004830.2:p.Met25Leu","Likely benign","null","missense_variant","2/9","null","25","MODERATE","17.46","WH1/EVH1_domain&WH1/EVH1_domain&WH1/EVH1_domain","0","null","83.40448962977504","0.3851811054073794","95.91","0.3","0.3"
"15:83561538:T>C","NM_004839.4:c.61A>G","NP_004830.2:p.Lys21Glu","Unknown significance","null","missense_variant","2/9","null","21","MODERATE","28.0","WH1/EVH1_domain&WH1/EVH1_domain&WH1/EVH1_domain","0","null","149.26185608752382","0.6305558428388627","85.86","0.2","0.2"
"15:83561547:G>T","NM_004839.4:c.52C>A","NP_004830.2:p.Pro18Thr","Unknown significance","null","missense_variant","2/9","null","18","MODERATE","26.6","WH1/EVH1_domain&WH1/EVH1_domain&WH1/EVH1_domain","0.00556545","gnomad_AF_eas_pass","64.53625113852065","0.41027467265293494","88.23","-0.1","0.1"
"15:83561548:G>T","NM_004839.4:c.51C>A","NP_004830.2:p.Asp17Glu","Unknown significance","null","missense_variant","2/9","null","17","MODERATE","25.0","WH1/EVH1_domain&WH1/EVH1_domain&WH1/EVH1_domain","0.000885442","gnomad_AF_nfe_pass","20.703834507625878","0.12941527199693334","91.33","-0.5","0.5"
"15:83561551:A>C","NM_004839.4:c.48T>G","NP_004830.2:p.Ile16Met","Unknown significance","null","missense_variant","2/9","null","16","MODERATE","14.75","WH1/EVH1_domain&WH1/EVH1_domain&WH1/EVH1_domain","0.00290985","gnomad_AF_amr_pass","14.469299011702587","0.0737632209860596","94.55","-0.5","0.5"
"15:83561552:A>T","NM_004839.4:c.47T>A","NP_004830.2:p.Ile16Asn","Unknown significance","null","missense_variant","2/9","null","16","MODERATE","28.5","WH1/EVH1_domain&WH1/EVH1_domain&WH1/EVH1_domain","0.00327225","gnomad_AF_sas_pass","14.469299011702587","0.0737632209860596","94.55","-2.0","2.0"
"15:83561554:C>G","NM_004839.4:c.45G>C","NP_004830.2:p.Gln15His","Unknown significance","null","missense_variant","2/9","null","15","MODERATE","25.5","WH1/EVH1_domain&WH1/EVH1_domain&WH1/EVH1_domain","0.00354233","gnomad_AF_nfe_pass","32.910637752923904","0.1664240446626952","97.45","0.3","0.3"
"15:83561556:G>C","NM_004839.4:c.43C>G","NP_004830.2:p.Gln15Glu","Unknown significance","null","missense_variant","2/9","null","15","MODERATE","25.9","WH1/EVH1_domain&WH1/EVH1_domain&WH1/EVH1_domain","0.00265854","gnomad_AF_nfe_pass","32.910637752923904","0.1664240446626952","97.45","-0.6","0.6"
"15:83561562:C>T","NM_004839.4:c.37G>A","NP_004830.2:p.Val13Ile","Unknown significance","null","missense_variant","2/9","null","13","MODERATE","26.3","WH1/EVH1_domain&WH1/EVH1_domain&WH1/EVH1_domain","0.000886101","gnomad_AF_nfe_pass","0.0","0.0","98.75","-0.7","0.7"
"15:83561567:G>A","NM_004839.4:c.32C>T","NP_004830.2:p.Ala11Val","Unknown significance","null","missense_variant","2/9","null","11","MODERATE","29.1","WH1/EVH1_domain&WH1/EVH1_domain&WH1/EVH1_domain","0.0044327","gnomad_AF_nfe_pass","0.0","0.0","98.74","-0.1","0.1"
"15:83561570:C>T","NM_004839.4:c.29G>A","NP_004830.2:p.Arg10Gln","Unknown significance","null","missense_variant","2/9","null","10","MODERATE","26.5","WH1/EVH1_domain&WH1/EVH1_domain&WH1/EVH1_domain","0.00532179","gnomad_AF_nfe_pass","131.99301156486206","0.4899052701857858","98.42","-0.3","0.3"
"15:83561573:G>C","NM_004839.4:c.26C>G","NP_004830.2:p.Thr9Ser","Unknown significance","null","missense_variant","2/9","null","9","MODERATE","23.3","WH1/EVH1_domain&WH1/EVH1_domain&WH1/EVH1_domain","0.000887028","gnomad_AF_nfe_pass","5.626060709673352","0.035757893010013385","98.35","-0.9","0.9"
"15:83561577:T>G","NM_004839.4:c.22A>C","NP_004830.2:p.Thr8Pro","Unknown significance","null","missense_variant","2/9","null","8","MODERATE","27.9","WH1/EVH1_domain&WH1/EVH1_domain&WH1/EVH1_domain","0.00177803","gnomad_AF_nfe_pass","66.83498331218652","0.42478713009514457","98.27","-0.6","0.6"
"15:83561579:A>G","NM_004839.4:c.20T>C","NP_004830.2:p.Phe7Ser","Unknown significance","null","missense_variant","2/9","null","7","MODERATE","28.2","WH1/EVH1_domain&WH1/EVH1_domain&WH1/EVH1_domain","0.0129618","gnomad_AF_nfe_pass","46.25576666276312","0.20133053387229705","97.67","-2.6","2.6"
"15:83561583:T>C","NM_004839.4:c.16A>G","NP_004830.2:p.Ile6Val","Unknown significance","null","missense_variant","2/9","null","6","MODERATE","23.8","WH1/EVH1_domain&WH1/EVH1_domain&WH1/EVH1_domain","0","gnomad_AF_afr_pass,gnomad_AF_amr_pass,gnomad_AF_eas_pass,gnomad_AF_nfe_pass,gnomad_AF_sas_pass","74.92650151413099","0.38196875221316184","95.56","-0.5","0.5"
"15:83561589:G>C","NM_004839.4:c.10C>G","NP_004830.2:p.Gln4Glu","Unknown significance","null","missense_variant","2/9","null","4","MODERATE","25.0","WH1/EVH1_domain&WH1/EVH1_domain&WH1/EVH1_domain","0.000894374","gnomad_AF_nfe_pass","135.80874551926848","0.6867639849329663","85.69","-0.3","0.3"