{"applied_filters": "CONTAINS missense_variant[Consequence]"},
"Genomic Description (GRCh37)","HGVS Nucleotide Change","HGVS Protein Change","Variant Classification","Phenotype","Consequence","Exon","Intron","Protein Position","Impact","CADD Phred","Interpro Domain","Max MAF (%)","Max MAF Source","Surface Area","Normalized SA","Confidence Score","ddG","|ddG|"
"11:118127969:T>A","NM_005797.4:c.644A>T","NP_005788.1:p.Asp215Val","Unknown significance","null","missense_variant","5/6","null","215","MODERATE","23.6","null","0.00299437","gnomad_AF_amr_pass","183.96037147091116","1.1498972087414963","67.83","-0.1","0.1"
"11:118127972:G>T","NM_005797.4:c.641C>A","NP_005788.1:p.Thr214Lys","Likely benign","null","missense_variant","5/6","null","214","MODERATE","19.48","null","0.00332823","gnomad_AF_sas_pass","128.8664504967121","0.8190442633366387","81.95","-0.1","0.1"
"11:118127979:C>G","NM_005797.4:c.634G>C","NP_005788.1:p.Glu212Gln","Unknown significance","null","missense_variant","5/6","null","212","MODERATE","26.4","null","0","gnomad_AF_afr_pass,gnomad_AF_amr_pass,gnomad_AF_eas_pass,gnomad_AF_nfe_pass","127.86317828042789","0.6547992415273326","85.63","0.2","0.2"
"11:118127981:A>G","NM_005797.4:c.632T>C","NP_005788.1:p.Leu211Ser","Unknown significance","null","missense_variant","5/6","null","211","MODERATE","23.9","null","0.0120405","gnomad_AF_afr_pass","125.5214141534388","0.6508717323370912","88.28","-0.5","0.5"
"11:118127990:G>A","NM_005797.4:c.623C>T","NP_005788.1:p.Ser208Phe","Unknown significance","null","missense_variant","5/6","null","208","MODERATE","23.4","null","0.00298151","gnomad_AF_amr_pass","72.13681832761195","0.523082321500342","90.97","0.3","0.3"
"11:118127994:C>G","NM_005797.4:c.619G>C","NP_005788.1:p.Val207Leu","Unknown significance","null","missense_variant","5/6","null","207","MODERATE","19.72","null","0.00088255","gnomad_AF_nfe_pass","74.12244299501272","0.4312149230992203","94.31","0.0","0.0"
"11:118128005:T>C","NM_005797.4:c.608A>G","NP_005788.1:p.Gln203Arg","Likely benign","null","missense_variant","5/6","null","203","MODERATE","18.74","null","0","null","122.99356491908316","0.6219595832505266","95.96","0.1","0.1"
"11:118128007:G>T","NM_005797.4:c.606C>A","NP_005788.1:p.Asn202Lys","Unknown significance","null","missense_variant","5/6","null","202","MODERATE","22.4","null","0","null","47.99873381889101","0.3003166348013407","96.69","-0.4","0.4"
"11:118128015:T>C","NM_005797.4:c.598A>G","NP_005788.1:p.Arg200Gly","Unknown significance","null","missense_variant","5/6","null","200","MODERATE","23.9","null","0.000884392","gnomad_AF_nfe_pass","136.42639909241532","0.5063602316172626","97.66","-1.0","1.0"
"11:118128018:C>T","NM_005797.4:c.595G>A","NP_005788.1:p.Glu199Lys","Unknown significance","null","missense_variant","5/6","null","199","MODERATE","25.6","null","0.442336","gnomad_AF_afr_pass","118.25751978497081","0.605607769973253","97.12","-0.2","0.2"
"11:118130769:G>A","NM_005797.4:c.584C>T","NP_005788.1:p.Ser195Leu","Unknown significance","null","missense_variant&splice_region_variant","4/6","null","195","MODERATE","24.6","null","0.00282438","gnomad_AF_amr_pass","58.822905201646115","0.42653976878398026","96.93","0.0","0.0"
"11:118130778:T>A","NM_005797.4:c.575A>T","NP_005788.1:p.Glu192Val","Likely benign","null","missense_variant","4/6","null","192","MODERATE","24.1","null","0.0326669","gnomad_AF_sas_pass","59.035408396372816","0.30232582328292085","96.65","0.5","0.5"
"11:118130781:A>G","NM_005797.4:c.572T>C","NP_005788.1:p.Val191Ala","Likely benign","null","missense_variant","4/6","null","191","MODERATE","20.9","null","0.00543715","gnomad_AF_eas_pass","98.8439441083533","0.5750347942575915","96.92","-0.2","0.2"
"11:118130784:A>G","NM_005797.4:c.569T>C","NP_005788.1:p.Val190Ala","Likely benign","null","missense_variant","4/6","null","190","MODERATE","18.74","null","0","null","78.98043592428141","0.45947679578941353","97.15","-0.6","0.6"
"11:118130790:T>C","NM_005797.4:c.563A>G","NP_005788.1:p.His188Arg","Likely benign","null","missense_variant","4/6","null","188","MODERATE","18.00","null","0.00154998","gnomad_AF_nfe_pass","132.30481654722706","0.6441252296820555","95.64","0.1","0.1"
"11:118130791:G>A","NM_005797.4:c.562C>T","NP_005788.1:p.His188Tyr","Likely benign","null","missense_variant","4/6","null","188","MODERATE","18.49","null","0.00176056","gnomad_AF_nfe_pass","132.30481654722706","0.6441252296820555","95.64","0.3","0.3"
"11:118130794:C>G","NM_005797.4:c.559G>C","NP_005788.1:p.Ala187Pro","Unknown significance","null","missense_variant","4/6","null","187","MODERATE","23.4","null","0.00232526","gnomad_AF_nfe_pass","59.70293339422386","0.4695150917638584","95.73","-0.1","0.1"
"11:118130800:C>T","NM_005797.4:c.553G>A","NP_005788.1:p.Glu185Lys","Likely benign","null","missense_variant","4/6","null","185","MODERATE","17.06","null","0.00653296","gnomad_AF_sas_pass","53.84701147401435","0.27575555954325354","94.89","-0.4","0.4"
"11:118130803:C>T","NM_005797.4:c.550G>A","NP_005788.1:p.Ala184Thr","Likely benign","null","missense_variant","4/6","null","184","MODERATE","20.6","null","0.00867353","gnomad_AF_amr_pass","65.10552461518246","0.5120020847583501","94.7","0.2","0.2"
"11:118130808:C>T","NM_005797.4:c.545G>A","NP_005788.1:p.Arg182Gln","Unknown significance","null","missense_variant","4/6","null","182","MODERATE","23.3","null","0.00564398","gnomad_AF_amr_pass","137.5559777016129","0.510552775655574","95.52","-0.1","0.1"
"11:118130817:C>T","NM_005797.4:c.536G>A","NP_005788.1:p.Arg179Gln","Unknown significance","null","missense_variant","4/6","null","179","MODERATE","28.1","null","0.0225734","gnomad_AF_amr_pass","126.66842818374184","0.47014254616707823","95.29","-0.1","0.1"
"11:118130818:G>A","NM_005797.4:c.535C>T","NP_005788.1:p.Arg179Trp","Unknown significance","null","missense_variant","4/6","null","179","MODERATE","25.7","null","0.0225772","gnomad_AF_amr_pass","126.66842818374184","0.47014254616707823","95.29","0.3","0.3"
"11:118130828:G>C","NM_005797.4:c.525C>G","NP_005788.1:p.Phe175Leu","Unknown significance","null","missense_variant","4/6","null","175","MODERATE","21.8","null","0.00326627","gnomad_AF_sas_pass","134.16318913266642","0.583951979242282","96.88","0.0","0.0"
"11:118130833:G>C","NM_005797.4:c.520C>G","NP_005788.1:p.Leu174Val","Unknown significance","null","missense_variant","4/6","null","174","MODERATE","18.20","null","0.00619848","gnomad_AF_nfe_pass","80.01941329544975","0.41492819773796497","96.8","-0.2","0.2"
"11:118130848:C>T","NM_005797.4:c.505G>A","NP_005788.1:p.Val169Ile","Unknown significance","null","missense_variant","4/6","null","169","MODERATE","23.7","null","0","gnomad_AF_afr_pass,gnomad_AF_sas_pass,gnomad_AF_amr_pass,gnomad_AF_eas_pass,gnomad_AF_nfe_pass","95.25234060209314","0.5541402720700394","97.65","0.1","0.1"
"11:118130849:T>C","NM_005797.4:c.504A>G","NP_005788.1:p.Ile168Met","Likely benign","null","missense_variant","4/6","null","168","MODERATE","19.31","null","0.00543715","gnomad_AF_eas_pass","93.60669373796335","0.477198738541745","97.8","-0.6","0.6"
"11:118130854:T>C","NM_005797.4:c.499A>G","NP_005788.1:p.Ile167Val","Likely benign","null","missense_variant","4/6","null","167","MODERATE","18.63","null","0.00615157","gnomad_AF_afr_pass","104.97093991017564","0.5351326716965509","97.95","-0.1","0.1"
"11:118130854:T>G","NM_005797.4:c.499A>C","NP_005788.1:p.Ile167Leu","Likely benign","null","missense_variant","4/6","null","167","MODERATE","20.4","null","0","null","104.97093991017564","0.5351326716965509","97.95","0.0","0.0"
"11:118130862:A>G","NM_005797.4:c.491T>C","NP_005788.1:p.Leu164Pro","Unknown significance","null","missense_variant","4/6","null","164","MODERATE","26.7","null","0.00543656","gnomad_AF_eas_pass","118.01830334455387","0.6119655204924225","97.44","-1.6","1.6"
"11:118130865:G>A","NM_005797.4:c.488C>T","NP_005788.1:p.Ala163Val","Unknown significance","null","missense_variant","4/6","null","163","MODERATE","19.01","null","0.00326627","gnomad_AF_sas_pass","49.288053557682915","0.3876105188365226","97.36","1.0","1.0"
"11:118130868:C>T","NM_005797.4:c.485G>A","NP_005788.1:p.Cys162Tyr","Unknown significance","null","missense_variant","4/6","null","162","MODERATE","27.2","null","0.00352243","gnomad_AF_nfe_pass","72.64731869811745","0.47012395162609966","96.41","0.3","0.3"
"11:118130872:C>T","NM_005797.4:c.481G>A","NP_005788.1:p.Ala161Thr","Unknown significance","null","missense_variant","4/6","null","161","MODERATE","22.4","null","0.00653253","gnomad_AF_sas_pass","53.14401332042813","0.4179345112924481","96.75","-0.1","0.1"
"11:118130884:C>T","NM_005797.4:c.469G>A","NP_005788.1:p.Ala157Thr","Unknown significance","null","missense_variant","4/6","null","157","MODERATE","22.9","null","0.00615309","gnomad_AF_afr_pass","67.08225218314662","0.5275474419577442","93.37","-0.0","0.0"
"11:118130886:A>G","NM_005797.4:c.467T>C","NP_005788.1:p.Leu156Pro","Unknown significance","null","missense_variant","4/6","null","156","MODERATE","28.1","null","0.0114705","gnomad_AF_afr_pass","109.64512252720573","0.5685476962071009","92.2","-1.3","1.3"
"11:118130892:A>G","NM_005797.4:c.461T>C","NP_005788.1:p.Leu154Pro","Unknown significance","null","missense_variant","4/6","null","154","MODERATE","29.4","null","0.000881073","gnomad_AF_nfe_pass","109.65967990954401","0.5686231812446517","88.37","-1.1","1.1"
"11:118130901:A>G","NM_005797.4:c.452T>C","NP_005788.1:p.Ile151Thr","Unknown significance","null","missense_variant","4/6","null","151","MODERATE","28.3","null","0.014481","gnomad_AF_amr_pass","151.64292208658537","0.7730623552528554","80.37","-0.3","0.3"
"11:118130902:T>A","NM_005797.4:c.451A>T","NP_005788.1:p.Ile151Phe","Unknown significance","null","missense_variant","4/6","null","151","MODERATE","23.1","null","0.0114705","gnomad_AF_afr_pass","151.64292208658537","0.7730623552528554","80.37","-0.1","0.1"
"11:118130907:G>A","NM_005797.4:c.446C>T","NP_005788.1:p.Ser149Phe","Unknown significance","null","missense_variant","4/6","null","149","MODERATE","31","null","0","gnomad_AF_afr_pass,gnomad_AF_sas_pass,gnomad_AF_amr_pass,gnomad_AF_eas_pass,gnomad_AF_nfe_pass","73.38980873465876","0.5321680719691123","68.43","0.3","0.3"
"11:118130913:C>T","NM_005797.4:c.440G>A","NP_005788.1:p.Arg147His","Likely benign","null","missense_variant","4/6","null","147","MODERATE","17.69","null","0.0147987","gnomad_AF_nfe_pass","176.84600090822764","0.6563816283080012","73.93","-0.1","0.1"
"11:118130914:G>A","NM_005797.4:c.439C>T","NP_005788.1:p.Arg147Cys","Unknown significance","null","missense_variant&splice_region_variant","4/6","null","147","MODERATE","23.8","null","0.0906253","gnomad_AF_eas_pass","176.84600090822764","0.6563816283080012","73.93","-0.3","0.3"
"11:118130916:A>G","NM_005797.4:c.437T>C","NP_005788.1:p.Val146Ala","Likely benign","null","missense_variant&splice_region_variant","4/6","null","146","MODERATE","14.12","null","0.362611","gnomad_AF_eas_pass","84.58060527380508","0.49205635601194886","74.39","-0.3","0.3"
"11:118133153:C>G","NM_005797.4:c.436G>C","NP_005788.1:p.Val146Leu","Unknown significance","null","missense_variant&splice_region_variant","3/6","null","146","MODERATE","33","null","0.0061546","gnomad_AF_afr_pass","84.58060527380508","0.49205635601194886","74.39","0.0","0.0"
"11:118133153:C>T","NM_005797.4:c.436G>A","NP_005788.1:p.Val146Ile","Unknown significance","null","missense_variant&splice_region_variant","3/6","null","146","MODERATE","33","null","0","null","84.58060527380508","0.49205635601194886","74.39","0.0","0.0"
"11:118133156:T>C","NM_005797.4:c.433A>G","NP_005788.1:p.Thr145Ala","Unknown significance","null","missense_variant","3/6","null","145","MODERATE","26.1","null","0.0802327","gnomad_AF_eas_pass","94.27619418256594","0.5991968872954387","86.55","-0.1","0.1"
"11:118133162:C>T","NM_005797.4:c.427G>A","NP_005788.1:p.Val143Met","Unknown significance","null","missense_variant","3/6","null","143","MODERATE","31","Immunoglobulin_subtype&Immunoglobulin_subtype","0.00326648","gnomad_AF_sas_pass","17.853262123665942","0.10386318559744215","95.3","-0.3","0.3"
"11:118133165:C>A","NM_005797.4:c.424G>T","NP_005788.1:p.Val142Phe","Unknown significance","null","missense_variant","3/6","null","142","MODERATE","31","Immunoglobulin_V-set_domain&Immunoglobulin_subtype&Immunoglobulin_V-set_domain&Immunoglobulin_subtype","0","null","3.826674269754627","0.022262070491511375","96.42","-1.2","1.2"
"11:118133165:C>T","NM_005797.4:c.424G>A","NP_005788.1:p.Val142Ile","Unknown significance","null","missense_variant","3/6","null","142","MODERATE","29.1","Immunoglobulin_V-set_domain&Immunoglobulin_subtype&Immunoglobulin_V-set_domain&Immunoglobulin_subtype","0.080141","gnomad_AF_afr_pass","3.826674269754627","0.022262070491511375","96.42","-0.4","0.4"
"11:118133173:C>T","NM_005797.4:c.416G>A","NP_005788.1:p.Arg139Gln","Benign","null","missense_variant","3/6","null","139","MODERATE","21.8","Immunoglobulin_V-set_domain&Immunoglobulin-like_domain&Immunoglobulin_subtype&Immunoglobulin_V-set_domain&Immunoglobulin-like_domain&Immunoglobulin_subtype","1.62455","gnomad_AF_eas_pass","128.08494801082222","0.47540010124807824","97.71","-0.2","0.2"
"11:118133174:G>A","NM_005797.4:c.415C>T","NP_005788.1:p.Arg139Trp","Unknown significance","null","missense_variant","3/6","null","139","MODERATE","32","Immunoglobulin_V-set_domain&Immunoglobulin-like_domain&Immunoglobulin_subtype&Immunoglobulin_V-set_domain&Immunoglobulin-like_domain&Immunoglobulin_subtype","0.0250727","gnomad_AF_eas_pass","128.08494801082222","0.47540010124807824","97.71","0.5","0.5"
"11:118133175:G>C","NM_005797.4:c.414C>G","NP_005788.1:p.Ile138Met","Unknown significance","null","missense_variant","3/6","null","138","MODERATE","24.1","Immunoglobulin_V-set_domain&Immunoglobulin-like_domain&Immunoglobulin_subtype&Immunoglobulin_V-set_domain&Immunoglobulin-like_domain&Immunoglobulin_subtype","0.00326648","gnomad_AF_sas_pass","0.0","0.0","98.41","-1.0","1.0"
"11:118133177:T>C","NM_005797.4:c.412A>G","NP_005788.1:p.Ile138Val","Unknown significance","null","missense_variant","3/6","null","138","MODERATE","21.5","Immunoglobulin_V-set_domain&Immunoglobulin-like_domain&Immunoglobulin_subtype&Immunoglobulin_V-set_domain&Immunoglobulin-like_domain&Immunoglobulin_subtype","0.00176445","gnomad_AF_nfe_pass","0.0","0.0","98.41","-0.2","0.2"
"11:118133184:T>C","NM_005797.4:c.405A>G","NP_005788.1:p.Ile135Met","Likely benign","null","missense_variant","3/6","null","135","MODERATE","5.768","Immunoglobulin_V-set_domain&Immunoglobulin-like_domain&Immunoglobulin_subtype&Immunoglobulin_V-set_domain&Immunoglobulin-like_domain&Immunoglobulin_subtype","0.0231307","gnomad_AF_amr_pass","69.76300249532571","0.3556456857759151","96.23","-0.1","0.1"
"11:118133186:T>C","NM_005797.4:c.403A>G","NP_005788.1:p.Ile135Val","Likely benign","null","missense_variant","3/6","null","135","MODERATE","13.43","Immunoglobulin_V-set_domain&Immunoglobulin-like_domain&Immunoglobulin_subtype&Immunoglobulin_V-set_domain&Immunoglobulin-like_domain&Immunoglobulin_subtype","0.000881585","gnomad_AF_nfe_pass","69.76300249532571","0.3556456857759151","96.23","-0.1","0.1"
"11:118133188:A>G","NM_005797.4:c.401T>C","NP_005788.1:p.Val134Ala","Likely benign","null","missense_variant","3/6","null","134","MODERATE","19.35","Immunoglobulin_V-set_domain&Immunoglobulin-like_domain&Immunoglobulin_subtype&Immunoglobulin_V-set_domain&Immunoglobulin-like_domain&Immunoglobulin_subtype","0.00289151","gnomad_AF_amr_pass","126.58138856949793","0.7364002255222647","92.1","-0.2","0.2"
"11:118133189:C>A","NM_005797.4:c.400G>T","NP_005788.1:p.Val134Leu","Likely benign","null","missense_variant","3/6","null","134","MODERATE","17.80","Immunoglobulin_V-set_domain&Immunoglobulin-like_domain&Immunoglobulin_subtype&Immunoglobulin_V-set_domain&Immunoglobulin-like_domain&Immunoglobulin_subtype","0.00867403","gnomad_AF_amr_pass","126.58138856949793","0.7364002255222647","92.1","-0.0","0.0"
"11:118133191:C>T","NM_005797.4:c.398G>A","NP_005788.1:p.Gly133Glu","Unknown significance","null","missense_variant","3/6","null","133","MODERATE","29.1","Immunoglobulin_V-set_domain&Immunoglobulin-like_domain&Immunoglobulin_subtype&Immunoglobulin_V-set_domain&Immunoglobulin-like_domain&Immunoglobulin_subtype","0.00155181","gnomad_AF_nfe_pass","13.190363700570158","0.13834180450476066","88.82","0.4","0.4"
"11:118133192:C>A","NM_005797.4:c.397G>T","NP_005788.1:p.Gly133Trp","Unknown significance","null","missense_variant","3/6","null","133","MODERATE","29.6","Immunoglobulin_V-set_domain&Immunoglobulin-like_domain&Immunoglobulin_subtype&Immunoglobulin_V-set_domain&Immunoglobulin-like_domain&Immunoglobulin_subtype","0.00326627","gnomad_AF_sas_pass","13.190363700570158","0.13834180450476066","88.82","1.3","1.3"
"11:118133193:A>T","NM_005797.4:c.396T>A","NP_005788.1:p.Asp132Glu","Unknown significance","null","missense_variant","3/6","null","132","MODERATE","16.46","Immunoglobulin_V-set_domain&Immunoglobulin-like_domain&Immunoglobulin_subtype&Immunoglobulin_V-set_domain&Immunoglobulin-like_domain&Immunoglobulin_subtype","0.00648508","gnomad_AF_nfe_pass","128.34562444610202","0.8022612377040884","90.43","0.0","0.0"
"11:118133198:C>T","NM_005797.4:c.391G>A","NP_005788.1:p.Val131Ile","Unknown significance","null","missense_variant","3/6","null","131","MODERATE","25.8","Immunoglobulin_V-set_domain&Immunoglobulin-like_domain&Immunoglobulin_subtype&Immunoglobulin_V-set_domain&Immunoglobulin-like_domain&Immunoglobulin_subtype","0.0200256","gnomad_AF_afr_pass","46.49502345973373","0.27048957313825356","93.57","0.1","0.1"
"11:118133201:C>T","NM_005797.4:c.388G>A","NP_005788.1:p.Asp130Asn","Unknown significance","null","missense_variant","3/6","null","130","MODERATE","32","Immunoglobulin_V-set_domain&Immunoglobulin-like_domain&Immunoglobulin_subtype&Immunoglobulin_V-set_domain&Immunoglobulin-like_domain&Immunoglobulin_subtype","0.00326627","gnomad_AF_sas_pass","1.456074327742249","0.009101611351419335","93.05","0.4","0.4"
"11:118133203:G>C","NM_005797.4:c.386C>G","NP_005788.1:p.Pro129Arg","Unknown significance","null","missense_variant","3/6","null","129","MODERATE","27.0","Immunoglobulin_V-set_domain&Immunoglobulin-like_domain&Immunoglobulin_subtype&Immunoglobulin_V-set_domain&Immunoglobulin-like_domain&Immunoglobulin_subtype","0.203206","gnomad_AF_amr_pass","106.47060009700009","0.6768628457856775","93.17","0.3","0.3"
"11:118133203:G>T","NM_005797.4:c.386C>A","NP_005788.1:p.Pro129His","Unknown significance","null","missense_variant","3/6","null","129","MODERATE","28.9","Immunoglobulin_V-set_domain&Immunoglobulin-like_domain&Immunoglobulin_subtype&Immunoglobulin_V-set_domain&Immunoglobulin-like_domain&Immunoglobulin_subtype","0.0123047","gnomad_AF_afr_pass","106.47060009700009","0.6768628457856775","93.17","0.2","0.2"
"11:118133204:G>A","NM_005797.4:c.385C>T","NP_005788.1:p.Pro129Ser","Unknown significance","null","missense_variant","3/6","null","129","MODERATE","28.5","Immunoglobulin_V-set_domain&Immunoglobulin-like_domain&Immunoglobulin_subtype&Immunoglobulin_V-set_domain&Immunoglobulin-like_domain&Immunoglobulin_subtype","0.000880654","gnomad_AF_nfe_pass","106.47060009700009","0.6768628457856775","93.17","0.1","0.1"
"11:118133207:G>A","NM_005797.4:c.382C>T","NP_005788.1:p.Pro128Ser","Unknown significance","null","missense_variant","3/6","null","128","MODERATE","27.2","Immunoglobulin_V-set_domain&Immunoglobulin-like_domain&Immunoglobulin_subtype&Immunoglobulin_V-set_domain&Immunoglobulin-like_domain&Immunoglobulin_subtype","0","null","65.21660328871329","0.4145998581228792","95.36","0.1","0.1"
"11:118133207:G>T","NM_005797.4:c.382C>A","NP_005788.1:p.Pro128Thr","Unknown significance","null","missense_variant","3/6","null","128","MODERATE","26.3","Immunoglobulin_V-set_domain&Immunoglobulin-like_domain&Immunoglobulin_subtype&Immunoglobulin_V-set_domain&Immunoglobulin-like_domain&Immunoglobulin_subtype","0.0097988","gnomad_AF_sas_pass","65.21660328871329","0.4145998581228792","95.36","0.3","0.3"
"11:118133212:T>C","NM_005797.4:c.377A>G","NP_005788.1:p.Lys126Arg","Unknown significance","null","missense_variant","3/6","null","126","MODERATE","24.3","Immunoglobulin_V-set_domain&Immunoglobulin-like_domain&Immunoglobulin_subtype&Immunoglobulin_V-set_domain&Immunoglobulin-like_domain&Immunoglobulin_subtype","0.0114811","gnomad_AF_afr_pass","88.38370386250116","0.37337644287071264","97.15","0.6","0.6"
"11:118133212:T>G","NM_005797.4:c.377A>C","NP_005788.1:p.Lys126Thr","Unknown significance","null","missense_variant","3/6","null","126","MODERATE","24.4","Immunoglobulin_V-set_domain&Immunoglobulin-like_domain&Immunoglobulin_subtype&Immunoglobulin_V-set_domain&Immunoglobulin-like_domain&Immunoglobulin_subtype","0.00543951","gnomad_AF_eas_pass","88.38370386250116","0.37337644287071264","97.15","0.5","0.5"
"11:118133217:C>G","NM_005797.4:c.372G>C","NP_005788.1:p.Gln124His","Likely benign","null","missense_variant","3/6","null","124","MODERATE","21.4","Immunoglobulin_V-set_domain&Immunoglobulin-like_domain&Immunoglobulin_V-set_domain&Immunoglobulin_subtype&Immunoglobulin_V-set_domain&Immunoglobulin-like_domain&Immunoglobulin_V-set_domain&Immunoglobulin_subtype","0.0114758","gnomad_AF_afr_pass","50.701831128780185","0.25639137933469186","97.94","0.1","0.1"
"11:118133222:A>G","NM_005797.4:c.367T>C","NP_005788.1:p.Cys123Arg","Unknown significance","null","missense_variant","3/6","null","123","MODERATE","29.8","Immunoglobulin_V-set_domain&Immunoglobulin-like_domain&Immunoglobulin_V-set_domain&Immunoglobulin_subtype&Immunoglobulin_V-set_domain&Immunoglobulin-like_domain&Immunoglobulin_V-set_domain&Immunoglobulin_subtype","0.000880127","gnomad_AF_nfe_pass","0.0","0.0","98.44","-4.2","4.2"
"11:118133230:G>A","NM_005797.4:c.359C>T","NP_005788.1:p.Thr120Ile","Unknown significance","null","missense_variant","3/6","null","120","MODERATE","29.1","Immunoglobulin_V-set_domain&Immunoglobulin-like_domain&Immunoglobulin_V-set_domain&Immunoglobulin_subtype&Immunoglobulin_V-set_domain&Immunoglobulin-like_domain&Immunoglobulin_V-set_domain&Immunoglobulin_subtype","0.00289118","gnomad_AF_amr_pass","6.147254395842064","0.039070475121946786","97.84","0.8","0.8"
"11:118133237:T>G","NM_005797.4:c.352A>C","NP_005788.1:p.Asn118His","Unknown significance","null","missense_variant","3/6","null","118","MODERATE","27.9","Immunoglobulin_V-set_domain&Immunoglobulin-like_domain&Immunoglobulin_V-set_domain&Immunoglobulin_subtype&Immunoglobulin_V-set_domain&Immunoglobulin-like_domain&Immunoglobulin_V-set_domain&Immunoglobulin_subtype","0.128154","gnomad_AF_afr_pass","27.10798663667139","0.16960820995158826","96.24","0.4","0.4"
"11:118133242:T>C","NM_005797.4:c.347A>G","NP_005788.1:p.Asp116Gly","Unknown significance","null","missense_variant","3/6","null","116","MODERATE","22.7","Immunoglobulin_V-set_domain&Immunoglobulin-like_domain&Immunoglobulin_V-set_domain&Immunoglobulin_subtype&Immunoglobulin_V-set_domain&Immunoglobulin-like_domain&Immunoglobulin_V-set_domain&Immunoglobulin_subtype","0","gnomad_AF_afr_pass,gnomad_AF_sas_pass,gnomad_AF_amr_pass,gnomad_AF_eas_pass,gnomad_AF_nfe_pass","108.80835353128148","0.6801379069467846","94.63","-0.2","0.2"
"11:118133243:C>T","NM_005797.4:c.346G>A","NP_005788.1:p.Asp116Asn","Unknown significance","null","missense_variant","3/6","null","116","MODERATE","23.0","Immunoglobulin_V-set_domain&Immunoglobulin-like_domain&Immunoglobulin_V-set_domain&Immunoglobulin_subtype&Immunoglobulin_V-set_domain&Immunoglobulin-like_domain&Immunoglobulin_V-set_domain&Immunoglobulin_subtype","0","gnomad_AF_afr_pass,gnomad_AF_sas_pass,gnomad_AF_amr_pass,gnomad_AF_eas_pass,gnomad_AF_nfe_pass","108.80835353128148","0.6801379069467846","94.63","0.1","0.1"
"11:118133246:A>T","NM_005797.4:c.343T>A","NP_005788.1:p.Phe115Ile","Unknown significance","null","missense_variant","3/6","null","115","MODERATE","24.4","Immunoglobulin_V-set_domain&Immunoglobulin-like_domain&Immunoglobulin_V-set_domain&Immunoglobulin_subtype&Immunoglobulin_V-set_domain&Immunoglobulin-like_domain&Immunoglobulin_V-set_domain&Immunoglobulin_subtype","0.000879832","gnomad_AF_nfe_pass","109.13587846157523","0.4750193599748354","95.65","0.0","0.0"
"11:118133247:C>A","NM_005797.4:c.342G>T","NP_005788.1:p.Gln114His","Unknown significance","null","missense_variant","3/6","null","114","MODERATE","24.7","Immunoglobulin_V-set_domain&Immunoglobulin-like_domain&Immunoglobulin_V-set_domain&Immunoglobulin_subtype&Immunoglobulin_V-set_domain&Immunoglobulin-like_domain&Immunoglobulin_V-set_domain&Immunoglobulin_subtype","0.00544129","gnomad_AF_eas_pass","79.88191490022646","0.4039505850024372","96.51","0.0","0.0"
"11:118133248:T>A","NM_005797.4:c.341A>T","NP_005788.1:p.Gln114Leu","Unknown significance","null","missense_variant","3/6","null","114","MODERATE","22.6","Immunoglobulin_V-set_domain&Immunoglobulin-like_domain&Immunoglobulin_V-set_domain&Immunoglobulin_subtype&Immunoglobulin_V-set_domain&Immunoglobulin-like_domain&Immunoglobulin_V-set_domain&Immunoglobulin_subtype","0.000879879","gnomad_AF_nfe_pass","79.88191490022646","0.4039505850024372","96.51","0.2","0.2"
"11:118133248:T>G","NM_005797.4:c.341A>C","NP_005788.1:p.Gln114Pro","Unknown significance","null","missense_variant","3/6","null","114","MODERATE","21.7","Immunoglobulin_V-set_domain&Immunoglobulin-like_domain&Immunoglobulin_V-set_domain&Immunoglobulin_subtype&Immunoglobulin_V-set_domain&Immunoglobulin-like_domain&Immunoglobulin_V-set_domain&Immunoglobulin_subtype","0.000879879","gnomad_AF_nfe_pass","79.88191490022646","0.4039505850024372","96.51","-0.6","0.6"
"11:118133258:A>G","NM_005797.4:c.331T>C","NP_005788.1:p.Trp111Arg","Unknown significance","null","missense_variant","3/6","null","111","MODERATE","15.56","Immunoglobulin_V-set_domain&Immunoglobulin-like_domain&Immunoglobulin_V-set_domain&Immunoglobulin_subtype&Immunoglobulin_V-set_domain&Immunoglobulin-like_domain&Immunoglobulin_V-set_domain&Immunoglobulin_subtype","0.045149","gnomad_AF_eas_pass","118.21326092266821","0.45063117662904706","97.98","-0.4","0.4"
"11:118133263:A>C","NM_005797.4:c.326T>G","NP_005788.1:p.Leu109Arg","Likely benign","null","missense_variant","3/6","null","109","MODERATE","14.89","Immunoglobulin_V-set_domain&Immunoglobulin-like_domain&Immunoglobulin_V-set_domain&Immunoglobulin_subtype&Immunoglobulin_V-set_domain&Immunoglobulin-like_domain&Immunoglobulin_V-set_domain&Immunoglobulin_subtype","0.000879817","gnomad_AF_nfe_pass","37.680044667491934","0.19538399971569761","98.11","-1.1","1.1"
"11:118133269:G>A","NM_005797.4:c.320C>T","NP_005788.1:p.Ser107Phe","Unknown significance","null","missense_variant","3/6","null","107","MODERATE","25.7","Immunoglobulin_V-set_domain&Immunoglobulin-like_domain&Immunoglobulin_V-set_domain&Immunoglobulin_subtype&Immunoglobulin_V-set_domain&Immunoglobulin-like_domain&Immunoglobulin_V-set_domain&Immunoglobulin_subtype","0.00289118","gnomad_AF_amr_pass","0.0","0.0","98.57","1.7","1.7"
"11:118133270:A>C","NM_005797.4:c.319T>G","NP_005788.1:p.Ser107Ala","Unknown significance","null","missense_variant","3/6","null","107","MODERATE","24.6","Immunoglobulin_V-set_domain&Immunoglobulin-like_domain&Immunoglobulin_V-set_domain&Immunoglobulin_subtype&Immunoglobulin_V-set_domain&Immunoglobulin-like_domain&Immunoglobulin_V-set_domain&Immunoglobulin_subtype","0.00542274","gnomad_AF_nfe_pass","0.0","0.0","98.57","0.4","0.4"
"11:118133270:A>G","NM_005797.4:c.319T>C","NP_005788.1:p.Ser107Pro","Unknown significance","null","missense_variant","3/6","null","107","MODERATE","25.7","Immunoglobulin_V-set_domain&Immunoglobulin-like_domain&Immunoglobulin_V-set_domain&Immunoglobulin_subtype&Immunoglobulin_V-set_domain&Immunoglobulin-like_domain&Immunoglobulin_V-set_domain&Immunoglobulin_subtype","0.00289101","gnomad_AF_amr_pass","0.0","0.0","98.57","-0.6","0.6"
"11:118133272:G>T","NM_005797.4:c.317C>A","NP_005788.1:p.Ala106Asp","Unknown significance","null","missense_variant","3/6","null","106","MODERATE","18.63","Immunoglobulin_V-set_domain&Immunoglobulin-like_domain&Immunoglobulin_V-set_domain&Immunoglobulin_subtype&Immunoglobulin_V-set_domain&Immunoglobulin-like_domain&Immunoglobulin_V-set_domain&Immunoglobulin_subtype","0.0108873","gnomad_AF_eas_pass","0.0","0.0","98.19","-1.5","1.5"
"11:118133275:T>C","NM_005797.4:c.314A>G","NP_005788.1:p.Asp105Gly","Unknown significance","null","missense_variant","3/6","null","105","MODERATE","24.5","Immunoglobulin_V-set_domain&Immunoglobulin-like_domain&Immunoglobulin_V-set_domain&Immunoglobulin_subtype&Immunoglobulin_V-set_domain&Immunoglobulin-like_domain&Immunoglobulin_V-set_domain&Immunoglobulin_subtype","0.00578202","gnomad_AF_amr_pass","20.21202348702804","0.12634106576821205","98.25","-0.6","0.6"
"11:118133276:C>T","NM_005797.4:c.313G>A","NP_005788.1:p.Asp105Asn","Unknown significance","null","missense_variant","3/6","null","105","MODERATE","25.0","Immunoglobulin_V-set_domain&Immunoglobulin-like_domain&Immunoglobulin_V-set_domain&Immunoglobulin_subtype&Immunoglobulin_V-set_domain&Immunoglobulin-like_domain&Immunoglobulin_V-set_domain&Immunoglobulin_subtype","0.00653296","gnomad_AF_sas_pass","20.21202348702804","0.12634106576821205","98.25","0.4","0.4"
"11:118133281:C>A","NM_005797.4:c.308G>T","NP_005788.1:p.Arg103Leu","Unknown significance","null","missense_variant","3/6","null","103","MODERATE","24.5","Immunoglobulin_V-set_domain&Immunoglobulin-like_domain&Immunoglobulin_V-set_domain&Immunoglobulin_subtype&Immunoglobulin_V-set_domain&Immunoglobulin-like_domain&Immunoglobulin_V-set_domain&Immunoglobulin_subtype","0.00400481","gnomad_AF_afr_pass","221.72360190246425","0.8229493350351672","96.84","-0.1","0.1"
"11:118133281:C>G","NM_005797.4:c.308G>C","NP_005788.1:p.Arg103Pro","Unknown significance","null","missense_variant","3/6","null","103","MODERATE","25.1","Immunoglobulin_V-set_domain&Immunoglobulin-like_domain&Immunoglobulin_V-set_domain&Immunoglobulin_subtype&Immunoglobulin_V-set_domain&Immunoglobulin-like_domain&Immunoglobulin_V-set_domain&Immunoglobulin_subtype","0.000880297","gnomad_AF_nfe_pass","221.72360190246425","0.8229493350351672","96.84","-0.2","0.2"
"11:118133281:C>T","NM_005797.4:c.308G>A","NP_005788.1:p.Arg103Gln","Unknown significance","null","missense_variant","3/6","null","103","MODERATE","24.6","Immunoglobulin_V-set_domain&Immunoglobulin-like_domain&Immunoglobulin_V-set_domain&Immunoglobulin_subtype&Immunoglobulin_V-set_domain&Immunoglobulin-like_domain&Immunoglobulin_V-set_domain&Immunoglobulin_subtype","0.0123047","gnomad_AF_afr_pass","221.72360190246425","0.8229493350351672","96.84","-0.1","0.1"
"11:118133282:G>A","NM_005797.4:c.307C>T","NP_005788.1:p.Arg103Trp","Unknown significance","null","missense_variant","3/6","null","103","MODERATE","25.1","Immunoglobulin_V-set_domain&Immunoglobulin-like_domain&Immunoglobulin_V-set_domain&Immunoglobulin_subtype&Immunoglobulin_V-set_domain&Immunoglobulin-like_domain&Immunoglobulin_V-set_domain&Immunoglobulin_subtype","0.173123","gnomad_AF_sas_pass","221.72360190246425","0.8229493350351672","96.84","0.0","0.0"
"11:118133285:C>T","NM_005797.4:c.304G>A","NP_005788.1:p.Glu102Lys","Likely benign","null","missense_variant","3/6","null","102","MODERATE","13.34","Immunoglobulin_V-set_domain&Immunoglobulin-like_domain&Immunoglobulin_V-set_domain&Immunoglobulin_subtype&Immunoglobulin_V-set_domain&Immunoglobulin-like_domain&Immunoglobulin_V-set_domain&Immunoglobulin_subtype","0.000880313","gnomad_AF_nfe_pass","151.431987615076","0.7754973086611152","94.87","-0.0","0.0"
"11:118133288:G>T","NM_005797.4:c.301C>A","NP_005788.1:p.Pro101Thr","Unknown significance","null","missense_variant","3/6","null","101","MODERATE","19.28","Immunoglobulin_V-set_domain&Immunoglobulin-like_domain&Immunoglobulin_V-set_domain&Immunoglobulin_subtype&Immunoglobulin_V-set_domain&Immunoglobulin-like_domain&Immunoglobulin_V-set_domain&Immunoglobulin_subtype","0.00088039","gnomad_AF_nfe_pass","17.62040628359386","0.11201776199389726","96.42","0.7","0.7"
"11:118133293:C>T","NM_005797.4:c.296G>A","NP_005788.1:p.Gly99Glu","Unknown significance","null","missense_variant","3/6","null","99","MODERATE","25.3","Immunoglobulin_V-set_domain&Immunoglobulin-like_domain&Immunoglobulin_V-set_domain&Immunoglobulin_subtype&Immunoglobulin_V-set_domain&Immunoglobulin-like_domain&Immunoglobulin_V-set_domain&Immunoglobulin_subtype","0.0064834","gnomad_AF_nfe_pass","11.826098505070911","0.124033259778261","97.18","0.2","0.2"
"11:118133302:G>A","NM_005797.4:c.287C>T","NP_005788.1:p.Ser96Phe","Likely benign","null","missense_variant","3/6","null","96","MODERATE","0.146","Immunoglobulin_V-set_domain&Immunoglobulin-like_domain&Immunoglobulin_V-set_domain&Immunoglobulin_subtype&Immunoglobulin_V-set_domain&Immunoglobulin-like_domain&Immunoglobulin_V-set_domain&Immunoglobulin_subtype","0","gnomad_AF_afr_pass,gnomad_AF_sas_pass,gnomad_AF_amr_pass,gnomad_AF_eas_pass,gnomad_AF_nfe_pass","30.716677071598856","0.22273439727294048","97.54","1.2","1.2"
"11:118133303:A>G","NM_005797.4:c.286T>C","NP_005788.1:p.Ser96Pro","Likely benign","null","missense_variant","3/6","null","96","MODERATE","8.854","Immunoglobulin_V-set_domain&Immunoglobulin-like_domain&Immunoglobulin_V-set_domain&Immunoglobulin_subtype&Immunoglobulin_V-set_domain&Immunoglobulin-like_domain&Immunoglobulin_V-set_domain&Immunoglobulin_subtype","0.0114811","gnomad_AF_afr_pass","30.716677071598856","0.22273439727294048","97.54","-0.2","0.2"
"11:118133306:C>A","NM_005797.4:c.283G>T","NP_005788.1:p.Val95Leu","Unknown significance","null","missense_variant","3/6","null","95","MODERATE","23.9","Immunoglobulin_V-set_domain&Immunoglobulin-like_domain&Immunoglobulin_V-set_domain&Immunoglobulin_subtype&Immunoglobulin_V-set_domain&Immunoglobulin-like_domain&Immunoglobulin_V-set_domain&Immunoglobulin_subtype","0.00264378","gnomad_AF_nfe_pass","0.7328946616561919","0.004263689948632267","98.04","0.0","0.0"
"11:118133306:C>G","NM_005797.4:c.283G>C","NP_005788.1:p.Val95Leu","Unknown significance","null","missense_variant","3/6","null","95","MODERATE","23.8","Immunoglobulin_V-set_domain&Immunoglobulin-like_domain&Immunoglobulin_V-set_domain&Immunoglobulin_subtype&Immunoglobulin_V-set_domain&Immunoglobulin-like_domain&Immunoglobulin_V-set_domain&Immunoglobulin_subtype","0.0054304","gnomad_AF_nfe_pass","0.7328946616561919","0.004263689948632267","98.04","0.0","0.0"
"11:118133306:C>T","NM_005797.4:c.283G>A","NP_005788.1:p.Val95Met","Unknown significance","null","missense_variant","3/6","null","95","MODERATE","25.9","Immunoglobulin_V-set_domain&Immunoglobulin-like_domain&Immunoglobulin_V-set_domain&Immunoglobulin_subtype&Immunoglobulin_V-set_domain&Immunoglobulin-like_domain&Immunoglobulin_V-set_domain&Immunoglobulin_subtype","0.00264378","gnomad_AF_nfe_pass","0.7328946616561919","0.004263689948632267","98.04","-0.6","0.6"
"11:118133308:C>A","NM_005797.4:c.281G>T","NP_005788.1:p.Arg94Leu","Unknown significance","null","missense_variant","3/6","null","94","MODERATE","26.4","Immunoglobulin_V-set_domain&Immunoglobulin-like_domain&Immunoglobulin_V-set_domain&Immunoglobulin_subtype&Immunoglobulin_V-set_domain&Immunoglobulin-like_domain&Immunoglobulin_V-set_domain&Immunoglobulin_subtype","0.160068","gnomad_AF_sas_pass","38.45303452651872","0.1427222854137262","96.91","-0.3","0.3"
"11:118133308:C>G","NM_005797.4:c.281G>C","NP_005788.1:p.Arg94Pro","Unknown significance","null","missense_variant","3/6","null","94","MODERATE","26.6","Immunoglobulin_V-set_domain&Immunoglobulin-like_domain&Immunoglobulin_V-set_domain&Immunoglobulin_subtype&Immunoglobulin_V-set_domain&Immunoglobulin-like_domain&Immunoglobulin_V-set_domain&Immunoglobulin_subtype","0.00088157","gnomad_AF_nfe_pass","38.45303452651872","0.1427222854137262","96.91","-1.8","1.8"
"11:118133308:C>T","NM_005797.4:c.281G>A","NP_005788.1:p.Arg94Gln","Unknown significance","null","missense_variant","3/6","null","94","MODERATE","26.8","Immunoglobulin_V-set_domain&Immunoglobulin-like_domain&Immunoglobulin_V-set_domain&Immunoglobulin_subtype&Immunoglobulin_V-set_domain&Immunoglobulin-like_domain&Immunoglobulin_V-set_domain&Immunoglobulin_subtype","0.00653339","gnomad_AF_sas_pass","38.45303452651872","0.1427222854137262","96.91","-0.7","0.7"
"11:118133309:G>A","NM_005797.4:c.280C>T","NP_005788.1:p.Arg94Trp","Unknown significance","null","missense_variant","3/6","null","94","MODERATE","31","Immunoglobulin_V-set_domain&Immunoglobulin-like_domain&Immunoglobulin_V-set_domain&Immunoglobulin_subtype&Immunoglobulin_V-set_domain&Immunoglobulin-like_domain&Immunoglobulin_V-set_domain&Immunoglobulin_subtype","0.0490036","gnomad_AF_sas_pass","38.45303452651872","0.1427222854137262","96.91","0.0","0.0"
"11:118133309:G>C","NM_005797.4:c.280C>G","NP_005788.1:p.Arg94Gly","Unknown significance","null","missense_variant","3/6","null","94","MODERATE","27.7","Immunoglobulin_V-set_domain&Immunoglobulin-like_domain&Immunoglobulin_V-set_domain&Immunoglobulin_subtype&Immunoglobulin_V-set_domain&Immunoglobulin-like_domain&Immunoglobulin_V-set_domain&Immunoglobulin_subtype","0.00980072","gnomad_AF_sas_pass","38.45303452651872","0.1427222854137262","96.91","-2.2","2.2"
"11:118133310:G>T","NM_005797.4:c.279C>A","NP_005788.1:p.Asp93Glu","Likely benign","null","missense_variant","3/6","null","93","MODERATE","14.04","Immunoglobulin_V-set_domain&Immunoglobulin-like_domain&Immunoglobulin_V-set_domain&Immunoglobulin_subtype&Immunoglobulin_V-set_domain&Immunoglobulin-like_domain&Immunoglobulin_V-set_domain&Immunoglobulin_subtype","0.000881694","gnomad_AF_nfe_pass","104.20596098954397","0.6513693287200686","95.73","0.0","0.0"
"11:118133311:T>A","NM_005797.4:c.278A>T","NP_005788.1:p.Asp93Val","Unknown significance","null","missense_variant","3/6","null","93","MODERATE","24.6","Immunoglobulin_V-set_domain&Immunoglobulin-like_domain&Immunoglobulin_V-set_domain&Immunoglobulin_subtype&Immunoglobulin_V-set_domain&Immunoglobulin-like_domain&Immunoglobulin_V-set_domain&Immunoglobulin_subtype","0.463387","gnomad_AF_nfe_pass","104.20596098954397","0.6513693287200686","95.73","0.2","0.2"
"11:118133314:T>G","NM_005797.4:c.275A>C","NP_005788.1:p.Lys92Thr","Unknown significance","null","missense_variant","3/6","null","92","MODERATE","26.0","Immunoglobulin_V-set_domain&Immunoglobulin-like_domain&Immunoglobulin_V-set_domain&Immunoglobulin_subtype&Immunoglobulin_V-set_domain&Immunoglobulin-like_domain&Immunoglobulin_V-set_domain&Immunoglobulin_subtype","0.0144592","gnomad_AF_amr_pass","112.03168338890195","0.4732771948281459","96.16","0.3","0.3"
"11:118133320:C>T","NM_005797.4:c.269G>A","NP_005788.1:p.Arg90Gln","Unknown significance","null","missense_variant","3/6","null","90","MODERATE","24.3","Immunoglobulin_V-set_domain&Immunoglobulin-like_domain&Immunoglobulin_V-set_domain&Immunoglobulin_subtype&Immunoglobulin_V-set_domain&Immunoglobulin-like_domain&Immunoglobulin_V-set_domain&Immunoglobulin_subtype","0.0160218","gnomad_AF_afr_pass","86.4433669041238","0.32084320614294976","93.73","-0.3","0.3"
"11:118133321:G>A","NM_005797.4:c.268C>T","NP_005788.1:p.Arg90Trp","Likely pathogenic","Hearing loss, non-syndromic, autosomal recessive","missense_variant","3/6","null","90","MODERATE","32","Immunoglobulin_V-set_domain&Immunoglobulin-like_domain&Immunoglobulin_V-set_domain&Immunoglobulin_subtype&Immunoglobulin_V-set_domain&Immunoglobulin-like_domain&Immunoglobulin_V-set_domain&Immunoglobulin_subtype","0.0197628","gnomad_AF_amr_pass","86.4433669041238","0.32084320614294976","93.73","0.2","0.2"
"11:118133324:C>T","NM_005797.4:c.265G>A","NP_005788.1:p.Gly89Arg","Unknown significance","null","missense_variant","3/6","null","89","MODERATE","31","Immunoglobulin_V-set_domain&Immunoglobulin-like_domain&Immunoglobulin_V-set_domain&Immunoglobulin_subtype&Immunoglobulin_V-set_domain&Immunoglobulin-like_domain&Immunoglobulin_V-set_domain&Immunoglobulin_subtype","0.00176694","gnomad_AF_nfe_pass","46.26837713857807","0.4852671943064789","92.86","0.6","0.6"
"11:118133326:C>T","NM_005797.4:c.263G>A","NP_005788.1:p.Ser88Asn","Unknown significance","null","missense_variant","3/6","null","88","MODERATE","15.32","Immunoglobulin_V-set_domain&Immunoglobulin-like_domain&Immunoglobulin_V-set_domain&Immunoglobulin_subtype&Immunoglobulin_V-set_domain&Immunoglobulin-like_domain&Immunoglobulin_V-set_domain&Immunoglobulin_subtype","0.00578336","gnomad_AF_amr_pass","81.62861830181416","0.5919097646954921","94.0","0.1","0.1"
"11:118133332:G>T","NM_005797.4:c.257C>A","NP_005788.1:p.Pro86His","Unknown significance","null","missense_variant","3/6","null","86","MODERATE","29.2","Immunoglobulin_V-set_domain&Immunoglobulin-like_domain&Immunoglobulin_V-set_domain&Immunoglobulin_subtype&Immunoglobulin_V-set_domain&Immunoglobulin-like_domain&Immunoglobulin_V-set_domain&Immunoglobulin_subtype","0.00289318","gnomad_AF_amr_pass","0.16282267201476777","0.0010351084434382645","93.29","0.9","0.9"
"11:118133333:G>A","NM_005797.4:c.256C>T","NP_005788.1:p.Pro86Ser","Unknown significance","null","missense_variant","3/6","null","86","MODERATE","25.6","Immunoglobulin_V-set_domain&Immunoglobulin-like_domain&Immunoglobulin_V-set_domain&Immunoglobulin_subtype&Immunoglobulin_V-set_domain&Immunoglobulin-like_domain&Immunoglobulin_V-set_domain&Immunoglobulin_subtype","0.00884877","gnomad_AF_nfe_pass","0.16282267201476777","0.0010351084434382645","93.29","0.2","0.2"
"11:118133337:G>C","NM_005797.4:c.252C>G","NP_005788.1:p.Phe84Leu","Unknown significance","null","missense_variant","3/6","null","84","MODERATE","21.8","Immunoglobulin_V-set_domain&Immunoglobulin-like_domain&Immunoglobulin_V-set_domain&Immunoglobulin_subtype&Immunoglobulin_V-set_domain&Immunoglobulin-like_domain&Immunoglobulin_V-set_domain&Immunoglobulin_subtype","0.0108956","gnomad_AF_eas_pass","105.26532842415305","0.4581725976869028","96.09","-0.1","0.1"
"11:118133339:A>C","NM_005797.4:c.250T>G","NP_005788.1:p.Phe84Val","Unknown significance","null","missense_variant","3/6","null","84","MODERATE","27.4","Immunoglobulin_V-set_domain&Immunoglobulin-like_domain&Immunoglobulin_V-set_domain&Immunoglobulin_subtype&Immunoglobulin_V-set_domain&Immunoglobulin-like_domain&Immunoglobulin_V-set_domain&Immunoglobulin_subtype","0.00326776","gnomad_AF_sas_pass","105.26532842415305","0.4581725976869028","96.09","-0.2","0.2"
"11:118133648:A>G","NM_005797.4:c.223T>C","NP_005788.1:p.Phe75Leu","Unknown significance","null","missense_variant&splice_region_variant","2/6","null","75","MODERATE","25.2","Immunoglobulin_V-set_domain&Immunoglobulin-like_domain&Immunoglobulin_V-set_domain&Immunoglobulin_subtype&Immunoglobulin_V-set_domain&Immunoglobulin-like_domain&Immunoglobulin_V-set_domain&Immunoglobulin_subtype","0.000883548","gnomad_AF_nfe_pass","69.80126701902682","0.30381349976016064","96.86","-0.0","0.0"
"11:118133651:G>T","NM_005797.4:c.220C>A","NP_005788.1:p.Gln74Lys","Unknown significance","null","missense_variant","2/6","null","74","MODERATE","24.1","Immunoglobulin_V-set_domain&Immunoglobulin-like_domain&Immunoglobulin_V-set_domain&Immunoglobulin_subtype&Immunoglobulin_V-set_domain&Immunoglobulin-like_domain&Immunoglobulin_V-set_domain&Immunoglobulin_subtype","0.0194401","gnomad_AF_nfe_pass","42.273704625510945","0.21377163698471843","95.85","-0.5","0.5"
"11:118133654:C>G","NM_005797.4:c.217G>C","NP_005788.1:p.Glu73Gln","Unknown significance","null","missense_variant","2/6","null","73","MODERATE","24.1","Immunoglobulin_V-set_domain&Immunoglobulin-like_domain&Immunoglobulin_V-set_domain&Immunoglobulin_subtype&Immunoglobulin_V-set_domain&Immunoglobulin-like_domain&Immunoglobulin_V-set_domain&Immunoglobulin_subtype","0.0120221","gnomad_AF_afr_pass","80.8390397390292","0.41398424956105423","95.23","0.2","0.2"
"11:118133656:G>C","NM_005797.4:c.215C>G","NP_005788.1:p.Pro72Arg","Likely benign","null","missense_variant","2/6","null","72","MODERATE","14.88","Immunoglobulin_V-set_domain&Immunoglobulin-like_domain&Immunoglobulin_V-set_domain&Immunoglobulin_subtype&Immunoglobulin_V-set_domain&Immunoglobulin-like_domain&Immunoglobulin_V-set_domain&Immunoglobulin_subtype","0.00326947","gnomad_AF_sas_pass","127.94090417532843","0.8133554653924173","93.43","0.3","0.3"
"11:118133657:G>A","NM_005797.4:c.214C>T","NP_005788.1:p.Pro72Ser","Likely benign","null","missense_variant","2/6","null","72","MODERATE","11.61","Immunoglobulin_V-set_domain&Immunoglobulin-like_domain&Immunoglobulin_V-set_domain&Immunoglobulin_subtype&Immunoglobulin_V-set_domain&Immunoglobulin-like_domain&Immunoglobulin_V-set_domain&Immunoglobulin_subtype","0.00327033","gnomad_AF_sas_pass","127.94090417532843","0.8133554653924173","93.43","0.0","0.0"
"11:118133657:G>T","NM_005797.4:c.214C>A","NP_005788.1:p.Pro72Thr","Likely benign","null","missense_variant","2/6","null","72","MODERATE","13.38","Immunoglobulin_V-set_domain&Immunoglobulin-like_domain&Immunoglobulin_V-set_domain&Immunoglobulin_subtype&Immunoglobulin_V-set_domain&Immunoglobulin-like_domain&Immunoglobulin_V-set_domain&Immunoglobulin_subtype","0.0108826","gnomad_AF_eas_pass","127.94090417532843","0.8133554653924173","93.43","0.2","0.2"
"11:118133659:C>A","NM_005797.4:c.212G>T","NP_005788.1:p.Gly71Val","Unknown significance","null","missense_variant","2/6","null","71","MODERATE","28.8","Immunoglobulin_V-set_domain&Immunoglobulin-like_domain&Immunoglobulin_V-set_domain&Immunoglobulin_subtype&Immunoglobulin_V-set_domain&Immunoglobulin-like_domain&Immunoglobulin_V-set_domain&Immunoglobulin_subtype","0.0501605","gnomad_AF_eas_pass","24.273027944065177","0.2545778541672288","91.15","0.7","0.7"
"11:118133659:C>T","NM_005797.4:c.212G>A","NP_005788.1:p.Gly71Glu","Unknown significance","null","missense_variant","2/6","null","71","MODERATE","25.4","Immunoglobulin_V-set_domain&Immunoglobulin-like_domain&Immunoglobulin_V-set_domain&Immunoglobulin_subtype&Immunoglobulin_V-set_domain&Immunoglobulin-like_domain&Immunoglobulin_V-set_domain&Immunoglobulin_subtype","0.00544188","gnomad_AF_eas_pass","24.273027944065177","0.2545778541672288","91.15","0.4","0.4"
"11:118133663:C>T","NM_005797.4:c.208G>A","NP_005788.1:p.Gly70Arg","Unknown significance","null","missense_variant","2/6","null","70","MODERATE","23.6","Immunoglobulin_V-set_domain&Immunoglobulin-like_domain&Immunoglobulin_V-set_domain&Immunoglobulin_subtype&Immunoglobulin_V-set_domain&Immunoglobulin-like_domain&Immunoglobulin_V-set_domain&Immunoglobulin_subtype","0.00847889","gnomad_AF_amr_pass","80.53065528969323","0.8446132664443096","88.15","0.2","0.2"
"11:118133671:G>A","NM_005797.4:c.200C>T","NP_005788.1:p.Pro67Leu","Unknown significance","null","missense_variant","2/6","null","67","MODERATE","29.5","Immunoglobulin_V-set_domain&Immunoglobulin-like_domain&Immunoglobulin_V-set_domain&Immunoglobulin_subtype&Immunoglobulin_V-set_domain&Immunoglobulin-like_domain&Immunoglobulin_V-set_domain&Immunoglobulin_subtype","0.00088022","gnomad_AF_nfe_pass","23.204952812146992","0.14752025800965424","96.12","0.8","0.8"
"11:118133674:C>G","NM_005797.4:c.197G>C","NP_005788.1:p.Arg66Pro","Unknown significance","null","missense_variant","2/6","null","66","MODERATE","28.7","Immunoglobulin_V-set_domain&Immunoglobulin-like_domain&Immunoglobulin_V-set_domain&Immunoglobulin_subtype&Immunoglobulin_V-set_domain&Immunoglobulin-like_domain&Immunoglobulin_V-set_domain&Immunoglobulin_subtype","0.00615157","gnomad_AF_afr_pass","103.64599122616613","0.3846924676794465","97.14","-0.8","0.8"
"11:118133674:C>T","NM_005797.4:c.197G>A","NP_005788.1:p.Arg66His","Unknown significance","null","missense_variant","2/6","null","66","MODERATE","29.1","Immunoglobulin_V-set_domain&Immunoglobulin-like_domain&Immunoglobulin_V-set_domain&Immunoglobulin_subtype&Immunoglobulin_V-set_domain&Immunoglobulin-like_domain&Immunoglobulin_V-set_domain&Immunoglobulin_subtype","0.00615157","gnomad_AF_afr_pass","103.64599122616613","0.3846924676794465","97.14","-0.1","0.1"
"11:118133675:G>A","NM_005797.4:c.196C>T","NP_005788.1:p.Arg66Cys","Unknown significance","null","missense_variant","2/6","null","66","MODERATE","32","Immunoglobulin_V-set_domain&Immunoglobulin-like_domain&Immunoglobulin_V-set_domain&Immunoglobulin_subtype&Immunoglobulin_V-set_domain&Immunoglobulin-like_domain&Immunoglobulin_V-set_domain&Immunoglobulin_subtype","0.00847314","gnomad_AF_amr_pass","103.64599122616613","0.3846924676794465","97.14","-0.5","0.5"
"11:118133687:T>C","NM_005797.4:c.184A>G","NP_005788.1:p.Thr62Ala","Unknown significance","null","missense_variant","2/6","null","62","MODERATE","22.5","Immunoglobulin_V-set_domain&Immunoglobulin-like_domain&Immunoglobulin_V-set_domain&Immunoglobulin_subtype&Immunoglobulin_V-set_domain&Immunoglobulin-like_domain&Immunoglobulin_V-set_domain&Immunoglobulin_subtype","0.00289201","gnomad_AF_amr_pass","29.13591897398148","0.1851809155967209","98.13","-0.0","0.0"
"11:118133690:C>T","NM_005797.4:c.181G>A","NP_005788.1:p.Val61Met","Unknown significance","null","missense_variant","2/6","null","61","MODERATE","26.9","Immunoglobulin_V-set_domain&Immunoglobulin-like_domain&Immunoglobulin_V-set_domain&Immunoglobulin_subtype&Immunoglobulin_V-set_domain&Immunoglobulin-like_domain&Immunoglobulin_V-set_domain&Immunoglobulin_subtype","0.000879585","gnomad_AF_nfe_pass","0.0","0.0","98.22","-0.9","0.9"
"11:118133692:G>C","NM_005797.4:c.179C>G","NP_005788.1:p.Thr60Arg","Unknown significance","null","missense_variant","2/6","null","60","MODERATE","24.2","Immunoglobulin_V-set_domain&Immunoglobulin-like_domain&Immunoglobulin_V-set_domain&Immunoglobulin_subtype&Immunoglobulin_V-set_domain&Immunoglobulin-like_domain&Immunoglobulin_V-set_domain&Immunoglobulin_subtype","0.0054401","gnomad_AF_eas_pass","20.356803409048613","0.12938296187864967","97.83","0.1","0.1"
"11:118133696:G>C","NM_005797.4:c.175C>G","NP_005788.1:p.Leu59Val","Unknown significance","null","missense_variant","2/6","null","59","MODERATE","16.08","Immunoglobulin_V-set_domain&Immunoglobulin-like_domain&Immunoglobulin_V-set_domain&Immunoglobulin_subtype&Immunoglobulin_V-set_domain&Immunoglobulin-like_domain&Immunoglobulin_V-set_domain&Immunoglobulin_subtype","0.00615157","gnomad_AF_afr_pass","0.2747854582834904","0.0014248571724613341","97.39","-0.2","0.2"
"11:118133704:C>T","NM_005797.4:c.167G>A","NP_005788.1:p.Gly56Asp","Unknown significance","null","missense_variant","2/6","null","56","MODERATE","23.0","Immunoglobulin_V-set_domain&Immunoglobulin-like_domain&Immunoglobulin_V-set_domain&Immunoglobulin_subtype&Immunoglobulin_V-set_domain&Immunoglobulin-like_domain&Immunoglobulin_V-set_domain&Immunoglobulin_subtype","0.00800897","gnomad_AF_afr_pass","39.006501898034884","0.4091039475855593","93.87","0.2","0.2"
"11:118133707:A>T","NM_005797.4:c.164T>A","NP_005788.1:p.Val55Glu","Unknown significance","null","missense_variant","2/6","null","55","MODERATE","28.9","Immunoglobulin_V-set_domain&Immunoglobulin-like_domain&Immunoglobulin_V-set_domain&Immunoglobulin_subtype&Immunoglobulin_V-set_domain&Immunoglobulin-like_domain&Immunoglobulin_V-set_domain&Immunoglobulin_subtype","0.0231267","gnomad_AF_amr_pass","35.670350436141256","0.20751592633391525","95.25","-0.8","0.8"
"11:118133708:C>A","NM_005797.4:c.163G>T","NP_005788.1:p.Val55Leu","Unknown significance","null","missense_variant","2/6","null","55","MODERATE","25.6","Immunoglobulin_V-set_domain&Immunoglobulin-like_domain&Immunoglobulin_V-set_domain&Immunoglobulin_subtype&Immunoglobulin_V-set_domain&Immunoglobulin-like_domain&Immunoglobulin_V-set_domain&Immunoglobulin_subtype","0.00289084","gnomad_AF_amr_pass","35.670350436141256","0.20751592633391525","95.25","0.0","0.0"
"11:118133710:G>A","NM_005797.4:c.161C>T","NP_005788.1:p.Pro54Leu","Unknown significance","null","missense_variant","2/6","null","54","MODERATE","29.6","Immunoglobulin_V-set_domain&Immunoglobulin-like_domain&Immunoglobulin_V-set_domain&Immunoglobulin_subtype&Immunoglobulin_V-set_domain&Immunoglobulin-like_domain&Immunoglobulin_V-set_domain&Immunoglobulin_subtype","0.0064834","gnomad_AF_nfe_pass","125.34569423804798","0.7968570030755096","93.84","0.2","0.2"
"11:118133713:G>A","NM_005797.4:c.158C>T","NP_005788.1:p.Ala53Val","Likely benign","null","missense_variant","2/6","null","53","MODERATE","18.38","Immunoglobulin_V-set_domain&Immunoglobulin-like_domain&Immunoglobulin_V-set_domain&Immunoglobulin_subtype&Immunoglobulin_V-set_domain&Immunoglobulin-like_domain&Immunoglobulin_V-set_domain&Immunoglobulin_subtype","0.0008796","gnomad_AF_nfe_pass","2.648970539918923","0.020832002305771452","92.74","0.6","0.6"
"11:118133715:A>C","NM_005797.4:c.156T>G","NP_005788.1:p.Phe52Leu","Likely benign","null","missense_variant","2/6","null","52","MODERATE","20.9","Immunoglobulin_V-set_domain&Immunoglobulin-like_domain&Immunoglobulin_V-set_domain&Immunoglobulin_subtype&Immunoglobulin_V-set_domain&Immunoglobulin-like_domain&Immunoglobulin_V-set_domain&Immunoglobulin_subtype","0.00326627","gnomad_AF_sas_pass","114.89309043254491","0.5000779125263902","92.64","-0.1","0.1"
"11:118133719:C>A","NM_005797.4:c.152G>T","NP_005788.1:p.Ser51Ile","Unknown significance","null","missense_variant","2/6","null","51","MODERATE","28.9","Immunoglobulin_V-set_domain&Immunoglobulin-like_domain&Immunoglobulin_V-set_domain&Immunoglobulin_subtype&Immunoglobulin_V-set_domain&Immunoglobulin-like_domain&Immunoglobulin_V-set_domain&Immunoglobulin_subtype","0.000879477","gnomad_AF_nfe_pass","22.63288238737556","0.1641167566840278","94.64","0.7","0.7"
"11:118133722:G>A","NM_005797.4:c.149C>T","NP_005788.1:p.Ser50Phe","Unknown significance","null","missense_variant","2/6","null","50","MODERATE","27.7","Immunoglobulin_V-set_domain&Immunoglobulin-like_domain&Immunoglobulin_V-set_domain&Immunoglobulin_subtype&Immunoglobulin_V-set_domain&Immunoglobulin-like_domain&Immunoglobulin_V-set_domain&Immunoglobulin_subtype","0.00175905","gnomad_AF_nfe_pass","62.01478252019613","0.4496848788184818","95.74","0.6","0.6"
"11:118133729:T>G","NM_005797.4:c.142A>C","NP_005788.1:p.Thr48Pro","Unknown significance","null","missense_variant","2/6","null","48","MODERATE","28.0","Immunoglobulin_V-set_domain&Immunoglobulin-like_domain&Immunoglobulin_V-set_domain&Immunoglobulin_subtype&Immunoglobulin_V-set_domain&Immunoglobulin-like_domain&Immunoglobulin_V-set_domain&Immunoglobulin_subtype","0.00175895","gnomad_AF_nfe_pass","43.66772235554847","0.2775415738575153","98.05","-0.6","0.6"
"11:118133732:A>C","NM_005797.4:c.139T>G","NP_005788.1:p.Cys47Gly","Unknown significance","null","missense_variant","2/6","null","47","MODERATE","28.2","Immunoglobulin_V-set_domain&Immunoglobulin-like_domain&Immunoglobulin_V-set_domain&Immunoglobulin_subtype&Immunoglobulin_V-set_domain&Immunoglobulin-like_domain&Immunoglobulin_V-set_domain&Immunoglobulin_subtype","0.00867253","gnomad_AF_amr_pass","0.0","0.0","98.47","-5.7","5.7"
"11:118133740:C>G","NM_005797.4:c.131G>C","NP_005788.1:p.Arg44Pro","Unknown significance","null","missense_variant","2/6","null","44","MODERATE","31","Immunoglobulin_V-set_domain&Immunoglobulin-like_domain&Immunoglobulin_V-set_domain&Immunoglobulin_subtype&Immunoglobulin_V-set_domain&Immunoglobulin-like_domain&Immunoglobulin_V-set_domain&Immunoglobulin_subtype","0.00326627","gnomad_AF_sas_pass","91.61843854834314","0.3400510023893913","98.1","-0.8","0.8"
"11:118133740:C>T","NM_005797.4:c.131G>A","NP_005788.1:p.Arg44Gln","Unknown significance","null","missense_variant","2/6","null","44","MODERATE","32","Immunoglobulin_V-set_domain&Immunoglobulin-like_domain&Immunoglobulin_V-set_domain&Immunoglobulin_subtype&Immunoglobulin_V-set_domain&Immunoglobulin-like_domain&Immunoglobulin_V-set_domain&Immunoglobulin_subtype","0.0434924","gnomad_AF_eas_pass","91.61843854834314","0.3400510023893913","98.1","-0.3","0.3"
"11:118133741:G>A","NM_005797.4:c.130C>T","NP_005788.1:p.Arg44Trp","Unknown significance","null","missense_variant","2/6","null","44","MODERATE","29.3","Immunoglobulin_V-set_domain&Immunoglobulin-like_domain&Immunoglobulin_V-set_domain&Immunoglobulin_subtype&Immunoglobulin_V-set_domain&Immunoglobulin-like_domain&Immunoglobulin_V-set_domain&Immunoglobulin_subtype","0.315758","gnomad_AF_eas_pass","91.61843854834314","0.3400510023893913","98.1","0.7","0.7"
"11:118133741:G>C","NM_005797.4:c.130C>G","NP_005788.1:p.Arg44Gly","Unknown significance","null","missense_variant","2/6","null","44","MODERATE","27.3","Immunoglobulin_V-set_domain&Immunoglobulin-like_domain&Immunoglobulin_V-set_domain&Immunoglobulin_subtype&Immunoglobulin_V-set_domain&Immunoglobulin-like_domain&Immunoglobulin_V-set_domain&Immunoglobulin_subtype","0.117925","gnomad_AF_amr_pass","91.61843854834314","0.3400510023893913","98.1","-1.2","1.2"
"11:118133743:G>T","NM_005797.4:c.128C>A","NP_005788.1:p.Ala43Asp","Likely benign","null","missense_variant","2/6","null","43","MODERATE","18.83","Immunoglobulin_V-set_domain&Immunoglobulin-like_domain&Immunoglobulin_V-set_domain&Immunoglobulin_subtype&Immunoglobulin_V-set_domain&Immunoglobulin-like_domain&Immunoglobulin_V-set_domain&Immunoglobulin_subtype","0.00326627","gnomad_AF_sas_pass","12.001998966964587","0.0943859761314391","97.0","-2.0","2.0"
"11:118133744:C>A","NM_005797.4:c.127G>T","NP_005788.1:p.Ala43Ser","Likely benign","null","missense_variant","2/6","null","43","MODERATE","13.12","Immunoglobulin_V-set_domain&Immunoglobulin-like_domain&Immunoglobulin_V-set_domain&Immunoglobulin_subtype&Immunoglobulin_V-set_domain&Immunoglobulin-like_domain&Immunoglobulin_V-set_domain&Immunoglobulin_subtype","0.00326627","gnomad_AF_sas_pass","12.001998966964587","0.0943859761314391","97.0","-1.0","1.0"
"11:118133752:C>G","NM_005797.4:c.119G>C","NP_005788.1:p.Gly40Ala","Unknown significance","null","missense_variant","2/6","null","40","MODERATE","27.1","Immunoglobulin_V-set_domain&Immunoglobulin-like_domain&Immunoglobulin_subtype&Immunoglobulin_V-set_domain&Immunoglobulin-like_domain&Immunoglobulin_subtype","0.00154923","gnomad_AF_nfe_pass","50.13299876292495","0.5257997180015729","95.85","-0.3","0.3"
"11:118133753:C>T","NM_005797.4:c.118G>A","NP_005788.1:p.Gly40Arg","Unknown significance","null","missense_variant","2/6","null","40","MODERATE","31","Immunoglobulin_V-set_domain&Immunoglobulin-like_domain&Immunoglobulin_subtype&Immunoglobulin_V-set_domain&Immunoglobulin-like_domain&Immunoglobulin_subtype","0","null","50.13299876292495","0.5257997180015729","95.85","-0.1","0.1"
"11:118133763:C>G","NM_005797.4:c.108G>C","NP_005788.1:p.Glu36Asp","Unknown significance","null","missense_variant","2/6","null","36","MODERATE","22.7","Immunoglobulin_V-set_domain&Immunoglobulin-like_domain&Immunoglobulin_subtype&Immunoglobulin_V-set_domain&Immunoglobulin-like_domain&Immunoglobulin_subtype","0","null","52.48097457463222","0.2687599573875492","94.63","-0.4","0.4"
"11:118133764:T>G","NM_005797.4:c.107A>C","NP_005788.1:p.Glu36Ala","Unknown significance","null","missense_variant","2/6","null","36","MODERATE","28.2","Immunoglobulin_V-set_domain&Immunoglobulin-like_domain&Immunoglobulin_subtype&Immunoglobulin_V-set_domain&Immunoglobulin-like_domain&Immunoglobulin_subtype","0","gnomad_AF_afr_pass,gnomad_AF_sas_pass,gnomad_AF_amr_pass,gnomad_AF_eas_pass,gnomad_AF_nfe_pass","52.48097457463222","0.2687599573875492","94.63","0.4","0.4"
"11:118133771:C>T","NM_005797.4:c.100G>A","NP_005788.1:p.Val34Met","Unknown significance","null","missense_variant","2/6","null","34","MODERATE","26.6","Immunoglobulin_V-set_domain&Immunoglobulin-like_domain&Immunoglobulin_subtype&Immunoglobulin_V-set_domain&Immunoglobulin-like_domain&Immunoglobulin_subtype","0.00619876","gnomad_AF_nfe_pass","103.96193744590352","0.6048092460200967","96.13","-0.0","0.0"
"11:118133773:C>T","NM_005797.4:c.98G>A","NP_005788.1:p.Arg33Gln","Likely benign","null","missense_variant","2/6","null","33","MODERATE","21.5","Immunoglobulin_V-set_domain&Immunoglobulin-like_domain&Immunoglobulin_subtype&Immunoglobulin_V-set_domain&Immunoglobulin-like_domain&Immunoglobulin_subtype","0.0801346","gnomad_AF_afr_pass","123.62485435777945","0.4588460173595226","96.14","-0.2","0.2"
"11:118133774:G>A","NM_005797.4:c.97C>T","NP_005788.1:p.Arg33Trp","Unknown significance","null","missense_variant","2/6","null","33","MODERATE","25.6","Immunoglobulin_V-set_domain&Immunoglobulin-like_domain&Immunoglobulin_subtype&Immunoglobulin_V-set_domain&Immunoglobulin-like_domain&Immunoglobulin_subtype","0.0200288","gnomad_AF_afr_pass","123.62485435777945","0.4588460173595226","96.14","0.3","0.3"
"11:118133779:G>A","NM_005797.4:c.92C>T","NP_005788.1:p.Thr31Ile","Unknown significance","null","missense_variant","2/6","null","31","MODERATE","27.6","Immunoglobulin_V-set_domain&Immunoglobulin-like_domain&Immunoglobulin_V-set_domain&Immunoglobulin-like_domain","0.0123062","gnomad_AF_afr_pass","11.017639768508085","0.07002547686479807","97.82","1.0","1.0"
"11:118133789:C>T","NM_005797.4:c.82G>A","NP_005788.1:p.Glu28Lys","Unknown significance","null","missense_variant","2/6","null","28","MODERATE","28.8","Immunoglobulin-like_domain&Immunoglobulin-like_domain","0.000880809","gnomad_AF_nfe_pass","99.33998224640524","0.5087292987948646","94.99","-0.1","0.1"
"11:118133795:C>T","NM_005797.4:c.76G>A","NP_005788.1:p.Ala26Thr","Unknown significance","null","missense_variant","2/6","null","26","MODERATE","27.7","Immunoglobulin-like_domain&Immunoglobulin-like_domain","0","gnomad_AF_afr_pass,gnomad_AF_sas_pass,gnomad_AF_amr_pass,gnomad_AF_eas_pass,gnomad_AF_nfe_pass","29.336317214516583","0.23070631350787205","88.81","0.0","0.0"
"11:118133799:T>C","NM_005797.4:c.72A>G","NP_005788.1:p.Ile24Met","Unknown significance","null","missense_variant","2/6","null","24","MODERATE","16.83","Immunoglobulin-like_domain&Immunoglobulin-like_domain","0.000881632","gnomad_AF_nfe_pass","163.8471545959115","0.8352784652954072","66.73","-0.0","0.0"
"11:118133800:A>G","NM_005797.4:c.71T>C","NP_005788.1:p.Ile24Thr","Likely benign","null","missense_variant","2/6","null","24","MODERATE","9.619","Immunoglobulin-like_domain&Immunoglobulin-like_domain","0.00401413","gnomad_AF_afr_pass","163.8471545959115","0.8352784652954072","66.73","-0.1","0.1"
"11:118133801:T>C","NM_005797.4:c.70A>G","NP_005788.1:p.Ile24Val","Likely benign","null","missense_variant","2/6","null","24","MODERATE","7.741","Immunoglobulin-like_domain&Immunoglobulin-like_domain","0.0490485","gnomad_AF_sas_pass","163.8471545959115","0.8352784652954072","66.73","0.0","0.0"
"11:118133803:G>C","NM_005797.4:c.68C>G","NP_005788.1:p.Pro23Arg","Unknown significance","null","missense_variant","2/6","null","23","MODERATE","19.70","Immunoglobulin-like_domain&Immunoglobulin-like_domain","0.0901687","gnomad_AF_amr_pass","112.8482377242523","0.7174072397295356","59.91","0.1","0.1"
"11:118134816:A>G","NM_005797.4:c.53T>C","NP_005788.1:p.Leu18Pro","Unknown significance","null","missense_variant","1/6","null","18","MODERATE","24.7","null","0","gnomad_AF_afr_pass,gnomad_AF_sas_pass,gnomad_AF_amr_pass,gnomad_AF_eas_pass,gnomad_AF_nfe_pass","142.1217325123173","0.7369500962597817","60.1","-0.9","0.9"
"11:118134832:G>A","NM_005797.4:c.37C>T","NP_005788.1:p.Leu13Phe","Likely benign","null","missense_variant","1/6","null","13","MODERATE","20.3","null","0.00615309","gnomad_AF_afr_pass","119.55108515027955","0.6199135216834217","67.15","-0.1","0.1"
"11:118134838:G>C","NM_005797.4:c.31C>G","NP_005788.1:p.Leu11Val","Likely benign","null","missense_variant","1/6","null","11","MODERATE","15.04","null","0.00176118","gnomad_AF_nfe_pass","130.8040644705358","0.6782640923292831","72.91","-0.2","0.2"
"11:118134843:G>A","NM_005797.4:c.26C>T","NP_005788.1:p.Ala9Val","Likely benign","null","missense_variant","1/6","null","9","MODERATE","12.96","null","0.00615385","gnomad_AF_afr_pass","51.06294653924562","0.4015686109055811","69.89","0.8","0.8"
"11:118134843:G>T","NM_005797.4:c.26C>A","NP_005788.1:p.Ala9Glu","Likely benign","null","missense_variant","1/6","null","9","MODERATE","15.55","null","0.000880747","gnomad_AF_nfe_pass","51.06294653924562","0.4015686109055811","69.89","-0.9","0.9"
"11:118134846:C>G","NM_005797.4:c.23G>C","NP_005788.1:p.Arg8Pro","Likely benign","null","missense_variant","1/6","null","8","MODERATE","18.41","null","0.000880607","gnomad_AF_nfe_pass","166.28071778980623","0.6171675228083622","68.75","-0.2","0.2"
"11:118134846:C>T","NM_005797.4:c.23G>A","NP_005788.1:p.Arg8His","Likely benign","null","missense_variant","1/6","null","8","MODERATE","16.98","null","0.000880607","gnomad_AF_nfe_pass","166.28071778980623","0.6171675228083622","68.75","0.0","0.0"
"11:118134849:G>A","NM_005797.4:c.20C>T","NP_005788.1:p.Thr7Ile","Likely benign","null","missense_variant","1/6","null","7","MODERATE","15.91","null","0","null","83.7996030824642","0.5326101860493999","66.66","0.7","0.7"
"11:118134849:G>C","NM_005797.4:c.20C>G","NP_005788.1:p.Thr7Ser","Likely benign","null","missense_variant","1/6","null","7","MODERATE","14.69","null","0.00578269","gnomad_AF_amr_pass","83.7996030824642","0.5326101860493999","66.66","-0.3","0.3"
"11:118134865:A>G","NM_005797.4:c.4T>C","NP_005788.1:p.Tyr2His","Unknown significance","null","missense_variant","1/6","null","2","MODERATE","24.2","null","0","gnomad_AF_afr_pass,gnomad_AF_sas_pass,gnomad_AF_amr_pass,gnomad_AF_eas_pass,gnomad_AF_nfe_pass","238.56864153798375","0.9944017805298705","52.72","-0.1","0.1"