{"applied_filters": "CONTAINS missense_variant[Consequence]"},
"Genomic Description (GRCh37)","HGVS Nucleotide Change","HGVS Protein Change","Variant Classification","Phenotype","Consequence","Exon","Intron","Protein Position","Impact","CADD Phred","Interpro Domain","Max MAF (%)","Max MAF Source","Surface Area","Normalized SA","Confidence Score","ddG","|ddG|"
"8:49831370:T>C","NM_003068.5:c.803A>G","NP_003059.1:p.His268Arg","Unknown significance","null","missense_variant","3/3","null","268","MODERATE","26.1","Zinc_finger_C2H2-type&Zinc_finger_C2H2-type&Zinc_finger_C2H2-type&Zinc_finger_C2H2-type","0.00289084","gnomad_AF_amr_pass","271.2750995328452","1.3207012439433266","47.64","-0.1","0.1"
"8:49831379:C>T","NM_003068.5:c.794G>A","NP_003059.1:p.Cys265Tyr","Unknown significance","null","missense_variant","3/3","null","265","MODERATE","28.8","Zinc_finger_C2H2-type&Zinc_finger_C2H2-type&Zinc_finger_C2H2-type&Zinc_finger_C2H2-type","0.000879013","gnomad_AF_nfe_pass","35.732497816727445","0.23123638113716372","64.2","-0.8","0.8"
"8:49831386:C>T","NM_003068.5:c.787G>A","NP_003059.1:p.Gly263Ser","Unknown significance","null","missense_variant","3/3","null","263","MODERATE","28.9","Zinc_finger_C2H2-type&Zinc_finger_C2H2-type&Zinc_finger_C2H2-type&Zinc_finger_C2H2-type","0.00289084","gnomad_AF_amr_pass","48.897757743443876","0.5128443912560393","69.93","0.4","0.4"
"8:49831390:T>A","NM_003068.5:c.783A>T","NP_003059.1:p.Glu261Asp","Unknown significance","null","missense_variant","3/3","null","261","MODERATE","21.1","Zinc_finger_C2H2-type&Zinc_finger_C2H2-type&Zinc_finger_C2H2-type&Zinc_finger_C2H2-type","0.00326648","gnomad_AF_sas_pass","134.53514998466414","0.6889670298631123","82.36","-0.1","0.1"
"8:49831391:T>C","NM_003068.5:c.782A>G","NP_003059.1:p.Glu261Gly","Unknown significance","null","missense_variant","3/3","null","261","MODERATE","25.4","Zinc_finger_C2H2-type&Zinc_finger_C2H2-type&Zinc_finger_C2H2-type&Zinc_finger_C2H2-type","0.00867253","gnomad_AF_amr_pass","134.53514998466414","0.6889670298631123","82.36","-0.5","0.5"
"8:49831399:T>A","NM_003068.5:c.774A>T","NP_003059.1:p.Lys258Asn","Unknown significance","null","missense_variant","3/3","null","258","MODERATE","25.1","Zinc_finger_C2H2-type&Zinc_finger_C2H2-type&Zinc_finger_C2H2-type&Zinc_finger_C2H2-type&Zinc_finger_C2H2-type&Zinc_finger_C2H2-type","0.000879028","gnomad_AF_nfe_pass","134.68431612482675","0.5689731100587899","82.27","0.1","0.1"
"8:49831400:T>C","NM_003068.5:c.773A>G","NP_003059.1:p.Lys258Arg","Unknown significance","null","missense_variant","3/3","null","258","MODERATE","23.7","Zinc_finger_C2H2-type&Zinc_finger_C2H2-type&Zinc_finger_C2H2-type&Zinc_finger_C2H2-type&Zinc_finger_C2H2-type&Zinc_finger_C2H2-type","0.00615157","gnomad_AF_afr_pass","134.68431612482675","0.5689731100587899","82.27","0.5","0.5"
"8:49831410:G>C","NM_003068.5:c.763C>G","NP_003059.1:p.Leu255Val","Unknown significance","null","missense_variant","3/3","null","255","MODERATE","27.4","Zinc_finger_C2H2-type&Zinc_finger_C2H2-type&Zinc_finger_C2H2-type&Zinc_finger_C2H2-type&Zinc_finger_C2H2-type&Zinc_finger_C2H2-type","0.000879059","gnomad_AF_nfe_pass","52.58861481735798","0.2726900669358343","81.05","-0.1","0.1"
"8:49831413:A>T","NM_003068.5:c.760T>A","NP_003059.1:p.Ser254Thr","Unknown significance","null","missense_variant","3/3","null","254","MODERATE","27.3","Zinc_finger_C2H2-type&Zinc_finger_C2H2-type&Zinc_finger_C2H2-type&Zinc_finger_C2H2-type&Zinc_finger_C2H2-type&Zinc_finger_C2H2-type","0.0706752","gnomad_AF_eas_pass","55.24863056047381","0.40062179901030415","81.98","0.2","0.2"
"8:49831416:T>G","NM_003068.5:c.757A>C","NP_003059.1:p.Met253Leu","Unknown significance","null","missense_variant","3/3","null","253","MODERATE","24.0","Zinc_finger_C2H2-type&Zinc_finger_C2H2-type&Zinc_finger_C2H2-type&Zinc_finger_C2H2-type&Zinc_finger_C2H2-type&Zinc_finger_C2H2-type","0","gnomad_AF_afr_pass,gnomad_AF_amr_pass,gnomad_AF_eas_pass,gnomad_AF_nfe_pass,gnomad_AF_sas_pass","139.60851669557965","0.6447442220891028","80.59","0.0","0.0"
"8:49831433:G>C","NM_003068.5:c.740C>G","NP_003059.1:p.Ser247Cys","Unknown significance","null","missense_variant","3/3","null","247","MODERATE","29.1","Zinc_finger_C2H2-type&Zinc_finger_C2H2-type&Zinc_finger_C2H2-type&Zinc_finger_C2H2-type&Zinc_finger_C2H2-type&Zinc_finger_C2H2-type","0","null","107.5662904797727","0.7799903883174534","75.46","0.1","0.1"
"8:49831440:T>G","NM_003068.5:c.733A>C","NP_003059.1:p.Asn245His","Unknown significance","null","missense_variant","3/3","null","245","MODERATE","22.8","Zinc_finger_C2H2-type&Zinc_finger_C2H2-type&Zinc_finger_C2H2-type&Zinc_finger_C2H2-type&Zinc_finger_C2H2-type&Zinc_finger_C2H2-type","0.00352075","gnomad_AF_nfe_pass","90.88330138989764","0.5686351505861593","77.89","0.3","0.3"
"8:49831448:T>C","NM_003068.5:c.725A>G","NP_003059.1:p.Gln242Arg","Unknown significance","null","missense_variant","3/3","null","242","MODERATE","22.9","Zinc_finger_C2H2-type&Zinc_finger_C2H2-type&Zinc_finger_C2H2-type&Zinc_finger_C2H2-type&Zinc_finger_C2H2-type&Zinc_finger_C2H2-type","0.00543656","gnomad_AF_eas_pass","99.01464943209521","0.5007018874279979","80.13","0.1","0.1"
"8:49831448:T>G","NM_003068.5:c.725A>C","NP_003059.1:p.Gln242Pro","Unknown significance","null","missense_variant","3/3","null","242","MODERATE","25.2","Zinc_finger_C2H2-type&Zinc_finger_C2H2-type&Zinc_finger_C2H2-type&Zinc_finger_C2H2-type&Zinc_finger_C2H2-type&Zinc_finger_C2H2-type","0.00232854","gnomad_AF_nfe_pass","99.01464943209521","0.5007018874279979","80.13","-0.3","0.3"
"8:49831472:G>A","NM_003068.5:c.701C>T","NP_003059.1:p.Thr234Ile","Unknown significance","null","missense_variant","3/3","null","234","MODERATE","28.2","Zinc_finger_C2H2-type&Zinc_finger_C2H2-type&Zinc_finger_C2H2-type&Zinc_finger_C2H2-type&Zinc_finger_C2H2-type&Zinc_finger_C2H2-type&Zinc_finger_C2H2-type&Zinc_finger_C2H2-type","0","null","60.310278131404665","0.38331766827879254","78.19","0.5","0.5"
"8:49831499:C>T","NM_003068.5:c.674G>A","NP_003059.1:p.Arg225Lys","Unknown significance","null","missense_variant","3/3","null","225","MODERATE","28.8","Zinc_finger_C2H2-type&Zinc_finger_C2H2-type&Zinc_finger_C2H2-type&Zinc_finger_C2H2-type&Zinc_finger_C2H2-type&Zinc_finger_C2H2-type&Zinc_finger_C2H2-type&Zinc_finger_C2H2-type","0","null","74.02866909366124","0.27476481295377087","83.7","-0.8","0.8"
"8:49832478:T>C","NM_003068.5:c.602A>G","NP_003059.1:p.Gln201Arg","Unknown significance","null","missense_variant","2/3","null","201","MODERATE","28.3","Zinc_finger_C2H2-type&Zinc_finger_C2H2-type&Zinc_finger_C2H2-type&Zinc_finger_C2H2-type&Zinc_finger_C2H2-type&Zinc_finger_C2H2-type&Zinc_finger_C2H2-type&Zinc_finger_C2H2-type","0.0643501","gnomad_AF_eas_pass","1.7416941609523198","0.00880748009221827","85.63","0.4","0.4"
"8:49832509:C>T","NM_003068.5:c.571G>A","NP_003059.1:p.Gly191Ser","Unknown significance","null","missense_variant","2/3","null","191","MODERATE","31","Zinc_finger_C2H2-type&Zinc_finger_C2H2-type&Zinc_finger_C2H2-type&Zinc_finger_C2H2-type&Zinc_finger_C2H2-type&Zinc_finger_C2H2-type&Zinc_finger_C2H2-type&Zinc_finger_C2H2-type","0.00578168","gnomad_AF_amr_pass","53.61710535981521","0.5623413634514178","92.24","0.1","0.1"
"8:49832515:T>G","NM_003068.5:c.565A>C","NP_003059.1:p.Ile189Leu","Unknown significance","null","missense_variant","2/3","null","189","MODERATE","22.8","Zinc_finger_C2H2-type&Zinc_finger_C2H2-type&Zinc_finger_C2H2-type&Zinc_finger_C2H2-type&Zinc_finger_C2H2-type&Zinc_finger_C2H2-type&Zinc_finger_C2H2-type&Zinc_finger_C2H2-type","0.000879028","gnomad_AF_nfe_pass","84.00682492676694","0.4282594468742809","91.77","-0.1","0.1"
"8:49832516:C>A","NM_003068.5:c.564G>T","NP_003059.1:p.Lys188Asn","Unknown significance","null","missense_variant","2/3","null","188","MODERATE","23.4","Zinc_finger_C2H2-type&Zinc_finger_C2H2-type&Zinc_finger_C2H2-type&Zinc_finger_C2H2-type&Zinc_finger_C2H2-type&Zinc_finger_C2H2-type&Zinc_finger_C2H2-type&Zinc_finger_C2H2-type","0.000879028","gnomad_AF_nfe_pass","130.50561062838685","0.5513201929951163","92.31","0.3","0.3"
"8:49832520:C>T","NM_003068.5:c.560G>A","NP_003059.1:p.Cys187Tyr","Unknown significance","null","missense_variant","2/3","null","187","MODERATE","32","Zinc_finger_C2H2-type&Zinc_finger_C2H2-type&Zinc_finger_C2H2-type&Zinc_finger_C2H2-type&Zinc_finger_C2H2-type&Zinc_finger_C2H2-type&Zinc_finger_C2H2-type&Zinc_finger_C2H2-type","0.000879028","gnomad_AF_nfe_pass","1.0841173261197459","0.0070156687199928736","91.9","-2.5","2.5"
"8:49832544:C>T","NM_003068.5:c.536G>A","NP_003059.1:p.Arg179Gln","Unknown significance","null","missense_variant","2/3","null","179","MODERATE","32","Zinc_finger_C2H2-type&Zinc_finger_C2H2-type&Zinc_finger_C2H2-type&Zinc_finger_C2H2-type&Zinc_finger_C2H2-type&Zinc_finger_C2H2-type&Zinc_finger_C2H2-type&Zinc_finger_C2H2-type","0.000879013","gnomad_AF_nfe_pass","42.2613824895433","0.15685734995742906","93.78","-0.4","0.4"
"8:49832553:A>G","NM_003068.5:c.527T>C","NP_003059.1:p.Met176Thr","Unknown significance","null","missense_variant","2/3","null","176","MODERATE","27.8","Zinc_finger_C2H2-type&Zinc_finger_C2H2-type&Zinc_finger_C2H2-type&Zinc_finger_C2H2-type&Zinc_finger_C2H2-type&Zinc_finger_C2H2-type&Zinc_finger_C2H2-type&Zinc_finger_C2H2-type","0.000878997","gnomad_AF_nfe_pass","113.45948800270202","0.5239819966746068","88.98","-0.3","0.3"
"8:49832562:G>C","NM_003068.5:c.518C>G","NP_003059.1:p.Ala173Gly","Unknown significance","null","missense_variant","2/3","null","173","MODERATE","29.9","Zinc_finger_C2H2-type&Zinc_finger_C2H2-type&Zinc_finger_C2H2-type&Zinc_finger_C2H2-type&Zinc_finger_C2H2-type&Zinc_finger_C2H2-type&Zinc_finger_C2H2-type&Zinc_finger_C2H2-type","0.00653253","gnomad_AF_sas_pass","40.015114613769526","0.3146863837622254","86.69","-0.6","0.6"
"8:49832586:T>C","NM_003068.5:c.494A>G","NP_003059.1:p.Asp165Gly","Unknown significance","null","missense_variant","2/3","null","165","MODERATE","23.6","Zinc_finger_C2H2-type&Zinc_finger_C2H2-type&Zinc_finger_C2H2-type&Zinc_finger_C2H2-type&Zinc_finger_C2H2-type&Zinc_finger_C2H2-type&Zinc_finger_C2H2-type&Zinc_finger_C2H2-type","0","null","96.74344747597956","0.6047227417903379","90.54","-0.1","0.1"
"8:49832601:C>G","NM_003068.5:c.479G>C","NP_003059.1:p.Ser160Thr","Unknown significance","null","missense_variant","2/3","null","160","MODERATE","22.4","Zinc_finger_C2H2-type&Zinc_finger_C2H2-type&Zinc_finger_C2H2-type&Zinc_finger_C2H2-type&Zinc_finger_C2H2-type&Zinc_finger_C2H2-type","0.00326627","gnomad_AF_sas_pass","54.15961834978053","0.392725095932486","85.78","0.3","0.3"
"8:49832604:A>C","NM_003068.5:c.476T>G","NP_003059.1:p.Phe159Cys","Unknown significance","null","missense_variant","2/3","null","159","MODERATE","31","Zinc_finger_C2H2-type&Zinc_finger_C2H2-type&Zinc_finger_C2H2-type&Zinc_finger_C2H2-type&Zinc_finger_C2H2-type&Zinc_finger_C2H2-type","0.000878966","gnomad_AF_nfe_pass","12.946051008804092","0.05634833339036955","77.64","-1.9","1.9"
"8:49832607:G>C","NM_003068.5:c.473C>G","NP_003059.1:p.Ser158Cys","Unknown significance","null","missense_variant","2/3","null","158","MODERATE","25.1","null","0.00326627","gnomad_AF_sas_pass","55.327022772562174","0.4011902407746817","73.6","-0.1","0.1"
"8:49832607:G>T","NM_003068.5:c.473C>A","NP_003059.1:p.Ser158Tyr","Unknown significance","null","missense_variant","2/3","null","158","MODERATE","22.2","null","0.0026369","gnomad_AF_nfe_pass","55.327022772562174","0.4011902407746817","73.6","0.7","0.7"
"8:49832614:T>C","NM_003068.5:c.466A>G","NP_003059.1:p.Arg156Gly","Unknown significance","null","missense_variant","2/3","null","156","MODERATE","23.0","null","0.000878997","gnomad_AF_nfe_pass","258.11906281363537","0.9580347300862648","52.31","-0.2","0.2"
"8:49832617:A>C","NM_003068.5:c.463T>G","NP_003059.1:p.Ser155Ala","Unknown significance","null","missense_variant","2/3","null","155","MODERATE","17.45","Zinc_finger_C2H2-type&Zinc_finger_C2H2-type","0.000878966","gnomad_AF_nfe_pass","85.42805131932447","0.6194604148247842","50.31","-0.1","0.1"
"8:49832619:T>C","NM_003068.5:c.461A>G","NP_003059.1:p.Gln154Arg","Unknown significance","null","missense_variant","2/3","null","154","MODERATE","23.2","Zinc_finger_C2H2-type&Zinc_finger_C2H2-type","0.000878966","gnomad_AF_nfe_pass","175.11241435477262","0.885516606708173","52.2","0.1","0.1"
"8:49832622:G>A","NM_003068.5:c.458C>T","NP_003059.1:p.Ala153Val","Unknown significance","null","missense_variant","2/3","null","153","MODERATE","23.1","Zinc_finger_C2H2-type&Zinc_finger_C2H2-type","0.000878982","gnomad_AF_nfe_pass","57.265362895783866","0.4503455791253613","52.47","0.3","0.3"
"8:49832623:C>T","NM_003068.5:c.457G>A","NP_003059.1:p.Ala153Thr","Unknown significance","null","missense_variant","2/3","null","153","MODERATE","22.9","Zinc_finger_C2H2-type&Zinc_finger_C2H2-type","0.000878982","gnomad_AF_nfe_pass","57.265362895783866","0.4503455791253613","52.47","0.2","0.2"
"8:49832635:G>C","NM_003068.5:c.445C>G","NP_003059.1:p.Leu149Val","Unknown significance","null","missense_variant","2/3","null","149","MODERATE","23.1","Zinc_finger_C2H2-type&Zinc_finger_C2H2-type&Zinc_finger_C2H2-type&Zinc_finger_C2H2-type&Zinc_finger_C2H2-type&Zinc_finger_C2H2-type&Zinc_finger_C2H2-type&Zinc_finger_C2H2-type","0.000878966","gnomad_AF_nfe_pass","64.24395658946807","0.3331270253732272","64.88","-0.0","0.0"
"8:49832643:T>C","NM_003068.5:c.437A>G","NP_003059.1:p.His146Arg","Unknown significance","null","missense_variant","2/3","null","146","MODERATE","26.8","Zinc_finger_C2H2-type&Zinc_finger_C2H2-type&Zinc_finger_C2H2-type&Zinc_finger_C2H2-type&Zinc_finger_C2H2-type&Zinc_finger_C2H2-type&Zinc_finger_C2H2-type&Zinc_finger_C2H2-type","0.00175793","gnomad_AF_nfe_pass","24.828562179385543","0.12087771053114464","76.04","-1.4","1.4"
"8:49832647:T>C","NM_003068.5:c.433A>G","NP_003059.1:p.Lys145Glu","Unknown significance","null","missense_variant","2/3","null","145","MODERATE","28.6","Zinc_finger_C2H2-type&Zinc_finger_C2H2-type&Zinc_finger_C2H2-type&Zinc_finger_C2H2-type&Zinc_finger_C2H2-type&Zinc_finger_C2H2-type&Zinc_finger_C2H2-type&Zinc_finger_C2H2-type","0","null","146.1724618230804","0.617504714738624","79.98","0.2","0.2"
"8:49832649:G>C","NM_003068.5:c.431C>G","NP_003059.1:p.Ala144Gly","Unknown significance","null","missense_variant","2/3","null","144","MODERATE","22.5","Zinc_finger_C2H2-type&Zinc_finger_C2H2-type&Zinc_finger_C2H2-type&Zinc_finger_C2H2-type&Zinc_finger_C2H2-type&Zinc_finger_C2H2-type&Zinc_finger_C2H2-type&Zinc_finger_C2H2-type","0.0114705","gnomad_AF_afr_pass","47.449228091993504","0.373149649693627","78.55","-0.6","0.6"
"8:49832650:C>T","NM_003068.5:c.430G>A","NP_003059.1:p.Ala144Thr","Unknown significance","null","missense_variant","2/3","null","144","MODERATE","22.9","Zinc_finger_C2H2-type&Zinc_finger_C2H2-type&Zinc_finger_C2H2-type&Zinc_finger_C2H2-type&Zinc_finger_C2H2-type&Zinc_finger_C2H2-type&Zinc_finger_C2H2-type&Zinc_finger_C2H2-type","0.00326627","gnomad_AF_sas_pass","47.449228091993504","0.373149649693627","78.55","0.1","0.1"
"8:49832653:G>T","NM_003068.5:c.427C>A","NP_003059.1:p.Leu143Met","Unknown significance","null","missense_variant","2/3","null","143","MODERATE","26.2","Zinc_finger_C2H2-type&Zinc_finger_C2H2-type&Zinc_finger_C2H2-type&Zinc_finger_C2H2-type&Zinc_finger_C2H2-type&Zinc_finger_C2H2-type&Zinc_finger_C2H2-type&Zinc_finger_C2H2-type","0.00615157","gnomad_AF_afr_pass","13.065000825818355","0.0677465257847635","80.92","-0.9","0.9"
"8:49832674:T>C","NM_003068.5:c.406A>G","NP_003059.1:p.Thr136Ala","Unknown significance","null","missense_variant","2/3","null","136","MODERATE","20.1","Zinc_finger_C2H2-type&Zinc_finger_C2H2-type&Zinc_finger_C2H2-type&Zinc_finger_C2H2-type&Zinc_finger_C2H2-type&Zinc_finger_C2H2-type&Zinc_finger_C2H2-type&Zinc_finger_C2H2-type","0.0144542","gnomad_AF_amr_pass","72.62243153261826","0.4615707634305207","80.52","-0.2","0.2"
"8:49832679:T>C","NM_003068.5:c.401A>G","NP_003059.1:p.Asn134Ser","Likely benign","null","missense_variant","2/3","null","134","MODERATE","16.72","Zinc_finger_C2H2-type&Zinc_finger_C2H2-type&Zinc_finger_C2H2-type&Zinc_finger_C2H2-type&Zinc_finger_C2H2-type&Zinc_finger_C2H2-type&Zinc_finger_C2H2-type&Zinc_finger_C2H2-type","0.0108731","gnomad_AF_eas_pass","83.62220763288153","0.5232042179638103","67.39","-0.1","0.1"
"8:49832689:T>A","NM_003068.5:c.391A>T","NP_003059.1:p.Asn131Tyr","Unknown significance","null","missense_variant","2/3","null","131","MODERATE","20.4","Zinc_finger_C2H2-type&Zinc_finger_C2H2-type&Zinc_finger_C2H2-type&Zinc_finger_C2H2-type&Zinc_finger_C2H2-type&Zinc_finger_C2H2-type&Zinc_finger_C2H2-type&Zinc_finger_C2H2-type","0.00648088","gnomad_AF_nfe_pass","114.61410277088046","0.7171131175001714","65.7","0.4","0.4"
"8:49832690:G>C","NM_003068.5:c.390C>G","NP_003059.1:p.Cys130Trp","Unknown significance","null","missense_variant","2/3","null","130","MODERATE","28.1","Zinc_finger_C2H2-type&Zinc_finger_C2H2-type&Zinc_finger_C2H2-type&Zinc_finger_C2H2-type&Zinc_finger_C2H2-type&Zinc_finger_C2H2-type&Zinc_finger_C2H2-type&Zinc_finger_C2H2-type","0.000878982","gnomad_AF_nfe_pass","0.8644103718797878","0.005593874999618437","70.17","-2.6","2.6"
"8:49832692:A>G","NM_003068.5:c.388T>C","NP_003059.1:p.Cys130Arg","Unknown significance","null","missense_variant","2/3","null","130","MODERATE","29.4","Zinc_finger_C2H2-type&Zinc_finger_C2H2-type&Zinc_finger_C2H2-type&Zinc_finger_C2H2-type&Zinc_finger_C2H2-type&Zinc_finger_C2H2-type&Zinc_finger_C2H2-type&Zinc_finger_C2H2-type","0.00326627","gnomad_AF_sas_pass","0.8644103718797878","0.005593874999618437","70.17","-4.3","4.3"
"8:49832701:T>G","NM_003068.5:c.379A>C","NP_003059.1:p.Lys127Gln","Unknown significance","null","missense_variant","2/3","null","127","MODERATE","24.8","null","0.00648088","gnomad_AF_nfe_pass","114.41700528831876","0.48335397331766705","82.53","0.3","0.3"
"8:49832712:A>G","NM_003068.5:c.368T>C","NP_003059.1:p.Ile123Thr","Unknown significance","null","missense_variant","2/3","null","123","MODERATE","20.4","null","0.0282167","gnomad_AF_amr_pass","159.75256668998674","0.8144046142327332","50.17","-0.1","0.1"
"8:49832713:T>C","NM_003068.5:c.367A>G","NP_003059.1:p.Ile123Val","Unknown significance","null","missense_variant","2/3","null","123","MODERATE","21.0","null","0.00326627","gnomad_AF_sas_pass","159.75256668998674","0.8144046142327332","50.17","-0.0","0.0"
"8:49832715:G>A","NM_003068.5:c.365C>T","NP_003059.1:p.Ala122Val","Benign","null","missense_variant","2/3","null","122","MODERATE","23.0","null","0.546311","gnomad_AF_eas_pass","63.33950921216048","0.49811380763583146","40.13","0.3","0.3"
"8:49832722:G>A","NM_003068.5:c.358C>T","NP_003059.1:p.Pro120Ser","Likely benign","null","missense_variant","2/3","null","120","MODERATE","16.39","null","0.00615157","gnomad_AF_afr_pass","123.50677524975274","0.7851664900282189","45.45","-0.0","0.0"
"8:49832722:G>T","NM_003068.5:c.358C>A","NP_003059.1:p.Pro120Thr","Likely benign","null","missense_variant","2/3","null","120","MODERATE","15.67","null","0","gnomad_AF_afr_pass,gnomad_AF_amr_pass,gnomad_AF_eas_pass,gnomad_AF_nfe_pass,gnomad_AF_sas_pass","123.50677524975274","0.7851664900282189","45.45","0.0","0.0"
"8:49832723:G>T","NM_003068.5:c.357C>A","NP_003059.1:p.Asp119Glu","Pathogenic","Neural tube defect","missense_variant","2/3","null","119","MODERATE","15.91","null","0.0100627","gnomad_AF_nfe_pass","53.17760914111779","0.33240193977639804","40.96","0.1","0.1"
"8:49832730:A>G","NM_003068.5:c.350T>C","NP_003059.1:p.Leu117Pro","Unknown significance","null","missense_variant","2/3","null","117","MODERATE","23.2","null","0","gnomad_AF_afr_pass,gnomad_AF_amr_pass,gnomad_AF_eas_pass,gnomad_AF_nfe_pass,gnomad_AF_sas_pass","140.12177637740683","0.7265796353873752","36.65","-0.4","0.4"
"8:49832731:G>A","NM_003068.5:c.349C>T","NP_003059.1:p.Leu117Phe","Unknown significance","null","missense_variant","2/3","null","117","MODERATE","23.3","null","0.00578168","gnomad_AF_amr_pass","140.12177637740683","0.7265796353873752","36.65","-0.0","0.0"
"8:49832733:T>C","NM_003068.5:c.347A>G","NP_003059.1:p.Lys116Arg","Unknown significance","null","missense_variant","2/3","null","116","MODERATE","22.5","null","0","gnomad_AF_afr_pass,gnomad_AF_amr_pass,gnomad_AF_eas_pass,gnomad_AF_nfe_pass,gnomad_AF_sas_pass","176.17319622051187","0.7442426426970213","35.91","0.3","0.3"
"8:49832736:G>A","NM_003068.5:c.344C>T","NP_003059.1:p.Ser115Phe","Unknown significance","null","missense_variant","2/3","null","115","MODERATE","23.5","null","0.00578168","gnomad_AF_amr_pass","61.25777510726064","0.4441956265319044","36.96","0.4","0.4"
"8:49832739:T>G","NM_003068.5:c.341A>C","NP_003059.1:p.Gln114Pro","Unknown significance","null","missense_variant","2/3","null","114","MODERATE","22.3","null","0.00696584","gnomad_AF_nfe_pass","109.92582292692548","0.5558780173668569","40.94","-0.4","0.4"
"8:49832744:T>A","NM_003068.5:c.336A>T","NP_003059.1:p.Arg112Ser","Unknown significance","null","missense_variant","2/3","null","112","MODERATE","16.02","null","0.00289084","gnomad_AF_amr_pass","184.74400420671776","0.6856958578569924","41.45","-0.3","0.3"
"8:49832745:C>T","NM_003068.5:c.335G>A","NP_003059.1:p.Arg112Lys","Unknown significance","null","missense_variant","2/3","null","112","MODERATE","22.2","null","0.000879028","gnomad_AF_nfe_pass","184.74400420671776","0.6856958578569924","41.45","-0.3","0.3"
"8:49832748:T>C","NM_003068.5:c.332A>G","NP_003059.1:p.Glu111Gly","Unknown significance","null","missense_variant","2/3","null","111","MODERATE","22.7","null","0.00289084","gnomad_AF_amr_pass","120.37734187677634","0.616463576285551","38.04","-0.4","0.4"
"8:49832749:C>G","NM_003068.5:c.331G>C","NP_003059.1:p.Glu111Gln","Unknown significance","null","missense_variant","2/3","null","111","MODERATE","22.9","null","0.00289084","gnomad_AF_amr_pass","120.37734187677634","0.616463576285551","38.04","0.1","0.1"
"8:49832764:T>C","NM_003068.5:c.316A>G","NP_003059.1:p.Ile106Val","Unknown significance","null","missense_variant","2/3","null","106","MODERATE","17.99","null","0.00263695","gnomad_AF_nfe_pass","145.30139011630465","0.7407337798508506","35.58","-0.1","0.1"
"8:49832788:C>T","NM_003068.5:c.292G>A","NP_003059.1:p.Asp98Asn","Unknown significance","null","missense_variant","2/3","null","98","MODERATE","23.3","null","0.000879013","gnomad_AF_nfe_pass","129.91066082819975","0.8120439477136604","30.02","0.0","0.0"
"8:49832799:G>A","NM_003068.5:c.281C>T","NP_003059.1:p.Thr94Ile","Unknown significance","Partial albinism","missense_variant","2/3","null","94","MODERATE","22.7","null","0","null","145.5577384678787","0.9251300879076557","37.82","-0.0","0.0"
"8:49832812:G>A","NM_003068.5:c.268C>T","NP_003059.1:p.Pro90Ser","Unknown significance","null","missense_variant","2/3","null","90","MODERATE","22.3","null","0.0359313","gnomad_AF_sas_pass","134.91812400918647","0.8577115680922694","37.66","-0.1","0.1"
"8:49832815:G>T","NM_003068.5:c.265C>A","NP_003059.1:p.Pro89Thr","Unknown significance","null","missense_variant","2/3","null","89","MODERATE","21.8","null","0.00289318","gnomad_AF_amr_pass","130.35745001472486","0.8287181109709642","36.11","0.0","0.0"
"8:49832817:G>A","NM_003068.5:c.263C>T","NP_003059.1:p.Pro88Leu","Unknown significance","null","missense_variant","2/3","null","88","MODERATE","23.1","null","0","gnomad_AF_afr_pass,gnomad_AF_amr_pass,gnomad_AF_eas_pass,gnomad_AF_nfe_pass,gnomad_AF_sas_pass","138.75457064399137","0.8821009129872279","32.48","0.0","0.0"
"8:49832819:A>C","NM_003068.5:c.261T>G","NP_003059.1:p.Ser87Arg","Likely benign","null","missense_variant","2/3","null","87","MODERATE","15.76","null","0.000879322","gnomad_AF_nfe_pass","106.21674203193413","0.7702044710641224","31.41","0.1","0.1"
"8:49832821:T>C","NM_003068.5:c.259A>G","NP_003059.1:p.Ser87Gly","Unknown significance","null","missense_variant","2/3","null","87","MODERATE","22.7","null","0","gnomad_AF_afr_pass,gnomad_AF_amr_pass,gnomad_AF_eas_pass,gnomad_AF_nfe_pass,gnomad_AF_sas_pass","106.21674203193413","0.7702044710641224","31.41","-0.2","0.2"
"8:49832823:A>C","NM_003068.5:c.257T>G","NP_003059.1:p.Val86Gly","Unknown significance","null","missense_variant","2/3","null","86","MODERATE","22.8","null","0","null","166.6215896537639","0.9693382067028201","30.8","-0.1","0.1"
"8:49832823:A>G","NM_003068.5:c.257T>C","NP_003059.1:p.Val86Ala","Unknown significance","Partial albinism","missense_variant","2/3","null","86","MODERATE","21.6","null","0.000879291","gnomad_AF_nfe_pass","166.6215896537639","0.9693382067028201","30.8","-0.1","0.1"
"8:49832824:C>T","NM_003068.5:c.256G>A","NP_003059.1:p.Val86Met","Unknown significance","null","missense_variant","2/3","null","86","MODERATE","20.3","null","0.000879353","gnomad_AF_nfe_pass","166.6215896537639","0.9693382067028201","30.8","-0.0","0.0"
"8:49832826:C>T","NM_003068.5:c.254G>A","NP_003059.1:p.Arg85Gln","Unknown significance","null","missense_variant","2/3","null","85","MODERATE","22.9","null","0.0108731","gnomad_AF_eas_pass","223.48851108865088","0.82949997208376","28.26","-0.1","0.1"
"8:49832827:G>C","NM_003068.5:c.253C>G","NP_003059.1:p.Arg85Gly","Unknown significance","null","missense_variant","2/3","null","85","MODERATE","20.5","null","0.00289369","gnomad_AF_amr_pass","223.48851108865088","0.82949997208376","28.26","-0.3","0.3"
"8:49832829:C>T","NM_003068.5:c.251G>A","NP_003059.1:p.Gly84Glu","Unknown significance","null","missense_variant","2/3","null","84","MODERATE","25.2","null","0.00326819","gnomad_AF_sas_pass","81.47203191946193","0.8544865151762746","28.86","0.0","0.0"
"8:49832835:G>C","NM_003068.5:c.245C>G","NP_003059.1:p.Ser82Cys","Unknown significance","null","missense_variant","2/3","null","82","MODERATE","22.9","null","0.00289402","gnomad_AF_amr_pass","128.21734405420514","0.9297364028433986","33.43","-0.1","0.1"
"8:49832842:A>T","NM_003068.5:c.238T>A","NP_003059.1:p.Ser80Thr","Likely benign","null","missense_variant","2/3","null","80","MODERATE","17.25","null","0.00615309","gnomad_AF_afr_pass","126.14231721247123","0.914689858197913","28.04","0.0","0.0"
"8:49832847:C>A","NM_003068.5:c.233G>T","NP_003059.1:p.Gly78Val","Unknown significance","null","missense_variant","2/3","null","78","MODERATE","23.3","null","0.00088008","gnomad_AF_nfe_pass","75.68693958711422","0.7938119097862016","28.2","0.2","0.2"
"8:49832850:G>A","NM_003068.5:c.230C>T","NP_003059.1:p.Ser77Phe","Unknown significance","null","missense_variant","2/3","null","77","MODERATE","24.8","null","0.00704039","gnomad_AF_nfe_pass","114.6749771782961","0.8315372741836258","28.59","0.1","0.1"
"8:49832850:G>C","NM_003068.5:c.230C>G","NP_003059.1:p.Ser77Cys","Unknown significance","null","missense_variant","2/3","null","77","MODERATE","24.8","null","0.160369","gnomad_AF_eas_pass","114.6749771782961","0.8315372741836258","28.59","-0.1","0.1"
"8:49832851:A>G","NM_003068.5:c.229T>C","NP_003059.1:p.Ser77Pro","Likely benign","null","missense_variant","2/3","null","77","MODERATE","18.69","null","0.0184593","gnomad_AF_afr_pass","114.6749771782961","0.8315372741836258","28.59","-0.1","0.1"
"8:49832854:G>A","NM_003068.5:c.226C>T","NP_003059.1:p.Leu76Phe","Unknown significance","null","missense_variant","2/3","null","76","MODERATE","22.6","null","0.000880251","gnomad_AF_nfe_pass","191.20677075537665","0.9914729128529627","31.01","0.0","0.0"
"8:49832863:G>A","NM_003068.5:c.217C>T","NP_003059.1:p.Leu73Phe","Unknown significance","null","missense_variant","2/3","null","73","MODERATE","22.4","null","0.00543715","gnomad_AF_eas_pass","178.1871450794587","0.9239616728369258","28.22","-0.0","0.0"
"8:49832866:C>A","NM_003068.5:c.214G>T","NP_003059.1:p.Gly72Cys","Unknown significance","null","missense_variant","2/3","null","72","MODERATE","25.0","null","0.00327804","gnomad_AF_sas_pass","81.51692301032325","0.8549573372594954","31.58","0.1","0.1"
"8:49832868:T>C","NM_003068.5:c.212A>G","NP_003059.1:p.Asn71Ser","Likely benign","null","missense_variant","2/3","null","71","MODERATE","6.997","null","0","gnomad_AF_afr_pass,gnomad_AF_amr_pass,gnomad_AF_eas_pass,gnomad_AF_nfe_pass,gnomad_AF_sas_pass","149.3683941032744","0.9345624330848694","31.19","0.0","0.0"
"8:49832869:T>C","NM_003068.5:c.211A>G","NP_003059.1:p.Asn71Asp","Likely benign","null","missense_variant","2/3","null","71","MODERATE","15.80","null","0.00543774","gnomad_AF_eas_pass","149.3683941032744","0.9345624330848694","31.19","-0.1","0.1"
"8:49832874:A>G","NM_003068.5:c.206T>C","NP_003059.1:p.Leu69Pro","Unknown significance","null","missense_variant","2/3","null","69","MODERATE","21.9","null","0.0114863","gnomad_AF_afr_pass","154.25865003369395","0.7998841906981561","28.82","-0.3","0.3"
"8:49832881:C>A","NM_003068.5:c.199G>T","NP_003059.1:p.Ala67Ser","Likely benign","null","missense_variant","2/3","null","67","MODERATE","11.83","null","0.00441306","gnomad_AF_nfe_pass","99.09569854426441","0.7793072023478723","28.83","-0.1","0.1"
"8:49832881:C>T","NM_003068.5:c.199G>A","NP_003059.1:p.Ala67Thr","Likely benign","null","missense_variant","2/3","null","67","MODERATE","14.77","null","0.0114916","gnomad_AF_afr_pass","99.09569854426441","0.7793072023478723","28.83","0.0","0.0"
"8:49832911:T>A","NM_003068.5:c.169A>T","NP_003059.1:p.Thr57Ser","Unknown significance","null","missense_variant","2/3","null","57","MODERATE","15.55","null","0.0123047","gnomad_AF_afr_pass","80.91467154146281","0.5142742528436008","29.0","-0.2","0.2"
"8:49832913:A>T","NM_003068.5:c.167T>A","NP_003059.1:p.Ile56Asn","Unknown significance","null","missense_variant","2/3","null","56","MODERATE","23.3","null","0.00543656","gnomad_AF_eas_pass","135.27304260554234","0.6896101412445104","36.98","-0.5","0.5"
"8:49832917:G>C","NM_003068.5:c.163C>G","NP_003059.1:p.Pro55Ala","Unknown significance","null","missense_variant","2/3","null","55","MODERATE","22.7","null","0.0114758","gnomad_AF_afr_pass","147.72098150881493","0.9391028493801749","32.26","-0.1","0.1"
"8:49832926:C>T","NM_003068.5:c.154G>A","NP_003059.1:p.Ala52Thr","Unknown significance","null","missense_variant","2/3","null","52","MODERATE","23.0","null","0.00801154","gnomad_AF_afr_pass","124.45782535022781","0.9787597353750114","28.44","0.0","0.0"
"8:49832931:G>A","NM_003068.5:c.149C>T","NP_003059.1:p.Ser50Leu","Unknown significance","null","missense_variant","2/3","null","50","MODERATE","23.8","null","0.000880328","gnomad_AF_nfe_pass","79.20323001681821","0.5743226605776799","37.48","0.2","0.2"
"8:49832934:C>T","NM_003068.5:c.146G>A","NP_003059.1:p.Ser49Asn","Likely benign","null","missense_variant","2/3","null","49","MODERATE","22.5","null","0.248358","gnomad_AF_afr_pass","147.29031145444324","1.0680393152383867","30.18","-0.0","0.0"
"8:49832938:G>A","NM_003068.5:c.142C>T","NP_003059.1:p.Leu48Phe","Unknown significance","null","missense_variant","2/3","null","48","MODERATE","22.3","null","0","null","145.89187799121368","0.7564995981161939","30.3","-0.0","0.0"
"8:49832940:A>C","NM_003068.5:c.140T>G","NP_003059.1:p.Ile47Ser","Unknown significance","null","missense_variant","2/3","null","47","MODERATE","22.5","null","0.00648172","gnomad_AF_nfe_pass","83.97870862730255","0.42811611243845066","34.66","-0.6","0.6"
"8:49832950:G>T","NM_003068.5:c.130C>A","NP_003059.1:p.Gln44Lys","Unknown significance","Partial albinism","missense_variant","2/3","null","44","MODERATE","19.16","null","0.00326712","gnomad_AF_sas_pass","6.94109603802332","0.0351000574863494","40.71","-0.8","0.8"
"8:49832952:G>A","NM_003068.5:c.128C>T","NP_003059.1:p.Pro43Leu","Unknown significance","null","missense_variant","2/3","null","43","MODERATE","25.8","null","0.000880716","gnomad_AF_nfe_pass","113.10027365045848","0.719009501331299","30.08","0.1","0.1"
"8:49832953:G>T","NM_003068.5:c.127C>A","NP_003059.1:p.Pro43Thr","Unknown significance","null","missense_variant","2/3","null","43","MODERATE","24.2","null","0.000880499","gnomad_AF_nfe_pass","113.10027365045848","0.719009501331299","30.08","0.0","0.0"
"8:49832955:A>T","NM_003068.5:c.125T>A","NP_003059.1:p.Ile42Lys","Unknown significance","null","missense_variant","2/3","null","42","MODERATE","23.0","null","0.000880545","gnomad_AF_nfe_pass","75.60858580293933","0.3854459582675669","34.42","-1.2","1.2"
"8:49832961:G>A","NM_003068.5:c.119C>T","NP_003059.1:p.Pro40Leu","Unknown significance","null","missense_variant","2/3","null","40","MODERATE","25.1","null","0.00289168","gnomad_AF_amr_pass","103.46165076331519","0.6577341284968917","34.93","0.1","0.1"
"8:49832967:G>C","NM_003068.5:c.113C>G","NP_003059.1:p.Ser38Cys","Unknown significance","null","missense_variant","2/3","null","38","MODERATE","23.2","null","0.00653296","gnomad_AF_sas_pass","117.95848835322292","0.8553468444955951","37.25","-0.0","0.0"
"8:49832975:C>G","NM_003068.5:c.105G>C","NP_003059.1:p.Glu35Asp","Unknown significance","Partial albinism","missense_variant","2/3","null","35","MODERATE","22.5","null","0.000881959","gnomad_AF_nfe_pass","28.369397616835307","0.14528232671762517","37.22","-0.2","0.2"
"8:49832979:T>C","NM_003068.5:c.101A>G","NP_003059.1:p.Tyr34Cys","Unknown significance","null","missense_variant","2/3","null","34","MODERATE","23.1","null","0.00176535","gnomad_AF_nfe_pass","99.53872534839519","0.4148973020092357","40.27","-1.0","1.0"
"8:49832979:T>G","NM_003068.5:c.101A>C","NP_003059.1:p.Tyr34Ser","Unknown significance","null","missense_variant","2/3","null","34","MODERATE","22.9","null","0.011564","gnomad_AF_amr_pass","99.53872534839519","0.4148973020092357","40.27","-1.1","1.1"
"8:49832983:G>C","NM_003068.5:c.97C>G","NP_003059.1:p.Leu33Val","Unknown significance","null","missense_variant","2/3","null","33","MODERATE","22.5","null","0.00176707","gnomad_AF_nfe_pass","145.19868331599858","0.752905145152554","37.67","-0.1","0.1"
"8:49832989:G>T","NM_003068.5:c.91C>A","NP_003059.1:p.Pro31Thr","Unknown significance","null","missense_variant","2/3","null","31","MODERATE","23.4","null","0","null","1.2201123552547575","0.007756589332675976","43.58","0.1","0.1"
"8:49833749:T>C","NM_003068.5:c.76A>G","NP_003059.1:p.Thr26Ala","Unknown significance","null","missense_variant","1/3","null","26","MODERATE","21.5","null","0","gnomad_AF_afr_pass,gnomad_AF_amr_pass,gnomad_AF_eas_pass,gnomad_AF_nfe_pass,gnomad_AF_sas_pass","69.08755640048246","0.4391039445849047","42.16","-0.3","0.3"
"8:49833750:A>C","NM_003068.5:c.75T>G","NP_003059.1:p.His25Gln","Unknown significance","null","missense_variant","1/3","null","25","MODERATE","14.88","null","0.000895913","gnomad_AF_nfe_pass","87.42510689499102","0.425628624326108","39.6","-0.3","0.3"
"8:49833764:C>T","NM_003068.5:c.61G>A","NP_003059.1:p.Glu21Lys","Unknown significance","null","missense_variant","1/3","null","21","MODERATE","27.0","null","0.00615157","gnomad_AF_afr_pass","105.92400170841655","0.5424466755088307","28.57","-0.0","0.0"
"8:49833772:T>G","NM_003068.5:c.53A>C","NP_003059.1:p.Asn18Thr","Unknown significance","null","missense_variant","1/3","null","18","MODERATE","26.6","null","0","null","90.97768686949867","0.5692256980309075","26.56","-0.0","0.0"
"8:49833781:T>C","NM_003068.5:c.44A>G","NP_003059.1:p.Lys15Arg","Unknown significance","null","missense_variant","1/3","null","15","MODERATE","21.4","null","0.00289084","gnomad_AF_amr_pass","157.34896032656047","0.6647197676568775","30.42","0.4","0.4"
"8:49833787:G>A","NM_003068.5:c.38C>T","NP_003059.1:p.Ala13Val","Unknown significance","null","missense_variant","1/3","null","13","MODERATE","25.0","null","0.000893049","gnomad_AF_nfe_pass","96.68590236686669","0.7603561121913449","31.32","0.0","0.0"
"8:49833789:G>C","NM_003068.5:c.36C>G","NP_003059.1:p.Asn12Lys","Unknown significance","null","missense_variant","1/3","null","12","MODERATE","23.1","null","0.00543656","gnomad_AF_eas_pass","90.01746757809678","0.5632178348369903","26.73","-0.2","0.2"
"8:49833790:T>C","NM_003068.5:c.35A>G","NP_003059.1:p.Asn12Ser","Unknown significance","null","missense_variant","1/3","null","12","MODERATE","20.2","null","0.00178555","gnomad_AF_nfe_pass","90.01746757809678","0.5632178348369903","26.73","0.1","0.1"
"8:49833791:T>C","NM_003068.5:c.34A>G","NP_003059.1:p.Asn12Asp","Unknown significance","null","missense_variant","1/3","null","12","MODERATE","23.4","null","0.00470795","gnomad_AF_nfe_pass","90.01746757809678","0.5632178348369903","26.73","-0.1","0.1"
"8:49833806:C>T","NM_003068.5:c.19G>A","NP_003059.1:p.Val7Ile","Unknown significance","null","missense_variant","1/3","null","7","MODERATE","28.2","null","0.000891917","gnomad_AF_nfe_pass","108.84593811945525","0.6332224214331609","27.1","-0.2","0.2"
"8:49833814:G>A","NM_003068.5:c.11C>T","NP_003059.1:p.Ser4Phe","Unknown significance","null","missense_variant","1/3","null","4","MODERATE","31","null","0.00543656","gnomad_AF_eas_pass","126.05255858684978","0.9140389956931168","27.77","0.0","0.0"