{"applied_filters": "CONTAINS missense_variant[Consequence]"},
"Genomic Description (GRCh37)","HGVS Nucleotide Change","HGVS Protein Change","Variant Classification","Phenotype","Consequence","Exon","Intron","Protein Position","Impact","CADD Phred","Interpro Domain","Max MAF (%)","Max MAF Source","Surface Area","Normalized SA","Confidence Score","ddG","|ddG|"
"16:3063367:G>T","NM_020982.4:c.4G>T","NP_066192.1:p.Ala2Ser","Unknown significance","null","missense_variant","1/1","null","2","MODERATE","19.53","null","0","null","5.75674045804859","0.04527208917146604","57.33","-0.6","0.6"
"16:3063371:C>T","NM_020982.4:c.8C>T","NP_066192.1:p.Ser3Leu","Unknown significance","null","missense_variant","1/1","null","3","MODERATE","22.8","null","0.042331","gnomad_AF_nfe_pass","62.52032073886461","0.4533506643515684","75.92","0.5","0.5"
"16:3063376:G>A","NM_020982.4:c.13G>A","NP_066192.1:p.Gly5Ser","Unknown significance","null","missense_variant","1/1","null","5","MODERATE","23.3","null","0.0501807","gnomad_AF_eas_pass","57.032609695982764","0.5981635017855434","86.89","0.2","0.2"
"16:3063377:G>T","NM_020982.4:c.14G>T","NP_066192.1:p.Gly5Val","Unknown significance","null","missense_variant","1/1","null","5","MODERATE","22.5","null","0.000888573","gnomad_AF_nfe_pass","57.032609695982764","0.5981635017855434","86.89","0.6","0.6"
"16:3063386:T>A","NM_020982.4:c.23T>A","NP_066192.1:p.Leu8Gln","Unknown significance","null","missense_variant","1/1","null","8","MODERATE","25.1","null","0.00289603","gnomad_AF_amr_pass","100.22270777229637","0.5196892328469794","90.96","-1.2","1.2"
"16:3063386:T>G","NM_020982.4:c.23T>G","NP_066192.1:p.Leu8Arg","Unknown significance","null","missense_variant","1/1","null","8","MODERATE","25.3","null","0.00326926","gnomad_AF_sas_pass","100.22270777229637","0.5196892328469794","90.96","-1.0","1.0"
"16:3063392:G>T","NM_020982.4:c.29G>T","NP_066192.1:p.Gly10Val","Unknown significance","null","missense_variant","1/1","null","10","MODERATE","26.0","null","0.00619272","gnomad_AF_afr_pass","0.0","0.0","93.79","2.1","2.1"
"16:3063394:A>G","NM_020982.4:c.31A>G","NP_066192.1:p.Met11Val","Unknown significance","null","missense_variant","1/1","null","11","MODERATE","17.27","null","0.00619502","gnomad_AF_afr_pass","20.878464820036264","0.09642154989843249","93.54","0.5","0.5"
"16:3063395:T>C","NM_020982.4:c.32T>C","NP_066192.1:p.Met11Thr","Unknown significance","null","missense_variant","1/1","null","11","MODERATE","22.3","null","0.00653723","gnomad_AF_sas_pass","20.878464820036264","0.09642154989843249","93.54","-1.5","1.5"
"16:3063396:G>A","NM_020982.4:c.33G>A","NP_066192.1:p.Met11Ile","Unknown significance","null","missense_variant","1/1","null","11","MODERATE","16.15","null","0.00326861","gnomad_AF_sas_pass","20.878464820036264","0.09642154989843249","93.54","0.8","0.8"
"16:3063407:T>G","NM_020982.4:c.44T>G","NP_066192.1:p.Val15Gly","Unknown significance","null","missense_variant","1/1","null","15","MODERATE","24.1","null","0.00289369","gnomad_AF_amr_pass","61.14538807671169","0.3557195736134235","96.9","-2.5","2.5"
"16:3063413:G>A","NM_020982.4:c.50G>A","NP_066192.1:p.Gly17Asp","Unknown significance","null","missense_variant","1/1","null","17","MODERATE","27.6","null","0.0160746","gnomad_AF_afr_pass","0.0","0.0","97.06","-1.5","1.5"
"16:3063413:G>C","NM_020982.4:c.50G>C","NP_066192.1:p.Gly17Ala","Unknown significance","null","missense_variant","1/1","null","17","MODERATE","26.2","null","0.0202558","gnomad_AF_amr_pass","0.0","0.0","97.06","1.4","1.4"
"16:3063436:T>C","NM_020982.4:c.73T>C","NP_066192.1:p.Cys25Arg","Unknown significance","null","missense_variant","1/1","null","25","MODERATE","24.9","null","0.00264788","gnomad_AF_nfe_pass","4.8302921493924895","0.03125835988823314","93.19","-1.1","1.1"
"16:3063438:C>G","NM_020982.4:c.75C>G","NP_066192.1:p.Cys25Trp","Unknown significance","null","missense_variant","1/1","null","25","MODERATE","19.97","null","0.0351018","gnomad_AF_eas_pass","4.8302921493924895","0.03125835988823314","93.19","0.6","0.6"
"16:3063439:G>A","NM_020982.4:c.76G>A","NP_066192.1:p.Ala26Thr","Unknown significance","null","missense_variant","1/1","null","26","MODERATE","21.9","null","0.00616903","gnomad_AF_afr_pass","65.236955849002","0.5130356846888585","92.57","-0.1","0.1"
"16:3063454:A>C","NM_020982.4:c.91A>C","NP_066192.1:p.Lys31Gln","Unknown significance","null","missense_variant","1/1","null","31","MODERATE","23.1","null","0","null","8.244706065794237","0.03482971281843862","89.5","0.4","0.4"
"16:3063455:A>G","NM_020982.4:c.92A>G","NP_066192.1:p.Lys31Arg","Unknown significance","null","missense_variant","1/1","null","31","MODERATE","16.96","null","0.00088213","gnomad_AF_nfe_pass","8.244706065794237","0.03482971281843862","89.5","1.2","1.2"
"16:3063457:G>A","NM_020982.4:c.94G>A","NP_066192.1:p.Val32Met","Unknown significance","null","missense_variant","1/1","null","32","MODERATE","26.5","null","0.010879","gnomad_AF_eas_pass","7.195162306500462","0.041858595525416854","89.44","-0.5","0.5"
"16:3063457:G>T","NM_020982.4:c.94G>T","NP_066192.1:p.Val32Leu","Unknown significance","null","missense_variant","1/1","null","32","MODERATE","25.9","null","0","gnomad_AF_afr_pass,gnomad_AF_sas_pass,gnomad_AF_amr_pass,gnomad_AF_eas_pass,gnomad_AF_nfe_pass","7.195162306500462","0.041858595525416854","89.44","-0.3","0.3"
"16:3063461:C>T","NM_020982.4:c.98C>T","NP_066192.1:p.Thr33Ile","Unknown significance","null","missense_variant","1/1","null","33","MODERATE","25.0","null","0.00648508","gnomad_AF_nfe_pass","0.9325323022119348","0.005926951736148589","85.21","0.9","0.9"
"16:3063463:G>A","NM_020982.4:c.100G>A","NP_066192.1:p.Ala34Thr","Unknown significance","null","missense_variant","1/1","null","34","MODERATE","27.6","null","0.00088185","gnomad_AF_nfe_pass","8.982382910646535","0.07063914780707146","79.49","0.1","0.1"
"16:3063463:G>T","NM_020982.4:c.100G>T","NP_066192.1:p.Ala34Ser","Unknown significance","null","missense_variant","1/1","null","34","MODERATE","26.3","null","0.00326627","gnomad_AF_sas_pass","8.982382910646535","0.07063914780707146","79.49","-0.3","0.3"
"16:3063466:T>A","NM_020982.4:c.103T>A","NP_066192.1:p.Phe35Ile","Unknown significance","null","missense_variant","1/1","null","35","MODERATE","25.4","null","0.00088171","gnomad_AF_nfe_pass","54.67668614126751","0.23798300634483177","70.53","-0.3","0.3"
"16:3063469:A>C","NM_020982.4:c.106A>C","NP_066192.1:p.Ile36Leu","Unknown significance","null","missense_variant","1/1","null","36","MODERATE","23.2","null","0.0114943","gnomad_AF_afr_pass","112.2592692148493","0.5722879371095473","60.87","-0.1","0.1"
"16:3063470:T>C","NM_020982.4:c.107T>C","NP_066192.1:p.Ile36Thr","Unknown significance","null","missense_variant","1/1","null","36","MODERATE","25.3","null","0.0310489","gnomad_AF_amr_pass","112.2592692148493","0.5722879371095473","60.87","-0.4","0.4"
"16:3063472:G>A","NM_020982.4:c.109G>A","NP_066192.1:p.Gly37Ser","Unknown significance","null","missense_variant","1/1","null","37","MODERATE","25.7","null","0.00352584","gnomad_AF_nfe_pass","31.391128388524862","0.32923317698369714","59.55","0.1","0.1"
"16:3063472:G>C","NM_020982.4:c.109G>C","NP_066192.1:p.Gly37Arg","Unknown significance","null","missense_variant","1/1","null","37","MODERATE","25.9","null","0.00289184","gnomad_AF_amr_pass","31.391128388524862","0.32923317698369714","59.55","0.4","0.4"
"16:3063473:G>A","NM_020982.4:c.110G>A","NP_066192.1:p.Gly37Asp","Unknown significance","null","missense_variant","1/1","null","37","MODERATE","24.1","null","0.00326648","gnomad_AF_sas_pass","31.391128388524862","0.32923317698369714","59.55","-0.1","0.1"
"16:3063484:G>A","NM_020982.4:c.121G>A","NP_066192.1:p.Val41Met","Unknown significance","null","missense_variant","1/1","null","41","MODERATE","26.2","null","0.0123138","gnomad_AF_afr_pass","169.5023168252726","0.9860971328193749","61.92","-0.0","0.0"
"16:3063484:G>T","NM_020982.4:c.121G>T","NP_066192.1:p.Val41Leu","Unknown significance","null","missense_variant","1/1","null","41","MODERATE","22.8","null","0","null","169.5023168252726","0.9860971328193749","61.92","-0.0","0.0"
"16:3063487:G>C","NM_020982.4:c.124G>C","NP_066192.1:p.Val42Leu","Unknown significance","null","missense_variant","1/1","null","42","MODERATE","24.6","null","0.0158601","gnomad_AF_nfe_pass","51.79221414980614","0.30130652389924206","63.39","-0.1","0.1"
"16:3063499:G>T","NM_020982.4:c.136G>T","NP_066192.1:p.Val46Leu","Unknown significance","null","missense_variant","1/1","null","46","MODERATE","22.5","null","0.0202429","gnomad_AF_amr_pass","15.221508316294887","0.08855268759162295","88.04","0.0","0.0"
"16:3063500:T>G","NM_020982.4:c.137T>G","NP_066192.1:p.Val46Gly","Unknown significance","null","missense_variant","1/1","null","46","MODERATE","23.8","null","0.000881197","gnomad_AF_nfe_pass","15.221508316294887","0.08855268759162295","88.04","-2.5","2.5"
"16:3063504:G>C","NM_020982.4:c.141G>C","NP_066192.1:p.Trp47Cys","Unknown significance","null","missense_variant","1/1","null","47","MODERATE","29.9","null","0.00289184","gnomad_AF_amr_pass","71.30260942223025","0.2718068897674712","90.83","-1.3","1.3"
"16:3063507:G>C","NM_020982.4:c.144G>C","NP_066192.1:p.Glu48Asp","Unknown significance","null","missense_variant","1/1","null","48","MODERATE","21.7","null","0.0320718","gnomad_AF_afr_pass","27.39981743805412","0.14031701634286312","89.41","-0.3","0.3"
"16:3063509:G>A","NM_020982.4:c.146G>A","NP_066192.1:p.Gly49Asp","Unknown significance","null","missense_variant","1/1","null","49","MODERATE","28.7","Claudin&_conserved_site","0.00801925","gnomad_AF_afr_pass","0.0","0.0","91.14","-1.7","1.7"
"16:3063521:C>A","NM_020982.4:c.158C>A","NP_066192.1:p.Ser53Tyr","Unknown significance","null","missense_variant","1/1","null","53","MODERATE","23.6","Claudin&_conserved_site","0.0197606","gnomad_AF_amr_pass","21.96165629073348","0.15924952642598414","90.08","1.5","1.5"
"16:3063521:C>T","NM_020982.4:c.158C>T","NP_066192.1:p.Ser53Phe","Unknown significance","null","missense_variant","1/1","null","53","MODERATE","23.9","Claudin&_conserved_site","0.00232764","gnomad_AF_nfe_pass","21.96165629073348","0.15924952642598414","90.08","1.6","1.6"
"16:3063524:G>C","NM_020982.4:c.161G>C","NP_066192.1:p.Cys54Ser","Unknown significance","null","missense_variant","1/1","null","54","MODERATE","26.9","Claudin&_conserved_site","0.00176246","gnomad_AF_nfe_pass","2.886130049993641","0.01867706734846091","91.58","-4.3","4.3"
"16:3063526:G>A","NM_020982.4:c.163G>A","NP_066192.1:p.Val55Met","Unknown significance","null","missense_variant","1/1","null","55","MODERATE","27.4","Claudin&_conserved_site","0.00543951","gnomad_AF_eas_pass","32.07942559223452","0.18662535233428992","89.17","-0.3","0.3"
"16:3063533:A>G","NM_020982.4:c.170A>G","NP_066192.1:p.Gln57Arg","Unknown significance","null","missense_variant","1/1","null","57","MODERATE","25.7","Claudin&_conserved_site","0","null","16.967202660123554","0.08580054007183531","84.77","0.3","0.3"
"16:3063536:G>A","NM_020982.4:c.173G>A","NP_066192.1:p.Ser58Asn","Unknown significance","null","missense_variant","1/1","null","58","MODERATE","25.8","Claudin&_conserved_site","0.00289235","gnomad_AF_amr_pass","103.959711415416","0.7538381709977144","80.11","-0.0","0.0"
"16:3063539:C>T","NM_020982.4:c.176C>T","NP_066192.1:p.Thr59Met","Unknown significance","null","missense_variant","1/1","null","59","MODERATE","25.3","Claudin&_conserved_site","0.0490004","gnomad_AF_sas_pass","94.5078748518057","0.6006693940831666","80.7","-0.0","0.0"
"16:3063541:G>A","NM_020982.4:c.178G>A","NP_066192.1:p.Gly60Ser","Unknown significance","null","missense_variant","1/1","null","60","MODERATE","23.2","Claudin&_conserved_site","0.0217533","gnomad_AF_eas_pass","81.37415865808228","0.8534600109873536","80.61","0.0","0.0"
"16:3063541:G>C","NM_020982.4:c.178G>C","NP_066192.1:p.Gly60Arg","Unknown significance","null","missense_variant","1/1","null","60","MODERATE","23.2","Claudin&_conserved_site","0.00615764","gnomad_AF_afr_pass","81.37415865808228","0.8534600109873536","80.61","0.1","0.1"
"16:3063553:T>C","NM_020982.4:c.190T>C","NP_066192.1:p.Cys64Arg","Unknown significance","null","missense_variant","1/1","null","64","MODERATE","26.7","Claudin&_conserved_site","0.00176345","gnomad_AF_nfe_pass","73.65642056760066","0.4766541714191535","92.04","-1.9","1.9"
"16:3063556:A>G","NM_020982.4:c.193A>G","NP_066192.1:p.Lys65Glu","Unknown significance","null","missense_variant","1/1","null","65","MODERATE","26.5","null","0.00326712","gnomad_AF_sas_pass","141.7220023598765","0.5987037746230516","90.21","-0.0","0.0"
"16:3063557:A>C","NM_020982.4:c.194A>C","NP_066192.1:p.Lys65Thr","Unknown significance","null","missense_variant","1/1","null","65","MODERATE","25.7","null","0.00088171","gnomad_AF_nfe_pass","141.7220023598765","0.5987037746230516","90.21","0.2","0.2"
"16:3063559:G>C","NM_020982.4:c.196G>C","NP_066192.1:p.Val66Leu","Unknown significance","null","missense_variant","1/1","null","66","MODERATE","22.0","null","0.000881554","gnomad_AF_nfe_pass","93.86813611855955","0.546087520355411","89.49","-0.1","0.1"
"16:3063565:G>A","NM_020982.4:c.202G>A","NP_066192.1:p.Asp68Asn","Unknown significance","null","missense_variant","1/1","null","68","MODERATE","25.1","null","0.00326733","gnomad_AF_sas_pass","125.37931800471051","0.7837194861847","73.41","0.0","0.0"
"16:3063568:T>C","NM_020982.4:c.205T>C","NP_066192.1:p.Ser69Pro","Unknown significance","null","missense_variant","1/1","null","69","MODERATE","24.7","null","0.00326733","gnomad_AF_sas_pass","63.102503876137725","0.4575722215818879","70.89","-0.2","0.2"
"16:3063569:C>T","NM_020982.4:c.206C>T","NP_066192.1:p.Ser69Leu","Unknown significance","null","missense_variant","1/1","null","69","MODERATE","26.6","null","0.000881648","gnomad_AF_nfe_pass","63.102503876137725","0.4575722215818879","70.89","0.4","0.4"
"16:3063574:C>G","NM_020982.4:c.211C>G","NP_066192.1:p.Leu71Val","Unknown significance","null","missense_variant","1/1","null","71","MODERATE","23.7","null","0.00326712","gnomad_AF_sas_pass","200.22353988877612","1.0382279640569372","65.78","-0.1","0.1"
"16:3063583:C>T","NM_020982.4:c.220C>T","NP_066192.1:p.Pro74Ser","Likely benign","null","missense_variant","1/1","null","74","MODERATE","18.12","null","0.0054401","gnomad_AF_eas_pass","60.251604798783234","0.3830359991406442","78.36","-0.5","0.5"
"16:3063584:C>T","NM_020982.4:c.221C>T","NP_066192.1:p.Pro74Leu","Unknown significance","null","missense_variant","1/1","null","74","MODERATE","24.4","null","0.0200582","gnomad_AF_eas_pass","60.251604798783234","0.3830359991406442","78.36","0.0","0.0"
"16:3063589:G>C","NM_020982.4:c.226G>C","NP_066192.1:p.Asp76His","Unknown significance","null","missense_variant","1/1","null","76","MODERATE","24.3","null","0.00616219","gnomad_AF_afr_pass","18.996461459997597","0.11874284572354615","80.75","0.9","0.9"
"16:3063601:G>A","NM_020982.4:c.238G>A","NP_066192.1:p.Ala80Thr","Unknown significance","null","missense_variant","1/1","null","80","MODERATE","23.7","null","0.0163324","gnomad_AF_sas_pass","0.0","0.0","90.9","-0.1","0.1"
"16:3063601:G>T","NM_020982.4:c.238G>T","NP_066192.1:p.Ala80Ser","Unknown significance","null","missense_variant","1/1","null","80","MODERATE","22.3","null","0.0359313","gnomad_AF_sas_pass","0.0","0.0","90.9","-0.9","0.9"
"16:3063604:C>A","NM_020982.4:c.241C>A","NP_066192.1:p.Arg81Ser","Unknown significance","null","missense_variant","1/1","null","81","MODERATE","22.9","null","0.00543723","gnomad_AF_nfe_pass","24.33397867198132","0.0903179967988983","91.29","-1.2","1.2"
"16:3063604:C>T","NM_020982.4:c.241C>T","NP_066192.1:p.Arg81Cys","Unknown significance","null","missense_variant","1/1","null","81","MODERATE","23.6","null","0.00401123","gnomad_AF_afr_pass","24.33397867198132","0.0903179967988983","91.29","-0.4","0.4"
"16:3063605:G>A","NM_020982.4:c.242G>A","NP_066192.1:p.Arg81His","Unknown significance","null","missense_variant","1/1","null","81","MODERATE","24.7","null","0.00326648","gnomad_AF_sas_pass","24.33397867198132","0.0903179967988983","91.29","-0.3","0.3"
"16:3063607:G>A","NM_020982.4:c.244G>A","NP_066192.1:p.Ala82Thr","Unknown significance","null","missense_variant","1/1","null","82","MODERATE","24.5","null","0.0054401","gnomad_AF_eas_pass","50.9698395938607","0.40083640038390367","91.97","-0.4","0.4"
"16:3063611:T>G","NM_020982.4:c.248T>G","NP_066192.1:p.Leu83Arg","Unknown significance","null","missense_variant","1/1","null","83","MODERATE","24.7","null","0.00088199","gnomad_AF_nfe_pass","40.963951276333944","0.21241218568496528","93.96","-2.8","2.8"
"16:3063614:G>A","NM_020982.4:c.251G>A","NP_066192.1:p.Cys84Tyr","Unknown significance","null","missense_variant","1/1","null","84","MODERATE","18.47","null","0.000881974","gnomad_AF_nfe_pass","0.019711028744496144","1.2755634881013575E-4","93.14","0.9","0.9"
"16:3063619:A>C","NM_020982.4:c.256A>C","NP_066192.1:p.Ile86Leu","Likely benign","null","missense_variant","1/1","null","86","MODERATE","0.629","null","0","gnomad_AF_afr_pass,gnomad_AF_sas_pass,gnomad_AF_amr_pass,gnomad_AF_eas_pass,gnomad_AF_nfe_pass","86.19398643834748","0.43940940498769304","95.51","-0.1","0.1"
"16:3063619:A>G","NM_020982.4:c.256A>G","NP_066192.1:p.Ile86Val","Benign","null","missense_variant","1/1","null","86","MODERATE","0.022","null","0.556614","gnomad_AF_eas_pass","86.19398643834748","0.43940940498769304","95.51","-0.2","0.2"
"16:3063620:T>C","NM_020982.4:c.257T>C","NP_066192.1:p.Ile86Thr","Likely benign","null","missense_variant","1/1","null","86","MODERATE","12.70","null","0.00465925","gnomad_AF_nfe_pass","86.19398643834748","0.43940940498769304","95.51","-1.5","1.5"
"16:3063625:C>G","NM_020982.4:c.262C>G","NP_066192.1:p.Leu88Val","Unknown significance","null","missense_variant","1/1","null","88","MODERATE","16.59","null","0.00578536","gnomad_AF_amr_pass","13.38117316591513","0.06938598818330134","96.3","-0.2","0.2"
"16:3063626:T>C","NM_020982.4:c.263T>C","NP_066192.1:p.Leu88Pro","Unknown significance","null","missense_variant","1/1","null","88","MODERATE","24.5","null","0.00616219","gnomad_AF_afr_pass","13.38117316591513","0.06938598818330134","96.3","-3.6","3.6"
"16:3063634:G>A","NM_020982.4:c.271G>A","NP_066192.1:p.Ala91Thr","Unknown significance","null","missense_variant","1/1","null","91","MODERATE","19.53","null","0","null","0.0","0.0","96.68","-0.6","0.6"
"16:3063643:G>C","NM_020982.4:c.280G>C","NP_066192.1:p.Gly94Arg","Unknown significance","null","missense_variant","1/1","null","94","MODERATE","25.0","null","0.00616219","gnomad_AF_afr_pass","0.0","0.0","95.41","0.3","0.3"
"16:3063647:T>C","NM_020982.4:c.284T>C","NP_066192.1:p.Leu95Pro","Unknown significance","null","missense_variant","1/1","null","95","MODERATE","25.0","null","0","null","10.469513757727105","0.054288032063508775","95.32","-3.9","3.9"
"16:3063650:T>G","NM_020982.4:c.287T>G","NP_066192.1:p.Leu96Arg","Unknown significance","null","missense_variant","1/1","null","96","MODERATE","25.0","null","0.00264751","gnomad_AF_nfe_pass","101.66866194652357","0.5271870028857144","94.31","-1.3","1.3"
"16:3063652:G>A","NM_020982.4:c.289G>A","NP_066192.1:p.Val97Met","Likely benign","null","missense_variant","1/1","null","97","MODERATE","11.69","null","0.000882457","gnomad_AF_nfe_pass","39.38840985852484","0.229146118798151","92.81","-0.5","0.5"
"16:3063653:T>G","NM_020982.4:c.290T>G","NP_066192.1:p.Val97Gly","Unknown significance","null","missense_variant","1/1","null","97","MODERATE","23.6","null","0.00088255","gnomad_AF_nfe_pass","39.38840985852484","0.229146118798151","92.81","-3.4","3.4"
"16:3063655:G>T","NM_020982.4:c.292G>T","NP_066192.1:p.Ala98Ser","Unknown significance","null","missense_variant","1/1","null","98","MODERATE","15.23","null","0.0115667","gnomad_AF_amr_pass","0.0","0.0","91.75","-1.5","1.5"
"16:3063660:C>G","NM_020982.4:c.297C>G","NP_066192.1:p.Ile99Met","Unknown significance","null","missense_variant","1/1","null","99","MODERATE","16.33","null","0","null","92.03820222397457","0.4692027059718506","90.88","-0.5","0.5"
"16:3063664:G>T","NM_020982.4:c.301G>T","NP_066192.1:p.Gly101Cys","Unknown significance","null","missense_variant","1/1","null","101","MODERATE","25.7","null","0.0424642","gnomad_AF_sas_pass","0.0","0.0","83.74","0.8","0.8"
"16:3063667:G>A","NM_020982.4:c.304G>A","NP_066192.1:p.Ala102Thr","Unknown significance","null","missense_variant","1/1","null","102","MODERATE","25.0","null","0.000882581","gnomad_AF_nfe_pass","5.398753213083631","0.04245681017905601","82.99","0.0","0.0"
"16:3063673:T>C","NM_020982.4:c.310T>C","NP_066192.1:p.Cys104Arg","Unknown significance","null","missense_variant","1/1","null","104","MODERATE","23.7","null","0.00326627","gnomad_AF_sas_pass","96.3718175603845","0.6236527446408228","70.61","-0.9","0.9"
"16:3063677:C>T","NM_020982.4:c.314C>T","NP_066192.1:p.Thr105Ile","Unknown significance","null","missense_variant","1/1","null","105","MODERATE","24.2","null","0.00176479","gnomad_AF_nfe_pass","30.409917364237874","0.1932781439212198","75.35","1.0","1.0"
"16:3063680:C>T","NM_020982.4:c.317C>T","NP_066192.1:p.Thr106Met","Unknown significance","null","missense_variant","1/1","null","106","MODERATE","22.9","null","0.0195989","gnomad_AF_sas_pass","135.60534565544236","0.8618750653003033","71.47","0.1","0.1"
"16:3063682:T>C","NM_020982.4:c.319T>C","NP_066192.1:p.Cys107Arg","Unknown significance","null","missense_variant","1/1","null","107","MODERATE","24.5","null","0.00326648","gnomad_AF_sas_pass","106.39887167375309","0.6885410073795236","72.94","-0.4","0.4"
"16:3063683:G>T","NM_020982.4:c.320G>T","NP_066192.1:p.Cys107Phe","Unknown significance","null","missense_variant","1/1","null","107","MODERATE","21.9","null","0.195508","gnomad_AF_eas_pass","106.39887167375309","0.6885410073795236","72.94","0.1","0.1"
"16:3063685:G>A","NM_020982.4:c.322G>A","NP_066192.1:p.Val108Met","Unknown significance","null","missense_variant","1/1","null","108","MODERATE","22.5","null","0.000882675","gnomad_AF_nfe_pass","26.79482890977008","0.15588166850572768","75.18","-0.1","0.1"
"16:3063693:C>G","NM_020982.4:c.330C>G","NP_066192.1:p.Asp110Glu","Likely benign","null","missense_variant","1/1","null","110","MODERATE","0.009","null","0.15542","gnomad_AF_eas_pass","92.07003888714468","0.5755102573370787","81.13","0.0","0.0"
"16:3063694:G>A","NM_020982.4:c.331G>A","NP_066192.1:p.Glu111Lys","Unknown significance","null","missense_variant","1/1","null","111","MODERATE","15.76","null","0.0144609","gnomad_AF_amr_pass","80.40088604028851","0.41174042367258323","79.7","-0.3","0.3"
"16:3063697:G>C","NM_020982.4:c.334G>C","NP_066192.1:p.Gly112Arg","Likely benign","null","missense_variant","1/1","null","112","MODERATE","9.696","null","0.00615991","gnomad_AF_afr_pass","39.88590362635106","0.4183271975839355","81.33","0.9","0.9"
"16:3063698:G>A","NM_020982.4:c.335G>A","NP_066192.1:p.Gly112Asp","Likely benign","null","missense_variant","1/1","null","112","MODERATE","11.11","null","0.0120356","gnomad_AF_afr_pass","39.88590362635106","0.4183271975839355","81.33","0.5","0.5"
"16:3063709:C>T","NM_020982.4:c.346C>T","NP_066192.1:p.Arg116Cys","Unknown significance","null","missense_variant","1/1","null","116","MODERATE","24.3","null","0.0561888","gnomad_AF_afr_pass","203.40030650070096","0.7549405906473355","87.59","-0.1","0.1"
"16:3063710:G>A","NM_020982.4:c.347G>A","NP_066192.1:p.Arg116His","Unknown significance","null","missense_variant","1/1","null","116","MODERATE","24.3","null","0.0171036","gnomad_AF_nfe_pass","203.40030650070096","0.7549405906473355","87.59","-0.1","0.1"
"16:3063710:G>C","NM_020982.4:c.347G>C","NP_066192.1:p.Arg116Pro","Unknown significance","null","missense_variant","1/1","null","116","MODERATE","24.3","null","0.000883127","gnomad_AF_nfe_pass","203.40030650070096","0.7549405906473355","87.59","-0.3","0.3"
"16:3063712:A>C","NM_020982.4:c.349A>C","NP_066192.1:p.Ile117Leu","Likely benign","null","missense_variant","1/1","null","117","MODERATE","13.63","null","0","null","52.86130643782303","0.26948231736943956","91.27","0.0","0.0"
"16:3063714:C>G","NM_020982.4:c.351C>G","NP_066192.1:p.Ile117Met","Likely benign","null","missense_variant","1/1","null","117","MODERATE","9.310","null","0.000883626","gnomad_AF_nfe_pass","52.86130643782303","0.26948231736943956","91.27","-0.5","0.5"
"16:3063715:G>A","NM_020982.4:c.352G>A","NP_066192.1:p.Val118Met","Likely benign","null","missense_variant","1/1","null","118","MODERATE","4.026","null","0.00543892","gnomad_AF_eas_pass","0.08083047627642692","4.702395955022422E-4","91.49","-0.3","0.3"
"16:3063718:C>A","NM_020982.4:c.355C>A","NP_066192.1:p.Leu119Ile","Likely benign","null","missense_variant","1/1","null","119","MODERATE","14.56","null","0.000883314","gnomad_AF_nfe_pass","69.62421145938951","0.3610254985637868","91.4","0.0","0.0"
"16:3063724:G>A","NM_020982.4:c.361G>A","NP_066192.1:p.Ala121Thr","Unknown significance","null","missense_variant","1/1","null","121","MODERATE","22.5","null","0.00326712","gnomad_AF_sas_pass","0.0","0.0","94.2","-0.5","0.5"
"16:3063724:G>T","NM_020982.4:c.361G>T","NP_066192.1:p.Ala121Ser","Unknown significance","null","missense_variant","1/1","null","121","MODERATE","11.00","null","0","null","0.0","0.0","94.2","-1.1","1.1"
"16:3063725:C>T","NM_020982.4:c.362C>T","NP_066192.1:p.Ala121Val","Unknown significance","null","missense_variant","1/1","null","121","MODERATE","22.7","null","0.00803019","gnomad_AF_afr_pass","0.0","0.0","94.2","0.8","0.8"
"16:3063728:G>A","NM_020982.4:c.365G>A","NP_066192.1:p.Gly122Glu","Unknown significance","null","missense_variant","1/1","null","122","MODERATE","23.2","null","0.00326669","gnomad_AF_sas_pass","0.0","0.0","94.71","-1.3","1.3"
"16:3063731:T>C","NM_020982.4:c.368T>C","NP_066192.1:p.Val123Ala","Likely benign","null","missense_variant","1/1","null","123","MODERATE","12.01","null","0","null","71.20371244463354","0.4142349084238569","96.0","-1.2","1.2"
"16:3063737:T>A","NM_020982.4:c.374T>A","NP_066192.1:p.Leu125His","Unknown significance","null","missense_variant","1/1","null","125","MODERATE","23.8","null","0.00326691","gnomad_AF_sas_pass","0.0","0.0","96.92","-2.9","2.9"
"16:3063745:G>A","NM_020982.4:c.382G>A","NP_066192.1:p.Ala128Thr","Likely benign","null","missense_variant","1/1","null","128","MODERATE","11.52","null","0.000883704","gnomad_AF_nfe_pass","0.0","0.0","96.85","-0.9","0.9"
"16:3063745:G>C","NM_020982.4:c.382G>C","NP_066192.1:p.Ala128Pro","Likely benign","null","missense_variant","1/1","null","128","MODERATE","15.99","null","0.0200868","gnomad_AF_afr_pass","0.0","0.0","96.85","-2.0","2.0"
"16:3063746:C>T","NM_020982.4:c.383C>T","NP_066192.1:p.Ala128Val","Unknown significance","null","missense_variant","1/1","null","128","MODERATE","17.91","null","0.000883018","gnomad_AF_nfe_pass","0.0","0.0","96.85","0.8","0.8"
"16:3063748:G>A","NM_020982.4:c.385G>A","NP_066192.1:p.Gly129Ser","Unknown significance","null","missense_variant","1/1","null","129","MODERATE","23.1","null","0.336063","gnomad_AF_amr_pass","0.0","0.0","96.65","-0.1","0.1"
"16:3063760:C>G","NM_020982.4:c.397C>G","NP_066192.1:p.Leu133Val","Unknown significance","null","missense_variant","1/1","null","133","MODERATE","25.1","null","0","null","43.148099166774365","0.22373774420196527","95.71","-0.5","0.5"
"16:3063766:C>T","NM_020982.4:c.403C>T","NP_066192.1:p.Pro135Ser","Unknown significance","null","missense_variant","1/1","null","135","MODERATE","25.4","null","0.00353294","gnomad_AF_nfe_pass","0.1822911008787629","0.001158874592514671","93.74","-0.6","0.6"
"16:3063769:G>A","NM_020982.4:c.406G>A","NP_066192.1:p.Val136Met","Unknown significance","null","missense_variant","1/1","null","136","MODERATE","24.8","null","0.00264976","gnomad_AF_nfe_pass","0.03339371633147268","1.9427137366265782E-4","94.41","-1.2","1.2"
"16:3063776:G>T","NM_020982.4:c.413G>T","NP_066192.1:p.Trp138Leu","Unknown significance","null","missense_variant","1/1","null","138","MODERATE","28.3","null","0.00617208","gnomad_AF_afr_pass","136.23756435560708","0.5193401607185528","93.97","-0.6","0.6"
"16:3063779:C>A","NM_020982.4:c.416C>A","NP_066192.1:p.Thr139Lys","Unknown significance","null","missense_variant","1/1","null","139","MODERATE","27.0","null","0","null","0.0","0.0","91.44","-1.2","1.2"
"16:3063779:C>T","NM_020982.4:c.416C>T","NP_066192.1:p.Thr139Met","Unknown significance","null","missense_variant","1/1","null","139","MODERATE","23.1","null","0.0490036","gnomad_AF_sas_pass","0.0","0.0","91.44","1.3","1.3"
"16:3063781:G>A","NM_020982.4:c.418G>A","NP_066192.1:p.Ala140Thr","Unknown significance","null","missense_variant","1/1","null","140","MODERATE","28.5","null","0","null","6.4898880285600296","0.051037699490345804","92.84","-0.3","0.3"
"16:3063781:G>T","NM_020982.4:c.418G>T","NP_066192.1:p.Ala140Ser","Unknown significance","null","missense_variant","1/1","null","140","MODERATE","27.4","null","0.00442478","gnomad_AF_nfe_pass","6.4898880285600296","0.051037699490345804","92.84","-0.9","0.9"
"16:3063782:C>T","NM_020982.4:c.419C>T","NP_066192.1:p.Ala140Val","Unknown significance","null","missense_variant","1/1","null","140","MODERATE","29.0","null","0.00617513","gnomad_AF_afr_pass","6.4898880285600296","0.051037699490345804","92.84","0.7","0.7"
"16:3063784:C>G","NM_020982.4:c.421C>G","NP_066192.1:p.His141Asp","Unknown significance","null","missense_variant","1/1","null","141","MODERATE","23.5","null","0.00265595","gnomad_AF_nfe_pass","87.55653911470355","0.4262685013231766","93.37","-0.8","0.8"
"16:3063785:A>C","NM_020982.4:c.422A>C","NP_066192.1:p.His141Pro","Unknown significance","null","missense_variant","1/1","null","141","MODERATE","26.3","null","0.00326648","gnomad_AF_sas_pass","87.55653911470355","0.4262685013231766","93.37","-0.6","0.6"
"16:3063787:G>A","NM_020982.4:c.424G>A","NP_066192.1:p.Ala142Thr","Unknown significance","null","missense_variant","1/1","null","142","MODERATE","19.36","null","0.00155872","gnomad_AF_nfe_pass","10.495087388868814","0.08253534019705622","90.21","0.2","0.2"
"16:3063787:G>T","NM_020982.4:c.424G>T","NP_066192.1:p.Ala142Ser","Unknown significance","null","missense_variant","1/1","null","142","MODERATE","20.8","null","0.000885677","gnomad_AF_nfe_pass","10.495087388868814","0.08253534019705622","90.21","-0.3","0.3"
"16:3063788:C>T","NM_020982.4:c.425C>T","NP_066192.1:p.Ala142Val","Unknown significance","null","missense_variant","1/1","null","142","MODERATE","22.2","null","0.00289352","gnomad_AF_amr_pass","10.495087388868814","0.08253534019705622","90.21","1.0","1.0"
"16:3063799:G>T","NM_020982.4:c.436G>T","NP_066192.1:p.Asp146Tyr","Unknown significance","null","missense_variant","1/1","null","146","MODERATE","29.8","null","0","null","26.62399294633705","0.1664209249511504","87.39","1.2","1.2"
"16:3063805:T>G","NM_020982.4:c.442T>G","NP_066192.1:p.Tyr148Asp","Unknown significance","null","missense_variant","1/1","null","148","MODERATE","27.0","null","0.00177907","gnomad_AF_nfe_pass","175.05875759672398","0.7296798905727656","88.47","-0.8","0.8"
"16:3063815:T>C","NM_020982.4:c.452T>C","NP_066192.1:p.Leu151Pro","Unknown significance","null","missense_variant","1/1","null","151","MODERATE","28.9","null","0.00326733","gnomad_AF_sas_pass","188.9017766400539","0.9795207250690281","88.73","-0.1","0.1"
"16:3063817:G>A","NM_020982.4:c.454G>A","NP_066192.1:p.Val152Met","Unknown significance","null","missense_variant","1/1","null","152","MODERATE","23.4","null","0.000894454","gnomad_AF_nfe_pass","30.849278251649327","0.17946884386752437","82.51","0.0","0.0"
"16:3063817:G>T","NM_020982.4:c.454G>T","NP_066192.1:p.Val152Leu","Unknown significance","null","missense_variant","1/1","null","152","MODERATE","19.94","null","0.00235845","gnomad_AF_nfe_pass","30.849278251649327","0.17946884386752437","82.51","0.0","0.0"
"16:3063826:G>A","NM_020982.4:c.463G>A","NP_066192.1:p.Ala155Thr","Unknown significance","null","missense_variant","1/1","null","155","MODERATE","23.3","null","0.00326797","gnomad_AF_sas_pass","13.317476918012991","0.1047311420351228","72.75","0.3","0.3"
"16:3063829:C>T","NM_020982.4:c.466C>T","NP_066192.1:p.Leu156Phe","Unknown significance","null","missense_variant","1/1","null","156","MODERATE","25.7","null","0.00289855","gnomad_AF_amr_pass","103.55073014006929","0.5369461742093598","77.29","0.0","0.0"
"16:3063830:T>A","NM_020982.4:c.467T>A","NP_066192.1:p.Leu156His","Unknown significance","null","missense_variant","1/1","null","156","MODERATE","23.8","null","0","null","103.55073014006929","0.5369461742093598","77.29","-0.2","0.2"
"16:3063835:C>T","NM_020982.4:c.472C>T","NP_066192.1:p.Arg158Trp","Unknown significance","null","missense_variant","1/1","null","158","MODERATE","26.5","null","0.0087012","gnomad_AF_amr_pass","64.02025209741718","0.2376175717889043","84.04","1.2","1.2"
"16:3063836:G>A","NM_020982.4:c.473G>A","NP_066192.1:p.Arg158Gln","Unknown significance","null","missense_variant","1/1","null","158","MODERATE","27.8","null","0.00182106","gnomad_AF_nfe_pass","64.02025209741718","0.2376175717889043","84.04","-0.4","0.4"
"16:3063838:G>A","NM_020982.4:c.475G>A","NP_066192.1:p.Glu159Lys","Unknown significance","Nonsyndromic hearing loss and deafness","missense_variant","1/1","null","159","MODERATE","31","null","0","null","81.8976065044417","0.4194052685316443","88.2","-0.2","0.2"
"16:3063850:T>A","NM_020982.4:c.487T>A","NP_066192.1:p.Ser163Thr","Unknown significance","null","missense_variant","1/1","null","163","MODERATE","25.0","null","0.000918949","gnomad_AF_nfe_pass","0.0","0.0","93.44","0.0","0.0"
"16:3063851:C>A","NM_020982.4:c.488C>A","NP_066192.1:p.Ser163Tyr","Unknown significance","null","missense_variant","1/1","null","163","MODERATE","26.3","null","0.00290816","gnomad_AF_amr_pass","0.0","0.0","93.44","0.9","0.9"
"16:3063851:C>G","NM_020982.4:c.488C>G","NP_066192.1:p.Ser163Cys","Unknown significance","null","missense_variant","1/1","null","163","MODERATE","22.9","null","0.000918459","gnomad_AF_nfe_pass","0.0","0.0","93.44","0.4","0.4"
"16:3063851:C>T","NM_020982.4:c.488C>T","NP_066192.1:p.Ser163Phe","Unknown significance","null","missense_variant","1/1","null","163","MODERATE","27.2","null","0.00655136","gnomad_AF_afr_pass","0.0","0.0","93.44","0.9","0.9"
"16:3063853:C>T","NM_020982.4:c.490C>T","NP_066192.1:p.Leu164Phe","Unknown significance","null","missense_variant","1/1","null","164","MODERATE","25.2","null","0.00327182","gnomad_AF_sas_pass","0.6529521054186502","0.0033857813892016675","93.79","0.4","0.4"
"16:3063860:T>A","NM_020982.4:c.497T>A","NP_066192.1:p.Leu166Gln","Unknown significance","null","missense_variant","1/1","null","166","MODERATE","26.9","null","0.00290934","gnomad_AF_amr_pass","86.08149660524626","0.4463621860500774","95.42","-2.0","2.0"
"16:3063863:G>A","NM_020982.4:c.500G>A","NP_066192.1:p.Gly167Asp","Unknown significance","null","missense_variant","1/1","null","167","MODERATE","25.9","null","0.00509061","gnomad_AF_eas_pass","0.020934050490594318","2.1955833714709514E-4","96.02","-1.3","1.3"
"16:3063869:C>T","NM_020982.4:c.506C>T","NP_066192.1:p.Ala169Val","Unknown significance","null","missense_variant","1/1","null","169","MODERATE","23.7","null","0.0067595","gnomad_AF_afr_pass","54.341521861597286","0.42735194357977746","97.16","0.9","0.9"
"16:3063872:C>T","NM_020982.4:c.509C>T","NP_066192.1:p.Ala170Val","Unknown significance","null","missense_variant","1/1","null","170","MODERATE","23.9","null","0.0102114","gnomad_AF_eas_pass","0.0","0.0","96.77","0.6","0.6"
"16:3063875:C>T","NM_020982.4:c.512C>T","NP_066192.1:p.Ala171Val","Unknown significance","null","missense_variant","1/1","null","171","MODERATE","22.9","null","0.00327869","gnomad_AF_sas_pass","0.0","0.0","96.83","1.3","1.3"
"16:3063877:G>C","NM_020982.4:c.514G>C","NP_066192.1:p.Ala172Pro","Unknown significance","null","missense_variant","1/1","null","172","MODERATE","25.1","null","0.00650872","gnomad_AF_nfe_pass","34.730175781904634","0.27312463127303377","97.45","-0.7","0.7"
"16:3063880:C>G","NM_020982.4:c.517C>G","NP_066192.1:p.Leu173Val","Unknown significance","null","missense_variant","1/1","null","173","MODERATE","23.4","null","0.000947885","gnomad_AF_nfe_pass","43.11979978900266","0.22359100218859204","97.32","-0.7","0.7"
"16:3063883:C>T","NM_020982.4:c.520C>T","NP_066192.1:p.Leu174Phe","Unknown significance","null","missense_variant","1/1","null","174","MODERATE","23.2","null","0.0164171","gnomad_AF_sas_pass","0.0","0.0","97.08","-0.5","0.5"
"16:3063884:T>C","NM_020982.4:c.521T>C","NP_066192.1:p.Leu174Pro","Unknown significance","null","missense_variant","1/1","null","174","MODERATE","26.2","null","0.00292654","gnomad_AF_amr_pass","0.0","0.0","97.08","-4.7","4.7"
"16:3063886:A>C","NM_020982.4:c.523A>C","NP_066192.1:p.Met175Leu","Likely benign","null","missense_variant","1/1","null","175","MODERATE","13.76","null","0.0032845","gnomad_AF_sas_pass","50.08119686734134","0.23128647936238383","96.41","0.9","0.9"
"16:3063888:G>T","NM_020982.4:c.525G>T","NP_066192.1:p.Met175Ile","Unknown significance","null","missense_variant","1/1","null","175","MODERATE","18.94","null","0.000957378","gnomad_AF_nfe_pass","50.08119686734134","0.23128647936238383","96.41","0.8","0.8"
"16:3063895:G>A","NM_020982.4:c.532G>A","NP_066192.1:p.Gly178Arg","Unknown significance","null","missense_variant","1/1","null","178","MODERATE","25.7","null","0.0212134","gnomad_AF_afr_pass","0.0","0.0","94.93","-0.1","0.1"
"16:3063895:G>T","NM_020982.4:c.532G>T","NP_066192.1:p.Gly178Trp","Unknown significance","null","missense_variant","1/1","null","178","MODERATE","26.7","null","0.00707114","gnomad_AF_afr_pass","0.0","0.0","94.93","1.8","1.8"
"16:3063901:C>T","NM_020982.4:c.538C>T","NP_066192.1:p.Leu180Phe","Unknown significance","null","missense_variant","1/1","null","180","MODERATE","23.7","null","0.00333089","gnomad_AF_sas_pass","36.991470839266796","0.19181350743402983","93.35","-0.5","0.5"
"16:3063902:T>C","NM_020982.4:c.539T>C","NP_066192.1:p.Leu180Pro","Unknown significance","null","missense_variant","1/1","null","180","MODERATE","25.4","null","0.00333422","gnomad_AF_sas_pass","36.991470839266796","0.19181350743402983","93.35","-3.4","3.4"
"16:3063908:G>A","NM_020982.4:c.545G>A","NP_066192.1:p.Cys182Tyr","Unknown significance","null","missense_variant","1/1","null","182","MODERATE","24.9","null","0.00718597","gnomad_AF_afr_pass","30.212197659181285","0.19551275952612918","91.06","-0.3","0.3"
"16:3063911:G>A","NM_020982.4:c.548G>A","NP_066192.1:p.Cys183Tyr","Unknown significance","null","missense_variant","1/1","null","183","MODERATE","22.4","null","0.00723798","gnomad_AF_afr_pass","110.86602675794869","0.7174493915889338","87.03","-0.1","0.1"
"16:3063911:G>C","NM_020982.4:c.548G>C","NP_066192.1:p.Cys183Ser","Unknown significance","null","missense_variant","1/1","null","183","MODERATE","17.43","null","0.00351519","gnomad_AF_sas_pass","110.86602675794869","0.7174493915889338","87.03","-0.7","0.7"
"16:3063913:A>C","NM_020982.4:c.550A>C","NP_066192.1:p.Thr184Pro","Unknown significance","null","missense_variant","1/1","null","184","MODERATE","22.0","null","0.00651508","gnomad_AF_amr_pass","2.957518487698963","0.01879727843612555","76.7","-0.8","0.8"
"16:3063914:C>T","NM_020982.4:c.551C>T","NP_066192.1:p.Thr184Met","Unknown significance","null","missense_variant","1/1","null","184","MODERATE","23.6","null","0.0145773","gnomad_AF_afr_pass","2.957518487698963","0.01879727843612555","76.7","0.8","0.8"
"16:3063917:G>T","NM_020982.4:c.554G>T","NP_066192.1:p.Cys185Phe","Unknown significance","null","missense_variant","1/1","null","185","MODERATE","23.4","null","0.0303472","gnomad_AF_eas_pass","4.677287903409105","0.030268220650800492","65.22","-0.1","0.1"
"16:3063919:C>T","NM_020982.4:c.556C>T","NP_066192.1:p.Pro186Ser","Unknown significance","null","missense_variant","1/1","null","186","MODERATE","21.6","null","0.0783794","gnomad_AF_eas_pass","53.404831696272446","0.339509182137714","59.68","-0.1","0.1"
"16:3063920:C>T","NM_020982.4:c.557C>T","NP_066192.1:p.Pro186Leu","Unknown significance","null","missense_variant","1/1","null","186","MODERATE","23.3","null","0.00689322","gnomad_AF_amr_pass","53.404831696272446","0.339509182137714","59.68","0.5","0.5"
"16:3063923:C>G","NM_020982.4:c.560C>G","NP_066192.1:p.Pro187Arg","Unknown significance","null","missense_variant","1/1","null","187","MODERATE","16.27","null","0.0554078","gnomad_AF_sas_pass","121.42825293837518","0.7719527528516997","56.45","0.1","0.1"
"16:3063923:C>T","NM_020982.4:c.560C>T","NP_066192.1:p.Pro187Leu","Unknown significance","null","missense_variant","1/1","null","187","MODERATE","20.9","null","0.0378319","gnomad_AF_amr_pass","121.42825293837518","0.7719527528516997","56.45","0.2","0.2"
"16:3063926:C>T","NM_020982.4:c.563C>T","NP_066192.1:p.Pro188Leu","Likely benign","null","missense_variant","1/1","null","188","MODERATE","16.71","null","0.00732386","gnomad_AF_afr_pass","143.67363005437915","0.9133727246241542","53.55","0.1","0.1"
"16:3063930:G>C","NM_020982.4:c.567G>C","NP_066192.1:p.Gln189His","Likely benign","null","missense_variant","1/1","null","189","MODERATE","15.29","null","0.00206979","gnomad_AF_nfe_pass","147.43807050773364","0.7455716967678844","44.9","0.0","0.0"
"16:3063931:G>T","NM_020982.4:c.568G>T","NP_066192.1:p.Val190Phe","Likely benign","null","missense_variant","1/1","null","190","MODERATE","2.717","null","0.00103771","gnomad_AF_nfe_pass","137.83285383247792","0.8018567800027466","44.14","0.0","0.0"
"16:3063932:T>C","NM_020982.4:c.569T>C","NP_066192.1:p.Val190Ala","Likely benign","null","missense_variant","1/1","null","190","MODERATE","3.496","null","0.0062396","gnomad_AF_nfe_pass","137.83285383247792","0.8018567800027466","44.14","-0.1","0.1"
"16:3063934:G>A","NM_020982.4:c.571G>A","NP_066192.1:p.Glu191Lys","Likely benign","null","missense_variant","1/1","null","191","MODERATE","12.63","null","0.140007","gnomad_AF_amr_pass","124.06527919001047","0.635349846656602","42.96","-0.0","0.0"
"16:3063937:C>T","NM_020982.4:c.574C>T","NP_066192.1:p.Arg192Trp","Unknown significance","null","missense_variant","1/1","null","192","MODERATE","23.1","null","0.0673491","gnomad_AF_afr_pass","205.53319118356558","0.7628570055729881","37.59","0.1","0.1"
"16:3063938:G>A","NM_020982.4:c.575G>A","NP_066192.1:p.Arg192Gln","Likely benign","null","missense_variant","1/1","null","192","MODERATE","15.89","null","0.0118737","gnomad_AF_sas_pass","205.53319118356558","0.7628570055729881","37.59","-0.1","0.1"
"16:3063940:C>T","NM_020982.4:c.577C>T","NP_066192.1:p.Pro193Ser","Likely benign","null","missense_variant","1/1","null","193","MODERATE","12.25","null","0","null","154.48632111063372","0.9821119712543985","40.6","-0.0","0.0"
"16:3063943:C>A","NM_020982.4:c.580C>A","NP_066192.1:p.Arg194Ser","Likely benign","null","missense_variant","1/1","null","194","MODERATE","10.84","null","0.00187614","gnomad_AF_nfe_pass","206.7211366604063","0.7672661840809855","43.13","-0.2","0.2"
"16:3063943:C>G","NM_020982.4:c.580C>G","NP_066192.1:p.Arg194Gly","Likely benign","null","missense_variant","1/1","null","194","MODERATE","12.57","null","0.00109584","gnomad_AF_nfe_pass","206.7211366604063","0.7672661840809855","43.13","-0.4","0.4"
"16:3063943:C>T","NM_020982.4:c.580C>T","NP_066192.1:p.Arg194Cys","Unknown significance","null","missense_variant","1/1","null","194","MODERATE","16.19","null","0.0188026","gnomad_AF_amr_pass","206.7211366604063","0.7672661840809855","43.13","-0.2","0.2"
"16:3063944:G>A","NM_020982.4:c.581G>A","NP_066192.1:p.Arg194His","Likely benign","null","missense_variant","1/1","null","194","MODERATE","3.370","null","0.0452899","gnomad_AF_eas_pass","206.7211366604063","0.7672661840809855","43.13","0.2","0.2"
"16:3063944:G>T","NM_020982.4:c.581G>T","NP_066192.1:p.Arg194Leu","Likely benign","null","missense_variant","1/1","null","194","MODERATE","1.100","null","0.0113225","gnomad_AF_eas_pass","206.7211366604063","0.7672661840809855","43.13","0.0","0.0"
"16:3063946:G>A","NM_020982.4:c.583G>A","NP_066192.1:p.Gly195Arg","Unknown significance","null","missense_variant","1/1","null","195","MODERATE","14.74","null","0.00430256","gnomad_AF_sas_pass","50.95733517695939","0.534445437681886","46.93","0.5","0.5"
"16:3063947:G>A","NM_020982.4:c.584G>A","NP_066192.1:p.Gly195Glu","Likely benign","null","missense_variant","1/1","null","195","MODERATE","14.04","null","0.00767695","gnomad_AF_amr_pass","50.95733517695939","0.534445437681886","46.93","0.2","0.2"
"16:3063952:C>T","NM_020982.4:c.589C>T","NP_066192.1:p.Arg197Trp","Likely benign","null","missense_variant","1/1","null","197","MODERATE","17.08","null","0.0117999","gnomad_AF_amr_pass","243.27441686508536","0.9029373412319844","47.01","0.0","0.0"
"16:3063953:G>A","NM_020982.4:c.590G>A","NP_066192.1:p.Arg197Gln","Likely benign","null","missense_variant","1/1","null","197","MODERATE","17.71","null","0.00899766","gnomad_AF_afr_pass","243.27441686508536","0.9029373412319844","47.01","-0.0","0.0"
"16:3063953:G>C","NM_020982.4:c.590G>C","NP_066192.1:p.Arg197Pro","Likely benign","null","missense_variant","1/1","null","197","MODERATE","17.39","null","0.00114012","gnomad_AF_nfe_pass","243.27441686508536","0.9029373412319844","47.01","-0.1","0.1"
"16:3063958:G>A","NM_020982.4:c.595G>A","NP_066192.1:p.Gly199Ser","Unknown significance","null","missense_variant","1/1","null","199","MODERATE","16.78","null","0.0147689","gnomad_AF_afr_pass","84.08466079197032","0.8818880183439565","46.89","0.1","0.1"
"16:3063959:G>C","NM_020982.4:c.596G>C","NP_066192.1:p.Gly199Ala","Unknown significance","null","missense_variant","1/1","null","199","MODERATE","14.16","null","0.00295636","gnomad_AF_nfe_pass","84.08466079197032","0.8818880183439565","46.89","0.2","0.2"
"16:3063959:G>T","NM_020982.4:c.596G>T","NP_066192.1:p.Gly199Val","Unknown significance","null","missense_variant","1/1","null","199","MODERATE","16.89","null","0.00580653","gnomad_AF_nfe_pass","84.08466079197032","0.8818880183439565","46.89","0.2","0.2"
"16:3063961:T>C","NM_020982.4:c.598T>C","NP_066192.1:p.Tyr200His","Unknown significance","null","missense_variant","1/1","null","200","MODERATE","23.5","null","0.00633955","gnomad_AF_eas_pass","159.24213732696242","0.6637530560281191","49.81","-0.5","0.5"
"16:3063964:T>A","NM_020982.4:c.601T>A","NP_066192.1:p.Ser201Thr","Likely benign","null","missense_variant","1/1","null","201","MODERATE","17.31","null","0.0109123","gnomad_AF_sas_pass","109.42458849529464","0.7934653774081023","53.77","0.1","0.1"
"16:3063964:T>C","NM_020982.4:c.601T>C","NP_066192.1:p.Ser201Pro","Unknown significance","null","missense_variant","1/1","null","201","MODERATE","19.60","null","0.0011932","gnomad_AF_nfe_pass","109.42458849529464","0.7934653774081023","53.77","-0.0","0.0"
"16:3063965:C>G","NM_020982.4:c.602C>G","NP_066192.1:p.Ser201Cys","Unknown significance","null","missense_variant","1/1","null","201","MODERATE","23.5","null","0.0111161","gnomad_AF_sas_pass","109.42458849529464","0.7934653774081023","53.77","-0.1","0.1"
"16:3063965:C>T","NM_020982.4:c.602C>T","NP_066192.1:p.Ser201Phe","Unknown significance","null","missense_variant","1/1","null","201","MODERATE","20.2","null","0.0191791","gnomad_AF_eas_pass","109.42458849529464","0.7934653774081023","53.77","0.2","0.2"
"16:3063967:A>T","NM_020982.4:c.604A>T","NP_066192.1:p.Ile202Phe","Likely benign","null","missense_variant","1/1","null","202","MODERATE","17.18","null","0.0191718","gnomad_AF_eas_pass","160.4943023421636","0.8181859177209333","53.09","-0.0","0.0"
"16:3063968:T>A","NM_020982.4:c.605T>A","NP_066192.1:p.Ile202Asn","Unknown significance","null","missense_variant","1/1","null","202","MODERATE","22.7","null","0.0169914","gnomad_AF_sas_pass","160.4943023421636","0.8181859177209333","53.09","-0.2","0.2"
"16:3063976:C>A","NM_020982.4:c.613C>A","NP_066192.1:p.Arg205Ser","Unknown significance","null","missense_variant","1/1","null","205","MODERATE","16.36","null","0.00247942","gnomad_AF_nfe_pass","225.21102326038792","0.8358932483708039","44.04","-0.0","0.0"
"16:3063976:C>T","NM_020982.4:c.613C>T","NP_066192.1:p.Arg205Cys","Unknown significance","null","missense_variant","1/1","null","205","MODERATE","22.4","null","0.00748839","gnomad_AF_afr_pass","225.21102326038792","0.8358932483708039","44.04","-0.1","0.1"
"16:3063977:G>A","NM_020982.4:c.614G>A","NP_066192.1:p.Arg205His","Unknown significance","null","missense_variant","1/1","null","205","MODERATE","19.72","null","0.0198313","gnomad_AF_nfe_pass","225.21102326038792","0.8358932483708039","44.04","-0.0","0.0"
"16:3063979:T>C","NM_020982.4:c.616T>C","NP_066192.1:p.Ser206Pro","Unknown significance","null","missense_variant","1/1","null","206","MODERATE","18.43","null","0.00456496","gnomad_AF_amr_pass","143.2118979856523","1.0384657072701957","44.16","-0.0","0.0"
"16:3063980:C>T","NM_020982.4:c.617C>T","NP_066192.1:p.Ser206Leu","Unknown significance","null","missense_variant","1/1","null","206","MODERATE","20.5","null","0.0188442","gnomad_AF_sas_pass","143.2118979856523","1.0384657072701957","44.16","0.0","0.0"
"16:3063982:G>C","NM_020982.4:c.619G>C","NP_066192.1:p.Gly207Arg","Unknown significance","null","missense_variant","1/1","null","207","MODERATE","20.9","null","0.0115367","gnomad_AF_afr_pass","72.02795146345765","0.7554360900454421","42.4","0.2","0.2"
"16:3063983:G>T","NM_020982.4:c.620G>T","NP_066192.1:p.Gly207Val","Likely benign","null","missense_variant","1/1","null","207","MODERATE","13.91","null","0.00634357","gnomad_AF_sas_pass","72.02795146345765","0.7554360900454421","42.4","0.3","0.3"
"16:3063985:G>A","NM_020982.4:c.622G>A","NP_066192.1:p.Ala208Thr","Likely benign","null","missense_variant","1/1","null","208","MODERATE","5.658","null","0","null","116.90482539986688","0.9193615238772623","42.78","0.1","0.1"
"16:3063989:C>T","NM_020982.4:c.626C>T","NP_066192.1:p.Ser209Phe","Unknown significance","null","missense_variant","1/1","null","209","MODERATE","23.4","null","0.00908513","gnomad_AF_afr_pass","134.67824539827075","0.9765860332040006","40.35","0.0","0.0"
"16:3063997:G>A","NM_020982.4:c.634G>A","NP_066192.1:p.Asp212Asn","Likely benign","null","missense_variant","1/1","null","212","MODERATE","19.65","null","0","null","104.53631892409157","0.6534343260006484","48.42","-0.0","0.0"
"16:3064004:G>A","NM_020982.4:c.641G>A","NP_066192.1:p.Arg214Lys","Unknown significance","null","missense_variant","1/1","null","214","MODERATE","15.54","null","0.00485437","gnomad_AF_amr_pass","214.2605547942257","0.7952494889097972","50.71","-0.2","0.2"
"16:3064006:G>A","NM_020982.4:c.643G>A","NP_066192.1:p.Asp215Asn","Unknown significance","null","missense_variant","1/1","null","215","MODERATE","16.75","null","0.00253968","gnomad_AF_nfe_pass","138.68182235052524","0.8668706153883217","50.75","-0.0","0.0"
"16:3064007:A>T","NM_020982.4:c.644A>T","NP_066192.1:p.Asp215Val","Unknown significance","null","missense_variant","1/1","null","215","MODERATE","23.0","null","0.00649942","gnomad_AF_nfe_pass","138.68182235052524","0.8668706153883217","50.75","0.1","0.1"
"16:3064012:G>A","NM_020982.4:c.649G>A","NP_066192.1:p.Val217Met","Unknown significance","null","missense_variant","1/1","null","217","MODERATE","23.6","null","0.0141443","gnomad_AF_sas_pass","236.95853481423228","1.3785306074504076","54.16","-0.1","0.1"