{"applied_filters": "CONTAINS missense_variant[Consequence]"},
"Genomic Description (GRCh37)","HGVS Nucleotide Change","HGVS Protein Change","Variant Classification","Phenotype","Consequence","Exon","Intron","Protein Position","Impact","CADD Phred","Interpro Domain","Max MAF (%)","Max MAF Source","Surface Area","Normalized SA","Confidence Score","ddG","|ddG|"
"9:140135816:A>G","NM_006088.6:c.4A>G","NP_006079.1:p.Arg2Gly","Unknown significance","null","missense_variant","1/4","null","2","MODERATE","26.3","Beta_tubulin&_autoregulation_binding_site","0.000945877","gnomad_AF_nfe_pass","122.9945044981454","0.4565064107800952","86.85","-1.2","1.2"
"9:140135822:A>G","NM_006088.6:c.10A>G","NP_006079.1:p.Ile4Val","Unknown significance","null","missense_variant","1/4","null","4","MODERATE","23.0","Tubulin/FtsZ&_GTPase_domain&Beta_tubulin&_autoregulation_binding_site","0.00649182","gnomad_AF_nfe_pass","0.0","0.0","97.59","-0.8","0.8"
"9:140136174:T>G","NM_006088.6:c.59T>G","NP_006079.1:p.Phe20Cys","Unknown significance","null","missense_variant&splice_region_variant","2/4","null","20","MODERATE","29.0","Tubulin/FtsZ&_GTPase_domain","0.00180106","gnomad_AF_nfe_pass","0.0","0.0","97.01","-2.7","2.7"
"9:140136182:G>A","NM_006088.6:c.67G>A","NP_006079.1:p.Val23Met","Unknown significance","null","missense_variant","2/4","null","23","MODERATE","29.8","Tubulin/FtsZ&_GTPase_domain","0.00628378","gnomad_AF_afr_pass","14.752163961046602","0.08582222861216028","94.73","0.1","0.1"
"9:140136186:T>C","NM_006088.6:c.71T>C","NP_006079.1:p.Ile24Thr","Unknown significance","null","missense_variant","2/4","null","24","MODERATE","24.8","Tubulin/FtsZ&_GTPase_domain","0.00653937","gnomad_AF_nfe_pass","0.0","0.0","95.25","-1.8","1.8"
"9:140136192:A>G","NM_006088.6:c.77A>G","NP_006079.1:p.Asp26Gly","Unknown significance","null","missense_variant","2/4","null","26","MODERATE","23.8","Tubulin/FtsZ&_GTPase_domain","0.00326904","gnomad_AF_sas_pass","71.30171419148135","0.4456918708724884","93.2","-0.2","0.2"
"9:140136200:G>A","NM_006088.6:c.85G>A","NP_006079.1:p.Gly29Ser","Unknown significance","null","missense_variant","2/4","null","29","MODERATE","25.6","Tubulin/FtsZ&_GTPase_domain","0.00545197","gnomad_AF_eas_pass","11.333449364017502","0.11886630815295418","93.96","0.2","0.2"
"9:140136207:A>T","NM_006088.6:c.92A>T","NP_006079.1:p.Asp31Val","Unknown significance","null","missense_variant","2/4","null","31","MODERATE","29.1","Tubulin/FtsZ&_GTPase_domain","0.00326819","gnomad_AF_sas_pass","38.597085546535546","0.2412621837009935","95.32","0.5","0.5"
"9:140136208:C>A","NM_006088.6:c.93C>A","NP_006079.1:p.Asp31Glu","Unknown significance","null","missense_variant","2/4","null","31","MODERATE","22.3","Tubulin/FtsZ&_GTPase_domain","0.00404498","gnomad_AF_afr_pass","38.597085546535546","0.2412621837009935","95.32","-0.0","0.0"
"9:140136209:C>G","NM_006088.6:c.94C>G","NP_006079.1:p.Pro32Ala","Unknown significance","null","missense_variant","2/4","null","32","MODERATE","22.6","Tubulin/FtsZ&_GTPase_domain","0.00289436","gnomad_AF_amr_pass","49.24286994592606","0.3130504482541434","95.83","-0.2","0.2"
"9:140136209:C>T","NM_006088.6:c.94C>T","NP_006079.1:p.Pro32Ser","Unknown significance","null","missense_variant","2/4","null","32","MODERATE","22.8","Tubulin/FtsZ&_GTPase_domain","0.0261455","gnomad_AF_sas_pass","49.24286994592606","0.3130504482541434","95.83","-0.2","0.2"
"9:140136218:A>G","NM_006088.6:c.103A>G","NP_006079.1:p.Thr35Ala","Unknown significance","null","missense_variant","2/4","null","35","MODERATE","21.7","Tubulin/FtsZ&_GTPase_domain","0","null","49.61642336682398","0.3153500912707763","96.47","-0.4","0.4"
"9:140136219:C>G","NM_006088.6:c.104C>G","NP_006079.1:p.Thr35Ser","Unknown significance","null","missense_variant","2/4","null","35","MODERATE","21.6","Tubulin/FtsZ&_GTPase_domain","0.0065028","gnomad_AF_nfe_pass","49.61642336682398","0.3153500912707763","96.47","-0.4","0.4"
"9:140136219:C>T","NM_006088.6:c.104C>T","NP_006079.1:p.Thr35Ile","Unknown significance","null","missense_variant","2/4","null","35","MODERATE","22.5","Tubulin/FtsZ&_GTPase_domain","0.005449","gnomad_AF_eas_pass","49.61642336682398","0.3153500912707763","96.47","0.3","0.3"
"9:140136230:G>T","NM_006088.6:c.115G>T","NP_006079.1:p.Asp39Tyr","Unknown significance","null","missense_variant","2/4","null","39","MODERATE","29.7","Tubulin/FtsZ&_GTPase_domain","0","null","121.94934515674541","0.7622794544409184","88.15","0.4","0.4"
"9:140136232:C>G","NM_006088.6:c.117C>G","NP_006079.1:p.Asp39Glu","Unknown significance","null","missense_variant","2/4","null","39","MODERATE","19.66","Tubulin/FtsZ&_GTPase_domain","0.119048","gnomad_AF_amr_pass","121.94934515674541","0.7622794544409184","88.15","-0.0","0.0"
"9:140136245:C>A","NM_006088.6:c.130C>A","NP_006079.1:p.Leu44Met","Unknown significance","null","missense_variant","2/4","null","44","MODERATE","24.0","Tubulin/FtsZ&_GTPase_domain","0","null","59.38311035535163","0.30792186472106836","92.1","-0.1","0.1"
"9:140136267:A>G","NM_006088.6:c.152A>G","NP_006079.1:p.Tyr51Cys","Unknown significance","null","missense_variant","2/4","null","51","MODERATE","29.2","Tubulin/FtsZ&_GTPase_domain&Tubulin/FtsZ&_GTPase_domain","0","gnomad_AF_afr_pass,gnomad_AF_sas_pass,gnomad_AF_amr_pass,gnomad_AF_eas_pass,gnomad_AF_nfe_pass","0.0","0.0","97.17","-3.0","3.0"
"9:140136270:A>G","NM_006088.6:c.155A>G","NP_006079.1:p.Asn52Ser","Unknown significance","null","missense_variant","2/4","null","52","MODERATE","24.4","Tubulin/FtsZ&_GTPase_domain&Tubulin/FtsZ&_GTPase_domain","0.00625469","gnomad_AF_afr_pass","29.178879613791494","0.18256529361694251","95.47","-0.1","0.1"
"9:140136278:A>G","NM_006088.6:c.163A>G","NP_006079.1:p.Thr55Ala","Unknown significance","null","missense_variant","2/4","null","55","MODERATE","21.2","Tubulin/FtsZ&_GTPase_domain&Tubulin/FtsZ&_GTPase_domain","0.00326947","gnomad_AF_sas_pass","157.7201090639803","1.0024311994608555","88.54","-0.1","0.1"
"9:140136365:G>A","NM_006088.6:c.169G>A","NP_006079.1:p.Gly57Ser","Unknown significance","null","missense_variant&splice_region_variant","3/4","null","57","MODERATE","23.1","Tubulin/FtsZ&_GTPase_domain&Tubulin/FtsZ&_GTPase_domain","0.00090606","gnomad_AF_nfe_pass","34.27996090336213","0.3595315305459525","89.63","0.2","0.2"
"9:140136370:G>C","NM_006088.6:c.174G>C","NP_006079.1:p.Lys58Asn","Unknown significance","null","missense_variant","3/4","null","58","MODERATE","19.79","Tubulin/FtsZ&_GTPase_domain&Tubulin/FtsZ&_GTPase_domain","0.00549692","gnomad_AF_eas_pass","101.50383983058833","0.42880238095275414","95.23","0.0","0.0"
"9:140136370:G>T","NM_006088.6:c.174G>T","NP_006079.1:p.Lys58Asn","Unknown significance","null","missense_variant","3/4","null","58","MODERATE","19.87","Tubulin/FtsZ&_GTPase_domain&Tubulin/FtsZ&_GTPase_domain","0","null","101.50383983058833","0.42880238095275414","95.23","0.0","0.0"
"9:140136392:G>T","NM_006088.6:c.196G>T","NP_006079.1:p.Val66Leu","Unknown significance","null","missense_variant","3/4","null","66","MODERATE","22.3","Tubulin/FtsZ&_GTPase_domain&Tubulin/FtsZ&_GTPase_domain","0.000899685","gnomad_AF_nfe_pass","0.0","0.0","98.06","-0.3","0.3"
"9:140136404:C>T","NM_006088.6:c.208C>T","NP_006079.1:p.Pro70Ser","Unknown significance","null","missense_variant","3/4","null","70","MODERATE","25.5","Tubulin/FtsZ&_GTPase_domain&Tubulin/FtsZ&_GTPase_domain","0","null","44.42693355140893","0.282434217950699","93.65","-0.5","0.5"
"9:140136434:C>T","NM_006088.6:c.238C>T","NP_006079.1:p.Pro80Ser","Likely benign","null","missense_variant","3/4","null","80","MODERATE","22.8","Tubulin/FtsZ&_GTPase_domain&Tubulin/FtsZ&_GTPase_domain","0","null","104.80026435705189","0.6662440627476478","92.56","-0.0","0.0"
"9:140136459:A>G","NM_006088.6:c.263A>G","NP_006079.1:p.Asp88Gly","Unknown significance","null","missense_variant","3/4","null","88","MODERATE","26.4","Tubulin/FtsZ&_GTPase_domain&Tubulin/FtsZ&_GTPase_domain","0.0054933","gnomad_AF_eas_pass","134.74657790683668","0.842272238219745","95.89","-0.1","0.1"
"9:140136460:C>G","NM_006088.6:c.264C>G","NP_006079.1:p.Asp88Glu","Unknown significance","null","missense_variant","3/4","null","88","MODERATE","22.6","Tubulin/FtsZ&_GTPase_domain&Tubulin/FtsZ&_GTPase_domain","0.00327139","gnomad_AF_sas_pass","134.74657790683668","0.842272238219745","95.89","0.0","0.0"
"9:140136965:A>G","NM_006088.6:c.295A>G","NP_006079.1:p.Asn99Asp","Unknown significance","null","missense_variant","4/4","null","99","MODERATE","28.0","Tubulin/FtsZ&_GTPase_domain&Tubulin/FtsZ&_GTPase_domain","0","null","61.65173966872192","0.38574023758251447","93.25","-0.4","0.4"
"9:140137014:C>T","NM_006088.6:c.344C>T","NP_006079.1:p.Ser115Leu","Unknown significance","null","missense_variant","4/4","null","115","MODERATE","24.2","Tubulin/FtsZ&_GTPase_domain&Tubulin/FtsZ&_GTPase_domain","0.00543951","gnomad_AF_eas_pass","58.393697688022584","0.423427476506104","97.84","0.7","0.7"
"9:140137019:C>A","NM_006088.6:c.349C>A","NP_006079.1:p.Leu117Met","Likely benign","null","missense_variant","4/4","null","117","MODERATE","15.09","Tubulin/FtsZ&_GTPase_domain&Tubulin/FtsZ&_GTPase_domain","0.00617894","gnomad_AF_afr_pass","8.333256557767909","0.04321080325890537","98.45","-0.4","0.4"
"9:140137039:G>T","NM_006088.6:c.369G>T","NP_006079.1:p.Glu123Asp","Unknown significance","null","missense_variant","4/4","null","123","MODERATE","23.4","Tubulin/FtsZ&_GTPase_domain&Tubulin/FtsZ&_GTPase_domain","0.000883892","gnomad_AF_nfe_pass","4.613082370719357","0.023624024352228358","97.71","-0.5","0.5"
"9:140137040:G>A","NM_006088.6:c.370G>A","NP_006079.1:p.Ala124Thr","Unknown significance","null","missense_variant","4/4","null","124","MODERATE","24.2","Tubulin/FtsZ&_GTPase_domain&Tubulin/FtsZ&_GTPase_domain","0.000884001","gnomad_AF_nfe_pass","6.700441454764987","0.05269353121595042","97.28","0.1","0.1"
"9:140137062:A>G","NM_006088.6:c.392A>G","NP_006079.1:p.Gln131Arg","Unknown significance","null","missense_variant","4/4","null","131","MODERATE","25.1","Tubulin/FtsZ&_GTPase_domain&Tubulin/FtsZ&_GTPase_domain","0.000883704","gnomad_AF_nfe_pass","0.683716769515909","0.0034574507805288602","95.28","0.1","0.1"
"9:140137121:C>T","NM_006088.6:c.451C>T","NP_006079.1:p.Leu151Phe","Unknown significance","null","missense_variant","4/4","null","151","MODERATE","25.9","Tubulin/FtsZ&_GTPase_domain&Tubulin/FtsZ&_GTPase_domain","0.000883658","gnomad_AF_nfe_pass","0.0","0.0","98.25","-0.6","0.6"
"9:140137126:C>G","NM_006088.6:c.456C>G","NP_006079.1:p.Ile152Met","Unknown significance","null","missense_variant","4/4","null","152","MODERATE","23.0","Tubulin/FtsZ&_GTPase_domain&Tubulin/FtsZ&_GTPase_domain","0.00802504","gnomad_AF_afr_pass","0.0","0.0","98.48","-0.7","0.7"
"9:140137128:G>T","NM_006088.6:c.458G>T","NP_006079.1:p.Ser153Ile","Unknown significance","null","missense_variant","4/4","null","153","MODERATE","28.2","Tubulin/FtsZ&_GTPase_domain&Tubulin/FtsZ&_GTPase_domain","0","null","15.60865157392132","0.11318228180922621","97.91","1.5","1.5"
"9:140137137:G>A","NM_006088.6:c.467G>A","NP_006079.1:p.Arg156Gln","Unknown significance","null","missense_variant","4/4","null","156","MODERATE","25.3","Tubulin/FtsZ&_GTPase_domain&Tubulin/FtsZ&_GTPase_domain","0","null","45.89493122109982","0.17034362966240923","97.53","-0.8","0.8"
"9:140137137:G>T","NM_006088.6:c.467G>T","NP_006079.1:p.Arg156Leu","Unknown significance","null","missense_variant","4/4","null","156","MODERATE","25.2","Tubulin/FtsZ&_GTPase_domain&Tubulin/FtsZ&_GTPase_domain","0","null","45.89493122109982","0.17034362966240923","97.53","-0.4","0.4"
"9:140137155:G>A","NM_006088.6:c.485G>A","NP_006079.1:p.Arg162Lys","Unknown significance","null","missense_variant","4/4","null","162","MODERATE","23.8","Tubulin/FtsZ&_GTPase_domain&Tubulin/FtsZ&_GTPase_domain","0.00326648","gnomad_AF_sas_pass","83.56418426361071","0.3101568316698463","96.8","-0.8","0.8"
"9:140137156:G>T","NM_006088.6:c.486G>T","NP_006079.1:p.Arg162Ser","Likely benign","null","missense_variant","4/4","null","162","MODERATE","18.74","Tubulin/FtsZ&_GTPase_domain&Tubulin/FtsZ&_GTPase_domain","0","null","83.56418426361071","0.3101568316698463","96.8","-0.7","0.7"
"9:140137227:C>T","NM_006088.6:c.557C>T","NP_006079.1:p.Thr186Ile","Likely pathogenic","Autism spectrum disorder","missense_variant","4/4","null","186","MODERATE","25.4","Tubulin/FtsZ&_GTPase_domain&Tubulin/FtsZ&_GTPase_domain","0","null","0.0","0.0","97.96","2.0","2.0"
"9:140137247:G>A","NM_006088.6:c.577G>A","NP_006079.1:p.Val193Ile","Unknown significance","null","missense_variant","4/4","null","193","MODERATE","22.6","Tubulin/FtsZ&_GTPase_domain&Tubulin/FtsZ&_GTPase_domain","0","null","4.421549295112705","0.02572281703396802","97.99","0.3","0.3"
"9:140137265:A>T","NM_006088.6:c.595A>T","NP_006079.1:p.Thr199Ser","Unknown significance","null","missense_variant","4/4","null","199","MODERATE","22.9","Tubulin/FtsZ&_GTPase_domain&Tubulin/FtsZ&_GTPase_domain","0.000882161","gnomad_AF_nfe_pass","0.0","0.0","98.34","-1.0","1.0"
"9:140137281:A>G","NM_006088.6:c.611A>G","NP_006079.1:p.Asn204Ser","Unknown significance","null","missense_variant","4/4","null","204","MODERATE","25.5","Tubulin/FtsZ&_GTPase_domain&Tubulin/FtsZ&_GTPase_domain","0.00289151","gnomad_AF_amr_pass","4.76520530206183","0.02981475356938445","95.05","-0.7","0.7"
"9:140137292:T>C","NM_006088.6:c.622T>C","NP_006079.1:p.Tyr208His","Unknown significance","null","missense_variant","4/4","null","208","MODERATE","24.7","Tubulin/FtsZ&_GTPase_domain&Tubulin/FtsZ&_GTPase_domain","0","gnomad_AF_afr_pass,gnomad_AF_sas_pass,gnomad_AF_amr_pass,gnomad_AF_eas_pass,gnomad_AF_nfe_pass","75.14001541298617","0.3131986024400399","95.13","-1.2","1.2"
"9:140137311:C>T","NM_006088.6:c.641C>T","NP_006079.1:p.Thr214Ile","Unknown significance","null","missense_variant","4/4","null","214","MODERATE","23.6","Tubulin/FtsZ&_GTPase_domain","0.0017675","gnomad_AF_nfe_pass","27.08892075161474","0.1721706856677717","92.57","0.6","0.6"
"9:140137364:A>C","NM_006088.6:c.694A>C","NP_006079.1:p.Thr232Pro","Unknown significance","null","missense_variant","4/4","null","232","MODERATE","26.7","Tubulin/FtsZ&_GTPase_domain","0","null","0.0","0.0","96.06","-1.1","1.1"
"9:140137372:T>A","NM_006088.6:c.702T>A","NP_006079.1:p.Ser234Arg","Unknown significance","null","missense_variant","4/4","null","234","MODERATE","21.9","Tubulin/FtsZ&_GTPase_domain","0.000889426","gnomad_AF_nfe_pass","0.005789320879116115","4.197983048830021E-5","95.45","0.5","0.5"
"9:140137372:T>G","NM_006088.6:c.702T>G","NP_006079.1:p.Ser234Arg","Unknown significance","null","missense_variant","4/4","null","234","MODERATE","21.9","Tubulin/FtsZ&_GTPase_domain","0","null","0.005789320879116115","4.197983048830021E-5","95.45","0.5","0.5"
"9:140137373:G>T","NM_006088.6:c.703G>T","NP_006079.1:p.Gly235Trp","Unknown significance","null","missense_variant","4/4","null","235","MODERATE","29.3","Tubulin/FtsZ&_GTPase_domain","0","null","0.0","0.0","94.38","1.6","1.6"
"9:140137374:G>T","NM_006088.6:c.704G>T","NP_006079.1:p.Gly235Val","Unknown significance","null","missense_variant","4/4","null","235","MODERATE","29.0","Tubulin/FtsZ&_GTPase_domain","0","null","0.0","0.0","94.38","1.6","1.6"
"9:140137376:G>A","NM_006088.6:c.706G>A","NP_006079.1:p.Val236Ile","Unknown significance","null","missense_variant","4/4","null","236","MODERATE","22.0","Tubulin/FtsZ&_GTPase_domain","0","null","0.11643153854928243","6.773524308316561E-4","94.12","0.5","0.5"
"9:140137376:G>C","NM_006088.6:c.706G>C","NP_006079.1:p.Val236Leu","Unknown significance","null","missense_variant","4/4","null","236","MODERATE","23.5","Tubulin/FtsZ&_GTPase_domain","0","null","0.11643153854928243","6.773524308316561E-4","94.12","0.1","0.1"
"9:140137376:G>T","NM_006088.6:c.706G>T","NP_006079.1:p.Val236Phe","Unknown significance","null","missense_variant","4/4","null","236","MODERATE","26.0","Tubulin/FtsZ&_GTPase_domain","0","null","0.11643153854928243","6.773524308316561E-4","94.12","-0.3","0.3"
"9:140137379:A>C","NM_006088.6:c.709A>C","NP_006079.1:p.Thr237Pro","Unknown significance","null","missense_variant","4/4","null","237","MODERATE","27.5","Tubulin/FtsZ&_GTPase_domain","0.0660328","gnomad_AF_afr_pass","0.0","0.0","94.11","-1.8","1.8"
"9:140137379:A>G","NM_006088.6:c.709A>G","NP_006079.1:p.Thr237Ala","Unknown significance","null","missense_variant","4/4","null","237","MODERATE","24.1","Tubulin/FtsZ&_GTPase_domain","0","null","0.0","0.0","94.11","-0.8","0.8"
"9:140137382:A>C","NM_006088.6:c.712A>C","NP_006079.1:p.Thr238Pro","Unknown significance","null","missense_variant","4/4","null","238","MODERATE","26.5","Tubulin/FtsZ&_GTPase_domain","0","null","0.0","0.0","92.76","-1.0","1.0"
"9:140137421:C>T","NM_006088.6:c.751C>T","NP_006079.1:p.Arg251Trp","Unknown significance","null","missense_variant","4/4","null","251","MODERATE","28.8","Tubulin/FtsZ&_2-layer_sandwich_domain","0","null","109.08954555849233","0.40489676428827703","92.84","0.3","0.3"
"9:140137425:A>G","NM_006088.6:c.755A>G","NP_006079.1:p.Lys252Arg","Unknown significance","null","missense_variant","4/4","null","252","MODERATE","26.2","Tubulin/FtsZ&_2-layer_sandwich_domain","0","null","92.68372398859265","0.3915418528817055","91.28","0.6","0.6"
"9:140137426:G>T","NM_006088.6:c.756G>T","NP_006079.1:p.Lys252Asn","Unknown significance","null","missense_variant","4/4","null","252","MODERATE","22.8","Tubulin/FtsZ&_2-layer_sandwich_domain","0.0511705","gnomad_AF_afr_pass","92.68372398859265","0.3915418528817055","91.28","0.3","0.3"
"9:140137461:A>T","NM_006088.6:c.791A>T","NP_006079.1:p.His264Leu","Unknown significance","null","missense_variant","4/4","null","264","MODERATE","26.1","Tubulin/FtsZ&_2-layer_sandwich_domain&Tubulin/FtsZ&_2-layer_sandwich_domain","0.000892634","gnomad_AF_nfe_pass","0.808163735573744","0.003934540445179704","97.89","0.2","0.2"
"9:140137471:G>A","NM_006088.6:c.801G>A","NP_006079.1:p.Met267Ile","Unknown significance","null","missense_variant","4/4","null","267","MODERATE","23.2","Tubulin/FtsZ&_2-layer_sandwich_domain&Tubulin/FtsZ&_2-layer_sandwich_domain","0","null","0.0","0.0","96.58","0.6","0.6"
"9:140137496:C>G","NM_006088.6:c.826C>G","NP_006079.1:p.Arg276Gly","Unknown significance","null","missense_variant","4/4","null","276","MODERATE","24.6","Tubulin/FtsZ&_2-layer_sandwich_domain&Tubulin/FtsZ&_2-layer_sandwich_domain","0","null","169.85164265084856","0.6304213677515274","81.69","-0.6","0.6"
"9:140137497:G>A","NM_006088.6:c.827G>A","NP_006079.1:p.Arg276Gln","Unknown significance","null","missense_variant","4/4","null","276","MODERATE","23.3","Tubulin/FtsZ&_2-layer_sandwich_domain&Tubulin/FtsZ&_2-layer_sandwich_domain","0.00326733","gnomad_AF_sas_pass","169.85164265084856","0.6304213677515274","81.69","-0.1","0.1"
"9:140137500:G>C","NM_006088.6:c.830G>C","NP_006079.1:p.Gly277Ala","Unknown significance","null","missense_variant","4/4","null","277","MODERATE","24.1","Tubulin/FtsZ&_2-layer_sandwich_domain&Tubulin/FtsZ&_2-layer_sandwich_domain","0","null","39.216328750704534","0.41130463181920324","80.37","0.4","0.4"
"9:140137514:C>T","NM_006088.6:c.844C>T","NP_006079.1:p.Arg282Trp","Unknown significance","null","missense_variant","4/4","null","282","MODERATE","23.9","Tubulin/FtsZ&_2-layer_sandwich_domain&Tubulin/FtsZ&_2-layer_sandwich_domain","0.00089556","gnomad_AF_nfe_pass","131.11662987372466","0.48665249184477827","77.12","0.2","0.2"
"9:140137515:G>A","NM_006088.6:c.845G>A","NP_006079.1:p.Arg282Gln","Unknown significance","null","missense_variant","4/4","null","282","MODERATE","23.6","Tubulin/FtsZ&_2-layer_sandwich_domain&Tubulin/FtsZ&_2-layer_sandwich_domain","0","null","131.11662987372466","0.48665249184477827","77.12","-0.1","0.1"
"9:140137565:A>G","NM_006088.6:c.895A>G","NP_006079.1:p.Met299Val","Unknown significance","null","missense_variant","4/4","null","299","MODERATE","25.6","Tubulin/FtsZ&_2-layer_sandwich_domain&Tubulin/FtsZ&_2-layer_sandwich_domain","0.000887847","gnomad_AF_nfe_pass","0.41033270996851695","0.0018950107783413008","93.48","-0.1","0.1"
"9:140137577:T>A","NM_006088.6:c.907T>A","NP_006079.1:p.Cys303Ser","Unknown significance","null","missense_variant","4/4","null","303","MODERATE","15.08","Tubulin/FtsZ&_2-layer_sandwich_domain&Tubulin/FtsZ&_2-layer_sandwich_domain","0.000893735","gnomad_AF_nfe_pass","11.761800122620894","0.0761143570192931","90.16","-1.4","1.4"
"9:140137581:A>C","NM_006088.6:c.911A>C","NP_006079.1:p.Asp304Ala","Unknown significance","null","missense_variant","4/4","null","304","MODERATE","25.2","Tubulin/FtsZ&_2-layer_sandwich_domain&Tubulin/FtsZ&_2-layer_sandwich_domain","0","null","27.642995588962798","0.17279049403326568","90.78","-0.5","0.5"
"9:140137587:G>A","NM_006088.6:c.917G>A","NP_006079.1:p.Arg306His","Unknown significance","null","missense_variant","4/4","null","306","MODERATE","23.3","Tubulin/FtsZ&_2-layer_sandwich_domain&Tubulin/FtsZ&_2-layer_sandwich_domain","0.00501555","gnomad_AF_eas_pass","149.63953040532704","0.5554020906453166","89.14","-0.2","0.2"
"9:140137589:C>T","NM_006088.6:c.919C>T","NP_006079.1:p.His307Tyr","Unknown significance","null","missense_variant","4/4","null","307","MODERATE","23.0","Tubulin/FtsZ&_2-layer_sandwich_domain&Tubulin/FtsZ&_2-layer_sandwich_domain","0.000889569","gnomad_AF_nfe_pass","131.89780398615264","0.6421436913962444","92.46","0.3","0.3"
"9:140137613:G>A","NM_006088.6:c.943G>A","NP_006079.1:p.Ala315Thr","Unknown significance","null","missense_variant","4/4","null","315","MODERATE","15.62","Tubulin/FtsZ&_2-layer_sandwich_domain&Tubulin/FtsZ&_2-layer_sandwich_domain","0.0017701","gnomad_AF_nfe_pass","0.0017280247749254039","1.3589511681310734E-5","94.87","-0.3","0.3"
"9:140137613:G>T","NM_006088.6:c.943G>T","NP_006079.1:p.Ala315Ser","Unknown significance","null","missense_variant","4/4","null","315","MODERATE","18.48","Tubulin/FtsZ&_2-layer_sandwich_domain&Tubulin/FtsZ&_2-layer_sandwich_domain","0.00088505","gnomad_AF_nfe_pass","0.0017280247749254039","1.3589511681310734E-5","94.87","-1.2","1.2"
"9:140137616:G>A","NM_006088.6:c.946G>A","NP_006079.1:p.Val316Met","Unknown significance","null","missense_variant","4/4","null","316","MODERATE","13.12","Tubulin/FtsZ&_2-layer_sandwich_domain&Tubulin/FtsZ&_2-layer_sandwich_domain","0.00176903","gnomad_AF_nfe_pass","0.1391825895271366","8.097090059988012E-4","94.17","-0.2","0.2"
"9:140137616:G>C","NM_006088.6:c.946G>C","NP_006079.1:p.Val316Leu","Unknown significance","null","missense_variant","4/4","null","316","MODERATE","12.75","Tubulin/FtsZ&_2-layer_sandwich_domain&Tubulin/FtsZ&_2-layer_sandwich_domain","0","gnomad_AF_afr_pass,gnomad_AF_sas_pass,gnomad_AF_amr_pass,gnomad_AF_eas_pass,gnomad_AF_nfe_pass","0.1391825895271366","8.097090059988012E-4","94.17","0.3","0.3"
"9:140137629:G>A","NM_006088.6:c.959G>A","NP_006079.1:p.Arg320His","Unknown significance","null","missense_variant","4/4","null","320","MODERATE","23.3","Tubulin/FtsZ&_2-layer_sandwich_domain&Tubulin/FtsZ&_2-layer_sandwich_domain","0.00289218","gnomad_AF_amr_pass","233.44772587473568","0.8664645943222453","88.86","-0.0","0.0"
"9:140137651:T>A","NM_006088.6:c.981T>A","NP_006079.1:p.Asp327Glu","Likely benign","null","missense_variant","4/4","null","327","MODERATE","7.393","Tubulin/FtsZ&_2-layer_sandwich_domain&Tubulin/FtsZ&_2-layer_sandwich_domain","0","null","55.62119468342107","0.3476762739819034","94.5","0.1","0.1"
"9:140137671:A>C","NM_006088.6:c.1001A>C","NP_006079.1:p.Gln334Pro","Unknown significance","null","missense_variant","4/4","null","334","MODERATE","25.2","Tubulin/FtsZ&_2-layer_sandwich_domain&Tubulin/FtsZ&_2-layer_sandwich_domain","0","null","40.46574711679608","0.2046290733116129","92.14","-0.6","0.6"
"9:140137683:G>T","NM_006088.6:c.1013G>T","NP_006079.1:p.Ser338Ile","Unknown significance","null","missense_variant","4/4","null","338","MODERATE","28.1","Tubulin/FtsZ&_2-layer_sandwich_domain&Tubulin/FtsZ&_2-layer_sandwich_domain","0.00289168","gnomad_AF_amr_pass","95.8925374635673","0.6953410515445698","90.84","0.3","0.3"
"9:140137707:C>T","NM_006088.6:c.1037C>T","NP_006079.1:p.Pro346Leu","Unknown significance","null","missense_variant","4/4","null","346","MODERATE","27.1","Tubulin/FtsZ&_2-layer_sandwich_domain&Tubulin/FtsZ&_2-layer_sandwich_domain","0.000881756","gnomad_AF_nfe_pass","126.53667268996023","0.8044283801833338","87.31","-0.2","0.2"
"9:140137739:C>G","NM_006088.6:c.1069C>G","NP_006079.1:p.Pro357Ala","Unknown significance","null","missense_variant","4/4","null","357","MODERATE","18.45","Tubulin/FtsZ&_2-layer_sandwich_domain&Tubulin/FtsZ&_2-layer_sandwich_domain","0.00543833","gnomad_AF_eas_pass","28.525713540705272","0.1813457952490006","89.31","-0.5","0.5"
"9:140137746:G>A","NM_006088.6:c.1076G>A","NP_006079.1:p.Arg359Gln","Unknown significance","null","missense_variant","4/4","null","359","MODERATE","21.6","Tubulin/FtsZ&_2-layer_sandwich_domain&Tubulin/FtsZ&_2-layer_sandwich_domain","0.000881197","gnomad_AF_nfe_pass","92.03925388000269","0.34161290060135596","84.42","-0.3","0.3"
"9:140137763:G>A","NM_006088.6:c.1093G>A","NP_006079.1:p.Ala365Thr","Unknown significance","null","missense_variant","4/4","null","365","MODERATE","23.4","Tubulin/FtsZ&_2-layer_sandwich_domain&Tubulin/FtsZ&_2-layer_sandwich_domain","0.00289118","gnomad_AF_amr_pass","0.0","0.0","95.73","-0.3","0.3"
"9:140137766:A>G","NM_006088.6:c.1096A>G","NP_006079.1:p.Thr366Ala","Unknown significance","null","missense_variant","4/4","null","366","MODERATE","25.5","Tubulin/FtsZ&_2-layer_sandwich_domain&Tubulin/FtsZ&_2-layer_sandwich_domain","0","null","0.0","0.0","95.79","-0.0","0.0"
"9:140137785:C>T","NM_006088.6:c.1115C>T","NP_006079.1:p.Thr372Met","Unknown significance","null","missense_variant","4/4","null","372","MODERATE","29.2","Tubulin/FtsZ&_2-layer_sandwich_domain&Tubulin/FtsZ&_2-layer_sandwich_domain","0.000881073","gnomad_AF_nfe_pass","0.0","0.0","97.25","-0.2","0.2"
"9:140137790:A>C","NM_006088.6:c.1120A>C","NP_006079.1:p.Ile374Leu","Unknown significance","null","missense_variant","4/4","null","374","MODERATE","26.3","Tubulin/FtsZ&_2-layer_sandwich_domain&Tubulin/FtsZ&_2-layer_sandwich_domain","0.000881104","gnomad_AF_nfe_pass","0.0","0.0","97.04","-0.9","0.9"
"9:140137790:A>G","NM_006088.6:c.1120A>G","NP_006079.1:p.Ile374Val","Unknown significance","null","missense_variant","4/4","null","374","MODERATE","22.6","Tubulin/FtsZ&_2-layer_sandwich_domain&Tubulin/FtsZ&_2-layer_sandwich_domain","0","null","0.0","0.0","97.04","-0.7","0.7"
"9:140137804:C>A","NM_006088.6:c.1134C>A","NP_006079.1:p.Phe378Leu","Unknown significance","null","missense_variant","4/4","null","378","MODERATE","25.7","Tubulin/FtsZ&_2-layer_sandwich_domain&Tubulin/FtsZ&_2-layer_sandwich_domain","0.000881104","gnomad_AF_nfe_pass","0.0","0.0","96.94","-0.6","0.6"
"9:140137805:A>G","NM_006088.6:c.1135A>G","NP_006079.1:p.Lys379Glu","Unknown significance","null","missense_variant","4/4","null","379","MODERATE","27.3","Tubulin/FtsZ&_2-layer_sandwich_domain&Tubulin/FtsZ&_2-layer_sandwich_domain","0.000881057","gnomad_AF_nfe_pass","98.19840010219599","0.4148385700467224","96.2","0.2","0.2"
"9:140137826:A>G","NM_006088.6:c.1156A>G","NP_006079.1:p.Thr386Ala","Unknown significance","null","missense_variant","4/4","null","386","MODERATE","21.2","null","0.00289101","gnomad_AF_amr_pass","16.754081563012907","0.10648492558588768","96.48","-0.2","0.2"
"9:140137839:G>A","NM_006088.6:c.1169G>A","NP_006079.1:p.Arg390Gln","Unknown significance","null","missense_variant","4/4","null","390","MODERATE","23.7","null","0","gnomad_AF_afr_pass,gnomad_AF_sas_pass,gnomad_AF_amr_pass,gnomad_AF_eas_pass,gnomad_AF_nfe_pass","210.88732522549353","0.7827294098262441","95.3","-0.0","0.0"
"9:140137841:C>T","NM_006088.6:c.1171C>T","NP_006079.1:p.Arg391Cys","Likely pathogenic","Leber congenital amaurosis with hearing loss","missense_variant","4/4","null","391","MODERATE","24.0","null","0","null","219.41953488477455","0.8143975597446038","95.83","-0.3","0.3"
"9:140137842:G>A","NM_006088.6:c.1172G>A","NP_006079.1:p.Arg391His","Likely pathogenic","Leber congenital amaurosis with hearing loss","missense_variant","4/4","null","391","MODERATE","31","null","0","null","219.41953488477455","0.8143975597446038","95.83","-0.1","0.1"
"9:140137952:G>T","NM_006088.6:c.1282G>T","NP_006079.1:p.Ala428Ser","Unknown significance","null","missense_variant","4/4","null","428","MODERATE","21.2","null","0","null","5.161583564333746","0.040591663475775634","84.24","-0.0","0.0"
"9:140137961:G>A","NM_006088.6:c.1291G>A","NP_006079.1:p.Glu431Lys","Unknown significance","null","missense_variant","4/4","null","431","MODERATE","17.90","null","0.00326627","gnomad_AF_sas_pass","186.5507368903099","0.9553436936647618","66.82","0.0","0.0"
"9:140137973:G>A","NM_006088.6:c.1303G>A","NP_006079.1:p.Glu435Lys","Unknown significance","null","missense_variant","4/4","null","435","MODERATE","22.7","null","0.00326648","gnomad_AF_sas_pass","116.90383086784007","0.5986754029843993","53.32","0.3","0.3"
"9:140137979:G>A","NM_006088.6:c.1309G>A","NP_006079.1:p.Glu437Lys","Unknown significance","null","missense_variant","4/4","null","437","MODERATE","24.4","null","0.000881166","gnomad_AF_nfe_pass","92.73936099554933","0.4749269027744051","51.64","0.4","0.4"
"9:140137981:G>T","NM_006088.6:c.1311G>T","NP_006079.1:p.Glu437Asp","Unknown significance","null","missense_variant","4/4","null","437","MODERATE","23.1","null","0.00543892","gnomad_AF_eas_pass","92.73936099554933","0.4749269027744051","51.64","0.0","0.0"
"9:140137986:A>C","NM_006088.6:c.1316A>C","NP_006079.1:p.Glu439Ala","Unknown significance","null","missense_variant","4/4","null","439","MODERATE","24.3","null","0.0108755","gnomad_AF_eas_pass","63.750001435701684","0.3264696932209257","52.2","-0.1","0.1"
"9:140137989:C>G","NM_006088.6:c.1319C>G","NP_006079.1:p.Ala440Gly","Unknown significance","null","missense_variant","4/4","null","440","MODERATE","13.53","null","0.000881508","gnomad_AF_nfe_pass","16.384132655022857","0.12884789925143827","52.96","-0.5","0.5"
"9:140138000:G>A","NM_006088.6:c.1330G>A","NP_006079.1:p.Val444Met","Unknown significance","null","missense_variant","4/4","null","444","MODERATE","23.6","null","0.00289151","gnomad_AF_amr_pass","129.0417101301256","0.7507133988297986","42.16","-0.1","0.1"
"9:140138001:T>C","NM_006088.6:c.1331T>C","NP_006079.1:p.Val444Ala","Likely benign","null","missense_variant","4/4","null","444","MODERATE","21.1","null","0.00176333","gnomad_AF_nfe_pass","129.0417101301256","0.7507133988297986","42.16","-0.3","0.3"
"9:140138004:C>G","NM_006088.6:c.1334C>G","NP_006079.1:p.Ala445Gly","Unknown significance","null","missense_variant","4/4","null","445","MODERATE","24.8","null","0.00653339","gnomad_AF_sas_pass","147.0354956548357","1.156314779025642","36.45","-0.1","0.1"
"9:140138004:C>T","NM_006088.6:c.1334C>T","NP_006079.1:p.Ala445Val","Unknown significance","null","missense_variant","4/4","null","445","MODERATE","27.7","null","0.00846788","gnomad_AF_amr_pass","147.0354956548357","1.156314779025642","36.45","-0.0","0.0"