{"applied_filters": "CONTAINS missense_variant[Consequence]"},
"Genomic Description (GRCh37)","HGVS Nucleotide Change","HGVS Protein Change","Variant Classification","Phenotype","Consequence","Exon","Intron","Protein Position","Impact","CADD Phred","Interpro Domain","Max MAF (%)","Max MAF Source","Surface Area","Normalized SA","Confidence Score","ddG","|ddG|"
"3:155546007:T>C","NM_004733.4:c.1642A>G","NP_004724.1:p.Asn548Asp","Unknown significance","Spastic paraplegia","missense_variant","6/6","null","548","MODERATE","12.78","null","0.0237471","gnomad_AF_nfe_pass","171.38730798877134","1.0723295280466618","52.86","-0.0","0.0"
"3:155546013:T>C","NM_004733.4:c.1636A>G","NP_004724.1:p.Lys546Glu","Unknown significance","null","missense_variant","6/6","null","546","MODERATE","20.3","null","0.00615385","gnomad_AF_afr_pass","172.19188491934347","0.7274236162631006","68.82","0.1","0.1"
"3:155546014:G>C","NM_004733.4:c.1635C>G","NP_004724.1:p.Cys545Trp","Unknown significance","null","missense_variant","6/6","null","545","MODERATE","27.3","null","0.000879446","gnomad_AF_nfe_pass","12.72041303795069","0.0823178466994475","73.96","1.1","1.1"
"3:155546018:T>C","NM_004733.4:c.1631A>G","NP_004724.1:p.Lys544Arg","Unknown significance","null","missense_variant","6/6","null","544","MODERATE","20.3","null","0","gnomad_AF_afr_pass,gnomad_AF_sas_pass,gnomad_AF_amr_pass,gnomad_AF_eas_pass,gnomad_AF_nfe_pass","90.23462766858853","0.3811956597233663","82.92","0.6","0.6"
"3:155546024:G>A","NM_004733.4:c.1625C>T","NP_004724.1:p.Ser542Leu","Unknown significance","null","missense_variant","6/6","null","542","MODERATE","24.0","null","0.00175886","gnomad_AF_nfe_pass","23.45401538858723","0.1700709998360291","87.05","0.8","0.8"
"3:155546031:A>T","NM_004733.4:c.1618T>A","NP_004724.1:p.Ser540Thr","Likely benign","null","missense_variant","6/6","null","540","MODERATE","15.62","null","0.00087943","gnomad_AF_nfe_pass","79.037364951803","0.5731199310246529","80.2","0.2","0.2"
"3:155546048:T>C","NM_004733.4:c.1601A>G","NP_004724.1:p.Lys534Arg","Likely benign","null","missense_variant","6/6","null","534","MODERATE","17.10","null","0.000879523","gnomad_AF_nfe_pass","150.08453630459437","0.6340312506306404","94.62","0.4","0.4"
"3:155546060:G>A","NM_004733.4:c.1589C>T","NP_004724.1:p.Pro530Leu","Unknown significance","null","missense_variant","6/6","null","530","MODERATE","24.8","null","0.0061546","gnomad_AF_afr_pass","67.40134381875058","0.42848885368707357","96.28","0.9","0.9"
"3:155546070:A>C","NM_004733.4:c.1579T>G","NP_004724.1:p.Phe527Val","Likely benign","null","missense_variant","6/6","null","527","MODERATE","21.1","null","0.180415","gnomad_AF_eas_pass","170.9230687974483","0.7439511908422014","97.48","-0.1","0.1"
"3:155546071:G>T","NM_004733.4:c.1578C>A","NP_004724.1:p.Phe526Leu","Unknown significance","null","missense_variant","6/6","null","526","MODERATE","20.7","null","0.000879832","gnomad_AF_nfe_pass","151.4517652084293","0.6592013698015615","97.55","0.0","0.0"
"3:155546090:A>C","NM_004733.4:c.1559T>G","NP_004724.1:p.Ile520Ser","Unknown significance","null","missense_variant","6/6","null","520","MODERATE","26.4","null","0.000879972","gnomad_AF_nfe_pass","85.70786325504186","0.43693119151186277","97.88","-1.9","1.9"
"3:155546090:A>G","NM_004733.4:c.1559T>C","NP_004724.1:p.Ile520Thr","Unknown significance","null","missense_variant","6/6","null","520","MODERATE","26.5","null","0.163335","gnomad_AF_sas_pass","85.70786325504186","0.43693119151186277","97.88","-1.4","1.4"
"3:155546091:T>C","NM_004733.4:c.1558A>G","NP_004724.1:p.Ile520Val","Unknown significance","null","missense_variant","6/6","null","520","MODERATE","18.73","null","0.00176007","gnomad_AF_nfe_pass","85.70786325504186","0.43693119151186277","97.88","-0.1","0.1"
"3:155546094:A>G","NM_004733.4:c.1555T>C","NP_004724.1:p.Phe519Leu","Likely benign","null","missense_variant","6/6","null","519","MODERATE","15.52","null","0.00615688","gnomad_AF_afr_pass","144.84820011773485","0.6304590230394171","97.86","0.2","0.2"
"3:155546115:C>T","NM_004733.4:c.1534G>A","NP_004724.1:p.Val512Met","Unknown significance","null","missense_variant","6/6","null","512","MODERATE","26.9","null","0.00543656","gnomad_AF_eas_pass","37.0502061690544","0.21554337874527457","96.44","-0.4","0.4"
"3:155546118:A>G","NM_004733.4:c.1531T>C","NP_004724.1:p.Tyr511His","Unknown significance","null","missense_variant","6/6","null","511","MODERATE","28.3","null","0.055541","gnomad_AF_sas_pass","49.21154336318614","0.2051235486252449","97.33","-1.7","1.7"
"3:155546124:C>T","NM_004733.4:c.1525G>A","NP_004724.1:p.Gly509Ser","Unknown significance","Spastic paraplegia; 9 conditions; Cerebellar ataxia","missense_variant","6/6","null","509","MODERATE","31","null","0.372168","gnomad_AF_nfe_pass","0.0","0.0","94.69","0.6","0.6"
"3:155546127:C>G","NM_004733.4:c.1522G>C","NP_004724.1:p.Asp508His","Unknown significance","null","missense_variant","6/6","null","508","MODERATE","28.6","null","0.00326691","gnomad_AF_sas_pass","14.67233768320378","0.09171366644199531","93.63","1.1","1.1"
"3:155546144:G>A","NM_004733.4:c.1505C>T","NP_004724.1:p.Ser502Leu","Unknown significance","null","missense_variant","6/6","null","502","MODERATE","22.7","null","0.0200674","gnomad_AF_afr_pass","68.35984258213654","0.4956945147326357","89.55","0.4","0.4"
"3:155546151:C>A","NM_004733.4:c.1498G>T","NP_004724.1:p.Gly500Cys","Unknown significance","Spastic paraplegia","missense_variant","6/6","null","500","MODERATE","32","null","0.0141195","gnomad_AF_amr_pass","75.72405197525806","0.7942011480863616","88.72","0.0","0.0"
"3:155546151:C>G","NM_004733.4:c.1498G>C","NP_004724.1:p.Gly500Arg","Unknown significance","null","missense_variant","6/6","null","500","MODERATE","31","null","0.00088129","gnomad_AF_nfe_pass","75.72405197525806","0.7942011480863616","88.72","0.2","0.2"
"3:155546155:T>G","NM_004733.4:c.1494A>C","NP_004724.1:p.Lys498Asn","Unknown significance","null","missense_variant","6/6","null","498","MODERATE","20.3","null","0.00326819","gnomad_AF_sas_pass","176.47534140885486","0.7455190532877056","90.56","0.1","0.1"
"3:155546160:T>C","NM_004733.4:c.1489A>G","NP_004724.1:p.Lys497Glu","Unknown significance","null","missense_variant","6/6","null","497","MODERATE","21.4","null","0","null","149.81975555959312","0.6329126859135176","89.43","-0.0","0.0"
"3:155546162:C>A","NM_004733.4:c.1487G>T","NP_004724.1:p.Cys496Phe","Unknown significance","null","missense_variant","6/6","null","496","MODERATE","31","null","0.000882208","gnomad_AF_nfe_pass","0.0","0.0","89.02","1.1","1.1"
"3:155547482:C>T","NM_004733.4:c.1477G>A","NP_004724.1:p.Val493Ile","Likely benign","null","missense_variant","5/6","null","493","MODERATE","16.65","null","0.0160218","gnomad_AF_afr_pass","37.34493789867365","0.21725801084571972","84.81","0.1","0.1"
"3:155547496:C>T","NM_004733.4:c.1463G>A","NP_004724.1:p.Arg488Gln","Likely benign","null","missense_variant","5/6","null","488","MODERATE","23.0","null","0.00282167","gnomad_AF_amr_pass","178.99581928905218","0.6643608943480874","80.62","-0.1","0.1"
"3:155547502:T>C","NM_004733.4:c.1457A>G","NP_004724.1:p.Asn486Ser","Likely benign","null","missense_variant","5/6","null","486","MODERATE","12.17","null","0.00326627","gnomad_AF_sas_pass","63.08528331853994","0.39470957844843413","83.5","0.0","0.0"
"3:155547508:T>G","NM_004733.4:c.1451A>C","NP_004724.1:p.Asn484Thr","Unknown significance","null","missense_variant","5/6","null","484","MODERATE","16.68","null","0.28951","gnomad_AF_nfe_pass","171.45701498804135","1.0727656681232283","78.94","0.1","0.1"
"3:155547515:C>T","NM_004733.4:c.1444G>A","NP_004724.1:p.Ala482Thr","Unknown significance","null","missense_variant","5/6","null","482","MODERATE","22.4","null","0.000879059","gnomad_AF_nfe_pass","29.024744287091917","0.22825604543402428","83.87","0.2","0.2"
"3:155547521:C>A","NM_004733.4:c.1438G>T","NP_004724.1:p.Val480Leu","Likely benign","null","missense_variant","5/6","null","480","MODERATE","20.8","null","0.000879105","gnomad_AF_nfe_pass","96.37468570055508","0.5606696299239975","88.73","-0.0","0.0"
"3:155547521:C>T","NM_004733.4:c.1438G>A","NP_004724.1:p.Val480Ile","Likely benign","null","missense_variant","5/6","null","480","MODERATE","21.2","null","0.000879105","gnomad_AF_nfe_pass","96.37468570055508","0.5606696299239975","88.73","0.0","0.0"
"3:155547526:T>C","NM_004733.4:c.1433A>G","NP_004724.1:p.Glu478Gly","Unknown significance","null","missense_variant","5/6","null","478","MODERATE","23.1","null","0.00289084","gnomad_AF_amr_pass","72.16445184345021","0.36956087724248293","89.49","-0.2","0.2"
"3:155547530:T>C","NM_004733.4:c.1429A>G","NP_004724.1:p.Lys477Glu","Unknown significance","null","missense_variant","5/6","null","477","MODERATE","28.0","null","0.00578168","gnomad_AF_amr_pass","86.98519855230847","0.3674684653224093","90.08","0.0","0.0"
"3:155547541:G>T","NM_004733.4:c.1418C>A","NP_004724.1:p.Pro473His","Unknown significance","null","missense_variant","5/6","null","473","MODERATE","22.7","null","0.00578168","gnomad_AF_amr_pass","79.68264887925176","0.506564482880856","91.94","0.5","0.5"
"3:155547545:C>G","NM_004733.4:c.1414G>C","NP_004724.1:p.Asp472His","Unknown significance","null","missense_variant","5/6","null","472","MODERATE","29.4","null","0.000879059","gnomad_AF_nfe_pass","47.021208424128424","0.29391958651870403","93.27","0.5","0.5"
"3:155547559:G>A","NM_004733.4:c.1400C>T","NP_004724.1:p.Ala467Val","Unknown significance","null","missense_variant","5/6","null","467","MODERATE","22.6","null","0.00615157","gnomad_AF_afr_pass","0.0","0.0","97.35","1.5","1.5"
"3:155547563:C>A","NM_004733.4:c.1396G>T","NP_004724.1:p.Val466Leu","Unknown significance","null","missense_variant","5/6","null","466","MODERATE","20.7","null","0.00175799","gnomad_AF_nfe_pass","60.854567645419735","0.3540276958926139","97.27","0.2","0.2"
"3:155547563:C>T","NM_004733.4:c.1396G>A","NP_004724.1:p.Val466Ile","Unknown significance","null","missense_variant","5/6","null","466","MODERATE","22.4","null","0.000878997","gnomad_AF_nfe_pass","60.854567645419735","0.3540276958926139","97.27","0.2","0.2"
"3:155547566:T>C","NM_004733.4:c.1393A>G","NP_004724.1:p.Thr465Ala","Unknown significance","null","missense_variant","5/6","null","465","MODERATE","26.1","null","0.0064792","gnomad_AF_nfe_pass","13.374677452484281","0.08500624327908086","96.75","0.0","0.0"
"3:155547573:C>G","NM_004733.4:c.1386G>C","NP_004724.1:p.Trp462Cys","Unknown significance","null","missense_variant","5/6","null","462","MODERATE","31","null","0.00543715","gnomad_AF_eas_pass","84.31651199238105","0.3214161314206493","95.75","-0.9","0.9"
"3:155547575:A>T","NM_004733.4:c.1384T>A","NP_004724.1:p.Trp462Arg","Unknown significance","null","missense_variant","5/6","null","462","MODERATE","29.8","null","0","null","84.31651199238105","0.3214161314206493","95.75","-1.2","1.2"
"3:155547587:G>T","NM_004733.4:c.1372C>A","NP_004724.1:p.Leu458Met","Unknown significance","null","missense_variant","5/6","null","458","MODERATE","25.6","null","0.00289101","gnomad_AF_amr_pass","37.65450217145821","0.19525155308295528","92.94","-0.8","0.8"
"3:155547596:C>T","NM_004733.4:c.1363G>A","NP_004724.1:p.Val455Met","Unknown significance","null","missense_variant","5/6","null","455","MODERATE","27.7","null","0.00653253","gnomad_AF_sas_pass","13.2053997679905","0.07682376909557105","91.4","-0.4","0.4"
"3:155547598:G>C","NM_004733.4:c.1361C>G","NP_004724.1:p.Thr454Ser","Unknown significance","null","missense_variant","5/6","null","454","MODERATE","27.0","null","0.00326627","gnomad_AF_sas_pass","1.6654730905727952","0.010585347662772738","87.34","-0.9","0.9"
"3:155547604:A>G","NM_004733.4:c.1355T>C","NP_004724.1:p.Leu452Ser","Unknown significance","null","missense_variant","5/6","null","452","MODERATE","26.3","null","0","null","0.0","0.0","88.13","-3.4","3.4"
"3:155547616:T>C","NM_004733.4:c.1343A>G","NP_004724.1:p.Tyr448Cys","Unknown significance","null","missense_variant","5/6","null","448","MODERATE","29.4","null","0.000879121","gnomad_AF_nfe_pass","0.0","0.0","75.55","-1.5","1.5"
"3:155547622:C>A","NM_004733.4:c.1337G>T","NP_004724.1:p.Gly446Val","Unknown significance","null","missense_variant","5/6","null","446","MODERATE","29.5","null","0.00543715","gnomad_AF_eas_pass","62.29858157038123","0.6533935218299575","61.09","0.1","0.1"
"3:155547644:C>T","NM_004733.4:c.1315G>A","NP_004724.1:p.Val439Ile","Unknown significance","null","missense_variant","5/6","null","439","MODERATE","18.70","null","0.00578235","gnomad_AF_amr_pass","3.892381867056703","0.022644331185746124","84.09","0.2","0.2"
"3:155547647:T>C","NM_004733.4:c.1312A>G","NP_004724.1:p.Lys438Glu","Unknown significance","null","missense_variant","5/6","null","438","MODERATE","27.9","null","0.00326648","gnomad_AF_sas_pass","90.86082655212039","0.3838410332644715","82.8","0.2","0.2"
"3:155547656:A>G","NM_004733.4:c.1303T>C","NP_004724.1:p.Phe435Leu","Unknown significance","null","missense_variant","5/6","null","435","MODERATE","29.7","null","0.000879368","gnomad_AF_nfe_pass","0.0","0.0","89.42","0.1","0.1"
"3:155547659:C>T","NM_004733.4:c.1300G>A","NP_004724.1:p.Ala434Thr","Unknown significance","Spastic paraplegia","missense_variant","5/6","null","434","MODERATE","27.0","null","0","null","19.792217047651487","0.15564971560069685","84.51","-0.3","0.3"
"3:155547660:C>T","NM_004733.4:c.1299G>A","NP_004724.1:p.Met433Ile","Unknown significance","null","missense_variant","5/6","null","433","MODERATE","28.9","null","0.00648256","gnomad_AF_nfe_pass","41.15082372255452","0.19004396334342166","84.36","0.3","0.3"
"3:155547661:A>G","NM_004733.4:c.1298T>C","NP_004724.1:p.Met433Thr","Unknown significance","null","missense_variant","5/6","null","433","MODERATE","26.3","null","0","null","41.15082372255452","0.19004396334342166","84.36","-0.9","0.9"
"3:155547665:T>C","NM_004733.4:c.1294A>G","NP_004724.1:p.Ile432Val","Unknown significance","null","missense_variant","5/6","null","432","MODERATE","14.67","null","0.00615309","gnomad_AF_afr_pass","0.21124973229540323","0.0010769326609360178","91.7","-0.2","0.2"
"3:155547667:G>C","NM_004733.4:c.1292C>G","NP_004724.1:p.Ser431Cys","Unknown significance","null","missense_variant","5/6","null","431","MODERATE","24.2","null","0.00282358","gnomad_AF_amr_pass","0.0","0.0","91.54","1.2","1.2"
"3:155547671:C>T","NM_004733.4:c.1288G>A","NP_004724.1:p.Val430Ile","Unknown significance","null","missense_variant","5/6","null","430","MODERATE","26.6","null","0","null","14.308420322806588","0.08324070443260362","87.9","0.1","0.1"
"3:155547675:C>G","NM_004733.4:c.1284G>C","NP_004724.1:p.Met428Ile","Unknown significance","null","missense_variant","5/6","null","428","MODERATE","25.4","null","0.00653467","gnomad_AF_sas_pass","0.21309675871671946","9.841298165792396E-4","94.37","0.6","0.6"
"3:155547675:C>T","NM_004733.4:c.1284G>A","NP_004724.1:p.Met428Ile","Unknown significance","null","missense_variant","5/6","null","428","MODERATE","25.4","null","0.00289385","gnomad_AF_amr_pass","0.21309675871671946","9.841298165792396E-4","94.37","0.6","0.6"
"3:155547676:A>G","NM_004733.4:c.1283T>C","NP_004724.1:p.Met428Thr","Unknown significance","null","missense_variant","5/6","null","428","MODERATE","27.3","null","0.000879786","gnomad_AF_nfe_pass","0.21309675871671946","9.841298165792396E-4","94.37","-1.3","1.3"
"3:155547691:A>G","NM_004733.4:c.1268T>C","NP_004724.1:p.Val423Ala","Unknown significance","null","missense_variant&splice_region_variant","5/6","null","423","MODERATE","23.1","null","0.0320873","gnomad_AF_afr_pass","59.79316333728208","0.3478528673438361","95.1","-1.2","1.2"
"3:155551268:C>T","NM_004733.4:c.1255G>A","NP_004724.1:p.Ala419Thr","Unknown significance","null","missense_variant","4/6","null","419","MODERATE","25.5","null","0.00326797","gnomad_AF_sas_pass","17.836813801450106","0.14027205687640357","94.9","-0.3","0.3"
"3:155551286:C>T","NM_004733.4:c.1237G>A","NP_004724.1:p.Val413Ile","Likely benign","null","missense_variant","4/6","null","413","MODERATE","0.005","null","0","null","59.27083369025684","0.3448141609888717","96.31","0.1","0.1"
"3:155551289:T>A","NM_004733.4:c.1234A>T","NP_004724.1:p.Ile412Phe","Likely benign","null","missense_variant","4/6","null","412","MODERATE","11.24","null","0.00648256","gnomad_AF_nfe_pass","94.53229031316988","0.4819173489364627","94.7","-0.2","0.2"
"3:155551289:T>C","NM_004733.4:c.1234A>G","NP_004724.1:p.Ile412Val","Likely benign","null","missense_variant","4/6","null","412","MODERATE","0.760","null","0.000881461","gnomad_AF_nfe_pass","94.53229031316988","0.4819173489364627","94.7","-0.2","0.2"
"3:155551291:T>C","NM_004733.4:c.1232A>G","NP_004724.1:p.Tyr411Cys","Unknown significance","null","missense_variant","4/6","null","411","MODERATE","28.3","null","0.00088143","gnomad_AF_nfe_pass","41.70545687819182","0.1738366799178957","93.64","-1.4","1.4"
"3:155551300:A>G","NM_004733.4:c.1223T>C","NP_004724.1:p.Ile408Thr","Likely benign","null","missense_variant","4/6","null","408","MODERATE","14.95","null","0.0141187","gnomad_AF_amr_pass","163.40321046130705","0.8330152769211946","90.53","-0.4","0.4"
"3:155551310:C>T","NM_004733.4:c.1213G>A","NP_004724.1:p.Gly405Arg","Unknown significance","null","missense_variant","4/6","null","405","MODERATE","26.4","null","0.00618353","gnomad_AF_afr_pass","34.18197122760397","0.35850380539182086","85.97","0.7","0.7"
"3:155551313:C>T","NM_004733.4:c.1210G>A","NP_004724.1:p.Gly404Arg","Unknown significance","null","missense_variant","4/6","null","404","MODERATE","24.5","null","0.000882441","gnomad_AF_nfe_pass","91.22372492132075","0.9567632103060141","75.71","0.1","0.1"
"3:155551318:T>G","NM_004733.4:c.1205A>C","NP_004724.1:p.His402Pro","Unknown significance","null","missense_variant","4/6","null","402","MODERATE","22.4","null","0","null","109.2124177804774","0.5317000206252656","84.0","-0.3","0.3"
"3:155551319:G>A","NM_004733.4:c.1204C>T","NP_004724.1:p.His402Tyr","Unknown significance","null","missense_variant","4/6","null","402","MODERATE","22.2","null","0.00289436","gnomad_AF_amr_pass","109.2124177804774","0.5317000206252656","84.0","0.6","0.6"
"3:155551322:C>T","NM_004733.4:c.1201G>A","NP_004724.1:p.Glu401Lys","Likely benign","null","missense_variant","4/6","null","401","MODERATE","19.97","null","0","null","72.46849371215485","0.37111790396196365","88.8","-0.0","0.0"
"3:155551328:T>C","NM_004733.4:c.1195A>G","NP_004724.1:p.Lys399Glu","Likely benign","null","missense_variant","4/6","null","399","MODERATE","22.3","null","0.00176544","gnomad_AF_nfe_pass","155.69376798563184","0.6577274172402868","92.59","0.0","0.0"
"3:155551346:G>C","NM_004733.4:c.1177C>G","NP_004724.1:p.Leu393Val","Unknown significance","null","missense_variant","4/6","null","393","MODERATE","21.8","null","0.0150482","gnomad_AF_eas_pass","6.775388852193195","0.035132723043525285","96.98","-0.5","0.5"
"3:155551354:T>C","NM_004733.4:c.1169A>G","NP_004724.1:p.Tyr390Cys","Unknown significance","null","missense_variant","4/6","null","390","MODERATE","24.5","null","0.0114758","gnomad_AF_afr_pass","6.832311919282517","0.02847844165046425","97.43","-1.0","1.0"
"3:155551649:T>C","NM_004733.4:c.1145A>G","NP_004724.1:p.Tyr382Cys","Unknown significance","null","missense_variant","3/6","null","382","MODERATE","27.0","null","0.00177933","gnomad_AF_nfe_pass","146.02376347378637","0.6086562318580617","97.76","-0.4","0.4"
"3:155551649:T>G","NM_004733.4:c.1145A>C","NP_004724.1:p.Tyr382Ser","Unknown significance","null","missense_variant","3/6","null","382","MODERATE","26.3","null","0","null","146.02376347378637","0.6086562318580617","97.76","-0.8","0.8"
"3:155551656:T>C","NM_004733.4:c.1138A>G","NP_004724.1:p.Met380Val","Unknown significance","null","missense_variant","3/6","null","380","MODERATE","22.0","null","0.00619348","gnomad_AF_afr_pass","0.0","0.0","97.67","0.4","0.4"
"3:155551665:A>G","NM_004733.4:c.1129T>C","NP_004724.1:p.Tyr377His","Unknown significance","null","missense_variant","3/6","null","377","MODERATE","22.7","null","0.00618582","gnomad_AF_afr_pass","35.10402034236932","0.14632057301064458","96.73","-1.5","1.5"
"3:155551686:G>A","NM_004733.4:c.1108C>T","NP_004724.1:p.Pro370Ser","Unknown significance","null","missense_variant","3/6","null","370","MODERATE","23.0","null","0","gnomad_AF_afr_pass,gnomad_AF_sas_pass,gnomad_AF_amr_pass,gnomad_AF_eas_pass,gnomad_AF_nfe_pass","105.95673201277383","0.673596045246083","84.04","0.0","0.0"
"3:155551691:G>C","NM_004733.4:c.1103C>G","NP_004724.1:p.Ala368Gly","Unknown significance","null","missense_variant","3/6","null","368","MODERATE","23.4","null","0.00543892","gnomad_AF_eas_pass","93.02117882331505","0.7315360373136457","81.63","-0.2","0.2"
"3:155551692:C>A","NM_004733.4:c.1102G>T","NP_004724.1:p.Ala368Ser","Unknown significance","null","missense_variant","3/6","null","368","MODERATE","21.0","null","0.00616219","gnomad_AF_afr_pass","93.02117882331505","0.7315360373136457","81.63","-0.1","0.1"
"3:155551700:T>C","NM_004733.4:c.1094A>G","NP_004724.1:p.Lys365Arg","Unknown significance","null","missense_variant","3/6","null","365","MODERATE","18.73","null","0.00326733","gnomad_AF_sas_pass","174.4948823745003","0.7371526156166973","86.73","0.3","0.3"
"3:155551704:T>C","NM_004733.4:c.1090A>G","NP_004724.1:p.Ser364Gly","Unknown significance","null","missense_variant","3/6","null","364","MODERATE","22.7","null","0.000881399","gnomad_AF_nfe_pass","47.90784432010834","0.3473919006412163","81.31","-0.2","0.2"
"3:155551705:G>C","NM_004733.4:c.1089C>G","NP_004724.1:p.Ile363Met","Unknown significance","null","missense_variant","3/6","null","363","MODERATE","24.6","null","0.00543774","gnomad_AF_eas_pass","7.3825990116536895","0.03763584413506415","88.26","-0.5","0.5"
"3:155551707:T>C","NM_004733.4:c.1087A>G","NP_004724.1:p.Ile363Val","Unknown significance","null","missense_variant","3/6","null","363","MODERATE","22.5","null","0.00326712","gnomad_AF_sas_pass","7.3825990116536895","0.03763584413506415","88.26","-0.2","0.2"
"3:155551709:A>G","NM_004733.4:c.1085T>C","NP_004724.1:p.Ile362Thr","Unknown significance","null","missense_variant","3/6","null","362","MODERATE","23.8","null","0","gnomad_AF_afr_pass,gnomad_AF_sas_pass,gnomad_AF_amr_pass,gnomad_AF_eas_pass,gnomad_AF_nfe_pass","83.51908729210913","0.4257730030666449","89.5","-1.1","1.1"
"3:155551715:G>A","NM_004733.4:c.1079C>T","NP_004724.1:p.Pro360Leu","Unknown significance","null","missense_variant","3/6","null","360","MODERATE","28.8","null","0.000880964","gnomad_AF_nfe_pass","44.598690888162146","0.2835261265116862","82.79","1.5","1.5"
"3:155551719:G>C","NM_004733.4:c.1075C>G","NP_004724.1:p.Leu359Val","Unknown significance","null","missense_variant","3/6","null","359","MODERATE","15.64","null","0.000880824","gnomad_AF_nfe_pass","4.74928310386991","0.024626667425817872","89.07","-0.2","0.2"
"3:155551725:T>C","NM_004733.4:c.1069A>G","NP_004724.1:p.Ile357Val","Unknown significance","null","missense_variant","3/6","null","357","MODERATE","24.5","null","0","null","104.6046542678223","0.5332653795244091","79.33","-0.1","0.1"
"3:155551738:C>T","NM_004733.4:c.1056G>A","NP_004724.1:p.Met352Ile","Unknown significance","null","missense_variant","3/6","null","352","MODERATE","23.5","null","0.000880003","gnomad_AF_nfe_pass","10.160816953844474","0.04692498837288805","86.98","0.6","0.6"
"3:155551739:A>G","NM_004733.4:c.1055T>C","NP_004724.1:p.Met352Thr","Unknown significance","null","missense_variant","3/6","null","352","MODERATE","24.1","null","0.000879956","gnomad_AF_nfe_pass","10.160816953844474","0.04692498837288805","86.98","-1.4","1.4"
"3:155551740:T>A","NM_004733.4:c.1054A>T","NP_004724.1:p.Met352Leu","Unknown significance","null","missense_variant","3/6","null","352","MODERATE","19.63","null","0.000879863","gnomad_AF_nfe_pass","10.160816953844474","0.04692498837288805","86.98","0.6","0.6"
"3:155551740:T>C","NM_004733.4:c.1054A>G","NP_004724.1:p.Met352Val","Unknown significance","null","missense_variant","3/6","null","352","MODERATE","22.0","null","0.00801154","gnomad_AF_afr_pass","10.160816953844474","0.04692498837288805","86.98","0.4","0.4"
"3:155551752:A>C","NM_004733.4:c.1042T>G","NP_004724.1:p.Leu348Val","Unknown significance","null","missense_variant","3/6","null","348","MODERATE","19.57","null","0.00653339","gnomad_AF_sas_pass","12.63950858868041","0.06554020209609454","87.88","-0.3","0.3"
"3:155551757:G>A","NM_004733.4:c.1037C>T","NP_004724.1:p.Ala346Val","Unknown significance","Spastic paraplegia","missense_variant","3/6","null","346","MODERATE","29.7","null","0.00400481","gnomad_AF_afr_pass","6.353205305921577","0.04996280086453832","87.29","0.6","0.6"
"3:155551757:G>C","NM_004733.4:c.1037C>G","NP_004724.1:p.Ala346Gly","Unknown significance","null","missense_variant","3/6","null","346","MODERATE","27.5","null","0.00326669","gnomad_AF_sas_pass","6.353205305921577","0.04996280086453832","87.29","-0.7","0.7"
"3:155551764:G>A","NM_004733.4:c.1030C>T","NP_004724.1:p.His344Tyr","Unknown significance","null","missense_variant","3/6","null","344","MODERATE","24.1","null","0","null","40.91043841035018","0.1991722314059071","90.31","0.9","0.9"
"3:155551770:T>C","NM_004733.4:c.1024A>G","NP_004724.1:p.Lys342Glu","Unknown significance","null","missense_variant","3/6","null","342","MODERATE","28.0","null","0","null","23.765169050850268","0.1003958184218205","91.41","-0.1","0.1"
"3:155551773:G>C","NM_004733.4:c.1021C>G","NP_004724.1:p.Pro341Ala","Unknown significance","null","missense_variant","3/6","null","341","MODERATE","25.7","null","0.000879724","gnomad_AF_nfe_pass","38.91837984682061","0.24741482918747237","91.88","0.3","0.3"
"3:155551788:C>T","NM_004733.4:c.1006G>A","NP_004724.1:p.Val336Ile","Unknown significance","null","missense_variant","3/6","null","336","MODERATE","17.76","null","0.0209114","gnomad_AF_nfe_pass","7.8271012137866895","0.045534965006751554","94.18","0.2","0.2"
"3:155551791:A>C","NM_004733.4:c.1003T>G","NP_004724.1:p.Leu335Val","Unknown significance","null","missense_variant","3/6","null","335","MODERATE","22.5","null","0","gnomad_AF_afr_pass,gnomad_AF_sas_pass,gnomad_AF_amr_pass,gnomad_AF_eas_pass,gnomad_AF_nfe_pass","6.966766997741178","0.03612508459365895","95.59","-0.8","0.8"
"3:155551806:C>T","NM_004733.4:c.988G>A","NP_004724.1:p.Val330Ile","Unknown significance","Spastic paraplegia","missense_variant","3/6","null","330","MODERATE","22.4","null","0","null","0.0","0.0","97.1","0.4","0.4"
"3:155551814:G>C","NM_004733.4:c.980C>G","NP_004724.1:p.Ala327Gly","Unknown significance","null","missense_variant","3/6","null","327","MODERATE","25.1","null","0.00282438","gnomad_AF_amr_pass","0.0","0.0","96.54","-1.6","1.6"
"3:155551817:G>A","NM_004733.4:c.977C>T","NP_004724.1:p.Ala326Val","Unknown significance","null","missense_variant","3/6","null","326","MODERATE","23.7","null","0.00578637","gnomad_AF_amr_pass","0.0","0.0","96.39","1.6","1.6"
"3:155551826:C>G","NM_004733.4:c.968G>C","NP_004724.1:p.Gly323Ala","Unknown significance","null","missense_variant","3/6","null","323","MODERATE","23.0","null","0.00309996","gnomad_AF_nfe_pass","0.0","0.0","96.93","1.4","1.4"
"3:155560226:C>T","NM_004733.4:c.958G>A","NP_004724.1:p.Ala320Thr","Unknown significance","null","missense_variant","2/6","null","320","MODERATE","23.0","null","0","null","0.0","0.0","96.77","-0.2","0.2"
"3:155560228:G>A","NM_004733.4:c.956C>T","NP_004724.1:p.Thr319Ile","Unknown significance","null","missense_variant","2/6","null","319","MODERATE","27.7","null","0.0120376","gnomad_AF_afr_pass","50.72551197365635","0.3223991925493225","96.92","1.5","1.5"
"3:155560245:A>C","NM_004733.4:c.939T>G","NP_004724.1:p.Phe313Leu","Unknown significance","null","missense_variant","2/6","null","313","MODERATE","16.60","null","0.00088129","gnomad_AF_nfe_pass","0.0","0.0","96.2","0.3","0.3"
"3:155560259:C>T","NM_004733.4:c.925G>A","NP_004724.1:p.Ala309Thr","Unknown significance","null","missense_variant","2/6","null","309","MODERATE","22.2","null","0.0197941","gnomad_AF_amr_pass","4.060394642102612","0.031931706778895536","93.46","0.0","0.0"
"3:155560270:A>G","NM_004733.4:c.914T>C","NP_004724.1:p.Ile305Thr","Unknown significance","null","missense_variant","2/6","null","305","MODERATE","23.6","null","0.0108814","gnomad_AF_eas_pass","47.8943966958155","0.24416144587309452","89.79","-1.3","1.3"
"3:155560271:T>C","NM_004733.4:c.913A>G","NP_004724.1:p.Ile305Val","Likely benign","null","missense_variant","2/6","null","305","MODERATE","11.82","null","0.0641026","gnomad_AF_eas_pass","47.8943966958155","0.24416144587309452","89.79","-0.3","0.3"
"3:155560274:T>C","NM_004733.4:c.910A>G","NP_004724.1:p.Ile304Val","Unknown significance","null","missense_variant","2/6","null","304","MODERATE","22.6","null","0.011489","gnomad_AF_afr_pass","0.0","0.0","87.57","-0.3","0.3"
"3:155560280:A>G","NM_004733.4:c.904T>C","NP_004724.1:p.Phe302Leu","Unknown significance","null","missense_variant","2/6","null","302","MODERATE","22.6","null","0.000880793","gnomad_AF_nfe_pass","105.70239054927104","0.4600749324082556","87.19","-0.0","0.0"
"3:155560282:A>C","NM_004733.4:c.902T>G","NP_004724.1:p.Leu301Arg","Unknown significance","null","missense_variant","2/6","null","301","MODERATE","28.0","null","0.0032699","gnomad_AF_sas_pass","2.0208920650925677","0.010479020875794092","83.91","-2.1","2.1"
"3:155560325:C>G","NM_004733.4:c.859G>C","NP_004724.1:p.Val287Leu","Likely benign","null","missense_variant","2/6","null","287","MODERATE","17.13","null","0.00333912","gnomad_AF_sas_pass","97.32711520436634","0.5662104863589512","38.52","-0.0","0.0"
"3:155560325:C>T","NM_004733.4:c.859G>A","NP_004724.1:p.Val287Ile","Likely benign","null","missense_variant","2/6","null","287","MODERATE","17.04","null","0.00333912","gnomad_AF_sas_pass","97.32711520436634","0.5662104863589512","38.52","0.0","0.0"
"3:155560334:C>T","NM_004733.4:c.850G>A","NP_004724.1:p.Val284Ile","Likely benign","null","missense_variant","2/6","null","284","MODERATE","13.90","null","0.0120579","gnomad_AF_afr_pass","82.66174819683842","0.48089320793629453","51.59","0.0","0.0"
"3:155560337:C>T","NM_004733.4:c.847G>A","NP_004724.1:p.Glu283Lys","Benign*","null","missense_variant","2/6","null","283","MODERATE","22.4","null","0.640635","gnomad_AF_eas_pass","171.05987422217672","0.8760135435612558","53.87","-0.0","0.0"
"3:155560366:G>A","NM_004733.4:c.818C>T","NP_004724.1:p.Thr273Ile","Unknown significance","null","missense_variant","2/6","null","273","MODERATE","23.9","null","0.000902218","gnomad_AF_nfe_pass","54.46589186650746","0.34617215038381777","95.99","1.8","1.8"
"3:155560372:G>A","NM_004733.4:c.812C>T","NP_004724.1:p.Thr271Ile","Unknown significance","null","missense_variant","2/6","null","271","MODERATE","23.1","null","0.000908727","gnomad_AF_nfe_pass","10.209847992233108","0.06489134600468399","95.36","2.3","2.3"
"3:155560373:T>C","NM_004733.4:c.811A>G","NP_004724.1:p.Thr271Ala","Unknown significance","null","missense_variant","2/6","null","271","MODERATE","23.1","null","0.0144495","gnomad_AF_nfe_pass","10.209847992233108","0.06489134600468399","95.36","0.3","0.3"
"3:155560374:T>C","NM_004733.4:c.810A>G","NP_004724.1:p.Ile270Met","Unknown significance","null","missense_variant","2/6","null","270","MODERATE","22.5","null","0.00629564","gnomad_AF_afr_pass","110.84893617387885","0.5650981826037551","97.59","-0.4","0.4"
"3:155560381:A>T","NM_004733.4:c.803T>A","NP_004724.1:p.Phe268Tyr","Unknown significance","null","missense_variant","2/6","null","268","MODERATE","26.6","null","0.00588443","gnomad_AF_eas_pass","0.0","0.0","96.33","-0.8","0.8"
"3:155560384:A>G","NM_004733.4:c.800T>C","NP_004724.1:p.Val267Ala","Unknown significance","null","missense_variant","2/6","null","267","MODERATE","23.9","null","0.00462877","gnomad_AF_nfe_pass","26.19363412767718","0.15238415612954648","97.08","-1.7","1.7"
"3:155560385:C>A","NM_004733.4:c.799G>T","NP_004724.1:p.Val267Leu","Likely benign","null","missense_variant","2/6","null","267","MODERATE","16.01","null","0.00361821","gnomad_AF_amr_pass","26.19363412767718","0.15238415612954648","97.08","0.1","0.1"
"3:155560387:G>A","NM_004733.4:c.797C>T","NP_004724.1:p.Thr266Ile","Likely benign","null","missense_variant","2/6","null","266","MODERATE","19.34","null","0.01288","gnomad_AF_afr_pass","49.284090458489615","0.313237862982963","97.86","1.7","1.7"
"3:155560387:G>C","NM_004733.4:c.797C>G","NP_004724.1:p.Thr266Ser","Likely benign","null","missense_variant","2/6","null","266","MODERATE","21.7","null","0.00709119","gnomad_AF_amr_pass","49.284090458489615","0.313237862982963","97.86","-0.6","0.6"
"3:155560388:T>C","NM_004733.4:c.796A>G","NP_004724.1:p.Thr266Ala","Likely benign","null","missense_variant","2/6","null","266","MODERATE","15.31","null","0.0115473","gnomad_AF_afr_pass","49.284090458489615","0.313237862982963","97.86","0.3","0.3"
"3:155560393:C>A","NM_004733.4:c.791G>T","NP_004724.1:p.Trp264Leu","Unknown significance","null","missense_variant","2/6","null","264","MODERATE","32","null","0","null","40.12908378037567","0.15297282301370535","96.99","0.5","0.5"
"3:155571017:A>G","NM_004733.4:c.770T>C","NP_004724.1:p.Leu257Pro","Unknown significance","null","missense_variant","1/6","null","257","MODERATE","29.7","null","0.00326755","gnomad_AF_sas_pass","4.560301642179252","0.023646733506336736","92.74","-3.0","3.0"
"3:155571024:C>T","NM_004733.4:c.763G>A","NP_004724.1:p.Val255Ile","Unknown significance","null","missense_variant","1/6","null","255","MODERATE","23.7","null","0.00648508","gnomad_AF_nfe_pass","38.21855347238875","0.22234035914963607","93.38","0.2","0.2"
"3:155571033:T>C","NM_004733.4:c.754A>G","NP_004724.1:p.Arg252Gly","Unknown significance","null","missense_variant","1/6","null","252","MODERATE","22.0","null","0.00176121","gnomad_AF_nfe_pass","205.4152693769462","0.7624193269879801","88.8","-0.3","0.3"
"3:155571037:T>A","NM_004733.4:c.750A>T","NP_004724.1:p.Gln250His","Unknown significance","null","missense_variant","1/6","null","250","MODERATE","16.06","null","0","null","82.43993028832058","0.4168860762679693","91.61","0.1","0.1"
"3:155571069:A>T","NM_004733.4:c.718T>A","NP_004724.1:p.Phe240Ile","Unknown significance","null","missense_variant","1/6","null","240","MODERATE","29.0","null","0.0123335","gnomad_AF_afr_pass","40.116079365051505","0.1746072383647483","90.36","-0.9","0.9"
"3:155571077:G>A","NM_004733.4:c.710C>T","NP_004724.1:p.Ser237Phe","Unknown significance","null","missense_variant","1/6","null","237","MODERATE","32","null","0.00326755","gnomad_AF_sas_pass","10.524533384093594","0.07631605444888734","91.84","1.6","1.6"
"3:155571077:G>T","NM_004733.4:c.710C>A","NP_004724.1:p.Ser237Tyr","Unknown significance","null","missense_variant","1/6","null","237","MODERATE","31","null","0.00289168","gnomad_AF_amr_pass","10.524533384093594","0.07631605444888734","91.84","1.6","1.6"
"3:155571102:T>C","NM_004733.4:c.685A>G","NP_004724.1:p.Asn229Asp","Unknown significance","null","missense_variant","1/6","null","229","MODERATE","24.3","null","0.0184775","gnomad_AF_afr_pass","8.5285948574508","0.05336138484064748","93.27","-0.6","0.6"
"3:155571117:C>G","NM_004733.4:c.670G>C","NP_004724.1:p.Gly224Arg","Unknown significance","Inborn genetic diseases","missense_variant","1/6","null","224","MODERATE","29.8","null","0","null","0.0","0.0","94.73","-0.2","0.2"
"3:155571119:G>A","NM_004733.4:c.668C>T","NP_004724.1:p.Ala223Val","Unknown significance","null","missense_variant","1/6","null","223","MODERATE","25.7","null","0.00400705","gnomad_AF_afr_pass","45.788029678319276","0.36008567307988004","90.49","1.2","1.2"
"3:155571132:C>T","NM_004733.4:c.655G>A","NP_004724.1:p.Val219Met","Unknown significance","null","missense_variant","1/6","null","219","MODERATE","28.5","null","0.00289084","gnomad_AF_amr_pass","80.53388683277666","0.46851415595966944","82.32","-0.1","0.1"
"3:155571164:T>A","NM_004733.4:c.623A>T","NP_004724.1:p.Glu208Val","Unknown significance","null","missense_variant","1/6","null","208","MODERATE","31","null","0.00175852","gnomad_AF_nfe_pass","139.63597078508135","0.71508880812796","73.05","-0.0","0.0"
"3:155571167:C>T","NM_004733.4:c.620G>A","NP_004724.1:p.Arg207Lys","Unknown significance","null","missense_variant","1/6","null","207","MODERATE","23.1","null","0.00289084","gnomad_AF_amr_pass","236.7726567629379","0.8788054080200473","70.78","-0.1","0.1"
"3:155571177:T>C","NM_004733.4:c.610A>G","NP_004724.1:p.Met204Val","Unknown significance","null","missense_variant","1/6","null","204","MODERATE","25.3","null","0.00175889","gnomad_AF_nfe_pass","16.674922978494937","0.07700862740063642","76.26","0.1","0.1"
"3:155571179:G>C","NM_004733.4:c.608C>G","NP_004724.1:p.Thr203Ser","Unknown significance","null","missense_variant","1/6","null","203","MODERATE","32","null","0.00326691","gnomad_AF_sas_pass","37.21646207051165","0.23653891018994033","76.42","-0.3","0.3"
"3:155571204:T>C","NM_004733.4:c.583A>G","NP_004724.1:p.Ile195Val","Unknown significance","null","missense_variant","1/6","null","195","MODERATE","24.6","null","0.000879693","gnomad_AF_nfe_pass","10.21795557210044","0.05209024392135328","85.3","-0.1","0.1"
"3:155571205:G>T","NM_004733.4:c.582C>A","NP_004724.1:p.Asp194Glu","Unknown significance","null","missense_variant","1/6","null","194","MODERATE","26.4","null","0.000879662","gnomad_AF_nfe_pass","3.905014648981944","0.02440941714269713","89.65","0.3","0.3"
"3:155571210:G>C","NM_004733.4:c.577C>G","NP_004724.1:p.Gln193Glu","Unknown significance","null","missense_variant","1/6","null","193","MODERATE","25.6","null","0.00653424","gnomad_AF_sas_pass","0.0","0.0","90.86","-1.0","1.0"
"3:155571213:T>C","NM_004733.4:c.574A>G","NP_004724.1:p.Thr192Ala","Unknown significance","null","missense_variant","1/6","null","192","MODERATE","26.6","null","0.00774605","gnomad_AF_nfe_pass","1.0334095274543853","0.006568103194248655","92.21","0.2","0.2"
"3:155571215:G>A","NM_004733.4:c.572C>T","NP_004724.1:p.Ala191Val","Unknown significance","null","missense_variant","1/6","null","191","MODERATE","29.5","null","0.00326669","gnomad_AF_sas_pass","0.0","0.0","91.94","0.7","0.7"
"3:155571220:C>G","NM_004733.4:c.567G>C","NP_004724.1:p.Leu189Phe","Unknown significance","null","missense_variant","1/6","null","189","MODERATE","24.8","null","0.000879832","gnomad_AF_nfe_pass","17.67586695481365","0.09165545355771727","94.49","0.1","0.1"
"3:155571232:C>A","NM_004733.4:c.555G>T","NP_004724.1:p.Leu185Phe","Unknown significance","null","missense_variant","1/6","null","185","MODERATE","21.1","null","0.00621504","gnomad_AF_afr_pass","83.8011096224551","0.4345375947172082","94.33","-0.3","0.3"
"3:155571243:C>T","NM_004733.4:c.544G>A","NP_004724.1:p.Ala182Thr","Likely benign","null","missense_variant","1/6","null","182","MODERATE","12.31","null","0.0200288","gnomad_AF_afr_pass","9.519432161684248","0.07486260407709584","94.55","-0.4","0.4"
"3:155571249:T>C","NM_004733.4:c.538A>G","NP_004724.1:p.Thr180Ala","Unknown significance","null","missense_variant","1/6","null","180","MODERATE","23.7","null","0","null","8.33074599170776","0.052948224208263006","95.88","0.3","0.3"
"3:155571252:G>A","NM_004733.4:c.535C>T","NP_004724.1:p.Leu179Phe","Unknown significance","null","missense_variant","1/6","null","179","MODERATE","26.2","null","0.000879492","gnomad_AF_nfe_pass","0.0","0.0","94.69","-0.4","0.4"
"3:155571267:G>C","NM_004733.4:c.520C>G","NP_004724.1:p.Pro174Ala","Unknown significance","null","missense_variant","1/6","null","174","MODERATE","24.7","null","0.00801282","gnomad_AF_afr_pass","10.143511777206818","0.06448509017067323","88.85","0.3","0.3"
"3:155571275:T>C","NM_004733.4:c.512A>G","NP_004724.1:p.Asp171Gly","Benign","null","missense_variant","1/6","null","171","MODERATE","22.0","null","18.777","gnomad_AF_eas_pass","156.809145567547","0.9801806625606515","68.04","-0.0","0.0"
"3:155571281:G>A","NM_004733.4:c.506C>T","NP_004724.1:p.Thr169Ile","Likely benign","null","missense_variant","1/6","null","169","MODERATE","11.16","null","0.0100241","gnomad_AF_eas_pass","84.67061526853207","0.5381461306769226","73.57","0.2","0.2"
"3:155571281:G>C","NM_004733.4:c.506C>G","NP_004724.1:p.Thr169Ser","Likely benign","null","missense_variant","1/6","null","169","MODERATE","4.464","null","0.0250601","gnomad_AF_eas_pass","84.67061526853207","0.5381461306769226","73.57","-0.2","0.2"
"3:155571285:T>C","NM_004733.4:c.502A>G","NP_004724.1:p.Asn168Asp","Likely benign","null","missense_variant","1/6","null","168","MODERATE","12.24","null","0","null","74.34369071436397","0.46515074956544583","78.71","-0.3","0.3"
"3:155571287:C>T","NM_004733.4:c.500G>A","NP_004724.1:p.Gly167Glu","Unknown significance","null","missense_variant","1/6","null","167","MODERATE","23.8","null","0.0229779","gnomad_AF_afr_pass","1.5691766771701685","0.01645767607584027","84.29","0.1","0.1"
"3:155571292:C>A","NM_004733.4:c.495G>T","NP_004724.1:p.Leu165Phe","Unknown significance","null","missense_variant","1/6","null","165","MODERATE","22.2","null","0.00087926","gnomad_AF_nfe_pass","47.5083666114342","0.246347231549595","90.49","0.1","0.1"
"3:155571296:C>T","NM_004733.4:c.491G>A","NP_004724.1:p.Arg164His","Unknown significance","Spastic paraplegia","missense_variant","1/6","null","164","MODERATE","8.213","null","0","null","157.12000092058946","0.5831666054893134","89.5","-0.0","0.0"
"3:155571297:G>C","NM_004733.4:c.490C>G","NP_004724.1:p.Arg164Gly","Likely benign","null","missense_variant","1/6","null","164","MODERATE","14.98","null","0.0130651","gnomad_AF_sas_pass","157.12000092058946","0.5831666054893134","89.5","-0.5","0.5"
"3:155571303:C>G","NM_004733.4:c.484G>C","NP_004724.1:p.Val162Leu","Unknown significance","null","missense_variant","1/6","null","162","MODERATE","23.1","null","0.00326627","gnomad_AF_sas_pass","0.0","0.0","91.77","0.3","0.3"
"3:155571317:T>C","NM_004733.4:c.470A>G","NP_004724.1:p.Tyr157Cys","Unknown significance","null","missense_variant","1/6","null","157","MODERATE","19.03","null","0.00615157","gnomad_AF_afr_pass","160.10646989897126","0.6673557669419871","96.03","-0.3","0.3"
"3:155571321:T>A","NM_004733.4:c.466A>T","NP_004724.1:p.Ile156Phe","Unknown significance","null","missense_variant","1/6","null","156","MODERATE","22.5","null","0.0114969","gnomad_AF_afr_pass","48.77791693173796","0.2486655547698209","97.3","-0.1","0.1"
"3:155571323:A>C","NM_004733.4:c.464T>G","NP_004724.1:p.Met155Arg","Unknown significance","null","missense_variant","1/6","null","155","MODERATE","26.8","null","0.00648424","gnomad_AF_nfe_pass","0.0","0.0","95.8","-2.1","2.1"
"3:155571324:T>C","NM_004733.4:c.463A>G","NP_004724.1:p.Met155Val","Unknown significance","null","missense_variant","1/6","null","155","MODERATE","23.0","null","0.00326627","gnomad_AF_sas_pass","0.0","0.0","95.8","0.6","0.6"
"3:155571337:T>C","NM_004733.4:c.450A>G","NP_004724.1:p.Ile150Met","Likely benign","null","missense_variant","1/6","null","150","MODERATE","14.95","null","0.00400609","gnomad_AF_afr_pass","91.22501574601422","0.46505715242235585","96.6","-0.3","0.3"
"3:155571341:T>C","NM_004733.4:c.446A>G","NP_004724.1:p.Tyr149Cys","Unknown significance","null","missense_variant","1/6","null","149","MODERATE","28.6","null","0.00326627","gnomad_AF_sas_pass","70.40903093517232","0.29347891355692135","97.3","-0.7","0.7"
"3:155571351:G>A","NM_004733.4:c.436C>T","NP_004724.1:p.Pro146Ser","Unknown significance","null","missense_variant","1/6","null","146","MODERATE","27.1","null","0.000879167","gnomad_AF_nfe_pass","61.9707581129897","0.3939651289054388","95.39","0.0","0.0"
"3:155571353:A>G","NM_004733.4:c.434T>C","NP_004724.1:p.Val145Ala","Unknown significance","null","missense_variant","1/6","null","145","MODERATE","27.6","null","0","null","9.008995350242962","0.052410755503803884","94.93","-2.0","2.0"
"3:155571362:G>A","NM_004733.4:c.425C>T","NP_004724.1:p.Ser142Phe","Unknown significance","null","missense_variant","1/6","null","142","MODERATE","29.8","null","0.000879136","gnomad_AF_nfe_pass","14.62032506126576","0.10601567620302466","91.58","1.8","1.8"
"3:155571376:G>T","NM_004733.4:c.411C>A","NP_004724.1:p.Phe137Leu","Likely benign","null","missense_variant","1/6","null","137","MODERATE","16.53","null","0.00289101","gnomad_AF_amr_pass","69.38897866111928","0.30201899409750393","84.01","-0.3","0.3"
"3:155571384:T>C","NM_004733.4:c.403A>G","NP_004724.1:p.Lys135Glu","Unknown significance","null","missense_variant","1/6","null","135","MODERATE","22.4","null","0","gnomad_AF_afr_pass,gnomad_AF_sas_pass,gnomad_AF_amr_pass,gnomad_AF_eas_pass,gnomad_AF_nfe_pass","186.9616316240461","0.789818325306778","78.77","0.1","0.1"
"3:155571387:C>G","NM_004733.4:c.400G>C","NP_004724.1:p.Val134Leu","Likely benign","null","missense_variant","1/6","null","134","MODERATE","14.62","null","0.0921327","gnomad_AF_afr_pass","101.31793208757801","0.5894274733585969","84.36","0.1","0.1"
"3:155571389:T>C","NM_004733.4:c.398A>G","NP_004724.1:p.Tyr133Cys","Unknown significance","null","missense_variant","1/6","null","133","MODERATE","28.6","null","0.000879136","gnomad_AF_nfe_pass","61.8646000000535","0.2578640176480478","84.3","-1.0","1.0"
"3:155571395:G>C","NM_004733.4:c.392C>G","NP_004724.1:p.Ala131Gly","Unknown significance","null","missense_variant","1/6","null","131","MODERATE","22.8","null","0.000879167","gnomad_AF_nfe_pass","17.112472321760226","0.13457569931120114","75.64","-0.9","0.9"
"3:155571397:A>T","NM_004733.4:c.390T>A","NP_004724.1:p.Asp130Glu","Unknown significance","null","missense_variant","1/6","null","130","MODERATE","22.4","null","0.000879136","gnomad_AF_nfe_pass","34.28707876079045","0.21432124673202857","76.47","-0.2","0.2"
"3:155571407:G>T","NM_004733.4:c.380C>A","NP_004724.1:p.Pro127Gln","Unknown significance","null","missense_variant","1/6","null","127","MODERATE","28.9","null","0.000879275","gnomad_AF_nfe_pass","2.130369678298135","0.013543345127337387","79.19","-0.1","0.1"
"3:155571416:A>G","NM_004733.4:c.371T>C","NP_004724.1:p.Leu124Pro","Unknown significance","null","missense_variant","1/6","null","124","MODERATE","29.5","null","0.000879198","gnomad_AF_nfe_pass","115.66214728111096","0.5997480403993843","87.54","-1.0","1.0"
"3:155571417:G>A","NM_004733.4:c.370C>T","NP_004724.1:p.Leu124Phe","Unknown significance","Spastic paraplegia","missense_variant","1/6","null","124","MODERATE","24.1","null","0.0611635","gnomad_AF_nfe_pass","115.66214728111096","0.5997480403993843","87.54","-0.0","0.0"
"3:155571443:A>G","NM_004733.4:c.344T>C","NP_004724.1:p.Val115Ala","Unknown significance","null","missense_variant","1/6","null","115","MODERATE","22.7","null","0.00326627","gnomad_AF_sas_pass","0.0","0.0","95.55","-1.8","1.8"
"3:155571448:A>C","NM_004733.4:c.339T>G","NP_004724.1:p.Ser113Arg","Pathogenic","Spastic paraplegia, autosomal dominant","missense_variant","1/6","null","113","MODERATE","24.7","null","0","null","1.5023417096123564","0.010893859853672298","95.61","0.1","0.1"
"3:155571451:G>T","NM_004733.4:c.336C>A","NP_004724.1:p.Phe112Leu","Unknown significance","null","missense_variant","1/6","null","112","MODERATE","26.1","null","0.0114784","gnomad_AF_afr_pass","0.08661033997445275","3.769758290473894E-4","96.57","0.1","0.1"
"3:155571459:C>G","NM_004733.4:c.328G>C","NP_004724.1:p.Ala110Pro","Pathogenic","Congenital cataracts, hearing loss and low serum copper and ceruloplasmin","missense_variant","1/6","null","110","MODERATE","28.9","null","0","null","4.318460375661632","0.03396118422136897","96.87","-1.3","1.3"
"3:155571468:T>C","NM_004733.4:c.319A>G","NP_004724.1:p.Thr107Ala","Unknown significance","null","missense_variant","1/6","null","107","MODERATE","22.4","null","0.011564","gnomad_AF_amr_pass","60.39580937849969","0.38386128437902023","94.31","-0.1","0.1"
"3:155571470:T>G","NM_004733.4:c.317A>C","NP_004724.1:p.Tyr106Ser","Unknown significance","null","missense_variant","1/6","null","106","MODERATE","28.6","null","0.0008796","gnomad_AF_nfe_pass","9.444174313150477","0.039365206139785405","94.66","-2.0","2.0"
"3:155571474:T>C","NM_004733.4:c.313A>G","NP_004724.1:p.Ser105Gly","Unknown significance","null","missense_variant","1/6","null","105","MODERATE","23.1","null","0.00326627","gnomad_AF_sas_pass","51.15724603991067","0.37095413466382227","92.71","-0.8","0.8"
"3:155571476:A>G","NM_004733.4:c.311T>C","NP_004724.1:p.Val104Ala","Unknown significance","null","missense_variant","1/6","null","104","MODERATE","22.1","null","0.00175908","gnomad_AF_nfe_pass","8.931577617514195","0.05196036989431449","91.21","-1.5","1.5"
"3:155571477:C>A","NM_004733.4:c.310G>T","NP_004724.1:p.Val104Phe","Unknown significance","null","missense_variant","1/6","null","104","MODERATE","23.7","null","0.00263866","gnomad_AF_nfe_pass","8.931577617514195","0.05196036989431449","91.21","0.1","0.1"
"3:155571477:C>T","NM_004733.4:c.310G>A","NP_004724.1:p.Val104Ile","Unknown significance","null","missense_variant","1/6","null","104","MODERATE","21.4","null","0.000879554","gnomad_AF_nfe_pass","8.931577617514195","0.05196036989431449","91.21","0.2","0.2"
"3:155571483:T>G","NM_004733.4:c.304A>C","NP_004724.1:p.Lys102Gln","Unknown significance","null","missense_variant","1/6","null","102","MODERATE","23.3","null","0","gnomad_AF_afr_pass,gnomad_AF_amr_pass,gnomad_AF_eas_pass,gnomad_AF_nfe_pass","57.11223554384385","0.2412703068535019","88.53","0.4","0.4"
"3:155571495:T>G","NM_004733.4:c.292A>C","NP_004724.1:p.Ile98Leu","Unknown significance","null","missense_variant","1/6","null","98","MODERATE","21.4","null","0","null","4.05880604918339","0.02069143828621736","92.47","-0.2","0.2"
"3:155571506:C>T","NM_004733.4:c.281G>A","NP_004724.1:p.Ser94Asn","Unknown significance","null","missense_variant","1/6","null","94","MODERATE","27.8","null","0.00326627","gnomad_AF_sas_pass","0.0","0.0","92.8","-0.4","0.4"
"3:155571507:T>A","NM_004733.4:c.280A>T","NP_004724.1:p.Ser94Cys","Unknown significance","null","missense_variant","1/6","null","94","MODERATE","27.7","null","0.000879817","gnomad_AF_nfe_pass","0.0","0.0","92.8","1.0","1.0"
"3:155571509:C>T","NM_004733.4:c.278G>A","NP_004724.1:p.Gly93Glu","Unknown significance","null","missense_variant","1/6","null","93","MODERATE","24.5","null","0.00232414","gnomad_AF_nfe_pass","15.01478214716559","0.15747648083388074","92.3","-0.0","0.0"
"3:155571518:C>T","NM_004733.4:c.269G>A","NP_004724.1:p.Gly90Asp","Unknown significance","null","missense_variant","1/6","null","90","MODERATE","29.2","null","0.000879956","gnomad_AF_nfe_pass","0.0","0.0","93.62","-0.3","0.3"
"3:155571540:C>T","NM_004733.4:c.247G>A","NP_004724.1:p.Val83Met","Unknown significance","null","missense_variant","1/6","null","83","MODERATE","27.1","null","0.00543715","gnomad_AF_eas_pass","19.268762871441556","0.11209800654283408","95.75","-0.2","0.2"
"3:155571549:A>C","NM_004733.4:c.238T>G","NP_004724.1:p.Phe80Val","Unknown significance","null","missense_variant","1/6","null","80","MODERATE","23.1","null","0.00326627","gnomad_AF_sas_pass","81.78193322061567","0.3559599475770863","95.14","-0.0","0.0"
"3:155571552:G>A","NM_004733.4:c.235C>T","NP_004724.1:p.Leu79Phe","Unknown significance","null","missense_variant","1/6","null","79","MODERATE","22.8","null","0.0160578","gnomad_AF_afr_pass","52.51414842714762","0.2723039330739432","92.71","0.0","0.0"
"3:155571554:A>T","NM_004733.4:c.233T>A","NP_004724.1:p.Leu78Gln","Unknown significance","null","missense_variant","1/6","null","78","MODERATE","26.5","null","0.000880793","gnomad_AF_nfe_pass","0.0","0.0","90.72","-3.9","3.9"
"3:155571560:A>C","NM_004733.4:c.227T>G","NP_004724.1:p.Leu76Trp","Unknown significance","null","missense_variant","1/6","null","76","MODERATE","24.6","null","0.00326691","gnomad_AF_sas_pass","98.15291213095216","0.5089566300974703","91.26","-0.3","0.3"
"3:155571586:G>C","NM_004733.4:c.201C>G","NP_004724.1:p.Ser67Arg","Likely benign","null","missense_variant","1/6","null","67","MODERATE","16.94","null","0.00176882","gnomad_AF_nfe_pass","71.49049217451629","0.5183956470330504","60.77","0.3","0.3"
"3:155571593:G>C","NM_004733.4:c.194C>G","NP_004724.1:p.Pro65Arg","Unknown significance","Spastic paraplegia","missense_variant","1/6","null","65","MODERATE","10.24","null","0","null","101.93479619803334","0.6480274946917287","42.96","0.3","0.3"
"3:155571602:A>G","NM_004733.4:c.185T>C","NP_004724.1:p.Leu62Ser","Likely benign","null","missense_variant","1/6","null","62","MODERATE","0.602","null","0.011489","gnomad_AF_afr_pass","182.351874265625","0.945557227017038","37.12","-0.1","0.1"
"3:155571617:C>T","NM_004733.4:c.170G>A","NP_004724.1:p.Gly57Asp","Likely benign","null","missense_variant","1/6","null","57","MODERATE","6.353","null","0.0187289","gnomad_AF_afr_pass","32.86235748792236","0.344663569433131","28.24","0.2","0.2"
"3:155571618:C>G","NM_004733.4:c.169G>C","NP_004724.1:p.Gly57Arg","Benign","null","missense_variant","1/6","null","57","MODERATE","12.11","null","0.674911","gnomad_AF_afr_pass","32.86235748792236","0.344663569433131","28.24","0.8","0.8"
"3:155571618:C>T","NM_004733.4:c.169G>A","NP_004724.1:p.Gly57Ser","Likely benign","null","missense_variant","1/6","null","57","MODERATE","9.633","null","0.002931","gnomad_AF_amr_pass","32.86235748792236","0.344663569433131","28.24","0.5","0.5"
"3:155571620:G>T","NM_004733.4:c.167C>A","NP_004724.1:p.Thr56Asn","Likely benign","null","missense_variant","1/6","null","56","MODERATE","1.131","null","0.00293307","gnomad_AF_amr_pass","127.83641546406704","0.8124976076223555","26.41","-0.1","0.1"
"3:155571621:T>C","NM_004733.4:c.166A>G","NP_004724.1:p.Thr56Ala","Likely benign","null","missense_variant","1/6","null","56","MODERATE","0.003","null","0.000894358","gnomad_AF_nfe_pass","127.83641546406704","0.8124976076223555","26.41","-0.1","0.1"
"3:155571624:C>A","NM_004733.4:c.163G>T","NP_004724.1:p.Asp55Tyr","Unknown significance","null","missense_variant","1/6","null","55","MODERATE","22.5","null","0.000900317","gnomad_AF_nfe_pass","154.1299404183085","0.9634335202379782","29.59","0.1","0.1"
"3:155571624:C>T","NM_004733.4:c.163G>A","NP_004724.1:p.Asp55Asn","Likely benign","null","missense_variant","1/6","null","55","MODERATE","17.90","null","0.00336814","gnomad_AF_sas_pass","154.1299404183085","0.9634335202379782","29.59","0.0","0.0"
"3:155571626:C>T","NM_004733.4:c.161G>A","NP_004724.1:p.Gly54Glu","Likely benign","null","missense_variant","1/6","null","54","MODERATE","6.987","null","0.00625156","gnomad_AF_afr_pass","88.3474883408251","0.926596964115913","27.08","0.1","0.1"
"3:155571633:G>A","NM_004733.4:c.154C>T","NP_004724.1:p.Leu52Phe","Unknown significance","null","missense_variant","1/6","null","52","MODERATE","19.04","null","0.0173118","gnomad_AF_sas_pass","145.18722932191488","0.7528457522511778","29.57","0.0","0.0"
"3:155571633:G>C","NM_004733.4:c.154C>G","NP_004724.1:p.Leu52Val","Unknown significance","null","missense_variant","1/6","null","52","MODERATE","16.76","null","0.000911494","gnomad_AF_nfe_pass","145.18722932191488","0.7528457522511778","29.57","0.0","0.0"
"3:155571643:G>C","NM_004733.4:c.144C>G","NP_004724.1:p.Asp48Glu","Unknown significance","null","missense_variant","1/6","null","48","MODERATE","16.15","null","0.000933881","gnomad_AF_nfe_pass","87.70776920964775","0.5482426361324512","31.96","0.1","0.1"
"3:155571647:C>T","NM_004733.4:c.140G>A","NP_004724.1:p.Gly47Glu","Unknown significance","null","missense_variant","1/6","null","47","MODERATE","15.55","null","0.0245339","gnomad_AF_afr_pass","46.63995950770708","0.4891643859711212","30.29","0.2","0.2"
"3:155571651:C>T","NM_004733.4:c.136G>A","NP_004724.1:p.Glu46Lys","Likely benign","Spastic paraplegia","missense_variant","1/6","null","46","MODERATE","23.3","null","0.174489","gnomad_AF_nfe_pass","95.87606856754626","0.490990274314662","29.8","0.0","0.0"
"3:155571654:G>A","NM_004733.4:c.133C>T","NP_004724.1:p.Arg45Trp","Unknown significance","null","missense_variant","1/6","null","45","MODERATE","22.7","null","0.000973009","gnomad_AF_nfe_pass","189.48059959617353","0.7032762056081443","29.74","0.0","0.0"
"3:155571656:C>A","NM_004733.4:c.131G>T","NP_004724.1:p.Gly44Val","Unknown significance","Spastic paraplegia","missense_variant","1/6","null","44","MODERATE","19.64","null","0.00410273","gnomad_AF_afr_pass","69.19264829133627","0.7256991573835786","28.58","0.2","0.2"
"3:155571662:G>A","NM_004733.4:c.125C>T","NP_004724.1:p.Ser42Leu","Likely benign","null","missense_variant","1/6","null","42","MODERATE","2.988","null","0.00100072","gnomad_AF_nfe_pass","79.79009970888897","0.5785782012026129","29.68","0.3","0.3"
"3:155571668:A>G","NM_004733.4:c.119T>C","NP_004724.1:p.Leu40Ser","Likely benign","null","missense_variant","1/6","null","40","MODERATE","0.295","null","0.00586579","gnomad_AF_eas_pass","151.78500593423303","0.7870574947032126","26.73","-0.2","0.2"
"3:155571671:T>C","NM_004733.4:c.116A>G","NP_004724.1:p.His39Arg","Likely benign","null","missense_variant","1/6","null","39","MODERATE","0.002","null","0.00101137","gnomad_AF_nfe_pass","136.3012823357002","0.6635820001239527","25.25","0.1","0.1"
"3:155571672:G>T","NM_004733.4:c.115C>A","NP_004724.1:p.His39Asn","Likely benign","null","missense_variant","1/6","null","39","MODERATE","11.41","null","0.0010143","gnomad_AF_nfe_pass","136.3012823357002","0.6635820001239527","25.25","-0.2","0.2"
"3:155571676:G>C","NM_004733.4:c.111C>G","NP_004724.1:p.Asp37Glu","Likely benign","null","missense_variant","1/6","null","37","MODERATE","13.44","null","0","null","141.49711301167628","0.8844683993412937","27.69","0.0","0.0"
"3:155571686:C>T","NM_004733.4:c.101G>A","NP_004724.1:p.Gly34Asp","Likely benign","null","missense_variant","1/6","null","34","MODERATE","9.448","null","0.0109553","gnomad_AF_sas_pass","68.69779743618096","0.7205091139687825","24.89","0.1","0.1"
"3:155571695:G>A","NM_004733.4:c.92C>T","NP_004724.1:p.Pro31Leu","Unknown significance","null","missense_variant","1/6","null","31","MODERATE","18.32","null","0.00324366","gnomad_AF_nfe_pass","124.08358917809306","0.7888334545862242","31.3","0.1","0.1"
"3:155571696:G>A","NM_004733.4:c.91C>T","NP_004724.1:p.Pro31Ser","Unknown significance","null","missense_variant","1/6","null","31","MODERATE","16.37","null","0.00108759","gnomad_AF_nfe_pass","124.08358917809306","0.7888334545862242","31.3","-0.1","0.1"
"3:155571696:G>C","NM_004733.4:c.91C>G","NP_004724.1:p.Pro31Ala","Unknown significance","null","missense_variant","1/6","null","31","MODERATE","15.22","null","0.011489","gnomad_AF_afr_pass","124.08358917809306","0.7888334545862242","31.3","-0.1","0.1"
"3:155571704:C>A","NM_004733.4:c.83G>T","NP_004724.1:p.Gly28Val","Unknown significance","null","missense_variant","1/6","null","28","MODERATE","22.0","null","0.00591996","gnomad_AF_sas_pass","67.3791791267707","0.7066793181786218","29.83","0.4","0.4"
"3:155571713:A>C","NM_004733.4:c.74T>G","NP_004724.1:p.Met25Arg","Unknown significance","null","missense_variant","1/6","null","25","MODERATE","21.0","null","0.00110857","gnomad_AF_nfe_pass","169.2096756107129","0.78144917841558","23.18","-0.1","0.1"
"3:155571716:T>C","NM_004733.4:c.71A>G","NP_004724.1:p.Asp24Gly","Unknown significance","null","missense_variant","1/6","null","24","MODERATE","23.3","null","0.0267917","gnomad_AF_afr_pass","145.528378145047","0.909666981446206","28.01","-0.0","0.0"
"3:155571722:G>C","NM_004733.4:c.65C>G","NP_004724.1:p.Ser22Cys","Likely benign","null","missense_variant","1/6","null","22","MODERATE","17.04","null","0","null","90.92268305761903","0.659303379791766","22.21","-0.1","0.1"
"3:155571729:T>A","NM_004733.4:c.58A>T","NP_004724.1:p.Ser20Cys","Likely benign","null","missense_variant","1/6","null","20","MODERATE","15.99","null","0","gnomad_AF_afr_pass,gnomad_AF_sas_pass,gnomad_AF_amr_pass,gnomad_AF_eas_pass,gnomad_AF_nfe_pass","104.19543736957989","0.7555474795339178","25.87","0.0","0.0"
"3:155571734:T>C","NM_004733.4:c.53A>G","NP_004724.1:p.Asn18Ser","Likely benign","null","missense_variant","1/6","null","18","MODERATE","7.117","null","0.00111937","gnomad_AF_nfe_pass","159.09207894017615","0.9954012110223377","25.06","0.0","0.0"
"3:155571744:G>A","NM_004733.4:c.43C>T","NP_004724.1:p.Arg15Trp","Unknown significance","null","missense_variant","1/6","null","15","MODERATE","27.2","null","0.00456413","gnomad_AF_amr_pass","206.07608274159594","0.7648720019145766","24.46","0.1","0.1"
"3:155571756:T>G","NM_004733.4:c.31A>C","NP_004724.1:p.Ser11Arg","Unknown significance","null","missense_variant","1/6","null","11","MODERATE","22.1","null","0.00281584","gnomad_AF_nfe_pass","101.98516722750931","0.7395202514989015","24.25","0.1","0.1"
"3:155571762:C>A","NM_004733.4:c.25G>T","NP_004724.1:p.Asp9Tyr","Unknown significance","null","missense_variant","1/6","null","9","MODERATE","24.3","null","0.00673764","gnomad_AF_afr_pass","137.73305406532566","0.8609400663566463","25.43","0.2","0.2"
"3:155571762:C>T","NM_004733.4:c.25G>A","NP_004724.1:p.Asp9Asn","Likely benign","null","missense_variant","1/6","null","9","MODERATE","17.04","null","0","null","137.73305406532566","0.8609400663566463","25.43","0.0","0.0"
"3:155571774:T>C","NM_004733.4:c.13A>G","NP_004724.1:p.Ile5Val","Likely benign","null","missense_variant","1/6","null","5","MODERATE","0.015","null","0.0127823","gnomad_AF_afr_pass","145.8137549695848","0.7433457710653129","30.96","-0.0","0.0"
"3:155571779:G>C","NM_004733.4:c.8C>G","NP_004724.1:p.Pro3Arg","Unknown significance","null","missense_variant","1/6","null","3","MODERATE","21.5","null","0","null","118.3527475918302","0.752400920710292","33.16","-0.0","0.0"