{"applied_filters": "CONTAINS missense_variant[Consequence]"},
"Genomic Description (GRCh37)","HGVS Nucleotide Change","HGVS Protein Change","Variant Classification","Phenotype","Consequence","Exon","Intron","Protein Position","Impact","CADD Phred","Interpro Domain","Max MAF (%)","Max MAF Source","Surface Area","Normalized SA","Confidence Score","ddG","|ddG|"
"6:109690062:T>A","NM_006016.6:c.586A>T","NP_006007.2:p.Thr196Ser","Unknown significance","null","missense_variant","6/6","null","196","MODERATE","25.4","null","0.00545673","gnomad_AF_eas_pass","127.1465464821172","0.8081129657707176","64.4","-0.3","0.3"
"6:109690062:T>C","NM_006016.6:c.586A>G","NP_006007.2:p.Thr196Ala","Unknown significance","null","missense_variant","6/6","null","196","MODERATE","25.8","null","0.00655566","gnomad_AF_sas_pass","127.1465464821172","0.8081129657707176","64.4","-0.3","0.3"
"6:109690073:C>T","NM_006016.6:c.575G>A","NP_006007.2:p.Arg192Gln","Likely benign","null","missense_variant","6/6","null","192","MODERATE","24.5","null","0.131548","gnomad_AF_nfe_pass","173.07729349903173","0.64239369364643","62.15","-0.3","0.3"
"6:109690085:T>C","NM_006016.6:c.563A>G","NP_006007.2:p.Lys188Arg","Unknown significance","null","missense_variant","6/6","null","188","MODERATE","24.7","null","0.00802439","gnomad_AF_afr_pass","98.63242189332348","0.41667209257879084","77.33","0.6","0.6"
"6:109690091:A>T","NM_006016.6:c.557T>A","NP_006007.2:p.Phe186Tyr","Unknown significance","null","missense_variant","6/6","null","186","MODERATE","28.3","null","0.0371153","gnomad_AF_amr_pass","140.0330235595963","0.6095007266564534","82.51","-0.5","0.5"
"6:109690097:T>C","NM_006016.6:c.551A>G","NP_006007.2:p.Tyr184Cys","Unknown significance","null","missense_variant","6/6","null","184","MODERATE","27.3","null","0.000883704","gnomad_AF_nfe_pass","136.80183855705005","0.5702174056234104","90.08","-0.9","0.9"
"6:109690100:A>G","NM_006016.6:c.548T>C","NP_006007.2:p.Leu183Pro","Unknown significance","null","missense_variant","6/6","null","183","MODERATE","29.0","null","0.012335","gnomad_AF_afr_pass","105.94090226749056","0.5493400393012301","90.63","-1.5","1.5"
"6:109690101:G>A","NM_006016.6:c.547C>T","NP_006007.2:p.Leu183Phe","Unknown significance","null","missense_variant","6/6","null","183","MODERATE","26.8","null","0.00327697","gnomad_AF_sas_pass","105.94090226749056","0.5493400393012301","90.63","-0.3","0.3"
"6:109690101:G>T","NM_006016.6:c.547C>A","NP_006007.2:p.Leu183Ile","Unknown significance","null","missense_variant","6/6","null","183","MODERATE","25.9","null","0.00616979","gnomad_AF_afr_pass","105.94090226749056","0.5493400393012301","90.63","-0.3","0.3"
"6:109690102:A>T","NM_006016.6:c.546T>A","NP_006007.2:p.Phe182Leu","Unknown significance","null","missense_variant","6/6","null","182","MODERATE","26.0","null","0.00585446","gnomad_AF_amr_pass","106.08346008282851","0.46173355657922527","91.32","-0.6","0.6"
"6:109690107:A>G","NM_006016.6:c.541T>C","NP_006007.2:p.Phe181Leu","Unknown significance","null","missense_variant","6/6","null","181","MODERATE","29.3","null","0.0160333","gnomad_AF_afr_pass","124.53464665746101","0.5420432673820214","93.22","-0.8","0.8"
"6:109690112:A>G","NM_006016.6:c.536T>C","NP_006007.2:p.Val179Ala","Unknown significance","null","missense_variant","6/6","null","179","MODERATE","27.4","null","0.000882394","gnomad_AF_nfe_pass","87.96724552779669","0.5117584834335718","96.38","-1.4","1.4"
"6:109690113:C>T","NM_006016.6:c.535G>A","NP_006007.2:p.Val179Ile","Unknown significance","null","missense_variant","6/6","null","179","MODERATE","25.7","null","0.00615991","gnomad_AF_afr_pass","87.96724552779669","0.5117584834335718","96.38","0.0","0.0"
"6:109690137:C>A","NM_006016.6:c.511G>T","NP_006007.2:p.Val171Phe","Unknown significance","null","missense_variant","6/6","null","171","MODERATE","28.4","null","0.00580686","gnomad_AF_amr_pass","102.4877045480983","0.5962327447612243","97.24","-0.7","0.7"
"6:109690149:T>C","NM_006016.6:c.499A>G","NP_006007.2:p.Ile167Val","Unknown significance","null","missense_variant","6/6","null","167","MODERATE","25.6","null","0.00980456","gnomad_AF_sas_pass","107.76326454405854","0.5493676984844648","94.58","-0.5","0.5"
"6:109690151:A>C","NM_006016.6:c.497T>G","NP_006007.2:p.Phe166Cys","Unknown significance","null","missense_variant","6/6","null","166","MODERATE","29.8","null","0.000880359","gnomad_AF_nfe_pass","123.48558735406978","0.5374771843862447","92.24","-2.1","2.1"
"6:109690154:C>T","NM_006016.6:c.494G>A","NP_006007.2:p.Ser165Asn","Unknown significance","null","missense_variant","6/6","null","165","MODERATE","25.1","null","0.00326819","gnomad_AF_sas_pass","87.65679446258528","0.6356215952654052","93.58","-0.4","0.4"
"6:109690161:C>A","NM_006016.6:c.487G>T","NP_006007.2:p.Ala163Ser","Unknown significance","null","missense_variant","6/6","null","163","MODERATE","28.7","null","0.0217604","gnomad_AF_eas_pass","72.02221122630394","0.5663962085358049","88.49","-0.3","0.3"
"6:109690170:T>C","NM_006016.6:c.478A>G","NP_006007.2:p.Thr160Ala","Unknown significance","null","missense_variant","6/6","null","160","MODERATE","25.4","null","0.00544247","gnomad_AF_eas_pass","97.64350807946654","0.6205987271030816","77.77","-0.4","0.4"
"6:109690173:A>G","NM_006016.6:c.475T>C","NP_006007.2:p.Ser159Pro","Unknown significance","null","missense_variant","6/6","null","159","MODERATE","26.7","null","0.000880545","gnomad_AF_nfe_pass","131.6281359490248","0.954468917859436","67.61","-0.1","0.1"
"6:109690174:C>G","NM_006016.6:c.474G>C","NP_006007.2:p.Lys158Asn","Unknown significance","null","missense_variant","6/6","null","158","MODERATE","23.9","null","0.0123153","gnomad_AF_afr_pass","187.83586064051917","0.7935115007017906","65.62","0.1","0.1"
"6:109690178:C>T","NM_006016.6:c.470G>A","NP_006007.2:p.Arg157Gln","Unknown significance","null","missense_variant","6/6","null","157","MODERATE","25.9","null","0.0163256","gnomad_AF_eas_pass","226.89399968096407","0.8421397837613045","65.73","-0.1","0.1"
"6:109690184:G>C","NM_006016.6:c.464C>G","NP_006007.2:p.Pro155Arg","Unknown significance","null","missense_variant","6/6","null","155","MODERATE","25.8","null","0.0123198","gnomad_AF_afr_pass","107.17530340214394","0.6813428382354211","52.24","-0.4","0.4"
"6:109690194:T>C","NM_006016.6:c.454A>G","NP_006007.2:p.Thr152Ala","Unknown significance","null","missense_variant","6/6","null","152","MODERATE","23.3","null","0.000883751","gnomad_AF_nfe_pass","169.65514929531068","1.078287453718534","45.63","-0.1","0.1"
"6:109690202:A>C","NM_006016.6:c.446T>G","NP_006007.2:p.Val149Gly","Unknown significance","null","missense_variant","6/6","null","149","MODERATE","22.1","null","0.00588824","gnomad_AF_amr_pass","148.22324990534935","0.8623039760542199","41.91","-0.3","0.3"
"6:109690205:G>C","NM_006016.6:c.443C>G","NP_006007.2:p.Thr148Ser","Unknown significance","null","missense_variant","6/6","null","148","MODERATE","24.8","null","0.000885081","gnomad_AF_nfe_pass","139.73568828440662","0.8881265327910934","43.75","-0.2","0.2"
"6:109690212:T>C","NM_006016.6:c.436A>G","NP_006007.2:p.Asn146Asp","Unknown significance","null","missense_variant","6/6","null","146","MODERATE","26.8","null","0.00332005","gnomad_AF_sas_pass","133.17385064959615","0.8332370354086791","45.04","-0.2","0.2"
"6:109690214:G>A","NM_006016.6:c.434C>T","NP_006007.2:p.Thr145Ile","Unknown significance","null","missense_variant","6/6","null","145","MODERATE","27.8","null","0.000890488","gnomad_AF_nfe_pass","143.58411708395872","0.9125862235716126","42.61","-0.1","0.1"
"6:109690220:C>T","NM_006016.6:c.428G>A","NP_006007.2:p.Gly143Asp","Unknown significance","null","missense_variant&splice_region_variant","6/6","null","143","MODERATE","25.8","null","0.00305511","gnomad_AF_amr_pass","86.32735795462565","0.9054096421204134","40.55","-0.1","0.1"
"6:109691620:T>A","NM_006016.6:c.421A>T","NP_006007.2:p.Thr141Ser","Unknown significance","null","missense_variant","5/6","null","141","MODERATE","22.4","null","0.000880003","gnomad_AF_nfe_pass","154.5353294687926","0.9821895039118916","39.81","-0.1","0.1"
"6:109691620:T>C","NM_006016.6:c.421A>G","NP_006007.2:p.Thr141Ala","Unknown significance","null","missense_variant","5/6","null","141","MODERATE","22.5","null","0.00615688","gnomad_AF_afr_pass","154.5353294687926","0.9821895039118916","39.81","-0.1","0.1"
"6:109691626:C>G","NM_006016.6:c.415G>C","NP_006007.2:p.Val139Leu","Unknown significance","null","missense_variant","5/6","null","139","MODERATE","21.4","null","0.000880173","gnomad_AF_nfe_pass","154.56257548046025","0.8991836535165009","41.65","-0.1","0.1"
"6:109691632:T>G","NM_006016.6:c.409A>C","NP_006007.2:p.Lys137Gln","Likely benign","null","missense_variant","5/6","null","137","MODERATE","14.66","null","0.00852277","gnomad_AF_nfe_pass","181.8354336721638","0.7681627318763128","37.81","0.2","0.2"
"6:109691638:T>C","NM_006016.6:c.403A>G","NP_006007.2:p.Thr135Ala","Likely benign","null","missense_variant","5/6","null","135","MODERATE","0.655","null","0","null","109.09332889044579","0.6933710430574523","40.1","-0.2","0.2"
"6:109691641:T>C","NM_006016.6:c.400A>G","NP_006007.2:p.Thr134Ala","Unknown significance","null","missense_variant","5/6","null","134","MODERATE","17.59","null","0.00176044","gnomad_AF_nfe_pass","136.71420373570695","0.8689227014072539","36.9","-0.2","0.2"
"6:109691644:A>G","NM_006016.6:c.397T>C","NP_006007.2:p.Ser133Pro","Likely benign","null","missense_variant","5/6","null","133","MODERATE","11.12","null","0.0349406","gnomad_AF_amr_pass","97.13325446606746","0.7043378044515983","39.56","-0.3","0.3"
"6:109691659:C>G","NM_006016.6:c.382G>C","NP_006007.2:p.Val128Leu","Likely benign","null","missense_variant","5/6","null","128","MODERATE","13.96","null","0.000881819","gnomad_AF_nfe_pass","144.52921551356036","0.8408135516723854","36.4","-0.1","0.1"
"6:109691661:G>A","NM_006016.6:c.380C>T","NP_006007.2:p.Thr127Ile","Unknown significance","null","missense_variant","5/6","null","127","MODERATE","25.8","null","0.00264504","gnomad_AF_nfe_pass","155.19870822004492","0.9864057802083083","32.62","-0.0","0.0"
"6:109691662:T>G","NM_006016.6:c.379A>C","NP_006007.2:p.Thr127Pro","Unknown significance","null","missense_variant","5/6","null","127","MODERATE","24.4","null","0.00155364","gnomad_AF_nfe_pass","155.19870822004492","0.9864057802083083","32.62","-0.1","0.1"
"6:109691665:G>A","NM_006016.6:c.376C>T","NP_006007.2:p.Pro126Ser","Likely benign","null","missense_variant","5/6","null","126","MODERATE","7.523","null","0.0163773","gnomad_AF_eas_pass","120.76712254114804","0.7677497653443983","41.71","-0.0","0.0"
"6:109691667:T>C","NM_006016.6:c.374A>G","NP_006007.2:p.Lys125Arg","Unknown significance","null","missense_variant","5/6","null","125","MODERATE","19.52","null","0","gnomad_AF_afr_pass,gnomad_AF_amr_pass,gnomad_AF_eas_pass,gnomad_AF_nfe_pass,gnomad_AF_sas_pass","224.38519349876952","0.94791394476706","37.01","0.1","0.1"
"6:109691668:T>C","NM_006016.6:c.373A>G","NP_006007.2:p.Lys125Glu","Likely benign","null","missense_variant&splice_region_variant","5/6","null","125","MODERATE","16.16","null","0","null","224.38519349876952","0.94791394476706","37.01","0.0","0.0"
"6:109697285:T>C","NM_006016.6:c.362A>G","NP_006007.2:p.Asn121Ser","Likely benign","null","missense_variant","4/6","null","121","MODERATE","15.27","null","0.0245845","gnomad_AF_amr_pass","153.72218841390912","0.9618030861596062","35.49","-0.0","0.0"
"6:109697292:T>G","NM_006016.6:c.355A>C","NP_006007.2:p.Thr119Pro","Unknown significance","null","missense_variant","4/6","null","119","MODERATE","22.7","null","0","null","130.5540804573576","0.8297704347534343","35.16","0.1","0.1"
"6:109697298:C>A","NM_006016.6:c.349G>T","NP_006007.2:p.Val117Leu","Likely benign","null","missense_variant","4/6","null","117","MODERATE","0.150","null","0.000983478","gnomad_AF_nfe_pass","141.99371801676207","0.8260630346370295","35.47","-0.1","0.1"
"6:109697303:G>A","NM_006016.6:c.344C>T","NP_006007.2:p.Thr115Ile","Likely benign","null","missense_variant","4/6","null","115","MODERATE","10.30","null","0","null","147.58072380441936","0.9379876976914376","38.27","-0.0","0.0"
"6:109697304:T>C","NM_006016.6:c.343A>G","NP_006007.2:p.Thr115Ala","Likely benign","null","missense_variant","4/6","null","115","MODERATE","0.964","null","0","null","147.58072380441936","0.9379876976914376","38.27","-0.1","0.1"
"6:109697313:A>C","NM_006016.6:c.334T>G","NP_006007.2:p.Ser112Ala","Likely benign","null","missense_variant&splice_region_variant","4/6","null","112","MODERATE","10.98","null","0.0125897","gnomad_AF_eas_pass","108.12984489778451","0.7840768639910354","52.17","0.0","0.0"
"6:109699103:C>A","NM_006016.6:c.331G>T","NP_006007.2:p.Val111Phe","Unknown significance","null","missense_variant&splice_region_variant","3/6","null","111","MODERATE","33","null","0.0120192","gnomad_AF_afr_pass","158.52150382007633","0.9222151256394278","66.0","-0.1","0.1"
"6:109699103:C>T","NM_006016.6:c.331G>A","NP_006007.2:p.Val111Ile","Unknown significance","null","missense_variant&splice_region_variant","3/6","null","111","MODERATE","24.0","null","0.0120192","gnomad_AF_afr_pass","158.52150382007633","0.9222151256394278","66.0","-0.1","0.1"
"6:109699105:G>C","NM_006016.6:c.329C>G","NP_006007.2:p.Ser110Cys","Unknown significance","null","missense_variant&splice_region_variant","3/6","null","110","MODERATE","23.1","null","0.00400641","gnomad_AF_afr_pass","84.54905262413811","0.6130865728847958","80.0","0.2","0.2"
"6:109699114:T>G","NM_006016.6:c.320A>C","NP_006007.2:p.Asp107Ala","Likely benign","null","missense_variant","3/6","null","107","MODERATE","11.48","null","0.00326648","gnomad_AF_sas_pass","112.68792361091741","0.7043882754909457","85.49","0.1","0.1"
"6:109699115:C>T","NM_006016.6:c.319G>A","NP_006007.2:p.Asp107Asn","Likely benign","null","missense_variant","3/6","null","107","MODERATE","6.934","null","0.0123077","gnomad_AF_afr_pass","112.68792361091741","0.7043882754909457","85.49","0.1","0.1"
"6:109699139:C>T","NM_006016.6:c.295G>A","NP_006007.2:p.Asp99Asn","Likely benign","null","missense_variant","3/6","null","99","MODERATE","13.12","null","0.00087943","gnomad_AF_nfe_pass","126.27003273817658","0.7892871547951078","89.72","0.1","0.1"
"6:109699148:T>C","NM_006016.6:c.286A>G","NP_006007.2:p.Thr96Ala","Likely benign","null","missense_variant","3/6","null","96","MODERATE","13.36","null","0.00615309","gnomad_AF_afr_pass","128.64968358657322","0.8176665448261488","87.93","-0.3","0.3"
"6:109699157:G>A","NM_006016.6:c.277C>T","NP_006007.2:p.His93Tyr","Likely benign","null","missense_variant","3/6","null","93","MODERATE","8.935","null","0.0100261","gnomad_AF_eas_pass","121.2863349723688","0.5904818162344456","89.8","0.1","0.1"
"6:109699159:G>A","NM_006016.6:c.275C>T","NP_006007.2:p.Ser92Leu","Unknown significance","null","missense_variant","3/6","null","92","MODERATE","26.7","null","0.000879662","gnomad_AF_nfe_pass","3.8508615068330876","0.027923571117629012","91.75","0.8","0.8"
"6:109699165:T>A","NM_006016.6:c.269A>T","NP_006007.2:p.Tyr90Phe","Likely benign","null","missense_variant","3/6","null","90","MODERATE","14.92","null","0.000879709","gnomad_AF_nfe_pass","64.03216757636588","0.26689887253680594","92.74","-0.3","0.3"
"6:109699165:T>C","NM_006016.6:c.269A>G","NP_006007.2:p.Tyr90Cys","Likely benign","null","missense_variant","3/6","null","90","MODERATE","19.20","null","0.0202476","gnomad_AF_amr_pass","64.03216757636588","0.26689887253680594","92.74","-1.1","1.1"
"6:109699168:C>G","NM_006016.6:c.266G>C","NP_006007.2:p.Ser89Thr","Likely benign","null","missense_variant","3/6","null","89","MODERATE","15.77","null","0","null","49.525890257655504","0.35912476112672514","91.68","0.1","0.1"
"6:109699169:T>G","NM_006016.6:c.265A>C","NP_006007.2:p.Ser89Arg","Unknown significance","null","missense_variant","3/6","null","89","MODERATE","23.7","null","0.000879879","gnomad_AF_nfe_pass","49.525890257655504","0.35912476112672514","91.68","0.0","0.0"
"6:109699171:T>C","NM_006016.6:c.263A>G","NP_006007.2:p.Glu88Gly","Likely benign","null","missense_variant","3/6","null","88","MODERATE","13.27","null","0.0160346","gnomad_AF_afr_pass","102.28141290266848","0.5237926390670908","90.33","-0.4","0.4"
"6:109699174:T>A","NM_006016.6:c.260A>T","NP_006007.2:p.Asp87Val","Likely benign","null","missense_variant&splice_region_variant","3/6","null","87","MODERATE","21.6","null","0.00289553","gnomad_AF_amr_pass","128.31085739903702","0.8020439162774323","88.21","-0.0","0.0"
"6:109699174:T>C","NM_006016.6:c.260A>G","NP_006007.2:p.Asp87Gly","Likely benign","null","missense_variant&splice_region_variant","3/6","null","87","MODERATE","8.821","null","0.000880049","gnomad_AF_nfe_pass","128.31085739903702","0.8020439162774323","88.21","-0.2","0.2"
"6:109699174:T>G","NM_006016.6:c.260A>C","NP_006007.2:p.Asp87Ala","Likely benign","null","missense_variant&splice_region_variant","3/6","null","87","MODERATE","12.83","null","0.000880049","gnomad_AF_nfe_pass","128.31085739903702","0.8020439162774323","88.21","-0.2","0.2"
"6:109700785:T>C","NM_006016.6:c.256A>G","NP_006007.2:p.Lys86Glu","Likely benign","null","missense_variant","2/6","null","86","MODERATE","23.1","null","0.000885175","gnomad_AF_nfe_pass","198.93983957877938","0.8404201951385931","89.34","-0.1","0.1"
"6:109700794:T>G","NM_006016.6:c.247A>C","NP_006007.2:p.Ile83Leu","Likely benign","null","missense_variant","2/6","null","83","MODERATE","18.56","null","0","null","0.0","0.0","93.15","-0.5","0.5"
"6:109700805:G>A","NM_006016.6:c.236C>T","NP_006007.2:p.Thr79Ile","Unknown significance","null","missense_variant","2/6","null","79","MODERATE","24.7","null","0.0108932","gnomad_AF_eas_pass","97.64641973579968","0.6206172328926589","87.05","0.1","0.1"
"6:109700806:T>C","NM_006016.6:c.235A>G","NP_006007.2:p.Thr79Ala","Likely benign","null","missense_variant","2/6","null","79","MODERATE","11.46","null","0.00615612","gnomad_AF_afr_pass","97.64641973579968","0.6206172328926589","87.05","-0.2","0.2"
"6:109700808:G>A","NM_006016.6:c.233C>T","NP_006007.2:p.Thr78Ile","Likely benign","null","missense_variant","2/6","null","78","MODERATE","11.44","null","0.0149603","gnomad_AF_nfe_pass","58.26370919354735","0.37031016677926326","80.94","-0.1","0.1"
"6:109700818:C>T","NM_006016.6:c.223G>A","NP_006007.2:p.Val75Ile","Likely benign","null","missense_variant","2/6","null","75","MODERATE","0.001","null","0.0435256","gnomad_AF_eas_pass","23.873575132023593","0.13888697469606714","64.3","0.2","0.2"
"6:109700819:G>T","NM_006016.6:c.222C>A","NP_006007.2:p.Ser74Arg","Likely benign","null","missense_variant","2/6","null","74","MODERATE","8.209","null","0.00801282","gnomad_AF_afr_pass","77.91374352827309","0.5649722677878537","61.28","0.0","0.0"
"6:109700820:C>T","NM_006016.6:c.221G>A","NP_006007.2:p.Ser74Asn","Likely benign","null","missense_variant","2/6","null","74","MODERATE","8.072","null","0.310995","gnomad_AF_eas_pass","77.91374352827309","0.5649722677878537","61.28","-0.0","0.0"
"6:109700823:A>T","NM_006016.6:c.218T>A","NP_006007.2:p.Val73Asp","Likely benign","null","missense_variant","2/6","null","73","MODERATE","1.828","null","0.0108814","gnomad_AF_eas_pass","59.679828645089685","0.34719353113467327","66.9","-1.0","1.0"
"6:109700826:T>C","NM_006016.6:c.215A>G","NP_006007.2:p.Asn72Ser","Unknown significance","null","missense_variant","2/6","null","72","MODERATE","13.71","null","0.0032817","gnomad_AF_sas_pass","118.66554727255368","0.7424620398992041","79.04","-0.1","0.1"
"6:109700832:C>T","NM_006016.6:c.209G>A","NP_006007.2:p.Cys70Tyr","Likely benign","null","missense_variant","2/6","null","70","MODERATE","24.5","null","0.00155","gnomad_AF_nfe_pass","0.0","0.0","89.69","-3.8","3.8"
"6:109700835:G>C","NM_006016.6:c.206C>G","NP_006007.2:p.Ser69Cys","Unknown significance","null","missense_variant","2/6","null","69","MODERATE","23.8","null","0.0123183","gnomad_AF_afr_pass","28.134194504904602","0.20400816277108522","89.15","1.3","1.3"
"6:109700835:G>T","NM_006016.6:c.206C>A","NP_006007.2:p.Ser69Tyr","Unknown significance","null","missense_variant","2/6","null","69","MODERATE","24.3","null","0.00088022","gnomad_AF_nfe_pass","28.134194504904602","0.20400816277108522","89.15","0.7","0.7"
"6:109700836:A>G","NM_006016.6:c.205T>C","NP_006007.2:p.Ser69Pro","Unknown significance","null","missense_variant","2/6","null","69","MODERATE","24.2","null","0.00985222","gnomad_AF_sas_pass","28.134194504904602","0.20400816277108522","89.15","-0.6","0.6"
"6:109700839:C>G","NM_006016.6:c.202G>C","NP_006007.2:p.Val68Leu","Likely benign","null","missense_variant","2/6","null","68","MODERATE","7.080","null","0.00088039","gnomad_AF_nfe_pass","107.83187841773552","0.6273230249936168","90.94","-0.2","0.2"
"6:109700847:T>C","NM_006016.6:c.194A>G","NP_006007.2:p.Asn65Ser","Unknown significance","null","missense_variant","2/6","null","65","MODERATE","10.18","null","0.106993","gnomad_AF_nfe_pass","119.24403338045572","0.7460814895676053","88.61","-0.1","0.1"
"6:109700851:G>C","NM_006016.6:c.190C>G","NP_006007.2:p.Arg64Gly","Likely benign","null","missense_variant","2/6","null","64","MODERATE","13.94","null","0.169029","gnomad_AF_eas_pass","55.72547851446919","0.2068306896266835","85.34","-1.6","1.6"
"6:109700854:C>A","NM_006016.6:c.187G>T","NP_006007.2:p.Gly63Cys","Unknown significance","null","missense_variant","2/6","null","63","MODERATE","22.3","null","0.000881539","gnomad_AF_nfe_pass","65.47835458328868","0.6867432873487158","83.28","0.3","0.3"
"6:109700856:T>C","NM_006016.6:c.185A>G","NP_006007.2:p.Glu62Gly","Likely benign","null","missense_variant","2/6","null","62","MODERATE","13.54","null","0","null","83.78194369710585","0.42905513474904844","87.0","-0.4","0.4"
"6:109700858:A>C","NM_006016.6:c.183T>G","NP_006007.2:p.Cys61Trp","Unknown significance","null","missense_variant","2/6","null","61","MODERATE","27.8","null","0.002936","gnomad_AF_amr_pass","0.03716896370516215","2.405322096955895E-4","87.01","-2.8","2.8"
"6:109703407:C>T","NM_006016.6:c.175G>A","NP_006007.2:p.Glu59Lys","Unknown significance","null","missense_variant&splice_region_variant","1/6","null","59","MODERATE","33","null","0","null","61.66151128700584","0.3157743407066619","66.3","-0.3","0.3"
"6:109703410:G>A","NM_006016.6:c.172C>T","NP_006007.2:p.Pro58Ser","Unknown significance","null","missense_variant","1/6","null","58","MODERATE","25.5","null","0","null","125.41393144237023","0.7972908057239771","58.54","-0.1","0.1"
"6:109703415:G>A","NM_006016.6:c.167C>T","NP_006007.2:p.Pro56Leu","Likely benign","null","missense_variant","1/6","null","56","MODERATE","14.48","null","0","null","127.08495907171167","0.8079139872928994","54.38","-0.2","0.2"
"6:109703416:G>C","NM_006016.6:c.166C>G","NP_006007.2:p.Pro56Ala","Likely benign","null","missense_variant","1/6","null","56","MODERATE","7.070","null","0.00405088","gnomad_AF_sas_pass","127.08495907171167","0.8079139872928994","54.38","-0.3","0.3"
"6:109703416:G>T","NM_006016.6:c.166C>A","NP_006007.2:p.Pro56Thr","Likely benign","null","missense_variant","1/6","null","56","MODERATE","9.720","null","0.00120954","gnomad_AF_nfe_pass","127.08495907171167","0.8079139872928994","54.38","-0.2","0.2"
"6:109703421:G>A","NM_006016.6:c.161C>T","NP_006007.2:p.Thr54Ile","Likely benign","null","missense_variant","1/6","null","54","MODERATE","22.8","null","0.00465506","gnomad_AF_nfe_pass","97.75249650721754","0.621291431419647","45.3","-0.1","0.1"
"6:109703427:A>G","NM_006016.6:c.155T>C","NP_006007.2:p.Leu52Pro","Likely benign","null","missense_variant","1/6","null","52","MODERATE","9.517","null","0.00649773","gnomad_AF_nfe_pass","175.67437519731274","0.9109320961930746","48.33","-0.0","0.0"
"6:109703430:G>A","NM_006016.6:c.152C>T","NP_006007.2:p.Pro51Leu","Likely benign","null","missense_variant","1/6","null","51","MODERATE","12.87","null","0.0115705","gnomad_AF_sas_pass","129.54949298334463","0.8235817062260455","51.73","0.0","0.0"
"6:109703430:G>T","NM_006016.6:c.152C>A","NP_006007.2:p.Pro51Gln","Likely benign","null","missense_variant","1/6","null","51","MODERATE","12.03","null","0","gnomad_AF_afr_pass,gnomad_AF_amr_pass,gnomad_AF_eas_pass,gnomad_AF_nfe_pass,gnomad_AF_sas_pass","129.54949298334463","0.8235817062260455","51.73","-0.2","0.2"
"6:109703431:G>A","NM_006016.6:c.151C>T","NP_006007.2:p.Pro51Ser","Likely benign","null","missense_variant","1/6","null","51","MODERATE","0.533","null","0","null","129.54949298334463","0.8235817062260455","51.73","-0.2","0.2"
"6:109703433:A>C","NM_006016.6:c.149T>G","NP_006007.2:p.Leu50Arg","Likely benign","null","missense_variant","1/6","null","50","MODERATE","9.955","null","0.00109371","gnomad_AF_nfe_pass","172.01516484166316","0.8919578311305724","41.64","-0.2","0.2"
"6:109703440:T>C","NM_006016.6:c.142A>G","NP_006007.2:p.Thr48Ala","Likely benign","null","missense_variant","1/6","null","48","MODERATE","8.807","null","0.00107791","gnomad_AF_nfe_pass","121.8451315185145","0.7744184432881838","43.79","-0.3","0.3"
"6:109703445:G>A","NM_006016.6:c.137C>T","NP_006007.2:p.Pro46Leu","Likely benign","null","missense_variant","1/6","null","46","MODERATE","11.03","null","0","null","134.73819276706476","0.8565676957699824","46.22","0.1","0.1"
"6:109703445:G>C","NM_006016.6:c.137C>G","NP_006007.2:p.Pro46Arg","Likely benign","null","missense_variant","1/6","null","46","MODERATE","14.29","null","0.0114294","gnomad_AF_sas_pass","134.73819276706476","0.8565676957699824","46.22","-0.1","0.1"
"6:109703445:G>T","NM_006016.6:c.137C>A","NP_006007.2:p.Pro46Gln","Unknown significance","null","missense_variant","1/6","null","46","MODERATE","22.2","null","0.00649182","gnomad_AF_nfe_pass","134.73819276706476","0.8565676957699824","46.22","-0.1","0.1"
"6:109703448:G>A","NM_006016.6:c.134C>T","NP_006007.2:p.Ala45Val","Likely benign","null","missense_variant","1/6","null","45","MODERATE","8.401","null","0.00652231","gnomad_AF_eas_pass","85.26638291042352","0.6705508644309424","36.6","0.2","0.2"
"6:109703451:G>A","NM_006016.6:c.131C>T","NP_006007.2:p.Ser44Leu","Benign","null","missense_variant","1/6","null","44","MODERATE","15.22","null","0.618383","gnomad_AF_afr_pass","128.45383781053744","0.9314512789073917","30.73","0.2","0.2"
"6:109703454:G>A","NM_006016.6:c.128C>T","NP_006007.2:p.Thr43Ile","Likely benign","null","missense_variant","1/6","null","43","MODERATE","8.947","null","0","null","124.04342245819736","0.7883902534556259","40.68","0.1","0.1"
"6:109703460:T>C","NM_006016.6:c.122A>G","NP_006007.2:p.Asn41Ser","Likely benign","null","missense_variant","1/6","null","41","MODERATE","1.556","null","0.0134716","gnomad_AF_amr_pass","143.28200914817836","0.8964813733903205","40.6","-0.0","0.0"
"6:109703461:T>C","NM_006016.6:c.121A>G","NP_006007.2:p.Asn41Asp","Likely benign","null","missense_variant","1/6","null","41","MODERATE","12.23","null","0","null","143.28200914817836","0.8964813733903205","40.6","-0.1","0.1"
"6:109703463:G>A","NM_006016.6:c.119C>T","NP_006007.2:p.Ser40Phe","Unknown significance","null","missense_variant","1/6","null","40","MODERATE","16.71","null","0.00103304","gnomad_AF_nfe_pass","103.2407343395903","0.7486246863078238","33.68","0.1","0.1"
"6:109703464:A>G","NM_006016.6:c.118T>C","NP_006007.2:p.Ser40Pro","Likely benign","null","missense_variant","1/6","null","40","MODERATE","7.634","null","0","null","103.2407343395903","0.7486246863078238","33.68","-0.2","0.2"
"6:109703473:C>T","NM_006016.6:c.109G>A","NP_006007.2:p.Ala37Thr","Likely benign","null","missense_variant","1/6","null","37","MODERATE","2.536","null","0.00104491","gnomad_AF_nfe_pass","87.95215242412648","0.6916722607843889","37.46","0.1","0.1"
"6:109703475:A>G","NM_006016.6:c.107T>C","NP_006007.2:p.Leu36Ser","Likely benign","null","missense_variant","1/6","null","36","MODERATE","6.425","null","0.00930492","gnomad_AF_afr_pass","159.9893423958638","0.8295998028939914","36.17","-0.2","0.2"
"6:109703478:G>A","NM_006016.6:c.104C>T","NP_006007.2:p.Thr35Ile","Likely benign","null","missense_variant","1/6","null","35","MODERATE","10.79","null","0.0383142","gnomad_AF_eas_pass","134.98233902745955","0.8579153845400806","30.45","0.0","0.0"
"6:109703478:G>T","NM_006016.6:c.104C>A","NP_006007.2:p.Thr35Asn","Likely benign","null","missense_variant","1/6","null","35","MODERATE","9.266","null","0.00780396","gnomad_AF_afr_pass","134.98233902745955","0.8579153845400806","30.45","-0.3","0.3"
"6:109703486:G>T","NM_006016.6:c.96C>A","NP_006007.2:p.Asn32Lys","Unknown significance","null","missense_variant","1/6","null","32","MODERATE","18.33","null","0.00651296","gnomad_AF_eas_pass","130.80947692250672","0.8184437126553873","38.06","-0.3","0.3"
"6:109703490:G>A","NM_006016.6:c.92C>T","NP_006007.2:p.Pro31Leu","Likely benign","null","missense_variant","1/6","null","31","MODERATE","16.82","null","0","null","121.27985251414121","0.7710093305983144","38.48","-0.3","0.3"
"6:109703493:T>G","NM_006016.6:c.89A>C","NP_006007.2:p.His30Pro","Likely benign","null","missense_variant","1/6","null","30","MODERATE","0.474","null","0.0191773","gnomad_AF_afr_pass","154.24333784667283","0.7509327930019136","32.81","-0.2","0.2"
"6:109703494:G>A","NM_006016.6:c.88C>T","NP_006007.2:p.His30Tyr","Likely benign","null","missense_variant","1/6","null","30","MODERATE","0.042","null","0.00678887","gnomad_AF_amr_pass","154.24333784667283","0.7509327930019136","32.81","0.2","0.2"
"6:109703496:T>C","NM_006016.6:c.86A>G","NP_006007.2:p.Gln29Arg","Likely benign","null","missense_variant","1/6","null","29","MODERATE","0.001","null","0.00109755","gnomad_AF_nfe_pass","184.9489183515239","0.9352582979136154","32.48","0.0","0.0"
"6:109703499:G>C","NM_006016.6:c.83C>G","NP_006007.2:p.Thr28Ser","Likely benign","null","missense_variant","1/6","null","28","MODERATE","8.345","null","0.0038506","gnomad_AF_sas_pass","145.3856654256837","0.924036432906362","32.4","-0.1","0.1"
"6:109703502:G>A","NM_006016.6:c.80C>T","NP_006007.2:p.Thr27Met","Likely benign","null","missense_variant","1/6","null","27","MODERATE","13.81","null","0","null","106.87503105886539","0.6792720738818065","38.19","-0.0","0.0"
"6:109703509:T>C","NM_006016.6:c.73A>G","NP_006007.2:p.Lys25Glu","Likely benign","null","missense_variant","1/6","null","25","MODERATE","0.002","null","0","null","171.2699167381242","0.7235287670442992","43.81","0.0","0.0"
"6:109703515:C>G","NM_006016.6:c.67G>C","NP_006007.2:p.Ala23Pro","Unknown significance","null","missense_variant","1/6","null","23","MODERATE","20.8","null","0.00113155","gnomad_AF_nfe_pass","84.1329022929971","0.6616369597725323","53.95","-0.6","0.6"
"6:109703517:G>A","NM_006016.6:c.65C>T","NP_006007.2:p.Ser22Phe","Unknown significance","null","missense_variant","1/6","null","22","MODERATE","22.3","null","0.00609979","gnomad_AF_eas_pass","84.02184349205743","0.6092636460754582","56.44","0.5","0.5"
"6:109703524:C>A","NM_006016.6:c.58G>T","NP_006007.2:p.Val20Leu","Likely benign","null","missense_variant","1/6","null","20","MODERATE","14.59","null","0.118871","gnomad_AF_afr_pass","117.89538212599098","0.6858684911482614","61.1","-0.4","0.4"
"6:109703527:A>C","NM_006016.6:c.55T>G","NP_006007.2:p.Cys19Gly","Unknown significance","null","missense_variant","1/6","null","19","MODERATE","16.02","null","0.00398724","gnomad_AF_sas_pass","96.75403310684078","0.6261261832520899","55.91","-2.0","2.0"
"6:109703530:G>A","NM_006016.6:c.52C>T","NP_006007.2:p.Leu18Phe","Likely benign","null","missense_variant","1/6","null","18","MODERATE","14.67","null","0","null","115.98116704617756","0.601402267676372","57.45","-0.4","0.4"
"6:109703533:C>T","NM_006016.6:c.49G>A","NP_006007.2:p.Val17Met","Unknown significance","null","missense_variant","1/6","null","17","MODERATE","16.96","null","0","null","91.72636687636314","0.5336275578696611","62.14","-0.5","0.5"
"6:109703535:C>G","NM_006016.6:c.47G>C","NP_006007.2:p.Gly16Ala","Likely benign","null","missense_variant","1/6","null","16","MODERATE","4.973","null","0.00376705","gnomad_AF_amr_pass","33.26644751895358","0.34890170458575215","58.7","1.6","1.6"
"6:109703539:G>C","NM_006016.6:c.43C>G","NP_006007.2:p.Leu15Val","Unknown significance","null","missense_variant","1/6","null","15","MODERATE","24.2","null","0.0368664","gnomad_AF_afr_pass","130.32874039387426","0.6757993734023593","63.86","-0.5","0.5"
"6:109703545:T>C","NM_006016.6:c.37A>G","NP_006007.2:p.Thr13Ala","Likely benign","null","missense_variant","1/6","null","13","MODERATE","13.70","null","0","null","85.7450169640114","0.5449747702631735","69.56","-0.1","0.1"
"6:109703547:G>A","NM_006016.6:c.35C>T","NP_006007.2:p.Ala12Val","Likely benign","null","missense_variant","1/6","null","12","MODERATE","9.298","null","0","null","66.89579203475795","0.526081084298181","62.6","0.4","0.4"
"6:109703557:G>A","NM_006016.6:c.25C>T","NP_006007.2:p.Leu9Phe","Likely benign","null","missense_variant","1/6","null","9","MODERATE","11.59","null","0","null","133.32040007325065","0.6913121584614765","64.6","-0.3","0.3"
"6:109703560:G>C","NM_006016.6:c.22C>G","NP_006007.2:p.Leu8Val","Likely benign","null","missense_variant","1/6","null","8","MODERATE","15.23","null","0.00648424","gnomad_AF_nfe_pass","120.06938647807641","0.6226010924487048","65.66","-0.6","0.6"
"6:109703566:G>A","NM_006016.6:c.16C>T","NP_006007.2:p.Arg6Cys","Likely benign","null","missense_variant","1/6","null","6","MODERATE","10.39","null","0","null","178.28342613678177","0.6617167758784513","66.02","-0.2","0.2"
"6:109703566:G>T","NM_006016.6:c.16C>A","NP_006007.2:p.Arg6Ser","Likely benign","null","missense_variant","1/6","null","6","MODERATE","3.954","null","0","null","178.28342613678177","0.6617167758784513","66.02","-0.5","0.5"
"6:109703568:G>T","NM_006016.6:c.14C>A","NP_006007.2:p.Ser5Tyr","Likely benign","null","missense_variant","1/6","null","5","MODERATE","8.434","null","0","null","59.317351665867406","0.4301251251991731","61.45","0.3","0.3"
"6:109703569:A>G","NM_006016.6:c.13T>C","NP_006007.2:p.Ser5Pro","Unknown significance","null","missense_variant","1/6","null","5","MODERATE","22.5","null","0","null","59.317351665867406","0.4301251251991731","61.45","-0.5","0.5"
"6:109703572:G>C","NM_006016.6:c.10C>G","NP_006007.2:p.Leu4Val","Likely benign","null","missense_variant","1/6","null","4","MODERATE","10.06","null","0.0013811","gnomad_AF_nfe_pass","124.3495636178615","0.6447952840013595","59.38","-0.4","0.4"
"6:109703574:C>T","NM_006016.6:c.8G>A","NP_006007.2:p.Arg3Gln","Unknown significance","null","missense_variant","1/6","null","3","MODERATE","18.90","null","0.00416008","gnomad_AF_amr_pass","212.62196616334361","0.7891677032423706","61.33","-0.1","0.1"
"6:109703575:G>A","NM_006016.6:c.7C>T","NP_006007.2:p.Arg3Trp","Unknown significance","null","missense_variant","1/6","null","3","MODERATE","23.1","null","0.0174948","gnomad_AF_eas_pass","212.62196616334361","0.7891677032423706","61.33","0.3","0.3"
"6:109703577:G>A","NM_006016.6:c.5C>T","NP_006007.2:p.Ser2Leu","Unknown significance","null","missense_variant","1/6","null","2","MODERATE","16.45","null","0.00142114","gnomad_AF_nfe_pass","83.98216128134743","0.6089759003253451","60.8","-0.1","0.1"
"6:109703578:A>G","NM_006016.6:c.4T>C","NP_006007.2:p.Ser2Pro","Unknown significance","null","missense_variant","1/6","null","2","MODERATE","24.3","null","0","null","83.98216128134743","0.6089759003253451","60.8","-0.3","0.3"