{"applied_filters": "CONTAINS missense_variant[Consequence]"},
"Genomic Description (GRCh37)","HGVS Nucleotide Change","HGVS Protein Change","Variant Classification","Phenotype","Consequence","Exon","Intron","Protein Position","Impact","CADD Phred","Interpro Domain","Max MAF (%)","Max MAF Source","Surface Area","Normalized SA","Confidence Score","ddG","|ddG|"
"11:71806112:G>A","NM_001145309.3:c.4G>A","NP_001138781.1:p.Gly2Arg","Unknown significance","null","missense_variant","5/9","null","2","MODERATE","24.1","null","0.00087974","gnomad_AF_nfe_pass","88.33122634838881","0.9264264067734812","40.51","-0.2","0.2"
"11:71806116:C>G","NM_001145309.3:c.8C>G","NP_001138781.1:p.Thr3Ser","Unknown significance","null","missense_variant","5/9","null","3","MODERATE","17.75","null","0.0163097","gnomad_AF_eas_pass","133.6432704527028","0.8494045857236202","42.11","-0.2","0.2"
"11:71806116:C>T","NM_001145309.3:c.8C>T","NP_001138781.1:p.Thr3Ile","Unknown significance","null","missense_variant","5/9","null","3","MODERATE","22.5","null","0.000879786","gnomad_AF_nfe_pass","133.6432704527028","0.8494045857236202","42.11","-0.1","0.1"
"11:71806125:G>A","NM_001145309.3:c.17G>A","NP_001138781.1:p.Arg6Lys","Likely benign","null","missense_variant","5/9","null","6","MODERATE","15.07","null","0.000880173","gnomad_AF_nfe_pass","196.32854930247336","0.7286930561770465","37.58","-0.4","0.4"
"11:71806131:G>C","NM_001145309.3:c.23G>C","NP_001138781.1:p.Arg8Thr","Unknown significance","null","missense_variant","5/9","null","8","MODERATE","19.51","null","0.0130659","gnomad_AF_sas_pass","228.47523452992039","0.8480086951280587","38.02","-0.3","0.3"
"11:71806134:A>G","NM_001145309.3:c.26A>G","NP_001138781.1:p.Lys9Arg","Likely benign","null","missense_variant","5/9","null","9","MODERATE","16.34","null","0","gnomad_AF_afr_pass,gnomad_AF_sas_pass,gnomad_AF_amr_pass,gnomad_AF_eas_pass,gnomad_AF_nfe_pass","207.79415279659923","0.877825189824897","38.5","0.2","0.2"
"11:71806137:G>A","NM_001145309.3:c.29G>A","NP_001138781.1:p.Gly10Asp","Unknown significance","null","missense_variant","5/9","null","10","MODERATE","22.4","null","0.00653253","gnomad_AF_sas_pass","64.46705388315601","0.6761366682342457","35.77","-0.6","0.6"
"11:71816018:G>A","NM_001145309.3:c.43G>A","NP_001138781.1:p.Gly15Arg","Likely benign","null","missense_variant","6/9","null","15","MODERATE","14.96","null","0.00439097","gnomad_AF_sas_pass","80.97762841386155","0.849301163606683","38.5","-0.0","0.0"
"11:71816022:T>C","NM_001145309.3:c.47T>C","NP_001138781.1:p.Leu16Pro","Pathogenic","Deafness, non-syndromic","missense_variant","6/9","null","16","MODERATE","21.6","null","0","null","191.55489026865462","0.9932780323395118","37.47","-0.2","0.2"
"11:71816025:C>T","NM_001145309.3:c.50C>T","NP_001138781.1:p.Pro17Leu","Likely benign","null","missense_variant","6/9","null","17","MODERATE","0.133","null","0","gnomad_AF_afr_pass,gnomad_AF_sas_pass,gnomad_AF_amr_pass,gnomad_AF_eas_pass,gnomad_AF_nfe_pass","102.10049405335246","0.64908088146507","44.84","-0.3","0.3"
"11:71816027:G>A","NM_001145309.3:c.52G>A","NP_001138781.1:p.Asp18Asn","Likely benign","null","missense_variant","6/9","null","18","MODERATE","11.01","null","0.00601468","gnomad_AF_afr_pass","145.8136916889135","0.9114504158081013","40.39","0.0","0.0"
"11:71816028:A>C","NM_001145309.3:c.53A>C","NP_001138781.1:p.Asp18Ala","Unknown significance","null","missense_variant","6/9","null","18","MODERATE","11.63","null","0.001666","gnomad_AF_nfe_pass","145.8136916889135","0.9114504158081013","40.39","0.0","0.0"
"11:71816031:T>C","NM_001145309.3:c.56T>C","NP_001138781.1:p.Leu19Pro","Likely benign","null","missense_variant","6/9","null","19","MODERATE","15.14","null","0.00167202","gnomad_AF_nfe_pass","149.28083141687893","0.7740724879840224","40.97","-0.7","0.7"
"11:71816036:T>C","NM_001145309.3:c.61T>C","NP_001138781.1:p.Cys21Arg","Likely benign","null","missense_variant","6/9","null","21","MODERATE","16.65","null","0.102213","gnomad_AF_afr_pass","124.60948256829957","0.8063876741071058","37.92","-0.5","0.5"
"11:71816053:G>C","NM_001145309.3:c.78G>C","NP_001138781.1:p.Gln26His","Unknown significance","null","missense_variant","6/9","null","26","MODERATE","15.45","null","0.00408197","gnomad_AF_amr_pass","133.721863017511","0.6762109403737667","41.56","0.2","0.2"
"11:71816983:G>A","NM_001145309.3:c.85G>A","NP_001138781.1:p.Ala29Thr","Likely benign","null","missense_variant&splice_region_variant","7/9","null","29","MODERATE","1.382","null","0.00439986","gnomad_AF_sas_pass","101.23790902935205","0.7961539483166513","51.89","-0.0","0.0"
"11:71816993:G>A","NM_001145309.3:c.95G>A","NP_001138781.1:p.Gly32Glu","Likely benign","null","missense_variant","7/9","null","32","MODERATE","14.10","null","0.0483474","gnomad_AF_sas_pass","67.34742748262966","0.7063463038777141","61.7","-0.0","0.0"
"11:71816995:A>C","NM_001145309.3:c.97A>C","NP_001138781.1:p.Thr33Pro","Unknown significance","null","missense_variant","7/9","null","33","MODERATE","22.7","null","0","null","157.9317605967702","1.0037764058593386","74.97","-0.1","0.1"
"11:71816999:T>C","NM_001145309.3:c.101T>C","NP_001138781.1:p.Met34Thr","Unknown significance","null","missense_variant","7/9","null","34","MODERATE","23.0","null","0.00170132","gnomad_AF_nfe_pass","132.30329074146238","0.611007009371323","76.9","-0.5","0.5"
"11:71817000:G>A","NM_001145309.3:c.102G>A","NP_001138781.1:p.Met34Ile","Pathogenic","Hearing loss, non-syndromic","missense_variant","7/9","null","34","MODERATE","21.0","null","0","null","132.30329074146238","0.611007009371323","76.9","0.1","0.1"
"11:71817001:T>C","NM_001145309.3:c.103T>C","NP_001138781.1:p.Ser35Pro","Unknown significance","null","missense_variant","7/9","null","35","MODERATE","26.0","null","0","null","61.68841514234049","0.44731830638531195","84.22","-0.1","0.1"
"11:71817011:T>C","NM_001145309.3:c.113T>C","NP_001138781.1:p.Ile38Thr","Unknown significance","null","missense_variant","7/9","null","38","MODERATE","24.1","null","0.00405548","gnomad_AF_amr_pass","87.33133939756968","0.4452075309095088","86.9","-1.8","1.8"
"11:71817012:T>G","NM_001145309.3:c.114T>G","NP_001138781.1:p.Ile38Met","Unknown significance","null","missense_variant","7/9","null","38","MODERATE","22.5","null","0.00439097","gnomad_AF_sas_pass","87.33133939756968","0.4452075309095088","86.9","-0.7","0.7"
"11:71817026:T>G","NM_001145309.3:c.128T>G","NP_001138781.1:p.Leu43Arg","Unknown significance","null","missense_variant","7/9","null","43","MODERATE","26.0","null","0.00917095","gnomad_AF_eas_pass","91.20667955381947","0.47293802354187464","92.08","-2.1","2.1"
"11:71817029:C>T","NM_001145309.3:c.131C>T","NP_001138781.1:p.Pro44Leu","Unknown significance","null","missense_variant","7/9","null","44","MODERATE","24.4","null","0","null","98.09455508037146","0.6236140272271359","92.96","0.6","0.6"
"11:71817046:C>A","NM_001145309.3:c.148C>A","NP_001138781.1:p.Leu50Met","Unknown significance","null","missense_variant","7/9","null","50","MODERATE","22.9","null","0.00439097","gnomad_AF_sas_pass","112.42826867716688","0.5829792668533506","90.01","-0.3","0.3"
"11:71817047:T>C","NM_001145309.3:c.149T>C","NP_001138781.1:p.Leu50Pro","Unknown significance","null","missense_variant","7/9","null","50","MODERATE","26.2","null","0.00167521","gnomad_AF_nfe_pass","112.42826867716688","0.5829792668533506","90.01","-1.0","1.0"
"11:71817049:G>C","NM_001145309.3:c.151G>C","NP_001138781.1:p.Val51Leu","Unknown significance","null","missense_variant","7/9","null","51","MODERATE","21.1","null","0.0841043","gnomad_AF_afr_pass","88.15319757360771","0.5128402785538424","89.86","0.1","0.1"
"11:71817050:T>G","NM_001145309.3:c.152T>G","NP_001138781.1:p.Val51Gly","Unknown significance","null","missense_variant","7/9","null","51","MODERATE","23.2","null","0","null","88.15319757360771","0.5128402785538424","89.86","-1.5","1.5"
"11:71817052:C>T","NM_001145309.3:c.154C>T","NP_001138781.1:p.Arg52Trp","Pathogenic","Sensorineural hearing loss with good cochlear implantation outcomes","missense_variant","7/9","null","52","MODERATE","24.6","null","0.0183453","gnomad_AF_eas_pass","173.20393243663636","0.6428637267353617","89.04","0.3","0.3"
"11:71817053:G>A","NM_001145309.3:c.155G>A","NP_001138781.1:p.Arg52Gln","Unknown significance","null","missense_variant","7/9","null","52","MODERATE","23.3","null","0.0688873","gnomad_AF_amr_pass","173.20393243663636","0.6428637267353617","89.04","-0.3","0.3"
"11:71817058:C>T","NM_001145309.3:c.160C>T","NP_001138781.1:p.Arg54Trp","Unknown significance","null","missense_variant","7/9","null","54","MODERATE","26.6","null","0.00600962","gnomad_AF_afr_pass","109.63620589508457","0.4069257488286174","93.06","0.8","0.8"
"11:71817059:G>A","NM_001145309.3:c.161G>A","NP_001138781.1:p.Arg54Gln","Pathogenic","Hearing loss, moderate, progressive","missense_variant","7/9","null","54","MODERATE","27.3","null","0.00917431","gnomad_AF_eas_pass","109.63620589508457","0.4069257488286174","93.06","-0.3","0.3"
"11:71817063:C>G","NM_001145309.3:c.165C>G","NP_001138781.1:p.His55Gln","Unknown significance","null","missense_variant","7/9","null","55","MODERATE","22.7","null","0","null","52.37406595522856","0.2549828354189405","92.21","-0.4","0.4"
"11:71817071:G>A","NM_001145309.3:c.173G>A","NP_001138781.1:p.Arg58Gln","Unknown significance","null","missense_variant","7/9","null","58","MODERATE","21.6","null","0.0240558","gnomad_AF_afr_pass","152.45540000693143","0.5658534724391479","91.6","-0.2","0.2"
"11:71817075:G>C","NM_001145309.3:c.177G>C","NP_001138781.1:p.Leu59Phe","Unknown significance","null","missense_variant","7/9","null","59","MODERATE","22.8","null","0.00167062","gnomad_AF_nfe_pass","8.846756147535029","0.04587347535991878","92.29","-0.5","0.5"
"11:71817080:T>C","NM_001145309.3:c.182T>C","NP_001138781.1:p.Val61Ala","Likely benign","null","missense_variant","7/9","null","61","MODERATE","19.46","null","0.0114943","gnomad_AF_afr_pass","37.70744857041793","0.2193669539015952","91.2","-1.0","1.0"
"11:71817082:C>T","NM_001145309.3:c.184C>T","NP_001138781.1:p.Arg62Cys","Unknown significance","null","missense_variant","7/9","null","62","MODERATE","22.2","null","0.353243","gnomad_AF_eas_pass","41.7818077209764","0.15507736021567217","90.77","-0.6","0.6"
"11:71817083:G>A","NM_001145309.3:c.185G>A","NP_001138781.1:p.Arg62His","Unknown significance","null","missense_variant","7/9","null","62","MODERATE","17.25","null","0.0307368","gnomad_AF_sas_pass","41.7818077209764","0.15507736021567217","90.77","-0.1","0.1"
"11:71817086:C>T","NM_001145309.3:c.188C>T","NP_001138781.1:p.Thr63Met","Likely benign","null","missense_variant","7/9","null","63","MODERATE","15.59","null","0.00265506","gnomad_AF_nfe_pass","40.54232569906754","0.257677302029779","88.34","0.5","0.5"
"11:71817089:T>G","NM_001145309.3:c.191T>G","NP_001138781.1:p.Val64Gly","Unknown significance","null","missense_variant","7/9","null","64","MODERATE","25.7","null","0.00878194","gnomad_AF_sas_pass","83.5870514640435","0.4862762547044393","88.53","-1.5","1.5"
"11:71817092:T>C","NM_001145309.3:c.194T>C","NP_001138781.1:p.Leu65Ser","Unknown significance","null","missense_variant","7/9","null","65","MODERATE","25.8","null","0.00265154","gnomad_AF_nfe_pass","117.02562674551382","0.6068181506828545","88.85","-1.1","1.1"
"11:71817094:C>G","NM_001145309.3:c.196C>G","NP_001138781.1:p.Leu66Val","Unknown significance","Deafness, autosomal recessive 63","missense_variant","7/9","null","66","MODERATE","15.90","null","0.00166594","gnomad_AF_nfe_pass","45.629724045035736","0.23660582328168578","89.41","-0.2","0.2"
"11:71817095:T>C","NM_001145309.3:c.197T>C","NP_001138781.1:p.Leu66Pro","Unknown significance","null","missense_variant","7/9","null","66","MODERATE","23.8","null","0.00439097","gnomad_AF_sas_pass","45.629724045035736","0.23660582328168578","89.41","-1.7","1.7"
"11:71817102:C>G","NM_001145309.3:c.204C>G","NP_001138781.1:p.Ser68Arg","Likely benign","null","missense_variant","7/9","null","68","MODERATE","16.28","null","0.00405154","gnomad_AF_amr_pass","62.51079461382587","0.4532815880086455","88.02","0.4","0.4"
"11:71817107:G>A","NM_001145309.3:c.209G>A","NP_001138781.1:p.Arg70Gln","Unknown significance","Deafness, autosomal recessive 63","missense_variant","7/9","null","70","MODERATE","22.4","null","0.192678","gnomad_AF_eas_pass","83.57618832424905","0.3102013859420811","90.96","-0.4","0.4"
"11:71817107:G>C","NM_001145309.3:c.209G>C","NP_001138781.1:p.Arg70Pro","Unknown significance","null","missense_variant","7/9","null","70","MODERATE","24.3","null","0.0126454","gnomad_AF_afr_pass","83.57618832424905","0.3102013859420811","90.96","-1.0","1.0"
"11:71817109:G>A","NM_001145309.3:c.211G>A","NP_001138781.1:p.Asp71Asn","Unknown significance","null","missense_variant","7/9","null","71","MODERATE","23.9","null","0.0114863","gnomad_AF_afr_pass","27.370267584894986","0.1710857292074738","90.51","0.3","0.3"
"11:71817110:A>G","NM_001145309.3:c.212A>G","NP_001138781.1:p.Asp71Gly","Unknown significance","null","missense_variant","7/9","null","71","MODERATE","26.5","null","0.00439097","gnomad_AF_sas_pass","27.370267584894986","0.1710857292074738","90.51","-0.6","0.6"
"11:71817112:T>C","NM_001145309.3:c.214T>C","NP_001138781.1:p.Cys72Arg","Unknown significance","null","missense_variant","7/9","null","72","MODERATE","21.7","null","0.00165981","gnomad_AF_nfe_pass","121.37755721502134","0.7854728551478877","90.92","0.0","0.0"
"11:71817113:G>A","NM_001145309.3:c.215G>A","NP_001138781.1:p.Cys72Tyr","Unknown significance","null","missense_variant","7/9","null","72","MODERATE","16.80","null","0","null","121.37755721502134","0.7854728551478877","90.92","0.3","0.3"
"11:71817124:C>A","NM_001145309.3:c.226C>A","NP_001138781.1:p.Leu76Met","Likely benign","null","missense_variant","7/9","null","76","MODERATE","15.46","null","0","null","87.16586918764837","0.4519850310918337","92.31","0.0","0.0"
"11:71817127:C>T","NM_001145309.3:c.229C>T","NP_001138781.1:p.Arg77Trp","Unknown significance","null","missense_variant","7/9","null","77","MODERATE","23.9","null","0.00810438","gnomad_AF_amr_pass","99.20931123795555","0.3682252859507829","92.56","0.2","0.2"
"11:71817128:G>A","NM_001145309.3:c.230G>A","NP_001138781.1:p.Arg77Gln","Likely benign","null","missense_variant","7/9","null","77","MODERATE","19.55","null","0.0241284","gnomad_AF_afr_pass","99.20931123795555","0.3682252859507829","92.56","-0.3","0.3"
"11:71817133:G>A","NM_001145309.3:c.235G>A","NP_001138781.1:p.Glu79Lys","Unknown significance","null","missense_variant","7/9","null","79","MODERATE","27.7","null","0.0180788","gnomad_AF_afr_pass","6.132735630987346","0.03140631019550411","95.98","-0.5","0.5"
"11:71817138:G>T","NM_001145309.3:c.240G>T","NP_001138781.1:p.Glu80Asp","Pathogenic","Hearing loss, non-syndromic","missense_variant","7/9","null","80","MODERATE","23.2","null","0","null","29.483222589150284","0.15098632811094645","96.82","-0.3","0.3"
"11:71817139:C>G","NM_001145309.3:c.241C>G","NP_001138781.1:p.Arg81Gly","Unknown significance","null","missense_variant","7/9","null","81","MODERATE","25.9","null","0.0241051","gnomad_AF_afr_pass","21.79339643454796","0.08088837160357217","96.89","-2.1","2.1"
"11:71817139:C>T","NM_001145309.3:c.241C>T","NP_001138781.1:p.Arg81Trp","Pathogenic","Hearing loss, non-syndromic","missense_variant","7/9","null","81","MODERATE","27.2","null","0","null","21.79339643454796","0.08088837160357217","96.89","0.3","0.3"
"11:71817140:G>A","NM_001145309.3:c.242G>A","NP_001138781.1:p.Arg81Gln","Pathogenic","Deafness, non-syndromic","missense_variant","7/9","null","81","MODERATE","28.2","null","0.00497859","gnomad_AF_nfe_pass","21.79339643454796","0.08088837160357217","96.89","-0.6","0.6"
"11:71817143:C>T","NM_001145309.3:c.245C>T","NP_001138781.1:p.Ala82Val","Unknown significance","null","missense_variant","7/9","null","82","MODERATE","24.1","null","0","null","0.0","0.0","97.26","1.9","1.9"
"11:71817147:C>G","NM_001145309.3:c.249C>G","NP_001138781.1:p.Phe83Leu","Likely pathogenic","Hearing loss, non-syndromic","missense_variant","7/9","null","83","MODERATE","19.27","null","0.00331917","gnomad_AF_nfe_pass","25.485170116562067","0.11092547536401057","97.94","0.0","0.0"
"11:71817154:G>A","NM_001145309.3:c.256G>A","NP_001138781.1:p.Val86Met","Unknown significance","null","missense_variant","7/9","null","86","MODERATE","22.4","null","0.00396553","gnomad_AF_nfe_pass","0.0","0.0","98.34","-0.5","0.5"
"11:71817160:A>C","NM_001145309.3:c.262A>C","NP_001138781.1:p.Thr88Pro","Unknown significance","null","missense_variant","7/9","null","88","MODERATE","23.3","null","0","null","122.40462125794207","0.7779744259330658","97.49","-0.2","0.2"
"11:71817164:A>G","NM_001145309.3:c.266A>G","NP_001138781.1:p.His89Arg","Unknown significance","null","missense_variant","7/9","null","89","MODERATE","24.0","null","0.006027","gnomad_AF_afr_pass","111.09986254153024","0.5408890344643149","98.04","-0.2","0.2"
"11:71817166:G>C","NM_001145309.3:c.268G>C","NP_001138781.1:p.Ala90Pro","Unknown significance","null","missense_variant","7/9","null","90","MODERATE","24.2","null","0.0229832","gnomad_AF_afr_pass","5.954652414981166","0.04682850600624343","97.91","-0.7","0.7"
"11:71817175:G>A","NM_001145309.3:c.277G>A","NP_001138781.1:p.Gly93Ser","Unknown significance","null","missense_variant","7/9","null","93","MODERATE","26.9","null","0.00603646","gnomad_AF_afr_pass","57.377944490580944","0.6017854063613004","97.57","0.2","0.2"
"11:71817178:G>A","NM_001145309.3:c.280G>A","NP_001138781.1:p.Asp94Asn","Unknown significance","null","missense_variant","7/9","null","94","MODERATE","22.4","null","0.00920641","gnomad_AF_eas_pass","50.330329761373456","0.3146042011379275","98.07","0.2","0.2"
"11:71817179:A>C","NM_001145309.3:c.281A>C","NP_001138781.1:p.Asp94Ala","Unknown significance","null","missense_variant","7/9","null","94","MODERATE","25.9","null","0","null","50.330329761373456","0.3146042011379275","98.07","-0.2","0.2"
"11:71817185:G>A","NM_001145309.3:c.287G>A","NP_001138781.1:p.Gly96Asp","Unknown significance","null","missense_variant","7/9","null","96","MODERATE","16.21","null","0.0175917","gnomad_AF_sas_pass","28.449353769605302","0.2983795615363805","98.01","0.4","0.4"
"11:71817193:C>T","NM_001145309.3:c.295C>T","NP_001138781.1:p.Leu99Phe","Unknown significance","null","missense_variant","7/9","null","99","MODERATE","23.6","null","0","null","5.922275374549028","0.030709036050996556","98.45","-0.4","0.4"
"11:71817196:A>C","NM_001145309.3:c.298A>C","NP_001138781.1:p.Thr100Pro","Likely benign","null","missense_variant","7/9","null","100","MODERATE","19.27","null","0","null","91.16162690687356","0.579401444415626","97.9","-0.3","0.3"
"11:71817199:A>C","NM_001145309.3:c.301A>C","NP_001138781.1:p.Thr101Pro","Unknown significance","null","missense_variant","7/9","null","101","MODERATE","25.4","null","0","null","7.04019966076568","0.044745821140171775","98.36","-0.9","0.9"
"11:71817211:T>C","NM_001145309.3:c.313T>C","NP_001138781.1:p.Trp105Arg","Pathogenic","Deafness, non-syndromic","missense_variant","7/9","null","105","MODERATE","26.8","null","0","null","18.28582220361789","0.06970589856781267","96.78","-1.6","1.6"
"11:71817214:A>G","NM_001145309.3:c.316A>G","NP_001138781.1:p.Ser106Gly","Unknown significance","null","missense_variant","7/9","null","106","MODERATE","25.0","null","0","null","0.2976736983513353","0.002158507303109158","95.83","-0.9","0.9"
"11:71817218:G>C","NM_001145309.3:c.320G>C","NP_001138781.1:p.Ser107Thr","Unknown significance","null","missense_variant","7/9","null","107","MODERATE","19.75","null","0.0136886","gnomad_AF_sas_pass","42.70149907827056","0.309639374001289","93.5","0.3","0.3"
"11:71817221:G>A","NM_001145309.3:c.323G>A","NP_001138781.1:p.Arg108His","Likely benign","null","missense_variant","7/9","null","108","MODERATE","13.85","null","0.00841468","gnomad_AF_amr_pass","203.90766601018748","0.7568237062352708","92.36","-0.0","0.0"
"11:71817226:G>A","NM_001145309.3:c.328G>A","NP_001138781.1:p.Glu110Lys","Pathogenic","Deafness, non-syndromic","missense_variant","7/9","null","110","MODERATE","28.0","null","0.0258532","gnomad_AF_afr_pass","11.089752895801423","0.056791657164741736","92.56","-0.3","0.3"
"11:71817238:C>T","NM_001145309.3:c.340C>T","NP_001138781.1:p.His114Tyr","Unknown significance","null","missense_variant","7/9","null","114","MODERATE","24.7","null","0.0917431","gnomad_AF_afr_pass","2.091237605231401","0.010181178115375722","93.3","1.1","1.1"
"11:71817242:T>C","NM_001145309.3:c.344T>C","NP_001138781.1:p.Met115Thr","Unknown significance","null","missense_variant","7/9","null","115","MODERATE","23.2","null","0.0114811","gnomad_AF_afr_pass","0.0","0.0","94.1","-1.2","1.2"
"11:71817243:G>A","NM_001145309.3:c.345G>A","NP_001138781.1:p.Met115Ile","Unknown significance","null","missense_variant","7/9","null","115","MODERATE","21.2","null","0.117925","gnomad_AF_amr_pass","0.0","0.0","94.1","0.6","0.6"
"11:71817244:G>A","NM_001145309.3:c.346G>A","NP_001138781.1:p.Gly116Arg","Unknown significance","null","missense_variant","7/9","null","116","MODERATE","27.6","null","0","null","0.0","0.0","95.0","1.2","1.2"
"11:71817245:G>A","NM_001145309.3:c.347G>A","NP_001138781.1:p.Gly116Glu","Unknown significance","null","missense_variant","7/9","null","116","MODERATE","26.5","null","0.00894055","gnomad_AF_amr_pass","0.0","0.0","95.0","0.2","0.2"
"11:71817247:C>T","NM_001145309.3:c.349C>T","NP_001138781.1:p.Pro117Ser","Unknown significance","null","missense_variant","7/9","null","117","MODERATE","21.1","null","0","null","44.017293106013604","0.2798300211361175","96.19","-0.1","0.1"
"11:71817248:C>T","NM_001145309.3:c.350C>T","NP_001138781.1:p.Pro117Leu","Unknown significance","null","missense_variant","7/9","null","117","MODERATE","25.5","null","0","null","44.017293106013604","0.2798300211361175","96.19","0.5","0.5"
"11:71817250:G>A","NM_001145309.3:c.352G>A","NP_001138781.1:p.Val118Ile","Benign","null","missense_variant","7/9","null","118","MODERATE","16.84","null","1.4081","gnomad_AF_afr_pass","74.75674717932814","0.43490505282254166","96.22","0.1","0.1"
"11:71818981:T>C","NM_001145309.3:c.371T>C","NP_001138781.1:p.Met124Thr","Likely benign","null","missense_variant","8/9","null","124","MODERATE","17.62","null","0","null","30.773909005154106","0.142120985823762","98.22","-1.0","1.0"
"11:71818983:C>T","NM_001145309.3:c.373C>T","NP_001138781.1:p.Arg125Trp","Unknown significance","Deafness, autosomal recessive 63","missense_variant","8/9","null","125","MODERATE","29.9","null","0.00802568","gnomad_AF_eas_pass","166.94656730032588","0.6196388898942924","98.16","0.5","0.5"
"11:71818984:G>A","NM_001145309.3:c.374G>A","NP_001138781.1:p.Arg125Gln","Unknown significance","null","missense_variant","8/9","null","125","MODERATE","25.5","null","0.0180094","gnomad_AF_afr_pass","166.94656730032588","0.6196388898942924","98.16","-0.1","0.1"
"11:71818984:G>C","NM_001145309.3:c.374G>C","NP_001138781.1:p.Arg125Pro","Unknown significance","null","missense_variant","8/9","null","125","MODERATE","28.4","null","0.00405186","gnomad_AF_amr_pass","166.94656730032588","0.6196388898942924","98.16","-0.4","0.4"
"11:71818990:T>C","NM_001145309.3:c.380T>C","NP_001138781.1:p.Val127Ala","Unknown significance","null","missense_variant","8/9","null","127","MODERATE","23.7","null","0.00167235","gnomad_AF_nfe_pass","0.0","0.0","98.61","-1.8","1.8"
"11:71818990:T>G","NM_001145309.3:c.380T>G","NP_001138781.1:p.Val127Gly","Unknown significance","null","missense_variant","8/9","null","127","MODERATE","29.6","null","0","null","0.0","0.0","98.61","-3.5","3.5"
"11:71818993:A>G","NM_001145309.3:c.383A>G","NP_001138781.1:p.Glu128Gly","Unknown significance","null","missense_variant","8/9","null","128","MODERATE","23.0","null","0","null","97.04977116304545","0.49700091459161483","98.25","-0.4","0.4"
"11:71818996:A>G","NM_001145309.3:c.386A>G","NP_001138781.1:p.Glu129Gly","Unknown significance","null","missense_variant","8/9","null","129","MODERATE","31","null","0.00165115","gnomad_AF_nfe_pass","107.10475636121878","0.5484934300278611","97.52","-0.4","0.4"
"11:71818998:A>G","NM_001145309.3:c.388A>G","NP_001138781.1:p.Lys130Glu","Unknown significance","null","missense_variant","8/9","null","130","MODERATE","19.99","null","0","gnomad_AF_afr_pass,gnomad_AF_amr_pass,gnomad_AF_eas_pass,gnomad_AF_nfe_pass","102.15910775641021","0.4315705564939292","96.62","0.1","0.1"
"11:71819007:G>A","NM_001145309.3:c.397G>A","NP_001138781.1:p.Ala133Thr","Likely benign","null","missense_variant","8/9","null","133","MODERATE","14.46","null","0.00329881","gnomad_AF_nfe_pass","65.6750728961452","0.516481119509196","97.1","0.1","0.1"
"11:71819007:G>C","NM_001145309.3:c.397G>C","NP_001138781.1:p.Ala133Pro","Benign","null","missense_variant","8/9","null","133","MODERATE","15.80","null","0.612318","gnomad_AF_afr_pass","65.6750728961452","0.516481119509196","97.1","-0.2","0.2"
"11:71819008:C>A","NM_001145309.3:c.398C>A","NP_001138781.1:p.Ala133Asp","Likely benign","null","missense_variant","8/9","null","133","MODERATE","11.50","null","0.00405154","gnomad_AF_amr_pass","65.6750728961452","0.516481119509196","97.1","-0.2","0.2"
"11:71819013:G>A","NM_001145309.3:c.403G>A","NP_001138781.1:p.Val135Met","Unknown significance","null","missense_variant","8/9","null","135","MODERATE","25.5","null","0.0641026","gnomad_AF_eas_pass","0.0","0.0","98.77","-1.2","1.2"
"11:71819013:G>C","NM_001145309.3:c.403G>C","NP_001138781.1:p.Val135Leu","Unknown significance","null","missense_variant","8/9","null","135","MODERATE","21.8","null","0.00878194","gnomad_AF_sas_pass","0.0","0.0","98.77","-0.4","0.4"
"11:71819023:T>C","NM_001145309.3:c.413T>C","NP_001138781.1:p.Leu138Ser","Unknown significance","null","missense_variant","8/9","null","138","MODERATE","24.9","null","0","gnomad_AF_afr_pass,gnomad_AF_sas_pass,gnomad_AF_amr_pass,gnomad_AF_eas_pass,gnomad_AF_nfe_pass","0.0","0.0","98.73","-3.6","3.6"
"11:71819029:C>A","NM_001145309.3:c.419C>A","NP_001138781.1:p.Thr140Asn","Unknown significance","null","missense_variant","8/9","null","140","MODERATE","24.1","null","0","null","0.0","0.0","98.37","-1.2","1.2"
"11:71819032:A>G","NM_001145309.3:c.422A>G","NP_001138781.1:p.Tyr141Cys","Unknown significance","null","missense_variant","8/9","null","141","MODERATE","23.0","null","0.00648761","gnomad_AF_nfe_pass","35.32478155600737","0.1472407498725255","97.63","-1.1","1.1"
"11:71819034:T>A","NM_001145309.3:c.424T>A","NP_001138781.1:p.Cys142Ser","Unknown significance","null","missense_variant","8/9","null","142","MODERATE","24.1","null","0.00164761","gnomad_AF_nfe_pass","0.0","0.0","96.47","-0.5","0.5"
"11:71819041:A>C","NM_001145309.3:c.431A>C","NP_001138781.1:p.Tyr144Ser","Unknown significance","null","missense_variant","8/9","null","144","MODERATE","25.7","null","0","null","0.2324964593665","9.690917115949984E-4","98.55","-2.6","2.6"
"11:71819046:A>C","NM_001145309.3:c.436A>C","NP_001138781.1:p.Thr146Pro","Unknown significance","null","missense_variant","8/9","null","146","MODERATE","25.2","null","0","null","0.0","0.0","98.81","-1.1","1.1"
"11:71819056:T>C","NM_001145309.3:c.446T>C","NP_001138781.1:p.Ile149Thr","Unknown significance","null","missense_variant","8/9","null","149","MODERATE","23.4","null","0.00648256","gnomad_AF_nfe_pass","0.0","0.0","98.78","-2.9","2.9"
"11:71819058:G>A","NM_001145309.3:c.448G>A","NP_001138781.1:p.Ala150Thr","Unknown significance","null","missense_variant","8/9","null","150","MODERATE","26.3","null","0.00439097","gnomad_AF_sas_pass","0.0","0.0","98.55","-0.6","0.6"
"11:71819062:G>A","NM_001145309.3:c.452G>A","NP_001138781.1:p.Arg151Gln","Likely benign","null","missense_variant","8/9","null","151","MODERATE","16.11","null","0.0251319","gnomad_AF_afr_pass","94.35056143489433","0.35019154987026224","97.76","-0.2","0.2"
"11:71819064:G>C","NM_001145309.3:c.454G>C","NP_001138781.1:p.Ala152Pro","Unknown significance","null","missense_variant","8/9","null","152","MODERATE","23.2","null","0","null","0.8716237736941848","0.0068546132128438925","98.2","-0.8","0.8"
"11:71819070:C>A","NM_001145309.3:c.460C>A","NP_001138781.1:p.Pro154Thr","Unknown significance","null","missense_variant","8/9","null","154","MODERATE","23.8","null","0","null","29.88829612891351","0.19000810698043066","96.67","-0.1","0.1"
"11:71819070:C>G","NM_001145309.3:c.460C>G","NP_001138781.1:p.Pro154Ala","Unknown significance","Deafness, autosomal recessive 63","missense_variant","8/9","null","154","MODERATE","22.5","null","0","null","29.88829612891351","0.19000810698043066","96.67","-0.2","0.2"
"11:71819070:C>T","NM_001145309.3:c.460C>T","NP_001138781.1:p.Pro154Ser","Unknown significance","null","missense_variant","8/9","null","154","MODERATE","21.0","null","0.009176","gnomad_AF_eas_pass","29.88829612891351","0.19000810698043066","96.67","-0.3","0.3"
"11:71819073:C>T","NM_001145309.3:c.463C>T","NP_001138781.1:p.Pro155Ser","Unknown significance","null","missense_variant","8/9","null","155","MODERATE","22.5","null","0.00165937","gnomad_AF_nfe_pass","166.58779298829361","1.0590443515156704","95.02","-0.0","0.0"
"11:71819077:G>A","NM_001145309.3:c.467G>A","NP_001138781.1:p.Gly156Glu","Unknown significance","null","missense_variant","8/9","null","156","MODERATE","23.1","null","0","null","62.725263610788105","0.6578686041521461","94.9","0.1","0.1"
"11:71819079:G>T","NM_001145309.3:c.469G>T","NP_001138781.1:p.Gly157Cys","Unknown significance","null","missense_variant","8/9","null","157","MODERATE","23.1","null","0.00878657","gnomad_AF_sas_pass","0.48793594709285804","0.005117519193246174","97.13","0.8","0.8"
"11:71819083:G>A","NM_001145309.3:c.473G>A","NP_001138781.1:p.Arg158His","Pathogenic","Deafness, non-syndromic","missense_variant","8/9","null","158","MODERATE","23.2","null","0.0126103","gnomad_AF_afr_pass","40.89089819187552","0.15177066035034803","98.01","-0.3","0.3"
"11:71819094:G>A","NM_001145309.3:c.484G>A","NP_001138781.1:p.Val162Met","Unknown significance","null","missense_variant","8/9","null","162","MODERATE","22.6","null","0.0275092","gnomad_AF_amr_pass","5.892798862035137E-6","3.4281962459097955E-8","98.83","-0.6","0.6"
"11:71819100:C>T","NM_001145309.3:c.490C>T","NP_001138781.1:p.Arg164Trp","Likely benign","null","missense_variant","8/9","null","164","MODERATE","22.5","null","0","null","128.02307043862095","0.47517043644712925","98.16","0.2","0.2"
"11:71819101:G>A","NM_001145309.3:c.491G>A","NP_001138781.1:p.Arg164Gln","Likely benign","null","missense_variant","8/9","null","164","MODERATE","18.05","null","0.0611297","gnomad_AF_amr_pass","128.02307043862095","0.47517043644712925","98.16","-0.4","0.4"
"11:71819109:C>T","NM_001145309.3:c.499C>T","NP_001138781.1:p.Arg167Cys","Unknown significance","null","missense_variant","8/9","null","167","MODERATE","23.3","null","0.00602119","gnomad_AF_afr_pass","165.45315387189063","0.6140959365175742","97.19","-0.3","0.3"
"11:71819110:G>A","NM_001145309.3:c.500G>A","NP_001138781.1:p.Arg167His","Unknown significance","null","missense_variant","8/9","null","167","MODERATE","24.6","null","0.00443302","gnomad_AF_sas_pass","165.45315387189063","0.6140959365175742","97.19","-0.0","0.0"
"11:71819113:C>T","NM_001145309.3:c.503C>T","NP_001138781.1:p.Thr168Met","Benign","null","missense_variant","8/9","null","168","MODERATE","16.01","null","0.918294","gnomad_AF_sas_pass","10.320991318533414","0.06559774633978704","97.89","1.1","1.1"
"11:71819124:G>A","NM_001145309.3:c.514G>A","NP_001138781.1:p.Ala172Thr","Unknown significance","null","missense_variant","8/9","null","172","MODERATE","24.6","null","0","null","0.0","0.0","98.6","-0.3","0.3"
"11:71819125:C>A","NM_001145309.3:c.515C>A","NP_001138781.1:p.Ala172Asp","Unknown significance","null","missense_variant","8/9","null","172","MODERATE","27.5","null","0.0017779","gnomad_AF_nfe_pass","0.0","0.0","98.6","-1.5","1.5"
"11:71819139:C>T","NM_001145309.3:c.529C>T","NP_001138781.1:p.Arg177Cys","Unknown significance","null","missense_variant","8/9","null","177","MODERATE","29.9","null","0.00288659","gnomad_AF_nfe_pass","71.95856344885141","0.26708140870978697","98.4","-0.5","0.5"
"11:71819140:G>A","NM_001145309.3:c.530G>A","NP_001138781.1:p.Arg177His","Unknown significance","null","missense_variant","8/9","null","177","MODERATE","27.9","null","0.00493876","gnomad_AF_sas_pass","71.95856344885141","0.26708140870978697","98.4","-0.2","0.2"
"11:71819146:C>A","NM_001145309.3:c.536C>A","NP_001138781.1:p.Ala179Asp","Unknown significance","null","missense_variant","8/9","null","179","MODERATE","28.4","null","0","null","2.6278072010984967","0.020665569830792534","98.48","-0.9","0.9"
"11:71819148:G>A","NM_001145309.3:c.538G>A","NP_001138781.1:p.Gly180Ser","Unknown significance","Deafness, autosomal recessive 63","missense_variant","8/9","null","180","MODERATE","29.2","null","0.0094518","gnomad_AF_eas_pass","64.26117970668791","0.6739774400491807","98.06","-0.0","0.0"
"11:71819152:T>C","NM_001145309.3:c.542T>C","NP_001138781.1:p.Phe181Ser","Unknown significance","null","missense_variant","8/9","null","181","MODERATE","27.9","null","0.00202331","gnomad_AF_nfe_pass","16.360956862953273","0.07121188162105879","98.27","-2.1","2.1"
"11:71819154:G>C","NM_001145309.3:c.544G>C","NP_001138781.1:p.Asp182His","Unknown significance","null","missense_variant","8/9","null","182","MODERATE","25.7","null","0.00204725","gnomad_AF_nfe_pass","88.08410708664991","0.5505950442671396","97.01","0.3","0.3"
"11:71819161:A>G","NM_001145309.3:c.551A>G","NP_001138781.1:p.His184Arg","Likely benign","null","missense_variant","8/9","null","184","MODERATE","9.746","null","0","gnomad_AF_afr_pass,gnomad_AF_sas_pass,gnomad_AF_amr_pass,gnomad_AF_eas_pass,gnomad_AF_nfe_pass","131.60624129020584","0.640724220107182","95.67","0.1","0.1"
"11:71819164:T>C","NM_001145309.3:c.554T>C","NP_001138781.1:p.Met185Thr","Likely benign","null","missense_variant&splice_region_variant","8/9","null","185","MODERATE","6.825","null","0","null","37.064838332121994","0.1711739435596983","97.69","-0.4","0.4"
"11:71819655:A>T","NM_001145309.3:c.560A>T","NP_001138781.1:p.Glu187Val","Unknown significance","null","missense_variant","9/9","null","187","MODERATE","29.5","null","0.00286287","gnomad_AF_nfe_pass","29.57360599453373","0.1514491899456643","98.53","1.3","1.3"
"11:71819657:C>T","NM_001145309.3:c.562C>T","NP_001138781.1:p.Leu188Phe","Unknown significance","null","missense_variant","9/9","null","188","MODERATE","27.4","null","0","null","28.120636748510115","0.14581517965174565","98.76","0.1","0.1"
"11:71819663:G>A","NM_001145309.3:c.568G>A","NP_001138781.1:p.Val190Met","Unknown significance","Deafness, autosomal recessive 63","missense_variant","9/9","null","190","MODERATE","25.7","null","0.0319625","gnomad_AF_eas_pass","91.59729279678798","0.5328766561582611","98.63","-0.1","0.1"
"11:71819664:T>C","NM_001145309.3:c.569T>C","NP_001138781.1:p.Val190Ala","Likely benign","null","missense_variant","9/9","null","190","MODERATE","21.8","null","0","null","91.59729279678798","0.5328766561582611","98.63","-0.6","0.6"
"11:71819680:C>A","NM_001145309.3:c.585C>A","NP_001138781.1:p.Asp195Glu","Likely benign","null","missense_variant","9/9","null","195","MODERATE","14.59","null","0.00238334","gnomad_AF_nfe_pass","102.81594299989348","0.6426806215076443","98.17","0.1","0.1"
"11:71819681:G>A","NM_001145309.3:c.586G>A","NP_001138781.1:p.Val196Met","Unknown significance","null","missense_variant","9/9","null","196","MODERATE","26.1","null","0.00520237","gnomad_AF_nfe_pass","7.508189854893187","0.043679665430211935","98.52","-0.2","0.2"
"11:71819687:C>T","NM_001145309.3:c.592C>T","NP_001138781.1:p.Pro198Ser","Unknown significance","Deafness, autosomal recessive 63","missense_variant","9/9","null","198","MODERATE","26.0","null","0","null","49.4846650362786","0.31458760604985336","98.29","-0.2","0.2"
"11:71819688:C>T","NM_001145309.3:c.593C>T","NP_001138781.1:p.Pro198Leu","Unknown significance","null","missense_variant","9/9","null","198","MODERATE","24.6","null","0.0380735","gnomad_AF_eas_pass","49.4846650362786","0.31458760604985336","98.29","0.8","0.8"
"11:71819690:T>C","NM_001145309.3:c.595T>C","NP_001138781.1:p.Cys199Arg","Likely benign","null","missense_variant","9/9","null","199","MODERATE","12.93","null","0.00672766","gnomad_AF_sas_pass","32.760014509510654","0.2120004943408684","97.81","0.6","0.6"
"11:71819696:C>T","NM_001145309.3:c.601C>T","NP_001138781.1:p.Arg201Cys","Unknown significance","null","missense_variant","9/9","null","201","MODERATE","23.6","null","0.0114863","gnomad_AF_afr_pass","105.81442890263445","0.39274084109843777","97.16","-0.4","0.4"
"11:71819697:G>A","NM_001145309.3:c.602G>A","NP_001138781.1:p.Arg201His","Unknown significance","null","missense_variant","9/9","null","201","MODERATE","24.5","null","0","null","105.81442890263445","0.39274084109843777","97.16","-0.2","0.2"
"11:71819717:C>T","NM_001145309.3:c.622C>T","NP_001138781.1:p.Arg208Trp","Likely benign","null","missense_variant","9/9","null","208","MODERATE","21.9","null","0.0120729","gnomad_AF_afr_pass","140.76761986898623","0.5224731069298848","95.82","0.0","0.0"
"11:71819718:G>A","NM_001145309.3:c.623G>A","NP_001138781.1:p.Arg208Gln","Benign","null","missense_variant","9/9","null","208","MODERATE","12.85","null","1.19957","gnomad_AF_nfe_pass","140.76761986898623","0.5224731069298848","95.82","-0.3","0.3"
"11:71819732:C>A","NM_001145309.3:c.637C>A","NP_001138781.1:p.Leu213Ile","Unknown significance","null","missense_variant","9/9","null","213","MODERATE","24.6","null","0","null","0.0","0.0","98.81","0.2","0.2"
"11:71819742:A>C","NM_001145309.3:c.647A>C","NP_001138781.1:p.His216Pro","Unknown significance","null","missense_variant","9/9","null","216","MODERATE","25.0","null","0","null","32.319982979756396","0.1573496491167013","95.7","-1.1","1.1"
"11:71819744:C>T","NM_001145309.3:c.649C>T","NP_001138781.1:p.Arg217Trp","Unknown significance","Deafness, autosomal recessive 63","missense_variant","9/9","null","217","MODERATE","18.48","null","0.0313514","gnomad_AF_nfe_pass","141.73642056357443","0.526068907650025","94.25","0.3","0.3"
"11:71819745:G>A","NM_001145309.3:c.650G>A","NP_001138781.1:p.Arg217Gln","Unknown significance","Deafness, autosomal recessive 63","missense_variant","9/9","null","217","MODERATE","22.1","null","0.114306","gnomad_AF_afr_pass","141.73642056357443","0.526068907650025","94.25","-0.1","0.1"
"11:71819751:G>A","NM_001145309.3:c.656G>A","NP_001138781.1:p.Arg219Gln","Unknown significance","null","missense_variant","9/9","null","219","MODERATE","23.0","null","0.00442948","gnomad_AF_sas_pass","196.208520866204","0.7282475586252946","95.54","-0.1","0.1"
"11:71819760:T>C","NM_001145309.3:c.665T>C","NP_001138781.1:p.Leu222Pro","Unknown significance","null","missense_variant","9/9","null","222","MODERATE","23.3","null","0.00919794","gnomad_AF_eas_pass","32.35635773047117","0.16777885072587387","98.42","-1.3","1.3"
"11:71819765:G>A","NM_001145309.3:c.670G>A","NP_001138781.1:p.Asp224Asn","Unknown significance","null","missense_variant","9/9","null","224","MODERATE","23.2","null","0.0324886","gnomad_AF_amr_pass","0.0","0.0","98.66","0.5","0.5"
"11:71819767:C>G","NM_001145309.3:c.672C>G","NP_001138781.1:p.Asp224Glu","Unknown significance","null","missense_variant","9/9","null","224","MODERATE","23.7","null","0","null","0.0","0.0","98.66","0.3","0.3"
"11:71819768:C>G","NM_001145309.3:c.673C>G","NP_001138781.1:p.Leu225Val","Unknown significance","null","missense_variant","9/9","null","225","MODERATE","22.6","null","0.00167994","gnomad_AF_nfe_pass","0.0","0.0","98.42","-0.7","0.7"
"11:71819783:G>A","NM_001145309.3:c.688G>A","NP_001138781.1:p.Ala230Thr","Likely benign","null","missense_variant","9/9","null","230","MODERATE","23.0","null","0.0126072","gnomad_AF_afr_pass","88.82471033974207","0.698534220264912","96.58","-0.0","0.0"
"11:71819784:C>G","NM_001145309.3:c.689C>G","NP_001138781.1:p.Ala230Gly","Unknown significance","null","missense_variant","9/9","null","230","MODERATE","19.94","null","0.0040568","gnomad_AF_amr_pass","88.82471033974207","0.698534220264912","96.58","-0.4","0.4"
"11:71819790:C>T","NM_001145309.3:c.695C>T","NP_001138781.1:p.Ala232Val","Unknown significance","null","missense_variant","9/9","null","232","MODERATE","23.3","null","0.0705827","gnomad_AF_amr_pass","64.37759479617205","0.5062775078181593","96.26","0.4","0.4"
"11:71819798:C>T","NM_001145309.3:c.703C>T","NP_001138781.1:p.Pro235Ser","Unknown significance","null","missense_variant","9/9","null","235","MODERATE","18.40","null","0.00166495","gnomad_AF_nfe_pass","25.145202643217512","0.159854959053859","96.95","0.3","0.3"
"11:71819801:G>A","NM_001145309.3:c.706G>A","NP_001138781.1:p.Ala236Thr","Unknown significance","null","missense_variant","9/9","null","236","MODERATE","23.2","null","0","null","98.52479036132702","0.7748174730722498","96.0","0.1","0.1"
"11:71819808:C>A","NM_001145309.3:c.713C>A","NP_001138781.1:p.Ala238Asp","Unknown significance","null","missense_variant","9/9","null","238","MODERATE","25.1","null","0","null","0.016232560824815147","1.276559098847035E-4","98.15","-1.4","1.4"
"11:71819813:G>A","NM_001145309.3:c.718G>A","NP_001138781.1:p.Val240Met","Unknown significance","null","missense_variant","9/9","null","240","MODERATE","25.1","null","0.0175639","gnomad_AF_sas_pass","0.0","0.0","98.69","-0.9","0.9"
"11:71819824:C>G","NM_001145309.3:c.729C>G","NP_001138781.1:p.Asp243Glu","Unknown significance","null","missense_variant","9/9","null","243","MODERATE","22.7","null","0.00166185","gnomad_AF_nfe_pass","0.270453591157742","0.0016905479537780634","95.67","-0.0","0.0"
"11:71819825:C>T","NM_001145309.3:c.730C>T","NP_001138781.1:p.His244Tyr","Unknown significance","null","missense_variant","9/9","null","244","MODERATE","23.3","null","0.00918442","gnomad_AF_eas_pass","12.143883437102403","0.05912242586696393","91.9","1.0","1.0"
"11:71819831:C>G","NM_001145309.3:c.736C>G","NP_001138781.1:p.Leu246Val","Unknown significance","null","missense_variant","9/9","null","246","MODERATE","22.4","null","0","null","67.84024393082689","0.3517750129507958","90.46","-0.4","0.4"
"11:71819844:C>T","NM_001145309.3:c.749C>T","NP_001138781.1:p.Ala250Val","Unknown significance","null","missense_variant","9/9","null","250","MODERATE","26.3","null","0.00878194","gnomad_AF_sas_pass","0.22760414461914408","0.0017899217805775482","95.99","0.9","0.9"
"11:71819846:C>A","NM_001145309.3:c.751C>A","NP_001138781.1:p.Pro251Thr","Unknown significance","null","missense_variant","9/9","null","251","MODERATE","24.9","null","0.00649266","gnomad_AF_nfe_pass","98.75944749323968","0.6278409309010635","96.33","-0.0","0.0"
"11:71819846:C>T","NM_001145309.3:c.751C>T","NP_001138781.1:p.Pro251Ser","Unknown significance","null","missense_variant","9/9","null","251","MODERATE","25.7","null","0.00405318","gnomad_AF_amr_pass","98.75944749323968","0.6278409309010635","96.33","-0.1","0.1"
"11:71819847:C>A","NM_001145309.3:c.752C>A","NP_001138781.1:p.Pro251His","Unknown significance","null","missense_variant","9/9","null","251","MODERATE","26.0","null","0","null","98.75944749323968","0.6278409309010635","96.33","0.0","0.0"
"11:71819849:C>T","NM_001145309.3:c.754C>T","NP_001138781.1:p.Arg252Cys","Unknown significance","Deafness, autosomal recessive 63","missense_variant","9/9","null","252","MODERATE","28.4","null","0.00831725","gnomad_AF_nfe_pass","191.79736243831974","0.7118751027215743","97.17","-0.2","0.2"
"11:71819850:G>A","NM_001145309.3:c.755G>A","NP_001138781.1:p.Arg252His","Unknown significance","null","missense_variant","9/9","null","252","MODERATE","22.9","null","0.00439097","gnomad_AF_sas_pass","191.79736243831974","0.7118751027215743","97.17","-0.0","0.0"
"11:71819858:C>G","NM_001145309.3:c.763C>G","NP_001138781.1:p.Gln255Glu","Unknown significance","null","missense_variant","9/9","null","255","MODERATE","18.01","null","0.00878194","gnomad_AF_sas_pass","126.25213563671775","0.6384376753105928","97.46","-0.2","0.2"
"11:71819859:A>G","NM_001145309.3:c.764A>G","NP_001138781.1:p.Gln255Arg","Unknown significance","null","missense_variant","9/9","null","255","MODERATE","22.4","null","0.00649013","gnomad_AF_nfe_pass","126.25213563671775","0.6384376753105928","97.46","0.1","0.1"
"11:71819861:T>C","NM_001145309.3:c.766T>C","NP_001138781.1:p.Tyr256His","Unknown significance","null","missense_variant","9/9","null","256","MODERATE","22.8","null","0","null","65.42283109851228","0.27269543604836094","98.02","-1.4","1.4"
"11:71819871:G>T","NM_001145309.3:c.776G>T","NP_001138781.1:p.Ser259Ile","Likely benign","null","missense_variant","9/9","null","259","MODERATE","18.11","null","0","null","100.98766963478592","0.7322871440706934","96.14","0.1","0.1"
"11:71819872:C>A","NM_001145309.3:c.777C>A","NP_001138781.1:p.Ser259Arg","Unknown significance","null","missense_variant","9/9","null","259","MODERATE","19.43","null","0.00918105","gnomad_AF_eas_pass","100.98766963478592","0.7322871440706934","96.14","0.2","0.2"
"11:71819875:T>G","NM_001145309.3:c.780T>G","NP_001138781.1:p.Cys260Trp","Unknown significance","Deafness, autosomal recessive 63","missense_variant","9/9","null","260","MODERATE","25.3","null","0.00405515","gnomad_AF_amr_pass","53.91786406205449","0.3489196816943057","95.23","0.8","0.8"
"11:71819879:C>T","NM_001145309.3:c.784C>T","NP_001138781.1:p.Arg262Cys","Unknown significance","Deafness, autosomal recessive 63","missense_variant","9/9","null","262","MODERATE","24.8","null","0.0180636","gnomad_AF_afr_pass","34.27802289867658","0.12722631198818085","96.82","-0.8","0.8"
"11:71819880:G>A","NM_001145309.3:c.785G>A","NP_001138781.1:p.Arg262His","Likely benign","null","missense_variant","9/9","null","262","MODERATE","19.25","null","0.00602192","gnomad_AF_afr_pass","34.27802289867658","0.12722631198818085","96.82","-0.2","0.2"
"11:71819885:C>T","NM_001145309.3:c.790C>T","NP_001138781.1:p.Arg264Cys","Unknown significance","null","missense_variant","9/9","null","264","MODERATE","26.5","null","0.0275533","gnomad_AF_eas_pass","199.04790846735366","0.7387862298277456","97.24","-0.2","0.2"
"11:71819886:G>A","NM_001145309.3:c.791G>A","NP_001138781.1:p.Arg264His","Likely benign","null","missense_variant","9/9","null","264","MODERATE","22.4","null","0.0183756","gnomad_AF_eas_pass","199.04790846735366","0.7387862298277456","97.24","-0.0","0.0"
"11:71819889:G>A","NM_001145309.3:c.794G>A","NP_001138781.1:p.Cys265Tyr","Unknown significance","null","missense_variant","9/9","null","265","MODERATE","23.7","null","0","null","38.94529163857046","0.2520273938593428","97.27","0.7","0.7"
"11:71819891:C>T","NM_001145309.3:c.796C>T","NP_001138781.1:p.Arg266Cys","Unknown significance","null","missense_variant","9/9","null","266","MODERATE","24.2","null","0.0902201","gnomad_AF_afr_pass","184.93141451217411","0.6863914499587385","97.25","-0.3","0.3"
"11:71819892:G>A","NM_001145309.3:c.797G>A","NP_001138781.1:p.Arg266His","Unknown significance","Deafness, autosomal recessive 63","missense_variant","9/9","null","266","MODERATE","25.1","null","0.0219626","gnomad_AF_sas_pass","184.93141451217411","0.6863914499587385","97.25","-0.1","0.1"
"11:71819897:C>T","NM_001145309.3:c.802C>T","NP_001138781.1:p.His268Tyr","Unknown significance","Deafness, autosomal recessive 63","missense_variant","9/9","null","268","MODERATE","23.1","null","0.0420724","gnomad_AF_afr_pass","26.696345887279158","0.12997100464726571","96.96","1.2","1.2"
"11:71819898:A>G","NM_001145309.3:c.803A>G","NP_001138781.1:p.His268Arg","Unknown significance","null","missense_variant","9/9","null","268","MODERATE","23.9","null","0","null","26.696345887279158","0.12997100464726571","96.96","-0.2","0.2"
"11:71819903:A>G","NM_001145309.3:c.808A>G","NP_001138781.1:p.Thr270Ala","Unknown significance","null","missense_variant","9/9","null","270","MODERATE","20.2","null","0.0642674","gnomad_AF_eas_pass","12.668326963044104","0.08051684891731278","94.85","-0.2","0.2"
"11:71819909:C>A","NM_001145309.3:c.814C>A","NP_001138781.1:p.Leu272Ile","Unknown significance","null","missense_variant","9/9","null","272","MODERATE","23.3","null","0.0175762","gnomad_AF_sas_pass","3.319716117879874","0.01721387059797272","93.21","-0.5","0.5"
"11:71819912:C>G","NM_001145309.3:c.817C>G","NP_001138781.1:p.Pro273Ala","Unknown significance","null","missense_variant","9/9","null","273","MODERATE","20.9","null","0.00405943","gnomad_AF_amr_pass","3.4756987400677515","0.022095971452707513","91.54","0.5","0.5"
"11:71819915:G>A","NM_001145309.3:c.820G>A","NP_001138781.1:p.Asp274Asn","Unknown significance","null","missense_variant","9/9","null","274","MODERATE","22.6","null","0.0121813","gnomad_AF_amr_pass","44.82973418461628","0.28022114651831304","89.77","0.4","0.4"
"11:71819922:C>T","NM_001145309.3:c.827C>T","NP_001138781.1:p.Pro276Leu","Unknown significance","null","missense_variant","9/9","null","276","MODERATE","22.7","null","0","null","118.72417416829597","0.7547621814650732","89.97","0.3","0.3"
"11:71819925:C>A","NM_001145309.3:c.830C>A","NP_001138781.1:p.Ala277Asp","Likely benign","null","missense_variant","9/9","null","277","MODERATE","19.00","null","0.0064834","gnomad_AF_nfe_pass","62.96606467564912","0.49517696959688506","90.84","-0.2","0.2"
"11:71819928:T>C","NM_001145309.3:c.833T>C","NP_001138781.1:p.Ile278Thr","Unknown significance","null","missense_variant","9/9","null","278","MODERATE","26.0","null","0","gnomad_AF_afr_pass,gnomad_AF_sas_pass,gnomad_AF_amr_pass,gnomad_AF_eas_pass,gnomad_AF_nfe_pass","0.0","0.0","93.11","-1.6","1.6"
"11:71819933:G>T","NM_001145309.3:c.838G>T","NP_001138781.1:p.Asp280Tyr","Unknown significance","null","missense_variant","9/9","null","280","MODERATE","28.7","null","0.0125976","gnomad_AF_afr_pass","0.0","0.0","95.37","1.4","1.4"
"11:71819939:A>C","NM_001145309.3:c.844A>C","NP_001138781.1:p.Ile282Leu","Likely benign","null","missense_variant","9/9","null","282","MODERATE","16.34","null","0.0300553","gnomad_AF_afr_pass","0.0","0.0","97.1","0.1","0.1"
"11:71819952:C>G","NM_001145309.3:c.857C>G","NP_001138781.1:p.Thr286Ser","Unknown significance","null","missense_variant","9/9","null","286","MODERATE","24.1","null","0.00920471","gnomad_AF_eas_pass","36.780669235798406","0.2337691154148122","98.24","-0.8","0.8"
"11:71819954:T>C","NM_001145309.3:c.859T>C","NP_001138781.1:p.Tyr287His","Unknown significance","null","missense_variant","9/9","null","287","MODERATE","25.6","null","0.00410779","gnomad_AF_amr_pass","1.2280771925406946","0.005118871193706979","98.31","-2.4","2.4"
"11:71819955:A>G","NM_001145309.3:c.860A>G","NP_001138781.1:p.Tyr287Cys","Unknown significance","Deafness, autosomal recessive 63","missense_variant","9/9","null","287","MODERATE","22.4","null","0","null","1.2280771925406946","0.005118871193706979","98.31","-2.9","2.9"
"11:71819960:G>A","NM_001145309.3:c.865G>A","NP_001138781.1:p.Gly289Arg","Unknown significance","null","missense_variant","9/9","null","289","MODERATE","26.3","null","0","null","8.954388540566038","0.09391448917250932","89.92","-0.2","0.2"
"11:71819963:C>T","NM_001145309.3:c.868C>T","NP_001138781.1:p.Pro290Ser","Unknown significance","null","missense_variant","9/9","null","290","MODERATE","22.6","null","0.00182355","gnomad_AF_nfe_pass","119.73282728398915","0.7611744663369222","81.32","-0.1","0.1"
"11:71819967:G>A","NM_001145309.3:c.872G>A","NP_001138781.1:p.Gly291Asp","Unknown significance","Deafness, autosomal recessive 63","missense_variant","9/9","null","291","MODERATE","23.3","null","0","null","129.15271943440385","1.354566156692115","66.26","-0.1","0.1"