{"applied_filters": "CONTAINS missense_variant[Consequence]"},
"Genomic Description (GRCh37)","HGVS Nucleotide Change","HGVS Protein Change","Variant Classification","Phenotype","Consequence","Exon","Intron","Protein Position","Impact","CADD Phred","Interpro Domain","Max MAF (%)","Max MAF Source","Surface Area","Normalized SA","Confidence Score","ddG","|ddG|"
"17:54671595:G>A","NM_005450.6:c.11G>A","NP_005441.1:p.Cys4Tyr","Likely benign","null","missense_variant","1/1","null","4","MODERATE","13.92","null","0","null","76.75733801514534","0.4967211964688171","61.37","-1.3","1.3"
"17:54671598:C>T","NM_005450.6:c.14C>T","NP_005441.1:p.Pro5Leu","Unknown significance","null","missense_variant","1/1","null","5","MODERATE","22.1","null","0.00954563","gnomad_AF_afr_pass","124.26025443695205","0.7899565641559441","64.69","-0.5","0.5"
"17:54671601:G>A","NM_005450.6:c.17G>A","NP_005441.1:p.Ser6Asn","Likely benign","null","missense_variant","1/1","null","6","MODERATE","15.54","null","0.00326073","gnomad_AF_amr_pass","70.92544717650372","0.5142983627867416","67.09","-0.4","0.4"
"17:54671601:G>C","NM_005450.6:c.17G>C","NP_005441.1:p.Ser6Thr","Likely benign","null","missense_variant","1/1","null","6","MODERATE","14.57","null","0.00356405","gnomad_AF_sas_pass","70.92544717650372","0.5142983627867416","67.09","-0.1","0.1"
"17:54671603:C>G","NM_005450.6:c.19C>G","NP_005441.1:p.Leu7Val","Likely benign","null","missense_variant","1/1","null","7","MODERATE","14.50","null","0.00632431","gnomad_AF_eas_pass","130.1328123572193","0.6747834191009273","71.3","-0.7","0.7"
"17:54671604:T>G","NM_005450.6:c.20T>G","NP_005441.1:p.Leu7Arg","Unknown significance","null","missense_variant","1/1","null","7","MODERATE","18.67","null","0.0088199","gnomad_AF_afr_pass","130.1328123572193","0.6747834191009273","71.3","-1.4","1.4"
"17:54671607:G>A","NM_005450.6:c.23G>A","NP_005441.1:p.Gly8Glu","Likely benign","null","missense_variant","1/1","null","8","MODERATE","16.08","null","0.0061736","gnomad_AF_eas_pass","43.56195006226715","0.4568819265461054","74.56","0.0","0.0"
"17:54671609:G>C","NM_005450.6:c.25G>C","NP_005441.1:p.Val9Leu","Likely benign","null","missense_variant","1/1","null","9","MODERATE","12.18","null","0.00347536","gnomad_AF_sas_pass","111.29698818540587","0.6474816568684034","78.37","0.1","0.1"
"17:54671613:C>T","NM_005450.6:c.29C>T","NP_005441.1:p.Thr10Ile","Likely benign","null","missense_variant","1/1","null","10","MODERATE","17.65","null","0.00686153","gnomad_AF_sas_pass","79.05778482404618","0.502472326060455","78.86","0.9","0.9"
"17:54671619:A>G","NM_005450.6:c.35A>G","NP_005441.1:p.Tyr12Cys","Likely benign","null","missense_variant","1/1","null","12","MODERATE","6.841","null","0","gnomad_AF_afr_pass,gnomad_AF_amr_pass,gnomad_AF_eas_pass,gnomad_AF_nfe_pass,gnomad_AF_sas_pass","164.7655859395509","0.6867758938144035","84.89","-0.3","0.3"
"17:54671621:G>T","NM_005450.6:c.37G>T","NP_005441.1:p.Ala13Ser","Unknown significance","null","missense_variant","1/1","null","13","MODERATE","14.87","null","0.00337109","gnomad_AF_sas_pass","48.02318809595717","0.3776633790635118","83.71","-0.9","0.9"
"17:54671624:C>G","NM_005450.6:c.40C>G","NP_005441.1:p.Leu14Val","Likely benign","null","missense_variant","1/1","null","14","MODERATE","10.92","null","0.00335211","gnomad_AF_sas_pass","108.33209625623276","0.5617392030957374","84.73","-0.6","0.6"
"17:54671625:T>C","NM_005450.6:c.41T>C","NP_005441.1:p.Leu14Pro","Unknown significance","null","missense_variant","1/1","null","14","MODERATE","16.88","null","0","null","108.33209625623276","0.5617392030957374","84.73","-2.0","2.0"
"17:54671627:G>T","NM_005450.6:c.43G>T","NP_005441.1:p.Val15Leu","Likely benign","null","missense_variant","1/1","null","15","MODERATE","12.42","null","0","null","108.5781949698926","0.6316647981684128","82.77","0.1","0.1"
"17:54671639:G>A","NM_005450.6:c.55G>A","NP_005441.1:p.Gly19Arg","Unknown significance","null","missense_variant","1/1","null","19","MODERATE","22.6","null","0","null","50.613315977311224","0.5308373311926349","74.57","-0.2","0.2"
"17:54671642:C>G","NM_005450.6:c.58C>G","NP_005441.1:p.Leu20Val","Unknown significance","null","missense_variant","1/1","null","20","MODERATE","15.94","null","0.00330491","gnomad_AF_sas_pass","157.51514362358154","0.8167702307295709","75.5","-0.2","0.2"
"17:54671645:C>T","NM_005450.6:c.61C>T","NP_005441.1:p.Arg21Trp","Unknown significance","null","missense_variant","1/1","null","21","MODERATE","22.8","null","0","null","191.16686651956977","0.7095349540291228","68.98","0.2","0.2"
"17:54671646:G>A","NM_005450.6:c.62G>A","NP_005441.1:p.Arg21Gln","Unknown significance","null","missense_variant","1/1","null","21","MODERATE","18.74","null","0.000975667","gnomad_AF_nfe_pass","191.16686651956977","0.7095349540291228","68.98","-0.3","0.3"
"17:54671652:C>T","NM_005450.6:c.68C>T","NP_005441.1:p.Thr23Ile","Benign","null","missense_variant","1/1","null","23","MODERATE","5.395","null","0.504838","gnomad_AF_afr_pass","112.87147850426217","0.7173840561830276","58.29","0.1","0.1"
"17:54671654:C>T","NM_005450.6:c.70C>T","NP_005441.1:p.Pro24Ser","Likely benign","null","missense_variant","1/1","null","24","MODERATE","3.952","null","0.0125902","gnomad_AF_afr_pass","159.38352509876066","1.0132448419696634","54.89","0.0","0.0"
"17:54671655:C>A","NM_005450.6:c.71C>A","NP_005441.1:p.Pro24Gln","Likely benign","null","missense_variant","1/1","null","24","MODERATE","6.610","null","0","null","159.38352509876066","1.0132448419696634","54.89","0.1","0.1"
"17:54671655:C>T","NM_005450.6:c.71C>T","NP_005441.1:p.Pro24Leu","Likely benign","null","missense_variant","1/1","null","24","MODERATE","10.37","null","0","null","159.38352509876066","1.0132448419696634","54.89","0.1","0.1"
"17:54671663:G>A","NM_005450.6:c.79G>A","NP_005441.1:p.Gly27Ser","Likely benign","null","missense_variant","1/1","null","27","MODERATE","5.995","null","0","null","66.01898852935327","0.6924135082291205","60.08","0.2","0.2"
"17:54671678:C>T","NM_005450.6:c.94C>T","NP_005441.1:p.His32Tyr","Unknown significance","null","missense_variant","1/1","null","32","MODERATE","19.22","null","0","gnomad_AF_afr_pass,gnomad_AF_amr_pass,gnomad_AF_eas_pass,gnomad_AF_nfe_pass,gnomad_AF_sas_pass","132.1078499195179","0.643166298800899","86.04","0.3","0.3"
"17:54671685:G>T","NM_005450.6:c.101G>T","NP_005441.1:p.Arg34Leu","Unknown significance","null","missense_variant","1/1","null","34","MODERATE","23.0","null","0.00551876","gnomad_AF_eas_pass","207.00128974426886","0.7683060002850095","91.13","-0.1","0.1"
"17:54671687:C>G","NM_005450.6:c.103C>G","NP_005441.1:p.Pro35Ala","Pathogenic","Brachydactyly, type B","missense_variant","1/1","null","35","MODERATE","22.0","null","0","null","135.26228589170464","0.85989949969968","92.0","-0.3","0.3"
"17:54671687:C>T","NM_005450.6:c.103C>T","NP_005441.1:p.Pro35Ser","Pathogenic","Symphalangism, proximal","missense_variant","1/1","null","35","MODERATE","22.6","null","0","null","135.26228589170464","0.85989949969968","92.0","-0.3","0.3"
"17:54671688:C>G","NM_005450.6:c.104C>G","NP_005441.1:p.Pro35Arg","Pathogenic","Symphalangism, proximal","missense_variant","1/1","null","35","MODERATE","21.4","null","0","null","135.26228589170464","0.85989949969968","92.0","-0.3","0.3"
"17:54671690:G>C","NM_005450.6:c.106G>C","NP_005441.1:p.Ala36Pro","Pathogenic","Brachydactyly, type B","missense_variant","1/1","null","36","MODERATE","14.52","null","0","null","69.29346864812229","0.5449368639247936","89.6","-0.1","0.1"
"17:54671691:C>T","NM_005450.6:c.107C>T","NP_005441.1:p.Ala36Val","Likely benign","null","missense_variant","1/1","null","36","MODERATE","0.384","null","0.00290428","gnomad_AF_amr_pass","69.29346864812229","0.5449368639247936","89.6","0.3","0.3"
"17:54671693:C>T","NM_005450.6:c.109C>T","NP_005441.1:p.Pro37Ser","Unknown significance","null","missense_variant","1/1","null","37","MODERATE","23.3","null","0","null","146.48525538664026","0.9312469990430412","91.33","-0.3","0.3"
"17:54671694:C>G","NM_005450.6:c.110C>G","NP_005441.1:p.Pro37Arg","Pathogenic","Tarsal/carpal coalition syndrome","missense_variant","1/1","null","37","MODERATE","22.0","null","0","null","146.48525538664026","0.9312469990430412","91.33","-0.2","0.2"
"17:54671708:C>A","NM_005450.6:c.124C>A","NP_005441.1:p.Pro42Thr","Pathogenic","Multiple synostoses syndrome","missense_variant","1/1","null","42","MODERATE","26.3","null","0","null","72.92504733074466","0.46360455393670524","88.1","-1.0","1.0"
"17:54671708:C>T","NM_005450.6:c.124C>T","NP_005441.1:p.Pro42Ser","Pathogenic","Symphalangism, proximal","missense_variant","1/1","null","42","MODERATE","27.0","null","0","null","72.92504733074466","0.46360455393670524","88.1","-1.2","1.2"
"17:54671709:C>G","NM_005450.6:c.125C>G","NP_005441.1:p.Pro42Arg","Pathogenic","Multiple synostoses syndrome","missense_variant","1/1","null","42","MODERATE","24.0","null","0","null","72.92504733074466","0.46360455393670524","88.1","-0.9","0.9"
"17:54671709:C>T","NM_005450.6:c.125C>T","NP_005441.1:p.Pro42Leu","Pathogenic","Multiple synostoses syndrome","missense_variant","1/1","null","42","MODERATE","24.5","null","0","null","72.92504733074466","0.46360455393670524","88.1","-0.5","0.5"
"17:54671711:C>G","NM_005450.6:c.127C>G","NP_005441.1:p.Leu43Val","Likely benign","null","missense_variant","1/1","null","43","MODERATE","12.96","null","0","gnomad_AF_afr_pass,gnomad_AF_amr_pass,gnomad_AF_eas_pass,gnomad_AF_nfe_pass,gnomad_AF_sas_pass","66.93944738060328","0.34710407281614586","87.52","0.0","0.0"
"17:54671712:T>C","NM_005450.6:c.128T>C","NP_005441.1:p.Leu43Pro","Unknown significance","null","missense_variant","1/1","null","43","MODERATE","27.8","null","0.000934492","gnomad_AF_nfe_pass","66.93944738060328","0.34710407281614586","87.52","-1.5","1.5"
"17:54671718:A>G","NM_005450.6:c.134A>G","NP_005441.1:p.Asp45Gly","Unknown significance","null","missense_variant","1/1","null","45","MODERATE","22.6","null","0.00631951","gnomad_AF_afr_pass","33.46889603447638","0.20920696029247424","84.15","-0.6","0.6"
"17:54671721:T>C","NM_005450.6:c.137T>C","NP_005441.1:p.Leu46Pro","Pathogenic","Symphalangism, proximal","missense_variant","1/1","null","46","MODERATE","25.2","null","0","null","138.78697837957876","0.7196582483792235","89.62","-0.8","0.8"
"17:54671726:G>A","NM_005450.6:c.142G>A","NP_005441.1:p.Glu48Lys","Pathogenic","Premature ovarian failure and proximal symphalangism","missense_variant","1/1","null","48","MODERATE","26.3","null","0","null","50.65532529044775","0.2594106374139983","90.14","-0.5","0.5"
"17:54671731:C>G","NM_005450.6:c.147C>G","NP_005441.1:p.His49Gln","Unknown significance","null","missense_variant","1/1","null","49","MODERATE","12.46","null","0","null","129.13342731197952","0.6286853396396862","90.07","-0.2","0.2"
"17:54671741:A>G","NM_005450.6:c.157A>G","NP_005441.1:p.Ile53Val","Unknown significance","null","missense_variant","1/1","null","53","MODERATE","16.85","null","0.0189322","gnomad_AF_afr_pass","97.83418889272517","0.4987501391359261","92.39","-0.1","0.1"
"17:54671747:G>T","NM_005450.6:c.163G>T","NP_005441.1:p.Asp55Tyr","Pathogenic","Symphalangism and tarsal coalitions","missense_variant","1/1","null","55","MODERATE","27.4","null","0","null","44.789584937175896","0.279970182100294","94.82","0.4","0.4"
"17:54671748:A>G","NM_005450.6:c.164A>G","NP_005441.1:p.Asp55Gly","Unknown significance","null","missense_variant","1/1","null","55","MODERATE","25.5","null","0","gnomad_AF_afr_pass,gnomad_AF_amr_pass,gnomad_AF_eas_pass,gnomad_AF_nfe_pass,gnomad_AF_sas_pass","44.789584937175896","0.279970182100294","94.82","-0.8","0.8"
"17:54671753:A>C","NM_005450.6:c.169A>C","NP_005441.1:p.Lys57Gln","Unknown significance","null","missense_variant","1/1","null","57","MODERATE","22.8","null","0.000928781","gnomad_AF_nfe_pass","153.84723785253385","0.6499267614336204","94.05","0.1","0.1"
"17:54671754:A>G","NM_005450.6:c.170A>G","NP_005441.1:p.Lys57Arg","Unknown significance","null","missense_variant","1/1","null","57","MODERATE","16.91","null","0.0189514","gnomad_AF_afr_pass","153.84723785253385","0.6499267614336204","94.05","0.4","0.4"
"17:54671757:A>G","NM_005450.6:c.173A>G","NP_005441.1:p.Glu58Gly","Unknown significance","null","missense_variant","1/1","null","58","MODERATE","25.1","null","0.00406022","gnomad_AF_nfe_pass","158.157627581333","0.8099399371638444","93.58","-0.4","0.4"
"17:54671762:G>A","NM_005450.6:c.178G>A","NP_005441.1:p.Asp60Asn","Unknown significance","null","missense_variant","1/1","null","60","MODERATE","25.1","null","0.000928936","gnomad_AF_nfe_pass","23.98700777117015","0.149937690718844","93.12","-0.1","0.1"
"17:54671764:T>A","NM_005450.6:c.180T>A","NP_005441.1:p.Asp60Glu","Unknown significance","null","missense_variant","1/1","null","60","MODERATE","23.6","null","0.000928591","gnomad_AF_nfe_pass","23.98700777117015","0.149937690718844","93.12","-0.1","0.1"
"17:54671778:T>C","NM_005450.6:c.194T>C","NP_005441.1:p.Leu65Pro","Unknown significance","null","missense_variant","1/1","null","65","MODERATE","21.8","null","0","null","116.05887948295249","0.6018052334068728","95.42","-0.6","0.6"
"17:54671792:C>T","NM_005450.6:c.208C>T","NP_005441.1:p.Leu70Phe","Unknown significance","null","missense_variant","1/1","null","70","MODERATE","23.5","null","0.000929662","gnomad_AF_nfe_pass","0.7688969409619046","0.003986995265531388","95.51","-1.4","1.4"
"17:54671798:G>A","NM_005450.6:c.214G>A","NP_005441.1:p.Gly72Ser","Unknown significance","null","missense_variant","1/1","null","72","MODERATE","13.94","null","0.0063857","gnomad_AF_afr_pass","100.84549997946024","1.0576773135330826","94.89","0.1","0.1"
"17:54671799:G>A","NM_005450.6:c.215G>A","NP_005441.1:p.Gly72Asp","Unknown significance","null","missense_variant","1/1","null","72","MODERATE","18.25","null","0","null","100.84549997946024","1.0576773135330826","94.89","0.0","0.0"
"17:54671803:C>G","NM_005450.6:c.219C>G","NP_005441.1:p.His73Gln","Unknown significance","null","missense_variant","1/1","null","73","MODERATE","23.2","null","0.0170203","gnomad_AF_amr_pass","116.40492375796791","0.5667166941345546","96.65","-0.3","0.3"
"17:54671809:C>G","NM_005450.6:c.225C>G","NP_005441.1:p.Asp75Glu","Unknown significance","null","missense_variant","1/1","null","75","MODERATE","21.2","null","0.00328041","gnomad_AF_sas_pass","55.666357353203885","0.3479585762381303","95.4","-0.4","0.4"
"17:54671811:C>T","NM_005450.6:c.227C>T","NP_005441.1:p.Pro76Leu","Unknown significance","null","missense_variant","1/1","null","76","MODERATE","17.56","null","0.000931584","gnomad_AF_nfe_pass","110.32372235292132","0.7013582021838467","93.99","-0.1","0.1"
"17:54671813:G>C","NM_005450.6:c.229G>C","NP_005441.1:p.Gly77Arg","Likely benign","null","missense_variant","1/1","null","77","MODERATE","14.42","null","0.00328019","gnomad_AF_sas_pass","36.16342154094457","0.3792854470589277","94.23","1.0","1.0"
"17:54671826:C>T","NM_005450.6:c.242C>T","NP_005441.1:p.Thr81Ile","Unknown significance","null","missense_variant","1/1","null","81","MODERATE","15.13","null","0.0068306","gnomad_AF_afr_pass","17.060534882551277","0.10843266941200305","92.84","1.6","1.6"
"17:54671831:C>G","NM_005450.6:c.247C>G","NP_005441.1:p.Pro83Ala","Unknown significance","null","missense_variant","1/1","null","83","MODERATE","15.87","null","0.00876578","gnomad_AF_amr_pass","90.99678857204178","0.5784915762108608","82.44","-0.1","0.1"
"17:54671831:C>T","NM_005450.6:c.247C>T","NP_005441.1:p.Pro83Ser","Unknown significance","null","missense_variant","1/1","null","83","MODERATE","18.55","null","0.00876578","gnomad_AF_amr_pass","90.99678857204178","0.5784915762108608","82.44","-0.1","0.1"
"17:54671832:C>A","NM_005450.6:c.248C>A","NP_005441.1:p.Pro83His","Unknown significance","null","missense_variant","1/1","null","83","MODERATE","22.0","null","0.00285605","gnomad_AF_nfe_pass","90.99678857204178","0.5784915762108608","82.44","0.1","0.1"
"17:54671832:C>T","NM_005450.6:c.248C>T","NP_005441.1:p.Pro83Leu","Likely pathogenic","Radioulnar synostosis, nonsyndromic","missense_variant","1/1","null","83","MODERATE","15.86","null","0","null","90.99678857204178","0.5784915762108608","82.44","0.3","0.3"
"17:54671835:C>A","NM_005450.6:c.251C>A","NP_005441.1:p.Pro84His","Likely benign","null","missense_variant","1/1","null","84","MODERATE","28.7","null","0.0822","gnomad_AF_nfe_pass","36.35692004383145","0.23113092574335423","78.24","-1.3","1.3"
"17:54671835:C>G","NM_005450.6:c.251C>G","NP_005441.1:p.Pro84Arg","Unknown significance","null","missense_variant","1/1","null","84","MODERATE","27.9","null","0","null","36.35692004383145","0.23113092574335423","78.24","-1.1","1.1"
"17:54671835:C>T","NM_005450.6:c.251C>T","NP_005441.1:p.Pro84Leu","Unknown significance","null","missense_variant","1/1","null","84","MODERATE","29.4","null","0.00190407","gnomad_AF_nfe_pass","36.35692004383145","0.23113092574335423","78.24","-1.3","1.3"
"17:54671838:A>T","NM_005450.6:c.254A>T","NP_005441.1:p.Glu85Val","Unknown significance","null","missense_variant","1/1","null","85","MODERATE","24.9","null","0.000953289","gnomad_AF_nfe_pass","172.69838615206032","0.8844045157187617","63.46","0.1","0.1"
"17:54671839:G>T","NM_005450.6:c.255G>T","NP_005441.1:p.Glu85Asp","Unknown significance","null","missense_variant","1/1","null","85","MODERATE","23.1","null","0.00329359","gnomad_AF_sas_pass","172.69838615206032","0.8844045157187617","63.46","-0.1","0.1"
"17:54671840:G>A","NM_005450.6:c.256G>A","NP_005441.1:p.Asp86Asn","Unknown significance","null","missense_variant","1/1","null","86","MODERATE","23.9","null","0","null","117.72096303028776","0.7358487358800194","55.66","0.1","0.1"
"17:54671847:C>A","NM_005450.6:c.263C>A","NP_005441.1:p.Pro88His","Likely benign","null","missense_variant","1/1","null","88","MODERATE","20.6","null","0.0033012","gnomad_AF_sas_pass","164.60961644829874","1.0464685399666838","31.97","0.1","0.1"
"17:54671849:G>A","NM_005450.6:c.265G>A","NP_005441.1:p.Gly89Ser","Unknown significance","null","missense_variant","1/1","null","89","MODERATE","24.0","null","0.00294881","gnomad_AF_amr_pass","98.5711057902912","1.0338232482906522","31.88","0.1","0.1"
"17:54671850:G>A","NM_005450.6:c.266G>A","NP_005441.1:p.Gly89Asp","Unknown significance","null","missense_variant","1/1","null","89","MODERATE","24.1","null","0.0648814","gnomad_AF_amr_pass","98.5711057902912","1.0338232482906522","31.88","0.0","0.0"
"17:54671852:G>A","NM_005450.6:c.268G>A","NP_005441.1:p.Gly90Arg","Unknown significance","null","missense_variant","1/1","null","90","MODERATE","21.8","null","0.00196672","gnomad_AF_nfe_pass","41.273220839168324","0.43287751408759334","29.53","0.9","0.9"
"17:54671855:G>T","NM_005450.6:c.271G>T","NP_005441.1:p.Gly91Cys","Pathogenic","Fibrodysplasia ossificans progressiva","missense_variant","1/1","null","91","MODERATE","26.6","null","0","null","70.9115585898301","0.7437272540967248","26.04","0.1","0.1"
"17:54671856:G>A","NM_005450.6:c.272G>A","NP_005441.1:p.Gly91Asp","Unknown significance","null","missense_variant","1/1","null","91","MODERATE","22.2","null","0.00458211","gnomad_AF_afr_pass","70.9115585898301","0.7437272540967248","26.04","0.2","0.2"
"17:54671856:G>C","NM_005450.6:c.272G>C","NP_005441.1:p.Gly91Ala","Unknown significance","null","missense_variant","1/1","null","91","MODERATE","19.29","null","0","null","70.9115585898301","0.7437272540967248","26.04","0.2","0.2"
"17:54671858:G>C","NM_005450.6:c.274G>C","NP_005441.1:p.Gly92Arg","Pathogenic","Fibrodysplasia ossificans progressiva","missense_variant","1/1","null","92","MODERATE","23.5","null","0","null","54.507805874869675","0.5716831162129908","31.24","0.7","0.7"
"17:54671858:G>T","NM_005450.6:c.274G>T","NP_005441.1:p.Gly92Trp","Unknown significance","null","missense_variant","1/1","null","92","MODERATE","26.8","null","0","null","54.507805874869675","0.5716831162129908","31.24","0.7","0.7"
"17:54671859:G>A","NM_005450.6:c.275G>A","NP_005441.1:p.Gly92Glu","Likely pathogenic","Fibrodysplasia ossificans progressiva","missense_variant","1/1","null","92","MODERATE","21.9","null","0.274236","gnomad_AF_nfe_pass","54.507805874869675","0.5716831162129908","31.24","0.3","0.3"
"17:54671861:G>A","NM_005450.6:c.277G>A","NP_005441.1:p.Gly93Ser","Likely benign","null","missense_variant","1/1","null","93","MODERATE","15.72","null","0","gnomad_AF_afr_pass,gnomad_AF_amr_pass,gnomad_AF_eas_pass,gnomad_AF_nfe_pass,gnomad_AF_sas_pass","62.79481201681361","0.6585980345308993","28.05","0.1","0.1"
"17:54671862:G>T","NM_005450.6:c.278G>T","NP_005441.1:p.Gly93Val","Unknown significance","null","missense_variant","1/1","null","93","MODERATE","13.85","null","0.00766166","gnomad_AF_afr_pass","62.79481201681361","0.6585980345308993","28.05","0.3","0.3"
"17:54671864:G>A","NM_005450.6:c.280G>A","NP_005441.1:p.Ala94Thr","Likely benign","null","missense_variant","1/1","null","94","MODERATE","1.622","null","0","null","133.7844923664528","1.052106398110305","38.12","0.1","0.1"
"17:54671867:G>A","NM_005450.6:c.283G>A","NP_005441.1:p.Ala95Thr","Pathogenic","Fibrodysplasia ossificans progressiva","missense_variant","1/1","null","95","MODERATE","14.74","null","0","null","86.45307972309395","0.6798832712528615","37.64","0.2","0.2"
"17:54671870:G>A","NM_005450.6:c.286G>A","NP_005441.1:p.Gly96Arg","Unknown significance","null","missense_variant","1/1","null","96","MODERATE","19.61","null","0.00101204","gnomad_AF_nfe_pass","12.895988345149428","0.13525436743364536","44.3","0.8","0.8"
"17:54671871:G>C","NM_005450.6:c.287G>C","NP_005441.1:p.Gly96Ala","Likely benign","null","missense_variant","1/1","null","96","MODERATE","15.99","null","0.00102243","gnomad_AF_nfe_pass","12.895988345149428","0.13525436743364536","44.3","0.4","0.4"
"17:54671871:G>T","NM_005450.6:c.287G>T","NP_005441.1:p.Gly96Val","Unknown significance","null","missense_variant","1/1","null","96","MODERATE","22.5","null","0.00585823","gnomad_AF_eas_pass","12.895988345149428","0.13525436743364536","44.3","0.8","0.8"
"17:54671874:G>A","NM_005450.6:c.290G>A","NP_005441.1:p.Gly97Asp","Unknown significance","null","missense_variant","1/1","null","97","MODERATE","23.4","null","0.00586717","gnomad_AF_eas_pass","26.063103981292016","0.2733523440002868","66.27","0.1","0.1"
"17:54671877:C>T","NM_005450.6:c.293C>T","NP_005441.1:p.Ala98Val","Likely benign","null","missense_variant","1/1","null","98","MODERATE","17.77","null","0.0010321","gnomad_AF_nfe_pass","58.940638736845344","0.46352026327449647","74.71","0.3","0.3"
"17:54671880:A>G","NM_005450.6:c.296A>G","NP_005441.1:p.Glu99Gly","Unknown significance","null","missense_variant","1/1","null","99","MODERATE","22.8","null","0","null","130.94307863905","0.6705716980384829","80.41","-0.3","0.3"
"17:54671889:C>G","NM_005450.6:c.305C>G","NP_005441.1:p.Ala102Gly","Unknown significance","null","missense_variant","1/1","null","102","MODERATE","21.1","null","0.00939555","gnomad_AF_amr_pass","40.41353936396976","0.31781967089765034","92.56","-0.6","0.6"
"17:54671889:C>T","NM_005450.6:c.305C>T","NP_005441.1:p.Ala102Val","Unknown significance","null","missense_variant","1/1","null","102","MODERATE","21.6","null","0","gnomad_AF_afr_pass,gnomad_AF_amr_pass,gnomad_AF_eas_pass,gnomad_AF_nfe_pass,gnomad_AF_sas_pass","40.41353936396976","0.31781967089765034","92.56","0.3","0.3"
"17:54671891:G>C","NM_005450.6:c.307G>C","NP_005441.1:p.Glu103Gln","Unknown significance","null","missense_variant","1/1","null","103","MODERATE","20.3","null","0.00106137","gnomad_AF_nfe_pass","96.47920009107229","0.4940789670052185","93.58","0.3","0.3"
"17:54671892:A>T","NM_005450.6:c.308A>T","NP_005441.1:p.Glu103Val","Unknown significance","null","missense_variant","1/1","null","103","MODERATE","23.8","null","0.00108681","gnomad_AF_nfe_pass","96.47920009107229","0.4940789670052185","93.58","0.3","0.3"
"17:54671894:C>A","NM_005450.6:c.310C>A","NP_005441.1:p.Leu104Met","Likely pathogenic","Radioulnar synostosis, nonsyndromic","missense_variant","1/1","null","104","MODERATE","21.3","null","0","null","70.24387641734558","0.36423867463715726","92.75","-0.0","0.0"
"17:54671901:A>G","NM_005450.6:c.317A>G","NP_005441.1:p.Gln106Arg","Likely benign","null","missense_variant","1/1","null","106","MODERATE","20.6","null","0.00813008","gnomad_AF_afr_pass","83.94618825216429","0.4245029916413578","94.31","0.3","0.3"
"17:54671909:C>T","NM_005450.6:c.325C>T","NP_005441.1:p.Arg109Trp","Unknown significance","null","missense_variant","1/1","null","109","MODERATE","23.4","null","0.00329533","gnomad_AF_amr_pass","4.754019952857973","0.01764502076179245","95.68","0.6","0.6"
"17:54671913:A>C","NM_005450.6:c.329A>C","NP_005441.1:p.Gln110Pro","Unknown significance","null","missense_variant","1/1","null","110","MODERATE","23.9","null","0.00327118","gnomad_AF_amr_pass","116.38871035443294","0.5885598472955376","94.62","-0.2","0.2"
"17:54671919:C>T","NM_005450.6:c.335C>T","NP_005441.1:p.Pro112Leu","Unknown significance","null","missense_variant","1/1","null","112","MODERATE","22.6","null","0","null","12.43261789976128","0.07903756646935135","92.46","0.1","0.1"
"17:54671922:C>T","NM_005450.6:c.338C>T","NP_005441.1:p.Ser113Leu","Unknown significance","null","missense_variant","1/1","null","113","MODERATE","22.6","null","0.0103866","gnomad_AF_nfe_pass","85.95592725325331","0.6232881767830346","91.04","0.2","0.2"
"17:54671924:G>A","NM_005450.6:c.340G>A","NP_005441.1:p.Gly114Arg","Likely pathogenic","null","missense_variant","1/1","null","114","MODERATE","28.8","null","0","null","78.53228933038847","0.8236542118536345","91.94","0.1","0.1"
"17:54671925:G>A","NM_005450.6:c.341G>A","NP_005441.1:p.Gly114Glu","Unknown significance","null","missense_variant","1/1","null","114","MODERATE","27.8","null","0.00630438","gnomad_AF_eas_pass","78.53228933038847","0.8236542118536345","91.94","-0.1","0.1"
"17:54671927:G>A","NM_005450.6:c.343G>A","NP_005441.1:p.Ala115Thr","Unknown significance","null","missense_variant","1/1","null","115","MODERATE","22.3","null","0.00323394","gnomad_AF_amr_pass","100.48233371254346","0.7902119619846998","94.52","-0.0","0.0"
"17:54671927:G>T","NM_005450.6:c.343G>T","NP_005441.1:p.Ala115Ser","Unknown significance","null","missense_variant","1/1","null","115","MODERATE","21.3","null","0.00356252","gnomad_AF_sas_pass","100.48233371254346","0.7902119619846998","94.52","-0.1","0.1"
"17:54671930:A>G","NM_005450.6:c.346A>G","NP_005441.1:p.Met116Val","Unknown significance","null","missense_variant","1/1","null","116","MODERATE","23.8","null","0.00105916","gnomad_AF_nfe_pass","8.593887301229307","0.03968854704498086","95.0","-0.7","0.7"
"17:54671934:C>G","NM_005450.6:c.350C>G","NP_005441.1:p.Pro117Arg","Unknown significance","null","missense_variant","1/1","null","117","MODERATE","26.1","null","0.0035105","gnomad_AF_sas_pass","62.38669866309256","0.3966093772159","95.58","-0.4","0.4"
"17:54671937:G>A","NM_005450.6:c.353G>A","NP_005441.1:p.Ser118Asn","Likely benign","null","missense_variant","1/1","null","118","MODERATE","20.5","null","0.0120613","gnomad_AF_amr_pass","99.65577252642784","0.7226292211460159","96.12","0.0","0.0"
"17:54671942:A>C","NM_005450.6:c.358A>C","NP_005441.1:p.Ile120Leu","Unknown significance","null","missense_variant","1/1","null","120","MODERATE","24.8","null","0.00343643","gnomad_AF_sas_pass","14.043627695862575","0.07159318584390527","95.12","-0.6","0.6"
"17:54671942:A>G","NM_005450.6:c.358A>G","NP_005441.1:p.Ile120Val","Unknown significance","null","missense_variant","1/1","null","120","MODERATE","25.6","null","0.00303564","gnomad_AF_amr_pass","14.043627695862575","0.07159318584390527","95.12","-0.6","0.6"
"17:54671946:A>G","NM_005450.6:c.362A>G","NP_005441.1:p.Lys121Arg","Unknown significance","null","missense_variant","1/1","null","121","MODERATE","22.7","null","0","null","127.02968336869394","0.5366361585047704","94.35","0.5","0.5"
"17:54671963:G>C","NM_005450.6:c.379G>C","NP_005441.1:p.Glu127Gln","Likely benign","null","missense_variant","1/1","null","127","MODERATE","18.75","null","0.00642839","gnomad_AF_afr_pass","178.73404050750858","0.915313663662831","65.78","0.0","0.0"
"17:54671964:A>G","NM_005450.6:c.380A>G","NP_005441.1:p.Glu127Gly","Unknown significance","null","missense_variant","1/1","null","127","MODERATE","24.1","null","0.00331631","gnomad_AF_sas_pass","178.73404050750858","0.915313663662831","65.78","-0.1","0.1"
"17:54671966:G>A","NM_005450.6:c.382G>A","NP_005441.1:p.Gly128Ser","Unknown significance","null","missense_variant","1/1","null","128","MODERATE","24.1","null","0.0110229","gnomad_AF_eas_pass","49.025750525841","0.5141867918814017","58.98","0.3","0.3"
"17:54671967:G>A","NM_005450.6:c.383G>A","NP_005441.1:p.Gly128Asp","Unknown significance","null","missense_variant","1/1","null","128","MODERATE","20.2","null","0.000902266","gnomad_AF_nfe_pass","49.025750525841","0.5141867918814017","58.98","-0.0","0.0"
"17:54671967:G>C","NM_005450.6:c.383G>C","NP_005441.1:p.Gly128Ala","Unknown significance","null","missense_variant","1/1","null","128","MODERATE","15.37","null","0","gnomad_AF_afr_pass,gnomad_AF_amr_pass,gnomad_AF_eas_pass,gnomad_AF_nfe_pass","49.025750525841","0.5141867918814017","58.98","0.4","0.4"
"17:54671967:G>T","NM_005450.6:c.383G>T","NP_005441.1:p.Gly128Val","Unknown significance","null","missense_variant","1/1","null","128","MODERATE","20.4","null","0.00820345","gnomad_AF_afr_pass","49.025750525841","0.5141867918814017","58.98","0.9","0.9"
"17:54671973:C>T","NM_005450.6:c.389C>T","NP_005441.1:p.Ala130Val","Likely benign","null","missense_variant","1/1","null","130","MODERATE","18.56","null","0.0109854","gnomad_AF_eas_pass","70.99612729975775","0.5583268916439759","55.51","0.5","0.5"
"17:54671988:A>G","NM_005450.6:c.404A>G","NP_005441.1:p.Gln135Arg","Likely benign","null","missense_variant","1/1","null","135","MODERATE","21.5","null","0.000889521","gnomad_AF_nfe_pass","114.2348000081788","0.5776678532127855","57.64","0.0","0.0"
"17:54671990:C>T","NM_005450.6:c.406C>T","NP_005441.1:p.Arg136Cys","Pathogenic","Symphalangism, proximal & conductive hearing loss","missense_variant","1/1","null","136","MODERATE","23.9","null","0","null","134.5178308760214","0.4992763897029428","67.03","-0.7","0.7"
"17:54672006:T>C","NM_005450.6:c.422T>C","NP_005441.1:p.Leu141Pro","Unknown significance","null","missense_variant","1/1","null","141","MODERATE","23.1","null","0.00544603","gnomad_AF_eas_pass","99.94183975538888","0.5182328355146549","91.09","-1.1","1.1"
"17:54672009:G>A","NM_005450.6:c.425G>A","NP_005441.1:p.Arg142Gln","Unknown significance","null","missense_variant","1/1","null","142","MODERATE","24.3","null","0.000886195","gnomad_AF_nfe_pass","47.30399117512949","0.17557349667811603","91.86","-0.3","0.3"
"17:54672026:T>C","NM_005450.6:c.442T>C","NP_005441.1:p.Trp148Arg","Unknown significance","null","missense_variant","1/1","null","148","MODERATE","24.0","null","0.0114811","gnomad_AF_afr_pass","155.11464219029017","0.5912999368855103","95.75","-1.9","1.9"
"17:54672030:T>A","NM_005450.6:c.446T>A","NP_005441.1:p.Leu149Gln","Unknown significance","null","missense_variant","1/1","null","149","MODERATE","28.3","null","0","null","23.498009230351464","0.12184526502813317","96.32","-3.7","3.7"
"17:54672032:T>G","NM_005450.6:c.448T>G","NP_005441.1:p.Trp150Gly","Unknown significance","null","missense_variant","1/1","null","150","MODERATE","31","null","0","null","19.30273472640726","0.07358238825345938","97.1","-4.6","4.6"
"17:54672034:G>C","NM_005450.6:c.450G>C","NP_005441.1:p.Trp150Cys","Pathogenic","Symphalangism, proximal & conductive hearing loss","missense_variant","1/1","null","150","MODERATE","32","null","0","null","19.30273472640726","0.07358238825345938","97.1","-2.9","2.9"
"17:54672035:T>G","NM_005450.6:c.451T>G","NP_005441.1:p.Ser151Ala","Unknown significance","null","missense_variant","1/1","null","151","MODERATE","22.4","null","0","null","22.328663024204943","0.16191078510915272","96.32","0.5","0.5"
"17:54672036:C>G","NM_005450.6:c.452C>G","NP_005441.1:p.Ser151Trp","Unknown significance","null","missense_variant","1/1","null","151","MODERATE","32","null","0","null","22.328663024204943","0.16191078510915272","96.32","1.0","1.0"
"17:54672044:T>A","NM_005450.6:c.460T>A","NP_005441.1:p.Phe154Ile","Unknown significance","null","missense_variant","1/1","null","154","MODERATE","26.1","null","0","null","31.228660986384646","0.13592430613775108","97.28","-0.7","0.7"
"17:54672044:T>G","NM_005450.6:c.460T>G","NP_005441.1:p.Phe154Val","Unknown significance","null","missense_variant","1/1","null","154","MODERATE","25.8","null","0.00648256","gnomad_AF_nfe_pass","31.228660986384646","0.13592430613775108","97.28","-0.7","0.7"
"17:54672047:T>A","NM_005450.6:c.463T>A","NP_005441.1:p.Cys155Ser","Pathogenic","Symphalangism, proximal","missense_variant","1/1","null","155","MODERATE","29.7","null","0","null","5.5744950791533245","0.03607433422040007","97.38","-5.2","5.2"
"17:54672080:A>G","NM_005450.6:c.496A>G","NP_005441.1:p.Ser166Gly","Unknown significance","null","missense_variant","1/1","null","166","MODERATE","22.6","null","0","null","35.97024744459374","0.26082936528762635","94.33","-0.6","0.6"
"17:54672083:C>G","NM_005450.6:c.499C>G","NP_005441.1:p.Arg167Gly","Pathogenic","Brachydactyly, type B","missense_variant","1/1","null","167","MODERATE","27.8","null","0","null","22.384021707708058","0.08308053640529625","96.05","-2.5","2.5"
"17:54672083:C>T","NM_005450.6:c.499C>T","NP_005441.1:p.Arg167Cys","Pathogenic","Symphalangism, proximal","missense_variant","1/1","null","167","MODERATE","31","null","0","null","22.384021707708058","0.08308053640529625","96.05","-1.4","1.4"
"17:54672084:G>A","NM_005450.6:c.500G>A","NP_005441.1:p.Arg167His","Unknown significance","null","missense_variant","1/1","null","167","MODERATE","31","null","0","null","22.384021707708058","0.08308053640529625","96.05","-0.7","0.7"
"17:54672093:C>G","NM_005450.6:c.509C>G","NP_005441.1:p.Pro170Arg","Unknown significance","null","missense_variant","1/1","null","170","MODERATE","31","null","0","null","0.0","0.0","96.45","-2.3","2.3"
"17:54672093:C>T","NM_005450.6:c.509C>T","NP_005441.1:p.Pro170Leu","Pathogenic","Hearing loss with stapes ankylosis","missense_variant","1/1","null","170","MODERATE","32","null","0","null","0.0","0.0","96.45","-0.6","0.6"
"17:54672101:G>A","NM_005450.6:c.517G>A","NP_005441.1:p.Val173Met","Unknown significance","null","missense_variant","1/1","null","173","MODERATE","26.5","null","0.0327482","gnomad_AF_sas_pass","0.0","0.0","95.16","-1.2","1.2"
"17:54672119:T>C","NM_005450.6:c.535T>C","NP_005441.1:p.Phe179Leu","Unknown significance","null","missense_variant","1/1","null","179","MODERATE","23.0","null","0.00620887","gnomad_AF_nfe_pass","17.19725766355683","0.07485192261077796","95.55","-0.5","0.5"
"17:54672123:G>A","NM_005450.6:c.539G>A","NP_005441.1:p.Ser180Asn","Unknown significance","null","missense_variant","1/1","null","180","MODERATE","22.7","null","0.0196799","gnomad_AF_sas_pass","44.17273598889965","0.3203076850875056","94.3","0.0","0.0"
"17:54672135:G>A","NM_005450.6:c.551G>A","NP_005441.1:p.Cys184Tyr","Pathogenic","Symphalangism, proximal","missense_variant","1/1","null","184","MODERATE","32","null","0","null","0.0","0.0","96.89","-3.9","3.9"
"17:54672135:G>T","NM_005450.6:c.551G>T","NP_005441.1:p.Cys184Phe","Pathogenic","Symphalangism, proximal","missense_variant","1/1","null","184","MODERATE","32","null","0","null","0.0","0.0","96.89","-3.8","3.8"
"17:54672140:G>T","NM_005450.6:c.556G>T","NP_005441.1:p.Val186Leu","Unknown significance","null","missense_variant","1/1","null","186","MODERATE","18.31","null","0.0121379","gnomad_AF_afr_pass","63.233961835671444","0.36787006591327226","95.08","-0.1","0.1"
"17:54672143:C>G","NM_005450.6:c.559C>G","NP_005441.1:p.Pro187Ala","Pathogenic","Symphalangism, proximal","missense_variant","1/1","null","187","MODERATE","22.9","null","0","null","143.26471047200627","0.9107731105337834","95.55","-0.5","0.5"
"17:54672143:C>T","NM_005450.6:c.559C>T","NP_005441.1:p.Pro187Ser","Pathogenic","Brachydactyly, type B","missense_variant","1/1","null","187","MODERATE","23.3","null","0","null","143.26471047200627","0.9107731105337834","95.55","-0.4","0.4"
"17:54672149:G>T","NM_005450.6:c.565G>T","NP_005441.1:p.Gly189Cys","Pathogenic","Symphalangism, proximal","missense_variant","1/1","null","189","MODERATE","32","null","0","null","65.41449658167703","0.6860735384793467","95.87","-0.4","0.4"
"17:54672152:A>G","NM_005450.6:c.568A>G","NP_005441.1:p.Met190Val","Pathogenic","Multiple synostoses syndrome","missense_variant","1/1","null","190","MODERATE","27.1","null","0","null","68.3759493419472","0.31577585172834577","97.6","-1.1","1.1"
"17:54672168:C>A","NM_005450.6:c.584C>A","NP_005441.1:p.Ser195Tyr","Unknown significance","null","missense_variant","1/1","null","195","MODERATE","25.1","null","0.00581869","gnomad_AF_amr_pass","54.54654231651627","0.39553077951344295","96.28","0.5","0.5"
"17:54672176:G>A","NM_005450.6:c.592G>A","NP_005441.1:p.Val198Met","Unknown significance","null","missense_variant","1/1","null","198","MODERATE","23.4","null","0.000900917","gnomad_AF_nfe_pass","79.14782694470999","0.46045061023865486","96.21","-0.2","0.2"
"17:54672176:G>T","NM_005450.6:c.592G>T","NP_005441.1:p.Val198Leu","Unknown significance","null","missense_variant","1/1","null","198","MODERATE","23.1","null","0.00583873","gnomad_AF_amr_pass","79.14782694470999","0.46045061023865486","96.21","-0.1","0.1"
"17:54672183:T>C","NM_005450.6:c.599T>C","NP_005441.1:p.Leu200Pro","Likely pathogenic","Symphalangism, proximal, 1A","missense_variant","1/1","null","200","MODERATE","29.8","null","0","null","5.14720901925755","0.02669005024887604","96.25","-3.4","3.4"
"17:54672186:C>T","NM_005450.6:c.602C>T","NP_005441.1:p.Thr201Met","Unknown significance","null","missense_variant","1/1","null","201","MODERATE","29.2","null","0.0133191","gnomad_AF_sas_pass","11.540303437493876","0.07334740183508515","97.83","0.7","0.7"
"17:54672188:G>A","NM_005450.6:c.604G>A","NP_005441.1:p.Val202Met","Unknown significance","null","missense_variant","1/1","null","202","MODERATE","24.4","null","0.00181726","gnomad_AF_nfe_pass","0.0","0.0","97.21","-1.1","1.1"
"17:54672188:G>C","NM_005450.6:c.604G>C","NP_005441.1:p.Val202Leu","Unknown significance","null","missense_variant","1/1","null","202","MODERATE","21.9","null","0.00332116","gnomad_AF_sas_pass","0.0","0.0","97.21","0.6","0.6"
"17:54672192:T>C","NM_005450.6:c.608T>C","NP_005441.1:p.Leu203Pro","Pathogenic","Teunissen-Cremers syndrome","missense_variant","1/1","null","203","MODERATE","32","null","0","null","0.0732076445370481","3.796068323600949E-4","97.99","-5.2","5.2"
"17:54672195:G>A","NM_005450.6:c.611G>A","NP_005441.1:p.Arg204Gln","Likely pathogenic","Tarsal/carpal coalition syndrome","missense_variant","1/1","null","204","MODERATE","32","null","0","null","39.357742403610985","0.14608019922833973","97.41","-0.8","0.8"
"17:54672195:G>T","NM_005450.6:c.611G>T","NP_005441.1:p.Arg204Leu","Pathogenic","Tarsal/carpal coalition syndrome","missense_variant","1/1","null","204","MODERATE","32","null","0","null","39.357742403610985","0.14608019922833973","97.41","0.6","0.6"
"17:54672197:T>G","NM_005450.6:c.613T>G","NP_005441.1:p.Trp205Gly","Pathogenic","Nail patella syndrome","missense_variant","1/1","null","205","MODERATE","24.9","null","0","null","21.563558786909887","0.08220069214410348","97.13","-5.6","5.6"
"17:54672199:G>C","NM_005450.6:c.615G>C","NP_005441.1:p.Trp205Cys","Pathogenic","Facioaudiosymphalangism syndrome","missense_variant","1/1","null","205","MODERATE","32","null","0","null","21.563558786909887","0.08220069214410348","97.13","-3.5","3.5"
"17:54672200:C>T","NM_005450.6:c.616C>T","NP_005441.1:p.Arg206Cys","Unknown significance","null","missense_variant","1/1","null","206","MODERATE","32","null","0","null","136.66772096758368","0.5072559219046078","95.65","0.2","0.2"
"17:54672207:A>G","NM_005450.6:c.623A>G","NP_005441.1:p.Gln208Arg","Unknown significance","null","missense_variant","1/1","null","208","MODERATE","24.9","null","0.0056262","gnomad_AF_eas_pass","95.40435254967115","0.48244517012835364","90.95","-0.0","0.0"
"17:54672212:C>A","NM_005450.6:c.628C>A","NP_005441.1:p.Arg210Ser","Likely benign","null","missense_variant","1/1","null","210","MODERATE","22.9","null","0.000939002","gnomad_AF_nfe_pass","261.7456229893669","0.971495071066997","86.38","-0.1","0.1"
"17:54672215:G>A","NM_005450.6:c.631G>A","NP_005441.1:p.Gly211Arg","Unknown significance","null","missense_variant","1/1","null","211","MODERATE","26.5","null","0","null","23.67233965592358","0.24827777756488367","86.45","1.1","1.1"
"17:54672218:G>A","NM_005450.6:c.634G>A","NP_005441.1:p.Gly212Ser","Unknown significance","null","missense_variant","1/1","null","212","MODERATE","23.9","null","0.00572607","gnomad_AF_eas_pass","8.757819394869582","0.09185285304609747","85.65","0.2","0.2"
"17:54672219:G>A","NM_005450.6:c.635G>A","NP_005441.1:p.Gly212Asp","Likely benign","null","missense_variant","1/1","null","212","MODERATE","21.8","null","0","null","8.757819394869582","0.09185285304609747","85.65","0.2","0.2"
"17:54672219:G>T","NM_005450.6:c.635G>T","NP_005441.1:p.Gly212Val","Unknown significance","null","missense_variant","1/1","null","212","MODERATE","23.9","null","0.0034188","gnomad_AF_sas_pass","8.757819394869582","0.09185285304609747","85.65","0.7","0.7"
"17:54672223:G>T","NM_005450.6:c.639G>T","NP_005441.1:p.Gln213His","Unknown significance","null","missense_variant","1/1","null","213","MODERATE","24.1","null","0","gnomad_AF_afr_pass,gnomad_AF_amr_pass,gnomad_AF_eas_pass,gnomad_AF_nfe_pass,gnomad_AF_sas_pass","112.21501080175995","0.5674540891520019","88.74","0.0","0.0"
"17:54672233:T>G","NM_005450.6:c.649T>G","NP_005441.1:p.Trp217Gly","Pathogenic","Multiple synostoses syndrome","missense_variant","1/1","null","217","MODERATE","32","null","0","null","32.769608197200576","0.12491836350946718","97.57","-6.2","6.2"
"17:54672243:T>A","NM_005450.6:c.659T>A","NP_005441.1:p.Ile220Asn","Pathogenic","Symphalangism, proximal","missense_variant","1/1","null","220","MODERATE","32","null","0","null","50.51039294630499","0.25749756598281737","96.74","-2.9","2.9"
"17:54672247:G>C","NM_005450.6:c.663G>C","NP_005441.1:p.Gln221His","Unknown significance","null","missense_variant","1/1","null","221","MODERATE","25.4","null","0.0123854","gnomad_AF_eas_pass","111.9024977352788","0.5658737585329421","95.92","0.0","0.0"
"17:54672248:T>C","NM_005450.6:c.664T>C","NP_005441.1:p.Tyr222His","Unknown significance","null","missense_variant","1/1","null","222","MODERATE","32","null","0.00650787","gnomad_AF_nfe_pass","12.92713619023939","0.05388288738140592","94.9","-2.7","2.7"
"17:54672248:T>G","NM_005450.6:c.664T>G","NP_005441.1:p.Tyr222Asp","Pathogenic","Symphalangism, proximal, 1A","missense_variant","1/1","null","222","MODERATE","32","null","0","null","12.92713619023939","0.05388288738140592","94.9","-5.6","5.6"
"17:54672249:A>G","NM_005450.6:c.665A>G","NP_005441.1:p.Tyr222Cys","Pathogenic","Symphalangism, proximal","missense_variant","1/1","null","222","MODERATE","24.8","null","0","null","12.92713619023939","0.05388288738140592","94.9","-3.4","3.4"
"17:54672252:C>T","NM_005450.6:c.668C>T","NP_005441.1:p.Pro223Leu","Pathogenic","Symphalangism, proximal","missense_variant","1/1","null","223","MODERATE","32","null","0","null","20.8522090399929","0.13256321969509685","96.06","-0.5","0.5"
"17:54672263:G>C","NM_005450.6:c.679G>C","NP_005441.1:p.Glu227Gln","Unknown significance","null","missense_variant","1/1","null","227","MODERATE","26.7","null","0.00650449","gnomad_AF_nfe_pass","81.85599972286685","0.41919219632912286","96.43","0.1","0.1"
"17:54672266:T>A","NM_005450.6:c.682T>A","NP_005441.1:p.Cys228Ser","Pathogenic","Multiple synostoses syndrome","missense_variant","1/1","null","228","MODERATE","26.7","null","0","null","10.325178178166826","0.06681751857263177","97.45","-5.5","5.5"
"17:54672266:T>G","NM_005450.6:c.682T>G","NP_005441.1:p.Cys228Gly","Pathogenic","Stapes ankylosis with broad thumb and toes","missense_variant","1/1","null","228","MODERATE","24.2","null","0","null","10.325178178166826","0.06681751857263177","97.45","-6.5","6.5"
"17:54672270:A>G","NM_005450.6:c.686A>G","NP_005441.1:p.Lys229Arg","Unknown significance","null","missense_variant","1/1","null","229","MODERATE","23.9","null","0","null","154.65686205741613","0.6533470141778508","97.02","0.3","0.3"
"17:54672273:G>A","NM_005450.6:c.689G>A","NP_005441.1:p.Cys230Tyr","Pathogenic","Facioaudiosymphalangism syndrome","missense_variant","1/1","null","230","MODERATE","29.2","null","0","null","27.390798589525755","0.17725458698087004","97.25","-4.1","4.1"
"17:54672274:C>G","NM_005450.6:c.690C>G","NP_005441.1:p.Cys230Trp","Pathogenic","Symphalangism, proximal","missense_variant","1/1","null","230","MODERATE","25.2","null","0","null","27.390798589525755","0.17725458698087004","97.25","-3.7","3.7"
"17:54672275:T>C","NM_005450.6:c.691T>C","NP_005441.1:p.Ser231Pro","Unknown significance","null","missense_variant","1/1","null","231","MODERATE","29.7","null","0","null","52.182998870359896","0.37839212796982247","96.53","-0.5","0.5"
"17:54672280:C>G","NM_005450.6:c.696C>G","NP_005441.1:p.Cys232Trp","Pathogenic","Multiple synostoses syndrome","missense_variant","1/1","null","232","MODERATE","29.9","null","0","null","136.4822358010571","0.8832200440622843","95.01","-0.7","0.7"