{"applied_filters": "CONTAINS missense_variant[Consequence]"},
"Genomic Description (GRCh37)","HGVS Nucleotide Change","HGVS Protein Change","Variant Classification","Phenotype","Consequence","Exon","Intron","Protein Position","Impact","CADD Phred","Interpro Domain","Max MAF (%)","Max MAF Source","Surface Area","Normalized SA","Confidence Score","ddG","|ddG|"
"20:42935280:A>C","NM_001080472.4:c.774T>G","NP_001073941.1:p.Asp258Glu","Likely benign","null","missense_variant","2/2","null","258","MODERATE","0.002","null","0.00620655","gnomad_AF_afr_pass","54.93447876201215","0.34338375861616155","47.87","0.2","0.2"
"20:42935281:T>C","NM_001080472.4:c.773A>G","NP_001073941.1:p.Asp258Gly","Benign","null","missense_variant","2/2","null","258","MODERATE","14.62","null","0.632198","gnomad_AF_afr_pass","54.93447876201215","0.34338375861616155","47.87","-0.7","0.7"
"20:42935282:C>A","NM_001080472.4:c.772G>T","NP_001073941.1:p.Asp258Tyr","Likely benign","null","missense_variant","2/2","null","258","MODERATE","16.67","null","0.00653339","gnomad_AF_sas_pass","54.93447876201215","0.34338375861616155","47.87","1.0","1.0"
"20:42935287:T>A","NM_001080472.4:c.767A>T","NP_001073941.1:p.Lys256Met","Unknown significance","null","missense_variant","2/2","null","256","MODERATE","23.1","null","0.00175973","gnomad_AF_nfe_pass","94.36702372887925","0.39865294284339314","50.19","0.2","0.2"
"20:42935291:A>T","NM_001080472.4:c.763T>A","NP_001073941.1:p.Leu255Met","Likely benign","null","missense_variant","2/2","null","255","MODERATE","11.86","null","0.00617589","gnomad_AF_afr_pass","136.54264999754852","0.7080206333013719","49.62","-0.0","0.0"
"20:42935300:T>C","NM_001080472.4:c.754A>G","NP_001073941.1:p.Ser252Gly","Likely benign","null","missense_variant","2/2","null","252","MODERATE","4.272","null","0.00087926","gnomad_AF_nfe_pass","35.319422703815576","0.256110070422832","52.6","-0.5","0.5"
"20:42935307:C>A","NM_001080472.4:c.747G>T","NP_001073941.1:p.Gln249His","Unknown significance","null","missense_variant","2/2","null","249","MODERATE","17.22","null","0.00326648","gnomad_AF_sas_pass","31.87021858069523","0.16116280457106175","75.88","-0.0","0.0"
"20:42935312:G>C","NM_001080472.4:c.742C>G","NP_001073941.1:p.Pro248Ala","Unknown significance","null","missense_variant","2/2","null","248","MODERATE","19.14","null","0","null","4.459339436320622","0.028349245504790954","83.19","0.2","0.2"
"20:42935318:G>A","NM_001080472.4:c.736C>T","NP_001073941.1:p.Leu246Phe","Unknown significance","null","missense_variant","2/2","null","246","MODERATE","26.5","null","0.00289084","gnomad_AF_amr_pass","44.46221055284903","0.23055186400858854","92.04","-0.4","0.4"
"20:42935320:C>G","NM_001080472.4:c.734G>C","NP_001073941.1:p.Gly245Ala","Unknown significance","null","missense_variant","2/2","null","245","MODERATE","25.8","null","0","gnomad_AF_afr_pass,gnomad_AF_amr_pass,gnomad_AF_eas_pass,gnomad_AF_nfe_pass,gnomad_AF_sas_pass","9.016858181301387","0.09456967677933162","91.66","0.5","0.5"
"20:42935323:G>A","NM_001080472.4:c.731C>T","NP_001073941.1:p.Pro244Leu","Unknown significance","null","missense_variant","2/2","null","244","MODERATE","28.6","null","0.000879059","gnomad_AF_nfe_pass","6.71150234111085","0.042666863622096964","90.42","-0.1","0.1"
"20:42935323:G>C","NM_001080472.4:c.731C>G","NP_001073941.1:p.Pro244Arg","Unknown significance","null","missense_variant","2/2","null","244","MODERATE","26.9","null","0.000879059","gnomad_AF_nfe_pass","6.71150234111085","0.042666863622096964","90.42","-1.3","1.3"
"20:42935333:C>T","NM_001080472.4:c.721G>A","NP_001073941.1:p.Ala241Thr","Likely benign","null","missense_variant","2/2","null","241","MODERATE","18.20","null","0.0200256","gnomad_AF_afr_pass","104.68976392118643","0.823299984100078","88.14","0.0","0.0"
"20:42935338:G>A","NM_001080472.4:c.716C>T","NP_001073941.1:p.Pro239Leu","Likely benign","null","missense_variant","2/2","null","239","MODERATE","0.079","null","0.00846549","gnomad_AF_amr_pass","90.43921943570788","0.574946956081009","91.33","0.9","0.9"
"20:42935351:C>G","NM_001080472.4:c.703G>C","NP_001073941.1:p.Gly235Arg","Likely benign","null","missense_variant","2/2","null","235","MODERATE","0.366","null","0.000879059","gnomad_AF_nfe_pass","26.846650135206968","0.2815702515050415","91.56","1.1","1.1"
"20:42935351:C>T","NM_001080472.4:c.703G>A","NP_001073941.1:p.Gly235Arg","Likely benign","null","missense_variant","2/2","null","235","MODERATE","0.598","null","0.00326627","gnomad_AF_sas_pass","26.846650135206968","0.2815702515050415","91.56","1.1","1.1"
"20:42935356:G>A","NM_001080472.4:c.698C>T","NP_001073941.1:p.Thr233Ile","Unknown significance","null","missense_variant","2/2","null","233","MODERATE","24.4","null","0.00928908","gnomad_AF_nfe_pass","3.060727367417992","0.01945324933105936","96.6","2.0","2.0"
"20:42935360:C>T","NM_001080472.4:c.694G>A","NP_001073941.1:p.Gly232Arg","Likely pathogenic","Deafness-dystonia syndrome","missense_variant","2/2","null","232","MODERATE","23.0","null","0.00400609","gnomad_AF_afr_pass","24.825071626919964","0.2603677414656574","96.11","0.8","0.8"
"20:42935383:A>G","NM_001080472.4:c.671T>C","NP_001073941.1:p.Leu224Ser","Likely benign","null","missense_variant","2/2","null","224","MODERATE","21.8","null","0","gnomad_AF_afr_pass,gnomad_AF_amr_pass,gnomad_AF_eas_pass,gnomad_AF_nfe_pass,gnomad_AF_sas_pass","81.69502156981862","0.4236168033246074","97.12","-2.0","2.0"
"20:42935390:C>T","NM_001080472.4:c.664G>A","NP_001073941.1:p.Gly222Ser","Unknown significance","null","missense_variant","2/2","null","222","MODERATE","27.5","null","0.00263732","gnomad_AF_nfe_pass","0.0","0.0","96.53","-1.1","1.1"
"20:42935392:A>G","NM_001080472.4:c.662T>C","NP_001073941.1:p.Phe221Ser","Unknown significance","null","missense_variant","2/2","null","221","MODERATE","24.2","null","0.00154828","gnomad_AF_nfe_pass","109.78655231236068","0.47785145039742993","96.27","-1.1","1.1"
"20:42935396:C>A","NM_001080472.4:c.658G>T","NP_001073941.1:p.Val220Leu","Likely benign","null","missense_variant","2/2","null","220","MODERATE","14.49","null","0.00653253","gnomad_AF_sas_pass","70.69785703484725","0.41129204263562325","95.71","0.3","0.3"
"20:42935396:C>T","NM_001080472.4:c.658G>A","NP_001073941.1:p.Val220Met","Unknown significance","null","missense_variant","2/2","null","220","MODERATE","23.6","null","0.00175824","gnomad_AF_nfe_pass","70.69785703484725","0.41129204263562325","95.71","-0.2","0.2"
"20:42935401:T>C","NM_001080472.4:c.653A>G","NP_001073941.1:p.Gln218Arg","Unknown significance","null","missense_variant","2/2","null","218","MODERATE","26.1","null","0.00615157","gnomad_AF_afr_pass","10.948982526741663","0.05536732441107542","94.02","-0.3","0.3"
"20:42935404:G>A","NM_001080472.4:c.650C>T","NP_001073941.1:p.Ser217Phe","Likely benign","null","missense_variant","2/2","null","217","MODERATE","18.89","null","0","null","59.926877457606494","0.4345449509351687","93.67","1.3","1.3"
"20:42935419:T>A","NM_001080472.4:c.635A>T","NP_001073941.1:p.Tyr212Phe","Unknown significance","null","missense_variant","2/2","null","212","MODERATE","25.4","null","0.00289134","gnomad_AF_amr_pass","29.474726923238446","0.12285655291554096","86.75","-0.5","0.5"
"20:42935447:C>A","NM_001080472.4:c.607G>T","NP_001073941.1:p.Val203Leu","Likely benign","null","missense_variant","2/2","null","203","MODERATE","18.99","null","0.00653253","gnomad_AF_sas_pass","39.09048818175065","0.22741292885258463","94.85","0.4","0.4"
"20:42935450:A>C","NM_001080472.4:c.604T>G","NP_001073941.1:p.Trp202Gly","Unknown significance","null","missense_variant","2/2","null","202","MODERATE","25.8","null","0.0123031","gnomad_AF_afr_pass","0.0","0.0","95.3","-6.8","6.8"
"20:42935459:T>A","NM_001080472.4:c.595A>T","NP_001073941.1:p.Thr199Ser","Unknown significance","null","missense_variant","2/2","null","199","MODERATE","22.6","null","0.00175846","gnomad_AF_nfe_pass","1.2629815316501836","0.008027207812514375","94.53","-1.0","1.0"
"20:42935465:T>C","NM_001080472.4:c.589A>G","NP_001073941.1:p.Ile197Val","Likely benign","null","missense_variant","2/2","null","197","MODERATE","6.686","null","0.000879245","gnomad_AF_nfe_pass","101.21795016688554","0.5160002581933933","93.87","0.0","0.0"
"20:42935486:T>C","NM_001080472.4:c.568A>G","NP_001073941.1:p.Thr190Ala","Likely benign","null","missense_variant","2/2","null","190","MODERATE","0.074","null","0.00543656","gnomad_AF_eas_pass","65.27974158157916","0.4149023865280964","92.57","0.1","0.1"
"20:42935488:G>A","NM_001080472.4:c.566C>T","NP_001073941.1:p.Thr189Ile","Unknown significance","null","missense_variant","2/2","null","189","MODERATE","23.7","null","0.0424615","gnomad_AF_sas_pass","0.9295488768120118","0.005907989799589607","90.41","1.4","1.4"
"20:42935492:T>C","NM_001080472.4:c.562A>G","NP_001073941.1:p.Ile188Val","Unknown significance","null","missense_variant","2/2","null","188","MODERATE","14.63","null","0","null","0.4555630759662579","0.0023224207211703764","91.35","-0.4","0.4"
"20:42935494:G>A","NM_001080472.4:c.560C>T","NP_001073941.1:p.Ala187Val","Likely benign","null","missense_variant","2/2","null","187","MODERATE","15.83","null","0.000879183","gnomad_AF_nfe_pass","33.97729977864486","0.26720387285027397","92.84","0.8","0.8"
"20:42935495:C>T","NM_001080472.4:c.559G>A","NP_001073941.1:p.Ala187Thr","Likely benign","null","missense_variant","2/2","null","187","MODERATE","15.07","null","0.00653253","gnomad_AF_sas_pass","33.97729977864486","0.26720387285027397","92.84","0.0","0.0"
"20:42935509:T>C","NM_001080472.4:c.545A>G","NP_001073941.1:p.His182Arg","Unknown significance","null","missense_variant","2/2","null","182","MODERATE","14.49","null","0.005275","gnomad_AF_nfe_pass","130.13796986725734","0.6335759492261691","83.46","0.0","0.0"
"20:42935510:G>A","NM_001080472.4:c.544C>T","NP_001073941.1:p.His182Tyr","Likely benign","null","missense_variant","2/2","null","182","MODERATE","14.20","null","0.000879167","gnomad_AF_nfe_pass","130.13796986725734","0.6335759492261691","83.46","0.3","0.3"
"20:42935512:C>T","NM_001080472.4:c.542G>A","NP_001073941.1:p.Ser181Asn","Likely benign","null","missense_variant","2/2","null","181","MODERATE","7.946","null","0.0144576","gnomad_AF_amr_pass","56.74051731538195","0.4114398473421399","78.71","-0.0","0.0"
"20:42935515:C>T","NM_001080472.4:c.539G>A","NP_001073941.1:p.Arg180Gln","Unknown significance","null","missense_variant","2/2","null","180","MODERATE","23.1","null","0.0217462","gnomad_AF_eas_pass","233.20363469697025","0.8655586254912033","65.37","-0.1","0.1"
"20:42935516:G>C","NM_001080472.4:c.538C>G","NP_001073941.1:p.Arg180Gly","Unknown significance","null","missense_variant","2/2","null","180","MODERATE","17.21","null","0.0369185","gnomad_AF_afr_pass","233.20363469697025","0.8655586254912033","65.37","-0.3","0.3"
"20:42935521:G>A","NM_001080472.4:c.533C>T","NP_001073941.1:p.Thr178Met","Likely benign","null","missense_variant","2/2","null","178","MODERATE","17.27","null","0.052075","gnomad_AF_afr_pass","21.102892918932824","0.13412492792684078","68.26","0.4","0.4"
"20:42935532:A>T","NM_001080472.4:c.522T>A","NP_001073941.1:p.His174Gln","Likely benign","null","missense_variant","2/2","null","174","MODERATE","0.122","null","0.000879198","gnomad_AF_nfe_pass","88.6901130664546","0.4317872995127543","83.47","-0.2","0.2"
"20:42935542:G>A","NM_001080472.4:c.512C>T","NP_001073941.1:p.Ser171Phe","Unknown significance","null","missense_variant","2/2","null","171","MODERATE","24.3","null","0.000879291","gnomad_AF_nfe_pass","0.0","0.0","91.11","2.0","2.0"
"20:42935548:T>C","NM_001080472.4:c.506A>G","NP_001073941.1:p.Glu169Gly","Unknown significance","null","missense_variant","2/2","null","169","MODERATE","28.9","null","0.00801218","gnomad_AF_afr_pass","0.0","0.0","94.66","-1.7","1.7"
"20:42935561:T>A","NM_001080472.4:c.493A>T","NP_001073941.1:p.Met165Leu","Unknown significance","null","missense_variant","2/2","null","165","MODERATE","17.45","null","0.00543656","gnomad_AF_eas_pass","0.0","0.0","95.99","1.1","1.1"
"20:42935567:C>T","NM_001080472.4:c.487G>A","NP_001073941.1:p.Ala163Thr","Likely benign","null","missense_variant","2/2","null","163","MODERATE","20.3","null","0.0320513","gnomad_AF_afr_pass","0.0","0.0","96.66","-0.3","0.3"
"20:42935575:G>A","NM_001080472.4:c.479C>T","NP_001073941.1:p.Thr160Ile","Unknown significance","null","missense_variant","2/2","null","160","MODERATE","23.7","null","0.000879291","gnomad_AF_nfe_pass","0.0","0.0","97.07","3.1","3.1"
"20:42935581:A>T","NM_001080472.4:c.473T>A","NP_001073941.1:p.Leu158Gln","Unknown significance","null","missense_variant","2/2","null","158","MODERATE","28.1","null","0.00615157","gnomad_AF_afr_pass","5.308640289654696","0.027527126944716384","96.25","-4.5","4.5"
"20:42935587:G>A","NM_001080472.4:c.467C>T","NP_001073941.1:p.Ser156Phe","Unknown significance","null","missense_variant","2/2","null","156","MODERATE","26.5","null","0.000879245","gnomad_AF_nfe_pass","0.0","0.0","95.11","2.5","2.5"
"20:42935589:G>C","NM_001080472.4:c.465C>G","NP_001073941.1:p.His155Gln","Unknown significance","null","missense_variant","2/2","null","155","MODERATE","26.0","null","0.00289134","gnomad_AF_amr_pass","31.572919770893836","0.15371257623036505","92.83","-1.6","1.6"
"20:42935589:G>T","NM_001080472.4:c.465C>A","NP_001073941.1:p.His155Gln","Unknown significance","null","missense_variant","2/2","null","155","MODERATE","24.6","null","0.00615157","gnomad_AF_afr_pass","31.572919770893836","0.15371257623036505","92.83","-1.6","1.6"
"20:42935590:T>C","NM_001080472.4:c.464A>G","NP_001073941.1:p.His155Arg","Unknown significance","null","missense_variant","2/2","null","155","MODERATE","25.5","null","0.0017584","gnomad_AF_nfe_pass","31.572919770893836","0.15371257623036505","92.83","-1.3","1.3"
"20:42935590:T>G","NM_001080472.4:c.464A>C","NP_001073941.1:p.His155Pro","Unknown significance","null","missense_variant","2/2","null","155","MODERATE","26.2","null","0.00578202","gnomad_AF_amr_pass","31.572919770893836","0.15371257623036505","92.83","-2.5","2.5"
"20:42935613:C>G","NM_001080472.4:c.441G>C","NP_001073941.1:p.Trp147Cys","Unknown significance","null","missense_variant","2/2","null","147","MODERATE","31","null","0.0150346","gnomad_AF_eas_pass","18.043032761521822","0.06878038064274306","88.56","-4.4","4.4"
"20:42935620:C>T","NM_001080472.4:c.434G>A","NP_001073941.1:p.Gly145Asp","Unknown significance","null","missense_variant","2/2","null","145","MODERATE","24.4","null","0.000879322","gnomad_AF_nfe_pass","3.5637045892759454","0.03737647685795205","86.17","-1.0","1.0"
"20:42935621:C>T","NM_001080472.4:c.433G>A","NP_001073941.1:p.Gly145Ser","Unknown significance","null","missense_variant","2/2","null","145","MODERATE","24.4","null","0.00289134","gnomad_AF_amr_pass","3.5637045892759454","0.03737647685795205","86.17","-0.5","0.5"
"20:42935623:C>A","NM_001080472.4:c.431G>T","NP_001073941.1:p.Gly144Val","Unknown significance","null","missense_variant","2/2","null","144","MODERATE","26.3","null","0.00615309","gnomad_AF_afr_pass","57.24720716566072","0.6004142207097017","85.32","-0.2","0.2"
"20:42935629:T>C","NM_001080472.4:c.425A>G","NP_001073941.1:p.Gln142Arg","Likely benign","null","missense_variant","2/2","null","142","MODERATE","8.208","null","0.000879306","gnomad_AF_nfe_pass","160.62031451738216","0.8122322817825696","88.01","0.0","0.0"
"20:42935638:T>C","NM_001080472.4:c.416A>G","NP_001073941.1:p.Gln139Arg","Unknown significance","null","missense_variant","2/2","null","139","MODERATE","22.2","null","0.00326648","gnomad_AF_sas_pass","80.67437704549734","0.4079579444601353","87.3","-0.1","0.1"
"20:42935654:G>A","NM_001080472.4:c.400C>T","NP_001073941.1:p.His134Tyr","Likely benign","null","missense_variant","2/2","null","134","MODERATE","6.276","null","0","null","27.338268037586538","0.13309619890168006","62.95","1.3","1.3"
"20:42935660:T>C","NM_001080472.4:c.394A>G","NP_001073941.1:p.Lys132Glu","Likely benign","null","missense_variant","2/2","null","132","MODERATE","10.76","null","0.00615385","gnomad_AF_afr_pass","193.96936107418216","0.8194224376074195","73.06","-0.0","0.0"
"20:42935666:C>A","NM_001080472.4:c.388G>T","NP_001073941.1:p.Val130Phe","Likely benign","null","missense_variant","2/2","null","130","MODERATE","0.007","null","0.0271276","gnomad_AF_nfe_pass","51.47283175072896","0.2994484839980669","81.6","-0.0","0.0"
"20:42935669:C>T","NM_001080472.4:c.385G>A","NP_001073941.1:p.Gly129Arg","Likely benign","null","missense_variant","2/2","null","129","MODERATE","11.24","null","0.000880545","gnomad_AF_nfe_pass","40.69431121761701","0.42680585423737144","80.18","0.7","0.7"
"20:42935670:C>G","NM_001080472.4:c.384G>C","NP_001073941.1:p.Glu128Asp","Likely benign","null","missense_variant","2/2","null","128","MODERATE","4.597","null","0.0184638","gnomad_AF_afr_pass","138.21725627065837","0.7078234390007311","80.92","-0.1","0.1"
"20:42935677:G>A","NM_001080472.4:c.377C>T","NP_001073941.1:p.Ala126Val","Unknown significance","null","missense_variant","2/2","null","126","MODERATE","21.5","null","0.00543656","gnomad_AF_eas_pass","79.95346055893182","0.628769044282785","83.45","0.2","0.2"
"20:42935689:T>G","NM_001080472.4:c.365A>C","NP_001073941.1:p.Tyr122Ser","Unknown significance","null","missense_variant","2/2","null","122","MODERATE","17.42","null","0.00088171","gnomad_AF_nfe_pass","40.93902154531541","0.17064202426340577","89.59","-1.5","1.5"
"20:42935698:C>T","NM_001080472.4:c.356G>A","NP_001073941.1:p.Gly119Asp","Unknown significance","null","missense_variant","2/2","null","119","MODERATE","26.3","null","0.000882254","gnomad_AF_nfe_pass","6.3632070352433665","0.0667379280568969","88.39","-1.4","1.4"
"20:42935701:G>A","NM_001080472.4:c.353C>T","NP_001073941.1:p.Thr118Met","Unknown significance","null","missense_variant","2/2","null","118","MODERATE","26.1","null","0.0931467","gnomad_AF_amr_pass","84.458958065922","0.5368008882424219","91.84","-0.0","0.0"
"20:42935706:G>C","NM_001080472.4:c.348C>G","NP_001073941.1:p.His116Gln","Unknown significance","null","missense_variant","2/2","null","116","MODERATE","20.1","null","0.000881881","gnomad_AF_nfe_pass","57.062937992963626","0.2778105816573232","90.39","-0.3","0.3"
"20:42935711:C>T","NM_001080472.4:c.343G>A","NP_001073941.1:p.Glu115Lys","Unknown significance","null","missense_variant","2/2","null","115","MODERATE","26.0","null","0.0061546","gnomad_AF_afr_pass","13.010792960196953","0.06662948220574777","92.46","-0.5","0.5"
"20:42935713:A>G","NM_001080472.4:c.341T>C","NP_001073941.1:p.Ile114Thr","Unknown significance","null","missense_variant","2/2","null","114","MODERATE","23.0","null","0.0061546","gnomad_AF_afr_pass","59.09411903206831","0.301256650900191","93.82","-2.1","2.1"
"20:42935714:T>C","NM_001080472.4:c.340A>G","NP_001073941.1:p.Ile114Val","Likely benign","null","missense_variant","2/2","null","114","MODERATE","0.203","null","0.00620925","gnomad_AF_nfe_pass","59.09411903206831","0.301256650900191","93.82","-0.6","0.6"
"20:42935738:T>C","NM_001080472.4:c.316A>G","NP_001073941.1:p.Ile106Val","Likely benign","null","missense_variant","2/2","null","106","MODERATE","2.096","null","0.00176258","gnomad_AF_nfe_pass","101.43858193402495","0.5171250196474821","97.06","-0.1","0.1"
"20:42935752:G>A","NM_001080472.4:c.302C>T","NP_001073941.1:p.Thr101Met","Unknown significance","null","missense_variant","2/2","null","101","MODERATE","27.9","null","0.0026442","gnomad_AF_nfe_pass","48.194926454437564","0.30631539770272037","97.34","-0.1","0.1"
"20:42935755:C>A","NM_001080472.4:c.299G>T","NP_001073941.1:p.Gly100Val","Unknown significance","null","missense_variant","2/2","null","100","MODERATE","26.6","null","0.000881181","gnomad_AF_nfe_pass","0.0","0.0","97.15","3.1","3.1"
"20:42935756:C>G","NM_001080472.4:c.298G>C","NP_001073941.1:p.Gly100Arg","Unknown significance","null","missense_variant","2/2","null","100","MODERATE","27.7","null","0.00176187","gnomad_AF_nfe_pass","0.0","0.0","97.15","0.8","0.8"
"20:42935765:G>C","NM_001080472.4:c.289C>G","NP_001073941.1:p.Leu97Val","Unknown significance","null","missense_variant","2/2","null","97","MODERATE","24.5","null","0.00615764","gnomad_AF_afr_pass","1.7907202284807227","0.00928550068610256","97.04","-0.7","0.7"
"20:42935767:G>T","NM_001080472.4:c.287C>A","NP_001073941.1:p.Thr96Asn","Unknown significance","null","missense_variant","2/2","null","96","MODERATE","23.3","null","0.000775615","gnomad_AF_nfe_pass","0.0","0.0","96.17","-0.8","0.8"
"20:42935776:C>T","NM_001080472.4:c.278G>A","NP_001073941.1:p.Arg93Gln","Unknown significance","null","missense_variant","2/2","null","93","MODERATE","31","null","0.00326669","gnomad_AF_sas_pass","3.963357922621279","0.014710399519679158","94.2","-0.6","0.6"
"20:42935777:G>A","NM_001080472.4:c.277C>T","NP_001073941.1:p.Arg93Trp","Unknown significance","null","missense_variant","2/2","null","93","MODERATE","32","null","0.00979944","gnomad_AF_sas_pass","3.963357922621279","0.014710399519679158","94.2","0.9","0.9"
"20:42935779:C>T","NM_001080472.4:c.275G>A","NP_001073941.1:p.Arg92Gln","Unknown significance","null","missense_variant","2/2","null","92","MODERATE","22.7","null","0.0108731","gnomad_AF_eas_pass","86.65225070114285","0.32161849925735647","94.43","-0.3","0.3"
"20:42935780:G>A","NM_001080472.4:c.274C>T","NP_001073941.1:p.Arg92Trp","Unknown significance","null","missense_variant","2/2","null","92","MODERATE","25.1","null","0.00853123","gnomad_AF_nfe_pass","86.65225070114285","0.32161849925735647","94.43","0.5","0.5"
"20:42935782:A>C","NM_001080472.4:c.272T>G","NP_001073941.1:p.Leu91Arg","Unknown significance","null","missense_variant","2/2","null","91","MODERATE","25.9","null","0.0008807","gnomad_AF_nfe_pass","140.3701263596215","0.7278674155182807","94.69","-0.5","0.5"
"20:42935791:C>G","NM_001080472.4:c.263G>C","NP_001073941.1:p.Gly88Ala","Likely benign","null","missense_variant","2/2","null","88","MODERATE","13.64","null","0.0200461","gnomad_AF_eas_pass","55.01505809642659","0.5770032263526529","92.94","0.3","0.3"
"20:42935801:C>A","NM_001080472.4:c.253G>T","NP_001073941.1:p.Gly85Cys","Unknown significance","null","missense_variant","2/2","null","85","MODERATE","24.0","null","0.00615385","gnomad_AF_afr_pass","50.16643116992908","0.5261503603052183","86.91","0.2","0.2"
"20:42935801:C>T","NM_001080472.4:c.253G>A","NP_001073941.1:p.Gly85Ser","Unknown significance","null","missense_variant","2/2","null","85","MODERATE","21.5","null","0.0163313","gnomad_AF_sas_pass","50.16643116992908","0.5261503603052183","86.91","0.3","0.3"
"20:42935807:G>T","NM_001080472.4:c.247C>A","NP_001073941.1:p.Leu83Met","Unknown significance","null","missense_variant","2/2","null","83","MODERATE","24.2","null","0.000880189","gnomad_AF_nfe_pass","50.30756831388169","0.2608620557612295","88.48","-0.3","0.3"
"20:42935815:T>C","NM_001080472.4:c.239A>G","NP_001073941.1:p.Asn80Ser","Unknown significance","null","missense_variant","2/2","null","80","MODERATE","19.22","null","0.000880189","gnomad_AF_nfe_pass","0.0","0.0","92.39","0.1","0.1"
"20:42935822:G>A","NM_001080472.4:c.232C>T","NP_001073941.1:p.Leu78Phe","Unknown significance","null","missense_variant","2/2","null","78","MODERATE","23.1","null","0.00387567","gnomad_AF_nfe_pass","47.600970073385525","0.24682741237059017","93.57","-0.2","0.2"
"20:42935824:G>A","NM_001080472.4:c.230C>T","NP_001073941.1:p.Ala77Val","Unknown significance","null","missense_variant","2/2","null","77","MODERATE","22.8","null","0.0173501","gnomad_AF_amr_pass","34.493445202745995","0.27126293749555963","95.4","1.3","1.3"
"20:42935825:C>A","NM_001080472.4:c.229G>T","NP_001073941.1:p.Ala77Ser","Unknown significance","null","missense_variant","2/2","null","77","MODERATE","18.72","null","0.00465297","gnomad_AF_nfe_pass","34.493445202745995","0.27126293749555963","95.4","-0.9","0.9"
"20:42935834:G>A","NM_001080472.4:c.220C>T","NP_001073941.1:p.Pro74Ser","Unknown significance","null","missense_variant","2/2","null","74","MODERATE","27.5","null","0.00326627","gnomad_AF_sas_pass","54.610439445741754","0.3471735617078828","96.93","-0.4","0.4"
"20:42935843:G>A","NM_001080472.4:c.211C>T","NP_001073941.1:p.Leu71Phe","Unknown significance","null","missense_variant","2/2","null","71","MODERATE","26.8","null","0.00615915","gnomad_AF_afr_pass","25.283455016523902","0.13110341591559413","97.09","-0.3","0.3"
"20:42935851:G>A","NM_001080472.4:c.203C>T","NP_001073941.1:p.Thr68Met","Unknown significance","null","missense_variant","2/2","null","68","MODERATE","28.1","null","0.00176358","gnomad_AF_nfe_pass","0.0","0.0","96.74","0.6","0.6"
"20:42935863:G>T","NM_001080472.4:c.191C>A","NP_001073941.1:p.Ala64Asp","Unknown significance","null","missense_variant","2/2","null","64","MODERATE","29.4","null","0","null","0.0","0.0","93.85","-1.5","1.5"
"20:42935864:C>A","NM_001080472.4:c.190G>T","NP_001073941.1:p.Ala64Ser","Unknown significance","null","missense_variant","2/2","null","64","MODERATE","22.4","null","0.00289369","gnomad_AF_amr_pass","0.0","0.0","93.85","-0.8","0.8"
"20:42935873:C>T","NM_001080472.4:c.181G>A","NP_001073941.1:p.Val61Ile","Unknown significance","null","missense_variant","2/2","null","61","MODERATE","24.0","null","0","null","0.0014767008011124343","8.590858539769128E-6","76.94","-0.6","0.6"
"20:42939617:C>A","NM_001080472.4:c.172G>T","NP_001073941.1:p.Val58Leu","Unknown significance","null","missense_variant&splice_region_variant","1/2","null","58","MODERATE","16.07","null","0","gnomad_AF_afr_pass,gnomad_AF_amr_pass,gnomad_AF_eas_pass,gnomad_AF_nfe_pass,gnomad_AF_sas_pass","36.07590998339274","0.20987531064336076","79.88","-0.3","0.3"
"20:42939617:C>G","NM_001080472.4:c.172G>C","NP_001073941.1:p.Val58Leu","Unknown significance","null","missense_variant&splice_region_variant","1/2","null","58","MODERATE","15.95","null","0.00171999","gnomad_AF_nfe_pass","36.07590998339274","0.20987531064336076","79.88","-0.3","0.3"
"20:42939619:T>C","NM_001080472.4:c.170A>G","NP_001073941.1:p.Asn57Ser","Unknown significance","null","missense_variant","1/2","null","57","MODERATE","26.3","null","0","null","0.28234517352482985","0.0017665664408006794","82.1","-1.1","1.1"
"20:42939623:G>A","NM_001080472.4:c.166C>T","NP_001073941.1:p.Leu56Phe","Likely benign","null","missense_variant","1/2","null","56","MODERATE","19.97","null","0","gnomad_AF_afr_pass,gnomad_AF_amr_pass,gnomad_AF_eas_pass,gnomad_AF_nfe_pass,gnomad_AF_sas_pass","47.22129058734521","0.2448586435634619","80.15","0.3","0.3"
"20:42939626:C>G","NM_001080472.4:c.163G>C","NP_001073941.1:p.Val55Leu","Unknown significance","null","missense_variant","1/2","null","55","MODERATE","19.61","null","0.0013124","gnomad_AF_nfe_pass","86.48365005596781","0.5031275144389572","81.73","0.0","0.0"
"20:42939631:C>A","NM_001080472.4:c.158G>T","NP_001073941.1:p.Arg53Leu","Unknown significance","null","missense_variant","1/2","null","53","MODERATE","32","null","0","null","248.52944534733024","0.9224419052835674","76.93","-0.0","0.0"
"20:42939631:C>T","NM_001080472.4:c.158G>A","NP_001073941.1:p.Arg53His","Unknown significance","null","missense_variant","1/2","null","53","MODERATE","32","null","0.00479509","gnomad_AF_nfe_pass","248.52944534733024","0.9224419052835674","76.93","-0.0","0.0"
"20:42939632:G>A","NM_001080472.4:c.157C>T","NP_001073941.1:p.Arg53Cys","Unknown significance","null","missense_variant","1/2","null","53","MODERATE","32","null","0.0039507","gnomad_AF_amr_pass","248.52944534733024","0.9224419052835674","76.93","-0.1","0.1"
"20:42939632:G>T","NM_001080472.4:c.157C>A","NP_001073941.1:p.Arg53Ser","Unknown significance","null","missense_variant","1/2","null","53","MODERATE","28.6","null","0","null","248.52944534733024","0.9224419052835674","76.93","-0.1","0.1"
"20:42939649:C>A","NM_001080472.4:c.140G>T","NP_001073941.1:p.Ser47Ile","Unknown significance","null","missense_variant","1/2","null","47","MODERATE","27.9","null","0","null","43.093721320180435","0.31248347671608473","80.09","0.5","0.5"
"20:42939649:C>T","NM_001080472.4:c.140G>A","NP_001073941.1:p.Ser47Asn","Unknown significance","null","missense_variant","1/2","null","47","MODERATE","26.5","null","0","null","43.093721320180435","0.31248347671608473","80.09","-0.1","0.1"
"20:42939651:C>G","NM_001080472.4:c.138G>C","NP_001073941.1:p.Glu46Asp","Unknown significance","null","missense_variant","1/2","null","46","MODERATE","18.30","null","0.0036515","gnomad_AF_amr_pass","148.77966758680566","0.7619145308344122","78.08","-0.1","0.1"
"20:42939661:G>A","NM_001080472.4:c.128C>T","NP_001073941.1:p.Pro43Leu","Unknown significance","null","missense_variant","1/2","null","43","MODERATE","21.4","null","0.00241005","gnomad_AF_nfe_pass","95.33761116663506","0.6060873776034553","80.89","0.1","0.1"
"20:42939662:G>C","NM_001080472.4:c.127C>G","NP_001073941.1:p.Pro43Ala","Unknown significance","null","missense_variant","1/2","null","43","MODERATE","23.4","null","0","null","95.33761116663506","0.6060873776034553","80.89","-0.3","0.3"
"20:42939673:T>C","NM_001080472.4:c.116A>G","NP_001073941.1:p.Lys39Arg","Benign","null","missense_variant","1/2","null","39","MODERATE","29.0","null","3.8375","gnomad_AF_eas_pass","71.31335766871301","0.3012628646671587","89.21","0.8","0.8"
"20:42939680:G>A","NM_001080472.4:c.109C>T","NP_001073941.1:p.Leu37Phe","Likely benign","null","missense_variant","1/2","null","37","MODERATE","13.85","null","0.00418393","gnomad_AF_nfe_pass","109.61120936797974","0.5683718448048257","92.45","-0.4","0.4"
"20:42939686:C>T","NM_001080472.4:c.103G>A","NP_001073941.1:p.Gly35Ser","Unknown significance","null","missense_variant","1/2","null","35","MODERATE","29.4","null","0.0064834","gnomad_AF_nfe_pass","3.6642680502684555","0.038431196119434324","92.7","-0.5","0.5"
"20:42939693:C>T","NM_001080472.4:c.96G>A","NP_001073941.1:p.Met32Ile","Benign","null","missense_variant","1/2","null","32","MODERATE","22.3","null","1.56846","gnomad_AF_nfe_pass","1.4224591888417484","0.006569243516590614","95.77","1.1","1.1"
"20:42939697:G>A","NM_001080472.4:c.92C>T","NP_001073941.1:p.Ser31Phe","Likely benign","null","missense_variant","1/2","null","31","MODERATE","16.99","null","0.000945984","gnomad_AF_nfe_pass","25.735335231705633","0.18661342723009122","94.83","2.3","2.3"
"20:42939697:G>T","NM_001080472.4:c.92C>A","NP_001073941.1:p.Ser31Tyr","Likely benign","null","missense_variant","1/2","null","31","MODERATE","16.57","null","0","null","25.735335231705633","0.18661342723009122","94.83","1.7","1.7"
"20:42939701:C>T","NM_001080472.4:c.88G>A","NP_001073941.1:p.Ala30Thr","Likely benign","null","missense_variant","1/2","null","30","MODERATE","15.71","null","0.00673582","gnomad_AF_sas_pass","64.02233234208569","0.5034836570934519","96.14","-0.3","0.3"
"20:42939703:A>G","NM_001080472.4:c.86T>C","NP_001073941.1:p.Val29Ala","Likely benign","null","missense_variant","1/2","null","29","MODERATE","16.17","null","0.00293255","gnomad_AF_amr_pass","41.042739692724574","0.2387703524770542","96.54","-1.4","1.4"
"20:42939721:T>C","NM_001080472.4:c.68A>G","NP_001073941.1:p.Tyr23Cys","Unknown significance","null","missense_variant","1/2","null","23","MODERATE","22.9","null","0.160652","gnomad_AF_afr_pass","166.49442478870372","0.693982039679861","93.42","-0.7","0.7"
"20:42939728:G>A","NM_001080472.4:c.61C>T","NP_001073941.1:p.Arg21Trp","Unknown significance","null","missense_variant","1/2","null","21","MODERATE","25.2","null","0.000911178","gnomad_AF_nfe_pass","27.57146669392406","0.10233425754868582","88.59","0.2","0.2"
"20:42939730:A>G","NM_001080472.4:c.59T>C","NP_001073941.1:p.Val20Ala","Unknown significance","null","missense_variant","1/2","null","20","MODERATE","22.6","null","0.00291409","gnomad_AF_amr_pass","36.08838036550514","0.2099478583717725","86.27","-1.9","1.9"
"20:42939733:G>A","NM_001080472.4:c.56C>T","NP_001073941.1:p.Ala19Val","Unknown significance","null","missense_variant","1/2","null","19","MODERATE","22.8","null","0","null","61.58851008833585","0.4843436213558305","84.22","0.4","0.4"
"20:42939739:C>T","NM_001080472.4:c.50G>A","NP_001073941.1:p.Arg17Gln","Unknown significance","null","missense_variant","1/2","null","17","MODERATE","23.3","null","0.0304352","gnomad_AF_eas_pass","147.08183631064784","0.5459089530795399","79.22","-0.2","0.2"
"20:42939740:G>A","NM_001080472.4:c.49C>T","NP_001073941.1:p.Arg17Trp","Unknown significance","null","missense_variant","1/2","null","17","MODERATE","27.5","null","0","null","147.08183631064784","0.5459089530795399","79.22","0.4","0.4"
"20:42939748:G>A","NM_001080472.4:c.41C>T","NP_001073941.1:p.Thr14Met","Likely benign","null","missense_variant","1/2","null","14","MODERATE","19.67","null","0","null","74.06709385933831","0.47075269081812116","78.1","0.6","0.6"
"20:42939751:C>T","NM_001080472.4:c.38G>A","NP_001073941.1:p.Gly13Glu","Likely benign","null","missense_variant","1/2","null","13","MODERATE","22.3","null","0.00269959","gnomad_AF_nfe_pass","24.172025259000762","0.2535185282813904","73.18","-0.3","0.3"
"20:42939752:C>G","NM_001080472.4:c.37G>C","NP_001073941.1:p.Gly13Arg","Likely benign","null","missense_variant","1/2","null","13","MODERATE","21.9","null","0.000899669","gnomad_AF_nfe_pass","24.172025259000762","0.2535185282813904","73.18","0.2","0.2"
"20:42939754:C>A","NM_001080472.4:c.35G>T","NP_001073941.1:p.Arg12Leu","Unknown significance","null","missense_variant","1/2","null","12","MODERATE","22.9","null","0","null","57.33503265656581","0.2128047108836726","77.1","1.0","1.0"
"20:42939754:C>G","NM_001080472.4:c.35G>C","NP_001073941.1:p.Arg12Pro","Unknown significance","null","missense_variant","1/2","null","12","MODERATE","24.4","null","0.00328084","gnomad_AF_sas_pass","57.33503265656581","0.2128047108836726","77.1","-0.9","0.9"
"20:42939760:A>C","NM_001080472.4:c.29T>G","NP_001073941.1:p.Leu10Trp","Unknown significance","null","missense_variant","1/2","null","10","MODERATE","22.7","null","0.00548426","gnomad_AF_eas_pass","105.20513693695783","0.5455248428384815","82.16","-0.1","0.1"
"20:42939767:C>G","NM_001080472.4:c.22G>C","NP_001073941.1:p.Glu8Gln","Likely benign","null","missense_variant","1/2","null","8","MODERATE","21.5","null","0.0371049","gnomad_AF_nfe_pass","10.399325814775949","0.053255915795996076","80.27","0.3","0.3"
"20:42939767:C>T","NM_001080472.4:c.22G>A","NP_001073941.1:p.Glu8Lys","Likely benign","null","missense_variant","1/2","null","8","MODERATE","23.6","null","0.000898941","gnomad_AF_nfe_pass","10.399325814775949","0.053255915795996076","80.27","-0.6","0.6"
"20:42939769:C>A","NM_001080472.4:c.20G>T","NP_001073941.1:p.Cys7Phe","Unknown significance","null","missense_variant","1/2","null","7","MODERATE","23.5","null","0.0028372","gnomad_AF_amr_pass","32.02936367111457","0.20727221991090528","81.61","-0.1","0.1"
"20:42939769:C>T","NM_001080472.4:c.20G>A","NP_001073941.1:p.Cys7Tyr","Unknown significance","null","missense_variant","1/2","null","7","MODERATE","23.4","null","0.008142","gnomad_AF_afr_pass","32.02936367111457","0.20727221991090528","81.61","-0.1","0.1"
"20:42939773:G>A","NM_001080472.4:c.16C>T","NP_001073941.1:p.Arg6Cys","Unknown significance","null","missense_variant","1/2","null","6","MODERATE","23.3","null","0","null","172.97968499990083","0.6420314099347983","83.32","-0.4","0.4"
"20:42939775:T>C","NM_001080472.4:c.14A>G","NP_001073941.1:p.Glu5Gly","Unknown significance","null","missense_variant","1/2","null","5","MODERATE","26.0","null","0.000900301","gnomad_AF_nfe_pass","53.677656347525506","0.2748882761715666","79.88","-0.9","0.9"
"20:42939778:A>T","NM_001080472.4:c.11T>A","NP_001073941.1:p.Leu4Gln","Unknown significance","null","missense_variant","1/2","null","4","MODERATE","28.2","null","0","gnomad_AF_afr_pass,gnomad_AF_amr_pass,gnomad_AF_eas_pass,gnomad_AF_nfe_pass","47.40153070257614","0.24579325059309262","81.17","-1.7","1.7"
"20:42939780:A>C","NM_001080472.4:c.9T>G","NP_001073941.1:p.His3Gln","Likely benign","null","missense_variant","1/2","null","3","MODERATE","15.08","null","0.0427463","gnomad_AF_sas_pass","164.9064274349746","0.8028459826304523","82.44","-0.2","0.2"
"20:42939781:T>A","NM_001080472.4:c.8A>T","NP_001073941.1:p.His3Leu","Likely benign","null","missense_variant","1/2","null","3","MODERATE","21.4","null","0.000900122","gnomad_AF_nfe_pass","164.9064274349746","0.8028459826304523","82.44","0.0","0.0"
"20:42939781:T>C","NM_001080472.4:c.8A>G","NP_001073941.1:p.His3Arg","Likely benign","null","missense_variant","1/2","null","3","MODERATE","19.19","null","0.00548366","gnomad_AF_eas_pass","164.9064274349746","0.8028459826304523","82.44","-0.0","0.0"
"20:42939781:T>G","NM_001080472.4:c.8A>C","NP_001073941.1:p.His3Pro","Likely benign","null","missense_variant","1/2","null","3","MODERATE","22.1","null","0","null","164.9064274349746","0.8028459826304523","82.44","-0.4","0.4"
"20:42939782:G>A","NM_001080472.4:c.7C>T","NP_001073941.1:p.His3Tyr","Likely benign","null","missense_variant","1/2","null","3","MODERATE","20.5","null","0.00631792","gnomad_AF_afr_pass","164.9064274349746","0.8028459826304523","82.44","0.3","0.3"
"20:42939784:T>A","NM_001080472.4:c.5A>T","NP_001073941.1:p.Glu2Val","Unknown significance","null","missense_variant","1/2","null","2","MODERATE","27.8","null","0.00329316","gnomad_AF_sas_pass","144.81009663930217","0.7415859883988916","81.51","0.1","0.1"
"20:42939785:C>G","NM_001080472.4:c.4G>C","NP_001073941.1:p.Glu2Gln","Unknown significance","null","missense_variant","1/2","null","2","MODERATE","24.5","null","0","null","144.81009663930217","0.7415859883988916","81.51","0.1","0.1"
"20:42939785:C>T","NM_001080472.4:c.4G>A","NP_001073941.1:p.Glu2Lys","Unknown significance","null","missense_variant","1/2","null","2","MODERATE","25.2","null","0.000902967","gnomad_AF_nfe_pass","144.81009663930217","0.7415859883988916","81.51","-0.2","0.2"