{"applied_filters": "CONTAINS missense_variant[Consequence]"},
"Genomic Description (GRCh37)","HGVS Nucleotide Change","HGVS Protein Change","Variant Classification","Phenotype","Consequence","Exon","Intron","Protein Position","Impact","CADD Phred","Interpro Domain","Max MAF (%)","Max MAF Source","Surface Area","Normalized SA","Confidence Score","ddG","|ddG|"
"21:37833279:C>T","NM_001146079.2:c.715G>A","NP_001139551.1:p.Val239Met","Unknown significance","null","missense_variant","2/2","null","239","MODERATE","23.5","null","0.0141579","gnomad_AF_amr_pass","237.97378329523","1.3844369197354665","51.94","-0.1","0.1"
"21:37833285:C>T","NM_001146079.2:c.709G>A","NP_001139551.1:p.Asp237Asn","Unknown significance","null","missense_variant","2/2","null","237","MODERATE","22.5","null","0.00444373","gnomad_AF_nfe_pass","119.93774488168054","0.7497053683869201","52.22","-0.1","0.1"
"21:37833293:C>T","NM_001146079.2:c.701G>A","NP_001139551.1:p.Arg234Lys","Unknown significance","null","missense_variant","2/2","null","234","MODERATE","22.7","null","0.000887091","gnomad_AF_nfe_pass","228.57533219717206","0.8483802176362468","46.68","-0.2","0.2"
"21:37833297:A>T","NM_001146079.2:c.697T>A","NP_001139551.1:p.Tyr233Asn","Unknown significance","null","missense_variant","2/2","null","233","MODERATE","22.9","null","0.00578771","gnomad_AF_amr_pass","213.25979956110777","0.8889094687041874","46.68","-0.6","0.6"
"21:37833300:C>T","NM_001146079.2:c.694G>A","NP_001139551.1:p.Gly232Arg","Pathogenic","Hearing loss, non-syndromic, autosomal recessive","missense_variant","2/2","null","232","MODERATE","25.9","null","0","null","67.1809561680389","0.7046003367018606","42.53","-0.0","0.0"
"21:37833306:G>T","NM_001146079.2:c.688C>A","NP_001139551.1:p.His230Asn","Likely benign","null","missense_variant","2/2","null","230","MODERATE","12.75","null","0.00088494","gnomad_AF_nfe_pass","194.02338237444405","0.9446017083665075","35.24","-0.1","0.1"
"21:37833308:G>A","NM_001146079.2:c.686C>T","NP_001139551.1:p.Thr229Met","Unknown significance","null","missense_variant","2/2","null","229","MODERATE","19.45","null","0.00980072","gnomad_AF_sas_pass","133.47284094826728","0.8483213766542838","33.85","-0.1","0.1"
"21:37833312:C>T","NM_001146079.2:c.682G>A","NP_001139551.1:p.Ala228Thr","Unknown significance","null","missense_variant","2/2","null","228","MODERATE","15.11","null","0.00265355","gnomad_AF_nfe_pass","103.84235282871667","0.8166357839641238","36.99","-0.0","0.0"
"21:37833314:G>A","NM_001146079.2:c.680C>T","NP_001139551.1:p.Ser227Leu","Unknown significance","null","missense_variant","2/2","null","227","MODERATE","24.1","null","0","gnomad_AF_afr_pass,gnomad_AF_amr_pass,gnomad_AF_eas_pass,gnomad_AF_nfe_pass,gnomad_AF_sas_pass","125.98713313881956","0.9135645792157303","32.1","-0.0","0.0"
"21:37833320:A>G","NM_001146079.2:c.674T>C","NP_001139551.1:p.Val225Ala","Likely benign","null","missense_variant","2/2","null","225","MODERATE","8.209","null","0.00616295","gnomad_AF_afr_pass","157.91540829380054","0.9186891026807487","32.37","-0.1","0.1"
"21:37833329:G>A","NM_001146079.2:c.665C>T","NP_001139551.1:p.Ala222Val","Unknown significance","null","missense_variant","2/2","null","222","MODERATE","22.4","null","0.00289235","gnomad_AF_amr_pass","92.04175814534631","0.7238336889808517","36.36","-0.0","0.0"
"21:37833329:G>T","NM_001146079.2:c.665C>A","NP_001139551.1:p.Ala222Asp","Unknown significance","null","missense_variant","2/2","null","222","MODERATE","23.5","null","0.00088358","gnomad_AF_nfe_pass","92.04175814534631","0.7238336889808517","36.36","-0.3","0.3"
"21:37833330:C>A","NM_001146079.2:c.664G>T","NP_001139551.1:p.Ala222Ser","Unknown significance","null","missense_variant","2/2","null","222","MODERATE","19.46","null","0.0112918","gnomad_AF_amr_pass","92.04175814534631","0.7238336889808517","36.36","-0.0","0.0"
"21:37833330:C>T","NM_001146079.2:c.664G>A","NP_001139551.1:p.Ala222Thr","Unknown significance","null","missense_variant","2/2","null","222","MODERATE","21.4","null","0.0280719","gnomad_AF_afr_pass","92.04175814534631","0.7238336889808517","36.36","-0.0","0.0"
"21:37833332:C>T","NM_001146079.2:c.662G>A","NP_001139551.1:p.Arg221Gln","Unknown significance","null","missense_variant","2/2","null","221","MODERATE","22.3","null","0.00353413","gnomad_AF_nfe_pass","239.50762148479586","0.8889565032570249","33.37","-0.1","0.1"
"21:37833333:G>A","NM_001146079.2:c.661C>T","NP_001139551.1:p.Arg221Trp","Unknown significance","null","missense_variant","2/2","null","221","MODERATE","24.6","null","0.00801732","gnomad_AF_afr_pass","239.50762148479586","0.8889565032570249","33.37","0.1","0.1"
"21:37833333:G>C","NM_001146079.2:c.661C>G","NP_001139551.1:p.Arg221Gly","Unknown significance","null","missense_variant","2/2","null","221","MODERATE","22.0","null","0.00578469","gnomad_AF_amr_pass","239.50762148479586","0.8889565032570249","33.37","-0.3","0.3"
"21:37833334:A>C","NM_001146079.2:c.660T>G","NP_001139551.1:p.Asn220Lys","Unknown significance","null","missense_variant","2/2","null","220","MODERATE","18.35","null","0.00289251","gnomad_AF_amr_pass","123.00934360464498","0.7696401380056721","32.77","-0.3","0.3"
"21:37833335:T>C","NM_001146079.2:c.659A>G","NP_001139551.1:p.Asn220Ser","Unknown significance","null","missense_variant","2/2","null","220","MODERATE","19.34","null","0.00289218","gnomad_AF_amr_pass","123.00934360464498","0.7696401380056721","32.77","-0.1","0.1"
"21:37833348:C>A","NM_001146079.2:c.646G>T","NP_001139551.1:p.Ala216Ser","Unknown significance","null","missense_variant","2/2","null","216","MODERATE","18.79","null","0.00543833","gnomad_AF_eas_pass","105.75562768567555","0.8316821371157002","38.97","-0.1","0.1"
"21:37833353:G>A","NM_001146079.2:c.641C>T","NP_001139551.1:p.Pro214Leu","Unknown significance","null","missense_variant","2/2","null","214","MODERATE","19.36","null","0.000882628","gnomad_AF_nfe_pass","124.65480908904618","0.7924648564393642","43.12","-0.2","0.2"
"21:37833357:G>T","NM_001146079.2:c.637C>A","NP_001139551.1:p.Pro213Thr","Likely benign","null","missense_variant","2/2","null","213","MODERATE","11.68","null","0.00615839","gnomad_AF_afr_pass","112.34911641569144","0.7142341884928843","45.8","-0.5","0.5"
"21:37833369:G>C","NM_001146079.2:c.625C>G","NP_001139551.1:p.Pro209Ala","Unknown significance","null","missense_variant","2/2","null","209","MODERATE","11.50","null","0.00088241","gnomad_AF_nfe_pass","148.7756285750229","0.9458075304271746","40.76","-0.1","0.1"
"21:37833369:G>T","NM_001146079.2:c.625C>A","NP_001139551.1:p.Pro209Thr","Unknown significance","null","missense_variant","2/2","null","209","MODERATE","12.85","null","0.00088241","gnomad_AF_nfe_pass","148.7756285750229","0.9458075304271746","40.76","-0.1","0.1"
"21:37833372:C>G","NM_001146079.2:c.622G>C","NP_001139551.1:p.Ala208Pro","Unknown significance","null","missense_variant","2/2","null","208","MODERATE","20.4","null","0.000882535","gnomad_AF_nfe_pass","91.79417965723113","0.7218866852080453","41.32","-0.1","0.1"
"21:37833372:C>T","NM_001146079.2:c.622G>A","NP_001139551.1:p.Ala208Thr","Unknown significance","null","missense_variant","2/2","null","208","MODERATE","19.20","null","0.00846788","gnomad_AF_amr_pass","91.79417965723113","0.7218866852080453","41.32","-0.1","0.1"
"21:37833375:T>G","NM_001146079.2:c.619A>C","NP_001139551.1:p.Thr207Pro","Likely benign","null","missense_variant","2/2","null","207","MODERATE","0.321","null","0","null","142.8351163792196","0.9078257546668893","35.37","0.0","0.0"
"21:37833380:G>A","NM_001146079.2:c.614C>T","NP_001139551.1:p.Ala205Val","Likely benign","null","missense_variant","2/2","null","205","MODERATE","11.31","null","0.0246427","gnomad_AF_afr_pass","97.65301768903385","0.767961688892832","36.03","0.1","0.1"
"21:37833384:T>C","NM_001146079.2:c.610A>G","NP_001139551.1:p.Thr204Ala","Likely benign","null","missense_variant","2/2","null","204","MODERATE","0.227","null","0","gnomad_AF_afr_pass,gnomad_AF_amr_pass,gnomad_AF_eas_pass,gnomad_AF_nfe_pass,gnomad_AF_sas_pass","125.28506075272352","0.796281808770069","37.43","-0.1","0.1"
"21:37833389:G>A","NM_001146079.2:c.605C>T","NP_001139551.1:p.Thr202Met","Likely benign","null","missense_variant","2/2","null","202","MODERATE","11.49","null","0.0947589","gnomad_AF_sas_pass","115.21535179444301","0.73228115286654","40.29","-0.0","0.0"
"21:37833393:T>G","NM_001146079.2:c.601A>C","NP_001139551.1:p.Thr201Pro","Likely benign","null","missense_variant","2/2","null","201","MODERATE","0.931","null","0","null","136.82971207747846","0.8696568447341697","43.92","0.1","0.1"
"21:37833404:G>A","NM_001146079.2:c.590C>T","NP_001139551.1:p.Pro197Leu","Likely benign","null","missense_variant","2/2","null","197","MODERATE","0.056","null","0.00326712","gnomad_AF_sas_pass","111.17397645240425","0.7067635010071147","51.99","0.7","0.7"
"21:37833407:G>A","NM_001146079.2:c.587C>T","NP_001139551.1:p.Ala196Val","Unknown significance","Deafness, autosomal recessive 29","missense_variant","2/2","null","196","MODERATE","11.40","null","0.0815661","gnomad_AF_eas_pass","34.931331018264956","0.27470655386693493","50.11","0.5","0.5"
"21:37833413:T>G","NM_001146079.2:c.581A>C","NP_001139551.1:p.Tyr194Ser","Likely benign","null","missense_variant","2/2","null","194","MODERATE","10.87","null","0","null","192.9699111709344","0.8043371585637183","46.46","-0.6","0.6"
"21:37833414:A>G","NM_001146079.2:c.580T>C","NP_001139551.1:p.Tyr194His","Likely benign","null","missense_variant","2/2","null","194","MODERATE","12.02","null","0.0123138","gnomad_AF_afr_pass","192.9699111709344","0.8043371585637183","46.46","-0.3","0.3"
"21:37833416:G>A","NM_001146079.2:c.578C>T","NP_001139551.1:p.Pro193Leu","Unknown significance","Deafness, autosomal recessive 29","missense_variant","2/2","null","193","MODERATE","15.18","null","0","null","103.04934306309988","0.6551129752108876","47.93","-0.0","0.0"
"21:37833422:T>C","NM_001146079.2:c.572A>G","NP_001139551.1:p.Tyr191Cys","Likely benign","null","missense_variant","2/2","null","191","MODERATE","14.22","null","0.00465578","gnomad_AF_nfe_pass","204.96814532847125","0.8543481966136179","40.84","-0.3","0.3"
"21:37833425:G>A","NM_001146079.2:c.569C>T","NP_001139551.1:p.Pro190Leu","Likely benign","null","missense_variant","2/2","null","190","MODERATE","19.78","null","0.00326712","gnomad_AF_sas_pass","133.87525478274483","0.8510817620073173","46.56","0.0","0.0"
"21:37833426:G>A","NM_001146079.2:c.568C>T","NP_001139551.1:p.Pro190Ser","Unknown significance","null","missense_variant","2/2","null","190","MODERATE","19.81","null","0.00615764","gnomad_AF_afr_pass","133.87525478274483","0.8510817620073173","46.56","0.0","0.0"
"21:37833432:C>T","NM_001146079.2:c.562G>A","NP_001139551.1:p.Glu188Lys","Likely benign","null","missense_variant","2/2","null","188","MODERATE","19.33","null","0.00615915","gnomad_AF_afr_pass","60.81262981295734","0.3114271396372931","55.42","-0.3","0.3"
"21:37833433:G>C","NM_001146079.2:c.561C>G","NP_001139551.1:p.Asp187Glu","Likely benign","null","missense_variant","2/2","null","187","MODERATE","5.298","null","0.0115654","gnomad_AF_amr_pass","103.83972113579912","0.6490800411839337","62.01","0.1","0.1"
"21:37833433:G>T","NM_001146079.2:c.561C>A","NP_001139551.1:p.Asp187Glu","Likely benign","null","missense_variant","2/2","null","187","MODERATE","5.454","null","0.0144567","gnomad_AF_amr_pass","103.83972113579912","0.6490800411839337","62.01","0.1","0.1"
"21:37833435:C>A","NM_001146079.2:c.559G>T","NP_001139551.1:p.Asp187Tyr","Unknown significance","null","missense_variant","2/2","null","187","MODERATE","22.5","null","0.0761401","gnomad_AF_afr_pass","103.83972113579912","0.6490800411839337","62.01","0.6","0.6"
"21:37833438:G>C","NM_001146079.2:c.556C>G","NP_001139551.1:p.Gln186Glu","Unknown significance","null","missense_variant","2/2","null","186","MODERATE","16.80","null","0.00326691","gnomad_AF_sas_pass","131.40364393923636","0.664488062247942","71.68","-0.2","0.2"
"21:37833443:G>A","NM_001146079.2:c.551C>T","NP_001139551.1:p.Ser184Phe","Unknown significance","null","missense_variant","2/2","null","184","MODERATE","25.9","null","0","null","0.05080023262838196","3.683653400865362E-4","86.37","1.8","1.8"
"21:37833455:A>G","NM_001146079.2:c.539T>C","NP_001139551.1:p.Leu180Pro","Unknown significance","null","missense_variant","2/2","null","180","MODERATE","27.6","null","0.000881539","gnomad_AF_nfe_pass","32.7476600823985","0.16980788809279826","94.67","-3.6","3.6"
"21:37833459:T>C","NM_001146079.2:c.535A>G","NP_001139551.1:p.Thr179Ala","Unknown significance","Deafness, autosomal recessive 29","missense_variant","2/2","null","179","MODERATE","17.37","null","0.00264658","gnomad_AF_nfe_pass","61.51636124126243","0.3909832433639185","95.89","0.1","0.1"
"21:37833459:T>G","NM_001146079.2:c.535A>C","NP_001139551.1:p.Thr179Pro","Unknown significance","null","missense_variant","2/2","null","179","MODERATE","22.8","null","0","null","61.51636124126243","0.3909832433639185","95.89","-0.6","0.6"
"21:37833468:T>C","NM_001146079.2:c.526A>G","NP_001139551.1:p.Ile176Val","Unknown significance","null","missense_variant","2/2","null","176","MODERATE","17.57","null","0.000882332","gnomad_AF_nfe_pass","100.08590157014048","0.5102291734476065","97.72","-0.2","0.2"
"21:37833471:G>A","NM_001146079.2:c.523C>T","NP_001139551.1:p.Leu175Phe","Likely benign","null","missense_variant","2/2","null","175","MODERATE","21.3","null","0.000882862","gnomad_AF_nfe_pass","37.04770435869511","0.1921050975858184","98.11","-0.3","0.3"
"21:37833473:G>A","NM_001146079.2:c.521C>T","NP_001139551.1:p.Ser174Leu","Unknown significance","null","missense_variant","2/2","null","174","MODERATE","23.4","null","0.00801667","gnomad_AF_afr_pass","0.01352078449387224","9.80426293469249E-5","97.62","3.9","3.9"
"21:37833482:G>A","NM_001146079.2:c.512C>T","NP_001139551.1:p.Ser171Leu","Unknown significance","null","missense_variant","2/2","null","171","MODERATE","24.5","null","0.00543715","gnomad_AF_eas_pass","0.0","0.0","97.72","2.3","2.3"
"21:37833483:A>G","NM_001146079.2:c.511T>C","NP_001139551.1:p.Ser171Pro","Unknown significance","null","missense_variant","2/2","null","171","MODERATE","24.6","null","0.00648593","gnomad_AF_nfe_pass","0.0","0.0","97.72","-0.5","0.5"
"21:37833489:T>C","NM_001146079.2:c.505A>G","NP_001139551.1:p.Ile169Val","Likely benign","null","missense_variant","2/2","null","169","MODERATE","16.05","null","0.000886038","gnomad_AF_nfe_pass","112.04052343743692","0.5711727902661524","98.1","-0.0","0.0"
"21:37833495:C>T","NM_001146079.2:c.499G>A","NP_001139551.1:p.Gly167Ser","Unknown significance","null","missense_variant","2/2","null","167","MODERATE","28.8","null","0","null","0.0","0.0","97.37","-0.2","0.2"
"21:37833500:T>C","NM_001146079.2:c.494A>G","NP_001139551.1:p.Tyr165Cys","Unknown significance","null","missense_variant","2/2","null","165","MODERATE","28.5","null","0.0115022","gnomad_AF_afr_pass","130.01984064358484","0.5419486828054287","96.39","-1.0","1.0"
"21:37833500:T>G","NM_001146079.2:c.494A>C","NP_001139551.1:p.Tyr165Ser","Unknown significance","null","missense_variant","2/2","null","165","MODERATE","28.0","null","0","null","130.01984064358484","0.5419486828054287","96.39","-1.5","1.5"
"21:37833501:A>T","NM_001146079.2:c.493T>A","NP_001139551.1:p.Tyr165Asn","Unknown significance","null","missense_variant","2/2","null","165","MODERATE","28.3","null","0.000889917","gnomad_AF_nfe_pass","130.01984064358484","0.5419486828054287","96.39","-1.6","1.6"
"21:37833503:A>G","NM_001146079.2:c.491T>C","NP_001139551.1:p.Leu164Pro","Unknown significance","null","missense_variant","2/2","null","164","MODERATE","27.2","null","0.00089044","gnomad_AF_nfe_pass","0.0","0.0","94.85","-4.0","4.0"
"21:37833506:G>A","NM_001146079.2:c.488C>T","NP_001139551.1:p.Ala163Val","Pathogenic","Hearing loss","missense_variant","2/2","null","163","MODERATE","26.5","null","0.0611113","gnomad_AF_nfe_pass","0.0","0.0","95.23","0.4","0.4"
"21:37833515:A>G","NM_001146079.2:c.479T>C","NP_001139551.1:p.Ile160Thr","Unknown significance","null","missense_variant","2/2","null","160","MODERATE","26.0","null","0.00326648","gnomad_AF_sas_pass","49.806492208698344","0.2539091415803404","91.02","-1.4","1.4"
"21:37833531:C>T","NM_001146079.2:c.463G>A","NP_001139551.1:p.Gly155Ser","Likely benign","null","missense_variant","2/2","null","155","MODERATE","10.94","null","0.0200594","gnomad_AF_afr_pass","16.859548899920284","0.17682457215720343","67.25","0.5","0.5"
"21:37833542:A>G","NM_001146079.2:c.452T>C","NP_001139551.1:p.Leu151Pro","Unknown significance","null","missense_variant","2/2","null","151","MODERATE","25.1","null","0.000903114","gnomad_AF_nfe_pass","177.7615899191584","0.9217550228700041","81.36","-0.2","0.2"
"21:37833545:G>A","NM_001146079.2:c.449C>T","NP_001139551.1:p.Pro150Leu","Unknown significance","null","missense_variant","2/2","null","150","MODERATE","28.9","null","0","null","128.68917412478675","0.8181124229651635","80.6","-0.1","0.1"
"21:37833553:G>T","NM_001146079.2:c.441C>A","NP_001139551.1:p.Phe147Leu","Unknown significance","null","missense_variant","2/2","null","147","MODERATE","25.2","null","0.00618276","gnomad_AF_afr_pass","49.64269126358573","0.2160722923008255","85.39","-0.9","0.9"
"21:37833564:C>T","NM_001146079.2:c.430G>A","NP_001139551.1:p.Val144Met","Unknown significance","null","missense_variant","2/2","null","144","MODERATE","26.6","null","0.00726586","gnomad_AF_nfe_pass","60.752823597168906","0.3534357894447215","90.92","-0.3","0.3"
"21:37833567:C>G","NM_001146079.2:c.427G>C","NP_001139551.1:p.Val143Leu","Unknown significance","null","missense_variant","2/2","null","143","MODERATE","25.9","null","0","gnomad_AF_afr_pass,gnomad_AF_amr_pass,gnomad_AF_eas_pass,gnomad_AF_nfe_pass,gnomad_AF_sas_pass","0.4708105407108917","0.002738988663940955","89.96","-0.3","0.3"
"21:37833567:C>T","NM_001146079.2:c.427G>A","NP_001139551.1:p.Val143Met","Pathogenic","Vein of Galen malformation","missense_variant","2/2","null","143","MODERATE","26.8","null","0.00619348","gnomad_AF_afr_pass","0.4708105407108917","0.002738988663940955","89.96","-0.9","0.9"
"21:37833568:G>T","NM_001146079.2:c.426C>A","NP_001139551.1:p.Asp142Glu","Unknown significance","null","missense_variant","2/2","null","142","MODERATE","16.13","null","0","null","16.468250516139523","0.10293953610742156","91.27","0.3","0.3"
"21:37833570:C>T","NM_001146079.2:c.424G>A","NP_001139551.1:p.Asp142Asn","Unknown significance","null","missense_variant","2/2","null","142","MODERATE","24.3","null","0.0169511","gnomad_AF_amr_pass","16.468250516139523","0.10293953610742156","91.27","0.5","0.5"
"21:37833571:G>T","NM_001146079.2:c.423C>A","NP_001139551.1:p.Asn141Lys","Unknown significance","null","missense_variant","2/2","null","141","MODERATE","21.9","null","0.0261472","gnomad_AF_sas_pass","58.54332404521756","0.36629162205992466","94.23","-0.2","0.2"
"21:37833572:T>G","NM_001146079.2:c.422A>C","NP_001139551.1:p.Asn141Thr","Unknown significance","null","missense_variant","2/2","null","141","MODERATE","25.5","null","0.00544366","gnomad_AF_eas_pass","58.54332404521756","0.36629162205992466","94.23","0.3","0.3"
"21:37833575:G>A","NM_001146079.2:c.419C>T","NP_001139551.1:p.Thr140Ile","Unknown significance","null","missense_variant","2/2","null","140","MODERATE","22.3","null","0.0130727","gnomad_AF_sas_pass","17.83086985679602","0.11332873381876524","94.0","1.2","1.2"
"21:37833584:G>A","NM_001146079.2:c.410C>T","NP_001139551.1:p.Ser137Phe","Unknown significance","null","missense_variant","2/2","null","137","MODERATE","28.4","null","0.000911411","gnomad_AF_nfe_pass","41.00740460613788","0.29735506634996495","96.17","1.3","1.3"
"21:37833588:C>G","NM_001146079.2:c.406G>C","NP_001139551.1:p.Val136Leu","Unknown significance","null","missense_variant","2/2","null","136","MODERATE","24.3","null","0.0124023","gnomad_AF_afr_pass","0.0","0.0","96.15","-0.4","0.4"
"21:37833588:C>T","NM_001146079.2:c.406G>A","NP_001139551.1:p.Val136Ile","Unknown significance","null","missense_variant","2/2","null","136","MODERATE","24.3","null","0.475155","gnomad_AF_afr_pass","0.0","0.0","96.15","-0.2","0.2"
"21:37833591:C>A","NM_001146079.2:c.403G>T","NP_001139551.1:p.Ala135Ser","Unknown significance","null","missense_variant","2/2","null","135","MODERATE","23.6","null","0.000912142","gnomad_AF_nfe_pass","0.0","0.0","95.71","-1.4","1.4"
"21:37833593:A>G","NM_001146079.2:c.401T>C","NP_001139551.1:p.Val134Ala","Unknown significance","null","missense_variant","2/2","null","134","MODERATE","20.9","null","0.014476","gnomad_AF_amr_pass","87.43615401139286","0.5086688040038188","97.18","-1.1","1.1"
"21:37833597:T>C","NM_001146079.2:c.397A>G","NP_001139551.1:p.Met133Val","Likely benign","null","missense_variant","2/2","null","133","MODERATE","18.47","null","0.000911727","gnomad_AF_nfe_pass","53.35146706386219","0.24638933887112446","97.54","0.4","0.4"
"21:37833602:A>G","NM_001146079.2:c.392T>C","NP_001139551.1:p.Leu131Pro","Unknown significance","null","missense_variant","2/2","null","131","MODERATE","25.7","null","0.00620732","gnomad_AF_afr_pass","30.611206574209554","0.1587296413624614","97.62","-3.2","3.2"
"21:37833609:C>T","NM_001146079.2:c.385G>A","NP_001139551.1:p.Gly129Ser","Unknown significance","null","missense_variant","2/2","null","129","MODERATE","28.5","null","0.0144793","gnomad_AF_amr_pass","0.0","0.0","97.96","-0.1","0.1"
"21:37833611:G>A","NM_001146079.2:c.383C>T","NP_001139551.1:p.Ala128Val","Unknown significance","null","missense_variant","2/2","null","128","MODERATE","27.7","null","0","null","0.0","0.0","97.91","0.7","0.7"
"21:37833614:A>G","NM_001146079.2:c.380T>C","NP_001139551.1:p.Leu127Pro","Unknown significance","null","missense_variant","2/2","null","127","MODERATE","25.7","null","0.00620732","gnomad_AF_afr_pass","95.68527983843983","0.49616110739060276","97.78","-2.0","2.0"
"21:37833616:G>C","NM_001146079.2:c.378C>G","NP_001139551.1:p.Ile126Met","Unknown significance","Deafness, autosomal recessive 29","missense_variant","2/2","null","126","MODERATE","12.26","null","0","null","40.27264516488772","0.205306423109244","98.12","-0.9","0.9"
"21:37833627:T>C","NM_001146079.2:c.367A>G","NP_001139551.1:p.Thr123Ala","Likely benign","null","missense_variant","2/2","null","123","MODERATE","0.011","null","0.0114969","gnomad_AF_afr_pass","62.90388493172403","0.3998020112785764","96.38","0.0","0.0"
"21:37833627:T>G","NM_001146079.2:c.367A>C","NP_001139551.1:p.Thr123Pro","Likely benign","null","missense_variant","2/2","null","123","MODERATE","5.309","null","0","null","62.90388493172403","0.3998020112785764","96.38","-0.6","0.6"
"21:37833630:C>T","NM_001146079.2:c.364G>A","NP_001139551.1:p.Gly122Ser","Unknown significance","null","missense_variant","2/2","null","122","MODERATE","23.9","null","0.00730714","gnomad_AF_nfe_pass","0.0","0.0","96.11","-0.4","0.4"
"21:37833633:C>T","NM_001146079.2:c.361G>A","NP_001139551.1:p.Gly121Ser","Unknown significance","null","missense_variant","2/2","null","121","MODERATE","23.9","null","0.0111987","gnomad_AF_nfe_pass","0.0","0.0","95.33","0.6","0.6"
"21:37833642:C>G","NM_001146079.2:c.352G>C","NP_001139551.1:p.Ala118Pro","Unknown significance","null","missense_variant","2/2","null","118","MODERATE","23.9","null","0.0201402","gnomad_AF_afr_pass","1.887528466641767","0.014843878698059827","89.9","-1.1","1.1"
"21:37833642:C>T","NM_001146079.2:c.352G>A","NP_001139551.1:p.Ala118Thr","Unknown significance","null","missense_variant","2/2","null","118","MODERATE","23.9","null","0.00653552","gnomad_AF_sas_pass","1.887528466641767","0.014843878698059827","89.9","-0.2","0.2"
"21:37833647:G>A","NM_001146079.2:c.347C>T","NP_001139551.1:p.Thr116Ile","Likely benign","null","missense_variant","2/2","null","116","MODERATE","7.991","null","0","null","88.41176817910471","0.5619240016267232","89.57","0.4","0.4"
"21:37833647:G>T","NM_001146079.2:c.347C>A","NP_001139551.1:p.Thr116Asn","Likely benign","null","missense_variant","2/2","null","116","MODERATE","4.454","null","0.000910548","gnomad_AF_nfe_pass","88.41176817910471","0.5619240016267232","89.57","-0.2","0.2"
"21:37833648:T>G","NM_001146079.2:c.346A>C","NP_001139551.1:p.Thr116Pro","Likely benign","null","missense_variant","2/2","null","116","MODERATE","4.021","null","0","null","88.41176817910471","0.5619240016267232","89.57","-0.3","0.3"
"21:37833652:C>A","NM_001146079.2:c.342G>T","NP_001139551.1:p.Lys114Asn","Unknown significance","null","missense_variant","2/2","null","114","MODERATE","24.4","null","0","null","23.18865185498503","0.09796032488128233","85.36","0.1","0.1"
"21:37833657:C>G","NM_001146079.2:c.337G>C","NP_001139551.1:p.Ala113Pro","Likely pathogenic","Vein of Galen malformation, choroidal","missense_variant","2/2","null","113","MODERATE","23.2","null","0.021796","gnomad_AF_eas_pass","41.89686711850479","0.32948483921002963","84.33","-0.2","0.2"
"21:37833657:C>T","NM_001146079.2:c.337G>A","NP_001139551.1:p.Ala113Thr","Unknown significance","null","missense_variant","2/2","null","113","MODERATE","17.26","null","0.0124316","gnomad_AF_afr_pass","41.89686711850479","0.32948483921002963","84.33","0.3","0.3"
"21:37833659:G>A","NM_001146079.2:c.335C>T","NP_001139551.1:p.Pro112Leu","Likely benign","null","missense_variant","2/2","null","112","MODERATE","18.30","null","0.00182365","gnomad_AF_nfe_pass","137.328204728042","0.8730331131239643","79.55","0.1","0.1"
"21:37833659:G>T","NM_001146079.2:c.335C>A","NP_001139551.1:p.Pro112His","Likely benign","null","missense_variant","2/2","null","112","MODERATE","22.3","null","0.000911826","gnomad_AF_nfe_pass","137.328204728042","0.8730331131239643","79.55","0.1","0.1"
"21:37833660:G>A","NM_001146079.2:c.334C>T","NP_001139551.1:p.Pro112Ser","Likely benign","null","missense_variant","2/2","null","112","MODERATE","5.597","null","0.0114837","gnomad_AF_afr_pass","137.328204728042","0.8730331131239643","79.55","0.0","0.0"
"21:37833663:T>A","NM_001146079.2:c.331A>T","NP_001139551.1:p.Thr111Ser","Unknown significance","null","missense_variant","2/2","null","111","MODERATE","12.60","null","0.000915617","gnomad_AF_nfe_pass","69.56728770929215","0.4421530017670421","79.24","-0.2","0.2"
"21:37833671:G>A","NM_001146079.2:c.323C>T","NP_001139551.1:p.Ala108Val","Unknown significance","null","missense_variant","2/2","null","108","MODERATE","23.8","null","0.000914629","gnomad_AF_nfe_pass","28.053725451248884","0.2206197707671687","65.31","0.8","0.8"
"21:37833672:C>T","NM_001146079.2:c.322G>A","NP_001139551.1:p.Ala108Thr","Unknown significance","null","missense_variant","2/2","null","108","MODERATE","23.9","null","0.00182976","gnomad_AF_nfe_pass","28.053725451248884","0.2206197707671687","65.31","0.2","0.2"
"21:37833677:C>T","NM_001146079.2:c.317G>A","NP_001139551.1:p.Arg106His","Unknown significance","null","missense_variant","2/2","null","106","MODERATE","19.70","null","0.000912043","gnomad_AF_nfe_pass","233.1217046548527","0.8652545339416274","75.88","0.0","0.0"
"21:37833678:G>A","NM_001146079.2:c.316C>T","NP_001139551.1:p.Arg106Cys","Unknown significance","null","missense_variant","2/2","null","106","MODERATE","23.3","null","0.07665","gnomad_AF_afr_pass","233.1217046548527","0.8652545339416274","75.88","0.1","0.1"
"21:37833680:G>A","NM_001146079.2:c.314C>T","NP_001139551.1:p.Thr105Met","Unknown significance","null","missense_variant","2/2","null","105","MODERATE","25.6","null","0.00502664","gnomad_AF_eas_pass","29.446129588039184","0.18715253988598138","81.63","0.3","0.3"
"21:37833683:C>T","NM_001146079.2:c.311G>A","NP_001139551.1:p.Cys104Tyr","Unknown significance","null","missense_variant","2/2","null","104","MODERATE","25.8","null","0","null","128.97926140737343","0.8346659056010197","78.61","-0.2","0.2"
"21:37833693:C>T","NM_001146079.2:c.301G>A","NP_001139551.1:p.Gly101Arg","Likely pathogenic","Deafness, autosomal recessive","missense_variant","2/2","null","101","MODERATE","25.1","null","0.00806062","gnomad_AF_afr_pass","3.243453679715749","0.03401765448363546","86.73","0.0","0.0"
"21:37833695:A>G","NM_001146079.2:c.299T>C","NP_001139551.1:p.Ile100Thr","Unknown significance","null","missense_variant","2/2","null","100","MODERATE","16.17","null","0.0784365","gnomad_AF_sas_pass","36.02304980607911","0.18364235760754918","90.87","-2.0","2.0"
"21:37833698:A>T","NM_001146079.2:c.296T>A","NP_001139551.1:p.Val99Asp","Unknown significance","null","missense_variant","2/2","null","99","MODERATE","22.4","null","0.00545732","gnomad_AF_eas_pass","59.26426828093887","0.3447759660460208","92.97","-2.8","2.8"
"21:37833699:C>T","NM_001146079.2:c.295G>A","NP_001139551.1:p.Val99Ile","Unknown significance","Deafness, autosomal recessive 29","missense_variant","2/2","null","99","MODERATE","16.80","null","0.030175","gnomad_AF_eas_pass","59.26426828093887","0.3447759660460208","92.97","0.2","0.2"
"21:37833702:C>T","NM_001146079.2:c.292G>A","NP_001139551.1:p.Ala98Thr","Unknown significance","null","missense_variant","2/2","null","98","MODERATE","16.29","null","0.0228788","gnomad_AF_sas_pass","0.0","0.0","93.38","-0.6","0.6"
"21:37833707:G>A","NM_001146079.2:c.287C>T","NP_001139551.1:p.Ala96Val","Likely benign","null","missense_variant","2/2","null","96","MODERATE","10.02","null","0.00326755","gnomad_AF_sas_pass","59.40387146028526","0.46716321249472614","95.23","1.2","1.2"
"21:37833708:C>T","NM_001146079.2:c.286G>A","NP_001139551.1:p.Ala96Thr","Likely benign","null","missense_variant","2/2","null","96","MODERATE","15.27","null","0.00545613","gnomad_AF_eas_pass","59.40387146028526","0.46716321249472614","95.23","-0.1","0.1"
"21:37833711:A>G","NM_001146079.2:c.283T>C","NP_001139551.1:p.Cys95Arg","Unknown significance","null","missense_variant","2/2","null","95","MODERATE","22.6","null","0.0008967","gnomad_AF_nfe_pass","17.056737474908928","0.11037958409552372","96.63","-1.0","1.0"
"21:37833713:G>A","NM_001146079.2:c.281C>T","NP_001139551.1:p.Ala94Val","Pathogenic","Deafness, autosomal recessive","missense_variant","2/2","null","94","MODERATE","24.2","null","0","null","0.0","0.0","97.08","0.9","0.9"
"21:37833714:C>G","NM_001146079.2:c.280G>C","NP_001139551.1:p.Ala94Pro","Unknown significance","null","missense_variant","2/2","null","94","MODERATE","24.6","null","0.000895945","gnomad_AF_nfe_pass","0.0","0.0","97.08","-1.8","1.8"
"21:37833714:C>T","NM_001146079.2:c.280G>A","NP_001139551.1:p.Ala94Thr","Unknown significance","null","missense_variant","2/2","null","94","MODERATE","24.6","null","0.00648424","gnomad_AF_nfe_pass","0.0","0.0","97.08","-0.9","0.9"
"21:37833717:T>A","NM_001146079.2:c.277A>T","NP_001139551.1:p.Ile93Leu","Likely benign","null","missense_variant","2/2","null","93","MODERATE","0.007","null","0.00089423","gnomad_AF_nfe_pass","105.85590052549571","0.5396441235214816","97.43","0.0","0.0"
"21:37833717:T>G","NM_001146079.2:c.277A>C","NP_001139551.1:p.Ile93Leu","Likely benign","null","missense_variant","2/2","null","93","MODERATE","0.006","null","0.00289536","gnomad_AF_amr_pass","105.85590052549571","0.5396441235214816","97.43","0.0","0.0"
"21:37833722:G>A","NM_001146079.2:c.272C>T","NP_001139551.1:p.Ser91Leu","Unknown significance","null","missense_variant","2/2","null","91","MODERATE","23.9","null","0.00289469","gnomad_AF_amr_pass","0.014714083842267682","1.0669554484659019E-4","97.1","2.9","2.9"
"21:37833726:G>A","NM_001146079.2:c.268C>T","NP_001139551.1:p.Leu90Phe","Likely benign","null","missense_variant","2/2","null","90","MODERATE","20.4","null","0.00545019","gnomad_AF_eas_pass","30.78207865297251","0.1596156718988648","97.39","-0.5","0.5"
"21:37833726:G>C","NM_001146079.2:c.268C>G","NP_001139551.1:p.Leu90Val","Likely benign","null","missense_variant","2/2","null","90","MODERATE","16.44","null","0.00326669","gnomad_AF_sas_pass","30.78207865297251","0.1596156718988648","97.39","-0.6","0.6"
"21:37833732:A>G","NM_001146079.2:c.262T>C","NP_001139551.1:p.Cys88Arg","Unknown significance","Deafness, autosomal recessive 29","missense_variant","2/2","null","88","MODERATE","25.9","null","0.000891281","gnomad_AF_nfe_pass","9.28673093205969","0.06009739549522246","97.0","-1.2","1.2"
"21:37833734:G>C","NM_001146079.2:c.260C>G","NP_001139551.1:p.Ser87Cys","Unknown significance","null","missense_variant","2/2","null","87","MODERATE","27.0","null","0.000891202","gnomad_AF_nfe_pass","0.002214563031704632","1.605835686392467E-5","97.26","1.3","1.3"
"21:37833734:GA>AT","NM_001146079.2:c.259_260delinsAT","NP_001139551.1:p.Ser87Ile","Pathogenic","Deafness, autosomal recessive","missense_variant","2/2","null","87","MODERATE","27.5","null","0","null","0.002214563031704632","1.605835686392467E-5","97.26","2.0","2.0"
"21:37833740:A>G","NM_001146079.2:c.254T>C","NP_001139551.1:p.Val85Ala","Unknown significance","null","missense_variant","2/2","null","85","MODERATE","25.9","null","0.00289436","gnomad_AF_amr_pass","57.116593343981464","0.3322816465745953","96.34","-1.5","1.5"
"21:37833740:A>T","NM_001146079.2:c.254T>A","NP_001139551.1:p.Val85Asp","Pathogenic","Deafness, autosomal recessive","missense_variant","2/2","null","85","MODERATE","27.3","null","0.0163345","gnomad_AF_sas_pass","57.116593343981464","0.3322816465745953","96.34","-2.8","2.8"
"21:37833741:C>A","NM_001146079.2:c.253G>T","NP_001139551.1:p.Val85Phe","Unknown significance","null","missense_variant","2/2","null","85","MODERATE","26.9","null","0.00156629","gnomad_AF_nfe_pass","57.116593343981464","0.3322816465745953","96.34","-0.3","0.3"
"21:37833742:C>T","NM_001146079.2:c.252G>A","NP_001139551.1:p.Met84Ile","Unknown significance","null","missense_variant","2/2","null","84","MODERATE","26.7","null","0.00326669","gnomad_AF_sas_pass","0.0","0.0","96.43","0.5","0.5"
"21:37833750:C>T","NM_001146079.2:c.244G>A","NP_001139551.1:p.Ala82Thr","Unknown significance","null","missense_variant","2/2","null","82","MODERATE","26.0","null","0.00289519","gnomad_AF_amr_pass","56.71394862412649","0.44600915363270427","93.57","-0.4","0.4"
"21:37833752:C>A","NM_001146079.2:c.242G>T","NP_001139551.1:p.Arg81Leu","Unknown significance","null","missense_variant","2/2","null","81","MODERATE","25.7","null","0","null","12.300704322628654","0.04565529495242676","92.48","1.3","1.3"
"21:37833752:C>T","NM_001146079.2:c.242G>A","NP_001139551.1:p.Arg81His","Pathogenic","Hearing loss, non-syndromic, autosomal recessive","missense_variant","2/2","null","81","MODERATE","25.9","null","0.00622743","gnomad_AF_afr_pass","12.300704322628654","0.04565529495242676","92.48","-0.3","0.3"
"21:37833753:G>A","NM_001146079.2:c.241C>T","NP_001139551.1:p.Arg81Cys","Pathogenic","Hearing loss","missense_variant","2/2","null","81","MODERATE","25.6","null","0.0121026","gnomad_AF_afr_pass","12.300704322628654","0.04565529495242676","92.48","-0.4","0.4"
"21:37833755:G>A","NM_001146079.2:c.239C>T","NP_001139551.1:p.Ala80Val","Unknown significance","null","missense_variant","2/2","null","80","MODERATE","25.8","null","0.000889632","gnomad_AF_nfe_pass","0.09965405574844209","7.836982283670705E-4","92.6","1.5","1.5"
"21:37833760:C>G","NM_001146079.2:c.234G>C","NP_001139551.1:p.Gln78His","Unknown significance","null","missense_variant","2/2","null","78","MODERATE","24.3","null","0.000888462","gnomad_AF_nfe_pass","101.99558983450032","0.5157760455889903","89.84","0.0","0.0"
"21:37833767:T>C","NM_001146079.2:c.227A>G","NP_001139551.1:p.Asp76Gly","Unknown significance","null","missense_variant","2/2","null","76","MODERATE","24.8","null","0.0230203","gnomad_AF_afr_pass","25.935031208599106","0.16211437146454896","83.66","-0.4","0.4"
"21:37833767:T>G","NM_001146079.2:c.227A>C","NP_001139551.1:p.Asp76Ala","Unknown significance","null","missense_variant","2/2","null","76","MODERATE","24.1","null","0.0109027","gnomad_AF_eas_pass","25.935031208599106","0.16211437146454896","83.66","0.5","0.5"
"21:37833768:C>T","NM_001146079.2:c.226G>A","NP_001139551.1:p.Asp76Asn","Unknown significance","null","missense_variant","2/2","null","76","MODERATE","26.3","null","0.00545137","gnomad_AF_eas_pass","25.935031208599106","0.16211437146454896","83.66","0.3","0.3"
"21:37833773:G>A","NM_001146079.2:c.221C>T","NP_001139551.1:p.Pro74Leu","Unknown significance","null","missense_variant","2/2","null","74","MODERATE","25.6","null","0.0015623","gnomad_AF_nfe_pass","71.8707218104575","0.4569019170454331","80.46","-0.0","0.0"
"21:37833773:G>C","NM_001146079.2:c.221C>G","NP_001139551.1:p.Pro74Arg","Unknown significance","null","missense_variant","2/2","null","74","MODERATE","24.9","null","0.00177617","gnomad_AF_nfe_pass","71.8707218104575","0.4569019170454331","80.46","-0.2","0.2"
"21:37833773:G>T","NM_001146079.2:c.221C>A","NP_001139551.1:p.Pro74His","Unknown significance","null","missense_variant","2/2","null","74","MODERATE","25.2","null","0","null","71.8707218104575","0.4569019170454331","80.46","-0.2","0.2"
"21:37833774:G>A","NM_001146079.2:c.220C>T","NP_001139551.1:p.Pro74Ser","Unknown significance","null","missense_variant","2/2","null","74","MODERATE","24.3","null","0.000888636","gnomad_AF_nfe_pass","71.8707218104575","0.4569019170454331","80.46","-0.5","0.5"
"21:37833776:A>T","NM_001146079.2:c.218T>A","NP_001139551.1:p.Leu73Gln","Unknown significance","null","missense_variant","2/2","null","73","MODERATE","26.1","null","0.00326712","gnomad_AF_sas_pass","6.887896980261182","0.03571611640880477","77.23","-2.3","2.3"
"21:37833779:G>A","NM_001146079.2:c.215C>T","NP_001139551.1:p.Ala72Val","Unknown significance","null","missense_variant","2/2","null","72","MODERATE","24.2","null","0.0226091","gnomad_AF_amr_pass","96.13227327128227","0.756002268906961","70.81","0.2","0.2"
"21:37833785:A>C","NM_001146079.2:c.209T>G","NP_001139551.1:p.Leu70Arg","Unknown significance","null","missense_variant","2/2","null","70","MODERATE","25.2","null","0.00326691","gnomad_AF_sas_pass","131.85053082519684","0.6836903805342431","65.78","-0.4","0.4"
"21:37833786:G>C","NM_001146079.2:c.208C>G","NP_001139551.1:p.Leu70Val","Unknown significance","null","missense_variant","2/2","null","70","MODERATE","22.9","null","0.009802","gnomad_AF_sas_pass","131.85053082519684","0.6836903805342431","65.78","-0.1","0.1"
"21:37833791:C>T","NM_001146079.2:c.203G>A","NP_001139551.1:p.Arg68Gln","Unknown significance","null","missense_variant","2/2","null","68","MODERATE","22.8","null","0.0035536","gnomad_AF_nfe_pass","234.33146714824755","0.8697446884896658","74.58","-0.1","0.1"
"21:37833803:C>T","NM_001146079.2:c.191G>A","NP_001139551.1:p.Cys64Tyr","Likely pathogenic","Deafness, autosomal recessive 29","missense_variant","2/2","null","64","MODERATE","28.2","Claudin&_conserved_site&Claudin&_conserved_site&Claudin&_conserved_site&Claudin&_conserved_site&Claudin&_conserved_site","0","null","79.27040065353096","0.5129840257020779","92.42","-1.3","1.3"
"21:37833805:C>G","NM_001146079.2:c.189G>C","NP_001139551.1:p.Gln63His","Unknown significance","null","missense_variant","2/2","null","63","MODERATE","25.3","Claudin&_conserved_site&Claudin&_conserved_site&Claudin&_conserved_site&Claudin&_conserved_site&Claudin&_conserved_site","0.00326819","gnomad_AF_sas_pass","94.97157201386246","0.480256665373104","91.25","0.1","0.1"
"21:37833809:T>C","NM_001146079.2:c.185A>G","NP_001139551.1:p.Tyr62Cys","Unknown significance","null","missense_variant","2/2","null","62","MODERATE","25.8","Claudin&_conserved_site&Claudin&_conserved_site&Claudin&_conserved_site&Claudin&_conserved_site&Claudin&_conserved_site","0.0890876","gnomad_AF_nfe_pass","98.94968217570687","0.41244205233369535","90.53","-0.4","0.4"
"21:37833813:T>A","NM_001146079.2:c.181A>T","NP_001139551.1:p.Ile61Phe","Unknown significance","null","missense_variant","2/2","null","61","MODERATE","23.8","Claudin&_conserved_site&Claudin&_conserved_site&Claudin&_conserved_site&Claudin&_conserved_site&Claudin&_conserved_site","0.0057924","gnomad_AF_amr_pass","117.46199503955887","0.598810978372814","88.58","-0.0","0.0"
"21:37833823:G>T","NM_001146079.2:c.171C>A","NP_001139551.1:p.His57Gln","Unknown significance","null","missense_variant","2/2","null","57","MODERATE","16.87","Claudin&_conserved_site&Claudin&_conserved_site&Claudin&_conserved_site&Claudin&_conserved_site&Claudin&_conserved_site","0.00579441","gnomad_AF_amr_pass","42.47294630156699","0.20677929198446732","85.38","-0.2","0.2"
"21:37833825:G>A","NM_001146079.2:c.169C>T","NP_001139551.1:p.His57Tyr","Unknown significance","null","missense_variant","2/2","null","57","MODERATE","14.71","Claudin&_conserved_site&Claudin&_conserved_site&Claudin&_conserved_site&Claudin&_conserved_site&Claudin&_conserved_site","0.00177626","gnomad_AF_nfe_pass","42.47294630156699","0.20677929198446732","85.38","0.6","0.6"
"21:37833830:A>G","NM_001146079.2:c.164T>C","NP_001139551.1:p.Val55Ala","Unknown significance","null","missense_variant","2/2","null","55","MODERATE","16.19","Claudin&_conserved_site&Claudin&_conserved_site&Claudin&_conserved_site&Claudin&_conserved_site&Claudin&_conserved_site","0.000781152","gnomad_AF_nfe_pass","20.19891993086651","0.11750929074561077","89.86","-1.3","1.3"
"21:37833838:C>T","NM_001146079.2:c.156G>A","NP_001139551.1:p.Met52Ile","Unknown significance","null","missense_variant","2/2","null","52","MODERATE","24.5","Claudin&_conserved_site&Claudin&_conserved_site&Claudin&_conserved_site&Claudin&_conserved_site&Claudin&_conserved_site","0.0062135","gnomad_AF_afr_pass","45.98912327096417","0.2123883428441044","90.84","-0.1","0.1"
"21:37833851:T>C","NM_001146079.2:c.143A>G","NP_001139551.1:p.Lys48Arg","Unknown significance","null","missense_variant","2/2","null","48","MODERATE","19.96","null","0.0229938","gnomad_AF_afr_pass","61.17036770429029","0.25841386256060317","90.5","0.8","0.8"
"21:37833860:G>A","NM_001146079.2:c.134C>T","NP_001139551.1:p.Ser45Phe","Unknown significance","null","missense_variant","2/2","null","45","MODERATE","19.43","null","0.00470234","gnomad_AF_nfe_pass","15.26530636109232","0.11069259879899179","83.65","1.5","1.5"
"21:37833864:C>T","NM_001146079.2:c.130G>A","NP_001139551.1:p.Val44Met","Unknown significance","null","missense_variant","2/2","null","44","MODERATE","23.9","null","0.00863911","gnomad_AF_nfe_pass","40.14705361298088","0.23355960673809217","81.5","-0.1","0.1"
"21:37833869:G>A","NM_001146079.2:c.125C>T","NP_001139551.1:p.Thr42Met","Unknown significance","null","missense_variant","2/2","null","42","MODERATE","23.2","null","0.00547705","gnomad_AF_eas_pass","66.61908858274327","0.4234149549560488","64.0","0.2","0.2"
"21:37833885:C>T","NM_001146079.2:c.109G>A","NP_001139551.1:p.Gly37Ser","Unknown significance","null","missense_variant","2/2","null","37","MODERATE","24.7","null","0.0066538","gnomad_AF_sas_pass","49.66697604672324","0.5209120268837937","60.1","0.1","0.1"
"21:37833888:C>A","NM_001146079.2:c.106G>T","NP_001139551.1:p.Val36Leu","Unknown significance","null","missense_variant","2/2","null","36","MODERATE","22.1","null","0.00556607","gnomad_AF_eas_pass","62.74883339793495","0.3650477814132071","59.6","-0.0","0.0"
"21:37833888:C>T","NM_001146079.2:c.106G>A","NP_001139551.1:p.Val36Met","Unknown significance","null","missense_variant","2/2","null","36","MODERATE","22.6","null","0.076954","gnomad_AF_sas_pass","62.74883339793495","0.3650477814132071","59.6","-0.0","0.0"
"21:37833893:G>A","NM_001146079.2:c.101C>T","NP_001139551.1:p.Ala34Val","Unknown significance","null","missense_variant","2/2","null","34","MODERATE","22.9","null","0.0114943","gnomad_AF_afr_pass","0.04068126935765507","3.199251498985407E-4","75.52","0.6","0.6"
"21:37833893:G>T","NM_001146079.2:c.101C>A","NP_001139551.1:p.Ala34Glu","Unknown significance","null","missense_variant","2/2","null","34","MODERATE","22.8","null","0.000937348","gnomad_AF_nfe_pass","0.04068126935765507","3.199251498985407E-4","75.52","-0.6","0.6"
"21:37833898:C>G","NM_001146079.2:c.96G>C","NP_001139551.1:p.Arg32Ser","Unknown significance","Deafness, autosomal recessive 29","missense_variant","2/2","null","32","MODERATE","0.436","null","0","null","75.0474344681366","0.27854606258298337","89.05","-0.6","0.6"
"21:37833902:C>T","NM_001146079.2:c.92G>A","NP_001139551.1:p.Arg31Gln","Unknown significance","null","missense_variant","2/2","null","31","MODERATE","19.32","null","0.00302407","gnomad_AF_amr_pass","5.529791556123967","0.020524374694206714","90.92","-0.8","0.8"
"21:37833903:G>A","NM_001146079.2:c.91C>T","NP_001139551.1:p.Arg31Trp","Unknown significance","null","missense_variant","2/2","null","31","MODERATE","16.67","null","0.0103835","gnomad_AF_sas_pass","5.529791556123967","0.020524374694206714","90.92","0.8","0.8"
"21:37833907:G>T","NM_001146079.2:c.87C>A","NP_001139551.1:p.His29Gln","Unknown significance","null","missense_variant","2/2","null","29","MODERATE","22.5","null","0.000973843","gnomad_AF_nfe_pass","41.16970870099892","0.20043448730763566","92.95","-0.5","0.5"
"21:37833911:G>A","NM_001146079.2:c.83C>T","NP_001139551.1:p.Pro28Leu","Pathogenic","Hearing loss","missense_variant","2/2","null","28","MODERATE","23.3","null","0.00720773","gnomad_AF_afr_pass","6.745311860970618","0.04288180002525503","91.12","-0.0","0.0"
"21:37833912:G>A","NM_001146079.2:c.82C>T","NP_001139551.1:p.Pro28Ser","Unknown significance","null","missense_variant","2/2","null","28","MODERATE","23.0","null","0.00611995","gnomad_AF_eas_pass","6.745311860970618","0.04288180002525503","91.12","-1.1","1.1"
"21:37833920:G>A","NM_001146079.2:c.74C>T","NP_001139551.1:p.Thr25Ile","Unknown significance","null","missense_variant","2/2","null","25","MODERATE","24.1","null","0.00107076","gnomad_AF_nfe_pass","12.982599098514841","0.08251428726291563","95.02","1.9","1.9"
"21:37833920:G>T","NM_001146079.2:c.74C>A","NP_001139551.1:p.Thr25Asn","Unknown significance","null","missense_variant","2/2","null","25","MODERATE","23.7","null","0","null","12.982599098514841","0.08251428726291563","95.02","-1.4","1.4"
"21:37833921:T>G","NM_001146079.2:c.73A>C","NP_001139551.1:p.Thr25Pro","Unknown significance","null","missense_variant","2/2","null","25","MODERATE","25.8","null","0","null","12.982599098514841","0.08251428726291563","95.02","-1.2","1.2"
"21:37833924:T>G","NM_001146079.2:c.70A>C","NP_001139551.1:p.Thr24Pro","Unknown significance","null","missense_variant","2/2","null","24","MODERATE","24.3","null","0","null","0.0","0.0","96.24","-1.1","1.1"
"21:37833926:A>G","NM_001146079.2:c.68T>C","NP_001139551.1:p.Ile23Thr","Unknown significance","null","missense_variant","2/2","null","23","MODERATE","19.04","null","0.00113117","gnomad_AF_nfe_pass","90.11445885113399","0.45939563049317406","97.32","-1.4","1.4"
"21:37833927:T>G","NM_001146079.2:c.67A>C","NP_001139551.1:p.Ile23Leu","Likely benign","null","missense_variant","2/2","null","23","MODERATE","18.66","null","0.00678794","gnomad_AF_eas_pass","90.11445885113399","0.45939563049317406","97.32","-0.3","0.3"
"21:37833932:G>A","NM_001146079.2:c.62C>T","NP_001139551.1:p.Thr21Met","Unknown significance","null","missense_variant","2/2","null","21","MODERATE","27.3","null","0.00383465","gnomad_AF_sas_pass","0.015806888017692845","1.0046479050360975E-4","97.19","1.5","1.5"
"21:37833935:C>T","NM_001146079.2:c.59G>A","NP_001139551.1:p.Gly20Asp","Unknown significance","null","missense_variant","2/2","null","20","MODERATE","27.3","null","0","null","6.3440805072019035","0.06653732718923072","97.47","-0.6","0.6"
"21:37833938:A>T","NM_001146079.2:c.56T>A","NP_001139551.1:p.Val19Glu","Unknown significance","null","missense_variant","2/2","null","19","MODERATE","25.0","null","0","null","54.98699762399772","0.3198925048043085","97.99","-2.5","2.5"
"21:37833939:C>A","NM_001146079.2:c.55G>T","NP_001139551.1:p.Val19Leu","Likely benign","null","missense_variant","2/2","null","19","MODERATE","14.62","null","0","null","54.98699762399772","0.3198925048043085","97.99","-0.1","0.1"
"21:37833941:A>G","NM_001146079.2:c.53T>C","NP_001139551.1:p.Met18Thr","Unknown significance","null","missense_variant","2/2","null","18","MODERATE","23.4","null","0.0036735","gnomad_AF_amr_pass","19.705916403974538","0.09100645177785012","97.55","-1.6","1.6"
"21:37833942:T>C","NM_001146079.2:c.52A>G","NP_001139551.1:p.Met18Val","Likely benign","null","missense_variant","2/2","null","18","MODERATE","15.12","null","0.0154154","gnomad_AF_eas_pass","19.705916403974538","0.09100645177785012","97.55","0.5","0.5"
"21:37833944:C>G","NM_001146079.2:c.50G>C","NP_001139551.1:p.Gly17Ala","Unknown significance","null","missense_variant","2/2","null","17","MODERATE","26.0","null","0.00133976","gnomad_AF_nfe_pass","0.0","0.0","97.95","1.3","1.3"
"21:37833945:C>T","NM_001146079.2:c.49G>A","NP_001139551.1:p.Gly17Ser","Unknown significance","null","missense_variant","2/2","null","17","MODERATE","27.8","null","0.00135095","gnomad_AF_nfe_pass","0.0","0.0","97.95","-0.1","0.1"
"21:37833966:C>G","NM_001146079.2:c.28G>C","NP_001139551.1:p.Gly10Arg","Unknown significance","null","missense_variant","2/2","null","10","MODERATE","27.9","null","0","null","0.0","0.0","95.73","0.2","0.2"
"21:37833978:C>T","NM_001146079.2:c.16G>A","NP_001139551.1:p.Val6Met","Unknown significance","null","missense_variant","2/2","null","6","MODERATE","25.4","null","0.0459559","gnomad_AF_eas_pass","44.66636315562113","0.2598511540501837","91.24","-0.3","0.3"
"21:37833983:G>A","NM_001146079.2:c.11C>T","NP_001139551.1:p.Thr4Met","Benign","null","missense_variant","2/2","null","4","MODERATE","14.64","null","10.5048","gnomad_AF_afr_pass","49.785055289353835","0.3164218753404945","85.98","0.5","0.5"
"21:37833984:T>C","NM_001146079.2:c.10A>G","NP_001139551.1:p.Thr4Ala","Likely benign","null","missense_variant","2/2","null","4","MODERATE","13.72","null","0.00834283","gnomad_AF_nfe_pass","49.785055289353835","0.3164218753404945","85.98","-0.1","0.1"