{"applied_filters": "CONTAINS missense_variant[Consequence]"},
"Genomic Description (GRCh37)","HGVS Nucleotide Change","HGVS Protein Change","Variant Classification","Phenotype","Consequence","Exon","Intron","Protein Position","Impact","CADD Phred","Interpro Domain","Max MAF (%)","Max MAF Source","Surface Area","Normalized SA","Confidence Score","ddG","|ddG|"
"22:38369509:C>A","NM_006941.4:c.1394G>T","NP_008872.1:p.Arg465Leu","Unknown significance","null","missense_variant","4/4","null","465","MODERATE","25.5","null","0.00345519","gnomad_AF_sas_pass","257.472123253544","0.9556335491735565","46.28","-0.1","0.1"
"22:38369509:C>T","NM_006941.4:c.1394G>A","NP_008872.1:p.Arg465Gln","Unknown significance","null","missense_variant","4/4","null","465","MODERATE","25.8","null","0.0010202","gnomad_AF_nfe_pass","257.472123253544","0.9556335491735565","46.28","-0.1","0.1"
"22:38369521:G>A","NM_006941.4:c.1382C>T","NP_008872.1:p.Thr461Met","Unknown significance","null","missense_variant","4/4","null","461","MODERATE","25.5","null","0.00664628","gnomad_AF_sas_pass","93.4215393753688","0.5937649062463001","60.22","-0.2","0.2"
"22:38369535:C>G","NM_006941.4:c.1368G>C","NP_008872.1:p.Glu456Asp","Unknown significance","null","missense_variant","4/4","null","456","MODERATE","18.83","null","0","null","133.02488042686113","0.6812327988338919","40.35","-0.0","0.0"
"22:38369540:A>C","NM_006941.4:c.1363T>G","NP_008872.1:p.Trp455Gly","Unknown significance","null","missense_variant","4/4","null","455","MODERATE","28.6","null","0.0111049","gnomad_AF_eas_pass","271.2368421679785","1.0339599498169774","39.67","-0.5","0.5"
"22:38369572:G>A","NM_006941.4:c.1331C>T","NP_008872.1:p.Pro444Leu","Unknown significance","null","missense_variant","4/4","null","444","MODERATE","22.5","null","0.00546627","gnomad_AF_eas_pass","157.82931136826613","1.0033642784373522","45.82","-0.1","0.1"
"22:38369574:G>T","NM_006941.4:c.1329C>A","NP_008872.1:p.Ser443Arg","Unknown significance","null","missense_variant","4/4","null","443","MODERATE","23.0","null","0.000894903","gnomad_AF_nfe_pass","82.07088896458825","0.5951167811730516","37.61","0.2","0.2"
"22:38369578:G>C","NM_006941.4:c.1325C>G","NP_008872.1:p.Pro442Arg","Unknown significance","null","missense_variant","4/4","null","442","MODERATE","24.1","null","0.000894055","gnomad_AF_nfe_pass","136.2639821513134","0.8662675579267771","41.26","0.1","0.1"
"22:38369579:G>A","NM_006941.4:c.1324C>T","NP_008872.1:p.Pro442Ser","Unknown significance","null","missense_variant","4/4","null","442","MODERATE","21.0","null","0.0151149","gnomad_AF_eas_pass","136.2639821513134","0.8662675579267771","41.26","0.1","0.1"
"22:38369588:T>C","NM_006941.4:c.1315A>G","NP_008872.1:p.Ile439Val","Unknown significance","null","missense_variant","4/4","null","439","MODERATE","23.1","null","0","null","187.7903017826591","0.9573385357666441","35.99","-0.1","0.1"
"22:38369591:C>T","NM_006941.4:c.1312G>A","NP_008872.1:p.Ala438Thr","Unknown significance","null","missense_variant","4/4","null","438","MODERATE","22.9","null","0.000892427","gnomad_AF_nfe_pass","104.22347245772129","0.8196329803732775","36.62","-0.1","0.1"
"22:38369593:G>A","NM_006941.4:c.1310C>T","NP_008872.1:p.Thr437Met","Unknown significance","null","missense_variant","4/4","null","437","MODERATE","27.6","null","0","null","123.69493661638779","0.7861753609953464","40.8","-0.1","0.1"
"22:38369605:C>T","NM_006941.4:c.1298G>A","NP_008872.1:p.Arg433Gln","Unknown significance","null","missense_variant","4/4","null","433","MODERATE","29.8","null","0.00649266","gnomad_AF_afr_pass","220.83119847927253","0.8196370904324397","41.94","-0.2","0.2"
"22:38369611:G>A","NM_006941.4:c.1292C>T","NP_008872.1:p.Ser431Leu","Unknown significance","null","missense_variant","4/4","null","431","MODERATE","27.8","null","0.0065368","gnomad_AF_sas_pass","129.760673520801","0.940927475293538","44.96","-0.1","0.1"
"22:38369619:C>A","NM_006941.4:c.1284G>T","NP_008872.1:p.Met428Ile","Unknown significance","null","missense_variant","4/4","null","428","MODERATE","26.0","null","0.0101496","gnomad_AF_nfe_pass","217.62383966815915","1.0050369170588969","44.93","-0.1","0.1"
"22:38369623:T>C","NM_006941.4:c.1280A>G","NP_008872.1:p.Tyr427Cys","Unknown significance","null","missense_variant","4/4","null","427","MODERATE","27.5","null","0.00579005","gnomad_AF_amr_pass","189.09192740474074","0.7881729471354745","48.51","-1.0","1.0"
"22:38369628:G>C","NM_006941.4:c.1275C>G","NP_008872.1:p.Phe425Leu","Unknown significance","null","missense_variant","4/4","null","425","MODERATE","24.3","null","0.00544247","gnomad_AF_eas_pass","188.89193526454537","0.8221615792955178","43.4","-0.5","0.5"
"22:38369632:G>C","NM_006941.4:c.1271C>G","NP_008872.1:p.Ala424Gly","Unknown significance","null","missense_variant","4/4","null","424","MODERATE","22.6","null","0.0054407","gnomad_AF_eas_pass","84.95814053520671","0.6681267884457676","44.2","-0.4","0.4"
"22:38369638:T>C","NM_006941.4:c.1265A>G","NP_008872.1:p.Tyr422Cys","Unknown significance","null","missense_variant","4/4","null","422","MODERATE","27.5","null","0.00326648","gnomad_AF_sas_pass","213.51409799376663","0.8899694353980149","35.03","-0.4","0.4"
"22:38369651:C>T","NM_006941.4:c.1252G>A","NP_008872.1:p.Ala418Thr","Unknown significance","null","missense_variant","4/4","null","418","MODERATE","16.78","null","0.00649098","gnomad_AF_nfe_pass","115.72247734106007","0.9100633164732488","37.97","0.0","0.0"
"22:38369659:G>A","NM_006941.4:c.1244C>T","NP_008872.1:p.Ser415Leu","Unknown significance","-","missense_variant","4/4","null","415","MODERATE","22.6","null","0.000884783","gnomad_AF_nfe_pass","127.35919976313673","0.9235137814641784","43.32","0.0","0.0"
"22:38369661:G>T","NM_006941.4:c.1242C>A","NP_008872.1:p.His414Gln","Unknown significance","null","missense_variant","4/4","null","414","MODERATE","9.650","null","0.00543774","gnomad_AF_eas_pass","191.6015577540591","0.9328110692910337","41.54","-0.2","0.2"
"22:38369662:T>G","NM_006941.4:c.1241A>C","NP_008872.1:p.His414Pro","Unknown significance","null","missense_variant","4/4","null","414","MODERATE","23.4","null","0.0101177","gnomad_AF_nfe_pass","191.6015577540591","0.9328110692910337","41.54","-0.2","0.2"
"22:38369665:C>T","NM_006941.4:c.1238G>A","NP_008872.1:p.Gly413Asp","Unknown significance","null","missense_variant","4/4","null","413","MODERATE","19.41","null","0","null","64.56957948277241","0.6772119665945366","34.74","0.1","0.1"
"22:38369671:T>C","NM_006941.4:c.1232A>G","NP_008872.1:p.Tyr411Cys","Unknown significance","null","missense_variant","4/4","null","411","MODERATE","25.0","null","0.00326691","gnomad_AF_sas_pass","208.29866694703801","0.868230476389557","31.71","-0.7","0.7"
"22:38369671:T>G","NM_006941.4:c.1232A>C","NP_008872.1:p.Tyr411Ser","Unknown significance","null","missense_variant","4/4","null","411","MODERATE","23.0","null","0.000882815","gnomad_AF_nfe_pass","208.29866694703801","0.868230476389557","31.71","-0.7","0.7"
"22:38369674:G>T","NM_006941.4:c.1229C>A","NP_008872.1:p.Pro410His","Unknown significance","null","missense_variant","4/4","null","410","MODERATE","22.3","null","0.000883049","gnomad_AF_nfe_pass","167.53858315666704","1.0650887857399913","43.42","0.1","0.1"
"22:38369684:G>A","NM_006941.4:c.1219C>T","NP_008872.1:p.Pro407Ser","Unknown significance","null","missense_variant","4/4","null","407","MODERATE","16.71","null","0.0058008","gnomad_AF_amr_pass","118.43221910739587","0.752906142960713","38.18","0.2","0.2"
"22:38369695:G>C","NM_006941.4:c.1208C>G","NP_008872.1:p.Ser403Cys","Unknown significance","null","missense_variant","4/4","null","403","MODERATE","25.9","null","0.00648845","gnomad_AF_nfe_pass","108.56995154584287","0.7872681886503596","33.09","-0.2","0.2"
"22:38369713:C>T","NM_006941.4:c.1190G>A","NP_008872.1:p.Arg397His","Unknown significance","null","missense_variant","4/4","null","397","MODERATE","29.3","null","0.00177532","gnomad_AF_nfe_pass","193.23886682443168","0.7172253904934776","43.29","-0.1","0.1"
"22:38369720:T>C","NM_006941.4:c.1183A>G","NP_008872.1:p.Ile395Val","Unknown significance","null","missense_variant","4/4","null","395","MODERATE","21.7","null","0.00292535","gnomad_AF_amr_pass","142.33484081132764","0.7256105709260727","44.73","-0.2","0.2"
"22:38369726:G>A","NM_006941.4:c.1177C>T","NP_008872.1:p.Pro393Ser","Unknown significance","null","missense_variant","4/4","null","393","MODERATE","23.7","null","0.00330885","gnomad_AF_sas_pass","124.40200960482423","0.7908577406895916","42.53","-0.3","0.3"
"22:38369728:A>G","NM_006941.4:c.1175T>C","NP_008872.1:p.Phe392Ser","Unknown significance","null","missense_variant","4/4","null","392","MODERATE","23.1","null","0.00544307","gnomad_AF_eas_pass","182.72834581589055","0.7953342484825946","45.82","-0.4","0.4"
"22:38369738:C>T","NM_006941.4:c.1165G>A","NP_008872.1:p.Gly389Ser","Unknown significance","null","missense_variant","4/4","null","389","MODERATE","18.95","null","0","null","74.597082101752","0.7823813795445288","39.75","0.2","0.2"
"22:38369740:T>C","NM_006941.4:c.1163A>G","NP_008872.1:p.Tyr388Cys","Unknown significance","null","missense_variant","4/4","null","388","MODERATE","26.6","null","0.00334739","gnomad_AF_sas_pass","199.8770402352863","0.8331274530284986","46.87","-0.5","0.5"
"22:38369742:G>C","NM_006941.4:c.1161C>G","NP_008872.1:p.His387Gln","Unknown significance","null","missense_variant","4/4","null","387","MODERATE","23.2","null","0","null","194.22744643005475","0.9455951930341135","42.74","-0.2","0.2"
"22:38369744:G>T","NM_006941.4:c.1159C>A","NP_008872.1:p.His387Asn","Unknown significance","null","missense_variant","4/4","null","387","MODERATE","22.7","null","0.00293738","gnomad_AF_amr_pass","194.22744643005475","0.9455951930341135","42.74","-0.2","0.2"
"22:38369767:G>A","NM_006941.4:c.1136C>T","NP_008872.1:p.Ala379Val","Unknown significance","null","missense_variant","4/4","null","379","MODERATE","23.0","null","0.00090238","gnomad_AF_nfe_pass","92.18126985990338","0.7249308353309292","39.56","0.1","0.1"
"22:38369768:C>T","NM_006941.4:c.1135G>A","NP_008872.1:p.Ala379Thr","Unknown significance","null","missense_variant","4/4","null","379","MODERATE","20.8","null","0.00547945","gnomad_AF_eas_pass","92.18126985990338","0.7249308353309292","39.56","0.1","0.1"
"22:38369771:T>C","NM_006941.4:c.1132A>G","NP_008872.1:p.Ile378Val","Unknown significance","null","missense_variant","4/4","null","378","MODERATE","16.20","null","0.00345877","gnomad_AF_sas_pass","132.75191909089116","0.6767576740452383","45.17","-0.0","0.0"
"22:38369779:G>A","NM_006941.4:c.1124C>T","NP_008872.1:p.Thr375Ile","Unknown significance","null","missense_variant","4/4","null","375","MODERATE","21.7","null","0.0109938","gnomad_AF_eas_pass","122.1225066201837","0.7761813729330905","39.52","-0.1","0.1"
"22:38369780:T>C","NM_006941.4:c.1123A>G","NP_008872.1:p.Thr375Ala","Unknown significance","null","missense_variant","4/4","null","375","MODERATE","19.27","null","0.00346885","gnomad_AF_sas_pass","122.1225066201837","0.7761813729330905","39.52","-0.1","0.1"
"22:38369789:G>C","NM_006941.4:c.1114C>G","NP_008872.1:p.Gln372Glu","Unknown significance","null","missense_variant","4/4","null","372","MODERATE","22.6","null","0","null","138.27686812886137","0.699244902212529","34.39","-0.2","0.2"
"22:38369792:C>A","NM_006941.4:c.1111G>T","NP_008872.1:p.Asp371Tyr","Unknown significance","-","missense_variant","4/4","null","371","MODERATE","26.7","null","0","null","102.33222343729726","0.6396569932642592","29.73","0.0","0.0"
"22:38369792:C>T","NM_006941.4:c.1111G>A","NP_008872.1:p.Asp371Asn","Unknown significance","-","missense_variant","4/4","null","371","MODERATE","24.3","null","0.00619732","gnomad_AF_afr_pass","102.33222343729726","0.6396569932642592","29.73","-0.1","0.1"
"22:38369799:G>T","NM_006941.4:c.1104C>A","NP_008872.1:p.His368Gln","Unknown significance","null","missense_variant","4/4","null","368","MODERATE","23.7","null","0.00619809","gnomad_AF_afr_pass","198.63419111971493","0.9670494039196583","36.29","-0.2","0.2"
"22:38369801:G>C","NM_006941.4:c.1102C>G","NP_008872.1:p.His368Asp","Unknown significance","null","missense_variant","4/4","null","368","MODERATE","26.1","null","0.0062027","gnomad_AF_afr_pass","198.63419111971493","0.9670494039196583","36.29","-0.3","0.3"
"22:38369801:G>T","NM_006941.4:c.1102C>A","NP_008872.1:p.His368Asn","Unknown significance","null","missense_variant","4/4","null","368","MODERATE","25.9","null","0","null","198.63419111971493","0.9670494039196583","36.29","-0.3","0.3"
"22:38369803:G>C","NM_006941.4:c.1100C>G","NP_008872.1:p.Pro367Arg","Unknown significance","null","missense_variant","4/4","null","367","MODERATE","21.8","null","0.006222","gnomad_AF_afr_pass","153.3487018428066","0.9748798131343113","44.09","0.0","0.0"
"22:38369809:C>T","NM_006941.4:c.1094G>A","NP_008872.1:p.Gly365Glu","Unknown significance","null","missense_variant","4/4","null","365","MODERATE","20.2","null","0.00090542","gnomad_AF_nfe_pass","75.27102021134789","0.789449707327029","29.62","-0.1","0.1"
"22:38369810:C>G","NM_006941.4:c.1093G>C","NP_008872.1:p.Gly365Arg","Unknown significance","null","missense_variant","4/4","null","365","MODERATE","22.6","null","0.0103178","gnomad_AF_nfe_pass","75.27102021134789","0.789449707327029","29.62","0.1","0.1"
"22:38369812:T>G","NM_006941.4:c.1091A>C","NP_008872.1:p.Gln364Pro","Unknown significance","null","missense_variant","4/4","null","364","MODERATE","18.58","null","0","null","202.69632735817078","1.0250042217496527","31.12","0.1","0.1"
"22:38369815:G>C","NM_006941.4:c.1088C>G","NP_008872.1:p.Pro363Arg","Pathogenic","Waardenburg syndrome 4","missense_variant","4/4","null","363","MODERATE","24.2","null","0","null","137.61410094532275","0.874850633895442","38.35","-0.0","0.0"
"22:38369816:G>A","NM_006941.4:c.1087C>T","NP_008872.1:p.Pro363Ser","Unknown significance","null","missense_variant","4/4","null","363","MODERATE","22.9","null","0.000901356","gnomad_AF_nfe_pass","137.61410094532275","0.874850633895442","38.35","-0.0","0.0"
"22:38369821:G>A","NM_006941.4:c.1082C>T","NP_008872.1:p.Ala361Val","Benign","-","missense_variant","4/4","null","361","MODERATE","22.5","null","0.0044794","gnomad_AF_nfe_pass","109.66371881264007","0.8624161004200189","28.41","0.1","0.1"
"22:38369821:G>C","NM_006941.4:c.1082C>G","NP_008872.1:p.Ala361Gly","Likely benign","-","missense_variant","4/4","null","361","MODERATE","22.1","null","0.000895881","gnomad_AF_nfe_pass","109.66371881264007","0.8624161004200189","28.41","-0.1","0.1"
"22:38369822:C>T","NM_006941.4:c.1081G>A","NP_008872.1:p.Ala361Thr","Likely benign","null","missense_variant","4/4","null","361","MODERATE","18.20","null","0.00504185","gnomad_AF_eas_pass","109.66371881264007","0.8624161004200189","28.41","0.1","0.1"
"22:38369826:C>G","NM_006941.4:c.1077G>C","NP_008872.1:p.Glu359Asp","Likely benign","-","missense_variant","4/4","null","359","MODERATE","24.8","null","0.0394425","gnomad_AF_sas_pass","178.04373962355","0.9117785685610154","23.43","-0.1","0.1"
"22:38369831:T>C","NM_006941.4:c.1072A>G","NP_008872.1:p.Thr358Ala","Unknown significance","null","missense_variant","4/4","null","358","MODERATE","23.0","null","0.00545078","gnomad_AF_eas_pass","141.69685350303894","0.9005912287269617","31.19","-0.3","0.3"
"22:38369848:G>C","NM_006941.4:c.1055C>G","NP_008872.1:p.Ala352Gly","Unknown significance","null","missense_variant","4/4","null","352","MODERATE","18.72","null","0.00290158","gnomad_AF_amr_pass","110.5128590327223","0.8690938987405763","37.67","-0.1","0.1"
"22:38369863:G>A","NM_006941.4:c.1040C>T","NP_008872.1:p.Pro347Leu","Unknown significance","null","missense_variant","4/4","null","347","MODERATE","21.3","null","0.0218221","gnomad_AF_eas_pass","128.83059198399405","0.8190114551349904","35.98","0.2","0.2"
"22:38369864:G>A","NM_006941.4:c.1039C>T","NP_008872.1:p.Pro347Ser","Likely benign","null","missense_variant","4/4","null","347","MODERATE","12.28","null","0.00620424","gnomad_AF_afr_pass","128.83059198399405","0.8190114551349904","35.98","0.1","0.1"
"22:38369870:C>T","NM_006941.4:c.1033G>A","NP_008872.1:p.Val345Ile","Unknown significance","null","missense_variant","4/4","null","345","MODERATE","17.90","null","0.000886336","gnomad_AF_nfe_pass","157.9232582500553","0.9187347706073031","31.25","-0.0","0.0"
"22:38369872:G>A","NM_006941.4:c.1031C>T","NP_008872.1:p.Thr344Met","Unknown significance","null","missense_variant","4/4","null","344","MODERATE","22.2","null","0.00935585","gnomad_AF_nfe_pass","138.96533255071424","0.8832303364422591","32.04","0.1","0.1"
"22:38369876:G>T","NM_006941.4:c.1027C>A","NP_008872.1:p.Pro343Thr","Likely benign","null","missense_variant","4/4","null","343","MODERATE","11.93","null","0.00621813","gnomad_AF_afr_pass","143.79894140464563","0.9141693632931702","29.45","-0.1","0.1"
"22:38369879:G>C","NM_006941.4:c.1024C>G","NP_008872.1:p.Leu342Val","Unknown significance","null","missense_variant","4/4","null","342","MODERATE","15.13","null","0.00621427","gnomad_AF_afr_pass","177.2017202034567","0.918851905707092","29.65","-0.0","0.0"
"22:38369882:C>T","NM_006941.4:c.1021G>A","NP_008872.1:p.Ala341Thr","Unknown significance","null","missense_variant","4/4","null","341","MODERATE","15.85","null","0","null","96.7432044429408","0.7608067464898063","34.53","0.0","0.0"
"22:38369884:A>G","NM_006941.4:c.1019T>C","NP_008872.1:p.Val340Ala","Likely benign","null","missense_variant","4/4","null","340","MODERATE","12.23","null","0.000884549","gnomad_AF_nfe_pass","181.6638205552881","1.0568479295256084","31.82","-0.0","0.0"
"22:38369885:C>G","NM_006941.4:c.1018G>C","NP_008872.1:p.Val340Leu","Unknown significance","null","missense_variant","4/4","null","340","MODERATE","14.34","null","0","gnomad_AF_afr_pass,gnomad_AF_sas_pass,gnomad_AF_amr_pass,gnomad_AF_eas_pass,gnomad_AF_nfe_pass","181.6638205552881","1.0568479295256084","31.82","-0.0","0.0"
"22:38369885:C>T","NM_006941.4:c.1018G>A","NP_008872.1:p.Val340Met","Unknown significance","null","missense_variant","4/4","null","340","MODERATE","21.2","null","0.00654193","gnomad_AF_sas_pass","181.6638205552881","1.0568479295256084","31.82","0.0","0.0"
"22:38369888:C>T","NM_006941.4:c.1015G>A","NP_008872.1:p.Gly339Ser","Unknown significance","null","missense_variant","4/4","null","339","MODERATE","16.28","null","0.0028967","gnomad_AF_amr_pass","74.05609319036296","0.776707435753624","36.83","0.2","0.2"
"22:38369890:G>A","NM_006941.4:c.1013C>T","NP_008872.1:p.Pro338Leu","Unknown significance","null","missense_variant","4/4","null","338","MODERATE","15.49","null","0.00289704","gnomad_AF_amr_pass","146.96823980876445","0.9343174636607976","41.71","0.0","0.0"
"22:38369890:G>C","NM_006941.4:c.1013C>G","NP_008872.1:p.Pro338Arg","Unknown significance","null","missense_variant","4/4","null","338","MODERATE","14.91","null","0.00621195","gnomad_AF_afr_pass","146.96823980876445","0.9343174636607976","41.71","0.0","0.0"
"22:38369893:G>A","NM_006941.4:c.1010C>T","NP_008872.1:p.Pro337Leu","Unknown significance","null","missense_variant","4/4","null","337","MODERATE","18.26","null","0.00545732","gnomad_AF_eas_pass","119.1327495716891","0.7573596075151449","40.78","0.0","0.0"
"22:38369903:T>G","NM_006941.4:c.1000A>C","NP_008872.1:p.Ile334Leu","Unknown significance","null","missense_variant","4/4","null","334","MODERATE","14.28","null","0.00176838","gnomad_AF_nfe_pass","177.1785441834431","0.9032407235500064","45.8","0.0","0.0"
"22:38369909:C>A","NM_006941.4:c.994G>T","NP_008872.1:p.Ala332Ser","Unknown significance","null","missense_variant","4/4","null","332","MODERATE","22.3","null","0","gnomad_AF_afr_pass,gnomad_AF_sas_pass,gnomad_AF_amr_pass,gnomad_AF_eas_pass,gnomad_AF_nfe_pass","89.88461284348546","0.7068694928053726","38.08","-0.2","0.2"
"22:38369909:C>T","NM_006941.4:c.994G>A","NP_008872.1:p.Ala332Thr","Unknown significance","null","missense_variant","4/4","null","332","MODERATE","19.87","null","0.00807363","gnomad_AF_afr_pass","89.88461284348546","0.7068694928053726","38.08","-0.1","0.1"
"22:38369911:G>T","NM_006941.4:c.992C>A","NP_008872.1:p.Ser331Tyr","Unknown significance","null","missense_variant","4/4","null","331","MODERATE","17.93","null","0","null","64.55412154026791","0.46809826854774744","40.12","0.4","0.4"
"22:38369921:T>C","NM_006941.4:c.982A>G","NP_008872.1:p.Ser328Gly","Unknown significance","null","missense_variant","4/4","null","328","MODERATE","16.95","null","0.0062135","gnomad_AF_afr_pass","95.9896199416753","0.6960450211568019","40.51","-0.2","0.2"
"22:38369926:A>G","NM_006941.4:c.977T>C","NP_008872.1:p.Val326Ala","Unknown significance","null","missense_variant","4/4","null","326","MODERATE","15.52","null","0.00289536","gnomad_AF_amr_pass","127.0517206190175","0.7391364305145681","39.68","-0.1","0.1"
"22:38369927:C>T","NM_006941.4:c.976G>A","NP_008872.1:p.Val326Met","Unknown significance","-","missense_variant","4/4","null","326","MODERATE","21.5","null","0.0201126","gnomad_AF_eas_pass","127.0517206190175","0.7391364305145681","39.68","-0.0","0.0"
"22:38369935:G>A","NM_006941.4:c.968C>T","NP_008872.1:p.Ala323Val","Unknown significance","null","missense_variant","4/4","null","323","MODERATE","22.3","null","0.00326904","gnomad_AF_sas_pass","119.3089056555474","0.9382676629508698","41.52","0.0","0.0"
"22:38369936:C>T","NM_006941.4:c.967G>A","NP_008872.1:p.Ala323Thr","Unknown significance","null","missense_variant","4/4","null","323","MODERATE","20.9","null","0.000883892","gnomad_AF_nfe_pass","119.3089056555474","0.9382676629508698","41.52","0.0","0.0"
"22:38369942:C>G","NM_006941.4:c.961G>C","NP_008872.1:p.Gly321Arg","Pathogenic","Peripheral demyelinating neuropathy-Central dysmyelinating leukodystrophy-Waardenburg syndrome-Hirschsprung disease","missense_variant","4/4","null","321","MODERATE","19.07","null","0","null","89.76528370931133","0.9414669384507678","35.29","0.1","0.1"
"22:38369947:C>T","NM_006941.4:c.956G>A","NP_008872.1:p.Gly319Glu","Unknown significance","null","missense_variant","4/4","null","319","MODERATE","23.2","null","0.00088333","gnomad_AF_nfe_pass","68.14030200210237","0.7146620481786055","31.68","-0.2","0.2"
"22:38369950:T>C","NM_006941.4:c.953A>G","NP_008872.1:p.Tyr318Cys","Unknown significance","null","missense_variant","4/4","null","318","MODERATE","25.1","null","0.000882831","gnomad_AF_nfe_pass","239.70367624454687","0.999132832045666","33.72","-0.3","0.3"
"22:38369954:C>T","NM_006941.4:c.949G>A","NP_008872.1:p.Gly317Ser","Unknown significance","null","missense_variant","4/4","null","317","MODERATE","16.81","null","0.0185094","gnomad_AF_afr_pass","88.25969550611512","0.9256761844124815","32.4","0.2","0.2"
"22:38369965:T>C","NM_006941.4:c.938A>G","NP_008872.1:p.Tyr313Cys","Unknown significance","null","missense_variant","4/4","null","313","MODERATE","23.1","null","0.000882036","gnomad_AF_nfe_pass","218.1392900301223","0.9092481602404514","38.32","-0.2","0.2"
"22:38369971:C>G","NM_006941.4:c.932G>C","NP_008872.1:p.Ser311Thr","Unknown significance","null","missense_variant","4/4","null","311","MODERATE","17.10","null","0.0123183","gnomad_AF_afr_pass","105.08313448476497","0.7619843959181607","37.55","0.1","0.1"
"22:38369971:C>T","NM_006941.4:c.932G>A","NP_008872.1:p.Ser311Asn","Unknown significance","null","missense_variant","4/4","null","311","MODERATE","18.11","null","0.0200465","gnomad_AF_afr_pass","105.08313448476497","0.7619843959181607","37.55","-0.1","0.1"
"22:38369975:C>T","NM_006941.4:c.928G>A","NP_008872.1:p.Val310Met","Unknown significance","null","missense_variant","4/4","null","310","MODERATE","22.2","null","0.00615764","gnomad_AF_afr_pass","153.9242282405715","0.8954700029022361","32.68","0.0","0.0"
"22:38369980:C>A","NM_006941.4:c.923G>T","NP_008872.1:p.Gly308Val","Unknown significance","null","missense_variant","4/4","null","308","MODERATE","22.5","null","0.0054401","gnomad_AF_eas_pass","66.15811199845534","0.6938726485683449","34.18","0.2","0.2"
"22:38369992:T>C","NM_006941.4:c.911A>G","NP_008872.1:p.Asn304Ser","Unknown significance","null","missense_variant","4/4","null","304","MODERATE","23.7","null","0.100184","gnomad_AF_afr_pass","123.86366535238034","0.7749854255144127","59.52","-0.1","0.1"
"22:38369996:G>A","NM_006941.4:c.907C>T","NP_008872.1:p.Pro303Ser","Unknown significance","null","missense_variant","4/4","null","303","MODERATE","25.4","null","0.00326627","gnomad_AF_sas_pass","158.95348050138057","1.0105109303571407","66.33","-0.2","0.2"
"22:38369998:G>A","NM_006941.4:c.905C>T","NP_008872.1:p.Pro302Leu","Unknown significance","null","missense_variant","4/4","null","302","MODERATE","26.6","null","0.00233281","gnomad_AF_nfe_pass","94.48432176149919","0.6006627825085386","69.19","-0.6","0.6"
"22:38370013:A>G","NM_006941.4:c.890T>C","NP_008872.1:p.Leu297Ser","Unknown significance","null","missense_variant","4/4","null","297","MODERATE","23.6","null","0","null","79.66661560826296","0.4130988203096395","78.63","-1.3","1.3"
"22:38370031:G>A","NM_006941.4:c.872C>T","NP_008872.1:p.Thr291Ile","Unknown significance","null","missense_variant","4/4","null","291","MODERATE","24.7","null","0.00648256","gnomad_AF_nfe_pass","144.74455970640588","0.9199617186611659","67.45","-0.0","0.0"
"22:38370059:T>C","NM_006941.4:c.844A>G","NP_008872.1:p.Ser282Gly","Unknown significance","null","missense_variant","4/4","null","282","MODERATE","24.0","null","0","null","32.23410525596826","0.2337376529722035","68.13","-1.0","1.0"
"22:38370063:C>G","NM_006941.4:c.840G>C","NP_008872.1:p.Glu280Asp","Unknown significance","null","missense_variant","4/4","null","280","MODERATE","21.8","null","0.000893288","gnomad_AF_nfe_pass","116.92170901199466","0.5987669586252787","68.79","-0.1","0.1"
"22:38370067:C>T","NM_006941.4:c.836G>A","NP_008872.1:p.Gly279Asp","Unknown significance","null","missense_variant","4/4","null","279","MODERATE","26.0","null","0","gnomad_AF_afr_pass,gnomad_AF_sas_pass,gnomad_AF_amr_pass,gnomad_AF_eas_pass,gnomad_AF_nfe_pass","46.58780168771716","0.4886173497331342","74.0","-0.6","0.6"
"22:38370071:T>C","NM_006941.4:c.832A>G","NP_008872.1:p.Ile278Val","Likely pathogenic","-","missense_variant","4/4","null","278","MODERATE","23.1","null","0","gnomad_AF_afr_pass,gnomad_AF_sas_pass,gnomad_AF_amr_pass,gnomad_AF_eas_pass,gnomad_AF_nfe_pass","146.97907767228244","0.749286484293344","72.67","-0.4","0.4"
"22:38370077:C>T","NM_006941.4:c.826G>A","NP_008872.1:p.Val276Met","Unknown significance","-","missense_variant","4/4","null","276","MODERATE","23.6","null","0.0141099","gnomad_AF_amr_pass","52.573787867468624","0.3058534092546111","77.51","-0.7","0.7"
"22:38370083:C>T","NM_006941.4:c.820G>A","NP_008872.1:p.Gly274Ser","Unknown significance","null","missense_variant","4/4","null","274","MODERATE","18.68","null","0.00400898","gnomad_AF_afr_pass","83.65400489494483","0.8773712578309354","82.0","0.2","0.2"
"22:38370092:T>C","NM_006941.4:c.811A>G","NP_008872.1:p.Ile271Val","Unknown significance","null","missense_variant","4/4","null","271","MODERATE","23.7","null","0.00543833","gnomad_AF_eas_pass","108.93064579455941","0.5553189060091717","72.24","-0.6","0.6"
"22:38370103:C>T","NM_006941.4:c.800G>A","NP_008872.1:p.Gly267Glu","Unknown significance","null","missense_variant","4/4","null","267","MODERATE","23.4","null","0.00326627","gnomad_AF_sas_pass","59.69977888247155","0.6261370290175791","39.76","-0.1","0.1"
"22:38370104:C>T","NM_006941.4:c.799G>A","NP_008872.1:p.Gly267Arg","Unknown significance","null","missense_variant","4/4","null","267","MODERATE","22.8","null","0.00315249","gnomad_AF_nfe_pass","59.69977888247155","0.6261370290175791","39.76","0.3","0.3"
"22:38370106:C>T","NM_006941.4:c.797G>A","NP_008872.1:p.Gly266Asp","Unknown significance","null","missense_variant","4/4","null","266","MODERATE","23.6","null","0.00867403","gnomad_AF_amr_pass","97.60856938050614","1.02372807374854","35.81","-0.0","0.0"
"22:38370114:C>G","NM_006941.4:c.789G>C","NP_008872.1:p.Met263Ile","Unknown significance","null","missense_variant","4/4","null","263","MODERATE","21.0","null","0.000897666","gnomad_AF_nfe_pass","175.07356405455238","0.8085299631887934","30.8","-0.1","0.1"
"22:38370114:C>T","NM_006941.4:c.789G>A","NP_008872.1:p.Met263Ile","Unknown significance","null","missense_variant","4/4","null","263","MODERATE","21.4","null","0","null","175.07356405455238","0.8085299631887934","30.8","-0.1","0.1"
"22:38370116:T>C","NM_006941.4:c.787A>G","NP_008872.1:p.Met263Val","Likely benign","null","missense_variant","4/4","null","263","MODERATE","8.644","null","0.0130651","gnomad_AF_sas_pass","175.07356405455238","0.8085299631887934","30.8","-0.1","0.1"
"22:38370121:C>T","NM_006941.4:c.782G>A","NP_008872.1:p.Arg261His","Unknown significance","null","missense_variant","4/4","null","261","MODERATE","23.9","null","0.00578302","gnomad_AF_amr_pass","247.3326334973736","0.9179998183445446","34.61","-0.1","0.1"
"22:38370122:G>T","NM_006941.4:c.781C>A","NP_008872.1:p.Arg261Ser","Unknown significance","null","missense_variant","4/4","null","261","MODERATE","22.5","null","0.00394639","gnomad_AF_nfe_pass","247.3326334973736","0.9179998183445446","34.61","-0.2","0.2"
"22:38370125:C>T","NM_006941.4:c.778G>A","NP_008872.1:p.Gly260Arg","Unknown significance","null","missense_variant","4/4","null","260","MODERATE","26.0","null","0.0097988","gnomad_AF_sas_pass","70.97155964182241","0.744356550907126","33.33","0.2","0.2"
"22:38370128:C>G","NM_006941.4:c.775G>C","NP_008872.1:p.Asp259His","Unknown significance","-","missense_variant","4/4","null","259","MODERATE","23.6","null","0","null","131.89846407208302","0.82446928358025","35.17","-0.1","0.1"
"22:38370130:C>A","NM_006941.4:c.773G>T","NP_008872.1:p.Arg258Leu","Unknown significance","null","missense_variant","4/4","null","258","MODERATE","22.9","null","0.00179808","gnomad_AF_nfe_pass","226.9328698190251","0.8422840541682236","31.29","-0.2","0.2"
"22:38370130:C>T","NM_006941.4:c.773G>A","NP_008872.1:p.Arg258Gln","Likely pathogenic","Autism spectrum disorder","missense_variant","4/4","null","258","MODERATE","23.2","null","0.0225797","gnomad_AF_amr_pass","226.9328698190251","0.8422840541682236","31.29","-0.1","0.1"
"22:38370131:G>A","NM_006941.4:c.772C>T","NP_008872.1:p.Arg258Trp","Unknown significance","null","missense_variant","4/4","null","258","MODERATE","25.4","null","0.00649942","gnomad_AF_nfe_pass","226.9328698190251","0.8422840541682236","31.29","-0.1","0.1"
"22:38370136:G>A","NM_006941.4:c.767C>T","NP_008872.1:p.Pro256Leu","Unknown significance","null","missense_variant","4/4","null","256","MODERATE","18.04","null","0.00501756","gnomad_AF_eas_pass","155.84960930696923","0.9907787687304811","39.35","0.1","0.1"
"22:38370136:G>C","NM_006941.4:c.767C>G","NP_008872.1:p.Pro256Arg","Unknown significance","null","missense_variant","4/4","null","256","MODERATE","18.22","null","0.00326648","gnomad_AF_sas_pass","155.84960930696923","0.9907787687304811","39.35","0.1","0.1"
"22:38370142:G>A","NM_006941.4:c.761C>T","NP_008872.1:p.Ala254Val","Unknown significance","null","missense_variant","4/4","null","254","MODERATE","21.0","null","0","null","80.41894944590231","0.6324297363971553","33.85","0.2","0.2"
"22:38370151:G>A","NM_006941.4:c.752C>T","NP_008872.1:p.Ser251Leu","Unknown significance","null","missense_variant","4/4","null","251","MODERATE","22.7","null","0.00545078","gnomad_AF_eas_pass","128.8621208488525","0.9344118425205682","31.12","0.1","0.1"
"22:38370157:A>T","NM_006941.4:c.746T>A","NP_008872.1:p.Leu249Gln","Unknown significance","-","missense_variant","4/4","null","249","MODERATE","23.3","null","0","null","192.7795367942453","0.9996282460539417","39.56","-0.1","0.1"
"22:38370158:G>C","NM_006941.4:c.745C>G","NP_008872.1:p.Leu249Val","Unknown significance","-","missense_variant","4/4","null","249","MODERATE","19.15","null","0","null","192.7795367942453","0.9996282460539417","39.56","-0.0","0.0"
"22:38370166:T>C","NM_006941.4:c.737A>G","NP_008872.1:p.Lys246Arg","Unknown significance","null","missense_variant","4/4","null","246","MODERATE","23.8","null","0.00326861","gnomad_AF_sas_pass","231.36769859528334","0.9774114969325455","41.37","0.1","0.1"
"22:38370166:T>G","NM_006941.4:c.737A>C","NP_008872.1:p.Lys246Thr","Unknown significance","null","missense_variant","4/4","null","246","MODERATE","25.9","null","0.000904928","gnomad_AF_nfe_pass","231.36769859528334","0.9774114969325455","41.37","-0.0","0.0"
"22:38370169:G>C","NM_006941.4:c.734C>G","NP_008872.1:p.Pro245Arg","Unknown significance","null","missense_variant","4/4","null","245","MODERATE","25.8","null","0.000905649","gnomad_AF_nfe_pass","135.15176347376243","0.8591968783350656","48.87","-0.5","0.5"
"22:38370172:G>A","NM_006941.4:c.731C>T","NP_008872.1:p.Thr244Ile","Unknown significance","null","missense_variant","4/4","null","244","MODERATE","25.2","null","0","null","128.34824375586658","0.8157506655330526","53.91","-0.2","0.2"
"22:38370175:G>T","NM_006941.4:c.728C>A","NP_008872.1:p.Thr243Asn","Unknown significance","null","missense_variant","4/4","null","243","MODERATE","23.1","null","0.00079614","gnomad_AF_nfe_pass","147.85723135793324","0.9397451134082658","47.36","-0.2","0.2"
"22:38370185:T>G","NM_006941.4:c.718A>C","NP_008872.1:p.Thr240Pro","Unknown significance","-","missense_variant","4/4","null","240","MODERATE","25.5","null","0","null","122.35440794823867","0.7776552821753445","59.28","-0.3","0.3"
"22:38370201:C>G","NM_006941.4:c.702G>C","NP_008872.1:p.Gln234His","Unknown significance","null","missense_variant","4/4","null","234","MODERATE","23.1","null","0.00275502","gnomad_AF_nfe_pass","189.31068465662503","0.9573150807635283","45.82","0.0","0.0"
"22:38370205:C>T","NM_006941.4:c.698G>A","NP_008872.1:p.Gly233Asp","Unknown significance","null","missense_variant&splice_region_variant","4/4","null","233","MODERATE","32","null","0.000921455","gnomad_AF_nfe_pass","75.34004564868846","0.7901736527598614","37.08","-0.2","0.2"
"22:38373886:C>T","NM_006941.4:c.685G>A","NP_008872.1:p.Glu229Lys","Unknown significance","null","missense_variant","3/4","null","229","MODERATE","22.8","null","0.00327718","gnomad_AF_sas_pass","140.39098730864114","0.7189553180459544","32.02","-0.1","0.1"
"22:38373889:G>T","NM_006941.4:c.682C>A","NP_008872.1:p.Pro228Thr","Unknown significance","null","missense_variant","3/4","null","228","MODERATE","21.1","null","0.0130933","gnomad_AF_sas_pass","157.37679993258388","1.0004875389634749","40.52","-0.0","0.0"
"22:38373904:T>C","NM_006941.4:c.667A>G","NP_008872.1:p.Met223Val","Unknown significance","null","missense_variant","3/4","null","223","MODERATE","16.25","null","0.0057867","gnomad_AF_amr_pass","174.73149662564967","0.8069502171706419","36.96","-0.1","0.1"
"22:38373906:G>A","NM_006941.4:c.665C>T","NP_008872.1:p.Pro222Leu","Unknown significance","null","missense_variant","3/4","null","222","MODERATE","22.4","null","0.000900593","gnomad_AF_nfe_pass","160.06496952756046","1.0175769713546956","42.99","-0.0","0.0"
"22:38373907:G>C","NM_006941.4:c.664C>G","NP_008872.1:p.Pro222Ala","Unknown significance","null","missense_variant","3/4","null","222","MODERATE","19.28","null","0.000900268","gnomad_AF_nfe_pass","160.06496952756046","1.0175769713546956","42.99","-0.1","0.1"
"22:38373909:G>A","NM_006941.4:c.662C>T","NP_008872.1:p.Ser221Phe","Unknown significance","null","missense_variant","3/4","null","221","MODERATE","24.1","null","0","gnomad_AF_afr_pass,gnomad_AF_amr_pass,gnomad_AF_eas_pass,gnomad_AF_nfe_pass","85.34062723911399","0.6188264806994414","31.97","-0.0","0.0"
"22:38373913:C>T","NM_006941.4:c.658G>A","NP_008872.1:p.Gly220Ser","Unknown significance","null","missense_variant","3/4","null","220","MODERATE","21.1","null","0.0114811","gnomad_AF_afr_pass","70.65011919677815","0.74098525257012","31.78","0.1","0.1"
"22:38373916:C>T","NM_006941.4:c.655G>A","NP_008872.1:p.Glu219Lys","Unknown significance","null","missense_variant","3/4","null","219","MODERATE","22.1","null","0.00089962","gnomad_AF_nfe_pass","191.2155753713619","0.9792327658771011","38.01","-0.0","0.0"
"22:38373927:C>T","NM_006941.4:c.644G>A","NP_008872.1:p.Arg215Gln","Unknown significance","null","missense_variant","3/4","null","215","MODERATE","22.6","null","0.0424837","gnomad_AF_sas_pass","237.75102669507157","0.8824367259228747","34.3","-0.0","0.0"
"22:38373928:G>A","NM_006941.4:c.643C>T","NP_008872.1:p.Arg215Trp","Unknown significance","null","missense_variant","3/4","null","215","MODERATE","24.6","null","0.00289268","gnomad_AF_amr_pass","237.75102669507157","0.8824367259228747","34.3","0.1","0.1"
"22:38373943:C>T","NM_006941.4:c.628G>A","NP_008872.1:p.Ala210Thr","Unknown significance","-","missense_variant","3/4","null","210","MODERATE","18.70","null","0.00616827","gnomad_AF_afr_pass","34.60015634101594","0.2721021339475364","51.67","-0.1","0.1"
"22:38373944:G>C","NM_006941.4:c.627C>G","NP_008872.1:p.Ser209Arg","Likely benign","null","missense_variant","3/4","null","209","MODERATE","12.76","null","0.000898876","gnomad_AF_nfe_pass","60.35770673531563","0.43766900303476275","54.88","0.2","0.2"
"22:38373949:T>C","NM_006941.4:c.622A>G","NP_008872.1:p.Lys208Glu","Unknown significance","null","missense_variant","3/4","null","208","MODERATE","23.7","null","0","null","160.44721407352074","0.6778083225894761","57.4","0.1","0.1"
"22:38373958:C>T","NM_006941.4:c.613G>A","NP_008872.1:p.Ala205Thr","Unknown significance","null","missense_variant","3/4","null","205","MODERATE","20.6","null","0.00089899","gnomad_AF_nfe_pass","60.37000801017602","0.47476109194703237","56.94","0.1","0.1"
"22:38373966:G>A","NM_006941.4:c.605C>T","NP_008872.1:p.Ala202Val","Unknown significance","null","missense_variant","3/4","null","202","MODERATE","17.96","null","0","null","61.46483984750889","0.4833710553332044","55.58","0.3","0.3"
"22:38373967:C>T","NM_006941.4:c.604G>A","NP_008872.1:p.Ala202Thr","Likely benign","-","missense_variant","3/4","null","202","MODERATE","13.02","null","0.330139","gnomad_AF_afr_pass","61.46483984750889","0.4833710553332044","55.58","0.1","0.1"
"22:38373970:C>T","NM_006941.4:c.601G>A","NP_008872.1:p.Ala201Thr","Unknown significance","null","missense_variant","3/4","null","201","MODERATE","14.54","null","0.0100482","gnomad_AF_eas_pass","83.36954599987186","0.6556337823800813","53.21","-0.0","0.0"
"22:38373982:G>T","NM_006941.4:c.589C>A","NP_008872.1:p.Gln197Lys","Unknown significance","null","missense_variant","3/4","null","197","MODERATE","16.28","null","0.0121114","gnomad_AF_afr_pass","209.1803865701827","1.0577931141435584","40.52","-0.0","0.0"
"22:38373985:C>G","NM_006941.4:c.586G>C","NP_008872.1:p.Glu196Gln","Unknown significance","null","missense_variant","3/4","null","196","MODERATE","16.20","null","0.011607","gnomad_AF_amr_pass","137.4490804515873","0.7038895391051396","37.52","0.1","0.1"
"22:38373985:C>T","NM_006941.4:c.586G>A","NP_008872.1:p.Glu196Lys","Unknown significance","null","missense_variant","3/4","null","196","MODERATE","21.2","null","0.00315886","gnomad_AF_nfe_pass","137.4490804515873","0.7038895391051396","37.52","-0.0","0.0"
"22:38373993:C>T","NM_006941.4:c.578G>A","NP_008872.1:p.Gly193Glu","Unknown significance","null","missense_variant","3/4","null","193","MODERATE","14.69","null","0.00290141","gnomad_AF_amr_pass","71.401036948045","0.7488609502463277","31.23","0.1","0.1"
"22:38373997:C>T","NM_006941.4:c.574G>A","NP_008872.1:p.Gly192Ser","Unknown significance","-","missense_variant","3/4","null","192","MODERATE","17.18","null","0.0236638","gnomad_AF_nfe_pass","82.42649558302709","0.8644970219787611","28.35","0.1","0.1"
"22:38374001:G>C","NM_006941.4:c.570C>G","NP_008872.1:p.Cys190Trp","Likely benign","null","missense_variant","3/4","null","190","MODERATE","13.77","null","0.00624922","gnomad_AF_afr_pass","122.37916201856031","0.7919545590379395","36.04","0.3","0.3"
"22:38374004:C>G","NM_006941.4:c.567G>C","NP_008872.1:p.Glu189Asp","Likely benign","null","missense_variant","3/4","null","189","MODERATE","9.800","null","0.00982704","gnomad_AF_sas_pass","200.26124562468257","1.0255564855017631","31.62","-0.0","0.0"
"22:38374008:G>A","NM_006941.4:c.563C>T","NP_008872.1:p.Ala188Val","Unknown significance","null","missense_variant","3/4","null","188","MODERATE","15.74","null","0.00327998","gnomad_AF_sas_pass","94.0565549271063","0.7396784296341659","44.91","0.0","0.0"
"22:38374012:C>T","NM_006941.4:c.559G>A","NP_008872.1:p.Glu187Lys","Unknown significance","null","missense_variant","3/4","null","187","MODERATE","22.4","null","0","null","154.19788803209406","0.7896617422342543","35.93","-0.2","0.2"
"22:38374021:C>T","NM_006941.4:c.550G>A","NP_008872.1:p.Ala184Thr","Likely pathogenic","Waardenburg syndrome 4","missense_variant","3/4","null","184","MODERATE","17.34","null","0.00947822","gnomad_AF_nfe_pass","114.49486401286747","0.9004091344813695","47.59","0.1","0.1"
"22:38374030:C>G","NM_006941.4:c.541G>C","NP_008872.1:p.Gly181Arg","Unknown significance","null","missense_variant","3/4","null","181","MODERATE","20.9","null","0","null","53.94104002815277","0.5657388214424762","61.14","0.4","0.4"
"22:38374030:C>T","NM_006941.4:c.541G>A","NP_008872.1:p.Gly181Arg","Unknown significance","null","missense_variant","3/4","null","181","MODERATE","21.4","null","0.00629406","gnomad_AF_afr_pass","53.94104002815277","0.5657388214424762","61.14","0.4","0.4"
"22:38374032:T>C","NM_006941.4:c.539A>G","NP_008872.1:p.Asn180Ser","Unknown significance","null","missense_variant","3/4","null","180","MODERATE","12.57","null","0.0062822","gnomad_AF_afr_pass","164.98169908813006","1.03225116022653","76.13","-0.0","0.0"
"22:38374041:C>T","NM_006941.4:c.530G>A","NP_008872.1:p.Arg177Gln","Likely pathogenic","Kallmann syndrome","missense_variant","3/4","null","177","MODERATE","26.3","null","0","null","255.3181593088334","0.947638896458285","88.81","-0.0","0.0"
"22:38374047:G>A","NM_006941.4:c.524C>T","NP_008872.1:p.Pro175Leu","Pathogenic","Peripheral demyelinating neuropathy-Central dysmyelinating leukodystrophy-Waardenburg syndrome","missense_variant","3/4","null","175","MODERATE","26.0","null","0","null","112.61560473954624","0.7159283279556908","90.8","-0.4","0.4"
"22:38374047:G>C","NM_006941.4:c.524C>G","NP_008872.1:p.Pro175Arg","Pathogenic","Peripheral demyelinating neuropathy-Central dysmyelinating leukodystrophy-Waardenburg syndrome-Hirschsprung disease","missense_variant","3/4","null","175","MODERATE","25.3","null","0","null","112.61560473954624","0.7159283279556908","90.8","-0.4","0.4"
"22:38374048:G>A","NM_006941.4:c.523C>T","NP_008872.1:p.Pro175Ser","Pathogenic","Peripheral demyelinating neuropathy-Central dysmyelinating leukodystrophy-Waardenburg syndrome","missense_variant","3/4","null","175","MODERATE","25.2","null","0","null","112.61560473954624","0.7159283279556908","90.8","-0.5","0.5"
"22:38374048:G>C","NM_006941.4:c.523C>G","NP_008872.1:p.Pro175Ala","Pathogenic","Peripheral demyelinating neuropathy-Central dysmyelinating leukodystrophy-Waardenburg syndrome-Hirschsprung disease","missense_variant","3/4","null","175","MODERATE","24.5","null","0","null","112.61560473954624","0.7159283279556908","90.8","-0.6","0.6"
"22:38374050:T>G","NM_006941.4:c.521A>C","NP_008872.1:p.Gln174Pro","Pathogenic","Cochlear nerve aplasia, CNS hypomyelination, & hyperpigmentation","missense_variant","3/4","null","174","MODERATE","25.4","null","0","null","107.42306099143632","0.5432219343319745","91.52","-0.4","0.4"
"22:38374060:A>G","NM_006941.4:c.511T>C","NP_008872.1:p.Tyr171His","Pathogenic","Waardenburg syndrome 2","missense_variant","3/4","null","171","MODERATE","26.3","High_mobility_group_box_domain&High_mobility_group_box_domain&High_mobility_group_box_domain&High_mobility_group_box_domain&High_mobility_group_box_domain&High_mobility_group_box_domain&High_mobility_group_box_domain&High_mobility_group_box_domain&High_mobility_group_box_domain","0","null","49.86956099876063","0.20786629764798747","95.81","-1.7","1.7"
"22:38374065:G>A","NM_006941.4:c.506C>T","NP_008872.1:p.Pro169Leu","Pathogenic","Congenital deafness","missense_variant","3/4","null","169","MODERATE","26.6","High_mobility_group_box_domain&High_mobility_group_box_domain&High_mobility_group_box_domain&High_mobility_group_box_domain&High_mobility_group_box_domain&High_mobility_group_box_domain&High_mobility_group_box_domain&High_mobility_group_box_domain&High_mobility_group_box_domain","0","null","108.78203962351905","0.6915573016669795","96.27","-0.2","0.2"
"22:38374077:T>C","NM_006941.4:c.494A>G","NP_008872.1:p.Lys165Arg","Unknown significance","null","missense_variant","3/4","null","165","MODERATE","25.8","High_mobility_group_box_domain&High_mobility_group_box_domain&High_mobility_group_box_domain&High_mobility_group_box_domain&High_mobility_group_box_domain&High_mobility_group_box_domain&High_mobility_group_box_domain&High_mobility_group_box_domain&High_mobility_group_box_domain","0.000911079","gnomad_AF_nfe_pass","170.23200562002015","0.7191441175630268","97.9","0.3","0.3"
"22:38374085:C>T","NM_006941.4:c.486G>A","NP_008872.1:p.Met162Ile","Unknown significance","null","missense_variant","3/4","null","162","MODERATE","22.3","High_mobility_group_box_domain&High_mobility_group_box_domain&High_mobility_group_box_domain&High_mobility_group_box_domain&High_mobility_group_box_domain&High_mobility_group_box_domain&High_mobility_group_box_domain&High_mobility_group_box_domain&High_mobility_group_box_domain","0","null","125.16197098405999","0.5780267531473006","98.6","-0.0","0.0"
"22:38374089:C>T","NM_006941.4:c.482G>A","NP_008872.1:p.Arg161His","Pathogenic","Waardenburg syndrome 2","missense_variant","3/4","null","161","MODERATE","33","High_mobility_group_box_domain&High_mobility_group_box_domain&High_mobility_group_box_domain&High_mobility_group_box_domain&High_mobility_group_box_domain&High_mobility_group_box_domain&High_mobility_group_box_domain&High_mobility_group_box_domain&High_mobility_group_box_domain","0","null","152.50871570866954","0.5660513590011369","98.48","-0.4","0.4"
"22:38374090:G>A","NM_006941.4:c.481C>T","NP_008872.1:p.Arg161Cys","Pathogenic","Kallmann syndrome","missense_variant","3/4","null","161","MODERATE","28.1","High_mobility_group_box_domain&High_mobility_group_box_domain&High_mobility_group_box_domain&High_mobility_group_box_domain&High_mobility_group_box_domain&High_mobility_group_box_domain&High_mobility_group_box_domain&High_mobility_group_box_domain&High_mobility_group_box_domain","0","null","152.50871570866954","0.5660513590011369","98.48","-0.9","0.9"
"22:38374092:A>G","NM_006941.4:c.479T>C","NP_008872.1:p.Leu160Pro","Pathogenic","-","missense_variant","3/4","null","160","MODERATE","29.9","High_mobility_group_box_domain&High_mobility_group_box_domain&High_mobility_group_box_domain&High_mobility_group_box_domain&High_mobility_group_box_domain&High_mobility_group_box_domain&High_mobility_group_box_domain&High_mobility_group_box_domain&High_mobility_group_box_domain","0","null","40.85099196574892","0.21182645278305418","98.68","-1.4","1.4"
"22:38374096:G>A","NM_006941.4:c.475C>T","NP_008872.1:p.Arg159Trp","Likely pathogenic","Kallmann syndrome","missense_variant","3/4","null","159","MODERATE","25.5","High_mobility_group_box_domain&High_mobility_group_box_domain&High_mobility_group_box_domain&High_mobility_group_box_domain&High_mobility_group_box_domain&High_mobility_group_box_domain&High_mobility_group_box_domain&High_mobility_group_box_domain&High_mobility_group_box_domain","0","null","137.61825917207037","0.5107839395653165","98.76","0.1","0.1"
"22:38374101:G>A","NM_006941.4:c.470C>T","NP_008872.1:p.Ala157Val","Pathogenic","Waardenburg syndrome 4","missense_variant","3/4","null","157","MODERATE","28.2","High_mobility_group_box_domain&High_mobility_group_box_domain&High_mobility_group_box_domain&High_mobility_group_box_domain&High_mobility_group_box_domain&High_mobility_group_box_domain&High_mobility_group_box_domain&High_mobility_group_box_domain&High_mobility_group_box_domain","0","null","5.568719397257368","0.043793456203333365","98.72","-0.1","0.1"
"22:38374102:C>T","NM_006941.4:c.469G>A","NP_008872.1:p.Ala157Thr","Unknown significance","null","missense_variant","3/4","null","157","MODERATE","26.5","High_mobility_group_box_domain&High_mobility_group_box_domain&High_mobility_group_box_domain&High_mobility_group_box_domain&High_mobility_group_box_domain&High_mobility_group_box_domain&High_mobility_group_box_domain&High_mobility_group_box_domain&High_mobility_group_box_domain","0","null","5.568719397257368","0.043793456203333365","98.72","-0.6","0.6"
"22:38374116:G>A","NM_006941.4:c.455C>T","NP_008872.1:p.Pro152Leu","Unknown significance","null","missense_variant","3/4","null","152","MODERATE","27.2","High_mobility_group_box_domain&High_mobility_group_box_domain&High_mobility_group_box_domain&High_mobility_group_box_domain&High_mobility_group_box_domain&High_mobility_group_box_domain&High_mobility_group_box_domain&High_mobility_group_box_domain&High_mobility_group_box_domain","0","null","80.1812001067407","0.5097339099555666","98.44","0.1","0.1"
"22:38374119:C>G","NM_006941.4:c.452G>C","NP_008872.1:p.Arg151Pro","Likely pathogenic","-","missense_variant","3/4","null","151","MODERATE","29.5","High_mobility_group_box_domain&High_mobility_group_box_domain&High_mobility_group_box_domain&High_mobility_group_box_domain&High_mobility_group_box_domain&High_mobility_group_box_domain&High_mobility_group_box_domain&High_mobility_group_box_domain&High_mobility_group_box_domain","0","null","164.9746377927153","0.612319876207431","98.45","-0.6","0.6"
"22:38374119:C>T","NM_006941.4:c.452G>A","NP_008872.1:p.Arg151His","Unknown significance","null","missense_variant","3/4","null","151","MODERATE","28.9","High_mobility_group_box_domain&High_mobility_group_box_domain&High_mobility_group_box_domain&High_mobility_group_box_domain&High_mobility_group_box_domain&High_mobility_group_box_domain&High_mobility_group_box_domain&High_mobility_group_box_domain&High_mobility_group_box_domain","0","null","164.9746377927153","0.612319876207431","98.45","-0.2","0.2"
"22:38374120:G>A","NM_006941.4:c.451C>T","NP_008872.1:p.Arg151Cys","Pathogenic","Kallmann syndrome without deafness","missense_variant","3/4","null","151","MODERATE","28.2","High_mobility_group_box_domain&High_mobility_group_box_domain&High_mobility_group_box_domain&High_mobility_group_box_domain&High_mobility_group_box_domain&High_mobility_group_box_domain&High_mobility_group_box_domain&High_mobility_group_box_domain&High_mobility_group_box_domain","0","null","164.9746377927153","0.612319876207431","98.45","-0.7","0.7"
"22:38374121:C>G","NM_006941.4:c.450G>C","NP_008872.1:p.Lys150Asn","Pathogenic","Peripheral demyelinating neuropathy-Central dysmyelinating leukodystrophy-Waardenburg syndrome-Hirschsprung disease","missense_variant","3/4","null","150","MODERATE","24.5","High_mobility_group_box_domain&High_mobility_group_box_domain&High_mobility_group_box_domain&High_mobility_group_box_domain&High_mobility_group_box_domain&High_mobility_group_box_domain&High_mobility_group_box_domain&High_mobility_group_box_domain&High_mobility_group_box_domain","0","null","36.77452766597978","0.15535377822064467","98.43","-0.5","0.5"
"22:38374125:T>C","NM_006941.4:c.446A>G","NP_008872.1:p.Asp149Gly","Unknown significance","null","missense_variant","3/4","null","149","MODERATE","27.6","High_mobility_group_box_domain&High_mobility_group_box_domain&High_mobility_group_box_domain&High_mobility_group_box_domain&High_mobility_group_box_domain&High_mobility_group_box_domain&High_mobility_group_box_domain&High_mobility_group_box_domain&High_mobility_group_box_domain","0","null","55.47120693616864","0.34673873243134035","98.06","-0.9","0.9"
"22:38374131:T>C","NM_006941.4:c.440A>G","NP_008872.1:p.Glu147Gly","Unknown significance","null","missense_variant","3/4","null","147","MODERATE","26.9","High_mobility_group_box_domain&High_mobility_group_box_domain&High_mobility_group_box_domain&High_mobility_group_box_domain&High_mobility_group_box_domain&High_mobility_group_box_domain&High_mobility_group_box_domain&High_mobility_group_box_domain&High_mobility_group_box_domain","0.00592347","gnomad_AF_eas_pass","122.64288456309725","0.6280656313306492","97.89","-0.5","0.5"
"22:38374132:C>T","NM_006941.4:c.439G>A","NP_008872.1:p.Glu147Lys","Unknown significance","null","missense_variant","3/4","null","147","MODERATE","29.8","High_mobility_group_box_domain&High_mobility_group_box_domain&High_mobility_group_box_domain&High_mobility_group_box_domain&High_mobility_group_box_domain&High_mobility_group_box_domain&High_mobility_group_box_domain&High_mobility_group_box_domain&High_mobility_group_box_domain","0","null","122.64288456309725","0.6280656313306492","97.89","-0.0","0.0"
"22:38374137:A>G","NM_006941.4:c.434T>C","NP_008872.1:p.Leu145Pro","Pathogenic","Waardenburg syndrome 4","missense_variant","3/4","null","145","MODERATE","26.5","High_mobility_group_box_domain&High_mobility_group_box_domain&High_mobility_group_box_domain&High_mobility_group_box_domain&High_mobility_group_box_domain&High_mobility_group_box_domain&High_mobility_group_box_domain&High_mobility_group_box_domain&High_mobility_group_box_domain","0","null","36.735839882328975","0.19048797294333553","97.78","-2.2","2.2"
"22:38379366:C>A","NM_006941.4:c.426G>T","NP_008872.1:p.Trp142Cys","Pathogenic","-","missense_variant&splice_region_variant","2/4","null","142","MODERATE","34","High_mobility_group_box_domain&High_mobility_group_box_domain&High_mobility_group_box_domain&High_mobility_group_box_domain&High_mobility_group_box_domain&High_mobility_group_box_domain&High_mobility_group_box_domain&High_mobility_group_box_domain&High_mobility_group_box_domain","0","null","39.42640885775313","0.15029421297708465","98.62","-4.5","4.5"
"22:38379366:C>G","NM_006941.4:c.426G>C","NP_008872.1:p.Trp142Cys","Likely pathogenic","Waardenburg syndrome 2","missense_variant&splice_region_variant","2/4","null","142","MODERATE","33","High_mobility_group_box_domain&High_mobility_group_box_domain&High_mobility_group_box_domain&High_mobility_group_box_domain&High_mobility_group_box_domain&High_mobility_group_box_domain&High_mobility_group_box_domain&High_mobility_group_box_domain&High_mobility_group_box_domain","0","null","39.42640885775313","0.15029421297708465","98.62","-4.5","4.5"
"22:38379367:C>G","NM_006941.4:c.425G>C","NP_008872.1:p.Trp142Ser","Pathogenic","-","missense_variant","2/4","null","142","MODERATE","31","High_mobility_group_box_domain&High_mobility_group_box_domain&High_mobility_group_box_domain&High_mobility_group_box_domain&High_mobility_group_box_domain&High_mobility_group_box_domain&High_mobility_group_box_domain&High_mobility_group_box_domain&High_mobility_group_box_domain","0","null","39.42640885775313","0.15029421297708465","98.62","-5.4","5.4"
"22:38379368:A>G","NM_006941.4:c.424T>C","NP_008872.1:p.Trp142Arg","Likely pathogenic","Kallmann syndrome with deafness","missense_variant","2/4","null","142","MODERATE","29.3","High_mobility_group_box_domain&High_mobility_group_box_domain&High_mobility_group_box_domain&High_mobility_group_box_domain&High_mobility_group_box_domain&High_mobility_group_box_domain&High_mobility_group_box_domain&High_mobility_group_box_domain&High_mobility_group_box_domain","0","null","39.42640885775313","0.15029421297708465","98.62","-4.6","4.6"
"22:38379370:A>G","NM_006941.4:c.422T>C","NP_008872.1:p.Leu141Pro","Pathogenic","Waardenburg syndrome","missense_variant","2/4","null","141","MODERATE","29.0","High_mobility_group_box_domain&High_mobility_group_box_domain&High_mobility_group_box_domain&High_mobility_group_box_domain&High_mobility_group_box_domain&High_mobility_group_box_domain&High_mobility_group_box_domain&High_mobility_group_box_domain&High_mobility_group_box_domain","0","null","72.79618592844712","0.37747327786525975","98.12","-1.2","1.2"
"22:38379377:C>A","NM_006941.4:c.415G>T","NP_008872.1:p.Gly139Cys","Pathogenic","Waardenburg syndrome 2E","missense_variant","2/4","null","139","MODERATE","31","High_mobility_group_box_domain&High_mobility_group_box_domain&High_mobility_group_box_domain&High_mobility_group_box_domain&High_mobility_group_box_domain&High_mobility_group_box_domain&High_mobility_group_box_domain&High_mobility_group_box_domain&High_mobility_group_box_domain","0","null","25.50423257763493","0.2674908469086874","98.39","-0.3","0.3"
"22:38379388:C>G","NM_006941.4:c.404G>C","NP_008872.1:p.Ser135Thr","Pathogenic","Yemenite deaf-blind hypopigmentation syndrome","missense_variant","2/4","null","135","MODERATE","27.1","High_mobility_group_box_domain&High_mobility_group_box_domain&High_mobility_group_box_domain&High_mobility_group_box_domain&High_mobility_group_box_domain&High_mobility_group_box_domain&High_mobility_group_box_domain&High_mobility_group_box_domain&High_mobility_group_box_domain","0","null","37.65575175005703","0.27305138346697655","98.02","0.2","0.2"
"22:38379388:C>T","NM_006941.4:c.404G>A","NP_008872.1:p.Ser135Asn","Likely pathogenic","-","missense_variant","2/4","null","135","MODERATE","26.9","High_mobility_group_box_domain&High_mobility_group_box_domain&High_mobility_group_box_domain&High_mobility_group_box_domain&High_mobility_group_box_domain&High_mobility_group_box_domain&High_mobility_group_box_domain&High_mobility_group_box_domain&High_mobility_group_box_domain","0","null","37.65575175005703","0.27305138346697655","98.02","-0.3","0.3"
"22:38379389:T>C","NM_006941.4:c.403A>G","NP_008872.1:p.Ser135Gly","Likely pathogenic","Kallmann syndrome","missense_variant","2/4","null","135","MODERATE","26.2","High_mobility_group_box_domain&High_mobility_group_box_domain&High_mobility_group_box_domain&High_mobility_group_box_domain&High_mobility_group_box_domain&High_mobility_group_box_domain&High_mobility_group_box_domain&High_mobility_group_box_domain&High_mobility_group_box_domain","0","null","37.65575175005703","0.27305138346697655","98.02","-0.8","0.8"
"22:38379389:T>G","NM_006941.4:c.403A>C","NP_008872.1:p.Ser135Arg","Likely pathogenic","Waardenburg syndrome","missense_variant","2/4","null","135","MODERATE","27.4","High_mobility_group_box_domain&High_mobility_group_box_domain&High_mobility_group_box_domain&High_mobility_group_box_domain&High_mobility_group_box_domain&High_mobility_group_box_domain&High_mobility_group_box_domain&High_mobility_group_box_domain&High_mobility_group_box_domain","0","null","37.65575175005703","0.27305138346697655","98.02","-0.0","0.0"
"22:38379391:A>G","NM_006941.4:c.401T>C","NP_008872.1:p.Leu134Pro","Likely pathogenic","-","missense_variant","2/4","null","134","MODERATE","28.6","High_mobility_group_box_domain&High_mobility_group_box_domain&High_mobility_group_box_domain&High_mobility_group_box_domain&High_mobility_group_box_domain&High_mobility_group_box_domain&High_mobility_group_box_domain&High_mobility_group_box_domain&High_mobility_group_box_domain","0","null","0.11389873508488393","5.906041412589587E-4","97.97","-2.9","2.9"
"22:38379392:G>A","NM_006941.4:c.400C>T","NP_008872.1:p.Leu134Phe","Unknown significance","null","missense_variant","2/4","null","134","MODERATE","28.3","High_mobility_group_box_domain&High_mobility_group_box_domain&High_mobility_group_box_domain&High_mobility_group_box_domain&High_mobility_group_box_domain&High_mobility_group_box_domain&High_mobility_group_box_domain&High_mobility_group_box_domain&High_mobility_group_box_domain","0","null","0.11389873508488393","5.906041412589587E-4","97.97","-0.3","0.3"
"22:38379394:T>C","NM_006941.4:c.398A>G","NP_008872.1:p.Glu133Gly","Pathogenic","Waardenburg syndrome 2","missense_variant","2/4","null","133","MODERATE","31","High_mobility_group_box_domain&High_mobility_group_box_domain&High_mobility_group_box_domain&High_mobility_group_box_domain&High_mobility_group_box_domain&High_mobility_group_box_domain&High_mobility_group_box_domain&High_mobility_group_box_domain&High_mobility_group_box_domain","0","null","80.31129392735092","0.4112816141201591","97.63","-0.7","0.7"
"22:38379401:T>C","NM_006941.4:c.391A>G","NP_008872.1:p.Asn131Asp","Pathogenic","Waardenburg syndrome 2E","missense_variant","2/4","null","131","MODERATE","27.0","High_mobility_group_box_domain&High_mobility_group_box_domain&High_mobility_group_box_domain&High_mobility_group_box_domain&High_mobility_group_box_domain&High_mobility_group_box_domain&High_mobility_group_box_domain&High_mobility_group_box_domain&High_mobility_group_box_domain","0","null","81.65389036323431","0.5108889260464813","97.01","-0.3","0.3"
"22:38379401:T>G","NM_006941.4:c.391A>C","NP_008872.1:p.Asn131His","Pathogenic","Peripheral demyelinating neuropathy-Central dysmyelinating leukodystrophy-Waardenburg syndrome-Hirschsprung disease","missense_variant","2/4","null","131","MODERATE","26.5","High_mobility_group_box_domain&High_mobility_group_box_domain&High_mobility_group_box_domain&High_mobility_group_box_domain&High_mobility_group_box_domain&High_mobility_group_box_domain&High_mobility_group_box_domain&High_mobility_group_box_domain&High_mobility_group_box_domain","0","null","81.65389036323431","0.5108889260464813","97.01","0.3","0.3"
"22:38379416:A>G","NM_006941.4:c.376T>C","NP_008872.1:p.Tyr126His","Unknown significance","null","missense_variant","2/4","null","126","MODERATE","24.5","High_mobility_group_box_domain&High_mobility_group_box_domain&High_mobility_group_box_domain&High_mobility_group_box_domain&High_mobility_group_box_domain&High_mobility_group_box_domain&High_mobility_group_box_domain&High_mobility_group_box_domain&High_mobility_group_box_domain","0.0114916","gnomad_AF_afr_pass","108.3442676030307","0.4516005620860486","96.59","-0.5","0.5"
"22:38379424:G>A","NM_006941.4:c.368C>T","NP_008872.1:p.Ala123Val","Unknown significance","null","missense_variant","2/4","null","123","MODERATE","27.8","High_mobility_group_box_domain&High_mobility_group_box_domain&High_mobility_group_box_domain&High_mobility_group_box_domain&High_mobility_group_box_domain&High_mobility_group_box_domain&High_mobility_group_box_domain&High_mobility_group_box_domain&High_mobility_group_box_domain","0","null","25.099668750855223","0.19738851354229076","97.44","0.6","0.6"
"22:38379428:G>C","NM_006941.4:c.364C>G","NP_008872.1:p.Leu122Val","Likely pathogenic","-","missense_variant","2/4","null","122","MODERATE","24.4","High_mobility_group_box_domain&High_mobility_group_box_domain&High_mobility_group_box_domain&High_mobility_group_box_domain&High_mobility_group_box_domain&High_mobility_group_box_domain&High_mobility_group_box_domain&High_mobility_group_box_domain&High_mobility_group_box_domain","0","null","28.416527324576435","0.1473494741235326","96.79","-0.3","0.3"
"22:38379446:G>C","NM_006941.4:c.346C>G","NP_008872.1:p.Gln116Glu","Pathogenic","Waardenburg syndrome","missense_variant","2/4","null","116","MODERATE","25.6","High_mobility_group_box_domain&High_mobility_group_box_domain&High_mobility_group_box_domain&High_mobility_group_box_domain&High_mobility_group_box_domain&High_mobility_group_box_domain&High_mobility_group_box_domain&High_mobility_group_box_domain&High_mobility_group_box_domain","0","null","114.47972511459622","0.5789064018898256","98.52","-0.2","0.2"
"22:38379452:A>G","NM_006941.4:c.340T>C","NP_008872.1:p.Trp114Arg","Pathogenic","Waardenburg syndrome 2","missense_variant","2/4","null","114","MODERATE","28.7","High_mobility_group_box_domain&High_mobility_group_box_domain&High_mobility_group_box_domain&High_mobility_group_box_domain&High_mobility_group_box_domain&High_mobility_group_box_domain&High_mobility_group_box_domain&High_mobility_group_box_domain&High_mobility_group_box_domain","0","null","20.742398103125005","0.07907041215480885","98.67","-3.1","3.1"
"22:38379456:C>G","NM_006941.4:c.336G>C","NP_008872.1:p.Met112Ile","Pathogenic","Waardenburg syndrome 2","missense_variant","2/4","null","112","MODERATE","26.9","High_mobility_group_box_domain&High_mobility_group_box_domain&High_mobility_group_box_domain&High_mobility_group_box_domain&High_mobility_group_box_domain&High_mobility_group_box_domain&High_mobility_group_box_domain&High_mobility_group_box_domain&High_mobility_group_box_domain","0","null","89.69439557900532","0.41422933694967823","98.66","0.0","0.0"
"22:38379456:C>T","NM_006941.4:c.336G>A","NP_008872.1:p.Met112Ile","Pathogenic","Peripheral demyelinating neuropathy-Central dysmyelinating leukodystrophy-Waardenburg syndrome-Hirschsprung disease","missense_variant","2/4","null","112","MODERATE","27.6","High_mobility_group_box_domain&High_mobility_group_box_domain&High_mobility_group_box_domain&High_mobility_group_box_domain&High_mobility_group_box_domain&High_mobility_group_box_domain&High_mobility_group_box_domain&High_mobility_group_box_domain&High_mobility_group_box_domain","0","null","89.69439557900532","0.41422933694967823","98.66","0.0","0.0"
"22:38379458:T>C","NM_006941.4:c.334A>G","NP_008872.1:p.Met112Val","Unknown significance","-","missense_variant","2/4","null","112","MODERATE","25.3","High_mobility_group_box_domain&High_mobility_group_box_domain&High_mobility_group_box_domain&High_mobility_group_box_domain&High_mobility_group_box_domain&High_mobility_group_box_domain&High_mobility_group_box_domain&High_mobility_group_box_domain&High_mobility_group_box_domain","0","null","89.69439557900532","0.41422933694967823","98.66","-0.3","0.3"
"22:38379461:A>C","NM_006941.4:c.331T>G","NP_008872.1:p.Phe111Val","Pathogenic","Kallmann syndrome with deafness","missense_variant","2/4","null","111","MODERATE","27.9","High_mobility_group_box_domain&High_mobility_group_box_domain&High_mobility_group_box_domain&High_mobility_group_box_domain&High_mobility_group_box_domain&High_mobility_group_box_domain&High_mobility_group_box_domain&High_mobility_group_box_domain&High_mobility_group_box_domain","0","null","35.60220584277017","0.1549603784889068","98.72","-2.0","2.0"
"22:38379461:A>G","NM_006941.4:c.331T>C","NP_008872.1:p.Phe111Leu","Pathogenic","Waardenburg syndrome 2","missense_variant","2/4","null","111","MODERATE","28.9","High_mobility_group_box_domain&High_mobility_group_box_domain&High_mobility_group_box_domain&High_mobility_group_box_domain&High_mobility_group_box_domain&High_mobility_group_box_domain&High_mobility_group_box_domain&High_mobility_group_box_domain&High_mobility_group_box_domain","0","null","35.60220584277017","0.1549603784889068","98.72","-1.6","1.6"
"22:38379463:G>A","NM_006941.4:c.329C>T","NP_008872.1:p.Ala110Val","Unknown significance","-","missense_variant","2/4","null","110","MODERATE","28.4","High_mobility_group_box_domain&High_mobility_group_box_domain&High_mobility_group_box_domain&High_mobility_group_box_domain&High_mobility_group_box_domain&High_mobility_group_box_domain&High_mobility_group_box_domain&High_mobility_group_box_domain&High_mobility_group_box_domain","0","null","15.414767583685752","0.12122463009954844","98.54","0.1","0.1"
"22:38379466:T>C","NM_006941.4:c.326A>G","NP_008872.1:p.Asn109Ser","Pathogenic","Waardenburg syndrome 2","missense_variant","2/4","null","109","MODERATE","25.6","High_mobility_group_box_domain&High_mobility_group_box_domain&High_mobility_group_box_domain&High_mobility_group_box_domain&High_mobility_group_box_domain&High_mobility_group_box_domain&High_mobility_group_box_domain&High_mobility_group_box_domain&High_mobility_group_box_domain","0","null","93.56090900668103","0.5853883031135775","98.48","-0.1","0.1"
"22:38379469:A>G","NM_006941.4:c.323T>C","NP_008872.1:p.Met108Thr","Pathogenic","Kallmann syndrome without deafness","missense_variant","2/4","null","108","MODERATE","26.1","High_mobility_group_box_domain&High_mobility_group_box_domain&High_mobility_group_box_domain&High_mobility_group_box_domain&High_mobility_group_box_domain&High_mobility_group_box_domain&High_mobility_group_box_domain&High_mobility_group_box_domain&High_mobility_group_box_domain","0","null","40.17508375809225","0.18553777189293694","98.39","-0.9","0.9"
"22:38379476:G>A","NM_006941.4:c.316C>T","NP_008872.1:p.Arg106Trp","Pathogenic","Waardenburg syndrome 4","missense_variant","2/4","null","106","MODERATE","27.8","High_mobility_group_box_domain&High_mobility_group_box_domain&High_mobility_group_box_domain&High_mobility_group_box_domain&High_mobility_group_box_domain&High_mobility_group_box_domain&High_mobility_group_box_domain&High_mobility_group_box_domain&High_mobility_group_box_domain","0","null","143.76755933771906","0.53360768245435","97.03","0.0","0.0"
"22:38379476:G>C","NM_006941.4:c.316C>G","NP_008872.1:p.Arg106Gly","Likely pathogenic","-","missense_variant","2/4","null","106","MODERATE","25.6","High_mobility_group_box_domain&High_mobility_group_box_domain&High_mobility_group_box_domain&High_mobility_group_box_domain&High_mobility_group_box_domain&High_mobility_group_box_domain&High_mobility_group_box_domain&High_mobility_group_box_domain&High_mobility_group_box_domain","0","null","143.76755933771906","0.53360768245435","97.03","-1.0","1.0"
"22:38379479:T>G","NM_006941.4:c.313A>C","NP_008872.1:p.Lys105Gln","Unknown significance","-","missense_variant","2/4","null","105","MODERATE","27.0","High_mobility_group_box_domain&High_mobility_group_box_domain&High_mobility_group_box_domain&High_mobility_group_box_domain&High_mobility_group_box_domain&High_mobility_group_box_domain&High_mobility_group_box_domain&High_mobility_group_box_domain&High_mobility_group_box_domain","0","null","176.38237333772446","0.7451263102119773","95.47","0.2","0.2"
"22:38379482:C>T","NM_006941.4:c.310G>A","NP_008872.1:p.Val104Ile","Unknown significance","null","missense_variant","2/4","null","104","MODERATE","26.5","High_mobility_group_box_domain&High_mobility_group_box_domain&High_mobility_group_box_domain&High_mobility_group_box_domain&High_mobility_group_box_domain&High_mobility_group_box_domain&High_mobility_group_box_domain&High_mobility_group_box_domain&High_mobility_group_box_domain","0.00291869","gnomad_AF_amr_pass","27.67391631565543","0.16099584975514833","93.72","0.3","0.3"
"22:38379488:G>A","NM_006941.4:c.304C>T","NP_008872.1:p.Pro102Ser","Unknown significance","null","missense_variant","2/4","null","102","MODERATE","27.0","null","0.00330229","gnomad_AF_sas_pass","112.2597189173022","0.7136658640435929","80.44","0.0","0.0"
"22:38379488:G>T","NM_006941.4:c.304C>A","NP_008872.1:p.Pro102Thr","Unknown significance","null","missense_variant","2/4","null","102","MODERATE","26.2","null","0.00330229","gnomad_AF_sas_pass","112.2597189173022","0.7136658640435929","80.44","0.1","0.1"
"22:38379493:C>T","NM_006941.4:c.299G>A","NP_008872.1:p.Ser100Asn","Unknown significance","null","missense_variant","2/4","null","100","MODERATE","18.41","null","0","gnomad_AF_afr_pass,gnomad_AF_sas_pass,gnomad_AF_amr_pass,gnomad_AF_eas_pass,gnomad_AF_nfe_pass","26.89050947695374","0.1949898879605542","61.33","0.2","0.2"
"22:38379511:A>G","NM_006941.4:c.281T>C","NP_008872.1:p.Val94Ala","Unknown significance","null","missense_variant","2/4","null","94","MODERATE","23.7","null","0","null","159.92667531371296","0.9303898550882467","56.18","-0.1","0.1"
"22:38379515:G>A","NM_006941.4:c.277C>T","NP_008872.1:p.Arg93Cys","Unknown significance","null","missense_variant","2/4","null","93","MODERATE","31","Sox_developmental_protein_N-terminal&Sox_developmental_protein_N-terminal&Sox_developmental_protein_N-terminal","0","null","170.97830881707148","0.6346031019663072","55.8","-0.6","0.6"
"22:38379518:C>G","NM_006941.4:c.274G>C","NP_008872.1:p.Val92Leu","Likely benign","-","missense_variant","2/4","null","92","MODERATE","26.5","Sox_developmental_protein_N-terminal&Sox_developmental_protein_N-terminal&Sox_developmental_protein_N-terminal","0.0363091","gnomad_AF_nfe_pass","72.28158156361536","0.4205055227003459","56.09","-0.2","0.2"
"22:38379518:C>T","NM_006941.4:c.274G>A","NP_008872.1:p.Val92Met","Unknown significance","null","missense_variant","2/4","null","92","MODERATE","27.3","Sox_developmental_protein_N-terminal&Sox_developmental_protein_N-terminal&Sox_developmental_protein_N-terminal","0.00657895","gnomad_AF_afr_pass","72.28158156361536","0.4205055227003459","56.09","-0.1","0.1"
"22:38379521:G>T","NM_006941.4:c.271C>A","NP_008872.1:p.Pro91Thr","Unknown significance","null","missense_variant","2/4","null","91","MODERATE","25.9","Sox_developmental_protein_N-terminal&Sox_developmental_protein_N-terminal&Sox_developmental_protein_N-terminal","0","null","118.20938252906846","0.7514895096326918","68.48","-0.1","0.1"
"22:38379522:C>T","NM_006941.4:c.270G>A","NP_008872.1:p.Met90Ile","Unknown significance","null","missense_variant","2/4","null","90","MODERATE","26.6","Sox_developmental_protein_N-terminal&Sox_developmental_protein_N-terminal&Sox_developmental_protein_N-terminal","0","null","47.94674616709576","0.22142909537972777","73.47","-0.1","0.1"
"22:38379526:G>A","NM_006941.4:c.266C>T","NP_008872.1:p.Pro89Leu","Unknown significance","null","missense_variant","2/4","null","89","MODERATE","28.4","Sox_developmental_protein_N-terminal&Sox_developmental_protein_N-terminal&Sox_developmental_protein_N-terminal","0","null","154.18810159458758","0.9802161078882118","74.5","-0.0","0.0"
"22:38379542:C>A","NM_006941.4:c.250G>T","NP_008872.1:p.Asp84Tyr","Unknown significance","null","missense_variant","2/4","null","84","MODERATE","28.5","Sox_developmental_protein_N-terminal&Sox_developmental_protein_N-terminal&Sox_developmental_protein_N-terminal","0","null","81.08215460265016","0.5068273265097037","78.38","0.3","0.3"
"22:38379547:C>T","NM_006941.4:c.245G>A","NP_008872.1:p.Gly82Asp","Unknown significance","null","missense_variant","2/4","null","82","MODERATE","27.5","Sox_developmental_protein_N-terminal&Sox_developmental_protein_N-terminal&Sox_developmental_protein_N-terminal","0","null","76.01091287312931","0.7972097728031803","85.35","-0.1","0.1"
"22:38379554:G>C","NM_006941.4:c.238C>G","NP_008872.1:p.Leu80Val","Pathogenic","Kallmann syndrome","missense_variant","2/4","null","80","MODERATE","24.5","Sox_developmental_protein_N-terminal&Sox_developmental_protein_N-terminal&Sox_developmental_protein_N-terminal","0","null","100.68298298635679","0.5220759182420397","88.91","-0.3","0.3"
"22:38379581:A>C","NM_006941.4:c.211T>G","NP_008872.1:p.Cys71Gly","Unknown significance","-","missense_variant","2/4","null","71","MODERATE","22.4","Sox_developmental_protein_N-terminal&Sox_developmental_protein_N-terminal&Sox_developmental_protein_N-terminal","0.00878889","gnomad_AF_amr_pass","104.08435021618732","0.6735630014014115","92.94","-0.5","0.5"
"22:38379583:A>G","NM_006941.4:c.209T>C","NP_008872.1:p.Val70Ala","Unknown significance","null","missense_variant","2/4","null","70","MODERATE","18.96","Sox_developmental_protein_N-terminal&Sox_developmental_protein_N-terminal&Sox_developmental_protein_N-terminal","0.00553649","gnomad_AF_eas_pass","99.92355571978355","0.5813155456628204","90.23","-0.5","0.5"
"22:38379584:C>G","NM_006941.4:c.208G>C","NP_008872.1:p.Val70Leu","Unknown significance","null","missense_variant","2/4","null","70","MODERATE","23.3","Sox_developmental_protein_N-terminal&Sox_developmental_protein_N-terminal&Sox_developmental_protein_N-terminal","0.00645911","gnomad_AF_afr_pass","99.92355571978355","0.5813155456628204","90.23","-0.1","0.1"
"22:38379587:G>A","NM_006941.4:c.205C>T","NP_008872.1:p.Pro69Ser","Unknown significance","null","missense_variant","2/4","null","69","MODERATE","25.7","Sox_developmental_protein_N-terminal&Sox_developmental_protein_N-terminal&Sox_developmental_protein_N-terminal","0.000915148","gnomad_AF_nfe_pass","100.05660713513001","0.6360873309950642","90.89","-0.4","0.4"
"22:38379588:G>T","NM_006941.4:c.204C>A","NP_008872.1:p.Phe68Leu","Unknown significance","null","missense_variant","2/4","null","68","MODERATE","27.7","Sox_developmental_protein_N-terminal&Sox_developmental_protein_N-terminal&Sox_developmental_protein_N-terminal","0.00292946","gnomad_AF_amr_pass","106.96744548143216","0.46558114716255167","86.8","-0.4","0.4"
"22:38379590:A>G","NM_006941.4:c.202T>C","NP_008872.1:p.Phe68Leu","Unknown significance","-","missense_variant","2/4","null","68","MODERATE","27.3","Sox_developmental_protein_N-terminal&Sox_developmental_protein_N-terminal&Sox_developmental_protein_N-terminal","0","null","106.96744548143216","0.46558114716255167","86.8","-0.4","0.4"
"22:38379591:C>A","NM_006941.4:c.201G>T","NP_008872.1:p.Lys67Asn","Unknown significance","null","missense_variant","2/4","null","67","MODERATE","24.7","Sox_developmental_protein_N-terminal&Sox_developmental_protein_N-terminal&Sox_developmental_protein_N-terminal","0","null","156.69537363274628","0.6619586944705397","85.76","-0.1","0.1"
"22:38379594:G>T","NM_006941.4:c.198C>A","NP_008872.1:p.Asp66Glu","Unknown significance","null","missense_variant","2/4","null","66","MODERATE","16.62","Sox_developmental_protein_N-terminal&Sox_developmental_protein_N-terminal&Sox_developmental_protein_N-terminal","0","null","130.18424066897063","0.8137540371897524","80.94","0.0","0.0"
"22:38379599:C>T","NM_006941.4:c.193G>A","NP_008872.1:p.Asp65Asn","Unknown significance","null","missense_variant","2/4","null","65","MODERATE","26.0","Sox_developmental_protein_N-terminal&Sox_developmental_protein_N-terminal&Sox_developmental_protein_N-terminal","0","gnomad_AF_afr_pass,gnomad_AF_sas_pass,gnomad_AF_amr_pass,gnomad_AF_eas_pass,gnomad_AF_nfe_pass","75.04004877852704","0.46905940635099425","67.1","-0.1","0.1"
"22:38379600:G>T","NM_006941.4:c.192C>A","NP_008872.1:p.Asp64Glu","Unknown significance","null","missense_variant","2/4","null","64","MODERATE","17.38","Sox_developmental_protein_N-terminal&Sox_developmental_protein_N-terminal&Sox_developmental_protein_N-terminal","0.011542","gnomad_AF_afr_pass","98.44025177561656","0.6153291050648417","63.54","0.1","0.1"
"22:38379601:T>A","NM_006941.4:c.191A>T","NP_008872.1:p.Asp64Val","Likely pathogenic","Kallmann syndrome","missense_variant","2/4","null","64","MODERATE","22.8","Sox_developmental_protein_N-terminal&Sox_developmental_protein_N-terminal&Sox_developmental_protein_N-terminal","0.00462073","gnomad_AF_nfe_pass","98.44025177561656","0.6153291050648417","63.54","-0.1","0.1"
"22:38379601:T>C","NM_006941.4:c.191A>G","NP_008872.1:p.Asp64Gly","Unknown significance","null","missense_variant","2/4","null","64","MODERATE","22.9","Sox_developmental_protein_N-terminal&Sox_developmental_protein_N-terminal&Sox_developmental_protein_N-terminal","0.00831048","gnomad_AF_afr_pass","98.44025177561656","0.6153291050648417","63.54","-0.3","0.3"
"22:38379601:T>G","NM_006941.4:c.191A>C","NP_008872.1:p.Asp64Ala","Unknown significance","null","missense_variant","2/4","null","64","MODERATE","22.6","Sox_developmental_protein_N-terminal&Sox_developmental_protein_N-terminal&Sox_developmental_protein_N-terminal","0.00242762","gnomad_AF_nfe_pass","98.44025177561656","0.6153291050648417","63.54","-0.2","0.2"
"22:38379602:C>T","NM_006941.4:c.190G>A","NP_008872.1:p.Asp64Asn","Unknown significance","null","missense_variant","2/4","null","64","MODERATE","23.4","Sox_developmental_protein_N-terminal&Sox_developmental_protein_N-terminal&Sox_developmental_protein_N-terminal","0.00556174","gnomad_AF_eas_pass","98.44025177561656","0.6153291050648417","63.54","0.1","0.1"
"22:38379610:C>T","NM_006941.4:c.182G>A","NP_008872.1:p.Gly61Asp","Unknown significance","null","missense_variant","2/4","null","61","MODERATE","19.85","Sox_developmental_protein_N-terminal&Sox_developmental_protein_N-terminal&Sox_developmental_protein_N-terminal","0.00665646","gnomad_AF_sas_pass","41.14264220108974","0.4315079927588688","48.91","0.4","0.4"
"22:38379611:C>T","NM_006941.4:c.181G>A","NP_008872.1:p.Gly61Ser","Pathogenic","Waardenburg syndrome 4","missense_variant","2/4","null","61","MODERATE","18.18","Sox_developmental_protein_N-terminal&Sox_developmental_protein_N-terminal&Sox_developmental_protein_N-terminal","0","null","41.14264220108974","0.4315079927588688","48.91","0.5","0.5"
"22:38379613:T>A","NM_006941.4:c.179A>T","NP_008872.1:p.Asp60Val","Unknown significance","null","missense_variant","2/4","null","60","MODERATE","22.9","Sox_developmental_protein_N-terminal&Sox_developmental_protein_N-terminal&Sox_developmental_protein_N-terminal","0.00587061","gnomad_AF_amr_pass","146.6879541879356","0.9169152449954668","44.96","-0.0","0.0"
"22:38379613:T>C","NM_006941.4:c.179A>G","NP_008872.1:p.Asp60Gly","Unknown significance","null","missense_variant","2/4","null","60","MODERATE","21.8","Sox_developmental_protein_N-terminal&Sox_developmental_protein_N-terminal&Sox_developmental_protein_N-terminal","0","null","146.6879541879356","0.9169152449954668","44.96","-0.2","0.2"
"22:38379614:C>T","NM_006941.4:c.178G>A","NP_008872.1:p.Asp60Asn","Unknown significance","null","missense_variant","2/4","null","60","MODERATE","24.4","Sox_developmental_protein_N-terminal&Sox_developmental_protein_N-terminal&Sox_developmental_protein_N-terminal","0.00293169","gnomad_AF_amr_pass","146.6879541879356","0.9169152449954668","44.96","-0.0","0.0"
"22:38379616:T>A","NM_006941.4:c.176A>T","NP_008872.1:p.Gln59Leu","Unknown significance","null","missense_variant","2/4","null","59","MODERATE","18.72","Sox_developmental_protein_N-terminal&Sox_developmental_protein_N-terminal&Sox_developmental_protein_N-terminal","0.00665292","gnomad_AF_sas_pass","116.13007682797564","0.5872519772420447","37.04","-0.1","0.1"
"22:38379617:G>T","NM_006941.4:c.175C>A","NP_008872.1:p.Gln59Lys","Likely benign","null","missense_variant","2/4","null","59","MODERATE","19.21","Sox_developmental_protein_N-terminal&Sox_developmental_protein_N-terminal&Sox_developmental_protein_N-terminal","0.00649773","gnomad_AF_afr_pass","116.13007682797564","0.5872519772420447","37.04","-0.4","0.4"
"22:38379623:C>T","NM_006941.4:c.169G>A","NP_008872.1:p.Glu57Lys","Unknown significance","null","missense_variant","2/4","null","57","MODERATE","21.9","Sox_developmental_protein_N-terminal&Sox_developmental_protein_N-terminal&Sox_developmental_protein_N-terminal","0.00842886","gnomad_AF_nfe_pass","126.1594822460238","0.646074455501177","32.55","-0.5","0.5"
"22:38379629:T>C","NM_006941.4:c.163A>G","NP_008872.1:p.Lys55Glu","Unknown significance","null","missense_variant","2/4","null","55","MODERATE","20.3","Sox_developmental_protein_N-terminal&Sox_developmental_protein_N-terminal&Sox_developmental_protein_N-terminal","0.000937049","gnomad_AF_nfe_pass","203.12201517294227","0.8580877716099132","37.53","0.1","0.1"
"22:38379632:C>T","NM_006941.4:c.160G>A","NP_008872.1:p.Val54Ile","Unknown significance","null","missense_variant","2/4","null","54","MODERATE","19.27","Sox_developmental_protein_N-terminal&Sox_developmental_protein_N-terminal&Sox_developmental_protein_N-terminal","0","null","161.5748126314149","0.9399780631665693","36.34","0.0","0.0"
"22:38379633:C>G","NM_006941.4:c.159G>C","NP_008872.1:p.Lys53Asn","Likely benign","null","missense_variant","2/4","null","53","MODERATE","21.2","Sox_developmental_protein_N-terminal&Sox_developmental_protein_N-terminal&Sox_developmental_protein_N-terminal","0.000942134","gnomad_AF_nfe_pass","224.74923897835754","0.9494518527780571","37.14","0.0","0.0"
"22:38379647:C>T","NM_006941.4:c.145G>A","NP_008872.1:p.Gly49Ser","Unknown significance","null","missense_variant","2/4","null","49","MODERATE","20.6","Sox_developmental_protein_N-terminal&Sox_developmental_protein_N-terminal&Sox_developmental_protein_N-terminal","0","null","90.26293906461717","0.9466863957331695","37.29","0.1","0.1"
"22:38379649:G>A","NM_006941.4:c.143C>T","NP_008872.1:p.Pro48Leu","Unknown significance","null","missense_variant","2/4","null","48","MODERATE","21.2","Sox_developmental_protein_N-terminal&Sox_developmental_protein_N-terminal&Sox_developmental_protein_N-terminal","0","null","162.6640129957143","1.0340998044802023","44.88","-0.0","0.0"
"22:38379650:G>A","NM_006941.4:c.142C>T","NP_008872.1:p.Pro48Ser","Unknown significance","null","missense_variant","2/4","null","48","MODERATE","18.30","Sox_developmental_protein_N-terminal&Sox_developmental_protein_N-terminal&Sox_developmental_protein_N-terminal","0","null","162.6640129957143","1.0340998044802023","44.88","-0.0","0.0"
"22:38379652:C>A","NM_006941.4:c.140G>T","NP_008872.1:p.Gly47Val","Unknown significance","null","missense_variant","2/4","null","47","MODERATE","22.4","Sox_developmental_protein_N-terminal&Sox_developmental_protein_N-terminal&Sox_developmental_protein_N-terminal","0","gnomad_AF_afr_pass,gnomad_AF_sas_pass,gnomad_AF_amr_pass,gnomad_AF_eas_pass,gnomad_AF_nfe_pass","61.18903637565458","0.6417565049968708","33.18","0.2","0.2"
"22:38379655:G>A","NM_006941.4:c.137C>T","NP_008872.1:p.Pro46Leu","Unknown significance","null","missense_variant","2/4","null","46","MODERATE","22.8","Sox_developmental_protein_N-terminal&Sox_developmental_protein_N-terminal&Sox_developmental_protein_N-terminal","0","null","148.0409427453404","0.9411369308345711","41.52","0.0","0.0"
"22:38379656:G>A","NM_006941.4:c.136C>T","NP_008872.1:p.Pro46Ser","Unknown significance","null","missense_variant","2/4","null","46","MODERATE","20.7","Sox_developmental_protein_N-terminal&Sox_developmental_protein_N-terminal&Sox_developmental_protein_N-terminal","0","null","148.0409427453404","0.9411369308345711","41.52","0.1","0.1"
"22:38379661:G>C","NM_006941.4:c.131C>G","NP_008872.1:p.Ala44Gly","Pathogenic","Kallmann syndrome","missense_variant","2/4","null","44","MODERATE","20.3","Sox_developmental_protein_N-terminal&Sox_developmental_protein_N-terminal&Sox_developmental_protein_N-terminal","0.16372","gnomad_AF_eas_pass","100.5703153623796","0.7909038662186775","38.48","-0.1","0.1"
"22:38379661:G>T","NM_006941.4:c.131C>A","NP_008872.1:p.Ala44Asp","Unknown significance","null","missense_variant","2/4","null","44","MODERATE","21.0","Sox_developmental_protein_N-terminal&Sox_developmental_protein_N-terminal&Sox_developmental_protein_N-terminal","0.00102598","gnomad_AF_nfe_pass","100.5703153623796","0.7909038662186775","38.48","-0.1","0.1"
"22:38379670:C>A","NM_006941.4:c.122G>T","NP_008872.1:p.Gly41Val","Benign*","null","missense_variant","2/4","null","41","MODERATE","22.7","Sox_developmental_protein_N-terminal&Sox_developmental_protein_N-terminal&Sox_developmental_protein_N-terminal","0.726913","gnomad_AF_eas_pass","66.45160056902637","0.6969507849545739","33.55","0.1","0.1"
"22:38379670:C>T","NM_006941.4:c.122G>A","NP_008872.1:p.Gly41Asp","Unknown significance","null","missense_variant","2/4","null","41","MODERATE","20.7","Sox_developmental_protein_N-terminal&Sox_developmental_protein_N-terminal&Sox_developmental_protein_N-terminal","0.00110929","gnomad_AF_nfe_pass","66.45160056902637","0.6969507849545739","33.55","0.0","0.0"
"22:38379676:C>A","NM_006941.4:c.116G>T","NP_008872.1:p.Gly39Val","Unknown significance","null","missense_variant","2/4","null","39","MODERATE","19.74","Sox_developmental_protein_N-terminal&Sox_developmental_protein_N-terminal&Sox_developmental_protein_N-terminal","0","null","80.01962937363037","0.8392535774333251","28.4","0.1","0.1"
"22:38379679:C>T","NM_006941.4:c.113G>A","NP_008872.1:p.Gly38Asp","Unknown significance","null","missense_variant","2/4","null","38","MODERATE","20.3","Sox_developmental_protein_N-terminal&Sox_developmental_protein_N-terminal&Sox_developmental_protein_N-terminal","0.014339","gnomad_AF_eas_pass","86.6759037943847","0.9090652244469878","27.61","-0.0","0.0"
"22:38379683:C>T","NM_006941.4:c.109G>A","NP_008872.1:p.Gly37Ser","Unknown significance","null","missense_variant","2/4","null","37","MODERATE","23.9","Sox_developmental_protein_N-terminal&Sox_developmental_protein_N-terminal&Sox_developmental_protein_N-terminal","0.00391727","gnomad_AF_sas_pass","94.24775844911808","0.9884795651098089","27.87","0.0","0.0"
"22:38379686:C>T","NM_006941.4:c.106G>A","NP_008872.1:p.Gly36Ser","Unknown significance","null","missense_variant","2/4","null","36","MODERATE","22.8","Sox_developmental_protein_N-terminal&Sox_developmental_protein_N-terminal&Sox_developmental_protein_N-terminal","0","null","89.00870355818292","0.9335318529796169","27.15","0.1","0.1"
"22:38379694:G>A","NM_006941.4:c.98C>T","NP_008872.1:p.Pro33Leu","Unknown significance","null","missense_variant","2/4","null","33","MODERATE","22.1","Sox_developmental_protein_N-terminal&Sox_developmental_protein_N-terminal&Sox_developmental_protein_N-terminal","0.00158298","gnomad_AF_nfe_pass","161.00697548220498","1.023565561919855","42.46","-0.0","0.0"
"22:38379695:G>A","NM_006941.4:c.97C>T","NP_008872.1:p.Pro33Ser","Unknown significance","null","missense_variant","2/4","null","33","MODERATE","18.94","Sox_developmental_protein_N-terminal&Sox_developmental_protein_N-terminal&Sox_developmental_protein_N-terminal","0.00655222","gnomad_AF_nfe_pass","161.00697548220498","1.023565561919855","42.46","-0.0","0.0"
"22:38379721:G>T","NM_006941.4:c.71C>A","NP_008872.1:p.Ser24Tyr","Unknown significance","-","missense_variant","2/4","null","24","MODERATE","25.3","Sox_developmental_protein_N-terminal&Sox_developmental_protein_N-terminal&Sox_developmental_protein_N-terminal","0","null","114.21684744999246","0.8282152596093059","31.25","0.1","0.1"
"22:38379722:A>C","NM_006941.4:c.70T>G","NP_008872.1:p.Ser24Ala","Unknown significance","null","missense_variant","2/4","null","24","MODERATE","22.6","Sox_developmental_protein_N-terminal&Sox_developmental_protein_N-terminal&Sox_developmental_protein_N-terminal","0","null","114.21684744999246","0.8282152596093059","31.25","-0.1","0.1"
"22:38379730:C>T","NM_006941.4:c.62G>A","NP_008872.1:p.Arg21His","Unknown significance","null","missense_variant","2/4","null","21","MODERATE","22.0","Sox_developmental_protein_N-terminal&Sox_developmental_protein_N-terminal&Sox_developmental_protein_N-terminal","0","null","221.9348617352807","0.8237334470441918","38.55","-0.0","0.0"
"22:38379731:G>A","NM_006941.4:c.61C>T","NP_008872.1:p.Arg21Cys","Unknown significance","null","missense_variant","2/4","null","21","MODERATE","23.5","Sox_developmental_protein_N-terminal&Sox_developmental_protein_N-terminal&Sox_developmental_protein_N-terminal","0","null","221.9348617352807","0.8237334470441918","38.55","-0.4","0.4"
"22:38379731:G>T","NM_006941.4:c.61C>A","NP_008872.1:p.Arg21Ser","Unknown significance","null","missense_variant","2/4","null","21","MODERATE","21.2","Sox_developmental_protein_N-terminal&Sox_developmental_protein_N-terminal&Sox_developmental_protein_N-terminal","0.0123244","gnomad_AF_eas_pass","221.9348617352807","0.8237334470441918","38.55","-0.2","0.2"
"22:38379736:T>C","NM_006941.4:c.56A>G","NP_008872.1:p.Glu19Gly","Unknown significance","null","missense_variant","2/4","null","19","MODERATE","22.9","Sox_developmental_protein_N-terminal&Sox_developmental_protein_N-terminal&Sox_developmental_protein_N-terminal","0.00247439","gnomad_AF_nfe_pass","170.00036454055945","0.8705876958289845","31.74","-0.1","0.1"
"22:38379746:C>T","NM_006941.4:c.46G>A","NP_008872.1:p.Gly16Ser","Unknown significance","null","missense_variant","2/4","null","16","MODERATE","21.8","Sox_developmental_protein_N-terminal&Sox_developmental_protein_N-terminal&Sox_developmental_protein_N-terminal","0","null","67.62902658488338","0.7092997423754727","33.2","0.2","0.2"
"22:38379749:C>T","NM_006941.4:c.43G>A","NP_008872.1:p.Val15Met","Unknown significance","null","missense_variant","2/4","null","15","MODERATE","22.3","Sox_developmental_protein_N-terminal&Sox_developmental_protein_N-terminal&Sox_developmental_protein_N-terminal","0","null","148.47599451250136","0.8637743437584271","33.96","-0.0","0.0"
"22:38379753:G>C","NM_006941.4:c.39C>G","NP_008872.1:p.Ser13Arg","Unknown significance","null","missense_variant","2/4","null","13","MODERATE","22.4","Sox_developmental_protein_N-terminal&Sox_developmental_protein_N-terminal&Sox_developmental_protein_N-terminal","0","null","66.57099284604912","0.4827231126877286","34.03","0.3","0.3"
"22:38379754:C>T","NM_006941.4:c.38G>A","NP_008872.1:p.Ser13Asn","Unknown significance","null","missense_variant","2/4","null","13","MODERATE","23.2","Sox_developmental_protein_N-terminal&Sox_developmental_protein_N-terminal&Sox_developmental_protein_N-terminal","0","null","66.57099284604912","0.4827231126877286","34.03","-0.1","0.1"
"22:38379777:C>G","NM_006941.4:c.15G>C","NP_008872.1:p.Gln5His","Likely benign","null","missense_variant","2/4","null","5","MODERATE","14.39","null","0.0156937","gnomad_AF_amr_pass","149.06947247552958","0.7538214461647085","41.49","0.3","0.3"
"22:38379787:G>A","NM_006941.4:c.5C>T","NP_008872.1:p.Ala2Val","Unknown significance","null","missense_variant","2/4","null","2","MODERATE","22.6","null","0.00292227","gnomad_AF_nfe_pass","104.02487777144697","0.8180711944266104","41.44","-0.1","0.1"