{"applied_filters": "CONTAINS missense_variant[Consequence]"},
"Genomic Description (GRCh37)","HGVS Nucleotide Change","HGVS Protein Change","Variant Classification","Phenotype","Consequence","Exon","Intron","Protein Position","Impact","CADD Phred","Interpro Domain","Max MAF (%)","Max MAF Source","Surface Area","Normalized SA","Confidence Score","ddG","|ddG|"
"20:57875875:C>T","NM_207034.3:c.8C>T","NP_996917.1:p.Pro3Leu","Likely benign","null","missense_variant","1/5","null","3","MODERATE","16.03","null","0.00277757","gnomad_AF_nfe_pass","80.63590722146745","0.5126246079641487","60.5","0.7","0.7"
"20:57875877:G>A","NM_207034.3:c.10G>A","NP_996917.1:p.Gly4Arg","Unknown significance","null","missense_variant","1/5","null","4","MODERATE","22.3","null","0.00554693","gnomad_AF_eas_pass","25.044503221376303","0.2626691611559374","59.05","-0.2","0.2"
"20:57875878:G>C","NM_207034.3:c.11G>C","NP_996917.1:p.Gly4Ala","Unknown significance","null","missense_variant","1/5","null","4","MODERATE","25.1","null","0.0743143","gnomad_AF_afr_pass","25.044503221376303","0.2626691611559374","59.05","-0.3","0.3"
"20:57875883:T>C","NM_207034.3:c.16T>C","NP_996917.1:p.Trp6Arg","Unknown significance","null","missense_variant","1/5","null","6","MODERATE","26.1","null","0.000924368","gnomad_AF_nfe_pass","158.28742211271","0.6033946336941904","63.5","-1.7","1.7"
"20:57875886:C>T","NM_207034.3:c.19C>T","NP_996917.1:p.Leu7Phe","Likely benign","null","missense_variant","1/5","null","7","MODERATE","17.56","null","0.000924779","gnomad_AF_nfe_pass","151.56481686019185","0.7859157385731574","61.57","-0.1","0.1"
"20:57875889:C>G","NM_207034.3:c.22C>G","NP_996917.1:p.Leu8Val","Unknown significance","null","missense_variant","1/5","null","8","MODERATE","24.5","null","0.00328278","gnomad_AF_sas_pass","121.70206325936726","0.6310670834682635","60.14","-0.8","0.8"
"20:57875890:T>C","NM_207034.3:c.23T>C","NP_996917.1:p.Leu8Pro","Unknown significance","null","missense_variant","1/5","null","8","MODERATE","27.2","null","0","null","121.70206325936726","0.6310670834682635","60.14","-2.0","2.0"
"20:57875894:C>G","NM_207034.3:c.27C>G","NP_996917.1:p.Phe9Leu","Likely benign","null","missense_variant","1/5","null","9","MODERATE","17.81","null","0","gnomad_AF_afr_pass,gnomad_AF_amr_pass,gnomad_AF_eas_pass,gnomad_AF_nfe_pass,gnomad_AF_sas_pass","163.58385063325784","0.7120068773477451","60.85","-0.3","0.3"
"20:57875895:G>C","NM_207034.3:c.28G>C","NP_996917.1:p.Gly10Arg","Unknown significance","null","missense_variant","1/5","null","10","MODERATE","26.1","null","0.00291766","gnomad_AF_amr_pass","42.184135785353284","0.4424312777491774","59.53","-0.5","0.5"
"20:57875898:C>T","NM_207034.3:c.31C>T","NP_996917.1:p.Leu11Phe","Unknown significance","null","missense_variant","1/5","null","11","MODERATE","25.6","null","0","null","148.78538600866","0.7715034330279357","56.06","-0.4","0.4"
"20:57875899:T>G","NM_207034.3:c.32T>G","NP_996917.1:p.Leu11Arg","Unknown significance","null","missense_variant","1/5","null","11","MODERATE","26.2","null","0","gnomad_AF_afr_pass,gnomad_AF_amr_pass,gnomad_AF_eas_pass,gnomad_AF_nfe_pass,gnomad_AF_sas_pass","148.78538600866","0.7715034330279357","56.06","-1.1","1.1"
"20:57875902:C>T","NM_207034.3:c.35C>T","NP_996917.1:p.Thr12Ile","Unknown significance","null","missense_variant","1/5","null","12","MODERATE","23.7","null","0.0167429","gnomad_AF_eas_pass","117.96146274957681","0.7497347757111115","55.56","0.1","0.1"
"20:57875908:C>T","NM_207034.3:c.41C>T","NP_996917.1:p.Thr14Ile","Likely benign","null","missense_variant","1/5","null","14","MODERATE","23.3","null","0","null","117.32570079075299","0.7456940251261824","57.22","0.0","0.0"
"20:57875910:T>G","NM_207034.3:c.43T>G","NP_996917.1:p.Ser15Ala","Unknown significance","Hirschsprung disease 4","missense_variant","1/5","null","15","MODERATE","20.2","null","0.0149633","gnomad_AF_nfe_pass","124.17846703277652","0.900449483658406","51.18","0.0","0.0"
"20:57875911:C>A","NM_207034.3:c.44C>A","NP_996917.1:p.Ser15Tyr","Unknown significance","null","missense_variant","1/5","null","15","MODERATE","24.6","null","0.00292039","gnomad_AF_amr_pass","124.17846703277652","0.900449483658406","51.18","0.1","0.1"
"20:57875913:G>A","NM_207034.3:c.46G>A","NP_996917.1:p.Ala16Thr","Unknown significance","null","missense_variant","1/5","null","16","MODERATE","22.1","null","0.0111757","gnomad_AF_eas_pass","102.62967480336107","0.8070990560014416","47.45","-0.1","0.1"
"20:57875916:G>A","NM_207034.3:c.49G>A","NP_996917.1:p.Ala17Thr","Benign","null","missense_variant","1/5","null","17","MODERATE","25.2","null","1.9524","gnomad_AF_eas_pass","65.69164200935391","0.5166114221302962","51.21","-0.3","0.3"
"20:57875916:G>T","NM_207034.3:c.49G>T","NP_996917.1:p.Ala17Ser","Unknown significance","null","missense_variant","1/5","null","17","MODERATE","25.3","null","0.00515145","gnomad_AF_eas_pass","65.69164200935391","0.5166114221302962","51.21","-0.4","0.4"
"20:57875919:G>A","NM_207034.3:c.52G>A","NP_996917.1:p.Gly18Arg","Unknown significance","null","missense_variant&splice_region_variant","1/5","null","18","MODERATE","33","null","0","null","80.76283530614113","0.8470483928118986","42.45","-0.2","0.2"
"20:57876468:T>G","NM_207034.3:c.56T>G","NP_996917.1:p.Phe19Cys","Likely benign","null","missense_variant","2/5","null","19","MODERATE","18.63","null","0.00326904","gnomad_AF_sas_pass","209.58498125922347","0.9122290951563321","46.08","-0.4","0.4"
"20:57876469:C>A","NM_207034.3:c.57C>A","NP_996917.1:p.Phe19Leu","Likely benign","null","missense_variant","2/5","null","19","MODERATE","0.035","null","0.00289855","gnomad_AF_amr_pass","209.58498125922347","0.9122290951563321","46.08","-0.1","0.1"
"20:57876470:G>A","NM_207034.3:c.58G>A","NP_996917.1:p.Val20Met","Unknown significance","null","missense_variant","2/5","null","20","MODERATE","12.45","null","0","null","152.94617617505057","0.889780084583583","64.15","-0.1","0.1"
"20:57876473:C>T","NM_207034.3:c.61C>T","NP_996917.1:p.Pro21Ser","Likely benign","null","missense_variant","2/5","null","21","MODERATE","15.55","null","0.000929506","gnomad_AF_nfe_pass","121.2501229845438","0.7708203318137782","45.88","-0.5","0.5"
"20:57876474:C>G","NM_207034.3:c.62C>G","NP_996917.1:p.Pro21Arg","Likely benign","null","missense_variant","2/5","null","21","MODERATE","13.95","null","0.0032684","gnomad_AF_sas_pass","121.2501229845438","0.7708203318137782","45.88","-0.5","0.5"
"20:57876480:C>G","NM_207034.3:c.68C>G","NP_996917.1:p.Ser23Cys","Unknown significance","null","missense_variant","2/5","null","23","MODERATE","20.6","null","0.0114811","gnomad_AF_afr_pass","107.21392154443672","0.77743527201217","41.21","-0.1","0.1"
"20:57876492:A>C","NM_207034.3:c.80A>C","NP_996917.1:p.Asp27Ala","Likely benign","null","missense_variant","2/5","null","27","MODERATE","12.59","null","0.00326691","gnomad_AF_sas_pass","113.15860880758784","0.7073304286814379","40.8","-0.3","0.3"
"20:57876495:C>G","NM_207034.3:c.83C>G","NP_996917.1:p.Ala28Gly","Unknown significance","null","missense_variant","2/5","null","28","MODERATE","23.3","null","0.000918814","gnomad_AF_nfe_pass","111.50884145268651","0.8769264917258638","42.45","-0.2","0.2"
"20:57876495:C>T","NM_207034.3:c.83C>T","NP_996917.1:p.Ala28Val","Unknown significance","null","missense_variant","2/5","null","28","MODERATE","23.6","null","0.000918814","gnomad_AF_nfe_pass","111.50884145268651","0.8769264917258638","42.45","-0.0","0.0"
"20:57876503:C>A","NM_207034.3:c.91C>A","NP_996917.1:p.Arg31Ser","Likely benign","null","missense_variant","2/5","null","31","MODERATE","0.052","null","0.000915533","gnomad_AF_nfe_pass","256.9729903685301","0.953780967525541","39.14","-0.0","0.0"
"20:57876503:C>T","NM_207034.3:c.91C>T","NP_996917.1:p.Arg31Cys","Likely benign","null","missense_variant","2/5","null","31","MODERATE","16.01","null","0","null","256.9729903685301","0.953780967525541","39.14","-0.1","0.1"
"20:57876506:G>A","NM_207034.3:c.94G>A","NP_996917.1:p.Gly32Ser","Likely benign","null","missense_variant","2/5","null","32","MODERATE","0.864","null","0.00653381","gnomad_AF_sas_pass","75.38360385181541","0.7906304953881891","37.48","-0.0","0.0"
"20:57876507:G>A","NM_207034.3:c.95G>A","NP_996917.1:p.Gly32Asp","Unknown significance","null","missense_variant","2/5","null","32","MODERATE","15.17","null","0","null","75.38360385181541","0.7906304953881891","37.48","-0.1","0.1"
"20:57876507:G>C","NM_207034.3:c.95G>C","NP_996917.1:p.Gly32Ala","Likely benign","null","missense_variant","2/5","null","32","MODERATE","7.998","null","0.0009102","gnomad_AF_nfe_pass","75.38360385181541","0.7906304953881891","37.48","-0.0","0.0"
"20:57876510:T>A","NM_207034.3:c.98T>A","NP_996917.1:p.Val33Glu","Likely benign","null","missense_variant","2/5","null","33","MODERATE","2.622","null","0","null","164.52432147307337","0.9571371337117996","39.84","-0.2","0.2"
"20:57876510:T>C","NM_207034.3:c.98T>C","NP_996917.1:p.Val33Ala","Likely benign","null","missense_variant","2/5","null","33","MODERATE","0.896","null","0.00326669","gnomad_AF_sas_pass","164.52432147307337","0.9571371337117996","39.84","-0.1","0.1"
"20:57876516:A>C","NM_207034.3:c.104A>C","NP_996917.1:p.Gln35Pro","Likely benign","null","missense_variant","2/5","null","35","MODERATE","0.782","null","0.00090313","gnomad_AF_nfe_pass","176.46870789661023","0.8923751750129593","33.68","-0.1","0.1"
"20:57876516:A>G","NM_207034.3:c.104A>G","NP_996917.1:p.Gln35Arg","Likely benign","null","missense_variant","2/5","null","35","MODERATE","0.073","null","0.0202769","gnomad_AF_amr_pass","176.46870789661023","0.8923751750129593","33.68","0.0","0.0"
"20:57876519:C>G","NM_207034.3:c.107C>G","NP_996917.1:p.Ala36Gly","Likely benign","null","missense_variant","2/5","null","36","MODERATE","0.001","null","0.0028967","gnomad_AF_amr_pass","97.9800776784559","0.7705337501336393","34.09","-0.2","0.2"
"20:57876519:C>T","NM_207034.3:c.107C>T","NP_996917.1:p.Ala36Val","Likely benign","null","missense_variant","2/5","null","36","MODERATE","0.001","null","0.00180424","gnomad_AF_nfe_pass","97.9800776784559","0.7705337501336393","34.09","0.0","0.0"
"20:57876522:C>A","NM_207034.3:c.110C>A","NP_996917.1:p.Pro37His","Unknown significance","null","missense_variant","2/5","null","37","MODERATE","15.58","null","0.00579274","gnomad_AF_amr_pass","128.14705395749726","0.814666016174415","44.77","-0.4","0.4"
"20:57876524:A>G","NM_207034.3:c.112A>G","NP_996917.1:p.Thr38Ala","Likely benign","null","missense_variant","2/5","null","38","MODERATE","0.441","null","0","gnomad_AF_afr_pass,gnomad_AF_amr_pass,gnomad_AF_eas_pass,gnomad_AF_nfe_pass,gnomad_AF_sas_pass","149.26601383046054","0.9486989970448927","38.84","-0.0","0.0"
"20:57876525:C>T","NM_207034.3:c.113C>T","NP_996917.1:p.Thr38Ile","Unknown significance","null","missense_variant","2/5","null","38","MODERATE","15.97","null","0.000898279","gnomad_AF_nfe_pass","149.26601383046054","0.9486989970448927","38.84","0.0","0.0"
"20:57876533:A>G","NM_207034.3:c.121A>G","NP_996917.1:p.Arg41Gly","Likely benign","null","missense_variant","2/5","null","41","MODERATE","11.14","null","0.0086881","gnomad_AF_amr_pass","232.05553358585192","0.8612973333335754","32.45","-0.4","0.4"
"20:57876534:G>C","NM_207034.3:c.122G>C","NP_996917.1:p.Arg41Thr","Likely benign","null","missense_variant","2/5","null","41","MODERATE","10.36","null","0.000895303","gnomad_AF_nfe_pass","232.05553358585192","0.8612973333335754","32.45","-0.2","0.2"
"20:57876534:G>T","NM_207034.3:c.122G>T","NP_996917.1:p.Arg41Ile","Likely benign","null","missense_variant","2/5","null","41","MODERATE","13.67","null","0.00653381","gnomad_AF_sas_pass","232.05553358585192","0.8612973333335754","32.45","-0.2","0.2"
"20:57876536:T>C","NM_207034.3:c.124T>C","NP_996917.1:p.Ser42Pro","Unknown significance","null","missense_variant","2/5","null","42","MODERATE","22.5","null","0.00544781","gnomad_AF_eas_pass","123.9900122423079","0.8990829502905425","54.85","-0.2","0.2"
"20:57876542:G>A","NM_207034.3:c.130G>A","NP_996917.1:p.Gly44Arg","Unknown significance","null","missense_variant","2/5","null","44","MODERATE","23.0","null","0","null","88.81944731205735","0.9315469152480155","40.54","-0.0","0.0"
"20:57876546:A>C","NM_207034.3:c.134A>C","NP_996917.1:p.Asp45Ala","Likely benign","null","missense_variant","2/5","null","45","MODERATE","13.41","null","0.000892969","gnomad_AF_nfe_pass","154.47475752117634","0.9655888987085894","36.94","-0.2","0.2"
"20:57876549:G>A","NM_207034.3:c.137G>A","NP_996917.1:p.Cys46Tyr","Likely benign","null","missense_variant","2/5","null","46","MODERATE","0.941","null","0.00579173","gnomad_AF_amr_pass","134.31719870242236","0.8692093990107189","43.46","0.1","0.1"
"20:57876555:A>T","NM_207034.3:c.143A>T","NP_996917.1:p.Glu48Val","Likely benign","null","missense_variant","2/5","null","48","MODERATE","16.32","null","0.00544366","gnomad_AF_eas_pass","175.78711976244028","0.9002222081346427","51.76","-0.0","0.0"
"20:57876556:G>C","NM_207034.3:c.144G>C","NP_996917.1:p.Glu48Asp","Pathogenic","Hirschsprung disease","missense_variant","2/5","null","48","MODERATE","7.417","null","0.00544425","gnomad_AF_eas_pass","175.78711976244028","0.9002222081346427","51.76","-0.1","0.1"
"20:57876558:C>T","NM_207034.3:c.146C>T","NP_996917.1:p.Thr49Ile","Likely benign","null","missense_variant","2/5","null","49","MODERATE","10.83","null","0","null","130.2077331488254","0.8275691342979475","32.35","-0.1","0.1"
"20:57876567:G>T","NM_207034.3:c.155G>T","NP_996917.1:p.Gly52Val","Likely benign","null","missense_variant","2/5","null","52","MODERATE","14.35","null","0","null","87.44310375270932","0.9171116914785238","37.61","0.1","0.1"
"20:57876569:C>A","NM_207034.3:c.157C>A","NP_996917.1:p.Pro53Thr","Likely benign","null","missense_variant","2/5","null","53","MODERATE","5.263","null","0","null","145.97285832922574","0.9279895502248902","47.21","-0.1","0.1"
"20:57876573:G>A","NM_207034.3:c.161G>A","NP_996917.1:p.Gly54Asp","Likely benign","null","missense_variant","2/5","null","54","MODERATE","10.11","null","0.00326691","gnomad_AF_sas_pass","66.37367113283466","0.6961334535244834","31.41","-0.2","0.2"
"20:57876573:G>C","NM_207034.3:c.161G>C","NP_996917.1:p.Gly54Ala","Likely benign","null","missense_variant","2/5","null","54","MODERATE","0.493","null","0.00579744","gnomad_AF_amr_pass","66.37367113283466","0.6961334535244834","31.41","-0.1","0.1"
"20:57876575:G>A","NM_207034.3:c.163G>A","NP_996917.1:p.Glu55Lys","Likely benign","null","missense_variant","2/5","null","55","MODERATE","9.766","null","0.00178677","gnomad_AF_nfe_pass","144.9189625252557","0.7421435007375433","32.67","-0.2","0.2"
"20:57876576:A>G","NM_207034.3:c.164A>G","NP_996917.1:p.Glu55Gly","Likely benign","null","missense_variant","2/5","null","55","MODERATE","7.624","null","0.00565771","gnomad_AF_amr_pass","144.9189625252557","0.7421435007375433","32.67","-0.5","0.5"
"20:57876579:A>G","NM_207034.3:c.167A>G","NP_996917.1:p.Glu56Gly","Likely benign","null","missense_variant","2/5","null","56","MODERATE","16.15","null","0","null","173.36986496685853","0.8878432212518529","39.22","-0.2","0.2"
"20:57876588:C>A","NM_207034.3:c.176C>A","NP_996917.1:p.Ala59Asp","Likely benign","null","missense_variant","2/5","null","59","MODERATE","14.21","null","0.00289973","gnomad_AF_amr_pass","103.80684360482991","0.816356532752101","35.16","-0.6","0.6"
"20:57876591:G>C","NM_207034.3:c.179G>C","NP_996917.1:p.Gly60Ala","Likely benign","null","missense_variant","2/5","null","60","MODERATE","7.132","null","0.0126263","gnomad_AF_afr_pass","67.31825609663859","0.7060403515727194","28.92","-0.2","0.2"
"20:57876593:C>T","NM_207034.3:c.181C>T","NP_996917.1:p.Pro61Ser","Likely benign","null","missense_variant","2/5","null","61","MODERATE","0.818","null","0","null","157.12308373604267","0.998874595421724","42.9","-0.3","0.3"
"20:57876597:G>A","NM_207034.3:c.185G>A","NP_996917.1:p.Gly62Asp","Unknown significance","null","missense_variant","2/5","null","62","MODERATE","14.86","null","0.00630756","gnomad_AF_afr_pass","67.88568638496534","0.7119916150708127","32.82","-0.1","0.1"
"20:57876599:G>A","NM_207034.3:c.187G>A","NP_996917.1:p.Glu63Lys","Likely benign","null","missense_variant","2/5","null","63","MODERATE","2.360","null","0.00326712","gnomad_AF_sas_pass","207.81057292226598","1.0642172935231127","33.62","-0.1","0.1"
"20:57876602:G>A","NM_207034.3:c.190G>A","NP_996917.1:p.Gly64Arg","Likely benign","null","missense_variant","2/5","null","64","MODERATE","6.820","null","0.00653381","gnomad_AF_sas_pass","53.23707451659269","0.558355563377035","36.53","0.3","0.3"
"20:57876603:G>A","NM_207034.3:c.191G>A","NP_996917.1:p.Gly64Glu","Likely benign","null","missense_variant","2/5","null","64","MODERATE","1.261","null","0.00326755","gnomad_AF_sas_pass","53.23707451659269","0.558355563377035","36.53","-0.2","0.2"
"20:57876605:A>G","NM_207034.3:c.193A>G","NP_996917.1:p.Thr65Ala","Likely benign","null","missense_variant","2/5","null","65","MODERATE","1.590","null","0.0144785","gnomad_AF_amr_pass","161.6333026409414","1.0273025196390855","29.53","-0.1","0.1"
"20:57876614:C>T","NM_207034.3:c.202C>T","NP_996917.1:p.Pro68Ser","Likely benign","null","missense_variant","2/5","null","68","MODERATE","6.655","null","0.00621504","gnomad_AF_afr_pass","139.01826557420836","0.8837772940795042","47.29","-0.1","0.1"
"20:57876615:C>T","NM_207034.3:c.203C>T","NP_996917.1:p.Pro68Leu","Likely benign","null","missense_variant","2/5","null","68","MODERATE","8.210","null","0.000886934","gnomad_AF_nfe_pass","139.01826557420836","0.8837772940795042","47.29","0.1","0.1"
"20:57876617:A>G","NM_207034.3:c.205A>G","NP_996917.1:p.Thr69Ala","Likely benign","null","missense_variant","2/5","null","69","MODERATE","0.076","null","0","null","138.49224878562814","0.8802235294542654","33.14","-0.1","0.1"
"20:57876618:C>T","NM_207034.3:c.206C>T","NP_996917.1:p.Thr69Ile","Likely benign","null","missense_variant","2/5","null","69","MODERATE","1.640","null","0.00980264","gnomad_AF_sas_pass","138.49224878562814","0.8802235294542654","33.14","0.1","0.1"
"20:57876620:G>A","NM_207034.3:c.208G>A","NP_996917.1:p.Ala70Thr","Unknown significance","null","missense_variant","2/5","null","70","MODERATE","9.705","null","0.0683884","gnomad_AF_afr_pass","97.38909047214135","0.7658861156435242","40.54","-0.2","0.2"
"20:57876629:G>A","NM_207034.3:c.217G>A","NP_996917.1:p.Gly73Ser","Likely benign","null","missense_variant","2/5","null","73","MODERATE","10.36","null","0","gnomad_AF_afr_pass,gnomad_AF_amr_pass,gnomad_AF_eas_pass,gnomad_AF_nfe_pass,gnomad_AF_sas_pass","47.58357066569013","0.4990610706501463","33.23","-0.3","0.3"
"20:57876630:G>A","NM_207034.3:c.218G>A","NP_996917.1:p.Gly73Asp","Likely benign","null","missense_variant","2/5","null","73","MODERATE","16.47","null","0.00617665","gnomad_AF_afr_pass","47.58357066569013","0.4990610706501463","33.23","-0.6","0.6"
"20:57876639:C>T","NM_207034.3:c.227C>T","NP_996917.1:p.Pro76Leu","Unknown significance","null","missense_variant","2/5","null","76","MODERATE","22.7","null","0.00326733","gnomad_AF_sas_pass","139.32308895615483","0.8857151400348979","42.63","-0.4","0.4"
"20:57876648:C>T","NM_207034.3:c.236C>T","NP_996917.1:p.Pro79Leu","Unknown significance","null","missense_variant","2/5","null","79","MODERATE","11.87","null","0.00326755","gnomad_AF_sas_pass","159.15991944357683","1.0118233194088475","42.95","-0.1","0.1"
"20:57876651:G>A","NM_207034.3:c.239G>A","NP_996917.1:p.Gly80Glu","Likely benign","null","missense_variant","2/5","null","80","MODERATE","11.56","null","0.0054407","gnomad_AF_eas_pass","82.80221629125107","0.8684376169422848","33.09","-0.2","0.2"
"20:57876656:G>A","NM_207034.3:c.244G>A","NP_996917.1:p.Glu82Lys","Likely benign","null","missense_variant","2/5","null","82","MODERATE","10.36","null","0.00616936","gnomad_AF_nfe_pass","173.02234551051907","0.8860635417578238","35.59","-0.1","0.1"
"20:57876663:C>A","NM_207034.3:c.251C>A","NP_996917.1:p.Ala84Glu","Likely benign","null","missense_variant","2/5","null","84","MODERATE","0.001","null","0.0320821","gnomad_AF_afr_pass","86.0392178473998","0.6766285836605278","36.53","-0.2","0.2"
"20:57876663:C>T","NM_207034.3:c.251C>T","NP_996917.1:p.Ala84Val","Likely benign","null","missense_variant","2/5","null","84","MODERATE","0.001","null","0.0451264","gnomad_AF_eas_pass","86.0392178473998","0.6766285836605278","36.53","0.2","0.2"
"20:57876666:C>G","NM_207034.3:c.254C>G","NP_996917.1:p.Ala85Gly","Likely benign","null","missense_variant","2/5","null","85","MODERATE","8.239","null","0.0320718","gnomad_AF_afr_pass","123.45674095212331","0.970887019474508","43.28","-0.1","0.1"
"20:57876666:C>T","NM_207034.3:c.254C>T","NP_996917.1:p.Ala85Val","Likely benign","null","missense_variant","2/5","null","85","MODERATE","7.645","null","0.00326733","gnomad_AF_sas_pass","123.45674095212331","0.970887019474508","43.28","-0.0","0.0"
"20:57876668:G>A","NM_207034.3:c.256G>A","NP_996917.1:p.Glu86Lys","Likely benign","null","missense_variant","2/5","null","86","MODERATE","0.110","null","0.00615309","gnomad_AF_afr_pass","169.74321290364813","0.869270798352545","41.21","-0.0","0.0"
"20:57876668:G>C","NM_207034.3:c.256G>C","NP_996917.1:p.Glu86Gln","Likely benign","null","missense_variant","2/5","null","86","MODERATE","0.025","null","0","gnomad_AF_afr_pass,gnomad_AF_amr_pass,gnomad_AF_eas_pass,gnomad_AF_nfe_pass,gnomad_AF_sas_pass","169.74321290364813","0.869270798352545","41.21","0.1","0.1"
"20:57876669:A>G","NM_207034.3:c.257A>G","NP_996917.1:p.Glu86Gly","Unknown significance","Hirschsprung disease 4","missense_variant","2/5","null","86","MODERATE","13.76","null","0","null","169.74321290364813","0.869270798352545","41.21","-0.1","0.1"
"20:57876669:A>T","NM_207034.3:c.257A>T","NP_996917.1:p.Glu86Val","Unknown significance","null","missense_variant","2/5","null","86","MODERATE","16.18","null","0.0914734","gnomad_AF_sas_pass","169.74321290364813","0.869270798352545","41.21","0.1","0.1"
"20:57876672:G>T","NM_207034.3:c.260G>T","NP_996917.1:p.Gly87Val","Unknown significance","null","missense_variant","2/5","null","87","MODERATE","16.13","null","0.00653339","gnomad_AF_sas_pass","81.9139446184236","0.8591213381118457","46.39","0.1","0.1"
"20:57876674:G>T","NM_207034.3:c.262G>T","NP_996917.1:p.Ala88Ser","Likely benign","null","missense_variant","2/5","null","88","MODERATE","0.405","null","0.0163335","gnomad_AF_sas_pass","104.6444914905407","0.8229439531947179","53.92","0.0","0.0"
"20:57876675:C>A","NM_207034.3:c.263C>A","NP_996917.1:p.Ala88Asp","Likely benign","null","missense_variant","2/5","null","88","MODERATE","0.054","null","0","gnomad_AF_afr_pass,gnomad_AF_amr_pass,gnomad_AF_eas_pass,gnomad_AF_nfe_pass,gnomad_AF_sas_pass","104.6444914905407","0.8229439531947179","53.92","-0.1","0.1"
"20:57876675:C>G","NM_207034.3:c.263C>G","NP_996917.1:p.Ala88Gly","Likely benign","null","missense_variant","2/5","null","88","MODERATE","0.027","null","0.00326648","gnomad_AF_sas_pass","104.6444914905407","0.8229439531947179","53.92","-0.1","0.1"
"20:57876677:C>G","NM_207034.3:c.265C>G","NP_996917.1:p.Pro89Ala","Unknown significance","null","missense_variant","2/5","null","89","MODERATE","12.87","null","0.0108743","gnomad_AF_eas_pass","139.8823722234872","0.8892706573662741","55.7","-0.1","0.1"
"20:57876677:C>T","NM_207034.3:c.265C>T","NP_996917.1:p.Pro89Ser","Unknown significance","null","missense_variant","2/5","null","89","MODERATE","11.16","null","0.0400802","gnomad_AF_afr_pass","139.8823722234872","0.8892706573662741","55.7","-0.1","0.1"
"20:57876678:C>T","NM_207034.3:c.266C>T","NP_996917.1:p.Pro89Leu","Likely benign","null","missense_variant","2/5","null","89","MODERATE","15.77","null","0.00326627","gnomad_AF_sas_pass","139.8823722234872","0.8892706573662741","55.7","-0.0","0.0"
"20:57876680:G>C","NM_207034.3:c.268G>C","NP_996917.1:p.Glu90Gln","Likely benign","null","missense_variant","2/5","null","90","MODERATE","14.92","null","0.0123062","gnomad_AF_afr_pass","187.5967429918696","0.9607003883062174","61.71","0.0","0.0"
"20:57876684:A>G","NM_207034.3:c.272A>G","NP_996917.1:p.His91Arg","Likely benign","null","missense_variant","2/5","null","91","MODERATE","4.768","null","0","gnomad_AF_afr_pass,gnomad_AF_amr_pass,gnomad_AF_eas_pass,gnomad_AF_nfe_pass,gnomad_AF_sas_pass","201.90772371925092","0.9829865783368509","60.03","-0.1","0.1"
"20:57876685:C>A","NM_207034.3:c.273C>A","NP_996917.1:p.His91Gln","Likely benign","null","missense_variant","2/5","null","91","MODERATE","18.02","null","0","null","201.90772371925092","0.9829865783368509","60.03","-0.1","0.1"
"20:57876689:C>G","NM_207034.3:c.277C>G","NP_996917.1:p.Arg93Gly","Pathogenic","Waardenburg syndrome 4","missense_variant","2/5","null","93","MODERATE","23.6","Endothelin-like_toxin&Endothelin-like_toxin&Endothelin-like_toxin&Endothelin-like_toxin","0","null","154.41883551256183","0.5731409597877151","69.5","-1.0","1.0"
"20:57876690:G>A","NM_207034.3:c.278G>A","NP_996917.1:p.Arg93Gln","Unknown significance","null","missense_variant","2/5","null","93","MODERATE","25.8","Endothelin-like_toxin&Endothelin-like_toxin&Endothelin-like_toxin&Endothelin-like_toxin","0.000880669","gnomad_AF_nfe_pass","154.41883551256183","0.5731409597877151","69.5","-0.3","0.3"
"20:57876695:A>G","NM_207034.3:c.283A>G","NP_996917.1:p.Arg95Gly","Unknown significance","null","missense_variant","2/5","null","95","MODERATE","23.1","Endothelin-like_toxin&Endothelin-like_toxin&Endothelin-like_toxin&Endothelin-like_toxin","0.000880623","gnomad_AF_nfe_pass","157.49810008668078","0.5845699583784166","67.17","-0.7","0.7"
"20:57876698:C>T","NM_207034.3:c.286C>T","NP_996917.1:p.Arg96Cys","Pathogenic","Waardenburg syndrome 4","missense_variant","2/5","null","96","MODERATE","29.8","Endothelin-like_toxin&Endothelin-like_toxin&Endothelin-like_toxin&Endothelin-like_toxin&Endothelin-like_toxin&Endothelin-like_toxin&Endothelin-like_toxin&Endothelin-like_toxin","0","null","85.25616503625199","0.31643678761404903","74.9","-0.5","0.5"
"20:57876699:G>A","NM_207034.3:c.287G>A","NP_996917.1:p.Arg96His","Unknown significance","null","missense_variant","2/5","null","96","MODERATE","31","Endothelin-like_toxin&Endothelin-like_toxin&Endothelin-like_toxin&Endothelin-like_toxin&Endothelin-like_toxin&Endothelin-like_toxin&Endothelin-like_toxin&Endothelin-like_toxin","0.000880995","gnomad_AF_nfe_pass","85.25616503625199","0.31643678761404903","74.9","-0.4","0.4"
"20:57876701:T>C","NM_207034.3:c.289T>C","NP_996917.1:p.Cys97Arg","Unknown significance","null","missense_variant","2/5","null","97","MODERATE","28.1","Endothelin-like_toxin&Endothelin-like_toxin&Endothelin-like_toxin&Endothelin-like_toxin&Endothelin-like_toxin&Endothelin-like_toxin&Endothelin-like_toxin&Endothelin-like_toxin","0.000880747","gnomad_AF_nfe_pass","7.96197604704715","0.05152448444166951","81.02","-5.4","5.4"
"20:57876705:C>A","NM_207034.3:c.293C>A","NP_996917.1:p.Thr98Lys","Pathogenic","Waardenburg syndrome 4","missense_variant","2/5","null","98","MODERATE","27.6","Endothelin-like_toxin&Endothelin-like_toxin&Endothelin-like_toxin&Endothelin-like_toxin&Endothelin-like_toxin&Endothelin-like_toxin&Endothelin-like_toxin&Endothelin-like_toxin","0.0163313","gnomad_AF_sas_pass","73.96786214558108","0.47012199783650604","82.0","-1.2","1.2"
"20:57876705:C>T","NM_207034.3:c.293C>T","NP_996917.1:p.Thr98Met","Pathogenic","Waardenburg syndrome 4B","missense_variant","2/5","null","98","MODERATE","27.9","Endothelin-like_toxin&Endothelin-like_toxin&Endothelin-like_toxin&Endothelin-like_toxin&Endothelin-like_toxin&Endothelin-like_toxin&Endothelin-like_toxin&Endothelin-like_toxin","0","null","73.96786214558108","0.47012199783650604","82.0","-0.2","0.2"
"20:57876713:A>G","NM_207034.3:c.301A>G","NP_996917.1:p.Thr101Ala","Unknown significance","null","missense_variant","2/5","null","101","MODERATE","24.1","Endothelin-like_toxin&Endothelin-like_toxin&Endothelin-like_toxin&Endothelin-like_toxin&Endothelin-like_toxin&Endothelin-like_toxin&Endothelin-like_toxin&Endothelin-like_toxin","0.000880824","gnomad_AF_nfe_pass","71.75465453392198","0.4560553808782884","81.7","-0.4","0.4"
"20:57876714:C>T","NM_207034.3:c.302C>T","NP_996917.1:p.Thr101Ile","Unknown significance","null","missense_variant","2/5","null","101","MODERATE","26.0","Endothelin-like_toxin&Endothelin-like_toxin&Endothelin-like_toxin&Endothelin-like_toxin&Endothelin-like_toxin&Endothelin-like_toxin&Endothelin-like_toxin&Endothelin-like_toxin","0.00289101","gnomad_AF_amr_pass","71.75465453392198","0.4560553808782884","81.7","-0.0","0.0"
"20:57876726:A>G","NM_207034.3:c.314A>G","NP_996917.1:p.Lys105Arg","Unknown significance","null","missense_variant","2/5","null","105","MODERATE","25.1","Endothelin-like_toxin&Endothelin-like_toxin&Endothelin-like_toxin&Endothelin-like_toxin&Endothelin-like_toxin&Endothelin-like_toxin&Endothelin-like_toxin&Endothelin-like_toxin","0.00326627","gnomad_AF_sas_pass","186.58359277900033","0.7882213024047989","82.86","0.2","0.2"
"20:57876728:G>C","NM_207034.3:c.316G>C","NP_996917.1:p.Glu106Gln","Unknown significance","null","missense_variant","2/5","null","106","MODERATE","27.7","Endothelin-like_toxin&Endothelin-like_toxin&Endothelin-like_toxin&Endothelin-like_toxin&Endothelin-like_toxin&Endothelin-like_toxin&Endothelin-like_toxin&Endothelin-like_toxin","0.00326627","gnomad_AF_sas_pass","60.207967634098196","0.308330608318254","82.03","0.2","0.2"
"20:57876729:A>C","NM_207034.3:c.317A>C","NP_996917.1:p.Glu106Ala","Unknown significance","null","missense_variant","2/5","null","106","MODERATE","28.3","Endothelin-like_toxin&Endothelin-like_toxin&Endothelin-like_toxin&Endothelin-like_toxin&Endothelin-like_toxin&Endothelin-like_toxin&Endothelin-like_toxin&Endothelin-like_toxin","0.000880716","gnomad_AF_nfe_pass","60.207967634098196","0.308330608318254","82.03","-0.6","0.6"
"20:57876734:G>T","NM_207034.3:c.322G>T","NP_996917.1:p.Val108Phe","Unknown significance","null","missense_variant","2/5","null","108","MODERATE","26.0","Endothelin-like_toxin&Endothelin-like_toxin&Endothelin-like_toxin&Endothelin-like_toxin&Endothelin-like_toxin&Endothelin-like_toxin&Endothelin-like_toxin&Endothelin-like_toxin","0.000881042","gnomad_AF_nfe_pass","24.311276719852124","0.1414333486269505","84.3","-1.0","1.0"
"20:57876735:T>C","NM_207034.3:c.323T>C","NP_996917.1:p.Val108Ala","Unknown significance","null","missense_variant","2/5","null","108","MODERATE","26.6","Endothelin-like_toxin&Endothelin-like_toxin&Endothelin-like_toxin&Endothelin-like_toxin&Endothelin-like_toxin&Endothelin-like_toxin&Endothelin-like_toxin&Endothelin-like_toxin","0.00653253","gnomad_AF_sas_pass","24.311276719852124","0.1414333486269505","84.3","-2.4","2.4"
"20:57876737:T>A","NM_207034.3:c.325T>A","NP_996917.1:p.Tyr109Asn","Unknown significance","null","missense_variant","2/5","null","109","MODERATE","27.9","Endothelin-like_toxin&Endothelin-like_toxin&Endothelin-like_toxin&Endothelin-like_toxin&Endothelin-like_toxin&Endothelin-like_toxin&Endothelin-like_toxin&Endothelin-like_toxin","0","gnomad_AF_afr_pass,gnomad_AF_amr_pass,gnomad_AF_eas_pass,gnomad_AF_nfe_pass,gnomad_AF_sas_pass","94.873367466773","0.3954511578958002","85.39","-2.7","2.7"
"20:57876744:G>A","NM_207034.3:c.332G>A","NP_996917.1:p.Cys111Tyr","Unknown significance","null","missense_variant","2/5","null","111","MODERATE","28.3","Endothelin-like_toxin&Endothelin-like_toxin&Endothelin-like_toxin&Endothelin-like_toxin&Endothelin-like_toxin&Endothelin-like_toxin&Endothelin-like_toxin&Endothelin-like_toxin","0.000881663","gnomad_AF_nfe_pass","2.6882554380296573","0.017396557672810627","83.91","-3.8","3.8"
"20:57876744:G>T","NM_207034.3:c.332G>T","NP_996917.1:p.Cys111Phe","Likely pathogenic","Waardenburg syndrome 4B","missense_variant","2/5","null","111","MODERATE","28.8","Endothelin-like_toxin&Endothelin-like_toxin&Endothelin-like_toxin&Endothelin-like_toxin&Endothelin-like_toxin&Endothelin-like_toxin&Endothelin-like_toxin&Endothelin-like_toxin","0","null","2.6882554380296573","0.017396557672810627","83.91","-3.4","3.4"
"20:57876746:C>A","NM_207034.3:c.334C>A","NP_996917.1:p.His112Asn","Likely pathogenic","Waardenburg syndrome type 4B","missense_variant","2/5","null","112","MODERATE","26.7","Endothelin-like_toxin&Endothelin-like_toxin&Endothelin-like_toxin&Endothelin-like_toxin&Endothelin-like_toxin&Endothelin-like_toxin&Endothelin-like_toxin&Endothelin-like_toxin","0","null","83.63594945183598","0.4071811333573836","82.9","-1.4","1.4"
"20:57876747:A>G","NM_207034.3:c.335A>G","NP_996917.1:p.His112Arg","Pathogenic","Waardenburg syndrome 4","missense_variant","2/5","null","112","MODERATE","25.4","Endothelin-like_toxin&Endothelin-like_toxin&Endothelin-like_toxin&Endothelin-like_toxin&Endothelin-like_toxin&Endothelin-like_toxin&Endothelin-like_toxin&Endothelin-like_toxin","0","null","83.63594945183598","0.4071811333573836","82.9","-1.1","1.1"
"20:57876748:C>G","NM_207034.3:c.336C>G","NP_996917.1:p.His112Gln","Unknown significance","null","missense_variant","2/5","null","112","MODERATE","24.3","Endothelin-like_toxin&Endothelin-like_toxin&Endothelin-like_toxin&Endothelin-like_toxin&Endothelin-like_toxin&Endothelin-like_toxin&Endothelin-like_toxin&Endothelin-like_toxin","0.000881756","gnomad_AF_nfe_pass","83.63594945183598","0.4071811333573836","82.9","-1.3","1.3"
"20:57876752:G>A","NM_207034.3:c.340G>A","NP_996917.1:p.Asp114Asn","Unknown significance","null","missense_variant","2/5","null","114","MODERATE","29.0","Endothelin-like_toxin&Endothelin-like_toxin&Endothelin-like_toxin&Endothelin-like_toxin&Endothelin-like_toxin&Endothelin-like_toxin&Endothelin-like_toxin&Endothelin-like_toxin","0.00543656","gnomad_AF_eas_pass","9.375902706326405","0.05860677636836245","79.66","-0.7","0.7"
"20:57876756:T>C","NM_207034.3:c.344T>C","NP_996917.1:p.Ile115Thr","Unknown significance","null","missense_variant","2/5","null","115","MODERATE","26.3","Endothelin-like_toxin&Endothelin-like_toxin&Endothelin-like_toxin&Endothelin-like_toxin&Endothelin-like_toxin&Endothelin-like_toxin&Endothelin-like_toxin&Endothelin-like_toxin","0.00326627","gnomad_AF_sas_pass","104.81025899442876","0.5343135344400125","78.59","-1.9","1.9"
"20:57876762:G>C","NM_207034.3:c.350G>C","NP_996917.1:p.Trp117Ser","Unknown significance","null","missense_variant","2/5","null","117","MODERATE","31","Endothelin-like_toxin&Endothelin-like_toxin&Endothelin-like_toxin&Endothelin-like_toxin&Endothelin-like_toxin&Endothelin-like_toxin&Endothelin-like_toxin&Endothelin-like_toxin","0.000883174","gnomad_AF_nfe_pass","199.06978530633248","0.7588577701326437","76.56","-1.9","1.9"
"20:57876764:A>C","NM_207034.3:c.352A>C","NP_996917.1:p.Ile118Leu","Unknown significance","null","missense_variant","2/5","null","118","MODERATE","24.3","Endothelin-like_toxin&Endothelin-like_toxin&Endothelin-like_toxin&Endothelin-like_toxin","0.000883252","gnomad_AF_nfe_pass","2.6861204323341052","0.013693607056235407","67.75","-1.2","1.2"
"20:57876768:A>T","NM_207034.3:c.356A>T","NP_996917.1:p.Asn119Ile","Unknown significance","null","missense_variant","2/5","null","119","MODERATE","27.1","Endothelin-like_toxin&Endothelin-like_toxin&Endothelin-like_toxin&Endothelin-like_toxin","0.00176857","gnomad_AF_nfe_pass","70.96622684269497","0.44401876329410095","66.7","-0.2","0.2"
"20:57876773:C>G","NM_207034.3:c.361C>G","NP_996917.1:p.Pro121Ala","Unknown significance","null","missense_variant","2/5","null","121","MODERATE","24.3","Endothelin-like_toxin&Endothelin-like_toxin&Endothelin-like_toxin&Endothelin-like_toxin","0.0108731","gnomad_AF_eas_pass","87.6723990237151","0.557357518845442","62.13","-1.1","1.1"
"20:57876774:C>A","NM_207034.3:c.362C>A","NP_996917.1:p.Pro121His","Unknown significance","null","missense_variant","2/5","null","121","MODERATE","25.2","Endothelin-like_toxin&Endothelin-like_toxin&Endothelin-like_toxin&Endothelin-like_toxin","0.00648593","gnomad_AF_nfe_pass","87.6723990237151","0.557357518845442","62.13","-0.9","0.9"
"20:57876774:C>G","NM_207034.3:c.362C>G","NP_996917.1:p.Pro121Arg","Unknown significance","null","missense_variant","2/5","null","121","MODERATE","25.0","Endothelin-like_toxin&Endothelin-like_toxin&Endothelin-like_toxin&Endothelin-like_toxin","0.000885583","gnomad_AF_nfe_pass","87.6723990237151","0.557357518845442","62.13","-0.8","0.8"
"20:57876774:C>T","NM_207034.3:c.362C>T","NP_996917.1:p.Pro121Leu","Unknown significance","null","missense_variant","2/5","null","121","MODERATE","25.7","Endothelin-like_toxin&Endothelin-like_toxin&Endothelin-like_toxin&Endothelin-like_toxin","0","null","87.6723990237151","0.557357518845442","62.13","-0.9","0.9"
"20:57896077:C>T","NM_207034.3:c.371C>T","NP_996917.1:p.Thr124Met","Unknown significance","null","missense_variant","3/5","null","124","MODERATE","25.1","null","0.00400577","gnomad_AF_afr_pass","54.08799438063195","0.34377032456536255","63.37","-0.2","0.2"
"20:57896079:G>T","NM_207034.3:c.373G>T","NP_996917.1:p.Val125Leu","Unknown significance","null","missense_variant","3/5","null","125","MODERATE","23.1","null","0.00263852","gnomad_AF_nfe_pass","67.13168670710718","0.39054548057561905","61.33","-0.7","0.7"
"20:57896086:A>G","NM_207034.3:c.380A>G","NP_996917.1:p.Tyr127Cys","Pathogenic","Waardenburg-Hirschsprung disease","missense_variant","3/5","null","127","MODERATE","27.0","null","0.00543656","gnomad_AF_eas_pass","37.194814966131695","0.15503542288860125","58.67","-3.0","3.0"
"20:57896097:A>G","NM_207034.3:c.391A>G","NP_996917.1:p.Asn131Asp","Unknown significance","null","missense_variant","3/5","null","131","MODERATE","25.1","null","0.000879121","gnomad_AF_nfe_pass","16.414243875439013","0.1027000108394579","54.74","-0.5","0.5"
"20:57896099:C>G","NM_207034.3:c.393C>G","NP_996917.1:p.Asn131Lys","Unknown significance","null","missense_variant","3/5","null","131","MODERATE","23.5","null","0.0160205","gnomad_AF_afr_pass","16.414243875439013","0.1027000108394579","54.74","-0.9","0.9"
"20:57896104:G>C","NM_207034.3:c.398G>C","NP_996917.1:p.Arg133Thr","Unknown significance","null","missense_variant","3/5","null","133","MODERATE","25.3","null","0","null","154.96602055418373","0.5751718918232772","64.94","-0.4","0.4"
"20:57896110:G>T","NM_207034.3:c.404G>T","NP_996917.1:p.Ser135Ile","Unknown significance","null","missense_variant","3/5","null","135","MODERATE","18.28","null","0.0123851","gnomad_AF_nfe_pass","126.07729758624922","0.9142183844371377","63.71","-0.1","0.1"
"20:57896115:C>T","NM_207034.3:c.409C>T","NP_996917.1:p.Arg137Trp","Unknown significance","null","missense_variant","3/5","null","137","MODERATE","25.0","null","0.000879059","gnomad_AF_nfe_pass","139.37262997540765","0.5172954623514502","63.35","-0.2","0.2"
"20:57896116:G>A","NM_207034.3:c.410G>A","NP_996917.1:p.Arg137Gln","Unknown significance","null","missense_variant","3/5","null","137","MODERATE","25.7","null","0","null","139.37262997540765","0.5172954623514502","63.35","-0.5","0.5"
"20:57896116:G>T","NM_207034.3:c.410G>T","NP_996917.1:p.Arg137Leu","Unknown significance","null","missense_variant","3/5","null","137","MODERATE","25.0","null","0.000879059","gnomad_AF_nfe_pass","139.37262997540765","0.5172954623514502","63.35","-0.6","0.6"
"20:57896131:C>T","NM_207034.3:c.425C>T","NP_996917.1:p.Ala142Val","Likely benign","null","missense_variant","3/5","null","142","MODERATE","2.731","null","0.0195976","gnomad_AF_sas_pass","20.160639782774922","0.15854706124948045","56.88","0.7","0.7"
"20:57896139:C>T","NM_207034.3:c.433C>T","NP_996917.1:p.Leu145Phe","Likely benign","null","missense_variant","3/5","null","145","MODERATE","0.032","null","0.000878966","gnomad_AF_nfe_pass","84.56773155829232","0.43851279329819326","46.31","0.4","0.4"
"20:57896148:A>G","NM_207034.3:c.442A>G","NP_996917.1:p.Asn148Asp","Likely benign","null","missense_variant","3/5","null","148","MODERATE","15.07","null","0","gnomad_AF_afr_pass,gnomad_AF_amr_pass,gnomad_AF_eas_pass,gnomad_AF_nfe_pass,gnomad_AF_sas_pass","70.032534162411","0.4381768707821121","43.63","-0.3","0.3"
"20:57896148:A>T","NM_207034.3:c.442A>T","NP_996917.1:p.Asn148Tyr","Unknown significance","null","missense_variant","3/5","null","148","MODERATE","16.29","null","0.00543656","gnomad_AF_eas_pass","70.032534162411","0.4381768707821121","43.63","0.5","0.5"
"20:57896149:A>G","NM_207034.3:c.443A>G","NP_996917.1:p.Asn148Ser","Likely benign","null","missense_variant","3/5","null","148","MODERATE","0.780","null","0.00543656","gnomad_AF_eas_pass","70.032534162411","0.4381768707821121","43.63","0.1","0.1"
"20:57896151:C>A","NM_207034.3:c.445C>A","NP_996917.1:p.Leu149Met","Likely benign","null","missense_variant","3/5","null","149","MODERATE","8.752","null","0.00326627","gnomad_AF_sas_pass","203.56684287965257","1.0555641407091496","43.91","-0.0","0.0"
"20:57896157:C>T","NM_207034.3:c.451C>T","NP_996917.1:p.Leu151Phe","Unknown significance","null","missense_variant","3/5","null","151","MODERATE","9.046","null","0.0163097","gnomad_AF_eas_pass","101.18487507272421","0.5246784014430409","45.74","0.0","0.0"
"20:57896160:T>C","NM_207034.3:c.454T>C","NP_996917.1:p.Ser152Pro","Likely benign","null","missense_variant","3/5","null","152","MODERATE","6.970","null","0.000878966","gnomad_AF_nfe_pass","129.5106275927369","0.9391143290033944","49.79","-0.1","0.1"
"20:57896161:C>T","NM_207034.3:c.455C>T","NP_996917.1:p.Ser152Leu","Likely benign","null","missense_variant","3/5","null","152","MODERATE","11.27","null","0.000878982","gnomad_AF_nfe_pass","129.5106275927369","0.9391143290033944","49.79","-0.1","0.1"
"20:57896164:A>G","NM_207034.3:c.458A>G","NP_996917.1:p.His153Arg","Likely benign","null","missense_variant","3/5","null","153","MODERATE","0.088","null","0.0163097","gnomad_AF_eas_pass","83.59476740080412","0.4069806387815099","49.91","0.2","0.2"
"20:57896164:A>T","NM_207034.3:c.458A>T","NP_996917.1:p.His153Leu","Likely benign","null","missense_variant","3/5","null","153","MODERATE","1.325","null","0.000878982","gnomad_AF_nfe_pass","83.59476740080412","0.4069806387815099","49.91","-0.1","0.1"
"20:57896166:C>T","NM_207034.3:c.460C>T","NP_996917.1:p.Arg154Trp","Likely benign","null","missense_variant","3/5","null","154","MODERATE","2.144","null","0.0108731","gnomad_AF_eas_pass","132.67761674069678","0.49244625080030174","45.16","0.4","0.4"
"20:57896167:G>A","NM_207034.3:c.461G>A","NP_996917.1:p.Arg154Gln","Likely benign","null","missense_variant","3/5","null","154","MODERATE","5.804","null","0.0881128","gnomad_AF_afr_pass","132.67761674069678","0.49244625080030174","45.16","-0.1","0.1"
"20:57896167:G>C","NM_207034.3:c.461G>C","NP_996917.1:p.Arg154Pro","Likely benign","null","missense_variant","3/5","null","154","MODERATE","8.551","null","0","gnomad_AF_afr_pass,gnomad_AF_amr_pass,gnomad_AF_eas_pass,gnomad_AF_nfe_pass,gnomad_AF_sas_pass","132.67761674069678","0.49244625080030174","45.16","-0.5","0.5"
"20:57896169:C>T","NM_207034.3:c.463C>T","NP_996917.1:p.Pro155Ser","Likely benign","null","missense_variant","3/5","null","155","MODERATE","0.512","null","0.000878997","gnomad_AF_nfe_pass","31.089578416549486","0.1976449884017849","50.14","0.1","0.1"
"20:57896172:C>T","NM_207034.3:c.466C>T","NP_996917.1:p.His156Tyr","Unknown significance","null","missense_variant","3/5","null","156","MODERATE","4.414","null","0.00326627","gnomad_AF_sas_pass","17.872706240267178","0.08701316635696801","58.55","0.8","0.8"
"20:57896173:A>G","NM_207034.3:c.467A>G","NP_996917.1:p.His156Arg","Likely benign","null","missense_variant","3/5","null","156","MODERATE","0.004","null","0.00543656","gnomad_AF_eas_pass","17.872706240267178","0.08701316635696801","58.55","-0.0","0.0"
"20:57896176:T>C","NM_207034.3:c.470T>C","NP_996917.1:p.Leu157Ser","Likely benign","null","missense_variant","3/5","null","157","MODERATE","0.038","null","0.000878982","gnomad_AF_nfe_pass","54.57789293255808","0.28300515860105263","64.64","-0.4","0.4"
"20:57896178:C>A","NM_207034.3:c.472C>A","NP_996917.1:p.Arg158Ser","Unknown significance","Inborn genetic diseases","missense_variant","3/5","null","158","MODERATE","23.4","Endothelin-like_toxin&Endothelin-like_toxin&Endothelin-like_toxin&Endothelin-like_toxin","0.00154796","gnomad_AF_nfe_pass","33.08270666845043","0.12278977619144561","77.15","-1.6","1.6"
"20:57896179:G>A","NM_207034.3:c.473G>A","NP_996917.1:p.Arg158His","Unknown significance","null","missense_variant","3/5","null","158","MODERATE","24.3","Endothelin-like_toxin&Endothelin-like_toxin&Endothelin-like_toxin&Endothelin-like_toxin","0.00543656","gnomad_AF_eas_pass","33.08270666845043","0.12278977619144561","77.15","-0.6","0.6"
"20:57896179:G>T","NM_207034.3:c.473G>T","NP_996917.1:p.Arg158Leu","Unknown significance","null","missense_variant","3/5","null","158","MODERATE","24.3","Endothelin-like_toxin&Endothelin-like_toxin&Endothelin-like_toxin&Endothelin-like_toxin","0","null","33.08270666845043","0.12278977619144561","77.15","-0.5","0.5"
"20:57896182:G>T","NM_207034.3:c.476G>T","NP_996917.1:p.Cys159Phe","Pathogenic","Waardenburg syndrome 4","missense_variant","3/5","null","159","MODERATE","23.6","Endothelin-like_toxin&_conserved_site&Endothelin-like_toxin&Endothelin-like_toxin&_conserved_site&Endothelin-like_toxin&Endothelin-like_toxin&_conserved_site&Endothelin-like_toxin&Endothelin-like_toxin&_conserved_site&Endothelin-like_toxin","0","null","6.248002082223545","0.04043281268052015","82.8","-3.8","3.8"
"20:57896184:G>A","NM_207034.3:c.478G>A","NP_996917.1:p.Ala160Thr","Unknown significance","null","missense_variant","3/5","null","160","MODERATE","0.060","Endothelin-like_toxin&_conserved_site&Endothelin-like_toxin&Endothelin-like_toxin&_conserved_site&Endothelin-like_toxin&Endothelin-like_toxin&_conserved_site&Endothelin-like_toxin&Endothelin-like_toxin&_conserved_site&Endothelin-like_toxin","0.00289084","gnomad_AF_amr_pass","24.15111200183722","0.1899288849488739","83.28","-0.0","0.0"
"20:57896190:G>C","NM_207034.3:c.484G>C","NP_996917.1:p.Val162Leu","Likely benign","null","missense_variant","3/5","null","162","MODERATE","3.769","Endothelin-like_toxin&_conserved_site&Endothelin-like_toxin&Endothelin-like_toxin&_conserved_site&Endothelin-like_toxin&Endothelin-like_toxin&_conserved_site&Endothelin-like_toxin&Endothelin-like_toxin&_conserved_site&Endothelin-like_toxin","0.000878997","gnomad_AF_nfe_pass","78.56336429247239","0.4570504387459807","84.07","-0.2","0.2"
"20:57896194:G>A","NM_207034.3:c.488G>A","NP_996917.1:p.Gly163Glu","Likely benign","null","missense_variant","3/5","null","163","MODERATE","2.115","Endothelin-like_toxin&_conserved_site&Endothelin-like_toxin&Endothelin-like_toxin&_conserved_site&Endothelin-like_toxin&Endothelin-like_toxin&_conserved_site&Endothelin-like_toxin&Endothelin-like_toxin&_conserved_site&Endothelin-like_toxin","0","gnomad_AF_afr_pass,gnomad_AF_amr_pass,gnomad_AF_eas_pass,gnomad_AF_nfe_pass,gnomad_AF_sas_pass","20.58578480161803","0.21590569306890411","78.42","0.4","0.4"
"20:57896197:G>A","NM_207034.3:c.491G>A","NP_996917.1:p.Arg164Lys","Likely benign","null","missense_variant","3/5","null","164","MODERATE","0.127","Endothelin-like_toxin&_conserved_site&Endothelin-like_toxin&Endothelin-like_toxin&_conserved_site&Endothelin-like_toxin&Endothelin-like_toxin&_conserved_site&Endothelin-like_toxin&Endothelin-like_toxin&_conserved_site&Endothelin-like_toxin","0.0114758","gnomad_AF_afr_pass","109.61181386281712","0.4068352153600898","76.95","-0.5","0.5"
"20:57896204:C>G","NM_207034.3:c.498C>G","NP_996917.1:p.Asp166Glu","Pathogenic","Hirschsprung disease","missense_variant","3/5","null","166","MODERATE","21.7","Endothelin-like_toxin&_conserved_site&Endothelin-like_toxin&Endothelin-like_toxin&_conserved_site&Endothelin-like_toxin&Endothelin-like_toxin&_conserved_site&Endothelin-like_toxin&Endothelin-like_toxin&_conserved_site&Endothelin-like_toxin","0","null","51.732408966723995","0.3233683004478814","84.34","-0.5","0.5"
"20:57896208:G>A","NM_207034.3:c.502G>A","NP_996917.1:p.Ala168Thr","Likely benign","null","missense_variant","3/5","null","168","MODERATE","14.19","Endothelin-like_toxin&_conserved_site&Endothelin-like_toxin&Endothelin-like_toxin&_conserved_site&Endothelin-like_toxin&Endothelin-like_toxin&_conserved_site&Endothelin-like_toxin&Endothelin-like_toxin&_conserved_site&Endothelin-like_toxin","0.000878966","gnomad_AF_nfe_pass","70.0624550779593","0.5509843177707552","85.58","0.1","0.1"
"20:57896217:C>T","NM_207034.3:c.511C>T","NP_996917.1:p.His171Tyr","Likely benign","null","missense_variant","3/5","null","171","MODERATE","11.53","Endothelin-like_toxin&_conserved_site&Endothelin-like_toxin&Endothelin-like_toxin&_conserved_site&Endothelin-like_toxin&Endothelin-like_toxin&_conserved_site&Endothelin-like_toxin&Endothelin-like_toxin&_conserved_site&Endothelin-like_toxin","0.000878966","gnomad_AF_nfe_pass","107.78903238665382","0.5247702771159246","86.32","0.3","0.3"
"20:57896219:C>A","NM_207034.3:c.513C>A","NP_996917.1:p.His171Gln","Likely benign","null","missense_variant","3/5","null","171","MODERATE","0.096","Endothelin-like_toxin&_conserved_site&Endothelin-like_toxin&Endothelin-like_toxin&_conserved_site&Endothelin-like_toxin&Endothelin-like_toxin&_conserved_site&Endothelin-like_toxin&Endothelin-like_toxin&_conserved_site&Endothelin-like_toxin","0.00653253","gnomad_AF_sas_pass","107.78903238665382","0.5247702771159246","86.32","-0.2","0.2"
"20:57896223:T>C","NM_207034.3:c.517T>C","NP_996917.1:p.Cys173Arg","Pathogenic","Hirschsprung disease","missense_variant","3/5","null","173","MODERATE","23.9","Endothelin-like_toxin&_conserved_site&Endothelin-like_toxin&Endothelin-like_toxin&_conserved_site&Endothelin-like_toxin&Endothelin-like_toxin&_conserved_site&Endothelin-like_toxin&Endothelin-like_toxin&_conserved_site&Endothelin-like_toxin","0","null","3.778561678338649","0.024452276828897553","82.84","-5.2","5.2"
"20:57896241:G>A","NM_207034.3:c.535G>A","NP_996917.1:p.Val179Ile","Likely benign","null","missense_variant","3/5","null","179","MODERATE","8.153","Endothelin-like_toxin&Endothelin-like_toxin&Endothelin-like_toxin&Endothelin-like_toxin","0.000878982","gnomad_AF_nfe_pass","83.36111102536815","0.4849618230026273","60.23","0.0","0.0"
"20:57896248:G>T","NM_207034.3:c.542G>T","NP_996917.1:p.Ser181Ile","Unknown significance","null","missense_variant&splice_region_variant","3/5","null","181","MODERATE","32","null","0","null","62.115203028904894","0.45041305333517684","55.77","0.2","0.2"
"20:57897438:C>T","NM_207034.3:c.554C>T","NP_996917.1:p.Thr185Met","Pathogenic","Deafness","missense_variant","4/5","null","185","MODERATE","19.68","null","0.0160256","gnomad_AF_afr_pass","89.66069243101599","0.5698618647394814","51.07","-0.1","0.1"
"20:57897458:G>C","NM_207034.3:c.574G>C","NP_996917.1:p.Glu192Gln","Unknown significance","null","missense_variant","4/5","null","192","MODERATE","22.9","null","0.00543656","gnomad_AF_eas_pass","168.72457030736064","0.8640542347694498","45.4","0.1","0.1"
"20:57899387:T>G","NM_207034.3:c.590T>G","NP_996917.1:p.Val197Gly","Likely benign","null","missense_variant&splice_region_variant","5/5","null","197","MODERATE","2.255","null","0.00176249","gnomad_AF_nfe_pass","134.74807453508254","0.7839107596915446","43.42","-0.3","0.3"
"20:57899392:G>A","NM_207034.3:c.595G>A","NP_996917.1:p.Val199Ile","Likely benign","null","missense_variant","5/5","null","199","MODERATE","11.13","null","0.00543774","gnomad_AF_eas_pass","160.66866930867428","0.9347064813427113","33.04","-0.0","0.0"
"20:57899393:T>A","NM_207034.3:c.596T>A","NP_996917.1:p.Val199Asp","Likely benign","null","missense_variant","5/5","null","199","MODERATE","11.89","null","0.00289118","gnomad_AF_amr_pass","160.66866930867428","0.9347064813427113","33.04","-0.2","0.2"
"20:57899395:A>G","NM_207034.3:c.598A>G","NP_996917.1:p.Lys200Glu","Likely benign","null","missense_variant","5/5","null","200","MODERATE","3.711","null","0.0061546","gnomad_AF_afr_pass","206.99065288666011","0.874430809129031","36.49","0.1","0.1"
"20:57899396:A>T","NM_207034.3:c.599A>T","NP_996917.1:p.Lys200Met","Unknown significance","null","missense_variant","5/5","null","200","MODERATE","19.34","null","0.0061546","gnomad_AF_afr_pass","206.99065288666011","0.874430809129031","36.49","0.1","0.1"
"20:57899399:A>T","NM_207034.3:c.602A>T","NP_996917.1:p.Asp201Val","Unknown significance","null","missense_variant","5/5","null","201","MODERATE","16.14","null","0","gnomad_AF_afr_pass,gnomad_AF_amr_pass,gnomad_AF_eas_pass,gnomad_AF_nfe_pass,gnomad_AF_sas_pass","114.20428377488803","0.713866720799871","38.25","0.1","0.1"
"20:57899404:C>G","NM_207034.3:c.607C>G","NP_996917.1:p.Gln203Glu","Likely benign","null","missense_variant","5/5","null","203","MODERATE","7.783","null","0.00289101","gnomad_AF_amr_pass","179.17300406356287","0.9060503857289868","35.42","-0.1","0.1"
"20:57899408:G>T","NM_207034.3:c.611G>T","NP_996917.1:p.Ser204Ile","Unknown significance","null","missense_variant","5/5","null","204","MODERATE","15.24","null","0","gnomad_AF_afr_pass,gnomad_AF_amr_pass,gnomad_AF_eas_pass,gnomad_AF_nfe_pass,gnomad_AF_sas_pass","86.25356215253449","0.6254464027442693","35.15","-0.2","0.2"
"20:57899409:C>G","NM_207034.3:c.612C>G","NP_996917.1:p.Ser204Arg","Likely benign","null","missense_variant","5/5","null","204","MODERATE","9.413","null","0.000880173","gnomad_AF_nfe_pass","86.25356215253449","0.6254464027442693","35.15","-0.2","0.2"
"20:57899414:A>G","NM_207034.3:c.617A>G","NP_996917.1:p.Gln206Arg","Likely benign","null","missense_variant","5/5","null","206","MODERATE","0.115","null","0.000879585","gnomad_AF_nfe_pass","186.70491752478182","0.9441381162578214","38.33","-0.0","0.0"
"20:57899420:T>C","NM_207034.3:c.623T>C","NP_996917.1:p.Leu208Ser","Unknown significance","Hirschsprung disease 4","missense_variant","5/5","null","208","MODERATE","22.8","null","0.00543715","gnomad_AF_eas_pass","167.23094939593923","0.8671500274897871","39.96","-0.4","0.4"
"20:57899444:T>C","NM_207034.3:c.647T>C","NP_996917.1:p.Met216Thr","Likely benign","null","missense_variant","5/5","null","216","MODERATE","4.395","null","0.00154895","gnomad_AF_nfe_pass","146.82506278468554","0.6780718908053055","29.23","-0.3","0.3"
"20:57899449:G>A","NM_207034.3:c.652G>A","NP_996917.1:p.Gly218Ser","Likely benign","null","missense_variant","5/5","null","218","MODERATE","0.001","null","0.00400802","gnomad_AF_afr_pass","39.80786967296273","0.4175087699674237","32.27","-0.3","0.3"
"20:57899449:G>C","NM_207034.3:c.652G>C","NP_996917.1:p.Gly218Arg","Likely benign","null","missense_variant","5/5","null","218","MODERATE","0.002","null","0.000879802","gnomad_AF_nfe_pass","39.80786967296273","0.4175087699674237","32.27","-0.2","0.2"
"20:57899452:A>C","NM_207034.3:c.655A>C","NP_996917.1:p.Ser219Arg","Likely benign","null","missense_variant","5/5","null","219","MODERATE","4.551","null","0.182935","gnomad_AF_sas_pass","130.80779871588254","0.9485204450230484","31.69","-0.1","0.1"
"20:57899461:G>A","NM_207034.3:c.664G>A","NP_996917.1:p.Ala222Thr","Likely benign","null","missense_variant","5/5","null","222","MODERATE","0.003","null","0.00543951","gnomad_AF_eas_pass","126.35350690247662","0.9936677314709832","31.06","-0.2","0.2"
"20:57899462:C>T","NM_207034.3:c.665C>T","NP_996917.1:p.Ala222Val","Likely benign","null","missense_variant","5/5","null","222","MODERATE","9.296","null","0.00176084","gnomad_AF_nfe_pass","126.35350690247662","0.9936677314709832","31.06","-0.0","0.0"
"20:57899467:G>A","NM_207034.3:c.670G>A","NP_996917.1:p.Ala224Thr","Unknown significance","null","missense_variant","5/5","null","224","MODERATE","7.500","null","0.445211","gnomad_AF_afr_pass","96.52915714431232","0.7591234382946502","33.09","-0.3","0.3"
"20:57899468:C>A","NM_207034.3:c.671C>A","NP_996917.1:p.Ala224Asp","Likely benign","null","missense_variant","5/5","null","224","MODERATE","14.13","null","0.00289201","gnomad_AF_amr_pass","96.52915714431232","0.7591234382946502","33.09","-0.7","0.7"
"20:57899468:C>T","NM_207034.3:c.671C>T","NP_996917.1:p.Ala224Val","Likely benign","null","missense_variant","5/5","null","224","MODERATE","10.13","null","0.00176156","gnomad_AF_nfe_pass","96.52915714431232","0.7591234382946502","33.09","-0.1","0.1"
"20:57899470:C>G","NM_207034.3:c.673C>G","NP_996917.1:p.Pro225Ala","Likely benign","null","missense_variant","5/5","null","225","MODERATE","0.473","null","0.00264182","gnomad_AF_nfe_pass","127.76117834496236","0.8122128989290749","48.88","-0.6","0.6"
"20:57899474:C>T","NM_207034.3:c.677C>T","NP_996917.1:p.Ser226Phe","Likely benign","null","missense_variant","5/5","null","226","MODERATE","11.99","null","0.00176211","gnomad_AF_nfe_pass","62.725135241463406","0.45483582613136525","52.98","-0.2","0.2"
"20:57899482:C>T","NM_207034.3:c.685C>T","NP_996917.1:p.Pro229Ser","Unknown significance","Hirschsprung disease 4","missense_variant","5/5","null","229","MODERATE","13.09","null","0.0282342","gnomad_AF_amr_pass","130.4452904870601","0.8292765369780105","66.43","-0.6","0.6"
"20:57899485:C>A","NM_207034.3:c.688C>A","NP_996917.1:p.Arg230Ser","Likely benign","null","missense_variant","5/5","null","230","MODERATE","9.389","null","0.0130668","gnomad_AF_sas_pass","131.64525228757697","0.48861452682992074","70.3","-0.8","0.8"
"20:57899485:C>T","NM_207034.3:c.688C>T","NP_996917.1:p.Arg230Cys","Unknown significance","Hirschsprung disease 4","missense_variant","5/5","null","230","MODERATE","12.48","null","0.0120443","gnomad_AF_afr_pass","131.64525228757697","0.48861452682992074","70.3","0.4","0.4"
"20:57899486:G>A","NM_207034.3:c.689G>A","NP_996917.1:p.Arg230His","Unknown significance","Hirschsprung disease 4","missense_variant","5/5","null","230","MODERATE","14.51","null","0.0803794","gnomad_AF_afr_pass","131.64525228757697","0.48861452682992074","70.3","-0.2","0.2"
"20:57899486:G>C","NM_207034.3:c.689G>C","NP_996917.1:p.Arg230Pro","Likely benign","null","missense_variant","5/5","null","230","MODERATE","14.44","null","0.00621494","gnomad_AF_nfe_pass","131.64525228757697","0.48861452682992074","70.3","-1.0","1.0"
"20:57899486:G>T","NM_207034.3:c.689G>T","NP_996917.1:p.Arg230Leu","Likely benign","null","missense_variant","5/5","null","230","MODERATE","14.13","null","0.00649351","gnomad_AF_nfe_pass","131.64525228757697","0.48861452682992074","70.3","-0.1","0.1"
"20:57899488:T>A","NM_207034.3:c.691T>A","NP_996917.1:p.Cys231Ser","Likely benign","null","missense_variant","5/5","null","231","MODERATE","11.69","null","0.00544129","gnomad_AF_eas_pass","16.528388232405234","0.10696046776506883","75.02","-4.5","4.5"
"20:57899494:T>C","NM_207034.3:c.697T>C","NP_996917.1:p.Phe233Leu","Likely benign","null","missense_variant","5/5","null","233","MODERATE","4.413","null","0","null","127.17897990884934","0.5535528598858002","68.07","-1.2","1.2"
"20:57899500:G>A","NM_207034.3:c.703G>A","NP_996917.1:p.Glu235Lys","Likely benign","null","missense_variant","5/5","null","235","MODERATE","8.034","null","0.000883158","gnomad_AF_nfe_pass","108.48051819515733","0.5555388344789338","51.11","-0.3","0.3"
"20:57899504:G>C","NM_207034.3:c.707G>C","NP_996917.1:p.Gly236Ala","Likely benign","null","missense_variant","5/5","null","236","MODERATE","6.253","null","0.00353576","gnomad_AF_nfe_pass","23.884752737537017","0.25050558641670095","41.86","-0.8","0.8"
"20:57899507:C>T","NM_207034.3:c.710C>T","NP_996917.1:p.Ala237Val","Unknown significance","null","missense_variant","5/5","null","237","MODERATE","19.26","null","0.00353651","gnomad_AF_nfe_pass","100.23085412389354","0.7882342792239205","33.47","-0.3","0.3"
"20:57899510:C>T","NM_207034.3:c.713C>T","NP_996917.1:p.Pro238Leu","Likely benign","null","missense_variant","5/5","null","238","MODERATE","16.08","null","0.000884236","gnomad_AF_nfe_pass","195.97847756452907","1.2458890051922347","39.75","-0.2","0.2"