{"applied_filters": "CONTAINS missense_variant[Consequence]"},
"Genomic Description (GRCh37)","HGVS Nucleotide Change","HGVS Protein Change","Variant Classification","Phenotype","Consequence","Exon","Intron","Protein Position","Impact","CADD Phred","Interpro Domain","Max MAF (%)","Max MAF Source","Surface Area","Normalized SA","Confidence Score","ddG","|ddG|"
"16:21270106:T>G","NM_001888.5:c.941A>C","NP_001879.1:p.Lys314Thr","Pathogenic","Nonsyndromic deafness","missense_variant","10/10","null","314","MODERATE","23.8","null","0","null","197.66455804148515","0.8350327757021506","58.85","0.1","0.1"
"16:21270118:C>G","NM_001888.5:c.929G>C","NP_001879.1:p.Trp310Ser","Unknown significance","null","missense_variant","10/10","null","310","MODERATE","24.9","null","0","gnomad_AF_afr_pass,gnomad_AF_sas_pass,gnomad_AF_amr_pass,gnomad_AF_eas_pass,gnomad_AF_nfe_pass","110.97932596908362","0.42305528036877627","96.43","-0.9","0.9"
"16:21270129:G>C","NM_001888.5:c.918C>G","NP_001879.1:p.Ile306Met","Likely benign","null","missense_variant","10/10","null","306","MODERATE","19.91","null","0.00289084","gnomad_AF_amr_pass","0.0","0.0","97.0","-1.4","1.4"
"16:21270130:A>G","NM_001888.5:c.917T>C","NP_001879.1:p.Ile306Thr","Unknown significance","null","missense_variant","10/10","null","306","MODERATE","25.8","null","0.00326627","gnomad_AF_sas_pass","0.0","0.0","97.0","-3.0","3.0"
"16:21270140:C>T","NM_001888.5:c.907G>A","NP_001879.1:p.Ala303Thr","Unknown significance","null","missense_variant","10/10","null","303","MODERATE","31","null","0.0141091","gnomad_AF_amr_pass","0.0","0.0","98.25","-1.3","1.3"
"16:21270142:G>A","NM_001888.5:c.905C>T","NP_001879.1:p.Ala302Val","Unknown significance","null","missense_variant","10/10","null","302","MODERATE","29.4","null","0.000880406","gnomad_AF_nfe_pass","0.0","0.0","97.66","2.2","2.2"
"16:21270145:A>G","NM_001888.5:c.902T>C","NP_001879.1:p.Val301Ala","Unknown significance","null","missense_variant","10/10","null","301","MODERATE","22.9","null","0.00543656","gnomad_AF_eas_pass","0.0","0.0","97.22","-1.0","1.0"
"16:21270148:G>A","NM_001888.5:c.899C>T","NP_001879.1:p.Thr300Ile","Likely benign","null","missense_variant","10/10","null","300","MODERATE","22.3","null","0.00653253","gnomad_AF_sas_pass","0.0","0.0","98.64","2.4","2.4"
"16:21270149:T>C","NM_001888.5:c.898A>G","NP_001879.1:p.Thr300Ala","Likely benign","null","missense_variant","10/10","null","300","MODERATE","14.93","null","0.00578202","gnomad_AF_amr_pass","0.0","0.0","98.64","0.0","0.0"
"16:21270157:A>G","NM_001888.5:c.890T>C","NP_001879.1:p.Val297Ala","Unknown significance","null","missense_variant","10/10","null","297","MODERATE","23.0","null","0.0097988","gnomad_AF_sas_pass","0.0","0.0","98.54","-1.9","1.9"
"16:21270162:C>A","NM_001888.5:c.885G>T","NP_001879.1:p.Met295Ile","Unknown significance","null","missense_variant","10/10","null","295","MODERATE","22.6","null","0.00176118","gnomad_AF_nfe_pass","5.1059177516438705","0.02358030188095825","95.27","0.2","0.2"
"16:21270163:A>G","NM_001888.5:c.884T>C","NP_001879.1:p.Met295Thr","Unknown significance","null","missense_variant","10/10","null","295","MODERATE","25.8","null","0.000880607","gnomad_AF_nfe_pass","5.1059177516438705","0.02358030188095825","95.27","-1.7","1.7"
"16:21270164:T>C","NM_001888.5:c.883A>G","NP_001879.1:p.Met295Val","Unknown significance","null","missense_variant&splice_region_variant","10/10","null","295","MODERATE","22.5","null","0.00326648","gnomad_AF_sas_pass","5.1059177516438705","0.02358030188095825","95.27","-0.2","0.2"
"16:21270166:C>T","NM_001888.5:c.881G>A","NP_001879.1:p.Gly294Glu","Unknown significance","null","missense_variant&splice_region_variant","10/10","null","294","MODERATE","34","null","0.0641849","gnomad_AF_eas_pass","1.4030368553232093","0.01471518562780097","96.08","-1.7","1.7"
"16:21272590:C>T","NM_001888.5:c.865G>A","NP_001879.1:p.Val289Met","Unknown significance","null","missense_variant","9/10","null","289","MODERATE","31","null","0.00867303","gnomad_AF_amr_pass","0.0","0.0","98.95","-1.1","1.1"
"16:21272595:G>A","NM_001888.5:c.860C>T","NP_001879.1:p.Thr287Ile","Unknown significance","null","missense_variant","9/10","null","287","MODERATE","23.4","null","0.00326648","gnomad_AF_sas_pass","20.01624977885769","0.12721848465365262","98.74","1.9","1.9"
"16:21272598:T>C","NM_001888.5:c.857A>G","NP_001879.1:p.Lys286Arg","Unknown significance","null","missense_variant","9/10","null","286","MODERATE","25.0","null","0.00326648","gnomad_AF_sas_pass","120.93474276994714","0.5108881173974561","98.08","0.5","0.5"
"16:21272604:C>G","NM_001888.5:c.851G>C","NP_001879.1:p.Cys284Ser","Unknown significance","null","missense_variant","9/10","null","284","MODERATE","22.5","null","0.000879183","gnomad_AF_nfe_pass","35.90633905493361","0.2323613631919133","97.14","0.3","0.3"
"16:21272605:A>G","NM_001888.5:c.850T>C","NP_001879.1:p.Cys284Arg","Unknown significance","null","missense_variant","9/10","null","284","MODERATE","21.3","null","0.00653296","gnomad_AF_sas_pass","35.90633905493361","0.2323613631919133","97.14","1.0","1.0"
"16:21272615:T>A","NM_001888.5:c.840A>T","NP_001879.1:p.Lys280Asn","Unknown significance","null","missense_variant","9/10","null","280","MODERATE","23.6","null","0","gnomad_AF_afr_pass,gnomad_AF_sas_pass,gnomad_AF_amr_pass,gnomad_AF_eas_pass,gnomad_AF_nfe_pass","72.6825150881204","0.3070468622215457","98.45","0.2","0.2"
"16:21272622:C>T","NM_001888.5:c.833G>A","NP_001879.1:p.Gly278Glu","Unknown significance","null","missense_variant","9/10","null","278","MODERATE","27.3","null","0.00289134","gnomad_AF_amr_pass","66.10745832660248","0.6933413879808439","97.65","-0.2","0.2"
"16:21272628:A>G","NM_001888.5:c.827T>C","NP_001879.1:p.Ile276Thr","Unknown significance","null","missense_variant","9/10","null","276","MODERATE","25.9","null","0.00326648","gnomad_AF_sas_pass","42.44759695808604","0.2163941371461133","98.54","-1.8","1.8"
"16:21272632:C>T","NM_001888.5:c.823G>A","NP_001879.1:p.Val275Met","Unknown significance","null","missense_variant","9/10","null","275","MODERATE","26.4","null","0.00615309","gnomad_AF_afr_pass","7.920950050272408","0.046080940249511204","98.77","-0.6","0.6"
"16:21272635:C>G","NM_001888.5:c.820G>C","NP_001879.1:p.Glu274Gln","Unknown significance","null","missense_variant","9/10","null","274","MODERATE","31","null","0.212391","gnomad_AF_afr_pass","29.09214988264745","0.1489836083675151","98.79","0.5","0.5"
"16:21272635:C>T","NM_001888.5:c.820G>A","NP_001879.1:p.Glu274Lys","Unknown significance","null","missense_variant","9/10","null","274","MODERATE","32","null","0.000879229","gnomad_AF_nfe_pass","29.09214988264745","0.1489836083675151","98.79","-0.3","0.3"
"16:21272642:C>A","NM_001888.5:c.813G>T","NP_001879.1:p.Glu271Asp","Unknown significance","null","missense_variant","9/10","null","271","MODERATE","26.0","null","0","null","16.33775185851273","0.08366714850270109","98.85","-0.3","0.3"
"16:21272656:C>T","NM_001888.5:c.799G>A","NP_001879.1:p.Glu267Lys","Unknown significance","null","missense_variant","9/10","null","267","MODERATE","22.1","null","0.00980072","gnomad_AF_sas_pass","174.24677524162027","0.8923339604194823","98.35","-0.0","0.0"
"16:21272659:C>A","NM_001888.5:c.796G>T","NP_001879.1:p.Ala266Ser","Unknown significance","null","missense_variant&splice_region_variant","9/10","null","266","MODERATE","34","null","0","null","5.586219015848984","0.04393107649369032","98.25","-0.3","0.3"
"16:21273374:T>A","NM_001888.5:c.779A>T","NP_001879.1:p.Asp260Val","Unknown significance","null","missense_variant","8/10","null","260","MODERATE","32","null","0.00326691","gnomad_AF_sas_pass","0.0","0.0","98.67","1.1","1.1"
"16:21273381:A>C","NM_001888.5:c.772T>G","NP_001879.1:p.Ser258Ala","Unknown significance","null","missense_variant","8/10","null","258","MODERATE","23.1","null","0","null","0.0","0.0","97.78","0.2","0.2"
"16:21273386:T>C","NM_001888.5:c.767A>G","NP_001879.1:p.Lys256Arg","Unknown significance","null","missense_variant","8/10","null","256","MODERATE","22.9","null","0.000883954","gnomad_AF_nfe_pass","128.58827868970175","0.5432204353725759","96.33","0.5","0.5"
"16:21273389:A>G","NM_001888.5:c.764T>C","NP_001879.1:p.Leu255Pro","Unknown significance","null","missense_variant","8/10","null","255","MODERATE","23.0","null","0","null","93.86421803548268","0.4867182751983624","97.67","-1.0","1.0"
"16:21273392:G>A","NM_001888.5:c.761C>T","NP_001879.1:p.Ala254Val","Unknown significance","Deafness, autosomal dominant 40","missense_variant","8/10","null","254","MODERATE","29.4","null","0.00289235","gnomad_AF_amr_pass","0.0","0.0","98.08","1.1","1.1"
"16:21273411:C>T","NM_001888.5:c.742G>A","NP_001879.1:p.Val248Met","Unknown significance","null","missense_variant","8/10","null","248","MODERATE","28.3","null","0.00802053","gnomad_AF_afr_pass","0.0","0.0","98.89","-1.1","1.1"
"16:21273430:C>G","NM_001888.5:c.723G>C","NP_001879.1:p.Met241Ile","Unknown significance","null","missense_variant","8/10","null","241","MODERATE","27.2","null","0.000883533","gnomad_AF_nfe_pass","0.0493371286210529","2.2785020116110105E-4","98.79","0.6","0.6"
"16:21273430:C>T","NM_001888.5:c.723G>A","NP_001879.1:p.Met241Ile","Unknown significance","null","missense_variant","8/10","null","241","MODERATE","28.7","null","0","gnomad_AF_afr_pass,gnomad_AF_sas_pass,gnomad_AF_amr_pass,gnomad_AF_eas_pass,gnomad_AF_nfe_pass","0.0493371286210529","2.2785020116110105E-4","98.79","0.6","0.6"
"16:21273432:T>C","NM_001888.5:c.721A>G","NP_001879.1:p.Met241Val","Unknown significance","null","missense_variant","8/10","null","241","MODERATE","23.0","null","0.000883377","gnomad_AF_nfe_pass","0.0493371286210529","2.2785020116110105E-4","98.79","0.3","0.3"
"16:21273441:C>A","NM_001888.5:c.712G>T","NP_001879.1:p.Asp238Tyr","Unknown significance","null","missense_variant","8/10","null","238","MODERATE","27.4","null","0.0123183","gnomad_AF_afr_pass","55.173304723672345","0.3448766089756831","98.76","1.3","1.3"
"16:21273455:C>G","NM_001888.5:c.698G>C","NP_001879.1:p.Trp233Ser","Unknown significance","null","missense_variant","8/10","null","233","MODERATE","31","null","0.00326691","gnomad_AF_sas_pass","26.01887026097703","0.09918442337812429","96.39","-1.4","1.4"
"16:21273462:G>A","NM_001888.5:c.691C>T","NP_001879.1:p.Pro231Ser","Unknown significance","null","missense_variant","8/10","null","231","MODERATE","26.7","null","0.00088494","gnomad_AF_nfe_pass","64.03743471842857","0.4071035596760141","94.98","-0.4","0.4"
"16:21273465:T>C","NM_001888.5:c.688A>G","NP_001879.1:p.Arg230Gly","Unknown significance","null","missense_variant","8/10","null","230","MODERATE","23.7","null","0.0064834","gnomad_AF_nfe_pass","45.27116163890371","0.16802844644114234","91.16","-1.5","1.5"
"16:21273471:C>G","NM_001888.5:c.682G>C","NP_001879.1:p.Ala228Pro","Unknown significance","null","missense_variant","8/10","null","228","MODERATE","28.4","null","0.00289352","gnomad_AF_amr_pass","0.0","0.0","91.15","-1.1","1.1"
"16:21273476:A>G","NM_001888.5:c.677T>C","NP_001879.1:p.Val226Ala","Unknown significance","null","missense_variant","8/10","null","226","MODERATE","23.2","null","0","null","7.220686361197959","0.04200708433445816","98.56","-1.9","1.9"
"16:21278878:T>C","NM_001888.5:c.670A>G","NP_001879.1:p.Asn224Asp","Unknown significance","null","missense_variant","7/10","null","224","MODERATE","24.4","null","0","null","0.0","0.0","98.95","-0.8","0.8"
"16:21278881:T>C","NM_001888.5:c.667A>G","NP_001879.1:p.Ile223Val","Unknown significance","null","missense_variant","7/10","null","223","MODERATE","18.86","null","0.00326648","gnomad_AF_sas_pass","0.0","0.0","98.94","-0.3","0.3"
"16:21278886:G>A","NM_001888.5:c.662C>T","NP_001879.1:p.Ala221Val","Likely benign","null","missense_variant","7/10","null","221","MODERATE","21.9","null","0","null","0.0","0.0","98.68","1.1","1.1"
"16:21278887:C>A","NM_001888.5:c.661G>T","NP_001879.1:p.Ala221Ser","Unknown significance","null","missense_variant","7/10","null","221","MODERATE","27.8","null","0.000880266","gnomad_AF_nfe_pass","0.0","0.0","98.68","-0.6","0.6"
"16:21278889:C>T","NM_001888.5:c.659G>A","NP_001879.1:p.Gly220Glu","Unknown significance","null","missense_variant","7/10","null","220","MODERATE","29.4","null","0.00326648","gnomad_AF_sas_pass","10.18448074686102","0.1068158146696019","98.13","-0.4","0.4"
"16:21278890:C>T","NM_001888.5:c.658G>A","NP_001879.1:p.Gly220Arg","Unknown significance","null","missense_variant","7/10","null","220","MODERATE","31","null","0.00648256","gnomad_AF_nfe_pass","10.18448074686102","0.1068158146696019","98.13","0.2","0.2"
"16:21278899:C>T","NM_001888.5:c.649G>A","NP_001879.1:p.Val217Met","Unknown significance","null","missense_variant","7/10","null","217","MODERATE","24.9","null","0.000880034","gnomad_AF_nfe_pass","6.6946306591719615","0.03894670127193134","98.68","-0.3","0.3"
"16:21278908:C>G","NM_001888.5:c.640G>C","NP_001879.1:p.Gly214Arg","Unknown significance","null","missense_variant","7/10","null","214","MODERATE","23.6","null","0.00289151","gnomad_AF_amr_pass","9.744426317686365","0.1022004814464776","98.57","1.1","1.1"
"16:21278923:C>T","NM_001888.5:c.625G>A","NP_001879.1:p.Glu209Lys","Unknown significance","null","missense_variant","7/10","null","209","MODERATE","23.0","null","0.00543656","gnomad_AF_eas_pass","147.82538336361213","0.7570275524724465","97.99","-0.1","0.1"
"16:21278943:A>C","NM_001888.5:c.605T>G","NP_001879.1:p.Ile202Ser","Unknown significance","null","missense_variant","7/10","null","202","MODERATE","27.1","null","0.0229674","gnomad_AF_afr_pass","0.0","0.0","98.96","-4.9","4.9"
"16:21278943:A>G","NM_001888.5:c.605T>C","NP_001879.1:p.Ile202Thr","Unknown significance","null","missense_variant","7/10","null","202","MODERATE","22.8","null","0.000879399","gnomad_AF_nfe_pass","0.0","0.0","98.96","-3.5","3.5"
"16:21278946:A>T","NM_001888.5:c.602T>A","NP_001879.1:p.Ile201Asn","Unknown significance","null","missense_variant","7/10","null","201","MODERATE","28.7","null","0","null","0.0","0.0","98.95","-5.2","5.2"
"16:21278947:T>C","NM_001888.5:c.601A>G","NP_001879.1:p.Ile201Val","Unknown significance","null","missense_variant","7/10","null","201","MODERATE","23.8","null","0","null","0.0","0.0","98.95","-0.3","0.3"
"16:21278949:A>C","NM_001888.5:c.599T>G","NP_001879.1:p.Val200Gly","Unknown significance","null","missense_variant","7/10","null","200","MODERATE","26.6","null","0","null","0.0","0.0","98.92","-5.0","5.0"
"16:21278951:A>T","NM_001888.5:c.597T>A","NP_001879.1:p.Asp199Glu","Unknown significance","null","missense_variant","7/10","null","199","MODERATE","24.4","null","0","null","1.2129778631661883","0.007582066985228815","98.79","-0.2","0.2"
"16:21278952:T>A","NM_001888.5:c.596A>T","NP_001879.1:p.Asp199Val","Unknown significance","null","missense_variant","7/10","null","199","MODERATE","29.0","null","0.00289218","gnomad_AF_amr_pass","1.2129778631661883","0.007582066985228815","98.79","0.6","0.6"
"16:21278952:T>C","NM_001888.5:c.596A>G","NP_001879.1:p.Asp199Gly","Unknown significance","null","missense_variant","7/10","null","199","MODERATE","29.6","null","0.00087943","gnomad_AF_nfe_pass","1.2129778631661883","0.007582066985228815","98.79","-1.4","1.4"
"16:21278955:G>C","NM_001888.5:c.593C>G","NP_001879.1:p.Ala198Gly","Unknown significance","null","missense_variant","7/10","null","198","MODERATE","28.0","null","0","null","0.0","0.0","98.79","-1.8","1.8"
"16:21278962:C>A","NM_001888.5:c.586G>T","NP_001879.1:p.Ala196Ser","Likely benign","null","missense_variant","7/10","null","196","MODERATE","14.91","null","0.000879275","gnomad_AF_nfe_pass","50.67261842233731","0.3984989972164495","98.47","-0.3","0.3"
"16:21278962:C>T","NM_001888.5:c.586G>A","NP_001879.1:p.Ala196Thr","Likely benign","null","missense_variant","7/10","null","196","MODERATE","15.13","null","0.00326627","gnomad_AF_sas_pass","50.67261842233731","0.3984989972164495","98.47","-0.0","0.0"
"16:21278968:C>A","NM_001888.5:c.580G>T","NP_001879.1:p.Ala194Ser","Unknown significance","null","missense_variant","7/10","null","194","MODERATE","27.2","null","0.00543656","gnomad_AF_eas_pass","0.0","0.0","98.8","-0.9","0.9"
"16:21278968:C>T","NM_001888.5:c.580G>A","NP_001879.1:p.Ala194Thr","Unknown significance","null","missense_variant","7/10","null","194","MODERATE","28.5","null","0.00289201","gnomad_AF_amr_pass","0.0","0.0","98.8","-0.3","0.3"
"16:21278973:T>C","NM_001888.5:c.575A>G","NP_001879.1:p.Gln192Arg","Unknown significance","null","missense_variant","7/10","null","192","MODERATE","23.0","null","0.000879167","gnomad_AF_nfe_pass","92.15355815568607","0.4660064017436314","98.72","0.2","0.2"
"16:21278979:G>A","NM_001888.5:c.569C>T","NP_001879.1:p.Ser190Leu","Unknown significance","null","missense_variant","7/10","null","190","MODERATE","29.3","null","0.0200224","gnomad_AF_afr_pass","55.166229226490415","0.40002428608869167","98.73","0.2","0.2"
"16:21278982:G>A","NM_001888.5:c.566C>T","NP_001879.1:p.Ser189Phe","Unknown significance","null","missense_variant","7/10","null","189","MODERATE","26.8","null","0.00867403","gnomad_AF_amr_pass","77.40759270950299","0.5613020401364324","98.12","0.4","0.4"
"16:21278991:C>T","NM_001888.5:c.557G>A","NP_001879.1:p.Arg186Gln","Likely benign","null","missense_variant","7/10","null","186","MODERATE","8.370","null","0.00980008","gnomad_AF_sas_pass","106.44789798629421","0.395092024989959","98.75","-0.2","0.2"
"16:21278992:G>A","NM_001888.5:c.556C>T","NP_001879.1:p.Arg186Trp","Unknown significance","null","missense_variant","7/10","null","186","MODERATE","24.9","null","0.000879214","gnomad_AF_nfe_pass","106.44789798629421","0.395092024989959","98.75","0.5","0.5"
"16:21279000:C>G","NM_001888.5:c.548G>C","NP_001879.1:p.Gly183Ala","Unknown significance","null","missense_variant","7/10","null","183","MODERATE","22.7","null","0.000879183","gnomad_AF_nfe_pass","62.01601987290864","0.6504299875408616","96.51","0.5","0.5"
"16:21279007:C>G","NM_001888.5:c.541G>C","NP_001879.1:p.Val181Leu","Likely benign","null","missense_variant","7/10","null","181","MODERATE","18.57","null","0.000879183","gnomad_AF_nfe_pass","18.380580406836344","0.10693091385541979","97.89","0.5","0.5"
"16:21279009:G>A","NM_001888.5:c.539C>T","NP_001879.1:p.Thr180Ile","Likely benign","null","missense_variant","7/10","null","180","MODERATE","17.57","null","0.00326648","gnomad_AF_sas_pass","94.37227004966539","0.5998075224723182","98.26","0.3","0.3"
"16:21279015:G>T","NM_001888.5:c.533C>A","NP_001879.1:p.Ala178Glu","Unknown significance","null","missense_variant","7/10","null","178","MODERATE","24.5","null","0.0231281","gnomad_AF_amr_pass","11.986327119832076","0.09426272977943922","98.61","-1.0","1.0"
"16:21279024:T>A","NM_001888.5:c.524A>T","NP_001879.1:p.Glu175Val","Benign","null","missense_variant","7/10","null","175","MODERATE","22.6","null","0.560628","gnomad_AF_afr_pass","75.4729106085619","0.38650380263471995","98.61","0.4","0.4"
"16:21279024:TC>AA","NM_001888.5:c.523_524delinsTT","NP_001879.1:p.Glu175Leu","Unknown significance","null","missense_variant","7/10","null","175","MODERATE","22.3","null","0","null","75.4729106085619","0.38650380263471995","98.61","0.5","0.5"
"16:21279031:T>A","NM_001888.5:c.517A>T","NP_001879.1:p.Asn173Tyr","Unknown significance","null","missense_variant","7/10","null","173","MODERATE","24.1","null","0.00578235","gnomad_AF_amr_pass","70.26472965458706","0.43962966262219416","97.3","0.7","0.7"
"16:21279036:T>C","NM_001888.5:c.512A>G","NP_001879.1:p.Lys171Arg","Likely benign","null","missense_variant","7/10","null","171","MODERATE","8.789","null","0.00326648","gnomad_AF_sas_pass","85.362945070615","0.360615264925064","97.95","0.7","0.7"
"16:21279039:G>T","NM_001888.5:c.509C>A","NP_001879.1:p.Thr170Asn","Unknown significance","null","missense_variant","7/10","null","170","MODERATE","22.4","null","0.00578269","gnomad_AF_amr_pass","68.10681104966932","0.4328705622710334","95.97","-0.1","0.1"
"16:21279042:C>A","NM_001888.5:c.506G>T","NP_001879.1:p.Arg169Leu","Unknown significance","null","missense_variant","7/10","null","169","MODERATE","28.8","null","0.000879384","gnomad_AF_nfe_pass","220.34975149378832","0.8178501517702524","96.43","-0.1","0.1"
"16:21279042:C>T","NM_001888.5:c.506G>A","NP_001879.1:p.Arg169His","Unknown significance","null","missense_variant","7/10","null","169","MODERATE","23.6","null","0.00578235","gnomad_AF_amr_pass","220.34975149378832","0.8178501517702524","96.43","-0.1","0.1"
"16:21279043:G>A","NM_001888.5:c.505C>T","NP_001879.1:p.Arg169Cys","Likely pathogenic","Amyotrophic lateral sclerosis","missense_variant","7/10","null","169","MODERATE","29.9","null","0.00615157","gnomad_AF_afr_pass","220.34975149378832","0.8178501517702524","96.43","-0.3","0.3"
"16:21279049:A>G","NM_001888.5:c.499T>C","NP_001879.1:p.Trp167Arg","Unknown significance","null","missense_variant","7/10","null","167","MODERATE","28.1","null","0.000879384","gnomad_AF_nfe_pass","27.795633459165067","0.10595747814661119","98.83","-2.1","2.1"
"16:21279051:A>G","NM_001888.5:c.497T>C","NP_001879.1:p.Ile166Thr","Unknown significance","null","missense_variant","7/10","null","166","MODERATE","25.3","null","0.000879368","gnomad_AF_nfe_pass","0.0","0.0","98.89","-2.7","2.7"
"16:21279055:T>C","NM_001888.5:c.493A>G","NP_001879.1:p.Arg165Gly","Unknown significance","null","missense_variant","7/10","null","165","MODERATE","26.8","null","0.00543656","gnomad_AF_eas_pass","21.377191666726546","0.07934358596064466","98.9","-1.8","1.8"
"16:21281111:C>G","NM_001888.5:c.489G>C","NP_001879.1:p.Glu163Asp","Unknown significance","null","missense_variant&splice_region_variant","6/10","null","163","MODERATE","33","null","0.00326819","gnomad_AF_sas_pass","55.917350848679035","0.28635796025365506","98.65","-0.4","0.4"
"16:21281112:T>C","NM_001888.5:c.488A>G","NP_001879.1:p.Glu163Gly","Unknown significance","null","missense_variant&splice_region_variant","6/10","null","163","MODERATE","33","null","0.00717309","gnomad_AF_sas_pass","55.917350848679035","0.28635796025365506","98.65","-0.7","0.7"
"16:21281121:G>A","NM_001888.5:c.479C>T","NP_001879.1:p.Ser160Phe","Unknown significance","null","missense_variant","6/10","null","160","MODERATE","22.9","null","0.00615991","gnomad_AF_afr_pass","114.34826983193676","0.8291682365528179","95.97","0.2","0.2"
"16:21281131:C>T","NM_001888.5:c.469G>A","NP_001879.1:p.Glu157Lys","Unknown significance","null","missense_variant","6/10","null","157","MODERATE","22.8","null","0.00087943","gnomad_AF_nfe_pass","108.31130452143898","0.5546722755000554","95.93","-0.2","0.2"
"16:21281154:T>G","NM_001888.5:c.446A>C","NP_001879.1:p.Tyr149Ser","Unknown significance","null","missense_variant","6/10","null","149","MODERATE","22.0","null","0","null","60.17637715445611","0.2508271674033103","97.74","-1.5","1.5"
"16:21281157:G>A","NM_001888.5:c.443C>T","NP_001879.1:p.Ala148Val","Unknown significance","null","missense_variant","6/10","null","148","MODERATE","28.3","null","0.00543774","gnomad_AF_eas_pass","0.0","0.0","98.44","0.2","0.2"
"16:21281166:C>G","NM_001888.5:c.434G>C","NP_001879.1:p.Gly145Ala","Unknown significance","null","missense_variant","6/10","null","145","MODERATE","26.2","null","0.000879229","gnomad_AF_nfe_pass","43.70315068513505","0.4583628522740212","94.76","-0.4","0.4"
"16:21281169:G>A","NM_001888.5:c.431C>T","NP_001879.1:p.Ala144Val","Unknown significance","null","missense_variant","6/10","null","144","MODERATE","28.1","null","0.00578235","gnomad_AF_amr_pass","5.246631646916669","0.041260497585392845","97.47","0.9","0.9"
"16:21281176:G>A","NM_001888.5:c.424C>T","NP_001879.1:p.Leu142Phe","Unknown significance","null","missense_variant","6/10","null","142","MODERATE","22.2","null","0.00175843","gnomad_AF_nfe_pass","0.0","0.0","98.92","-0.3","0.3"
"16:21281179:T>C","NM_001888.5:c.421A>G","NP_001879.1:p.Ile141Val","Unknown significance","null","missense_variant","6/10","null","141","MODERATE","23.5","null","0.111053","gnomad_AF_sas_pass","0.0","0.0","98.94","-0.4","0.4"
"16:21281194:T>C","NM_001888.5:c.406A>G","NP_001879.1:p.Ser136Gly","Unknown significance","null","missense_variant","6/10","null","136","MODERATE","20.2","null","0.00615536","gnomad_AF_afr_pass","8.997270451889198","0.0652414845047191","96.83","-0.6","0.6"
"16:21281204:T>G","NM_001888.5:c.396A>C","NP_001879.1:p.Lys132Asn","Unknown significance","null","missense_variant","6/10","null","132","MODERATE","22.2","null","0","null","45.6932541958107","0.19303088656887005","98.32","0.2","0.2"
"16:21281211:A>G","NM_001888.5:c.389T>C","NP_001879.1:p.Phe130Ser","Unknown significance","null","missense_variant&splice_region_variant","6/10","null","130","MODERATE","23.2","null","0.000879554","gnomad_AF_nfe_pass","54.17776252318595","0.23581141638671477","98.4","-2.2","2.2"
"16:21281211:A>T","NM_001888.5:c.389T>A","NP_001879.1:p.Phe130Tyr","Unknown significance","null","missense_variant&splice_region_variant","6/10","null","130","MODERATE","17.33","null","0.000879554","gnomad_AF_nfe_pass","54.17776252318595","0.23581141638671477","98.4","0.1","0.1"
"16:21286855:T>C","NM_001888.5:c.385A>G","NP_001879.1:p.Lys129Glu","Unknown significance","null","missense_variant&splice_region_variant","5/10","null","129","MODERATE","27.0","null","0.000879585","gnomad_AF_nfe_pass","99.52991732750209","0.42046355682006814","98.02","-0.0","0.0"
"16:21286860:G>A","NM_001888.5:c.380C>T","NP_001879.1:p.Ala127Val","Unknown significance","null","missense_variant","5/10","null","127","MODERATE","29.2","null","0.00326733","gnomad_AF_sas_pass","0.0","0.0","98.87","0.7","0.7"
"16:21286866:G>T","NM_001888.5:c.374C>A","NP_001879.1:p.Ala125Asp","Unknown significance","null","missense_variant","5/10","null","125","MODERATE","31","null","0","null","0.0","0.0","98.67","-2.5","2.5"
"16:21286869:G>C","NM_001888.5:c.371C>G","NP_001879.1:p.Ser124Cys","Unknown significance","null","missense_variant","5/10","null","124","MODERATE","31","null","0.00543715","gnomad_AF_eas_pass","0.0","0.0","98.88","0.7","0.7"
"16:21286875:G>A","NM_001888.5:c.365C>T","NP_001879.1:p.Ala122Val","Unknown significance","null","missense_variant","5/10","null","122","MODERATE","32","null","0.000879322","gnomad_AF_nfe_pass","0.0","0.0","98.41","0.5","0.5"
"16:21286887:T>C","NM_001888.5:c.353A>G","NP_001879.1:p.Lys118Arg","Unknown significance","null","missense_variant","5/10","null","118","MODERATE","22.7","null","0.000879337","gnomad_AF_nfe_pass","17.568939568509162","0.07421988301492333","97.16","1.2","1.2"
"16:21286890:G>A","NM_001888.5:c.350C>T","NP_001879.1:p.Ala117Val","Unknown significance","null","missense_variant","5/10","null","117","MODERATE","25.4","null","0.000879322","gnomad_AF_nfe_pass","4.328926264853537","0.03404348994145613","96.61","0.4","0.4"
"16:21286897:T>C","NM_001888.5:c.343A>G","NP_001879.1:p.Ile115Val","Benign","null","missense_variant","5/10","null","115","MODERATE","21.7","null","1.66656","gnomad_AF_sas_pass","0.0","0.0","97.8","-0.7","0.7"
"16:21286911:A>G","NM_001888.5:c.329T>C","NP_001879.1:p.Met110Thr","Unknown significance","null","missense_variant","5/10","null","110","MODERATE","23.7","null","0","null","0.7494835914973982","0.0034612875102901005","98.6","-2.3","2.3"
"16:21286912:T>C","NM_001888.5:c.328A>G","NP_001879.1:p.Met110Val","Unknown significance","null","missense_variant","5/10","null","110","MODERATE","22.9","null","0.00289201","gnomad_AF_amr_pass","0.7494835914973982","0.0034612875102901005","98.6","0.4","0.4"
"16:21286915:C>T","NM_001888.5:c.325G>A","NP_001879.1:p.Val109Ile","Unknown significance","null","missense_variant&splice_region_variant","5/10","null","109","MODERATE","22.5","null","0.00087943","gnomad_AF_nfe_pass","27.313328533320433","0.15889809330585583","98.77","0.4","0.4"
"16:21288753:G>A","NM_001888.5:c.323C>T","NP_001879.1:p.Ala108Val","Unknown significance","null","missense_variant&splice_region_variant","4/10","null","108","MODERATE","23.2","null","0.00618965","gnomad_AF_afr_pass","0.0","0.0","98.47","0.7","0.7"
"16:21288754:C>T","NM_001888.5:c.322G>A","NP_001879.1:p.Ala108Thr","Unknown significance","null","missense_variant&splice_region_variant","4/10","null","108","MODERATE","28.6","null","0.0114943","gnomad_AF_afr_pass","0.0","0.0","98.47","-1.4","1.4"
"16:21288763:T>G","NM_001888.5:c.313A>C","NP_001879.1:p.Thr105Pro","Likely benign","null","missense_variant","4/10","null","105","MODERATE","20.7","null","0","null","41.44368378156291","0.2634061178994982","97.59","-0.5","0.5"
"16:21288765:C>T","NM_001888.5:c.311G>A","NP_001879.1:p.Gly104Asp","Unknown significance","null","missense_variant","4/10","null","104","MODERATE","28.2","null","0","null","45.87073630101382","0.48109669891588974","96.78","-0.8","0.8"
"16:21288768:T>C","NM_001888.5:c.308A>G","NP_001879.1:p.Asn103Ser","Unknown significance","null","missense_variant","4/10","null","103","MODERATE","21.0","null","0.00617513","gnomad_AF_afr_pass","121.83469366474053","0.7622906333634712","96.94","0.0","0.0"
"16:21288774:G>C","NM_001888.5:c.302C>G","NP_001879.1:p.Pro101Arg","Unknown significance","null","missense_variant","4/10","null","101","MODERATE","26.3","null","0","null","37.853629519137414","0.24064591893252596","98.0","0.6","0.6"
"16:21288792:G>A","NM_001888.5:c.284C>T","NP_001879.1:p.Thr95Ile","Unknown significance","null","missense_variant","4/10","null","95","MODERATE","20.9","null","0.00544484","gnomad_AF_eas_pass","54.35462498525891","0.3454649647630862","98.65","1.2","1.2"
"16:21288792:G>C","NM_001888.5:c.284C>G","NP_001879.1:p.Thr95Ser","Unknown significance","null","missense_variant","4/10","null","95","MODERATE","20.8","null","0.0173641","gnomad_AF_amr_pass","54.35462498525891","0.3454649647630862","98.65","-0.6","0.6"
"16:21288798:T>A","NM_001888.5:c.278A>T","NP_001879.1:p.Gln93Leu","Unknown significance","null","missense_variant","4/10","null","93","MODERATE","22.6","null","0.000881026","gnomad_AF_nfe_pass","76.20327605792338","0.38534827289941564","94.19","0.8","0.8"
"16:21288798:T>C","NM_001888.5:c.278A>G","NP_001879.1:p.Gln93Arg","Unknown significance","null","missense_variant","4/10","null","93","MODERATE","22.3","null","0","null","76.20327605792338","0.38534827289941564","94.19","0.2","0.2"
"16:21288799:G>C","NM_001888.5:c.277C>G","NP_001879.1:p.Gln93Glu","Unknown significance","null","missense_variant","4/10","null","93","MODERATE","22.0","null","0.000881057","gnomad_AF_nfe_pass","76.20327605792338","0.38534827289941564","94.19","-0.4","0.4"
"16:21288804:G>A","NM_001888.5:c.272C>T","NP_001879.1:p.Ser91Phe","Unknown significance","null","missense_variant","4/10","null","91","MODERATE","26.3","null","0.00868307","gnomad_AF_amr_pass","26.522481891658245","0.19232122682251723","82.98","0.8","0.8"
"16:21288810:A>T","NM_001888.5:c.266T>A","NP_001879.1:p.Val89Asp","Unknown significance","null","missense_variant","4/10","null","89","MODERATE","15.86","null","0.000880824","gnomad_AF_nfe_pass","91.68260614989671","0.533372975350042","77.54","-0.8","0.8"
"16:21288817:A>C","NM_001888.5:c.259T>G","NP_001879.1:p.Ser87Ala","Likely benign","null","missense_variant","4/10","null","87","MODERATE","10.64","null","0.00544247","gnomad_AF_eas_pass","29.076834525960397","0.21084348406725972","60.03","0.0","0.0"
"16:21288820:T>G","NM_001888.5:c.256A>C","NP_001879.1:p.Thr86Pro","Likely benign","null","missense_variant","4/10","null","86","MODERATE","9.079","null","0","null","137.14754415788764","0.8716769092362965","54.62","-0.1","0.1"
"16:21288825:C>T","NM_001888.5:c.251G>A","NP_001879.1:p.Gly84Asp","Likely benign","null","missense_variant","4/10","null","84","MODERATE","15.66","null","0","null","44.49663936502655","0.46668503794851823","56.98","0.3","0.3"
"16:21288826:C>A","NM_001888.5:c.250G>T","NP_001879.1:p.Gly84Cys","Likely benign","null","missense_variant","4/10","null","84","MODERATE","23.0","null","0.000880406","gnomad_AF_nfe_pass","44.49663936502655","0.46668503794851823","56.98","0.2","0.2"
"16:21288826:C>T","NM_001888.5:c.250G>A","NP_001879.1:p.Gly84Ser","Likely benign","null","missense_variant","4/10","null","84","MODERATE","14.32","null","0.0200803","gnomad_AF_afr_pass","44.49663936502655","0.46668503794851823","56.98","0.4","0.4"
"16:21288828:C>T","NM_001888.5:c.248G>A","NP_001879.1:p.Arg83His","Likely benign","null","missense_variant","4/10","null","83","MODERATE","15.19","null","0.012332","gnomad_AF_afr_pass","140.8473386793648","0.5227689912715964","61.9","0.1","0.1"
"16:21288829:G>A","NM_001888.5:c.247C>T","NP_001879.1:p.Arg83Cys","Unknown significance","null","missense_variant","4/10","null","83","MODERATE","20.2","null","0.00088022","gnomad_AF_nfe_pass","140.8473386793648","0.5227689912715964","61.9","-0.6","0.6"
"16:21288829:G>C","NM_001888.5:c.247C>G","NP_001879.1:p.Arg83Gly","Likely benign","null","missense_variant","4/10","null","83","MODERATE","16.32","null","0.0054401","gnomad_AF_eas_pass","140.8473386793648","0.5227689912715964","61.9","-0.6","0.6"
"16:21288832:C>T","NM_001888.5:c.244G>A","NP_001879.1:p.Asp82Asn","Likely benign","null","missense_variant","4/10","null","82","MODERATE","17.46","null","0.000880065","gnomad_AF_nfe_pass","84.46766198412283","0.5279894140669401","70.14","0.2","0.2"
"16:21288835:C>T","NM_001888.5:c.241G>A","NP_001879.1:p.Glu81Lys","Unknown significance","null","missense_variant","4/10","null","81","MODERATE","21.9","null","0","null","33.6575851062789","0.17236362724300114","81.7","-0.1","0.1"
"16:21288844:T>A","NM_001888.5:c.232A>T","NP_001879.1:p.Thr78Ser","Unknown significance","null","missense_variant","4/10","null","78","MODERATE","23.1","null","0","null","36.86062796448866","0.23427731392408296","95.81","-0.5","0.5"
"16:21288855:G>C","NM_001888.5:c.221C>G","NP_001879.1:p.Thr74Ser","Unknown significance","null","missense_variant","4/10","null","74","MODERATE","24.5","null","0.00289268","gnomad_AF_amr_pass","29.929304992589067","0.19022348691491375","98.88","-0.8","0.8"
"16:21288862:G>C","NM_001888.5:c.214C>G","NP_001879.1:p.Leu72Val","Unknown significance","null","missense_variant","4/10","null","72","MODERATE","23.5","null","0.0202453","gnomad_AF_amr_pass","56.84120198186238","0.2947411949711826","98.85","-0.1","0.1"
"16:21288874:C>G","NM_001888.5:c.202G>C","NP_001879.1:p.Ala68Pro","Likely benign","null","missense_variant","4/10","null","68","MODERATE","18.69","null","0.0054401","gnomad_AF_eas_pass","70.52845778022224","0.5546490506251773","95.17","-0.2","0.2"
"16:21288874:C>T","NM_001888.5:c.202G>A","NP_001879.1:p.Ala68Thr","Likely benign","null","missense_variant","4/10","null","68","MODERATE","17.59","null","0.000879616","gnomad_AF_nfe_pass","70.52845778022224","0.5546490506251773","95.17","0.1","0.1"
"16:21288882:T>C","NM_001888.5:c.194A>G","NP_001879.1:p.Tyr65Cys","Unknown significance","null","missense_variant","4/10","null","65","MODERATE","27.3","null","0.00615764","gnomad_AF_afr_pass","54.42110223522822","0.22683803123594054","98.75","-1.4","1.4"
"16:21288882:T>G","NM_001888.5:c.194A>C","NP_001879.1:p.Tyr65Ser","Unknown significance","null","missense_variant","4/10","null","65","MODERATE","27.2","null","0.00289235","gnomad_AF_amr_pass","54.42110223522822","0.22683803123594054","98.75","-2.0","2.0"
"16:21288886:C>T","NM_001888.5:c.190G>A","NP_001879.1:p.Ala64Thr","Unknown significance","null","missense_variant","4/10","null","64","MODERATE","23.5","null","0.00289235","gnomad_AF_amr_pass","2.578519503499743","0.020277962111283944","98.77","-0.9","0.9"
"16:21288888:G>T","NM_001888.5:c.188C>A","NP_001879.1:p.Pro63His","Unknown significance","null","missense_variant","4/10","null","63","MODERATE","27.2","null","0.0115101","gnomad_AF_afr_pass","38.08013822015094","0.24208589695297064","98.73","-0.7","0.7"
"16:21288891:A>C","NM_001888.5:c.185T>G","NP_001879.1:p.Met62Arg","Unknown significance","null","missense_variant","4/10","null","62","MODERATE","31","null","0.00326627","gnomad_AF_sas_pass","1.0726748628400908","0.004953859093743004","98.62","-2.3","2.3"
"16:21288894:A>C","NM_001888.5:c.182T>G","NP_001879.1:p.Val61Gly","Unknown significance","null","missense_variant","4/10","null","61","MODERATE","26.4","null","0","null","41.55757149696939","0.24176543936175654","98.44","-2.4","2.4"
"16:21288895:C>A","NM_001888.5:c.181G>T","NP_001879.1:p.Val61Phe","Unknown significance","null","missense_variant","4/10","null","61","MODERATE","25.9","null","0.00289268","gnomad_AF_amr_pass","41.55757149696939","0.24176543936175654","98.44","0.1","0.1"
"16:21288897:C>A","NM_001888.5:c.179G>T","NP_001879.1:p.Gly60Val","Unknown significance","null","missense_variant","4/10","null","60","MODERATE","24.0","null","0.000879972","gnomad_AF_nfe_pass","1.037611560230913","0.010882569948479881","97.07","2.7","2.7"
"16:21288897:C>T","NM_001888.5:c.179G>A","NP_001879.1:p.Gly60Glu","Unknown significance","null","missense_variant","4/10","null","60","MODERATE","26.2","null","0","null","1.037611560230913","0.010882569948479881","97.07","0.6","0.6"
"16:21288901:G>C","NM_001888.5:c.175C>G","NP_001879.1:p.Leu59Val","Unknown significance","null","missense_variant","4/10","null","59","MODERATE","23.9","null","0.00289285","gnomad_AF_amr_pass","48.311596077539804","0.2505122527740155","96.94","-0.5","0.5"
"16:21288903:T>G","NM_001888.5:c.173A>C","NP_001879.1:p.Tyr58Ser","Unknown significance","null","missense_variant&splice_region_variant","4/10","null","58","MODERATE","22.3","null","0.00088008","gnomad_AF_nfe_pass","28.598921013801302","0.11920601883810138","94.69","-1.8","1.8"
"16:21289405:C>A","NM_001888.5:c.168G>T","NP_001879.1:p.Arg56Ser","Likely benign","null","missense_variant&splice_region_variant","3/10","null","56","MODERATE","15.71","null","0.00576369","gnomad_AF_afr_pass","134.0229824124883","0.49743971011397015","89.83","-0.4","0.4"
"16:21289405:C>G","NM_001888.5:c.168G>C","NP_001879.1:p.Arg56Ser","Likely benign","null","missense_variant&splice_region_variant","3/10","null","56","MODERATE","15.09","null","0.0231116","gnomad_AF_nfe_pass","134.0229824124883","0.49743971011397015","89.83","-0.4","0.4"
"16:21289406:C>T","NM_001888.5:c.167G>A","NP_001879.1:p.Arg56Lys","Likely benign","null","missense_variant","3/10","null","56","MODERATE","18.20","null","0","null","134.0229824124883","0.49743971011397015","89.83","-0.6","0.6"
"16:21289407:T>C","NM_001888.5:c.166A>G","NP_001879.1:p.Arg56Gly","Likely benign","null","missense_variant","3/10","null","56","MODERATE","19.80","null","0","null","134.0229824124883","0.49743971011397015","89.83","-0.8","0.8"
"16:21289411:C>G","NM_001888.5:c.162G>C","NP_001879.1:p.Lys54Asn","Likely benign","null","missense_variant","3/10","null","54","MODERATE","21.3","null","0.00649098","gnomad_AF_nfe_pass","207.74258054053251","0.8776073231291205","93.61","0.1","0.1"
"16:21289421:G>A","NM_001888.5:c.152C>T","NP_001879.1:p.Pro51Leu","Unknown significance","null","missense_variant","3/10","null","51","MODERATE","32","null","0.00271135","gnomad_AF_nfe_pass","85.31392711859066","0.542364065216424","94.81","0.5","0.5"
"16:21289421:G>C","NM_001888.5:c.152C>G","NP_001879.1:p.Pro51Arg","Unknown significance","null","missense_variant","3/10","null","51","MODERATE","28.7","null","0.00884173","gnomad_AF_eas_pass","85.31392711859066","0.542364065216424","94.81","0.3","0.3"
"16:21289422:G>A","NM_001888.5:c.151C>T","NP_001879.1:p.Pro51Ser","Unknown significance","null","missense_variant","3/10","null","51","MODERATE","25.5","null","0.00171198","gnomad_AF_nfe_pass","85.31392711859066","0.542364065216424","94.81","-0.1","0.1"
"16:21289424:A>G","NM_001888.5:c.149T>C","NP_001879.1:p.Val50Ala","Unknown significance","null","missense_variant","3/10","null","50","MODERATE","23.2","null","0.00438943","gnomad_AF_sas_pass","77.30144212062538","0.44970907693567425","96.99","-1.0","1.0"
"16:21289431:T>G","NM_001888.5:c.142A>C","NP_001879.1:p.Thr48Pro","Unknown significance","null","missense_variant","3/10","null","48","MODERATE","28.8","null","0.0529848","gnomad_AF_eas_pass","85.97090302047701","0.5464104478813805","96.76","-0.4","0.4"
"16:21289433:C>A","NM_001888.5:c.140G>T","NP_001879.1:p.Arg47Leu","Unknown significance","null","missense_variant","3/10","null","47","MODERATE","32","null","0.0117215","gnomad_AF_amr_pass","30.649046240728218","0.11375700199189778","97.12","-0.3","0.3"
"16:21289434:G>A","NM_001888.5:c.139C>T","NP_001879.1:p.Arg47Cys","Unknown significance","null","missense_variant","3/10","null","47","MODERATE","32","null","0.00438712","gnomad_AF_sas_pass","30.649046240728218","0.11375700199189778","97.12","-1.3","1.3"
"16:21289434:G>T","NM_001888.5:c.139C>A","NP_001879.1:p.Arg47Ser","Unknown significance","null","missense_variant","3/10","null","47","MODERATE","29.7","null","0.00438712","gnomad_AF_sas_pass","30.649046240728218","0.11375700199189778","97.12","-1.4","1.4"
"16:21289436:A>G","NM_001888.5:c.137T>C","NP_001879.1:p.Val46Ala","Unknown significance","null","missense_variant","3/10","null","46","MODERATE","24.4","null","0","null","25.266917981587635","0.14699288979341538","94.99","-0.5","0.5"
"16:21289437:C>A","NM_001888.5:c.136G>T","NP_001879.1:p.Val46Leu","Unknown significance","null","missense_variant","3/10","null","46","MODERATE","22.9","null","0.035292","gnomad_AF_eas_pass","25.266917981587635","0.14699288979341538","94.99","0.1","0.1"
"16:21289437:C>T","NM_001888.5:c.136G>A","NP_001879.1:p.Val46Met","Unknown significance","null","missense_variant","3/10","null","46","MODERATE","27.5","null","0","null","25.266917981587635","0.14699288979341538","94.99","-0.0","0.0"
"16:21289441:C>G","NM_001888.5:c.132G>C","NP_001879.1:p.Gln44His","Unknown significance","null","missense_variant","3/10","null","44","MODERATE","29.5","null","0.00882145","gnomad_AF_eas_pass","28.597442990704415","0.14461288065136438","97.73","0.2","0.2"
"16:21289451:C>T","NM_001888.5:c.122G>A","NP_001879.1:p.Gly41Glu","Unknown significance","null","missense_variant","3/10","null","41","MODERATE","22.4","null","0.0120151","gnomad_AF_nfe_pass","19.265950471765542","0.20206314353926286","98.07","0.6","0.6"
"16:21289454:C>T","NM_001888.5:c.119G>A","NP_001879.1:p.Gly40Glu","Unknown significance","null","missense_variant","3/10","null","40","MODERATE","29.4","null","0","null","15.360083807194101","0.16109803789108068","97.77","-0.5","0.5"
"16:21289455:C>T","NM_001888.5:c.118G>A","NP_001879.1:p.Gly40Arg","Unknown significance","null","missense_variant","3/10","null","40","MODERATE","32","null","0.00875274","gnomad_AF_sas_pass","15.360083807194101","0.16109803789108068","97.77","0.2","0.2"
"16:21289456:T>G","NM_001888.5:c.117A>C","NP_001879.1:p.Glu39Asp","Likely benign","null","missense_variant","3/10","null","39","MODERATE","11.54","null","0.00648845","gnomad_AF_nfe_pass","188.21166292619174","0.9638494505460992","95.89","-0.0","0.0"
"16:21289465:G>T","NM_001888.5:c.108C>A","NP_001879.1:p.Ser36Arg","Unknown significance","null","missense_variant","3/10","null","36","MODERATE","20.2","null","0.0473672","gnomad_AF_nfe_pass","25.941717007289977","0.1881099537028522","97.57","0.7","0.7"
"16:21289469:G>A","NM_001888.5:c.104C>T","NP_001879.1:p.Ser35Phe","Unknown significance","null","missense_variant","3/10","null","35","MODERATE","31","null","0.00648761","gnomad_AF_nfe_pass","27.047930570563604","0.19613138814045683","98.29","0.6","0.6"
"16:21289478:G>A","NM_001888.5:c.95C>T","NP_001879.1:p.Ala32Val","Unknown significance","null","missense_variant","3/10","null","32","MODERATE","23.1","null","0.0114943","gnomad_AF_afr_pass","10.161111126373955","0.07990888808461453","98.59","1.1","1.1"
"16:21289479:C>T","NM_001888.5:c.94G>A","NP_001879.1:p.Ala32Thr","Unknown significance","null","missense_variant","3/10","null","32","MODERATE","24.9","null","0","null","10.161111126373955","0.07990888808461453","98.59","-0.0","0.0"
"16:21289488:T>C","NM_001888.5:c.85A>G","NP_001879.1:p.Thr29Ala","Likely benign","null","missense_variant","3/10","null","29","MODERATE","18.92","null","0","null","67.1105659119631","0.4265386670277783","98.07","-0.0","0.0"
"16:21289491:C>T","NM_001888.5:c.82G>A","NP_001879.1:p.Glu28Lys","Unknown significance","null","missense_variant","3/10","null","28","MODERATE","32","null","0","null","18.231644074767217","0.09336594688559553","98.34","-0.1","0.1"
"16:21289493:A>G","NM_001888.5:c.80T>C","NP_001879.1:p.Leu27Pro","Unknown significance","null","missense_variant","3/10","null","27","MODERATE","30","null","0","null","0.0","0.0","98.39","-3.6","3.6"
"16:21289499:G>A","NM_001888.5:c.74C>T","NP_001879.1:p.Pro25Leu","Unknown significance","null","missense_variant","3/10","null","25","MODERATE","26.6","null","0.00433689","gnomad_AF_sas_pass","83.70176055103127","0.5321150795827878","97.33","0.9","0.9"
"16:21289500:G>A","NM_001888.5:c.73C>T","NP_001879.1:p.Pro25Ser","Unknown significance","null","missense_variant","3/10","null","25","MODERATE","22.8","null","0.00644978","gnomad_AF_nfe_pass","83.70176055103127","0.5321150795827878","97.33","0.0","0.0"
"16:21289501:G>C","NM_001888.5:c.72C>G","NP_001879.1:p.Ile24Met","Unknown significance","null","missense_variant","3/10","null","24","MODERATE","23.6","null","0.00397836","gnomad_AF_amr_pass","9.836298851679238","0.050144591337459986","97.78","-1.0","1.0"
"16:21289502:A>G","NM_001888.5:c.71T>C","NP_001879.1:p.Ile24Thr","Unknown significance","null","missense_variant","3/10","null","24","MODERATE","26.9","null","0","null","9.836298851679238","0.050144591337459986","97.78","-2.5","2.5"
"16:21289518:T>A","NM_001888.5:c.55A>T","NP_001879.1:p.Ser19Cys","Unknown significance","null","missense_variant","3/10","null","19","MODERATE","24.8","null","0.00389712","gnomad_AF_amr_pass","61.00004412550343","0.44232675397298643","84.24","-0.1","0.1"
"16:21289521:G>A","NM_001888.5:c.52C>T","NP_001879.1:p.Arg18Cys","Likely benign","null","missense_variant","3/10","null","18","MODERATE","16.56","null","0","null","152.54148548533607","0.5661729873063132","83.65","-0.1","0.1"
"16:21289521:G>C","NM_001888.5:c.52C>G","NP_001879.1:p.Arg18Gly","Likely benign","null","missense_variant","3/10","null","18","MODERATE","12.20","null","0","null","152.54148548533607","0.5661729873063132","83.65","-0.6","0.6"
"16:21289526:T>G","NM_001888.5:c.47A>C","NP_001879.1:p.His16Pro","Unknown significance","null","missense_variant","3/10","null","16","MODERATE","22.7","null","0","null","18.16992856536443","0.08846019151762467","94.61","-0.8","0.8"
"16:21289530:C>G","NM_001888.5:c.43G>C","NP_001879.1:p.Glu15Gln","Unknown significance","null","missense_variant","3/10","null","15","MODERATE","18.39","null","0","null","79.2784747680203","0.4059924510377168","94.52","0.3","0.3"
"16:21289535:A>C","NM_001888.5:c.38T>G","NP_001879.1:p.Val13Gly","Unknown significance","null","missense_variant","3/10","null","13","MODERATE","32","null","0","null","0.0","0.0","96.97","-4.5","4.5"
"16:21289536:C>T","NM_001888.5:c.37G>A","NP_001879.1:p.Val13Met","Unknown significance","null","missense_variant","3/10","null","13","MODERATE","29.2","null","0.0115075","gnomad_AF_afr_pass","0.0","0.0","96.97","-1.1","1.1"
"16:21289541:G>A","NM_001888.5:c.32C>T","NP_001879.1:p.Ala11Val","Likely benign","null","missense_variant","3/10","null","11","MODERATE","22.5","null","0","null","77.64649760526754","0.6106266539293104","96.28","0.1","0.1"
"16:21289544:G>A","NM_001888.5:c.29C>T","NP_001879.1:p.Ala10Val","Unknown significance","null","missense_variant","3/10","null","10","MODERATE","23.7","null","0.00119766","gnomad_AF_nfe_pass","52.7685948806145","0.41498215010685857","95.98","0.2","0.2"
"16:21289544:G>C","NM_001888.5:c.29C>G","NP_001879.1:p.Ala10Gly","Unknown significance","null","missense_variant","3/10","null","10","MODERATE","23.2","null","0.0172295","gnomad_AF_afr_pass","52.7685948806145","0.41498215010685857","95.98","-0.6","0.6"
"16:21289545:C>T","NM_001888.5:c.28G>A","NP_001879.1:p.Ala10Thr","Unknown significance","null","missense_variant","3/10","null","10","MODERATE","23.1","null","0.0119818","gnomad_AF_sas_pass","52.7685948806145","0.41498215010685857","95.98","0.1","0.1"
"16:21289562:A>C","NM_001888.5:c.11T>G","NP_001879.1:p.Val4Gly","Likely benign","null","missense_variant","3/10","null","4","MODERATE","12.96","null","0","null","143.13060869326588","0.8326770128848024","92.58","-0.4","0.4"
"16:21289563:C>A","NM_001888.5:c.10G>T","NP_001879.1:p.Val4Leu","Likely benign","null","missense_variant","3/10","null","4","MODERATE","14.16","null","0.00538259","gnomad_AF_nfe_pass","143.13060869326588","0.8326770128848024","92.58","0.0","0.0"
"16:21289565:C>A","NM_001888.5:c.8G>T","NP_001879.1:p.Arg3Leu","Unknown significance","null","missense_variant","3/10","null","3","MODERATE","16.92","null","0.111633","gnomad_AF_eas_pass","229.8543289027936","0.8531273418908242","83.01","0.1","0.1"
"16:21289566:G>A","NM_001888.5:c.7C>T","NP_001879.1:p.Arg3Trp","Likely benign","null","missense_variant","3/10","null","3","MODERATE","20.8","null","0","null","229.8543289027936","0.8531273418908242","83.01","0.1","0.1"
"16:21289567:G>T","NM_001888.5:c.6C>A","NP_001879.1:p.Ser2Arg","Likely benign","null","missense_variant","3/10","null","2","MODERATE","15.93","null","0.0114995","gnomad_AF_afr_pass","86.11308761487781","0.6244277863293419","62.05","0.1","0.1"
"16:21289568:C>A","NM_001888.5:c.5G>T","NP_001879.1:p.Ser2Ile","Unknown significance","null","missense_variant","3/10","null","2","MODERATE","15.88","null","0","null","86.11308761487781","0.6244277863293419","62.05","0.2","0.2"
"16:21289569:T>C","NM_001888.5:c.4A>G","NP_001879.1:p.Ser2Gly","Unknown significance","null","missense_variant","3/10","null","2","MODERATE","20.2","null","0","null","86.11308761487781","0.6244277863293419","62.05","-0.2","0.2"