,CADD_RAW,MAF,Phi,Psi,Omega,SurfaceArea,NormalizedSA,ConfidenceScore,Class,Domain
1626,0.184147,0.0104376,-69.97436952499686,131.43166658539076,175.6282045515596,175.43160633734595,0.8871307115809672,33.4,0,1
1627,0.538647,0.02474451978177083,-60.662758503482415,136.8112744668814,-178.52482169893608,127.24115079084692,1.0006483298772606,27.97,1,1
1628,0.262086,0.00660334,-73.8293268708942,35.004623103366086,-179.1657155416357,90.39641656841093,0.9480863206446274,25.97,0,1
1629,3.516751,0.02474451978177083,-62.62260330367917,-37.27209061438333,171.42222269253742,0.0,0.0,93.07,1,1
1630,3.0818369999999997,0.02474451978177083,-62.62260330367917,-37.27209061438333,171.42222269253742,0.0,0.0,93.07,1,1
1631,3.546761,0.02474451978177083,-69.52292661180654,-28.7000842255252,169.61875835131858,37.863258107867395,0.15782162750476464,92.46,1,1
1632,0.023074,0.00766545,-146.4440762998209,139.2615731474995,176.7701977956989,93.44555040333107,0.5939175145833304,76.93,0,1
1633,3.1317880000000002,3.8998499999999996e-05,-55.97192895227712,-52.29313041672712,178.26348612804622,0.0,0.0,93.1,1,1
1634,2.026776,4.73109e-05,-66.24610491293245,-39.246917208470734,178.3119986053125,0.0,0.0,91.91,1,1
1635,3.4222300000000003,0.0,-85.65060831693808,162.38622530664503,176.94749793192935,58.52729407056891,0.3719854490625471,89.45,1,1
1636,3.371568,5.6455699999999995e-05,-81.60117297548139,-48.4109075932581,-174.56387390677537,174.5255265156497,0.8937614716487821,87.15,1,1
1637,0.22885500000000003,0.00686141,-61.38477371927307,-42.207090115634244,177.06890610084858,221.06331017199898,0.8204985962060429,88.31,0,1
1638,2.926485,0.00028231,-64.58900358669368,-31.217364195928802,174.47049245087678,62.670128769462,0.3917376637547707,84.46,1,1
1639,4.141873,0.02474451978177083,-51.64020243665927,-54.06231057020625,178.8823699297176,7.649650602449699,0.028392443666446592,90.69,1,1
1640,2.673205,0.02474451978177083,-160.7284347625139,68.99565451826257,-175.9457052756963,0.0,0.0,86.47,1,1
1641,2.982996,0.012282,-69.65380391261994,-36.63411818245274,172.45331455137955,206.49269723914773,0.872327198392545,78.06,0,1
1642,4.035067,0.02474451978177083,-63.70175960355277,-46.37238921052241,178.5092082095358,0.0,0.0,77.11,1,1
1643,4.267721,8.875160000000002e-06,-69.12821193810655,-25.57995708990387,-179.67169542681418,136.12550931189034,0.6971114080588408,71.98,1,1
1644,3.9145209999999997,3.9487600000000005e-05,-80.21400957085844,92.7684806878223,-170.28440316481476,52.48396224041103,0.3280661003312107,45.39,1,1
1645,3.894464,0.00148204,-62.25398650576071,-44.13201411697588,174.41955459201276,159.08280304221088,0.5904517419697524,75.89,1,1
1646,4.237456,0.02474451978177083,-68.0984192766922,-43.08880653596892,-179.36441790049525,62.487666074077424,0.2319292254064273,75.57,1,1
1647,1.144139,0.02474451978177083,-63.43583292315411,-27.72730251326489,175.06391715678188,4.44908160757892,0.03226141642770588,68.69,1,1
1648,3.608904,0.02474451978177083,-59.63716213839557,-52.767644212144454,-177.20313432812043,3.0950673163349,0.01800587191776807,87.76,1,1
1649,2.126113,0.00678678,-62.77343917777035,-34.848987431494315,175.04690009564484,247.4569090848357,0.918461079622936,55.22,0,1
1650,1.297598,2.89519e-05,-63.86962075085784,-30.62706167683301,177.20351129539478,81.11505964881786,0.4718951884924669,60.47,1,0
1651,3.269657,1.76323e-05,-53.58008989237793,-41.58833171349736,178.55989770481045,66.81976490062286,0.4247915967803384,56.92,1,0
1652,3.3969940000000003,1.55258e-05,-53.58008989237793,-41.58833171349736,178.55989770481045,66.81976490062286,0.4247915967803384,56.92,1,0
1653,3.084263,0.02474451978177083,-63.069531523466814,-43.94721661569708,175.3431789379377,112.77457197859768,0.5749149055346491,69.89,1,0
1654,3.790774,5.436560000000001e-05,-65.02335508386889,-40.082332756819945,175.20113769737918,115.41224571001179,0.5984522147461119,71.46,1,0
1655,1.879114,0.0133628,-60.893150412562,-40.91918224519472,175.4346263632713,95.9322777758008,0.4430373108444665,68.81,0,0
1656,3.7953620000000003,0.02474451978177083,-65.23335440848813,-40.399109825012076,175.97353715996934,68.29563844202383,0.4952289542679703,69.03,1,0
1657,3.837622,0.02474451978177083,-61.151811044478464,-42.45919225073882,176.2552586552113,184.12305502818984,0.7018805528608643,62.54,1,0
1658,3.6691309999999997,0.02474451978177083,-81.60283285724655,80.99791027747845,-175.85986732242847,62.39019262935192,0.3966315893189898,64.96,1,0
1659,3.7964019999999996,1.75806e-05,-57.34617952327381,-33.89669967875424,174.48786375758223,71.81980275984108,0.4564694473827969,71.72,1,0
1660,3.418017,0.02474451978177083,-71.16246812003209,-35.647545837661355,176.4776972515934,124.97326073922771,0.6084315928818511,74.49,1,0
1661,3.6995120000000004,0.000434924,-56.322695788419686,-49.32618493833245,178.75080271838277,137.79327902024428,0.5997521267222465,73.7,1,0
1662,1.399438,0.9981459999999999,-55.69831692516299,-39.11941767414889,177.33025655916316,66.51266406201755,0.3869442527758694,68.06,0,0
1663,2.7078189999999998,0.02474451978177083,-55.69831692516299,-39.11941767414889,177.33025655916316,66.51266406201755,0.3869442527758694,68.06,0,0
1664,3.765915,0.02474451978177083,-79.83275297223553,175.51929864469727,174.18707857931375,39.659708381959696,0.2520675979717224,65.28,1,0
1665,3.9479910000000005,0.000108743,-61.35238136013457,-39.618274359702056,174.4102914814579,1.5012772557663283,0.009544031824048492,88.25,1,0
1666,0.0,0.02474451978177083,-54.90801169169347,-53.59219707230359,-178.44060785658257,6.829292415188276,0.03481513549429908,91.44,1,0
1667,3.872439,0.02474451978177083,-52.95919389215901,-52.395772579927254,-178.12325855935725,0.0,0.0,93.82,1,0
1668,3.8232239999999997,0.02474451978177083,-52.95919389215901,-52.395772579927254,-178.12325855935725,0.0,0.0,93.82,1,0
1669,3.0713470000000003,0.02474451978177083,-58.26700722780142,-45.13373893467994,177.297042491234,0.0,0.0,91.64,1,0
1670,4.06936,0.000280449,-66.46028216756251,-33.14821344916388,172.41357777870547,61.01115529770152,0.2264490079141762,82.26,1,0
1671,3.755546,0.00047239900000000003,-66.46028216756251,-33.14821344916388,172.41357777870547,61.01115529770152,0.2264490079141762,82.26,1,0
1672,3.087139,2.8916799999999997e-05,-61.44766462864162,-21.353708501569074,171.96519280225468,59.712106250005036,0.3096278216633881,85.45,1,0
1673,3.5703370000000003,0.000326193,-66.26384125550501,-39.50983743281917,-178.86253130380925,89.80079679879339,0.3333046431552393,82.76,1,0
1674,3.9609949999999996,8.79028e-06,-79.0397260333373,-21.93000436814022,178.89209135842663,47.48332980276986,0.2462174070799023,82.16,1,0
1675,3.618238,0.02474451978177083,-123.72097208323946,108.90164768411152,178.4085038945536,6.481936506588148,0.0330443454493797,87.95,1,0
1676,3.552454,0.02474451978177083,-123.72097208323946,108.90164768411152,178.4085038945536,6.481936506588148,0.0330443454493797,87.95,1,0
1677,3.611308,0.02474451978177083,-87.09072318586205,80.99906004261034,-174.99395762681752,76.24335470994808,0.4846999452826071,88.95,1,0
1678,4.035941,0.02474451978177083,-63.91365378657128,-37.717719904801136,175.48013555685435,9.562555879400461,0.06934051216615565,90.27,1,0
1679,3.930296,5.436560000000001e-05,-63.91365378657128,-37.717719904801136,175.48013555685435,9.562555879400461,0.06934051216615565,90.27,1,0
1680,3.734115,0.02474451978177083,-85.65046710759067,-29.61190202488164,178.47837816301185,11.27634650226254,0.058471737526706674,92.36,1,0
1681,3.8017589999999997,0.02474451978177083,-85.65046710759067,-29.61190202488164,178.47837816301185,11.27634650226254,0.058471737526706674,92.36,1,0
1682,0.5879800000000001,8.80235e-06,-68.90704567350775,-36.632415262744644,173.0487144694093,24.483362537338838,0.2567838636332146,90.6,1,0
1683,3.395746,0.000124025,-70.82288132753844,-18.74912381469125,168.6332498410327,10.232207460892141,0.04453619385043951,93.04,1,0
1684,3.483829,0.02474451978177083,-63.82800364236859,-38.66307528204901,171.35853851447192,0.3273679398047861,0.002373827761021804,88.21,1,0
1685,2.138456,0.02474451978177083,-63.82800364236859,-38.66307528204901,171.35853851447192,0.3273679398047861,0.002373827761021804,88.21,1,0
1686,3.205276,0.02474451978177083,-85.31266989675957,2.69768216718166,-179.41259897683724,20.51282864781589,0.1487437106098587,81.06,1,0
1687,3.9275339999999996,0.09123719999999999,-61.337063988582564,-49.138770626286295,175.8618917602713,143.6296687789455,0.5330958878475662,84.46,0,0
1688,2.1519310000000003,0.02474451978177083,-63.39792475818823,-42.92647132606926,-178.84971870222768,126.72111020790771,0.4703380807713496,87.38,1,0
1689,2.525498,0.000613802,-63.39792475818823,-42.92647132606926,-178.84971870222768,126.72111020790771,0.4703380807713496,87.38,1,0
1690,3.9223120000000002,0.02474451978177083,-67.19715021179532,-40.314466426266016,175.1976081059945,20.381463485037944,0.10568490273584434,85.74,1,0
1691,2.623598,0.02474451978177083,-62.4098716747622,-47.23377549954694,177.63011606190494,7.920162719777738,0.05033865537013588,86.92,1,0
1692,3.7408089999999996,0.02474451978177083,-61.751259072995865,-46.378119697580516,178.15818415270363,2.45284505111699,0.012561247895253723,86.4,1,0
1693,3.030824,0.00040108300000000005,69.31580650302054,-162.74756418955053,-179.5506658373052,63.880588613637144,0.6699857640206565,81.18,1,0
1694,1.8393259999999998,0.0252084,-98.67783918188196,132.1908943647025,-177.0664323534079,47.428490801095045,0.2459330479826084,82.3,0,0
1695,2.973008,0.02474451978177083,-59.02780180219654,-40.09050409331589,174.57202578498996,0.062181276191546564,0.0003953034501472793,83.25,1,0
1696,3.122118,8.4674e-05,-59.02780180219654,-40.09050409331589,174.57202578498996,0.062181276191546564,0.0003953034501472793,83.25,1,0
1697,3.0115830000000003,8.804680000000001e-06,-59.87679481756719,-42.417679027915824,175.46346772861855,6.143102728865235,0.03975397553404871,83.22,1,0
1698,1.606196,0.000380642,-59.87679481756719,-42.417679027915824,175.46346772861855,6.143102728865235,0.03975397553404871,83.22,1,0
1699,2.602173,0.02474451978177083,-58.920128612578935,-42.0362427591599,174.31265939744046,116.95375512598585,0.6064454715999781,84.11,1,0
1700,2.788826,0.00010026100000000001,-61.771822734047014,-36.64950196858254,173.87148212322467,9.672326504177567,0.04031619007265492,85.13,1,0
1701,3.612529,0.02474451978177083,-57.63338876921976,-51.91151634489589,177.79700669452149,0.3400650709784102,0.0017633544311768726,87.65,1,0
1702,2.712727,3.51927e-05,-64.5939480739599,-38.114494379610775,174.49627602429402,0.0,0.0,81.3,1,0
1703,3.6480010000000003,0.00032664799999999997,-64.5939480739599,-38.114494379610775,174.49627602429402,0.0,0.0,81.3,1,0
1704,3.708314,0.00657157,-64.5939480739599,-38.114494379610775,174.49627602429402,0.0,0.0,81.3,0,0
1705,3.321505,8.79477e-06,-68.15583899106716,-9.528920292928314,173.1775507210106,44.816035167325325,0.18680219193678954,71.33,1,0
1706,3.953661,0.0,-68.15583899106716,-9.528920292928314,173.1775507210106,44.816035167325325,0.18680219193678954,71.33,1,0
1707,3.4962239999999998,0.02474451978177083,-63.87139070321857,-41.03957150464164,179.36244254677933,0.0,0.0,93.86,1,0
1708,3.9752940000000003,8.79353e-06,-63.445520291274796,-35.348681673755216,177.0916746135247,0.0,0.0,91.92,1,0
1709,2.9425060000000003,0.000147139,-63.38885408477935,-48.728995723433506,-179.08254887909715,17.672127008914746,0.10280941346821997,87.78,1,0
1710,3.236716,0.02474451978177083,-59.72703488648585,-49.836705599901286,178.0396864935714,25.53419198910873,0.1485477837761648,88.11,1,0
1711,1.8876959999999998,0.000123153,-59.45298126560919,-49.77231086468181,177.1939739144994,115.15606938881771,0.5971238523540542,84.9,1,0
1712,1.84608,0.00575889,-58.624764043305284,-54.320769541346365,179.48773547358087,0.0015752937215746993,1.238840596585715e-05,87.51,0,0
1713,3.503565,0.02474451978177083,-58.624764043305284,-54.320769541346365,179.48773547358087,0.0015752937215746993,1.238840596585715e-05,87.51,1,0
1714,3.3289160000000004,0.0671043,-69.67095758496825,-37.43396411088041,172.6419903575905,28.17693378640321,0.2955223945230324,83.2,0,0
1715,3.051964,0.02474451978177083,-67.53240986743349,-35.06605455529466,173.32670623737206,104.5396310254253,0.5286408714839129,81.98,1,0
1716,3.84825,0.02474451978177083,-68.55014411626868,142.37903843406926,167.38234387736043,24.593244631315045,0.12752443752272175,62.44,1,0
1717,-0.835249,0.0915064,-60.804044421640384,-42.190117961892426,176.46642378130642,60.975611979449795,0.4795236754088634,78.03,0,0
1718,-0.446506,0.02474451978177083,-53.22338544056775,-56.585539555271566,177.98900964749333,91.94808977558313,0.5349174536026298,74.7,1,0
1719,3.225717,0.02474451978177083,-68.96076771830391,-32.6763333393665,177.31720442625942,83.21679423269475,0.5290320155065038,67.46,1,0
1720,3.446536,0.000293983,-60.45374034933285,-35.866420621203936,175.70811044605148,138.758075095367,0.5150144804192942,59.88,1,0
1721,2.243624,0.833166,-60.45374034933285,-35.866420621203936,175.70811044605148,138.758075095367,0.5150144804192942,59.88,0,0
1722,1.084167,0.00016309700000000001,-81.12428282488108,86.39256824513811,175.42665365480912,52.67329395813072,0.4142326857368302,47.68,1,0
1723,1.459236,0.000280494,-64.0170320332794,-48.40035258238285,178.12546732642159,88.50850748232462,0.5149073304314237,47.33,1,0
1724,3.5545769999999997,5.783020000000001e-05,-78.33932812358327,153.07211834233573,177.4692534557621,64.87073295848985,0.2407742166073832,57.47,1,0
1725,3.337217,0.02474451978177083,-57.883300160795535,-48.714841797027375,176.4327306486422,73.70893146948526,0.5344821116626636,67.87,1,0
1726,4.038135,0.02474451978177083,-59.65402737988119,-47.283497415893,178.9529124498772,92.72665607693364,0.3917232192391815,83.66,1,0
1727,3.372637,0.02474451978177083,-64.51669138543194,-41.94356366376231,177.56628744151718,175.66780667306682,0.6696489869162244,87.44,1,0
1728,4.101566,0.02474451978177083,-60.39128057530707,-45.73301565839353,175.75360313994634,69.04872081278421,0.2878088690822783,69.41,1,0
1729,4.371175,0.02474451978177083,-76.84231278643087,112.28874729780635,176.39668063374646,58.85736704221088,0.3014140569305309,57.95,1,1
1730,3.733725,0.02474451978177083,-88.0470575028519,80.41343348730233,-172.7673584739046,148.44994793377498,0.9288159343561532,75.54,1,1
1731,4.2043349999999995,0.02474451978177083,-65.49900820080197,123.4311159141428,-179.88015791488476,32.08059108961154,0.16634890578406755,85.44,1,1
1732,3.151545,0.0,-86.90003089875292,163.79954213253262,173.1498666556113,74.68750345478334,0.4746958654621782,87.1,1,1
1733,3.743469,0.02474451978177083,-62.48795103423976,-33.31757366128938,176.36777933444077,0.0,0.0,88.04,1,1
1734,3.6747980000000005,0.02474451978177083,-62.48795103423976,-33.31757366128938,176.36777933444077,0.0,0.0,88.04,1,1
1735,3.734289,8.803439999999999e-06,-62.48795103423976,-33.31757366128938,176.36777933444077,0.0,0.0,88.04,1,1
1736,-0.34384699999999996,0.0480141,-76.07329195825102,-46.217658663624746,-176.25814085507744,59.12511340535979,0.4649710067470785,85.25,0,1
1737,3.516396,0.0,-80.11112542621302,-44.24004823741239,-171.0319096389441,77.5428199927953,0.4020862091094534,87.94,1,1
1738,3.8731269999999998,0.000286973,-81.0886703888216,-165.469685463649,-178.4338214357484,0.0,0.0,84.9,1,1
1739,3.7710510000000004,0.02474451978177083,-81.0886703888216,-165.469685463649,-178.4338214357484,0.0,0.0,84.9,1,1
1740,3.72862,0.02474451978177083,-81.0886703888216,-165.469685463649,-178.4338214357484,0.0,0.0,84.9,1,1
1741,3.048327,0.00010876700000000001,-63.67178022911927,-29.58688200499208,176.3182469330553,128.32076001565434,0.4762753411003304,81.99,1,1
1742,3.034399,0.000163185,-72.7847981343752,-36.56236029123768,178.1306445199776,3.151146973329343,0.02478121218223544,81.73,1,1
1743,4.170605,0.02474451978177083,-64.04490590390849,-28.09611478353105,177.45464966943368,35.51511055401611,0.13538427019229654,83.45,1,1
1744,4.3178,0.02474451978177083,-64.04490590390849,-28.09611478353105,177.45464966943368,35.51511055401611,0.13538427019229654,83.45,1,1
1745,3.845195,0.02474451978177083,-57.21794472384683,147.6269300850303,-177.37889355275075,119.9929563999008,0.750767322360063,86.27,1,1
1746,3.4571120000000004,0.02474451978177083,-57.21794472384683,147.6269300850303,-177.37889355275075,119.9929563999008,0.750767322360063,86.27,1,1
1747,3.966057,0.02474451978177083,-49.48647616620182,-49.436271998780825,178.86170853761382,68.92110538698245,0.3182935076600383,86.48,1,1
1748,4.1720120000000005,0.00117925,-61.04893883571786,-45.550339705444664,178.0915520068549,67.16512543967993,0.5281991728264617,88.44,1,1
1749,4.121112999999999,0.02474451978177083,-61.04893883571786,-45.550339705444664,178.0915520068549,67.16512543967993,0.5281991728264617,88.44,1,1
1750,4.1141,0.02474451978177083,-66.15028800825324,-37.07467959739558,175.09745523459816,184.11405892329472,0.6833577529026558,90.25,1,1
1751,4.16204,1.7728e-05,-72.2548130758466,-19.336589144948658,176.3436985060643,0.0,0.0,91.08,1,1
1752,4.01737,0.02474451978177083,-72.2548130758466,-19.336589144948658,176.3436985060643,0.0,0.0,91.08,1,1
1753,4.2073160000000005,0.02474451978177083,-72.2548130758466,-19.336589144948658,176.3436985060643,0.0,0.0,91.08,1,1
1754,4.151993,2.34093e-05,89.21521434476502,0.7296223376636466,175.54537916489377,0.2598359116465,0.002725184059235803,83.73,1,1
1755,4.001462999999999,0.02474451978177083,-87.6406921980073,115.49222676134552,179.0397428186789,50.7395394334681,0.2470251525565441,86.78,1,1
1756,4.091793,0.02474451978177083,-120.73728311202228,105.92740209962393,-177.35979628972993,79.19401204092969,0.503338153590186,89.65,1,1
1757,4.333418,0.02474451978177083,-121.30973658698382,159.63312078863174,176.88267294768775,8.501178787032599,0.03240665361596327,90.51,1,1
1758,4.147369,0.00013071,-162.1107794566414,-178.11322785081276,-177.37836784870888,0.051118846835426335,0.0005361393875067805,89.08,1,1
1759,3.93048,0.02474451978177083,-162.1107794566414,-178.11322785081276,-177.37836784870888,0.051118846835426335,0.0005361393875067805,89.08,1,1
1760,4.083193,6.48088e-05,-102.03461211595331,129.13045485711055,173.8402395478374,85.80600125161394,0.31847755974623465,89.93,1,1
1761,2.991351,0.02474451978177083,-79.31788449950753,-54.703148949175215,177.77988706671132,41.35844840781159,0.1747185247314841,90.59,1,1
1762,3.5300620000000005,0.02474451978177083,-128.5837101049505,150.14598575829118,174.14896248685054,27.55804588921935,0.16032176165165082,93.08,1,1
1763,3.724643,0.00020112599999999998,-135.06174679389696,149.50748604663315,170.05574323494372,122.84057163634672,0.455935073560375,93.77,1,1
1764,3.3174949999999996,0.000196091,-89.53367189233036,108.36247001531349,-177.46067989225716,66.11101648417194,0.3846076267501279,93.44,1,1
1765,3.3572379999999997,0.02474451978177083,-89.53367189233036,108.36247001531349,-177.46067989225716,66.11101648417194,0.3846076267501279,93.44,1,1
1766,3.5901370000000004,0.02474451978177083,-165.78800482394269,89.00915449336908,-176.71691668131848,10.901190781197304,0.06820615191828434,86.88,1,1
1767,3.8204629999999997,0.02474451978177083,-165.78800482394269,89.00915449336908,-176.71691668131848,10.901190781197304,0.06820615191828434,86.88,1,1
1768,3.504747,3.27204e-05,-65.42581478793049,-44.69292145665524,177.49741682222992,29.81357351437797,0.2344595467693717,83.18,1,1
1769,1.477611,0.0566038,-61.57794719847457,-41.61154077631961,176.63843880775207,0.2568818428742432,0.001309561170027227,83.76,0,1
1770,3.4703239999999997,0.02474451978177083,-63.88209589825222,-21.1503872206051,174.3241455867427,95.68381057209494,0.5986707921172496,82.97,1,1
1771,4.119455,0.02474451978177083,-93.38111297469305,162.7477149616074,164.42492327891824,63.246088802899074,0.3279527374697018,80.91,1,1
1772,3.7583050000000005,0.00016451,-62.17985427450594,149.22367016610144,-175.4427636202883,75.32065443069845,0.4788340861980228,88.52,1,1
1773,2.456689,0.000820533,-68.85672603969833,-31.60756562694745,170.37902831412148,32.58960642977138,0.2037107077352457,86.45,1,1
1774,4.1490089999999995,0.000166408,-66.00897267350672,-32.29156266261518,173.69487620873437,13.750512429815956,0.05103640281600565,88.02,1,1
1775,4.111489,5.55617e-05,-79.9280423891017,-158.88007681885526,-178.17870927106014,11.274528423487409,0.11824833965556555,87.22,1,1
1776,4.155666,0.0,-79.9280423891017,-158.88007681885526,-178.17870927106014,11.274528423487409,0.11824833965556555,87.22,1,1
1777,4.05697,9.061910000000001e-06,-79.9280423891017,-158.88007681885526,-178.17870927106014,11.274528423487409,0.11824833965556555,87.22,1,1
1778,3.378229,2.9064699999999996e-05,-81.71464028858925,74.64572032814209,-177.31719499911296,83.59385129624769,0.5409624526728047,77.97,1,1
1779,2.813949,9.10913e-06,-62.061384179390366,-27.436116479854523,171.01508343489797,80.85414272862063,0.4192565571327734,85.15,1,1
1780,3.475379,0.02474451978177083,-71.57383709794428,-27.92947244917716,-179.8818575637913,46.3528923564859,0.3645278593694911,81.52,1,1
1781,3.906456,0.02474451978177083,-139.7028894695908,154.74308440624912,177.89011055709895,7.243628635746473,0.035265563873604105,89.05,1,1
1782,4.14404,0.00021982900000000003,-97.84529145655834,16.309166840582744,175.37936583797818,96.19819462610508,0.4187074451241608,83.27,1,1
1783,4.086925,0.02474451978177083,-71.64161740537592,127.4329181405905,167.8108095045377,11.456633759024575,0.07161298422991658,87.77,1,1
1784,4.121799,0.00534899,-116.81649433942823,122.26162914482036,177.38920726432565,11.232312347745737,0.05752171739209633,93.61,0,1
1785,3.041147,0.0222231,-105.37339366104612,119.07668747578151,173.7167933819036,0.0,0.0,90.56,0,1
1786,3.924781,0.02474451978177083,-105.37339366104612,119.07668747578151,173.7167933819036,0.0,0.0,90.56,1,1
1787,3.9155300000000004,0.02474451978177083,-79.41664016690667,115.97104831570559,-177.98763852449227,0.08528283564168887,0.0008944545915321637,88.36,1,1
1788,4.019089,0.02474451978177083,-79.41664016690667,115.97104831570559,-177.98763852449227,0.08528283564168887,0.0008944545915321637,88.36,1,1
1789,3.731268,0.02474451978177083,-79.41664016690667,115.97104831570559,-177.98763852449227,0.08528283564168887,0.0008944545915321637,88.36,1,1
1790,0.146209,0.00752343,-77.74025134748399,-155.30710463098958,174.8406856226508,73.66680571217113,0.7726245512004227,41.9,0,1
1791,1.000982,0.02474451978177083,-83.13658354205103,67.5487437611865,-179.28306083878502,234.26452081589073,0.8694962104781985,47.75,1,1
1792,2.807527,0.00213101,-123.48386249906055,-7.294258272580957,176.06300162289784,86.05929212940201,0.4407176481185384,48.74,0,1
1793,2.950962,0.02474451978177083,-87.39318109591906,118.16598459092688,-176.55862364477838,55.37515444334716,0.346138328700336,66.82,1,1
1794,3.6630629999999997,0.02474451978177083,-87.39318109591906,118.16598459092688,-176.55862364477838,55.37515444334716,0.346138328700336,66.82,1,1
1795,3.222748,0.02474451978177083,-87.39318109591906,118.16598459092688,-176.55862364477838,55.37515444334716,0.346138328700336,66.82,1,1
1796,4.190137,5.8075399999999996e-05,-124.61140483961569,142.45100557820308,178.1459336514471,1.9934087488558248,0.01567654114182053,91.31,1,1
1797,3.6536,0.02474451978177083,-72.53564972721333,173.7795301967574,178.45892648852902,25.97720812401469,0.18836730877006205,88.84,1,1
1798,4.37125,0.02474451978177083,-62.98455703291435,-26.77751506756227,-174.7976033161365,66.03958233146514,0.3381948501748169,83.16,1,1
1799,4.225333999999999,0.00757576,-105.226148317517,159.82053368321053,176.55463655961518,164.36732713122342,0.6100657819173049,86.94,0,1
1800,3.988809,0.02474451978177083,-151.00108382754857,173.05979068592492,176.07492629009857,61.602708751116374,0.31547320744516993,81.74,1,1
1801,3.219471,0.02474451978177083,67.20101990044009,-144.54760159176269,-177.49675696596185,63.499274067371104,0.6659865003451538,77.87,1,1
1802,4.078366,1.7869300000000002e-05,67.20101990044009,-144.54760159176269,-177.49675696596185,63.499274067371104,0.6659865003451538,77.87,1,1
1803,3.852615,0.02474451978177083,67.20101990044009,-144.54760159176269,-177.49675696596185,63.499274067371104,0.6659865003451538,77.87,1,1
1804,4.014001,6.21118e-05,-74.44547619827564,73.408348774741,-179.91038272077827,208.27368235297482,0.7730286127730513,81.07,1,1
1805,4.072291000000001,0.02474451978177083,79.93334797007194,8.859408240534743,178.2900689096747,0.0,0.0,83.44,1,1
1806,3.8373,0.02474451978177083,-57.36582489888974,-40.15564818513887,172.84067253026947,112.80797548378668,0.4765566362675728,82.57,1,1
1807,3.58503,8.92299e-06,-80.43605192947207,108.55839868800163,-177.97815417170582,0.0,0.0,85.24,1,1
1808,3.7422,0.02474451978177083,-94.55400076922972,-30.99026601741182,174.2353411182198,14.635359498611994,0.061826991073229774,87.61,1,1
1809,4.0118540000000005,0.02474451978177083,-161.1740454800704,156.88862927721163,177.34754625147838,0.0,0.0,88.76,1,1
1810,3.9889669999999997,0.02474451978177083,-147.96718473572818,150.77177685388688,171.65526608798996,0.0,0.0,90.06,1,1
1811,2.9279990000000002,3.26712e-05,-85.96597944623414,133.65981827337302,175.3651966548777,127.50936292823765,0.4732637596186585,61.62,1,1
1812,3.4231519999999995,0.02474451978177083,-85.96597944623414,133.65981827337302,175.3651966548777,127.50936292823765,0.4732637596186585,61.62,1,1
1813,3.128682,0.02474451978177083,-122.91185566754335,129.23570301057822,179.3825859833438,37.240664529146336,0.18130595861403287,60.18,1,1
1814,3.263646,0.02474451978177083,-116.46089891111008,143.48252410483107,176.22444585325238,85.03269518515653,0.494686435492336,68.06,1,1
1815,3.9901769999999996,0.02474451978177083,-102.85577163983677,139.20361570623672,-177.87607021865753,75.51089368952836,0.386698317529017,61.31,1,1
1816,3.9461269999999997,0.02474451978177083,-102.85577163983677,139.20361570623672,-177.87607021865753,75.51089368952836,0.386698317529017,61.31,1,1
1817,2.833623,0.0192424,-82.77574435579609,87.08774536177596,177.89360037861493,93.75405073918171,0.5860366577387609,66.68,0,1
1818,4.254375,8.87201e-06,-64.40654582032472,-44.95793409693464,174.50006376136207,200.1076116503104,0.7427194242295421,70.29,1,1
1819,2.6210970000000002,0.011578399999999999,-62.286097469625844,-45.43696204630842,175.82725498392472,29.526322692175285,0.17177241405772076,78.45,0,0
1820,2.7762290000000003,0.000685961,-62.286097469625844,-45.43696204630842,175.82725498392472,29.526322692175285,0.17177241405772076,78.45,1,0
1821,4.098056,0.000603015,-69.82399129617745,-35.35679070791804,172.81123125611805,0.0,0.0,85.87,1,0
1822,3.8649760000000004,0.000198087,-139.78944506794423,158.13743541254473,173.6059640372426,17.81525157933007,0.12918289675470224,82.8,1,0
